method,n_sim,time,n_sim_raw,time_raw,epsilon,kl_sigma2,score_joint,kl_sigma2_true_vs_abc,kl_mu_avg,w2_sigma2,w2_mu_avg,sw2_joint,K,K_outliers,include_osum,seed
ABC-Vanilla,1000.0,0.008273398637771606,1000000.0,8.273398637771606,23.01636199484107,23.985126855389353,21532.420474448583,27.631021114720113,8.331351449287762,10.025421417052199,14.960359201925183,16.34617829901278,15,3,False,42
ABC-Vanilla,2154.4346900318833,0.017824497029677675,464158.8833612779,3.840171473310787,13.496942063745701,23.921435874811664,21944.14730569603,27.631021114530213,8.160995506137478,10.030469548242234,14.911982338793555,16.28355427276802,15,3,False,42
ABC-Vanilla,4641.588833612778,0.03840171473310786,215443.4690031884,1.7824497029677682,12.163634292683279,23.97336701777549,21720.05482377468,27.63102111459666,7.96495240360338,10.034093059656204,14.861529789456574,16.20886850812522,15,3,False,42
ABC-Vanilla,10000.0,0.08273398637771606,100000.0,0.8273398637771607,11.23756090771687,23.907973384343656,21725.724209618376,27.631021114528846,8.524102116181806,9.996161538426094,14.968277236151291,16.337978013376812,15,3,False,42
ABC-Vanilla,21544.346900318837,0.1782449702967768,46415.88833612779,0.38401714733107867,10.496511859499812,23.907102523412465,21800.755283826384,27.631021114530945,8.373430350777005,9.988448309142472,14.999969252433816,16.37727598607269,15,3,False,42
ABC-Vanilla,46415.88833612777,0.3840171473310785,21544.346900318847,0.17824497029677688,9.875797876547441,23.9266584399618,21284.067284887453,27.631021114509757,8.161948213013087,9.994196194935835,14.824733785544403,16.259683115150626,15,3,False,42
ABC-Vanilla,100000.0,0.8273398637771606,10000.0,0.08273398637771606,9.326243120277166,23.946136611574083,21659.790663247113,27.63102111455297,8.334955253585461,10.001480432543675,14.975441371450337,16.35604684395833,15,3,False,42
ABC-Vanilla,215443.4690031882,1.7824497029677666,4641.588833612783,0.03840171473310789,8.832937526856389,23.90727746531113,21927.486168012376,27.631021114510695,7.956871475057605,10.011516457375576,14.889625934813097,16.286989210094916,15,3,False,42
ABC-Vanilla,464158.8833612778,3.840171473310786,2154.434690031884,0.017824497029677686,8.37740435505613,23.959765734786163,22364.704081041455,27.631021114698456,8.182089884927343,10.041936473174633,14.98178209199971,16.419001747481385,15,3,False,42
ABC-Vanilla,1000000.0,8.273398637771606,1000.0,0.008273398637771606,7.986159838959555,23.92802710707477,22398.216564781054,27.631021114655443,8.061263438021456,10.017717503700933,15.024496726853034,16.47835020792478,15,3,False,42
permABC-Vanilla,1000.0,0.019092610359191894,1000000.0,19.092610359191895,13.907181680531567,23.969130228166616,3716.8265386319886,27.63102111459646,6.992306752294048,10.048365479637368,5.345267374909866,6.713221259529188,15,3,False,42
permABC-Vanilla,2154.4346900318833,0.041133782081105116,464158.8833612779,8.862004704774478,5.151434111432818,23.961678704088733,2299.2478287094277,27.63102111455564,5.734868687675912,10.0334038091291,3.8546145959312685,5.243671974790394,15,3,False,42
permABC-Vanilla,4641.588833612778,0.08862004704774476,215443.4690031884,4.113378208110513,4.23376115678172,23.93784573208315,1700.8996210792445,27.631021114613386,4.696678286914547,10.011623433770508,3.152652322998097,4.489642878016043,15,3,False,42
permABC-Vanilla,10000.0,0.19092610359191894,100000.0,1.9092610359191895,3.6527726295800593,23.967234266520073,1420.4423923407617,27.631021114678806,4.017805800988883,10.044862092608968,2.7365651637420956,4.050301613766365,15,3,False,42
permABC-Vanilla,21544.346900318837,0.4113378208110512,46415.88833612779,0.8862004704774478,3.229574511485328,23.93412405019639,1167.3399172141496,27.631021114572604,3.2121062977359096,10.022809654668038,2.3666670548509656,3.6868044517620215,15,3,False,42
permABC-Vanilla,46415.88833612777,0.8862004704774473,21544.346900318847,0.41133782081105136,2.897050589849375,24.003179895109014,1011.9762106263913,27.631021114660367,2.651670884305583,10.066393489920392,2.0717890740142293,3.4316451718285426,15,3,False,42
permABC-Vanilla,100000.0,1.9092610359191895,10000.0,0.19092610359191894,2.618352522872669,24.004221458305672,882.4945254404813,27.631021114743017,2.1648833726636783,10.069914272992964,1.8318958948804018,3.2216432849256895,15,3,False,42
permABC-Vanilla,215443.4690031882,4.113378208110509,4641.588833612783,0.08862004704774483,2.3823118563938612,23.975850599256553,792.5296561865996,27.631021114722135,1.7006979915215084,10.075158197440327,1.615480952068441,3.0506997512354355,15,3,False,42
permABC-Vanilla,464158.8833612778,8.862004704774476,2154.434690031884,0.04113378208110513,2.1793065308235895,24.0344439542272,700.0372159639285,27.631021114765243,1.3321216587895452,10.091785808479065,1.4131250923060883,2.9295965309907426,15,3,False,42
permABC-Vanilla,1000000.0,19.092610359191895,1000.0,0.019092610359191894,1.9923872875097846,24.05126075075771,639.7579052400847,27.631021114726966,1.0101094541447613,10.127024493264724,1.2257028683904918,2.812731595362671,15,3,False,42
ABC-SMC,950.0,0.050945313771565755,14250.0,0.7641797065734863,16.67986406990871,23.965826147231297,21010.136299271187,27.6310211146362,8.229519068134334,10.042028978507163,14.685538296311455,15.996705418773402,15,3,False,42
ABC-SMC,1852.0,0.07881248792012532,27780.0,1.1821873188018799,16.056889871633764,23.963799637260703,20481.155072734102,27.631021114635992,8.229347005387782,10.038740379870667,14.507166343136046,15.80436499840794,15,3,False,42
ABC-SMC,2708.0,0.10412131945292155,40620.0,1.5618197917938232,15.598194366454074,23.967085649316193,20061.690400746906,27.63102111463662,8.216068470453395,10.03908382445888,14.361313120356126,15.64252700187362,15,3,False,42
ABC-SMC,3521.0,0.12853225072224936,52815.0,1.9279837608337402,15.298377073304033,23.97797981302153,19832.308045668462,27.631021114657926,8.255171756329327,10.05067430736147,14.22804091720419,15.491825621790536,15,3,False,42
ABC-SMC,4293.0,0.15508683522542316,64395.0,2.3263025283813477,15.045968105081899,23.9740267896293,19661.186812918026,27.631021114657244,8.314466490812707,10.056680660479673,14.0971018127474,15.359646648219856,15,3,False,42
ABC-SMC,5026.0,0.18216123580932617,75390.0,2.7324185371398926,14.788039984919202,23.966135047539876,19438.509173513667,27.63102111465627,8.370803679398279,10.057350902654933,13.985812786187005,15.225728519598226,15,3,False,42
ABC-SMC,5722.0,0.2078125794728597,85830.0,3.1171886920928955,14.591871270410568,23.967236307806658,19160.034989074768,27.631021114655812,8.321019359997857,10.056268966718847,13.844984832575754,15.08660001034815,15,3,False,42
ABC-SMC,6383.0,0.23335849444071452,95745.0,3.5003774166107178,14.384893631161498,23.966287108249134,18972.314097371112,27.631021114676145,8.359092555896511,10.059482033292191,13.746826632524025,14.975652612896942,15,3,False,42
ABC-SMC,7011.0,0.25932830174764,105165.0,3.8899245262145996,14.196555266236516,23.97342201082874,18833.156148442933,27.631021114676248,8.303433016519197,10.065421585617102,13.650929863161421,14.856701497902447,15,3,False,42
ABC-SMC,7607.0,0.2849331061045329,114105.0,4.273996591567993,14.02279829501973,23.97231578361366,18557.90264236041,27.631021114675857,8.219085179780153,10.060826989866118,13.548029857050667,14.745161585787132,15,3,False,42
ABC-SMC,8173.0,0.30809327761332195,122595.0,4.621399164199829,13.917023113237303,23.988394282750026,18491.0253709215,27.631021114698044,8.237901191842791,10.075282200912993,13.461882869919695,14.648016656958106,15,3,False,42
ABC-SMC,8710.0,0.33235917091369627,130650.0,4.985387563705444,13.803138853822123,23.97497720267436,18140.333680880853,27.631021114696956,8.360694823803703,10.064871492180732,13.384740152027952,14.552673041935984,15,3,False,42
ABC-SMC,9220.0,0.3582499821980794,138300.0,5.373749732971191,13.672999755836827,23.98526279349924,17645.940048458637,27.631021114718894,8.365919797012449,10.051333888904495,13.28363447176874,14.461284357747285,15,3,False,42
ABC-SMC,20730.223123732252,0.7570830287765699,153300.0,5.598628997802734,13.565240641418438,23.981329481789203,17384.192721014246,27.631021114697823,8.409755364500674,10.049495109382706,13.16833658661288,14.343918287651462,15,3,False,42
ABC-SMC,22476.861167002015,0.8050346758284079,167565.0,6.001533508300781,13.45776312737435,23.985218256944375,17050.95692574638,27.631021114697486,8.37680818304827,10.045267026172594,13.084495024586083,14.264706986175202,15,3,False,42
ABC-SMC,24053.78486055777,0.8474729608887853,181125.0,6.381471395492554,13.37646885687045,23.979577197639966,16666.189607469052,27.631021114697145,8.41580136049127,10.031749970252202,13.008087489351329,14.171241116767844,15,3,False,42
ABC-SMC,25510.84812623274,0.892679790067955,194010.0,6.788829803466797,13.28754212100086,23.98448919828245,16657.108812956103,27.631021114697983,8.472732339310332,10.043612408785911,12.929984531695466,14.070551607236965,15,3,False,42
ABC-SMC,26750.972762645913,0.9293898534218161,206250.0,7.165595769882202,13.167197788349464,23.979572934195204,16510.19599818442,27.631021114697635,8.486881396567222,10.045285221826363,12.853110008530141,13.992367718718375,15,3,False,42
ABC-SMC,27879.078694817657,0.9685018774949047,217875.0,7.568842172622681,13.051306320246201,23.974228228594924,16221.175431495007,27.631021114697077,8.43871964536416,10.037338921871152,12.766095212425718,13.90198789174642,15,3,False,42
ABC-SMC,28960.151802656546,1.0103958306020004,228930.0,7.9871790409088135,12.93001461264784,23.966082341250374,16174.489938509898,27.63102111469624,8.554326507437587,10.043580497430762,12.707540451463894,13.812542578878054,15,3,False,42
ABC-SMC,30231.060606060604,1.0567900508341164,239430.0,8.369777202606201,12.791007650134564,23.96335511353714,15965.669898992972,27.631021114695958,8.547389942960304,10.037423262965968,12.639072368340658,13.746134648070308,15,3,False,42
ABC-SMC,31314.500941619583,1.0991579320396332,249420.0,8.754792928695679,12.710923726701497,23.96322629563435,15957.20806568627,27.63102111469621,8.599847924009852,10.04381340773452,12.585230050086244,13.68869036679141,15,3,False,42
ABC-SMC,32384.615384615387,1.1454786487934812,258915.0,9.158101797103882,12.653483007861146,23.965291286931727,15993.039608696781,27.631021114696498,8.662125611510808,10.057437086294268,12.520793788806035,13.618180728239619,15,3,False,42
ABC-SMC,33324.62686567164,1.18365919412072,267930.0,9.51661992073059,12.570590868970614,23.959662308102423,15895.290780316182,27.63102111469577,8.63971325162017,10.060776296905509,12.435611433656053,13.539913065061205,15,3,False,42
ABC-SMC,34135.18518518518,1.2223342024249793,276495.0,9.900907039642334,12.496657400064464,23.973782465405773,15720.107992420984,27.631021114738825,8.714176134278656,10.065514711989339,12.37728666710503,13.47873709563414,15,3,False,42
ABC-SMC,35138.888888888876,1.2701668562712491,284625.0,10.28835153579712,12.461052070711057,23.98720327020579,15519.387537742088,27.631021114781724,8.696300037735032,10.063147822451233,12.311035832731081,13.39815445895089,15,3,False,42
ABC-SMC,35957.56457564575,1.3074469595670992,292335.0,10.629543781280518,12.41098689201275,23.98209154499265,15342.557362197585,27.631021114781383,8.77970820718645,10.057866290506484,12.26659450707599,13.330633551846503,15,3,False,42
ABC-SMC,73175.0,2.5414024080548967,307335.0,10.673890113830566,12.345286783169398,23.993602157905514,14971.877858004598,27.631021114782317,8.686299199795435,10.045170426692236,12.19359712637676,13.240988652808008,15,3,False,42
ABC-SMC,73424.65753424658,2.4444009071071395,321600.0,10.706475973129272,12.257565348036197,23.998578869431753,14889.773459190235,27.631021114782126,8.68369592236411,10.048460476515249,12.141194889386295,13.165663398070613,15,3,False,42
ABC-SMC,74979.86577181208,2.401091215061128,335160.0,10.732877731323242,12.169995171492419,23.993880011596996,14540.036452213244,27.63102111478191,8.677074902987078,10.031490017778033,12.07642228287869,13.101622505210115,15,3,False,42
ABC-SMC,76831.12582781457,2.3742199470402126,348045.0,10.755216360092163,12.09726509563425,23.984884776242353,14378.167427497403,27.6310211147813,8.654470064475367,10.02711958232978,12.021103184129611,13.052808075419797,15,3,False,42
ABC-SMC,77231.5112540193,2.3100299978307333,360285.0,10.776289939880371,12.021560889898238,24.000644115153122,14292.430707814166,27.631021114782783,8.684345825011356,10.036710409526385,11.96418859924356,13.005929007855098,15,3,False,42
ABC-SMC,78974.52229299363,2.364845032904558,371970.0,11.138420104980469,11.961126872079493,24.024338646538446,14255.031976328417,27.6310211147842,8.692024638882407,10.051937988051437,11.900062396891261,12.937506485924809,15,3,False,42
ABC-SMC,80059.56112852665,2.413396426751945,383085.0,11.548101902008057,11.874872848544506,24.02072088611098,14193.801672296799,27.631021114783657,8.620331797380743,10.055138487420486,11.838187323671939,12.891220354349672,15,3,False,42
ABC-SMC,81006.17283950618,2.449457243146229,393690.0,11.904362201690674,11.813819018173398,24.02706910831101,14043.051991618402,27.631021114805183,8.68455798073463,10.054942292036097,11.766785965525566,12.83537748259569,15,3,False,42
ABC-SMC,82321.10091743119,2.501438881643686,403785.0,12.26955771446228,11.76478953776188,24.058054119792978,13869.45885113412,27.6310211148081,8.754711365138853,10.064859296841902,11.728724178221691,12.778131069275803,15,3,False,42
ABC-SMC,82265.67164179105,2.510516560492824,413385.0,12.61534571647644,11.699369044065067,24.076609335978404,13732.496094659158,27.631021114808682,8.783529557822648,10.068931888508123,11.66737245283345,12.71143717962257,15,3,False,42
ABC-SMC,83833.33333333333,2.5698650450933544,422520.0,12.952119827270508,11.650638235317212,24.10231752276654,13691.681921113573,27.631021114831075,8.845246597799413,10.078341347241418,11.624197934900192,12.651552548759259,15,3,False,42
ABC-SMC,84552.94117647057,2.6147301056805774,431220.0,13.335123538970947,11.58548132946834,24.09534729338374,13582.03427206897,27.631021114830425,8.901224363113108,10.075319501623895,11.5866507131069,12.6303149923398,15,3,False,42
ABC-SMC,85923.75366568915,2.6803584858585783,439500.0,13.710033655166626,11.449368713197233,24.1301320036561,13589.125589402507,27.63102111485365,8.917387901776673,10.084090347986141,11.551621379510687,12.594476043926285,15,3,False,42
ABC-SMC,86956.26822157434,2.742151245547221,447390.0,14.108368158340454,11.396024833839682,24.154156083978037,13328.441303119482,27.631021114876027,8.964346820988823,10.074076394025816,11.505384972387791,12.569458369396958,15,3,False,42
ABC-SMC,87143.67816091953,2.7728443401526675,454890.0,14.474247455596924,11.363645156438283,24.19720536399632,13296.54171599563,27.631021114900435,8.888633112664838,10.09158796978718,11.483158468278049,12.538684907586772,15,3,False,42
ABC-SMC,162310.88082901554,5.015292768857228,469890.0,14.519272565841675,11.327735105422535,24.159903875772176,13275.093025255284,27.631021114815745,8.89112835326734,10.090745418964335,11.420790129618581,12.476482767893334,15,3,False,42
ABC-SMC,159792.0792079208,4.907961174993231,484170.0,14.871122360229492,11.303307214715566,24.144746376473094,13063.88077381184,27.631021114814732,8.909972989020297,10.076176505688654,11.365023316559764,12.433213932666645,15,3,False,42
ABC-SMC,157284.36018957346,4.830141655076736,497805.0,15.287398338317871,11.1941329275532,24.14574621340958,12956.163048539689,27.631021114835427,8.838231574344624,10.07110806859406,11.311359317307234,12.402977802969911,15,3,False,42
ABC-SMC,156211.0091743119,4.793456789185877,510810.0,15.674603700637817,11.159290934721033,24.161568079325477,13043.009202088244,27.631021114835963,8.908099677980074,10.087813955548606,11.300410870669806,12.3650318692973,15,3,False,42
ABC-SMC,152986.84210526315,4.6936595649049995,523215.0,16.052315711975098,11.127465101820698,24.17250514054492,13087.860736005987,27.63102111483631,8.837220166045455,10.102953908891331,11.2439822288206,12.306805234121207,15,3,False,42
ABC-SMC,155091.30434782608,4.766715160314588,535065.0,16.445167303085327,11.086259043742386,24.17068338719823,12908.63999130936,27.631021114835914,8.893266811565875,10.093815033098078,11.180674939580378,12.272293823375353,15,3,False,42
ABC-SMC,155653.84615384613,4.797739316934873,546345.0,16.840065002441406,11.03467331096941,24.176696069551085,12704.52088056156,27.63102111483644,8.854437258195798,10.086171193282192,11.125090880287907,12.232647871262458,15,3,False,42
ABC-SMC,156717.2995780591,4.853627584486907,557130.0,17.254646062850952,10.988293198720987,24.225725000858333,12570.757941243406,27.631021114860086,8.944299773650267,10.098166353969441,11.095653774862472,12.182321778547632,15,3,False,42
ABC-SMC,158284.5188284519,4.922653208882905,567450.0,17.647711753845215,10.965701842793763,24.246688778025934,12429.231281884717,27.631021114862698,8.933510766425417,10.101005128970654,11.058858604884465,12.164499937222875,15,3,False,42
ABC-SMC,159680.4979253112,4.9979166371199115,577245.0,18.067468643188477,10.930924670621996,24.250313758301036,12398.03476744936,27.631021114883676,9.081551012838457,10.10942827043334,11.027773195685201,12.123311557543403,15,3,False,42
ABC-SMC,160266.39344262297,5.049566688433371,586575.0,18.481414079666138,10.861513316462663,24.28979289221622,12201.22788123546,27.63102111492746,8.996610918632472,10.106117232127502,11.002272056346047,12.080866272328933,15,3,False,42
ABC-SMC,161361.7886178862,5.111638252651142,595425.0,18.861945152282715,10.856512198101235,24.326502120663648,12095.3586302328,27.631021114929037,8.969032245058283,10.110142302634628,10.975488504500612,12.035308446299254,15,3,False,42
ABC-SMC,161024.0,5.134258143107097,603840.0,19.25346803665161,10.76346241840896,24.331586048471664,11984.111692811237,27.631021114929716,9.018117050628097,10.107398188056298,10.929204051246927,12.010806335702137,15,3,False,42
ABC-SMC,160618.11023622047,5.158362363580018,611955.0,19.653360605239868,10.740821485142622,24.322276901013346,11872.35801040288,27.63102111492894,9.038631058738588,10.099028853786463,10.903303392479028,11.977254001919778,15,3,False,42
ABC-SMC,161398.4375,5.2202971031268435,619770.0,20.04594087600708,10.738098337826665,24.333395766401985,12017.854824471091,27.631021114928988,8.985071761410117,10.120174791892218,10.885799320930438,11.928069806218017,15,3,False,42
ABC-SMC,269541.40127388533,8.531348315520397,634770.0,20.091325283050537,10.672360045828402,24.294300161111003,11984.118125058812,27.631021114925492,8.809041167516538,10.122055348854497,10.808077408127579,11.834441293266098,15,3,False,42
ABC-SMC,270425.0,8.384539186954498,649020.0,20.122894048690796,10.605368823370771,24.328361419479634,11777.921637959947,27.63102111494896,8.86648274588782,10.118042543361854,10.77326843769853,11.8024286357678,15,3,False,42
ABC-SMC,261437.8698224852,8.08095141980775,662745.0,20.485211849212646,10.581260655769476,24.330385835384845,11793.298112830616,27.63102111494909,8.85912578683562,10.121337428335051,10.733540100789254,11.776998483228986,15,3,False,42
ABC-SMC,258942.52873563222,8.004560415772186,675840.0,20.891902685165405,10.551067519893012,24.322270544408813,11478.690714740238,27.631021114948428,8.951100564280088,10.102855242501441,10.710645063944943,11.753399737855691,15,3,False,42
ABC-SMC,256357.54189944133,7.933498805239658,688320.0,21.30144429206848,10.490484029400092,24.316577684179666,11447.610004136253,27.631021114947764,9.02224878948139,10.102252658305419,10.697028346829976,11.715411062483463,15,3,False,42
ABC-SMC,253706.52173913043,7.860307157903478,700230.0,21.6944477558136,10.450091350930492,24.31188803182971,11378.523354446857,27.63102111494703,9.174950333968793,10.098221408171034,10.672004178911834,11.679930472053952,15,3,False,42
ABC-SMC,251005.29100529102,7.79678371638007,711600.0,22.1038818359375,10.424684203723407,24.297855152479123,11353.713162750111,27.631021114946375,9.14573484556978,10.0969590676757,10.624369251254546,11.66068256549654,15,3,False,42
ABC-SMC,248304.1237113402,7.724818577061813,722565.0,22.479222059249878,10.419312091002244,24.292756884120585,11262.923425487948,27.63102111494577,9.191199124821955,10.087730339464457,10.578156209287746,11.619151315874822,15,3,False,42
ABC-SMC,244340.0,7.608877579371135,733020.0,22.826632738113403,10.394592569896071,24.281199406722884,11190.826349440582,27.631021114945078,9.153526031386885,10.085420619228302,10.552977500341887,11.570868761174344,15,3,False,42
ABC-SMC,244029.55665024626,7.607578330830791,743070.0,23.16507601737976,10.327098888060782,24.273228599280213,11215.451008190268,27.631021114944538,9.014280575831497,10.088702801718114,10.538193762005273,11.529466298974878,15,3,False,42
ABC-SMC,243567.96116504853,7.616946380886831,752625.0,23.536364316940308,10.282690804224899,24.31845620751026,11117.605563538322,27.631021114968643,9.148567327419933,10.08865432764442,10.497846931882593,11.502124621503349,15,3,False,42
ABC-SMC,243019.13875598085,7.632155015327903,761865.0,23.92680597305298,10.262427524574765,24.348074106272392,11060.5432004112,27.631021114969908,9.075600840658144,10.086837648934859,10.480958024482286,11.487309433107812,15,3,False,42
ABC-SMC,242367.92452830193,7.652019029893217,770730.0,24.333420515060425,10.26062343733689,24.333874480959956,10627.592259001724,27.63102111496902,9.202306106067931,10.061418001640003,10.46405424495012,11.42059374595153,15,3,False,42
ABC-SMC,240490.74074074076,7.627809857144769,779190.0,24.714103937149048,10.245089494458798,24.358865555118335,10253.876365081062,27.631021114969688,8.957092370506723,10.039287307098066,10.392749009998253,11.381224770684325,15,3,False,42
ABC-SMC,239648.401826484,7.533607526456929,787245.0,24.74790072441101,10.206817402664273,24.35447059717595,10034.30188853004,27.631021114969624,8.74302945546117,10.023443926652828,10.344832033647345,11.344382956005635,15,3,False,42
ABC-SMC,236602.67857142858,7.467430404254368,794985.0,25.090566158294678,10.175621708820671,24.361707807657343,9912.630816482073,27.63102111497007,8.799706970738729,10.01578686095969,10.31889604425627,11.334349091180517,15,3,False,42
ABC-SMC,367340.1360544218,11.40005269558792,809985.0,25.137116193771362,10.164844398877094,24.21157966801092,10037.838213722502,27.63102111469298,8.41538820478403,10.01123118069114,10.278711758530683,11.234388236119056,15,3,False,42
ABC-SMC,361598.6842105263,11.187969174301415,824445.0,25.508569717407227,10.147243475753115,24.22897253944013,10139.707599591253,27.631021114692903,8.383081285384412,10.03629159658199,10.24201438458589,11.20707933815348,15,3,False,42
ABC-SMC,351540.8805031446,10.867003474845324,838425.0,25.917803287506104,10.146622276755446,24.22671235017626,10194.569135496316,27.63102111469207,8.32686006697885,10.042537303920405,10.207090689056303,11.173521116086556,15,3,False,42
ABC-SMC,340089.8203592814,10.508892112625333,851925.0,26.324774742126465,10.145867048037339,24.23042962284208,9931.367511017075,27.631021114691425,8.291907384145453,10.022513548791268,10.185980323736098,11.131475871125584,15,3,False,42
ABC-SMC,329457.14285714284,10.179330462501163,864825.0,26.72074246406555,10.107537746503015,24.231883252173255,9799.607037484842,27.631021114691208,8.23672959904322,10.010796294868948,10.139560570870112,11.105915544856956,15,3,False,42
ABC-SMC,326737.4301675978,10.106809001617147,877290.0,27.13678216934204,10.07732445422742,24.24623487336288,9835.009304788342,27.631021114691084,8.255981005831211,10.014683564380997,10.127865426045355,11.110559960338337,15,3,False,42
ABC-SMC,325686.8131868132,10.092596780686153,889125.0,27.552789211273193,10.043037302437998,24.199079434744775,9692.20945270747,27.63102111468914,8.181278305738559,10.001803647649112,10.068117813090955,11.063259312842522,15,3,False,42
ABC-SMC,322747.311827957,10.025291289052655,900465.0,27.97056269645691,10.008394009208804,24.200916338888753,9702.985533243644,27.631021114689066,8.301297361874656,10.008121187109147,10.054754588659325,11.035670181993614,15,3,False,42
ABC-SMC,316473.9583333333,9.85285391410192,911445.0,28.376219272613525,9.998000090617856,24.206441645192577,9747.784832246081,27.631021114688544,8.40231795009915,10.016591492519142,10.036448386115707,11.000147347922029,15,3,False,42
ABC-SMC,308834.1708542713,9.643535997400331,921870.0,28.78595495223999,9.950843295827589,24.215855513136738,9895.748013636525,27.631021114687798,8.24470141722804,10.043171086522241,10.042969682183164,10.969519903314886,15,3,False,42
ABC-SMC,307549.50495049503,9.63797907624701,931875.0,29.203076601028442,9.906476936259471,24.238895409708356,9781.77833489856,27.631021114709707,8.231031698061287,10.041463830017726,10.012586313006208,10.941627176214364,15,3,False,42
ABC-SMC,306151.21951219515,9.619590402618657,941415.0,29.580240488052368,9.893431045909049,24.234285571451863,9745.760360530121,27.63102111472968,8.2949732427974,10.039491852983781,9.995005646385415,10.869503083125826,15,3,False,42
ABC-SMC,301766.6666666666,9.50161411648705,950565.0,29.930084466934204,9.892759972634595,24.182927128953516,9591.826648562826,27.631021114727886,8.348584027992157,10.0237447887664,9.960825082092958,10.87481618938577,15,3,False,42
ABC-SMC,298925.2336448598,9.450610404445374,959550.0,30.336459398269653,9.875583840092474,24.193030875662924,9631.48781454935,27.631021114748837,8.285459198956628,10.033234995608677,9.929960306857014,10.88281236439478,15,3,False,42
ABC-SMC,293363.63636363635,9.312989711761475,968100.0,30.732866048812866,9.869664324332346,24.158940028269683,9637.0319293212,27.631021114747135,8.096297296109597,10.032755420624975,9.905475612634593,10.84910012909282,15,3,False,42
ABC-SMC,293162.1621621622,9.239439563350276,976230.0,30.76733374595642,9.798070199971793,24.159272375290257,9697.981800380872,27.63102111476827,8.125691649304857,10.046883248748077,9.860983732555239,10.818513886234715,15,3,False,42
ABC-SMC,291537.77777777775,9.124335748177987,983940.0,30.794633150100708,9.753710677640438,24.17599475871706,9851.80358612223,27.631021114768327,8.092591290036323,10.08263681376591,9.803000457947515,10.758024816994755,15,3,False,42
ABC-SMC,288650.655021834,9.077879018658635,991515.0,31.182514429092407,9.713931697691363,24.167191394782556,9814.68770476164,27.63102111476793,8.1107134161564,10.079605229313556,9.784550530139732,10.746462570997567,15,3,False,42
ABC-SMC,290855.8951965065,9.084163690758585,999090.0,31.204102277755737,9.713931697691363,24.167191394782556,9814.68770476164,27.63102111476793,8.1107134161564,10.079605229313556,9.784550530139732,10.746462570997567,15,3,False,42
ABC-SMC,285578.7234042553,8.858033782201456,1006665.0,31.224569082260132,9.713931697691363,24.167191394782556,9814.68770476164,27.63102111476793,8.1107134161564,10.079605229313556,9.784550530139732,10.746462570997567,15,3,False,42
ABC-SMC,286508.4745762712,8.825983906869835,1014240.0,31.243983030319214,9.713931697691363,24.167191394782556,9814.68770476164,27.63102111476793,8.1107134161564,10.079605229313556,9.784550530139732,10.746462570997567,15,3,False,42
ABC-SMC,286222.6890756302,8.756714909016585,1021815.0,31.26147222518921,9.713931697691363,24.167191394782556,9814.68770476164,27.63102111476793,8.1107134161564,10.079605229313556,9.784550530139732,10.746462570997567,15,3,False,42
ABC-SMC,287138.0753138075,8.724945725423687,1029390.0,31.27893042564392,9.713931697691363,24.167191394782556,9814.68770476164,27.63102111476793,8.1107134161564,10.079605229313556,9.784550530139732,10.746462570997567,15,3,False,42
ABC-SMC,286850.62240663904,8.657345897099455,1036965.0,31.296305418014526,9.713931697691363,24.167191394782556,9814.68770476164,27.63102111476793,8.1107134161564,10.079605229313556,9.784550530139732,10.746462570997567,15,3,False,42
ABC-SMC,286567.9012345679,8.590861112492565,1044540.0,31.3136887550354,9.713931697691363,24.167191394782556,9814.68770476164,27.63102111476793,8.1107134161564,10.079605229313556,9.784550530139732,10.746462570997567,15,3,False,42
ABC-SMC,280564.0,8.354942639668781,1052115.0,31.331034898757935,9.713931697691363,24.167191394782556,9814.68770476164,27.63102111476793,8.1107134161564,10.079605229313556,9.784550530139732,10.746462570997567,15,3,False,42
ABC-SMC,279233.2015810277,8.260451632211959,1059690.0,31.348413944244385,9.713931697691363,24.167191394782556,9814.68770476164,27.63102111476793,8.1107134161564,10.079605229313556,9.784550530139732,10.746462570997567,15,3,False,42
ABC-SMC,280122.0472440945,8.232475203166171,1067265.0,31.36573052406311,9.713931697691363,24.167191394782556,9814.68770476164,27.63102111476793,8.1107134161564,10.079605229313556,9.784550530139732,10.746462570997567,15,3,False,42
ABC-SMC,276664.0926640926,8.07802545211183,1074840.0,31.383128881454468,9.713931697691363,24.167191394782556,9814.68770476164,27.63102111476793,8.1107134161564,10.079605229313556,9.784550530139732,10.746462570997567,15,3,False,42
ABC-SMC,275423.66412213736,7.989945605814305,1082415.0,31.40048623085022,9.713931697691363,24.167191394782556,9814.68770476164,27.63102111476793,8.1107134161564,10.079605229313556,9.784550530139732,10.746462570997567,15,3,False,42
ABC-SMC,277351.14503816795,7.994350525562393,1089990.0,31.417797565460205,9.713931697691363,24.167191394782556,9814.68770476164,27.63102111476793,8.1107134161564,10.079605229313556,9.784550530139732,10.746462570997567,15,3,False,42
ABC-SMC,276116.9811320755,7.908210274558398,1097565.0,31.43513584136963,9.713931697691363,24.167191394782556,9814.68770476164,27.63102111476793,8.1107134161564,10.079605229313556,9.784550530139732,10.746462570997567,15,3,False,42
ABC-SMC,274910.447761194,7.824008025933259,1105140.0,31.45251226425171,9.713931697691363,24.167191394782556,9814.68770476164,27.63102111476793,8.1107134161564,10.079605229313556,9.784550530139732,10.746462570997567,15,3,False,42
ABC-SMC,275765.7992565056,7.799225078048612,1112715.0,31.469873189926147,9.713931697691363,24.167191394782556,9814.68770476164,27.63102111476793,8.1107134161564,10.079605229313556,9.784550530139732,10.746462570997567,15,3,False,42
ABC-SMC,276614.8148148147,7.7746297695018605,1120290.0,31.487250566482544,9.713931697691363,24.167191394782556,9814.68770476164,27.63102111476793,8.1107134161564,10.079605229313556,9.784550530139732,10.746462570997567,15,3,False,42
ABC-SMC,274419.70802919706,7.665350547382141,1127865.0,31.5045907497406,9.713931697691363,24.167191394782556,9814.68770476164,27.63102111476793,8.1107134161564,10.079605229313556,9.784550530139732,10.746462570997567,15,3,False,42
ABC-SMC,273270.7581227437,7.586534100749432,1135440.0,31.52204918861389,9.713931697691363,24.167191394782556,9814.68770476164,27.63102111476793,8.1107134161564,10.079605229313556,9.784550530139732,10.746462570997567,15,3,False,42
ABC-SMC,274104.3165467626,7.563397810041762,1143015.0,31.539368867874146,9.713931697691363,24.167191394782556,9814.68770476164,27.63102111476793,8.1107134161564,10.079605229313556,9.784550530139732,10.746462570997567,15,3,False,42
ABC-SMC,271045.9363957598,7.43401985707637,1150590.0,31.557414293289185,9.713931697691363,24.167191394782556,9814.68770476164,27.63102111476793,8.1107134161564,10.079605229313556,9.784550530139732,10.746462570997567,15,3,False,42
ABC-SMC,271869.71830985916,7.411901379974795,1158165.0,31.574699878692627,9.713931697691363,24.167191394782556,9814.68770476164,27.63102111476793,8.1107134161564,10.079605229313556,9.784550530139732,10.746462570997567,15,3,False,42
ABC-SMC,271734.26573426573,7.364126407738888,1165740.0,31.59210228919983,9.713931697691363,24.167191394782556,9814.68770476164,27.63102111476793,8.1107134161564,10.079605229313556,9.784550530139732,10.746462570997567,15,3,False,42
ABC-SMC,270660.8996539792,7.291697355840171,1173315.0,31.60950803756714,9.713931697691363,24.167191394782556,9814.68770476164,27.63102111476793,8.1107134161564,10.079605229313556,9.784550530139732,10.746462570997567,15,3,False,42
ABC-SMC,271468.9655172414,7.270545959472656,1180890.0,31.626874923706055,9.713931697691363,24.167191394782556,9814.68770476164,27.63102111476793,8.1107134161564,10.079605229313556,9.784550530139732,10.746462570997567,15,3,False,42
ABC-SMC,270412.9692832764,7.200064187163786,1188465.0,31.64428210258484,9.713931697691363,24.167191394782556,9814.68770476164,27.63102111476793,8.1107134161564,10.079605229313556,9.784550530139732,10.746462570997567,15,3,False,42
ABC-SMC,269378.37837837846,7.131010938335111,1196040.0,31.661688566207886,9.713931697691363,24.167191394782556,9814.68770476164,27.63102111476793,8.1107134161564,10.079605229313556,9.784550530139732,10.746462570997567,15,3,False,42
ABC-SMC,267470.0,7.03981261783176,1203615.0,31.67915678024292,9.713931697691363,24.167191394782556,9814.68770476164,27.63102111476793,8.1107134161564,10.079605229313556,9.784550530139732,10.746462570997567,15,3,False,42
ABC-SMC,269153.3333333333,7.04365677303738,1211190.0,31.696455478668213,9.713931697691363,24.167191394782556,9814.68770476164,27.63102111476793,8.1107134161564,10.079605229313556,9.784550530139732,10.746462570997567,15,3,False,42
ABC-SMC,269043.04635761585,7.000850420650794,1218765.0,31.713852405548096,9.713931697691363,24.167191394782556,9814.68770476164,27.63102111476793,8.1107134161564,10.079605229313556,9.784550530139732,10.746462570997567,15,3,False,42
ABC-SMC,270715.2317880794,7.004693064994896,1226340.0,31.73125958442688,9.713931697691363,24.167191394782556,9814.68770476164,27.63102111476793,8.1107134161564,10.079605229313556,9.784550530139732,10.746462570997567,15,3,False,42
ABC-SMC,268826.79738562094,6.916903774203298,1233915.0,31.74858832359314,9.713931697691363,24.167191394782556,9814.68770476164,27.63102111476793,8.1107134161564,10.079605229313556,9.784550530139732,10.746462570997567,15,3,False,42
ABC-SMC,266987.0967741936,6.831397292434528,1241490.0,31.765997409820557,9.713931697691363,24.167191394782556,9814.68770476164,27.63102111476793,8.1107134161564,10.079605229313556,9.784550530139732,10.746462570997567,15,3,False,42
ABC-SMC,266894.23076923075,6.791312113786355,1249065.0,31.78334069252014,9.713931697691363,24.167191394782556,9814.68770476164,27.63102111476793,8.1107134161564,10.079605229313556,9.784550530139732,10.746462570997567,15,3,False,42
ABC-SMC,268512.8205128205,6.795040766398112,1256640.0,31.800790786743164,9.713931697691363,24.167191394782556,9814.68770476164,27.63102111476793,8.1107134161564,10.079605229313556,9.784550530139732,10.746462570997567,15,3,False,42
ABC-SMC,270131.41025641025,6.798750162124634,1264215.0,31.818150758743286,9.713931697691363,24.167191394782556,9814.68770476164,27.63102111476793,8.1107134161564,10.079605229313556,9.784550530139732,10.746462570997567,15,3,False,42
ABC-SMC,271750.0,6.802469950455886,1271790.0,31.835559368133545,9.713931697691363,24.167191394782556,9814.68770476164,27.63102111476793,8.1107134161564,10.079605229313556,9.784550530139732,10.746462570997567,15,3,False,42
ABC-SMC,272495.2076677316,6.784419586864142,1279365.0,31.85284996032715,9.713931697691363,24.167191394782556,9814.68770476164,27.63102111476793,8.1107134161564,10.079605229313556,9.784550530139732,10.746462570997567,15,3,False,42
ABC-SMC,274108.62619808305,6.788100779881747,1286940.0,31.8701331615448,9.713931697691363,24.167191394782556,9814.68770476164,27.63102111476793,8.1107134161564,10.079605229313556,9.784550530139732,10.746462570997567,15,3,False,42
ABC-SMC,273104.43037974683,6.727310876806074,1294515.0,31.88745355606079,9.713931697691363,24.167191394782556,9814.68770476164,27.63102111476793,8.1107134161564,10.079605229313556,9.784550530139732,10.746462570997567,15,3,False,42
ABC-SMC,274702.5316455696,6.730942736195109,1302090.0,31.90466856956482,9.713931697691363,24.167191394782556,9814.68770476164,27.63102111476793,8.1107134161564,10.079605229313556,9.784550530139732,10.746462570997567,15,3,False,42
ABC-SMC,275429.02208201896,6.713409303490672,1309665.0,31.922261238098145,9.713931697691363,24.167191394782556,9814.68770476164,27.63102111476793,8.1107134161564,10.079605229313556,9.784550530139732,10.746462570997567,15,3,False,42
ABC-SMC,272720.49689440994,6.612753226396706,1317240.0,31.939598083496094,9.713931697691363,24.167191394782556,9814.68770476164,27.63102111476793,8.1107134161564,10.079605229313556,9.784550530139732,10.746462570997567,15,3,False,42
ABC-SMC,272595.6790123457,6.575496893360781,1324815.0,31.9569149017334,9.713931697691363,24.167191394782556,9814.68770476164,27.63102111476793,8.1107134161564,10.079605229313556,9.784550530139732,10.746462570997567,15,3,False,42
ABC-SMC,272472.39263803675,6.538700764895947,1332390.0,31.974246740341187,9.713931697691363,24.167191394782556,9814.68770476164,27.63102111476793,8.1107134161564,10.079605229313556,9.784550530139732,10.746462570997567,15,3,False,42
ABC-SMC,274021.472392638,6.542226922048868,1339965.0,31.99148964881897,9.713931697691363,24.167191394782556,9814.68770476164,27.63102111476793,8.1107134161564,10.079605229313556,9.784550530139732,10.746462570997567,15,3,False,42
ABC-SMC,275570.5521472392,6.5457586374263315,1347540.0,32.00875973701477,9.713931697691363,24.167191394782556,9814.68770476164,27.63102111476793,8.1107134161564,10.079605229313556,9.784550530139732,10.746462570997567,15,3,False,42
ABC-SMC,277119.63190184045,6.549290694098286,1355115.0,32.026031494140625,9.713931697691363,24.167191394782556,9814.68770476164,27.63102111476793,8.1107134161564,10.079605229313556,9.784550530139732,10.746462570997567,15,3,False,42
ABC-SMC,277816.5137614679,6.532796564209109,1362690.0,32.04336714744568,9.713931697691363,24.167191394782556,9814.68770476164,27.63102111476793,8.1107134161564,10.079605229313556,9.784550530139732,10.746462570997567,15,3,False,42
ABC-SMC,278509.14634146343,6.5163942371926655,1370265.0,32.060659646987915,9.713931697691363,24.167191394782556,9814.68770476164,27.63102111476793,8.1107134161564,10.079605229313556,9.784550530139732,10.746462570997567,15,3,False,42
ABC-SMC,278351.5151515152,6.480394999186197,1377840.0,32.07795524597168,9.713931697691363,24.167191394782556,9814.68770476164,27.63102111476793,8.1107134161564,10.079605229313556,9.784550530139732,10.746462570997567,15,3,False,42
ABC-SMC,279881.8181818182,6.483891227028586,1385415.0,32.095261573791504,9.713931697691363,24.167191394782556,9814.68770476164,27.63102111476793,8.1107134161564,10.079605229313556,9.784550530139732,10.746462570997567,15,3,False,42
ABC-SMC,279716.8674698795,6.448290865105319,1392990.0,32.11248850822449,9.713931697691363,24.167191394782556,9814.68770476164,27.63102111476793,8.1107134161564,10.079605229313556,9.784550530139732,10.746462570997567,15,3,False,42
ABC-SMC,278719.4029850746,6.39397995982004,1400565.0,32.1297492980957,9.713931697691363,24.167191394782556,9814.68770476164,27.63102111476793,8.1107134161564,10.079605229313556,9.784550530139732,10.746462570997567,15,3,False,42
ABC-SMC,278563.7982195845,6.359453748406806,1408140.0,32.14703869819641,9.713931697691363,24.167191394782556,9814.68770476164,27.63102111476793,8.1107134161564,10.079605229313556,9.784550530139732,10.746462570997567,15,3,False,42
ABC-SMC,278410.0294985251,6.3253331911130175,1415715.0,32.16431927680969,9.713931697691363,24.167191394782556,9814.68770476164,27.63102111476793,8.1107134161564,10.079605229313556,9.784550530139732,10.746462570997567,15,3,False,42
ABC-SMC,279076.47058823524,6.31010752098233,1423290.0,32.18154835700989,9.713931697691363,24.167191394782556,9814.68770476164,27.63102111476793,8.1107134161564,10.079605229313556,9.784550530139732,10.746462570997567,15,3,False,42
ABC-SMC,279739.0029325513,6.294993151667531,1430865.0,32.19888997077942,9.713931697691363,24.167191394782556,9814.68770476164,27.63102111476793,8.1107134161564,10.079605229313556,9.784550530139732,10.746462570997567,15,3,False,42
ABC-SMC,281219.94134897366,6.298380233675154,1438440.0,32.21621489524841,9.713931697691363,24.167191394782556,9814.68770476164,27.63102111476793,8.1107134161564,10.079605229313556,9.784550530139732,10.746462570997567,15,3,False,42
ABC-SMC,279423.18840579706,6.228684780102421,1446015.0,32.23344373703003,9.713931697691363,24.167191394782556,9814.68770476164,27.63102111476793,8.1107134161564,10.079605229313556,9.784550530139732,10.746462570997567,15,3,False,42
ABC-SMC,280075.14450867055,6.214010508763309,1453590.0,32.25071454048157,9.713931697691363,24.167191394782556,9814.68770476164,27.63102111476793,8.1107134161564,10.079605229313556,9.784550530139732,10.746462570997567,15,3,False,42
ABC-SMC,280723.34293948126,6.199415822537557,1461165.0,32.26795935630798,9.713931697691363,24.167191394782556,9814.68770476164,27.63102111476793,8.1107134161564,10.079605229313556,9.784550530139732,10.746462570997567,15,3,False,42
ABC-SMC,281367.816091954,6.184901588264553,1468740.0,32.28518629074097,9.713931697691363,24.167191394782556,9814.68770476164,27.63102111476793,8.1107134161564,10.079605229313556,9.784550530139732,10.746462570997567,15,3,False,42
ABC-SMC,281202.85714285716,6.152839342753093,1476315.0,32.302406549453735,9.713931697691363,24.167191394782556,9814.68770476164,27.63102111476793,8.1107134161564,10.079605229313556,9.784550530139732,10.746462570997567,15,3,False,42
ABC-SMC,281840.45584045583,6.138581677153353,1483890.0,32.3196325302124,9.713931697691363,24.167191394782556,9814.68770476164,27.63102111476793,8.1107134161564,10.079605229313556,9.784550530139732,10.746462570997567,15,3,False,42
ABC-SMC,283279.20227920223,6.141863249645613,1491465.0,32.336910009384155,9.713931697691363,24.167191394782556,9814.68770476164,27.63102111476793,8.1107134161564,10.079605229313556,9.784550530139732,10.746462570997567,15,3,False,42
ABC-SMC,284717.94871794875,6.145136037103811,1499040.0,32.35414123535156,9.713931697691363,24.167191394782556,9814.68770476164,27.63102111476793,8.1107134161564,10.079605229313556,9.784550530139732,10.746462570997567,15,3,False,42
ABC-SMC,285343.75000000006,6.130942070122923,1506615.0,32.37137413024902,9.713931697691363,24.167191394782556,9814.68770476164,27.63102111476793,8.1107134161564,10.079605229313556,9.784550530139732,10.746462570997567,15,3,False,42
ABC-SMC,286778.4090909091,6.134203889153221,1514190.0,32.388596534729004,9.713931697691363,24.167191394782556,9814.68770476164,27.63102111476793,8.1107134161564,10.079605229313556,9.784550530139732,10.746462570997567,15,3,False,42
ABC-SMC,288213.06818181823,6.137471758958066,1521765.0,32.405850887298584,9.713931697691363,24.167191394782556,9814.68770476164,27.63102111476793,8.1107134161564,10.079605229313556,9.784550530139732,10.746462570997567,15,3,False,42
ABC-SMC,289647.7272727273,6.14072879155477,1529340.0,32.42304801940918,9.713931697691363,24.167191394782556,9814.68770476164,27.63102111476793,8.1107134161564,10.079605229313556,9.784550530139732,10.746462570997567,15,3,False,42
ABC-SMC,289437.8531073446,6.109303404382393,1536915.0,32.44040107727051,9.713931697691363,24.167191394782556,9814.68770476164,27.63102111476793,8.1107134161564,10.079605229313556,9.784550530139732,10.746462570997567,15,3,False,42
ABC-SMC,290864.406779661,6.11256331822742,1544490.0,32.4577112197876,9.713931697691363,24.167191394782556,9814.68770476164,27.63102111476793,8.1107134161564,10.079605229313556,9.784550530139732,10.746462570997567,15,3,False,42
ABC-SMC,291467.6056338029,6.09858253192454,1552065.0,32.47495198249817,9.713931697691363,24.167191394782556,9814.68770476164,27.63102111476793,8.1107134161564,10.079605229313556,9.784550530139732,10.746462570997567,15,3,False,42
ABC-SMC,292890.1408450705,6.101813741692916,1559640.0,32.49215817451477,9.713931697691363,24.167191394782556,9814.68770476164,27.63102111476793,8.1107134161564,10.079605229313556,9.784550530139732,10.746462570997567,15,3,False,42
ABC-SMC,294312.67605633807,6.105068367971502,1567215.0,32.50948905944824,9.713931697691363,24.167191394782556,9814.68770476164,27.63102111476793,8.1107134161564,10.079605229313556,9.784550530139732,10.746462570997567,15,3,False,42
ABC-SMC,295735.21126760566,6.108309562217463,1574790.0,32.52674841880798,9.713931697691363,24.167191394782556,9814.68770476164,27.63102111476793,8.1107134161564,10.079605229313556,9.784550530139732,10.746462570997567,15,3,False,42
ABC-SMC,296323.03370786516,6.094385577498303,1582365.0,32.54401898384094,9.713931697691363,24.167191394782556,9814.68770476164,27.63102111476793,8.1107134161564,10.079605229313556,9.784550530139732,10.746462570997567,15,3,False,42
ABC-SMC,296078.2122905028,6.0635444616250265,1589940.0,32.56123375892639,9.713931697691363,24.167191394782556,9814.68770476164,27.63102111476793,8.1107134161564,10.079605229313556,9.784550530139732,10.746462570997567,15,3,False,42
ABC-SMC,296660.16713091923,6.049939184799832,1597515.0,32.578922510147095,9.713931697691363,24.167191394782556,9814.68770476164,27.63102111476793,8.1107134161564,10.079605229313556,9.784550530139732,10.746462570997567,15,3,False,42
ABC-SMC,297238.88888888893,6.0363235297026465,1605090.0,32.59614706039429,9.713931697691363,24.167191394782556,9814.68770476164,27.63102111476793,8.1107134161564,10.079605229313556,9.784550530139732,10.746462570997567,15,3,False,42
ABC-SMC,297814.40443213296,6.022790660488308,1612665.0,32.61341142654419,9.713931697691363,24.167191394782556,9814.68770476164,27.63102111476793,8.1107134161564,10.079605229313556,9.784550530139732,10.746462570997567,15,3,False,42
ABC-SMC,298386.7403314917,6.009326587065807,1620240.0,32.630643367767334,9.713931697691363,24.167191394782556,9814.68770476164,27.63102111476793,8.1107134161564,10.079605229313556,9.784550530139732,10.746462570997567,15,3,False,42
ABC-SMC,298955.92286501377,5.995934900611338,1627815.0,32.647865533828735,9.713931697691363,24.167191394782556,9814.68770476164,27.63102111476793,8.1107134161564,10.079605229313556,9.784550530139732,10.746462570997567,15,3,False,42
ABC-SMC,300347.1074380165,5.99910072277619,1635390.0,32.66510343551636,9.713931697691363,24.167191394782556,9814.68770476164,27.63102111476793,8.1107134161564,10.079605229313556,9.784550530139732,10.746462570997567,15,3,False,42
ABC-SMC,301738.29201101925,6.0022669390213395,1642965.0,32.68234348297119,9.713931697691363,24.167191394782556,9814.68770476164,27.63102111476793,8.1107134161564,10.079605229313556,9.784550530139732,10.746462570997567,15,3,False,42
ABC-SMC,303129.47658402205,6.005432323319196,1650540.0,32.69957900047302,9.713931697691363,24.167191394782556,9814.68770476164,27.63102111476793,8.1107134161564,10.079605229313556,9.784550530139732,10.746462570997567,15,3,False,42
ABC-SMC,303684.0659340659,5.99209161905142,1658115.0,32.71682024002075,9.713931697691363,24.167191394782556,9814.68770476164,27.63102111476793,8.1107134161564,10.079605229313556,9.784550530139732,10.746462570997567,15,3,False,42
ABC-SMC,305071.4285714286,5.99523996695494,1665690.0,32.734010219573975,9.713931697691363,24.167191394782556,9814.68770476164,27.63102111476793,8.1107134161564,10.079605229313556,9.784550530139732,10.746462570997567,15,3,False,42
ABC-SMC,304784.15300546447,5.965632167670245,1673265.0,32.751320600509644,9.713931697691363,24.167191394782556,9814.68770476164,27.63102111476793,8.1107134161564,10.079605229313556,9.784550530139732,10.746462570997567,15,3,False,42
ABC-SMC,306163.9344262295,5.968776035829971,1680840.0,32.76858043670654,9.713931697691363,24.167191394782556,9814.68770476164,27.63102111476793,8.1107134161564,10.079605229313556,9.784550530139732,10.746462570997567,15,3,False,42
ABC-SMC,307543.71584699454,5.971919513139568,1688415.0,32.78583812713623,9.713931697691363,24.167191394782556,9814.68770476164,27.63102111476793,8.1107134161564,10.079605229313556,9.784550530139732,10.746462570997567,15,3,False,42
ABC-SMC,306411.9241192412,5.926468960314908,1695990.0,32.80300569534302,9.713931697691363,24.167191394782556,9814.68770476164,27.63102111476793,8.1107134161564,10.079605229313556,9.784550530139732,10.746462570997567,15,3,False,42
ABC-SMC,307780.48780487804,5.9295983387741185,1703565.0,32.820326805114746,9.713931697691363,24.167191394782556,9814.68770476164,27.63102111476793,8.1107134161564,10.079605229313556,9.784550530139732,10.746462570997567,15,3,False,42
ABC-SMC,308313.5135135135,5.916675619176916,1711140.0,32.837549686431885,9.713931697691363,24.167191394782556,9814.68770476164,27.63102111476793,8.1107134161564,10.079605229313556,9.784550530139732,10.746462570997567,15,3,False,42
ABC-SMC,309678.3783783784,5.919780688242869,1718715.0,32.854782819747925,9.713931697691363,24.167191394782556,9814.68770476164,27.63102111476793,8.1107134161564,10.079605229313556,9.784550530139732,10.746462570997567,15,3,False,42
ABC-SMC,311043.24324324325,5.922878282564181,1726290.0,32.8719744682312,9.713931697691363,24.167191394782556,9814.68770476164,27.63102111476793,8.1107134161564,10.079605229313556,9.784550530139732,10.746462570997567,15,3,False,42
ABC-SMC,309895.44235924934,5.878310506103079,1733865.0,32.88914728164673,9.713931697691363,24.167191394782556,9814.68770476164,27.63102111476793,8.1107134161564,10.079605229313556,9.784550530139732,10.746462570997567,15,3,False,42
ABC-SMC,310417.1122994653,5.865661770689721,1741440.0,32.906362533569336,9.713931697691363,24.167191394782556,9814.68770476164,27.63102111476793,8.1107134161564,10.079605229313556,9.784550530139732,10.746462570997567,15,3,False,42
ABC-SMC,310936.0,5.853093253241645,1749015.0,32.92364954948425,9.713931697691363,24.167191394782556,9814.68770476164,27.63102111476793,8.1107134161564,10.079605229313556,9.784550530139732,10.746462570997567,15,3,False,42
ABC-SMC,310625.9946949602,5.825166128885419,1756590.0,32.941314458847046,9.713931697691363,24.167191394782556,9814.68770476164,27.63102111476793,8.1107134161564,10.079605229313556,9.784550530139732,10.746462570997567,15,3,False,42
ABC-SMC,311965.5172413793,5.828230998665752,1764165.0,32.958646297454834,9.713931697691363,24.167191394782556,9814.68770476164,27.63102111476793,8.1107134161564,10.079605229313556,9.784550530139732,10.746462570997567,15,3,False,42
ABC-SMC,313305.0397877984,5.831271204455145,1771740.0,32.97583866119385,9.713931697691363,24.167191394782556,9814.68770476164,27.63102111476793,8.1107134161564,10.079605229313556,9.784550530139732,10.746462570997567,15,3,False,42
ABC-SMC,313812.1693121693,5.818881055034658,1779315.0,32.99305558204651,9.713931697691363,24.167191394782556,9814.68770476164,27.63102111476793,8.1107134161564,10.079605229313556,9.784550530139732,10.746462570997567,15,3,False,42
ABC-SMC,315148.14814814815,5.8219130077059305,1786890.0,33.01024675369263,9.713931697691363,24.167191394782556,9814.68770476164,27.63102111476793,8.1107134161564,10.079605229313556,9.784550530139732,10.746462570997567,15,3,False,42
ABC-SMC,315649.07651715033,5.809584813046685,1794465.0,33.02748966217041,9.713931697691363,24.167191394782556,9814.68770476164,27.63102111476793,8.1107134161564,10.079605229313556,9.784550530139732,10.746462570997567,15,3,False,42
ABC-SMC,316981.5303430079,5.8126163985924215,1802040.0,33.044724225997925,9.713931697691363,24.167191394782556,9814.68770476164,27.63102111476793,8.1107134161564,10.079605229313556,9.784550530139732,10.746462570997567,15,3,False,42
ABC-SMC,317476.3157894737,5.80036343189708,1809615.0,33.062071561813354,9.713931697691363,24.167191394782556,9814.68770476164,27.63102111476793,8.1107134161564,10.079605229313556,9.784550530139732,10.746462570997567,15,3,False,42
ABC-SMC,318805.2631578947,5.803385575612386,1817190.0,33.0792977809906,9.713931697691363,24.167191394782556,9814.68770476164,27.63102111476793,8.1107134161564,10.079605229313556,9.784550530139732,10.746462570997567,15,3,False,42
ABC-SMC,320134.2105263158,5.806404080307274,1824765.0,33.096503257751465,9.713931697691363,24.167191394782556,9814.68770476164,27.63102111476793,8.1107134161564,10.079605229313556,9.784550530139732,10.746462570997567,15,3,False,42
ABC-SMC,321463.15789473685,5.809418067597506,1832340.0,33.113682985305786,9.713931697691363,24.167191394782556,9814.68770476164,27.63102111476793,8.1107134161564,10.079605229313556,9.784550530139732,10.746462570997567,15,3,False,42
ABC-SMC,322792.1052631579,5.81244615086338,1839915.0,33.130943059921265,9.713931697691363,24.167191394782556,9814.68770476164,27.63102111476793,8.1107134161564,10.079605229313556,9.784550530139732,10.746462570997567,15,3,False,42
ABC-SMC,322424.0837696335,5.785020317290674,1847490.0,33.14816641807556,9.713931697691363,24.167191394782556,9814.68770476164,27.63102111476793,8.1107134161564,10.079605229313556,9.784550530139732,10.746462570997567,15,3,False,42
ABC-SMC,322900.7832898172,5.7729152931764505,1855065.0,33.165398359298706,9.713931697691363,24.167191394782556,9814.68770476164,27.63102111476793,8.1107134161564,10.079605229313556,9.784550530139732,10.746462570997567,15,3,False,42
ABC-SMC,323375.0,5.760888175831901,1862640.0,33.18271589279175,9.713931697691363,24.167191394782556,9814.68770476164,27.63102111476793,8.1107134161564,10.079605229313556,9.784550530139732,10.746462570997567,15,3,False,42
ABC-SMC,323846.75324675324,5.748920027827804,1870215.0,33.200013160705566,9.713931697691363,24.167191394782556,9814.68770476164,27.63102111476793,8.1107134161564,10.079605229313556,9.784550530139732,10.746462570997567,15,3,False,42
ABC-SMC,324316.0621761658,5.737001414126065,1877790.0,33.21723818778992,9.713931697691363,24.167191394782556,9814.68770476164,27.63102111476793,8.1107134161564,10.079605229313556,9.784550530139732,10.746462570997567,15,3,False,42
ABC-SMC,323945.8762886598,5.710396897751851,1885365.0,33.23450994491577,9.713931697691363,24.167191394782556,9814.68770476164,27.63102111476793,8.1107134161564,10.079605229313556,9.784550530139732,10.746462570997567,15,3,False,42
ABC-SMC,325247.4226804124,5.713355008679157,1892940.0,33.251726150512695,9.713931697691363,24.167191394782556,9814.68770476164,27.63102111476793,8.1107134161564,10.079605229313556,9.784550530139732,10.746462570997567,15,3,False,42
ABC-SMC,325709.5115681234,5.701608625148848,1900515.0,33.26888632774353,9.713931697691363,24.167191394782556,9814.68770476164,27.63102111476793,8.1107134161564,10.079605229313556,9.784550530139732,10.746462570997567,15,3,False,42
ABC-SMC,326169.2307692307,5.6899261882162495,1908090.0,33.28606820106506,9.713931697691363,24.167191394782556,9814.68770476164,27.63102111476793,8.1107134161564,10.079605229313556,9.784550530139732,10.746462570997567,15,3,False,42
ABC-SMC,327464.1025641025,5.692900918487809,1915665.0,33.30347037315369,9.713931697691363,24.167191394782556,9814.68770476164,27.63102111476793,8.1107134161564,10.079605229313556,9.784550530139732,10.746462570997567,15,3,False,42
ABC-SMC,328758.97435897426,5.69584190336048,1923240.0,33.32067513465881,9.713931697691363,24.167191394782556,9814.68770476164,27.63102111476793,8.1107134161564,10.079605229313556,9.784550530139732,10.746462570997567,15,3,False,42
ABC-SMC,330053.8461538461,5.698779179499699,1930815.0,33.33785820007324,9.713931697691363,24.167191394782556,9814.68770476164,27.63102111476793,8.1107134161564,10.079605229313556,9.784550530139732,10.746462570997567,15,3,False,42
ABC-SMC,331348.7179487179,5.701730067913348,1938390.0,33.35512089729309,9.713931697691363,24.167191394782556,9814.68770476164,27.63102111476793,8.1107134161564,10.079605229313556,9.784550530139732,10.746462570997567,15,3,False,42
ABC-SMC,330946.4285714286,5.675576617117642,1945965.0,33.37239050865173,9.713931697691363,24.167191394782556,9814.68770476164,27.63102111476793,8.1107134161564,10.079605229313556,9.784550530139732,10.746462570997567,15,3,False,42
ABC-SMC,330548.22335025383,5.649675451559464,1953540.0,33.38958191871643,9.713931697691363,24.167191394782556,9814.68770476164,27.63102111476793,8.1107134161564,10.079605229313556,9.784550530139732,10.746462570997567,15,3,False,42
ABC-SMC,330989.8734177215,5.6382815043131504,1961115.0,33.40681791305542,9.713931697691363,24.167191394782556,9814.68770476164,27.63102111476793,8.1107134161564,10.079605229313556,9.784550530139732,10.746462570997567,15,3,False,42
ABC-SMC,332268.3544303797,5.641204978846296,1968690.0,33.42413949966431,9.713931697691363,24.167191394782556,9814.68770476164,27.63102111476793,8.1107134161564,10.079605229313556,9.784550530139732,10.746462570997567,15,3,False,42
ABC-SMC,332704.5454545454,5.629903780490863,1976265.0,33.44162845611572,9.713931697691363,24.167191394782556,9814.68770476164,27.63102111476793,8.1107134161564,10.079605229313556,9.784550530139732,10.746462570997567,15,3,False,42
ABC-SMC,333979.797979798,5.632802693530767,1983840.0,33.458847999572754,9.713931697691363,24.167191394782556,9814.68770476164,27.63102111476793,8.1107134161564,10.079605229313556,9.784550530139732,10.746462570997567,15,3,False,42
ABC-SMC,333570.3517587939,5.6073900043864535,1991415.0,33.476118326187134,9.713931697691363,24.167191394782556,9814.68770476164,27.63102111476793,8.1107134161564,10.079605229313556,9.784550530139732,10.746462570997567,15,3,False,42
ABC-SMC,334839.19597989944,5.610272353218628,1998990.0,33.49332594871521,9.713931697691363,24.167191394782556,9814.68770476164,27.63102111476793,8.1107134161564,10.079605229313556,9.784550530139732,10.746462570997567,15,3,False,42
ABC-SMC,335265.664160401,5.599093457112834,2006565.0,33.51057434082031,9.713931697691363,24.167191394782556,9814.68770476164,27.63102111476793,8.1107134161564,10.079605229313556,9.784550530139732,10.746462570997567,15,3,False,42
ABC-SMC,335690.0,5.587971806526184,2014140.0,33.527830839157104,9.713931697691363,24.167191394782556,9814.68770476164,27.63102111476793,8.1107134161564,10.079605229313556,9.784550530139732,10.746462570997567,15,3,False,42
ABC-SMC,336112.2194513715,5.576901265411503,2021715.0,33.545061111450195,9.713931697691363,24.167191394782556,9814.68770476164,27.63102111476793,8.1107134161564,10.079605229313556,9.784550530139732,10.746462570997567,15,3,False,42
ABC-SMC,337371.5710723192,5.579758602088426,2029290.0,33.56224799156189,9.713931697691363,24.167191394782556,9814.68770476164,27.63102111476793,8.1107134161564,10.079605229313556,9.784550530139732,10.746462570997567,15,3,False,42
ABC-SMC,338630.92269326677,5.5826052366844925,2036865.0,33.57937049865723,9.713931697691363,24.167191394782556,9814.68770476164,27.63102111476793,8.1107134161564,10.079605229313556,9.784550530139732,10.746462570997567,15,3,False,42
ABC-SMC,339890.2743142144,5.585459798747861,2044440.0,33.596540689468384,9.713931697691363,24.167191394782556,9814.68770476164,27.63102111476793,8.1107134161564,10.079605229313556,9.784550530139732,10.746462570997567,15,3,False,42
ABC-SMC,341149.625935162,5.588309207957481,2052015.0,33.61367988586426,9.713931697691363,24.167191394782556,9814.68770476164,27.63102111476793,8.1107134161564,10.079605229313556,9.784550530139732,10.746462570997567,15,3,False,42
ABC-SMC,342408.97755610966,5.591160281935236,2059590.0,33.630829095840454,9.713931697691363,24.167191394782556,9814.68770476164,27.63102111476793,8.1107134161564,10.079605229313556,9.784550530139732,10.746462570997567,15,3,False,42
ABC-SMC,342813.4328358209,5.580110573649999,2067165.0,33.6480667591095,9.713931697691363,24.167191394782556,9814.68770476164,27.63102111476793,8.1107134161564,10.079605229313556,9.784550530139732,10.746462570997567,15,3,False,42
ABC-SMC,344069.6517412935,5.582965191323959,2074740.0,33.66528010368347,9.713931697691363,24.167191394782556,9814.68770476164,27.63102111476793,8.1107134161564,10.079605229313556,9.784550530139732,10.746462570997567,15,3,False,42
ABC-SMC,344468.9826302729,5.571948249444575,2082315.0,33.682427167892456,9.713931697691363,24.167191394782556,9814.68770476164,27.63102111476793,8.1107134161564,10.079605229313556,9.784550530139732,10.746462570997567,15,3,False,42
ABC-SMC,344866.33663366333,5.560965742608501,2089890.0,33.69945240020752,9.713931697691363,24.167191394782556,9814.68770476164,27.63102111476793,8.1107134161564,10.079605229313556,9.784550530139732,10.746462570997567,15,3,False,42
ABC-SMC,345261.7283950617,5.550084408418631,2097465.0,33.71676278114319,9.713931697691363,24.167191394782556,9814.68770476164,27.63102111476793,8.1107134161564,10.079605229313556,9.784550530139732,10.746462570997567,15,3,False,42
ABC-SMC,343960.78431372554,5.512066019905939,2105040.0,33.73384404182434,9.713931697691363,24.167191394782556,9814.68770476164,27.63102111476793,8.1107134161564,10.079605229313556,9.784550530139732,10.746462570997567,15,3,False,42
ABC-SMC,345198.52941176476,5.514865256602469,2112615.0,33.750975370407104,9.713931697691363,24.167191394782556,9814.68770476164,27.63102111476793,8.1107134161564,10.079605229313556,9.784550530139732,10.746462570997567,15,3,False,42
ABC-SMC,344746.3414634147,5.490759097463717,2120190.0,33.768168449401855,9.713931697691363,24.167191394782556,9814.68770476164,27.63102111476793,8.1107134161564,10.079605229313556,9.784550530139732,10.746462570997567,15,3,False,42
ABC-SMC,345136.2530413625,5.480192158150653,2127765.0,33.78538465499878,9.713931697691363,24.167191394782556,9814.68770476164,27.63102111476793,8.1107134161564,10.079605229313556,9.784550530139732,10.746462570997567,15,3,False,42
ABC-SMC,346364.96350364963,5.482973476202625,2135340.0,33.802531480789185,9.713931697691363,24.167191394782556,9814.68770476164,27.63102111476793,8.1107134161564,10.079605229313556,9.784550530139732,10.746462570997567,15,3,False,42
ABC-SMC,347593.6739659367,5.485753556721015,2142915.0,33.81967067718506,9.713931697691363,24.167191394782556,9814.68770476164,27.63102111476793,8.1107134161564,10.079605229313556,9.784550530139732,10.746462570997567,15,3,False,42
ABC-SMC,348822.3844282239,5.488521223230664,2150490.0,33.83673334121704,9.713931697691363,24.167191394782556,9814.68770476164,27.63102111476793,8.1107134161564,10.079605229313556,9.784550530139732,10.746462570997567,15,3,False,42
ABC-SMC,350051.09489051095,5.491300684982263,2158065.0,33.85386872291565,9.713931697691363,24.167191394782556,9814.68770476164,27.63102111476793,8.1107134161564,10.079605229313556,9.784550530139732,10.746462570997567,15,3,False,42
ABC-SMC,350427.1844660194,5.480744537797946,2165640.0,33.87100124359131,9.713931697691363,24.167191394782556,9814.68770476164,27.63102111476793,8.1107134161564,10.079605229313556,9.784550530139732,10.746462570997567,15,3,False,42
ABC-SMC,351652.9126213592,5.483511196371036,2173215.0,33.888099193573,9.713931697691363,24.167191394782556,9814.68770476164,27.63102111476793,8.1107134161564,10.079605229313556,9.784550530139732,10.746462570997567,15,3,False,42
ABC-SMC,352024.2130750606,5.473009552851717,2180790.0,33.90529417991638,9.713931697691363,24.167191394782556,9814.68770476164,27.63102111476793,8.1107134161564,10.079605229313556,9.784550530139732,10.746462570997567,15,3,False,42
ABC-SMC,353246.97336561745,5.475782828527271,2188365.0,33.92247462272644,9.713931697691363,24.167191394782556,9814.68770476164,27.63102111476793,8.1107134161564,10.079605229313556,9.784550530139732,10.746462570997567,15,3,False,42
ABC-SMC,351913.4615384616,5.439036320417356,2195940.0,33.9395866394043,9.713931697691363,24.167191394782556,9814.68770476164,27.63102111476793,8.1107134161564,10.079605229313556,9.784550530139732,10.746462570997567,15,3,False,42
ABC-SMC,353127.40384615393,5.441782298760537,2203515.0,33.95672154426575,9.713931697691363,24.167191394782556,9814.68770476164,27.63102111476793,8.1107134161564,10.079605229313556,9.784550530139732,10.746462570997567,15,3,False,42
ABC-SMC,353491.6067146283,5.431478486644279,2211090.0,33.97389793395996,9.713931697691363,24.167191394782556,9814.68770476164,27.63102111476793,8.1107134161564,10.079605229313556,9.784550530139732,10.746462570997567,15,3,False,42
ABC-SMC,354702.63788968825,5.434224588407887,2218665.0,33.99107480049133,9.713931697691363,24.167191394782556,9814.68770476164,27.63102111476793,8.1107134161564,10.079605229313556,9.784550530139732,10.746462570997567,15,3,False,42
ABC-SMC,355062.2009569378,5.4239757133252695,2226240.0,34.00832772254944,9.713931697691363,24.167191394782556,9814.68770476164,27.63102111476793,8.1107134161564,10.079605229313556,9.784550530139732,10.746462570997567,15,3,False,42
ABC-SMC,356270.3349282297,5.4267161960997266,2233815.0,34.02551054954529,9.713931697691363,24.167191394782556,9814.68770476164,27.63102111476793,8.1107134161564,10.079605229313556,9.784550530139732,10.746462570997567,15,3,False,42
ABC-SMC,357478.46889952157,5.429459378669897,2241390.0,34.042710304260254,9.713931697691363,24.167191394782556,9814.68770476164,27.63102111476793,8.1107134161564,10.079605229313556,9.784550530139732,10.746462570997567,15,3,False,42
ABC-SMC,358686.6028708134,5.432194309751763,2248965.0,34.059858322143555,9.713931697691363,24.167191394782556,9814.68770476164,27.63102111476793,8.1107134161564,10.079605229313556,9.784550530139732,10.746462570997567,15,3,False,42
ABC-SMC,359894.7368421053,5.434918327574905,2256540.0,34.07693791389465,9.713931697691363,24.167191394782556,9814.68770476164,27.63102111476793,8.1107134161564,10.079605229313556,9.784550530139732,10.746462570997567,15,3,False,42
ABC-SMC,361102.87081339717,5.437652536176228,2264115.0,34.09408140182495,9.713931697691363,24.167191394782556,9814.68770476164,27.63102111476793,8.1107134161564,10.079605229313556,9.784550530139732,10.746462570997567,15,3,False,42
ABC-SMC,362311.004784689,5.440415948201595,2271690.0,34.111407995224,9.713931697691363,24.167191394782556,9814.68770476164,27.63102111476793,8.1107134161564,10.079605229313556,9.784550530139732,10.746462570997567,15,3,False,42
ABC-SMC,362651.5513126492,5.430159117365605,2279265.0,34.12855005264282,9.713931697691363,24.167191394782556,9814.68770476164,27.63102111476793,8.1107134161564,10.079605229313556,9.784550530139732,10.746462570997567,15,3,False,42
ABC-SMC,363856.8019093079,5.4329017845524055,2286840.0,34.145787715911865,9.713931697691363,24.167191394782556,9814.68770476164,27.63102111476793,8.1107134161564,10.079605229313556,9.784550530139732,10.746462570997567,15,3,False,42
ABC-SMC,364192.8571428571,5.422684692201161,2294415.0,34.16291356086731,9.713931697691363,24.167191394782556,9814.68770476164,27.63102111476793,8.1107134161564,10.079605229313556,9.784550530139732,10.746462570997567,15,3,False,42
ABC-SMC,365395.2380952381,5.425424537961446,2301990.0,34.180174589157104,9.713931697691363,24.167191394782556,9814.68770476164,27.63102111476793,8.1107134161564,10.079605229313556,9.784550530139732,10.746462570997567,15,3,False,42
ABC-SMC,364860.18957345973,5.402443533260111,2309565.0,34.1974675655365,9.713931697691363,24.167191394782556,9814.68770476164,27.63102111476793,8.1107134161564,10.079605229313556,9.784550530139732,10.746462570997567,15,3,False,42
ABC-SMC,366056.8720379147,5.4051775879581205,2317140.0,34.2147741317749,9.713931697691363,24.167191394782556,9814.68770476164,27.63102111476793,8.1107134161564,10.079605229313556,9.784550530139732,10.746462570997567,15,3,False,42
ABC-SMC,367253.5545023697,5.407914844169436,2324715.0,34.23210096359253,9.713931697691363,24.167191394782556,9814.68770476164,27.63102111476793,8.1107134161564,10.079605229313556,9.784550530139732,10.746462570997567,15,3,False,42
ABC-SMC,368450.2369668247,5.410648559883684,2332290.0,34.24940538406372,9.713931697691363,24.167191394782556,9814.68770476164,27.63102111476793,8.1107134161564,10.079605229313556,9.784550530139732,10.746462570997567,15,3,False,42
ABC-SMC,369646.91943127965,5.413383744527566,2339865.0,34.2667191028595,9.713931697691363,24.167191394782556,9814.68770476164,27.63102111476793,8.1107134161564,10.079605229313556,9.784550530139732,10.746462570997567,15,3,False,42
ABC-SMC,369966.90307328606,5.4033018266995,2347440.0,34.283950090408325,9.713931697691363,24.167191394782556,9814.68770476164,27.63102111476793,8.1107134161564,10.079605229313556,9.784550530139732,10.746462570997567,15,3,False,42
ABC-SMC,370285.3773584906,5.393258243236903,2355015.0,34.301122426986694,9.713931697691363,24.167191394782556,9814.68770476164,27.63102111476793,8.1107134161564,10.079605229313556,9.784550530139732,10.746462570997567,15,3,False,42
ABC-SMC,371476.4150943397,5.395961744980243,2362590.0,34.31831669807434,9.713931697691363,24.167191394782556,9814.68770476164,27.63102111476793,8.1107134161564,10.079605229313556,9.784550530139732,10.746462570997567,15,3,False,42
ABC-SMC,372667.45283018873,5.3986630724661016,2370165.0,34.3354971408844,9.713931697691363,24.167191394782556,9814.68770476164,27.63102111476793,8.1107134161564,10.079605229313556,9.784550530139732,10.746462570997567,15,3,False,42
ABC-SMC,373858.4905660378,5.4013739217002446,2377740.0,34.35273814201355,9.713931697691363,24.167191394782556,9814.68770476164,27.63102111476793,8.1107134161564,10.079605229313556,9.784550530139732,10.746462570997567,15,3,False,42
ABC-SMC,375049.5283018868,5.404077460930783,2385315.0,34.369932651519775,9.713931697691363,24.167191394782556,9814.68770476164,27.63102111476793,8.1107134161564,10.079605229313556,9.784550530139732,10.746462570997567,15,3,False,42
ABC-SMC,375355.29411764705,5.394058489332012,2392890.0,34.38712286949158,9.713931697691363,24.167191394782556,9814.68770476164,27.63102111476793,8.1107134161564,10.079605229313556,9.784550530139732,10.746462570997567,15,3,False,42
ABC-SMC,376543.5294117647,5.396751703000536,2400465.0,34.40429210662842,9.713931697691363,24.167191394782556,9814.68770476164,27.63102111476793,8.1107134161564,10.079605229313556,9.784550530139732,10.746462570997567,15,3,False,42
ABC-SMC,377731.76470588235,5.399410733989641,2408040.0,34.42124342918396,9.713931697691363,24.167191394782556,9814.68770476164,27.63102111476793,8.1107134161564,10.079605229313556,9.784550530139732,10.746462570997567,15,3,False,42
ABC-SMC,378920.0,5.402111053466797,2415615.0,34.43845796585083,9.713931697691363,24.167191394782556,9814.68770476164,27.63102111476793,8.1107134161564,10.079605229313556,9.784550530139732,10.746462570997567,15,3,False,42
ABC-SMC,380108.23529411765,5.404775432511872,2423190.0,34.455443382263184,9.713931697691363,24.167191394782556,9814.68770476164,27.63102111476793,8.1107134161564,10.079605229313556,9.784550530139732,10.746462570997567,15,3,False,42
ABC-SMC,380401.40845070424,5.394773602672212,2430765.0,34.47260332107544,9.713931697691363,24.167191394782556,9814.68770476164,27.63102111476793,8.1107134161564,10.079605229313556,9.784550530139732,10.746462570997567,15,3,False,42
ABC-SMC,381586.8544600939,5.39842319787015,2438340.0,34.49592423439026,9.713931697691363,24.167191394782556,9814.68770476164,27.63102111476793,8.1107134161564,10.079605229313556,9.784550530139732,10.746462570997567,15,3,False,42
ABC-SMC,382772.3004694836,5.401258438778968,2445915.0,34.51404142379761,9.713931697691363,24.167191394782556,9814.68770476164,27.63102111476793,8.1107134161564,10.079605229313556,9.784550530139732,10.746462570997567,15,3,False,42
ABC-SMC,383957.74647887325,5.404011781599974,2453490.0,34.53163528442383,9.713931697691363,24.167191394782556,9814.68770476164,27.63102111476793,8.1107134161564,10.079605229313556,9.784550530139732,10.746462570997567,15,3,False,42
ABC-SMC,384241.21779859485,5.394070898528028,2461065.0,34.54902410507202,9.713931697691363,24.167191394782556,9814.68770476164,27.63102111476793,8.1107134161564,10.079605229313556,9.784550530139732,10.746462570997567,15,3,False,42
ABC-SMC,385423.88758782204,5.3967726035196275,2468640.0,34.56632852554321,9.713931697691363,24.167191394782556,9814.68770476164,27.63102111476793,8.1107134161564,10.079605229313556,9.784550530139732,10.746462570997567,15,3,False,42
ABC-SMC,384804.19580419577,5.3742836312721565,2476215.0,34.58351516723633,9.713931697691363,24.167191394782556,9814.68770476164,27.63102111476793,8.1107134161564,10.079605229313556,9.784550530139732,10.746462570997567,15,3,False,42
ABC-SMC,385981.35198135197,5.376972370399647,2483790.0,34.60081720352173,9.713931697691363,24.167191394782556,9814.68770476164,27.63102111476793,8.1107134161564,10.079605229313556,9.784550530139732,10.746462570997567,15,3,False,42
ABC-SMC,387158.50815850816,5.379618390549405,2491365.0,34.617844343185425,9.713931697691363,24.167191394782556,9814.68770476164,27.63102111476793,8.1107134161564,10.079605229313556,9.784550530139732,10.746462570997567,15,3,False,42
ABC-SMC,388335.6643356643,5.382310945856173,2498940.0,34.63517093658447,9.713931697691363,24.167191394782556,9814.68770476164,27.63102111476793,8.1107134161564,10.079605229313556,9.784550530139732,10.746462570997567,15,3,False,42
ABC-SMC,389512.8205128205,5.384999499732242,2506515.0,34.65247178077698,9.713931697691363,24.167191394782556,9814.68770476164,27.63102111476793,8.1107134161564,10.079605229313556,9.784550530139732,10.746462570997567,15,3,False,42
ABC-SMC,390689.9766899767,5.387699279844437,2514090.0,34.66984486579895,9.713931697691363,24.167191394782556,9814.68770476164,27.63102111476793,8.1107134161564,10.079605229313556,9.784550530139732,10.746462570997567,15,3,False,42
ABC-SMC,390955.81395348837,5.377856927324635,2521665.0,34.6871771812439,9.713931697691363,24.167191394782556,9814.68770476164,27.63102111476793,8.1107134161564,10.079605229313556,9.784550530139732,10.746462570997567,15,3,False,42
ABC-SMC,391220.41763341066,5.368039336945784,2529240.0,34.70437431335449,9.713931697691363,24.167191394782556,9814.68770476164,27.63102111476793,8.1107134161564,10.079605229313556,9.784550530139732,10.746462570997567,15,3,False,42
ABC-SMC,391483.79629629635,5.358264475692938,2536815.0,34.721553802490234,9.713931697691363,24.167191394782556,9814.68770476164,27.63102111476793,8.1107134161564,10.079605229313556,9.784550530139732,10.746462570997567,15,3,False,42
ABC-SMC,392652.7777777778,5.360919494687775,2544390.0,34.73875832557678,9.713931697691363,24.167191394782556,9814.68770476164,27.63102111476793,8.1107134161564,10.079605229313556,9.784550530139732,10.746462570997567,15,3,False,42
ABC-SMC,393821.75925925927,5.363565572985897,2551965.0,34.75590491294861,9.713931697691363,24.167191394782556,9814.68770476164,27.63102111476793,8.1107134161564,10.079605229313556,9.784550530139732,10.746462570997567,15,3,False,42
ABC-SMC,394990.74074074085,5.366232218565765,2559540.0,34.77318477630615,9.713931697691363,24.167191394782556,9814.68770476164,27.63102111476793,8.1107134161564,10.079605229313556,9.784550530139732,10.746462570997567,15,3,False,42
ABC-SMC,396159.7222222223,5.368899820763389,2567115.0,34.79047083854675,9.713931697691363,24.167191394782556,9814.68770476164,27.63102111476793,8.1107134161564,10.079605229313556,9.784550530139732,10.746462570997567,15,3,False,42
ABC-SMC,397328.70370370377,5.3715740824923115,2574690.0,34.80780005455017,9.713931697691363,24.167191394782556,9814.68770476164,27.63102111476793,8.1107134161564,10.079605229313556,9.784550530139732,10.746462570997567,15,3,False,42
ABC-SMC,398497.6851851852,5.374225458981079,2582265.0,34.82498097419739,9.713931697691363,24.167191394782556,9814.68770476164,27.63102111476793,8.1107134161564,10.079605229313556,9.784550530139732,10.746462570997567,15,3,False,42
ABC-SMC,399666.66666666674,5.376834523530655,2589840.0,34.84188771247864,9.713931697691363,24.167191394782556,9814.68770476164,27.63102111476793,8.1107134161564,10.079605229313556,9.784550530139732,10.746462570997567,15,3,False,42
ABC-SMC,400835.6481481482,5.379492927480627,2597415.0,34.85911417007446,9.713931697691363,24.167191394782556,9814.68770476164,27.63102111476793,8.1107134161564,10.079605229313556,9.784550530139732,10.746462570997567,15,3,False,42
ABC-SMC,401076.2124711316,5.369703066725287,2604990.0,34.87622141838074,9.713931697691363,24.167191394782556,9814.68770476164,27.63102111476793,8.1107134161564,10.079605229313556,9.784550530139732,10.746462570997567,15,3,False,42
ABC-SMC,401315.668202765,5.359916203582342,2612565.0,34.893054485321045,9.713931697691363,24.167191394782556,9814.68770476164,27.63102111476793,8.1107134161564,10.079605229313556,9.784550530139732,10.746462570997567,15,3,False,42
ABC-SMC,402479.26267281105,5.362548842774375,2620140.0,34.91019296646118,9.713931697691363,24.167191394782556,9814.68770476164,27.63102111476793,8.1107134161564,10.079605229313556,9.784550530139732,10.746462570997567,15,3,False,42
ABC-SMC,402714.9425287356,5.352844881371977,2627715.0,34.92731285095215,9.713931697691363,24.167191394782556,9814.68770476164,27.63102111476793,8.1107134161564,10.079605229313556,9.784550530139732,10.746462570997567,15,3,False,42
ABC-SMC,403875.8620689655,5.355446877607441,2635290.0,34.94429087638855,9.713931697691363,24.167191394782556,9814.68770476164,27.63102111476793,8.1107134161564,10.079605229313556,9.784550530139732,10.746462570997567,15,3,False,42
ABC-SMC,403183.06636155606,5.333515053755631,2642865.0,34.961191177368164,9.713931697691363,24.167191394782556,9814.68770476164,27.63102111476793,8.1107134161564,10.079605229313556,9.784550530139732,10.746462570997567,15,3,False,42
ABC-SMC,404338.67276887875,5.336082227170059,2650440.0,34.97801899909973,9.713931697691363,24.167191394782556,9814.68770476164,27.63102111476793,8.1107134161564,10.079605229313556,9.784550530139732,10.746462570997567,15,3,False,42
ABC-SMC,405494.2791762014,5.338647945703759,2658015.0,34.994837284088135,9.713931697691363,24.167191394782556,9814.68770476164,27.63102111476793,8.1107134161564,10.079605229313556,9.784550530139732,10.746462570997567,15,3,False,42
ABC-SMC,405721.46118721465,5.329066143006858,2665590.0,35.011964559555054,9.713931697691363,24.167191394782556,9814.68770476164,27.63102111476793,8.1107134161564,10.079605229313556,9.784550530139732,10.746462570997567,15,3,False,42
ABC-SMC,405947.6082004556,5.319486392114592,2673165.0,35.028817892074585,9.713931697691363,24.167191394782556,9814.68770476164,27.63102111476793,8.1107134161564,10.079605229313556,9.784550530139732,10.746462570997567,15,3,False,42
ABC-SMC,407097.9498861048,5.322100741445068,2680740.0,35.04603338241577,9.713931697691363,24.167191394782556,9814.68770476164,27.63102111476793,8.1107134161564,10.079605229313556,9.784550530139732,10.746462570997567,15,3,False,42
ABC-SMC,408248.29157175403,5.3247014047887715,2688315.0,35.06315875053406,9.713931697691363,24.167191394782556,9814.68770476164,27.63102111476793,8.1107134161564,10.079605229313556,9.784550530139732,10.746462570997567,15,3,False,42
ABC-SMC,408468.18181818177,5.315154393513997,2695890.0,35.08001899719238,9.713931697691363,24.167191394782556,9814.68770476164,27.63102111476793,8.1107134161564,10.079605229313556,9.784550530139732,10.746462570997567,15,3,False,42
ABC-SMC,408687.074829932,5.30570268811192,2703465.0,35.09722328186035,9.713931697691363,24.167191394782556,9814.68770476164,27.63102111476793,8.1107134161564,10.079605229313556,9.784550530139732,10.746462570997567,15,3,False,42
ABC-SMC,409832.19954648527,5.308273319754742,2711040.0,35.11422801017761,9.713931697691363,24.167191394782556,9814.68770476164,27.63102111476793,8.1107134161564,10.079605229313556,9.784550530139732,10.746462570997567,15,3,False,42
ABC-SMC,410977.3242630386,5.31082347947724,2718615.0,35.13109731674194,9.713931697691363,24.167191394782556,9814.68770476164,27.63102111476793,8.1107134161564,10.079605229313556,9.784550530139732,10.746462570997567,15,3,False,42
ABC-SMC,412122.44897959183,5.313412744892608,2726190.0,35.1482253074646,9.713931697691363,24.167191394782556,9814.68770476164,27.63102111476793,8.1107134161564,10.079605229313556,9.784550530139732,10.746462570997567,15,3,False,42
ABC-SMC,412332.5791855204,5.30397039732782,2733765.0,35.16532373428345,9.713931697691363,24.167191394782556,9814.68770476164,27.63102111476793,8.1107134161564,10.079605229313556,9.784550530139732,10.746462570997567,15,3,False,42
ABC-SMC,413475.11312217196,5.306565959349297,2741340.0,35.18253231048584,9.713931697691363,24.167191394782556,9814.68770476164,27.63102111476793,8.1107134161564,10.079605229313556,9.784550530139732,10.746462570997567,15,3,False,42
ABC-SMC,413681.7155756207,5.297122277919289,2748915.0,35.19937753677368,9.713931697691363,24.167191394782556,9814.68770476164,27.63102111476793,8.1107134161564,10.079605229313556,9.784550530139732,10.746462570997567,15,3,False,42
ABC-SMC,412957.30337078654,5.275902158758614,2756490.0,35.216646909713745,9.713931697691363,24.167191394782556,9814.68770476164,27.63102111476793,8.1107134161564,10.079605229313556,9.784550530139732,10.746462570997567,15,3,False,42
ABC-SMC,414092.13483146066,5.278480365481716,2764065.0,35.233856439590454,9.713931697691363,24.167191394782556,9814.68770476164,27.63102111476793,8.1107134161564,10.079605229313556,9.784550530139732,10.746462570997567,15,3,False,42
ABC-SMC,414295.96412556054,5.269208439084268,2771640.0,35.251004457473755,9.713931697691363,24.167191394782556,9814.68770476164,27.63102111476793,8.1107134161564,10.079605229313556,9.784550530139732,10.746462570997567,15,3,False,42
ABC-SMC,414498.88143176737,5.259977962257789,2779215.0,35.26815223693848,9.713931697691363,24.167191394782556,9814.68770476164,27.63102111476793,8.1107134161564,10.079605229313556,9.784550530139732,10.746462570997567,15,3,False,42
ABC-SMC,413777.2828507795,5.239107490205376,2786790.0,35.2853889465332,9.713931697691363,24.167191394782556,9814.68770476164,27.63102111476793,8.1107134161564,10.079605229313556,9.784550530139732,10.746462570997567,15,3,False,42
ABC-SMC,414902.004454343,5.241648108320229,2794365.0,35.30250000953674,9.713931697691363,24.167191394782556,9814.68770476164,27.63102111476793,8.1107134161564,10.079605229313556,9.784550530139732,10.746462570997567,15,3,False,42
ABC-SMC,416026.72605790646,5.244147556307764,2801940.0,35.31933379173279,9.713931697691363,24.167191394782556,9814.68770476164,27.63102111476793,8.1107134161564,10.079605229313556,9.784550530139732,10.746462570997567,15,3,False,42
ABC-SMC,416224.44444444444,5.23504384358724,2809515.0,35.33654594421387,9.713931697691363,24.167191394782556,9814.68770476164,27.63102111476793,8.1107134161564,10.079605229313556,9.784550530139732,10.746462570997567,15,3,False,42
ABC-SMC,417346.6666666667,5.237586092065881,2817090.0,35.3537061214447,9.713931697691363,24.167191394782556,9814.68770476164,27.63102111476793,8.1107134161564,10.079605229313556,9.784550530139732,10.746462570997567,15,3,False,42
ABC-SMC,417541.01995565405,5.22856130832579,2824665.0,35.371217250823975,9.713931697691363,24.167191394782556,9814.68770476164,27.63102111476793,8.1107134161564,10.079605229313556,9.784550530139732,10.746462570997567,15,3,False,42
ABC-SMC,417734.5132743363,5.2195240614336855,2832240.0,35.388373136520386,9.713931697691363,24.167191394782556,9814.68770476164,27.63102111476793,8.1107134161564,10.079605229313556,9.784550530139732,10.746462570997567,15,3,False,42
ABC-SMC,418851.76991150447,5.22206634898453,2839815.0,35.40560984611511,9.713931697691363,24.167191394782556,9814.68770476164,27.63102111476793,8.1107134161564,10.079605229313556,9.784550530139732,10.746462570997567,15,3,False,42
ABC-SMC,419969.0265486726,5.224596012306776,2847390.0,35.42276096343994,9.713931697691363,24.167191394782556,9814.68770476164,27.63102111476793,8.1107134161564,10.079605229313556,9.784550530139732,10.746462570997567,15,3,False,42
ABC-SMC,421086.2831858407,5.2271314778510805,2854965.0,35.43995141983032,9.713931697691363,24.167191394782556,9814.68770476164,27.63102111476793,8.1107134161564,10.079605229313556,9.784550530139732,10.746462570997567,15,3,False,42
ABC-SMC,422203.5398230088,5.229662934587417,2862540.0,35.457114696502686,9.713931697691363,24.167191394782556,9814.68770476164,27.63102111476793,8.1107134161564,10.079605229313556,9.784550530139732,10.746462570997567,15,3,False,42
ABC-SMC,423320.796460177,5.232183912159067,2870115.0,35.47420692443848,9.713931697691363,24.167191394782556,9814.68770476164,27.63102111476793,8.1107134161564,10.079605229313556,9.784550530139732,10.746462570997567,15,3,False,42
ABC-SMC,423501.1037527594,5.223152372572157,2877690.0,35.49132037162781,9.713931697691363,24.167191394782556,9814.68770476164,27.63102111476793,8.1107134161564,10.079605229313556,9.784550530139732,10.746462570997567,15,3,False,42
ABC-SMC,424615.8940397351,5.225620171530796,2885265.0,35.50808906555176,9.713931697691363,24.167191394782556,9814.68770476164,27.63102111476793,8.1107134161564,10.079605229313556,9.784550530139732,10.746462570997567,15,3,False,42
ABC-SMC,425730.6843267108,5.2282001798516085,2892840.0,35.525620222091675,9.713931697691363,24.167191394782556,9814.68770476164,27.63102111476793,8.1107134161564,10.079605229313556,9.784550530139732,10.746462570997567,15,3,False,42
ABC-SMC,425905.28634361224,5.219171715903037,2900415.0,35.54255938529968,9.713931697691363,24.167191394782556,9814.68770476164,27.63102111476793,8.1107134161564,10.079605229313556,9.784550530139732,10.746462570997567,15,3,False,42
ABC-SMC,427017.6211453744,5.2216578160088485,2907990.0,35.559489727020264,9.713931697691363,24.167191394782556,9814.68770476164,27.63102111476793,8.1107134161564,10.079605229313556,9.784550530139732,10.746462570997567,15,3,False,42
ABC-SMC,428129.9559471365,5.224127426371524,2915565.0,35.57630777359009,9.713931697691363,24.167191394782556,9814.68770476164,27.63102111476793,8.1107134161564,10.079605229313556,9.784550530139732,10.746462570997567,15,3,False,42
ABC-SMC,429242.2907488986,5.226606279392773,2923140.0,35.593188762664795,9.713931697691363,24.167191394782556,9814.68770476164,27.63102111476793,8.1107134161564,10.079605229313556,9.784550530139732,10.746462570997567,15,3,False,42
ABC-SMC,429408.79120879126,5.217596724793151,2930715.0,35.61009764671326,9.713931697691363,24.167191394782556,9814.68770476164,27.63102111476793,8.1107134161564,10.079605229313556,9.784550530139732,10.746462570997567,15,3,False,42
ABC-SMC,429574.56140350876,5.208621596732335,2938290.0,35.62697172164917,9.713931697691363,24.167191394782556,9814.68770476164,27.63102111476793,8.1107134161564,10.079605229313556,9.784550530139732,10.746462570997567,15,3,False,42
ABC-SMC,430682.01754385966,5.2111001391159855,2945865.0,35.643924951553345,9.713931697691363,24.167191394782556,9814.68770476164,27.63102111476793,8.1107134161564,10.079605229313556,9.784550530139732,10.746462570997567,15,3,False,42
ABC-SMC,431789.4736842105,5.213569444522523,2953440.0,35.66081500053406,9.713931697691363,24.167191394782556,9814.68770476164,27.63102111476793,8.1107134161564,10.079605229313556,9.784550530139732,10.746462570997567,15,3,False,42
ABC-SMC,432896.9298245614,5.216039621341996,2961015.0,35.67771100997925,9.713931697691363,24.167191394782556,9814.68770476164,27.63102111476793,8.1107134161564,10.079605229313556,9.784550530139732,10.746462570997567,15,3,False,42
ABC-SMC,434004.38596491225,5.218498190941169,2968590.0,35.6945276260376,9.713931697691363,24.167191394782556,9814.68770476164,27.63102111476793,8.1107134161564,10.079605229313556,9.784550530139732,10.746462570997567,15,3,False,42
ABC-SMC,435111.8421052632,5.220965404956662,2976165.0,35.711403369903564,9.713931697691363,24.167191394782556,9814.68770476164,27.63102111476793,8.1107134161564,10.079605229313556,9.784550530139732,10.746462570997567,15,3,False,42
ABC-SMC,436219.29824561405,5.223446247870462,2983740.0,35.72837233543396,9.713931697691363,24.167191394782556,9814.68770476164,27.63102111476793,8.1107134161564,10.079605229313556,9.784550530139732,10.746462570997567,15,3,False,42
ABC-SMC,436369.8030634573,5.214471977005728,2991315.0,35.74520540237427,9.713931697691363,24.167191394782556,9814.68770476164,27.63102111476793,8.1107134161564,10.079605229313556,9.784550530139732,10.746462570997567,15,3,False,42
ABC-SMC,437474.83588621445,5.216938278955061,2998890.0,35.76211190223694,9.713931697691363,24.167191394782556,9814.68770476164,27.63102111476793,8.1107134161564,10.079605229313556,9.784550530139732,10.746462570997567,15,3,False,42
ABC-SMC,438579.86870897154,5.219397416173933,3006465.0,35.778969287872314,9.713931697691363,24.167191394782556,9814.68770476164,27.63102111476793,8.1107134161564,10.079605229313556,9.784550530139732,10.746462570997567,15,3,False,42
ABC-SMC,439684.9015317287,5.22186100526416,3014040.0,35.795857191085815,9.713931697691363,24.167191394782556,9814.68770476164,27.63102111476793,8.1107134161564,10.079605229313556,9.784550530139732,10.746462570997567,15,3,False,42
ABC-SMC,440789.93435448577,5.224313708137718,3021615.0,35.81267046928406,9.713931697691363,24.167191394782556,9814.68770476164,27.63102111476793,8.1107134161564,10.079605229313556,9.784550530139732,10.746462570997567,15,3,False,42
ABC-SMC,440930.1310043668,5.215369665987106,3029190.0,35.82958960533142,9.713931697691363,24.167191394782556,9814.68770476164,27.63102111476793,8.1107134161564,10.079605229313556,9.784550530139732,10.746462570997567,15,3,False,42
ABC-SMC,442032.7510917031,5.217819026463937,3036765.0,35.84641671180725,9.713931697691363,24.167191394782556,9814.68770476164,27.63102111476793,8.1107134161564,10.079605229313556,9.784550530139732,10.746462570997567,15,3,False,42
ABC-SMC,443135.3711790393,5.220272516753129,3044340.0,35.863272190093994,9.713931697691363,24.167191394782556,9814.68770476164,27.63102111476793,8.1107134161564,10.079605229313556,9.784550530139732,10.746462570997567,15,3,False,42
ABC-SMC,443270.1525054466,5.2113429133928415,3051915.0,35.88009595870972,9.713931697691363,24.167191394782556,9814.68770476164,27.63102111476793,8.1107134161564,10.079605229313556,9.784550530139732,10.746462570997567,15,3,False,42
ABC-SMC,444370.37037037034,5.213798122641481,3059490.0,35.8970000743866,9.713931697691363,24.167191394782556,9814.68770476164,27.63102111476793,8.1107134161564,10.079605229313556,9.784550530139732,10.746462570997567,15,3,False,42
ABC-SMC,444502.17391304346,5.204902973727904,3067065.0,35.913830518722534,9.713931697691363,24.167191394782556,9814.68770476164,27.63102111476793,8.1107134161564,10.079605229313556,9.784550530139732,10.746462570997567,15,3,False,42
ABC-SMC,444633.4056399132,5.196067654215936,3074640.0,35.9308078289032,9.713931697691363,24.167191394782556,9814.68770476164,27.63102111476793,8.1107134161564,10.079605229313556,9.784550530139732,10.746462570997567,15,3,False,42
ABC-SMC,445728.8503253796,5.198506212544803,3082215.0,35.947670459747314,9.713931697691363,24.167191394782556,9814.68770476164,27.63102111476793,8.1107134161564,10.079605229313556,9.784550530139732,10.746462570997567,15,3,False,42
ABC-SMC,445857.1428571428,5.189697429387256,3089790.0,35.96460318565369,9.713931697691363,24.167191394782556,9814.68770476164,27.63102111476793,8.1107134161564,10.079605229313556,9.784550530139732,10.746462570997567,15,3,False,42
ABC-SMC,446950.21645021637,5.192122349319347,3097365.0,35.98140788078308,9.713931697691363,24.167191394782556,9814.68770476164,27.63102111476793,8.1107134161564,10.079605229313556,9.784550530139732,10.746462570997567,15,3,False,42
ABC-SMC,448043.29004328995,5.194565537688019,3104940.0,35.99833917617798,9.713931697691363,24.167191394782556,9814.68770476164,27.63102111476793,8.1107134161564,10.079605229313556,9.784550530139732,10.746462570997567,15,3,False,42
ABC-SMC,449136.3636363636,5.19699974665566,3112515.0,36.01520824432373,9.713931697691363,24.167191394782556,9814.68770476164,27.63102111476793,8.1107134161564,10.079605229313556,9.784550530139732,10.746462570997567,15,3,False,42
ABC-SMC,450229.4372294372,5.19942638677952,3120090.0,36.03202486038208,9.713931697691363,24.167191394782556,9814.68770476164,27.63102111476793,8.1107134161564,10.079605229313556,9.784550530139732,10.746462570997567,15,3,False,42
ABC-SMC,451322.51082251075,5.201856776921436,3127665.0,36.04886746406555,9.713931697691363,24.167191394782556,9814.68770476164,27.63102111476793,8.1107134161564,10.079605229313556,9.784550530139732,10.746462570997567,15,3,False,42
ABC-SMC,452415.58441558434,5.204295492791509,3135240.0,36.065767765045166,9.713931697691363,24.167191394782556,9814.68770476164,27.63102111476793,8.1107134161564,10.079605229313556,9.784550530139732,10.746462570997567,15,3,False,42
ABC-SMC,453508.658008658,5.206723853107138,3142815.0,36.08259630203247,9.713931697691363,24.167191394782556,9814.68770476164,27.63102111476793,8.1107134161564,10.079605229313556,9.784550530139732,10.746462570997567,15,3,False,42
ABC-SMC,454601.73160173156,5.209157614824919,3150390.0,36.099462270736694,9.713931697691363,24.167191394782556,9814.68770476164,27.63102111476793,8.1107134161564,10.079605229313556,9.784550530139732,10.746462570997567,15,3,False,42
ABC-SMC,454710.5831533477,5.200333866479158,3157965.0,36.116318702697754,9.713931697691363,24.167191394782556,9814.68770476164,27.63102111476793,8.1107134161564,10.079605229313556,9.784550530139732,10.746462570997567,15,3,False,42
ABC-SMC,455801.2958963283,5.20276765843962,3165540.0,36.13322138786316,9.713931697691363,24.167191394782556,9814.68770476164,27.63102111476793,8.1107134161564,10.079605229313556,9.784550530139732,10.746462570997567,15,3,False,42
ABC-SMC,456892.00863930886,5.205232346976207,3173115.0,36.150338649749756,9.713931697691363,24.167191394782556,9814.68770476164,27.63102111476793,8.1107134161564,10.079605229313556,9.784550530139732,10.746462570997567,15,3,False,42
ABC-SMC,457982.7213822894,5.207689208380176,3180690.0,36.16740155220032,9.713931697691363,24.167191394782556,9814.68770476164,27.63102111476793,8.1107134161564,10.079605229313556,9.784550530139732,10.746462570997567,15,3,False,42
ABC-SMC,459073.43412526994,5.2101242018741525,3188265.0,36.18431258201599,9.713931697691363,24.167191394782556,9814.68770476164,27.63102111476793,8.1107134161564,10.079605229313556,9.784550530139732,10.746462570997567,15,3,False,42
ABC-SMC,460164.14686825057,5.212570592771768,3195840.0,36.20130276679993,9.713931697691363,24.167191394782556,9814.68770476164,27.63102111476793,8.1107134161564,10.079605229313556,9.784550530139732,10.746462570997567,15,3,False,42
ABC-SMC,461254.8596112311,5.214999818904868,3203415.0,36.21817374229431,9.713931697691363,24.167191394782556,9814.68770476164,27.63102111476793,8.1107134161564,10.079605229313556,9.784550530139732,10.746462570997567,15,3,False,42
ABC-SMC,462345.57235421165,5.217441918611355,3210990.0,36.23513412475586,9.713931697691363,24.167191394782556,9814.68770476164,27.63102111476793,8.1107134161564,10.079605229313556,9.784550530139732,10.746462570997567,15,3,False,42
ABC-SMC,462437.5,5.208617380295676,3218565.0,36.25197696685791,9.713931697691363,24.167191394782556,9814.68770476164,27.63102111476793,8.1107134161564,10.079605229313556,9.784550530139732,10.746462570997567,15,3,False,42
ABC-SMC,462529.0322580644,5.199834112625394,3226140.0,36.268842935562134,9.713931697691363,24.167191394782556,9814.68770476164,27.63102111476793,8.1107134161564,10.079605229313556,9.784550530139732,10.746462570997567,15,3,False,42
ABC-SMC,541543.8596491228,6.064718687843062,3241140.0,36.29734134674072,9.71388087957669,24.0206047992801,9512.539114267667,27.63102111461969,7.476928952521692,10.033356682173189,9.751347707342518,10.630134533193203,15,3,False,42
ABC-SMC,535876.5432098765,6.041089634836457,3255450.0,36.69961953163147,9.663932314098508,24.02780641048252,9522.684288283766,27.631021114619486,7.514631890240724,10.043143342644829,9.717512304598841,10.592693060837187,15,3,False,42
ABC-SMC,530374.6958637469,5.959646661206174,3269760.0,36.74122166633606,9.663932314098508,24.02780641048252,9522.68428828377,27.631021114619486,7.514631890240724,10.043143342644829,9.717512304598841,10.592693060837187,15,3,False,42
ABC-SMC,522525.05966587114,5.850870834993956,3284070.0,36.77272319793701,9.663932314098508,24.02780641048252,9522.684288283766,27.631021114619486,7.514631890240724,10.043143342644829,9.717512304598841,10.592693060837187,15,3,False,42
ABC-SMC,514969.5550351288,5.745426143732599,3298380.0,36.7994544506073,9.663932314098508,24.02780641048252,9522.68428828377,27.631021114619486,7.514631890240724,10.043143342644829,9.717512304598841,10.592693060837187,15,3,False,42
ABC-SMC,505368.4210526316,5.617541015648278,3312690.0,36.82298135757446,9.663932314098508,24.02780641048252,9522.684288283766,27.631021114619486,7.514631890240724,10.043143342644829,9.717512304598841,10.592693060837187,15,3,False,42
ABC-SMC,498426.96629213484,5.520047534271126,3327000.0,36.846317291259766,9.663932314098508,24.02780641048252,9522.68428828377,27.631021114619486,7.514631890240724,10.043143342644829,9.717512304598841,10.592693060837187,15,3,False,42
ABC-SMC,498331.09619686805,5.498814920628809,3341310.0,36.86955404281616,9.663932314098508,24.02780641048252,9522.684288283766,27.631021114619486,7.514631890240724,10.043143342644829,9.717512304598841,10.592693060837187,15,3,False,42
ABC-SMC,496026.6075388026,5.453485078663625,3355620.0,36.892826557159424,9.663932314098508,24.02780641048252,9522.68428828377,27.631021114619486,7.514631890240724,10.043143342644829,9.717512304598841,10.592693060837187,15,3,False,42
ABC-SMC,491601.7505470459,5.385272716797677,3369930.0,36.91604447364807,9.663932314098508,24.02780641048252,9522.684288283766,27.631021114619486,7.514631890240724,10.043143342644829,9.717512304598841,10.592693060837187,15,3,False,42
ABC-SMC,487291.5766738661,5.318844000841749,3384240.0,36.93937158584595,9.663932314098508,24.02780641048252,9522.68428828377,27.631021114619486,7.514631890240724,10.043143342644829,9.717512304598841,10.592693060837187,15,3,False,42
ABC-SMC,481040.33970276016,5.231778231902235,3398550.0,36.96251320838928,9.663932314098508,24.02780641048252,9522.684288283766,27.631021114619486,7.514631890240724,10.043143342644829,9.717512304598841,10.592693060837187,15,3,False,42
ABC-SMC,483065.8174097665,5.235069555672703,3412860.0,36.98576641082764,9.663932314098508,24.02780641048252,9522.68428828377,27.631021114619486,7.514631890240724,10.043143342644829,9.717512304598841,10.592693060837187,15,3,False,42
ABC-SMC,482021.0970464136,5.205202873916734,3427170.0,37.008992433547974,9.663932314098508,24.02780641048252,9522.684288283766,27.631021114619486,7.514631890240724,10.043143342644829,9.717512304598841,10.592693060837187,15,3,False,42
ABC-SMC,474033.0578512397,5.100865994603181,3441480.0,37.03228712081909,9.663932314098508,24.02780641048252,9522.68428828377,27.631021114619486,7.514631890240724,10.043143342644829,9.717512304598841,10.592693060837187,15,3,False,42
ABC-SMC,473071.8685831622,5.072639642881254,3455790.0,37.05563259124756,9.663932314098508,24.02780641048252,9522.684288283766,27.631021114619486,7.514631890240724,10.043143342644829,9.717512304598841,10.592693060837187,15,3,False,42
ABC-SMC,470203.2520325203,5.024244533321721,3470100.0,37.07892465591431,9.663932314098508,24.02780641048252,9522.68428828377,27.631021114619486,7.514631890240724,10.043143342644829,9.717512304598841,10.592693060837187,15,3,False,42
ABC-SMC,470230.76923076925,5.007038843615657,3484410.0,37.10215783119202,9.663932314098508,24.02780641048252,9522.684288283766,27.631021114619486,7.514631890240724,10.043143342644829,9.717512304598841,10.592693060837187,15,3,False,42
ABC-SMC,465564.870259481,4.940162621889603,3498720.0,37.125322103500366,9.663932314098508,24.02780641048252,9522.68428828377,27.631021114619486,7.514631890240724,10.043143342644829,9.717512304598841,10.592693060837187,15,3,False,42
ABC-SMC,461936.8836291913,4.884747687646388,3513030.0,37.14850616455078,9.663932314098508,24.02780641048252,9522.684288283766,27.631021114619486,7.514631890240724,10.043143342644829,9.717512304598841,10.592693060837187,15,3,False,42
ABC-SMC,462905.51181102364,4.878177918161308,3527340.0,37.17171573638916,9.663932314098508,24.02780641048252,9522.68428828377,27.631021114619486,7.514631890240724,10.043143342644829,9.717512304598841,10.592693060837187,15,3,False,42
ABC-SMC,459357.9766536965,4.824241404403508,3541650.0,37.19490122795105,9.663932314098508,24.02780641048252,9522.684288283766,27.631021114619486,7.514631890240724,10.043143342644829,9.717512304598841,10.592693060837187,15,3,False,42
ABC-SMC,459426.3565891473,4.80856615135528,3555960.0,37.21830201148987,9.663932314098508,24.02780641048252,9522.68428828377,27.631021114619486,7.514631890240724,10.043143342644829,9.717512304598841,10.592693060837187,15,3,False,42
ABC-SMC,456848.3685220729,4.76541198832975,3570270.0,37.241694688797,9.663932314098508,24.02780641048252,9522.684288283766,27.631021114619486,7.514631890240724,10.043143342644829,9.717512304598841,10.592693060837187,15,3,False,42
ABC-SMC,454319.391634981,4.72305549263803,3584580.0,37.26490783691406,9.663932314098508,24.02780641048252,9522.68428828377,27.631021114619486,7.514631890240724,10.043143342644829,9.717512304598841,10.592693060837187,15,3,False,42
ABC-SMC,450988.72180451127,4.67268575104257,3598890.0,37.2880322933197,9.663932314098508,24.02780641048252,9522.684288283766,27.631021114619486,7.514631890240724,10.043143342644829,9.717512304598841,10.592693060837187,15,3,False,42
ABC-SMC,448566.1080074488,4.632050379842502,3613200.0,37.31116580963135,9.663932314098508,24.02780641048252,9522.68428828377,27.631021114619486,7.514631890240724,10.043143342644829,9.717512304598841,10.592693060837187,15,3,False,42
ABC-SMC,446188.19188191876,4.5921692255824835,3627510.0,37.334335803985596,9.663932314098508,24.02780641048252,9522.684288283766,27.631021114619486,7.514631890240724,10.043143342644829,9.717512304598841,10.592693060837187,15,3,False,42
ABC-SMC,445482.5688073394,4.569717693037213,3641820.0,37.357442140579224,9.663932314098508,24.02780641048252,9522.68428828377,27.631021114619486,7.514631890240724,10.043143342644829,9.717512304598841,10.592693060837187,15,3,False,42
ABC-SMC,444784.6715328467,4.5475153447357695,3656130.0,37.38057613372803,9.663932314098508,24.02780641048252,9522.684288283766,27.631021114619486,7.514631890240724,10.043143342644829,9.717512304598841,10.592693060837187,15,3,False,42
ABC-SMC,444094.37386569876,4.525553235413447,3670440.0,37.40369749069214,9.663932314098508,24.02780641048252,9522.68428828377,27.631021114619486,7.514631890240724,10.043143342644829,9.717512304598841,10.592693060837187,15,3,False,42
ABC-SMC,444213.3815551537,4.511981185765924,3684750.0,37.426883935928345,9.663932314098508,24.02780641048252,9522.684288283766,27.631021114619486,7.514631890240724,10.043143342644829,9.717512304598841,10.592693060837187,15,3,False,42
ABC-SMC,445133.5740072202,4.5066151234503975,3699060.0,37.4499716758728,9.663932314098508,24.02780641048252,9522.68428828377,27.631021114619486,7.514631890240724,10.043143342644829,9.717512304598841,10.592693060837187,15,3,False,42
ABC-SMC,445248.2014388489,4.4931676176240405,3713370.0,37.4730179309845,9.663932314098508,24.02780641048252,9522.684288283766,27.631021114619486,7.514631890240724,10.043143342644829,9.717512304598841,10.592693060837187,15,3,False,42
ABC-SMC,442192.1708185052,4.447940094473805,3727680.0,37.496134996414185,9.663932314098508,24.02780641048252,9522.68428828377,27.631021114619486,7.514631890240724,10.043143342644829,9.717512304598841,10.592693060837187,15,3,False,42
ABC-SMC,442315.6028368795,4.43490244818072,3741990.0,37.51927471160889,9.663932314098508,24.02780641048252,9522.684288283766,27.631021114619486,7.514631890240724,10.043143342644829,9.717512304598841,10.592693060837187,15,3,False,42
ABC-SMC,440880.28169014084,4.406382892053452,3756300.0,37.54238224029541,9.663932314098508,24.02780641048252,9522.68428828377,27.631021114619486,7.514631890240724,10.043143342644829,9.717512304598841,10.592693060837187,15,3,False,42
ABC-SMC,441782.07381370827,4.401351892955134,3770610.0,37.56553840637207,9.663932314098508,24.02780641048252,9522.684288283766,27.631021114619486,7.514631890240724,10.043143342644829,9.717512304598841,10.592693060837187,15,3,False,42
ABC-SMC,441132.86713286716,4.380962231776098,3784920.0,37.588655948638916,9.663932314098508,24.02780641048252,9522.68428828377,27.631021114619486,7.514631890240724,10.043143342644829,9.717512304598841,10.592693060837187,15,3,False,42
ABC-SMC,442027.9232111694,4.376000287298411,3799230.0,37.611722469329834,9.663932314098508,24.02780641048252,9522.684288283766,27.631021114619486,7.514631890240724,10.043143342644829,9.717512304598841,10.592693060837187,15,3,False,42
ABC-SMC,440616.9844020797,4.348342257521181,3813540.0,37.634902238845825,9.663932314098508,24.02780641048252,9522.68428828377,27.631021114619486,7.514631890240724,10.043143342644829,9.717512304598841,10.592693060837187,15,3,False,42
ABC-SMC,440742.6597582039,4.3359730390549815,3827850.0,37.657925844192505,9.663932314098508,24.02780641048252,9522.684288283766,27.631021114619486,7.514631890240724,10.043143342644829,9.717512304598841,10.592693060837187,15,3,False,42
ABC-SMC,440109.9656357389,4.316265776941185,3842160.0,37.68100023269653,9.663932314098508,24.02780641048252,9522.68428828377,27.631021114619486,7.514631890240724,10.043143342644829,9.717512304598841,10.592693060837187,15,3,False,42
ABC-SMC,439483.76068376075,4.296894915762791,3856470.0,37.70525288581848,9.663932314098508,24.02780641048252,9522.684288283766,27.631021114619486,7.514631890240724,10.043143342644829,9.717512304598841,10.592693060837187,15,3,False,42
ABC-SMC,441114.52991453,4.299531567130674,3870780.0,37.728389501571655,9.663932314098508,24.02780641048252,9522.68428828377,27.631021114619486,7.514631890240724,10.043143342644829,9.717512304598841,10.592693060837187,15,3,False,42
ABC-SMC,441989.7610921502,4.29482435610514,3885090.0,37.751506090164185,9.663932314098508,24.02780641048252,9522.684288283766,27.631021114619486,7.514631890240724,10.043143342644829,9.717512304598841,10.592693060837187,15,3,False,42
ABC-SMC,439864.6362098139,4.261088546090253,3899400.0,37.77454996109009,9.663932314098508,24.02780641048252,9522.68428828377,27.631021114619486,7.514631890240724,10.043143342644829,9.717512304598841,10.592693060837187,15,3,False,42
ABC-SMC,436311.03678929777,4.213779799249792,3913710.0,37.79760479927063,9.663932314098508,24.02780641048252,9522.684288283766,27.631021114619486,7.514631890240724,10.043143342644829,9.717512304598841,10.592693060837187,15,3,False,42
ABC-SMC,437175.2921535893,4.209314907797855,3928020.0,37.82069444656372,9.663932314098508,24.02780641048252,9522.68428828377,27.631021114619486,7.514631890240724,10.043143342644829,9.717512304598841,10.592693060837187,15,3,False,42
ABC-SMC,436581.3953488372,4.190888119694402,3942330.0,37.843719720840454,9.663932314098508,24.02780641048252,9522.684288283766,27.631021114619486,7.514631890240724,10.043143342644829,9.717512304598841,10.592693060837187,15,3,False,42
ABC-SMC,437439.46932006633,4.186500087503967,3956640.0,37.86689329147339,9.663932314098508,24.02780641048252,9522.68428828377,27.631021114619486,7.514631890240724,10.043143342644829,9.717512304598841,10.592693060837187,15,3,False,42
ABC-SMC,438294.70198675495,4.182119664240621,3970950.0,37.89000415802002,9.663932314098508,24.02780641048252,9522.684288283766,27.631021114619486,7.514631890240724,10.043143342644829,9.717512304598841,10.592693060837187,15,3,False,42
ABC-SMC,439147.1074380165,4.1780573999914585,3985260.0,37.915870904922485,9.663932314098508,24.02780641048252,9522.68428828377,27.631021114619486,7.514631890240724,10.043143342644829,9.717512304598841,10.592693060837187,15,3,False,42
ABC-SMC,439996.699669967,4.173935994063274,3999570.0,37.941078186035156,9.663932314098508,24.02780641048252,9522.684288283766,27.631021114619486,7.514631890240724,10.043143342644829,9.717512304598841,10.592693060837187,15,3,False,42
ABC-SMC,440118.4210526316,4.162759346920147,4013880.0,37.96436524391174,9.663932314098508,24.02780641048252,9522.68428828377,27.631021114619486,7.514631890240724,10.043143342644829,9.717512304598841,10.592693060837187,15,3,False,42
ABC-SMC,440239.3442622951,4.151648563114021,4028190.0,37.987584352493286,9.663932314098508,24.02780641048252,9522.684288283766,27.631021114619486,7.514631890240724,10.043143342644829,9.717512304598841,10.592693060837187,15,3,False,42
ABC-SMC,441080.1963993453,4.147385172159764,4042500.0,38.01078510284424,9.663932314098508,24.02780641048252,9522.68428828377,27.631021114619486,7.514631890240724,10.043143342644829,9.717512304598841,10.592693060837187,15,3,False,42
ABC-SMC,441197.3898858075,4.136378224483322,4056810.0,38.033997774124146,9.663932314098508,24.02780641048252,9522.684288283766,27.631021114619486,7.514631890240724,10.043143342644829,9.717512304598841,10.592693060837187,15,3,False,42
ABC-SMC,440597.40259740263,4.118758001368799,4071120.0,38.057323932647705,9.663932314098508,24.02780641048252,9522.68428828377,27.631021114619486,7.514631890240724,10.043143342644829,9.717512304598841,10.592693060837187,15,3,False,42
ABC-SMC,440715.210355987,4.107918682736229,4085430.0,38.080406188964844,9.663932314098508,24.02780641048252,9522.684288283766,27.631021114619486,7.514631890240724,10.043143342644829,9.717512304598841,10.592693060837187,15,3,False,42
ABC-SMC,439414.7909967846,4.0839761016453195,4099740.0,38.10349702835083,9.663932314098508,24.02780641048252,9522.68428828377,27.631021114619486,7.514631890240724,10.043143342644829,9.717512304598841,10.592693060837187,15,3,False,42
ABC-SMC,438832.0,4.066838073730469,4114050.0,38.126606941223145,9.663932314098508,24.02780641048252,9522.684288283766,27.631021114619486,7.514631890240724,10.043143342644829,9.717512304598841,10.592693060837187,15,3,False,42
ABC-SMC,440358.4,4.069303181966146,4128360.0,38.14971733093262,9.663932314098508,24.02780641048252,9522.68428828377,27.631021114619486,7.514631890240724,10.043143342644829,9.717512304598841,10.592693060837187,15,3,False,42
ABC-SMC,440475.27910685807,4.058775148893657,4142670.0,38.17278027534485,9.663932314098508,24.02780641048252,9522.684288283766,27.631021114619486,7.514631890240724,10.043143342644829,9.717512304598841,10.592693060837187,15,3,False,42
ABC-SMC,439194.9286846276,4.035499243275299,4156980.0,38.19600033760071,9.663932314098508,24.02780641048252,9522.68428828377,27.631021114619486,7.514631890240724,10.043143342644829,9.717512304598841,10.592693060837187,15,3,False,42
ABC-SMC,438621.45110410097,4.018848225646716,4171290.0,38.21924662590027,9.663932314098508,24.02780641048252,9522.684288283766,27.631021114619486,7.514631890240724,10.043143342644829,9.717512304598841,10.592693060837187,15,3,False,42
ABC-SMC,439433.07086614176,4.014950499446999,4185600.0,38.242403507232666,9.663932314098508,24.02780641048252,9522.68428828377,27.631021114619486,7.514631890240724,10.043143342644829,9.717512304598841,10.592693060837187,15,3,False,42
ABC-SMC,438862.0689655173,3.9984767090688798,4199910.0,38.265422105789185,9.663932314098508,24.02780641048252,9522.684288283766,27.631021114619486,7.514631890240724,10.043143342644829,9.717512304598841,10.592693060837187,15,3,False,42
ABC-SMC,439668.23161189357,3.994616631362111,4214220.0,38.288400411605835,9.663932314098508,24.02780641048252,9522.68428828377,27.631021114619486,7.514631890240724,10.043143342644829,9.717512304598841,10.592693060837187,15,3,False,42
ABC-SMC,440471.875,3.990770950913429,4228530.0,38.31140112876892,9.663932314098508,24.02780641048252,9522.684288283766,27.631021114619486,7.514631890240724,10.043143342644829,9.717512304598841,10.592693060837187,15,3,False,42
ABC-SMC,440585.66978193144,3.980728200910495,4242840.0,38.334412574768066,9.663932314098508,24.02780641048252,9522.68428828377,27.631021114619486,7.514631890240724,10.043143342644829,9.717512304598841,10.592693060837187,15,3,False,42
ABC-SMC,440698.7577639751,3.970745138006428,4257150.0,38.35739803314209,9.663932314098508,24.02780641048252,9522.684288283766,27.631021114619486,7.514631890240724,10.043143342644829,9.717512304598841,10.592693060837187,15,3,False,42
ABC-SMC,440129.8299845441,3.95470277234981,4271460.0,38.38039040565491,9.663932314098508,24.02780641048252,9522.68428828377,27.631021114619486,7.514631890240724,10.043143342644829,9.717512304598841,10.592693060837187,15,3,False,42
ABC-SMC,440243.45146379044,3.9448780222433806,4285770.0,38.40338754653931,9.663932314098508,24.02780641048252,9522.684288283766,27.631021114619486,7.514631890240724,10.043143342644829,9.717512304598841,10.592693060837187,15,3,False,42
ABC-SMC,439680.981595092,3.9290810411449337,4300080.0,38.42641258239746,9.663932314098508,24.02780641048252,9522.68428828377,27.631021114619486,7.514631890240724,10.043143342644829,9.717512304598841,10.592693060837187,15,3,False,42
ABC-SMC,440468.606431853,3.925419997779492,4314390.0,38.44948887825012,9.663932314098508,24.02780641048252,9522.684288283766,27.631021114619486,7.514631890240724,10.043143342644829,9.717512304598841,10.592693060837187,15,3,False,42
ABC-SMC,441929.55589586525,3.9277662361927823,4328700.0,38.4724702835083,9.663932314098508,24.02780641048252,9522.68428828377,27.631021114619486,7.514631890240724,10.043143342644829,9.717512304598841,10.592693060837187,15,3,False,42
ABC-SMC,442036.6412213739,3.918118513267458,4343010.0,38.49551439285278,9.663932314098508,24.02780641048252,9522.684288283766,27.631021114619486,7.514631890240724,10.043143342644829,9.717512304598841,10.592693060837187,15,3,False,42
ABC-SMC,442817.0731707317,3.9144830490515483,4357320.0,38.518513202667236,9.663932314098508,24.02780641048252,9522.68428828377,27.631021114619486,7.514631890240724,10.043143342644829,9.717512304598841,10.592693060837187,15,3,False,42
ABC-SMC,442920.97264437686,3.9049106286772592,4371630.0,38.541467905044556,9.663932314098508,24.02780641048252,9522.684288283766,27.631021114619486,7.514631890240724,10.043143342644829,9.717512304598841,10.592693060837187,15,3,False,42
ABC-SMC,444370.82066869293,3.9072369369692344,4385940.0,38.56442856788635,9.663932314098508,24.02780641048252,9522.68428828377,27.631021114619486,7.514631890240724,10.043143342644829,9.717512304598841,10.592693060837187,15,3,False,42
ABC-SMC,445144.157814871,3.903627492106799,4400250.0,38.58735775947571,9.663932314098508,24.02780641048252,9522.684288283766,27.631021114619486,7.514631890240724,10.043143342644829,9.717512304598841,10.592693060837187,15,3,False,42
ABC-SMC,445915.15151515155,3.900040207487164,4414560.0,38.610398054122925,9.663932314098508,24.02780641048252,9522.68428828377,27.631021114619486,7.514631890240724,10.043143342644829,9.717512304598841,10.592693060837187,15,3,False,42
ABC-SMC,446009.06344410876,3.890576991669961,4428870.0,38.633429527282715,9.663932314098508,24.02780641048252,9522.684288283766,27.631021114619486,7.514631890240724,10.043143342644829,9.717512304598841,10.592693060837187,15,3,False,42
ABC-SMC,447450.1510574018,3.8928890036192065,4443180.0,38.65638780593872,9.663932314098508,24.02780641048252,9522.68428828377,27.631021114619486,7.514631890240724,10.043143342644829,9.717512304598841,10.592693060837187,15,3,False,42
ABC-SMC,447539.15662650607,3.883480475130809,4457490.0,38.679465532302856,9.663932314098508,24.02780641048252,9522.684288283766,27.631021114619486,7.514631890240724,10.043143342644829,9.717512304598841,10.592693060837187,15,3,False,42
ABC-SMC,448975.9036144578,3.885792345407019,4471800.0,38.702491760253906,9.663932314098508,24.02780641048252,9522.68428828377,27.631021114619486,7.514631890240724,10.043143342644829,9.717512304598841,10.592693060837187,15,3,False,42
ABC-SMC,450412.6506024097,3.8880961487092165,4486110.0,38.7254376411438,9.663932314098508,24.02780641048252,9522.684288283766,27.631021114619486,7.514631890240724,10.043143342644829,9.717512304598841,10.592693060837187,15,3,False,42
ABC-SMC,450492.4924924925,3.8787271883394623,4500420.0,38.74848461151123,9.663932314098508,24.02780641048252,9522.68428828377,27.631021114619486,7.514631890240724,10.043143342644829,9.717512304598841,10.592693060837187,15,3,False,42
ABC-SMC,449898.355754858,3.8636228013050515,4514730.0,38.77145481109619,9.663932314098508,24.02780641048252,9522.684288283766,27.631021114619486,7.514631890240724,10.043143342644829,9.717512304598841,10.592693060837187,15,3,False,42
ABC-SMC,450650.7462686567,3.860140060310933,4529040.0,38.79440760612488,9.663932314098508,24.02780641048252,9522.68428828377,27.631021114619486,7.514631890240724,10.043143342644829,9.717512304598841,10.592693060837187,15,3,False,42
ABC-SMC,451400.89418777934,3.856661256959766,4543350.0,38.81729555130005,9.663932314098508,24.02780641048252,9522.684288283766,27.631021114619486,7.514631890240724,10.043143342644829,9.717512304598841,10.592693060837187,15,3,False,42
ABC-SMC,452822.65275707893,3.8589362179054523,4557660.0,38.840193033218384,9.663932314098508,24.02780641048252,9522.68428828377,27.631021114619486,7.514631890240724,10.043143342644829,9.717512304598841,10.592693060837187,15,3,False,42
ABC-SMC,451552.5925925926,3.838331034154068,4571970.0,38.86310172080994,9.663932314098508,24.02780641048252,9522.684288283766,27.631021114619486,7.514631890240724,10.043143342644829,9.717512304598841,10.592693060837187,15,3,False,42
ABC-SMC,451627.76957163954,3.829249791004926,4586280.0,38.88603162765503,9.663932314098508,24.02780641048252,9522.68428828377,27.631021114619486,7.514631890240724,10.043143342644829,9.717512304598841,10.592693060837187,15,3,False,42
ABC-SMC,451038.23529411753,3.814613468506756,4600590.0,38.90905737876892,9.663932314098508,24.02780641048252,9522.684288283766,27.631021114619486,7.514631890240724,10.043143342644829,9.717512304598841,10.592693060837187,15,3,False,42
ABC-SMC,451114.3695014663,3.8056733904229816,4614900.0,38.9320387840271,9.663932314098508,24.02780641048252,9522.68428828377,27.631021114619486,7.514631890240724,10.043143342644829,9.717512304598841,10.592693060837187,15,3,False,42
ABC-SMC,451190.0584795321,3.796784268949928,4629210.0,38.95500659942627,9.663932314098508,24.02780641048252,9522.684288283766,27.631021114619486,7.514631890240724,10.043143342644829,9.717512304598841,10.592693060837187,15,3,False,42
ABC-SMC,451265.30612244894,3.7879445462463197,4643520.0,38.977949380874634,9.663932314098508,24.02780641048252,9522.68428828377,27.631021114619486,7.514631890240724,10.043143342644829,9.717512304598841,10.592693060837187,15,3,False,42
ABC-SMC,451340.11627906986,3.7791618543077816,4657830.0,39.0009503364563,9.663932314098508,24.02780641048252,9522.684288283766,27.631021114619486,7.514631890240724,10.043143342644829,9.717512304598841,10.592693060837187,15,3,False,42
ABC-SMC,452726.7441860466,3.781397929487303,4672140.0,39.02402663230896,9.663932314098508,24.02780641048252,9522.68428828377,27.631021114619486,7.514631890240724,10.043143342644829,9.717512304598841,10.592693060837187,15,3,False,42
ABC-SMC,453454.2815674892,3.7781464632548287,4686450.0,39.04714369773865,9.663932314098508,24.02780641048252,9522.684288283766,27.631021114619486,7.514631890240724,10.043143342644829,9.717512304598841,10.592693060837187,15,3,False,42
ABC-SMC,454838.8969521046,3.7803865597913626,4700760.0,39.070295095443726,9.663932314098508,24.02780641048252,9522.68428828377,27.631021114619486,7.514631890240724,10.043143342644829,9.717512304598841,10.592693060837187,15,3,False,42
ABC-SMC,456223.51233671996,3.7826063324993346,4715070.0,39.093236446380615,9.663932314098508,24.02780641048252,9522.684288283766,27.631021114619486,7.514631890240724,10.043143342644829,9.717512304598841,10.592693060837187,15,3,False,42
ABC-SMC,456944.9275362319,3.7793402971276913,4729380.0,39.116172075271606,9.663932314098508,24.02780641048252,9522.68428828377,27.631021114619486,7.514631890240724,10.043143342644829,9.717512304598841,10.592693060837187,15,3,False,42
ABC-SMC,457664.2547033286,3.7760876712164215,4743690.0,39.1391487121582,9.663932314098508,24.02780641048252,9522.684288283766,27.631021114619486,7.514631890240724,10.043143342644829,9.717512304598841,10.592693060837187,15,3,False,42
ABC-SMC,457060.51873198844,3.7619725427984845,4758000.0,39.16213417053223,9.663932314098508,24.02780641048252,9522.68428828377,27.631021114619486,7.514631890240724,10.043143342644829,9.717512304598841,10.592693060837187,15,3,False,42
ABC-SMC,455808.0229226361,3.742605430690471,4772310.0,39.185078859329224,9.663932314098508,24.02780641048252,9522.684288283766,27.631021114619486,7.514631890240724,10.043143342644829,9.717512304598841,10.592693060837187,15,3,False,42
ABC-SMC,453923.18634423893,3.71818528914689,4786620.0,39.208263874053955,9.663932314098508,24.02780641048252,9522.68428828377,27.631021114619486,7.514631890240724,10.043143342644829,9.717512304598841,10.592693060837187,15,3,False,42
ABC-SMC,453988.6524822695,3.7098127279439437,4800930.0,39.2312695980072,9.663932314098508,24.02780641048252,9522.684288283766,27.631021114619486,7.514631890240724,10.043143342644829,9.717512304598841,10.592693060837187,15,3,False,42
ABC-SMC,454696.8838526912,3.706738473785948,4815240.0,39.25436043739319,9.663932314098508,24.02780641048252,9522.68428828377,27.631021114619486,7.514631890240724,10.043143342644829,9.717512304598841,10.592693060837187,15,3,False,42
ABC-SMC,455403.1117397455,3.703652412921739,4829550.0,39.277233839035034,9.663932314098508,24.02780641048252,9522.684288283766,27.631021114619486,7.514631890240724,10.043143342644829,9.717512304598841,10.592693060837187,15,3,False,42
ABC-SMC,456752.47524752485,3.70582090914671,4843860.0,39.300230741500854,9.663932314098508,24.02780641048252,9522.68428828377,27.631021114619486,7.514631890240724,10.043143342644829,9.717512304598841,10.592693060837187,15,3,False,42
ABC-SMC,457454.802259887,3.7027392683729614,4858170.0,39.32309103012085,9.663932314098508,24.02780641048252,9522.684288283766,27.631021114619486,7.514631890240724,10.043143342644829,9.717512304598841,10.592693060837187,15,3,False,42
ABC-SMC,457509.85915492964,3.6944619926488462,4872480.0,39.346020221710205,9.663932314098508,24.02780641048252,9522.68428828377,27.631021114619486,7.514631890240724,10.043143342644829,9.717512304598841,10.592693060837187,15,3,False,42
ABC-SMC,457564.606741573,3.6862258830767,4886790.0,39.368892431259155,9.663932314098508,24.02780641048252,9522.684288283766,27.631021114619486,7.514631890240724,10.043143342644829,9.717512304598841,10.592693060837187,15,3,False,42
ABC-SMC,458904.4943820225,3.6883686365706194,4901100.0,39.39177703857422,9.663932314098508,24.02780641048252,9522.68428828377,27.631021114619486,7.514631890240724,10.043143342644829,9.717512304598841,10.592693060837187,15,3,False,42
ABC-SMC,458955.18207282916,3.6801672115379365,4915410.0,39.41459083557129,9.663932314098508,24.02780641048252,9522.684288283766,27.631021114619486,7.514631890240724,10.043143342644829,9.717512304598841,10.592693060837187,15,3,False,42
ABC-SMC,459647.55244755244,3.6771548433459444,4929720.0,39.437485694885254,9.663932314098508,24.02780641048252,9522.68428828377,27.631021114619486,7.514631890240724,10.043143342644829,9.717512304598841,10.592693060837187,15,3,False,42
ABC-SMC,460981.8181818182,3.6792847604462593,4944030.0,39.46032905578613,9.663932314098508,24.02780641048252,9522.684288283766,27.631021114619486,7.514631890240724,10.043143342644829,9.717512304598841,10.592693060837187,15,3,False,42
ABC-SMC,461670.3910614525,3.6762792970881115,4958340.0,39.48323965072632,9.663932314098508,24.02780641048252,9522.68428828377,27.631021114619486,7.514631890240724,10.043143342644829,9.717512304598841,10.592693060837187,15,3,False,42
ABC-SMC,461713.0919220056,3.6681627053957686,4972650.0,39.50611233711243,9.663932314098508,24.02780641048252,9522.684288283766,27.631021114619486,7.514631890240724,10.043143342644829,9.717512304598841,10.592693060837187,15,3,False,42
ABC-SMC,461755.5555555556,3.6600959300994877,4986960.0,39.52903604507446,9.663932314098508,24.02780641048252,9522.68428828377,27.631021114619486,7.514631890240724,10.043143342644829,9.717512304598841,10.592693060837187,15,3,False,42
ABC-SMC,463080.5555555556,3.6622250300866592,5001270.0,39.55203032493591,9.663932314098508,24.02780641048252,9522.684288283766,27.631021114619486,7.514631890240724,10.043143342644829,9.717512304598841,10.592693060837187,15,3,False,42
ABC-SMC,464405.5555555556,3.6643487877315954,5015580.0,39.57496690750122,9.663932314098508,24.02780641048252,9522.68428828377,27.631021114619486,7.514631890240724,10.043143342644829,9.717512304598841,10.592693060837187,15,3,False,42
ABC-SMC,465730.5555555556,3.6664740465305474,5029890.0,39.59791970252991,9.663932314098508,24.02780641048252,9522.684288283766,27.631021114619486,7.514631890240724,10.043143342644829,9.717512304598841,10.592693060837187,15,3,False,42
ABC-SMC,467055.5555555557,3.6686331254464615,5044200.0,39.62123775482178,9.663932314098508,24.02780641048252,9522.68428828377,27.631021114619486,7.514631890240724,10.043143342644829,9.717512304598841,10.592693060837187,15,3,False,42
ABC-SMC,467730.9292649098,3.6656625503420113,5058510.0,39.64414048194885,9.663932314098508,24.02780641048252,9522.684288283766,27.631021114619486,7.514631890240724,10.043143342644829,9.717512304598841,10.592693060837187,15,3,False,42
ABC-SMC,469054.09153952845,3.6677836269567368,5072820.0,39.66707992553711,9.663932314098508,24.02780641048252,9522.68428828377,27.631021114619486,7.514631890240724,10.043143342644829,9.717512304598841,10.592693060837187,15,3,False,42
ABC-SMC,469076.07192254503,3.659750976668025,5087130.0,39.68999934196472,9.663932314098508,24.02780641048252,9522.684288283766,27.631021114619486,7.514631890240724,10.043143342644829,9.717512304598841,10.592693060837187,15,3,False,42
ABC-SMC,469745.85635359114,3.656809062149863,5101440.0,39.71294641494751,9.663932314098508,24.02780641048252,9522.68428828377,27.631021114619486,7.514631890240724,10.043143342644829,9.717512304598841,10.592693060837187,15,3,False,42
ABC-SMC,469765.84022038564,3.648844281941844,5115750.0,39.73591423034668,9.663932314098508,24.02780641048252,9522.684288283766,27.631021114619486,7.514631890240724,10.043143342644829,9.717512304598841,10.592693060837187,15,3,False,42
ABC-SMC,470431.91196698765,3.645925508732645,5130060.0,39.75881767272949,9.663932314098508,24.02780641048252,9522.68428828377,27.631021114619486,7.514631890240724,10.043143342644829,9.717512304598841,10.592693060837187,15,3,False,42
ABC-SMC,470449.9314128944,3.638016169181304,5144370.0,39.78170680999756,9.663932314098508,24.02780641048252,9522.684288283766,27.631021114619486,7.514631890240724,10.043143342644829,9.717512304598841,10.592693060837187,15,3,False,42
ABC-SMC,471112.3287671233,3.635135219521718,5158680.0,39.80473065376282,9.663932314098508,24.02780641048252,9522.68428828377,27.631021114619486,7.514631890240724,10.043143342644829,9.717512304598841,10.592693060837187,15,3,False,42
ABC-SMC,472419.17808219173,3.6372260960269736,5172990.0,39.82762575149536,9.663932314098508,24.02780641048252,9522.684288283766,27.631021114619486,7.514631890240724,10.043143342644829,9.717512304598841,10.592693060837187,15,3,False,42
ABC-SMC,473726.0273972603,3.6393208046482033,5187300.0,39.85056281089783,9.663932314098508,24.02780641048252,9522.68428828377,27.631021114619486,7.514631890240724,10.043143342644829,9.717512304598841,10.592693060837187,15,3,False,42
ABC-SMC,474383.0369357045,3.6364271604900646,5201610.0,39.87342381477356,9.663932314098508,24.02780641048252,9522.684288283766,27.631021114619486,7.514631890240724,10.043143342644829,9.717512304598841,10.592693060837187,15,3,False,42
ABC-SMC,475038.25136612024,3.633555341070901,5215920.0,39.896437644958496,9.663932314098508,24.02780641048252,9522.68428828377,27.631021114619486,7.514631890240724,10.043143342644829,9.717512304598841,10.592693060837187,15,3,False,42
ABC-SMC,475691.67803547066,3.630679864783675,5230230.0,39.91932511329651,9.663932314098508,24.02780641048252,9522.684288283766,27.631021114619486,7.514631890240724,10.043143342644829,9.717512304598841,10.592693060837187,15,3,False,42
ABC-SMC,475695.2380952381,3.6228822418351294,5244540.0,39.9422767162323,9.663932314098508,24.02780641048252,9522.68428828377,27.631021114619486,7.514631890240724,10.043143342644829,9.717512304598841,10.592693060837187,15,3,False,42
ABC-SMC,475054.2005420054,3.610213468391398,5258850.0,39.96506309509277,9.663932314098508,24.02780641048252,9522.684288283766,27.631021114619486,7.514631890240724,10.043143342644829,9.717512304598841,10.592693060837187,15,3,False,42
ABC-SMC,476346.8834688347,3.612284479425529,5273160.0,39.9879891872406,9.663932314098508,24.02780641048252,9522.68428828377,27.631021114619486,7.514631890240724,10.043143342644829,9.717512304598841,10.592693060837187,15,3,False,42
ABC-SMC,476348.64864864864,3.604576501760397,5287470.0,40.010799169540405,9.663932314098508,24.02780641048252,9522.684288283766,27.631021114619486,7.514631890240724,10.043143342644829,9.717512304598841,10.592693060837187,15,3,False,42
ABC-SMC,476350.40431266854,3.596928605921935,5301780.0,40.03381538391113,9.663932314098508,24.02780641048252,9522.68428828377,27.631021114619486,7.514631890240724,10.043143342644829,9.717512304598841,10.592693060837187,15,3,False,42
ABC-SMC,476993.27052489907,3.5941401636081727,5316090.0,40.056692123413086,9.663932314098508,24.02780641048252,9522.684288283766,27.631021114619486,7.514631890240724,10.043143342644829,9.717512304598841,10.592693060837187,15,3,False,42
ABC-SMC,476993.28859060403,3.58654561992193,5330400.0,40.07964730262756,9.663932314098508,24.02780641048252,9522.68428828377,27.631021114619486,7.514631890240724,10.043143342644829,9.717512304598841,10.592693060837187,15,3,False,42
ABC-SMC,477632.7077747989,3.583785057920127,5344710.0,40.10255479812622,9.663932314098508,24.02780641048252,9522.684288283766,27.631021114619486,7.514631890240724,10.043143342644829,9.717512304598841,10.592693060837187,15,3,False,42
ABC-SMC,478911.5281501341,3.5858337531886644,5359020.0,40.12547969818115,9.663932314098508,24.02780641048252,9522.68428828377,27.631021114619486,7.514631890240724,10.043143342644829,9.717512304598841,10.592693060837187,15,3,False,42
ABC-SMC,479547.5234270415,3.583094925818726,5373330.0,40.14857864379883,9.663932314098508,24.02780641048252,9522.684288283766,27.631021114619486,7.514631890240724,10.043143342644829,9.717512304598841,10.592693060837187,15,3,False,42
ABC-SMC,480824.63186077646,3.5851468363280596,5387640.0,40.17157030105591,9.663932314098508,24.02780641048252,9522.68428828377,27.631021114619486,7.514631890240724,10.043143342644829,9.717512304598841,10.592693060837187,15,3,False,42
ABC-SMC,482101.7402945114,3.5871983212799115,5401950.0,40.194557189941406,9.663932314098508,24.02780641048252,9522.684288283766,27.631021114619486,7.514631890240724,10.043143342644829,9.717512304598841,10.592693060837187,15,3,False,42
ABC-SMC,483378.84872824635,3.589255168256032,5416260.0,40.21760416030884,9.663932314098508,24.02780641048252,9522.68428828377,27.631021114619486,7.514631890240724,10.043143342644829,9.717512304598841,10.592693060837187,15,3,False,42
ABC-SMC,484008.02139037434,3.5865002987431547,5430570.0,40.24053335189819,9.663932314098508,24.02780641048252,9522.684288283766,27.631021114619486,7.514631890240724,10.043143342644829,9.717512304598841,10.592693060837187,15,3,False,42
ABC-SMC,485283.4224598931,3.5885442599468265,5444880.0,40.263466596603394,9.663932314098508,24.02780641048252,9522.68428828377,27.631021114619486,7.514631890240724,10.043143342644829,9.717512304598841,10.592693060837187,15,3,False,42
ABC-SMC,486558.82352941175,3.590578701406877,5459190.0,40.286293029785156,9.663932314098508,24.02780641048252,9522.684288283766,27.631021114619486,7.514631890240724,10.043143342644829,9.717512304598841,10.592693060837187,15,3,False,42
ABC-SMC,487834.22459893045,3.5926199426837995,5473500.0,40.30919575691223,9.663932314098508,24.02780641048252,9522.68428828377,27.631021114619486,7.514631890240724,10.043143342644829,9.717512304598841,10.592693060837187,15,3,False,42
ABC-SMC,489109.6256684492,3.594661778944699,5487810.0,40.33210515975952,9.663932314098508,24.02780641048252,9522.684288283766,27.631021114619486,7.514631890240724,10.043143342644829,9.717512304598841,10.592693060837187,15,3,False,42
ABC-SMC,490385.0267379679,3.5967049964184006,5502120.0,40.35503005981445,9.663932314098508,24.02780641048252,9522.68428828377,27.631021114619486,7.514631890240724,10.043143342644829,9.717512304598841,10.592693060837187,15,3,False,42
ABC-SMC,491660.4278074867,3.5987474914115594,5516430.0,40.377946853637695,9.663932314098508,24.02780641048252,9522.684288283766,27.631021114619486,7.514631890240724,10.043143342644829,9.717512304598841,10.592693060837187,15,3,False,42
ABC-SMC,491621.3333333333,3.59120733473036,5530740.0,40.40108251571655,9.663932314098508,24.02780641048252,9522.68428828377,27.631021114619486,7.514631890240724,10.043143342644829,9.717512304598841,10.592693060837187,15,3,False,42
ABC-SMC,492237.017310253,3.5884523836179043,5545050.0,40.42391610145569,9.663932314098508,24.02780641048252,9522.684288283766,27.631021114619486,7.514631890240724,10.043143342644829,9.717512304598841,10.592693060837187,15,3,False,42
ABC-SMC,492851.06382978725,3.5857152642933188,5559360.0,40.44686818122864,9.663932314098508,24.02780641048252,9522.68428828377,27.631021114619486,7.514631890240724,10.043143342644829,9.717512304598841,10.592693060837187,15,3,False,42
ABC-SMC,494119.6808510638,3.5877410613053233,5573670.0,40.46971917152405,9.663932314098508,24.02780641048252,9522.684288283766,27.631021114619486,7.514631890240724,10.043143342644829,9.717512304598841,10.592693060837187,15,3,False,42
ABC-SMC,495388.2978723404,3.589771952189452,5587980.0,40.49262762069702,9.663932314098508,24.02780641048252,9522.68428828377,27.631021114619486,7.514631890240724,10.043143342644829,9.717512304598841,10.592693060837187,15,3,False,42
ABC-SMC,495997.3439575033,3.587025211362936,5602290.0,40.51544976234436,9.663932314098508,24.02780641048252,9522.684288283766,27.631021114619486,7.514631890240724,10.043143342644829,9.717512304598841,10.592693060837187,15,3,False,42
ABC-SMC,497264.2762284196,3.589052096464403,5616600.0,40.53834342956543,9.663932314098508,24.02780641048252,9522.68428828377,27.631021114619486,7.514631890240724,10.043143342644829,9.717512304598841,10.592693060837187,15,3,False,42
ABC-SMC,497870.02652519895,3.586307191722273,5630910.0,40.561134338378906,9.663932314098508,24.02780641048252,9522.684288283766,27.631021114619486,7.514631890240724,10.043143342644829,9.717512304598841,10.592693060837187,15,3,False,42
ABC-SMC,499135.27851458883,3.5883294070958036,5645220.0,40.58400559425354,9.663932314098508,24.02780641048252,9522.68428828377,27.631021114619486,7.514631890240724,10.043143342644829,9.717512304598841,10.592693060837187,15,3,False,42
ABC-SMC,499737.74834437086,3.5855898741328427,5659530.0,40.60680532455444,9.663932314098508,24.02780641048252,9522.684288283766,27.631021114619486,7.514631890240724,10.043143342644829,9.717512304598841,10.592693060837187,15,3,False,42
ABC-SMC,499677.6750330251,3.578137637549484,5673840.0,40.62975287437439,9.663932314098508,24.02780641048252,9522.68428828377,27.631021114619486,7.514631890240724,10.043143342644829,9.717512304598841,10.592693060837187,15,3,False,42
ABC-SMC,500277.0448548812,3.5754314722884817,5688150.0,40.652655839920044,9.663932314098508,24.02780641048252,9522.684288283766,27.631021114619486,7.514631890240724,10.043143342644829,9.717512304598841,10.592693060837187,15,3,False,42
ABC-SMC,501535.62005277036,3.577444379331778,5702460.0,40.67554259300232,9.663932314098508,24.02780641048252,9522.68428828377,27.631021114619486,7.514631890240724,10.043143342644829,9.717512304598841,10.592693060837187,15,3,False,42
ABC-SMC,502131.75230566534,3.5747407453333437,5716770.0,40.69842338562012,9.663932314098508,24.02780641048252,9522.684288283766,27.631021114619486,7.514631890240724,10.043143342644829,9.717512304598841,10.592693060837187,15,3,False,42
ABC-SMC,503388.66930171277,3.5767550001450155,5731080.0,40.721355676651,9.663932314098508,24.02780641048252,9522.68428828377,27.631021114619486,7.514631890240724,10.043143342644829,9.717512304598841,10.592693060837187,15,3,False,42
ABC-SMC,504645.5862977602,3.5787675377565566,5745390.0,40.7442684173584,9.663932314098508,24.02780641048252,9522.684288283766,27.631021114619486,7.514631890240724,10.043143342644829,9.717512304598841,10.592693060837187,15,3,False,42
ABC-SMC,505902.5032938076,3.5807809758510936,5759700.0,40.7671914100647,9.663932314098508,24.02780641048252,9522.68428828377,27.631021114619486,7.514631890240724,10.043143342644829,9.717512304598841,10.592693060837187,15,3,False,42
ABC-SMC,504500.65530799475,3.563997265343689,5774010.0,40.78994870185852,9.663932314098508,24.02780641048252,9522.684288283766,27.631021114619486,7.514631890240724,10.043143342644829,9.717512304598841,10.592693060837187,15,3,False,42
ABC-SMC,505750.98296199215,3.5659938777258637,5788320.0,40.81279993057251,9.663932314098508,24.02780641048252,9522.68428828377,27.631021114619486,7.514631890240724,10.043143342644829,9.717512304598841,10.592693060837187,15,3,False,42
ABC-SMC,507001.3106159895,3.5679946356123846,5802630.0,40.83569860458374,9.663932314098508,24.02780641048252,9522.684288283766,27.631021114619486,7.514631890240724,10.043143342644829,9.717512304598841,10.592693060837187,15,3,False,42
ABC-SMC,508251.63826998684,3.5699946852217805,5816940.0,40.85858917236328,9.663932314098508,24.02780641048252,9522.68428828377,27.631021114619486,7.514631890240724,10.043143342644829,9.717512304598841,10.592693060837187,15,3,False,42
ABC-SMC,508835.0785340314,3.567317975961309,5831250.0,40.8814640045166,9.663932314098508,24.02780641048252,9522.684288283766,27.631021114619486,7.514631890240724,10.043143342644829,9.717512304598841,10.592693060837187,15,3,False,42
ABC-SMC,509416.99346405227,3.5646673381198726,5845560.0,40.90455770492554,9.663932314098508,24.02780641048252,9522.68428828377,27.631021114619486,7.514631890240724,10.043143342644829,9.717512304598841,10.592693060837187,15,3,False,42
ABC-SMC,510664.05228758167,3.566662034178092,5859870.0,40.9274468421936,9.663932314098508,24.02780641048252,9522.684288283766,27.631021114619486,7.514631890240724,10.043143342644829,9.717512304598841,10.592693060837187,15,3,False,42
ABC-SMC,511911.1111111111,3.5686431419355937,5874180.0,40.95018005371094,9.663932314098508,24.02780641048252,9522.68428828377,27.631021114619486,7.514631890240724,10.043143342644829,9.717512304598841,10.592693060837187,15,3,False,42
ABC-SMC,513158.1699346406,3.5706439672731887,5888490.0,40.97313952445984,9.663932314098508,24.02780641048252,9522.684288283766,27.631021114619486,7.514631890240724,10.043143342644829,9.717512304598841,10.592693060837187,15,3,False,42
ABC-SMC,513733.68146214104,3.5679694566651987,5902800.0,40.99596905708313,9.663932314098508,24.02780641048252,9522.68428828377,27.631021114619486,7.514631890240724,10.043143342644829,9.717512304598841,10.592693060837187,15,3,False,42
ABC-SMC,514307.69230769225,3.565315555769793,5917110.0,41.01895546913147,9.663932314098508,24.02780641048252,9522.684288283766,27.631021114619486,7.514631890240724,10.043143342644829,9.717512304598841,10.592693060837187,15,3,False,42
ABC-SMC,514880.2083333334,3.5626579696933427,5931420.0,41.04181981086731,9.663932314098508,24.02780641048252,9522.68428828377,27.631021114619486,7.514631890240724,10.043143342644829,9.717512304598841,10.592693060837187,15,3,False,42
ABC-SMC,515451.23537061113,3.56001969690079,5945730.0,41.06482720375061,9.663932314098508,24.02780641048252,9522.684288283766,27.631021114619486,7.514631890240724,10.043143342644829,9.717512304598841,10.592693060837187,15,3,False,42
ABC-SMC,516691.8075422627,3.5620162535602518,5960040.0,41.087857484817505,9.663932314098508,24.02780641048252,9522.68428828377,27.631021114619486,7.514631890240724,10.043143342644829,9.717512304598841,10.592693060837187,15,3,False,42
ABC-SMC,516588.8456549935,3.5547598069022346,5974350.0,41.11079716682434,9.663932314098508,24.02780641048252,9522.684288283766,27.631021114619486,7.514631890240724,10.043143342644829,9.717512304598841,10.592693060837187,15,3,False,42
ABC-SMC,517155.44041450776,3.5521361700199634,5988660.0,41.13373684883118,9.663932314098508,24.02780641048252,9522.68428828377,27.631021114619486,7.514631890240724,10.043143342644829,9.717512304598841,10.592693060837187,15,3,False,42
ABC-SMC,518391.1917098445,3.554105182179927,6002970.0,41.156538009643555,9.663932314098508,24.02780641048252,9522.684288283766,27.631021114619486,7.514631890240724,10.043143342644829,9.717512304598841,10.592693060837187,15,3,False,42
ABC-SMC,519626.9430051814,3.556092600748329,6017280.0,41.17955231666565,9.663932314098508,24.02780641048252,9522.68428828377,27.631021114619486,7.514631890240724,10.043143342644829,9.717512304598841,10.592693060837187,15,3,False,42
ABC-SMC,520862.69430051814,3.5581025434899205,6031590.0,41.20282745361328,9.663932314098508,24.02780641048252,9522.684288283766,27.631021114619486,7.514631890240724,10.043143342644829,9.717512304598841,10.592693060837187,15,3,False,42
ABC-SMC,520749.3540051679,3.5508995113652086,6045900.0,41.22594332695007,9.663932314098508,24.02780641048252,9522.68428828377,27.631021114619486,7.514631890240724,10.043143342644829,9.717512304598841,10.592693060837187,15,3,False,42
ABC-SMC,521308.3870967741,3.548297307824576,6060210.0,41.24895620346069,9.663932314098508,24.02780641048252,9522.684288283766,27.631021114619486,7.514631890240724,10.043143342644829,9.717512304598841,10.592693060837187,15,3,False,42
ABC-SMC,521865.97938144323,3.545698759072425,6074520.0,41.27193355560303,9.663932314098508,24.02780641048252,9522.68428828377,27.631021114619486,7.514631890240724,10.043143342644829,9.717512304598841,10.592693060837187,15,3,False,42
ABC-SMC,523095.36082474224,3.547666552140541,6088830.0,41.294838666915894,9.663932314098508,24.02780641048252,9522.684288283766,27.631021114619486,7.514631890240724,10.043143342644829,9.717512304598841,10.592693060837187,15,3,False,42
ABC-SMC,524324.7422680412,3.5496373766476346,6103140.0,41.31777906417847,9.663932314098508,24.02780641048252,9522.68428828377,27.631021114619486,7.514631890240724,10.043143342644829,9.717512304598841,10.592693060837187,15,3,False,42
ABC-SMC,524877.7348777348,3.5470377268682776,6117450.0,41.34072470664978,9.663932314098508,24.02780641048252,9522.684288283766,27.631021114619486,7.514631890240724,10.043143342644829,9.717512304598841,10.592693060837187,15,3,False,42
ABC-SMC,526105.5341055341,3.549005810358349,6131760.0,41.36366271972656,9.663932314098508,24.02780641048252,9522.68428828377,27.631021114619486,7.514631890240724,10.043143342644829,9.717512304598841,10.592693060837187,15,3,False,42
ABC-SMC,526655.526992288,3.546404961142258,6146070.0,41.38654589653015,9.663932314098508,24.02780641048252,9522.684288283766,27.631021114619486,7.514631890240724,10.043143342644829,9.717512304598841,10.592693060837187,15,3,False,42
ABC-SMC,527204.1078305519,3.543811870733285,6160380.0,41.40944170951843,9.663932314098508,24.02780641048252,9522.68428828377,27.631021114619486,7.514631890240724,10.043143342644829,9.717512304598841,10.592693060837187,15,3,False,42
ABC-SMC,528428.754813864,3.545782287558481,6174690.0,41.43246603012085,9.663932314098508,24.02780641048252,9522.684288283766,27.631021114619486,7.514631890240724,10.043143342644829,9.717512304598841,10.592693060837187,15,3,False,42
ABC-SMC,529653.4017971759,3.547744971337765,6189000.0,41.45539999008179,9.663932314098508,24.02780641048252,9522.68428828377,27.631021114619486,7.514631890240724,10.043143342644829,9.717512304598841,10.592693060837187,15,3,False,42
ABC-SMC,530878.0487804879,3.5496984734002677,6203310.0,41.47822666168213,9.663932314098508,24.02780641048252,9522.684288283766,27.631021114619486,7.514631890240724,10.043143342644829,9.717512304598841,10.592693060837187,15,3,False,42
ABC-SMC,532102.6957637997,3.5516543831129486,6217620.0,41.501081466674805,9.663932314098508,24.02780641048252,9522.68428828377,27.631021114619486,7.514631890240724,10.043143342644829,9.717512304598841,10.592693060837187,15,3,False,42
ABC-SMC,533327.3427471116,3.553607783156376,6231930.0,41.52390694618225,9.663932314098508,24.02780641048252,9522.684288283766,27.631021114619486,7.514631890240724,10.043143342644829,9.717512304598841,10.592693060837187,15,3,False,42
ABC-SMC,533866.6666666665,3.5510070507342992,6246240.0,41.54678249359131,9.663932314098508,24.02780641048252,9522.68428828377,27.631021114619486,7.514631890240724,10.043143342644829,9.717512304598841,10.592693060837187,15,3,False,42
ABC-SMC,535089.7435897435,3.5529550935468097,6260550.0,41.56957459449768,9.663932314098508,24.02780641048252,9522.684288283766,27.631021114619486,7.514631890240724,10.043143342644829,9.717512304598841,10.592693060837187,15,3,False,42
ABC-SMC,536312.8205128204,3.5549085568159047,6274860.0,41.592430114746094,9.663932314098508,24.02780641048252,9522.68428828377,27.631021114619486,7.514631890240724,10.043143342644829,9.717512304598841,10.592693060837187,15,3,False,42
ABC-SMC,535476.3729246487,3.5432285529697327,6289170.0,41.61521935462952,9.663932314098508,24.02780641048252,9522.684288283766,27.631021114619486,7.514631890240724,10.043143342644829,9.717512304598841,10.592693060837187,15,3,False,42
ABC-SMC,536010.2040816327,3.5406507602354296,6303480.0,41.63805294036865,9.663932314098508,24.02780641048252,9522.68428828377,27.631021114619486,7.514631890240724,10.043143342644829,9.717512304598841,10.592693060837187,15,3,False,42
ABC-SMC,536542.6751592356,3.5380773888525185,6317790.0,41.6608612537384,9.663932314098508,24.02780641048252,9522.684288283766,27.631021114619486,7.514631890240724,10.043143342644829,9.717512304598841,10.592693060837187,15,3,False,42
ABC-SMC,537757.9617834394,3.540019462569251,6332100.0,41.68372917175293,9.663932314098508,24.02780641048252,9522.68428828377,27.631021114619486,7.514631890240724,10.043143342644829,9.717512304598841,10.592693060837187,15,3,False,42
ABC-SMC,538973.2484076433,3.5419690077471886,6346410.0,41.706685066223145,9.663932314098508,24.02780641048252,9522.684288283766,27.631021114619486,7.514631890240724,10.043143342644829,9.717512304598841,10.592693060837187,15,3,False,42
ABC-SMC,538815.7560355782,3.5349028739622215,6360720.0,41.72952842712402,9.663932314098508,24.02780641048252,9522.68428828377,27.631021114619486,7.514631890240724,10.043143342644829,9.717512304598841,10.592693060837187,15,3,False,42
ABC-SMC,537977.2151898734,3.5234073646963897,6375030.0,41.75237727165222,9.663932314098508,24.02780641048252,9522.684288283766,27.631021114619486,7.514631890240724,10.043143342644829,9.717512304598841,10.592693060837187,15,3,False,42
ABC-SMC,538503.1605562578,3.5208807783291602,6389340.0,41.77525043487549,9.663932314098508,24.02780641048252,9522.68428828377,27.631021114619486,7.514631890240724,10.043143342644829,9.717512304598841,10.592693060837187,15,3,False,42
ABC-SMC,538348.0453972257,3.5139013709717304,6403650.0,41.79785680770874,9.663932314098508,24.02780641048252,9522.684288283766,27.631021114619486,7.514631890240724,10.043143342644829,9.717512304598841,10.592693060837187,15,3,False,42
ABC-SMC,538871.5365239294,3.5113791274383828,6417960.0,41.82052540779114,9.663932314098508,24.02780641048252,9522.68428828377,27.631021114619486,7.514631890240724,10.043143342644829,9.717512304598841,10.592693060837187,15,3,False,42
ABC-SMC,538716.08040201,3.5044690272716217,6432270.0,41.84336018562317,9.663932314098508,24.02780641048252,9522.684288283766,27.631021114619486,7.514631890240724,10.043143342644829,9.717512304598841,10.592693060837187,15,3,False,42
ABC-SMC,539914.5728643215,3.506383624308472,6446580.0,41.866220474243164,9.663932314098508,24.02780641048252,9522.68428828377,27.631021114619486,7.514631890240724,10.043143342644829,9.717512304598841,10.592693060837187,15,3,False,42
ABC-SMC,541113.065326633,3.508303812400779,6460890.0,41.88914752006531,9.663932314098508,24.02780641048252,9522.684288283766,27.631021114619486,7.514631890240724,10.043143342644829,9.717512304598841,10.592693060837187,15,3,False,42
ABC-SMC,542311.5577889447,3.510222143463952,6475200.0,41.912052392959595,9.663932314098508,24.02780641048252,9522.68428828377,27.631021114619486,7.514631890240724,10.043143342644829,9.717512304598841,10.592693060837187,15,3,False,42
ABC-SMC,543510.0502512562,3.512136780436913,6489510.0,41.93491315841675,9.663932314098508,24.02780641048252,9522.684288283766,27.631021114619486,7.514631890240724,10.043143342644829,9.717512304598841,10.592693060837187,15,3,False,42
ABC-SMC,544708.5427135678,3.514056369487564,6503820.0,41.95783305168152,9.663932314098508,24.02780641048252,9522.68428828377,27.631021114619486,7.514631890240724,10.043143342644829,9.717512304598841,10.592693060837187,15,3,False,42
ABC-SMC,544538.8471177944,3.507156997495825,6518130.0,41.980669260025024,9.663932314098508,24.02780641048252,9522.684288283766,27.631021114619486,7.514631890240724,10.043143342644829,9.717512304598841,10.592693060837187,15,3,False,42
ABC-SMC,545734.335839599,3.5090794638981895,6532440.0,42.00368118286133,9.663932314098508,24.02780641048252,9522.68428828377,27.631021114619486,7.514631890240724,10.043143342644829,9.717512304598841,10.592693060837187,15,3,False,42
ABC-SMC,546929.8245614035,3.5110017112024448,6546750.0,42.02669048309326,9.663932314098508,24.02780641048252,9522.684288283766,27.631021114619486,7.514631890240724,10.043143342644829,9.717512304598841,10.592693060837187,15,3,False,42
ABC-SMC,547439.2991239048,3.5085303314934677,6561060.0,42.04973602294922,9.663932314098508,24.02780641048252,9522.68428828377,27.631021114619486,7.514631890240724,10.043143342644829,9.717512304598841,10.592693060837187,15,3,False,42
ABC-SMC,548633.291614518,3.510441240987829,6575370.0,42.072638273239136,9.663932314098508,24.02780641048252,9522.684288283766,27.631021114619486,7.514631890240724,10.043143342644829,9.717512304598841,10.592693060837187,15,3,False,42
ABC-SMC,549827.2841051313,3.5123603265385945,6589680.0,42.09563851356506,9.663932314098508,24.02780641048252,9522.68428828377,27.631021114619486,7.514631890240724,10.043143342644829,9.717512304598841,10.592693060837187,15,3,False,42
ABC-SMC,551021.2765957445,3.514267396668269,6603990.0,42.118494749069214,9.663932314098508,24.02780641048252,9522.684288283766,27.631021114619486,7.514631890240724,10.043143342644829,9.717512304598841,10.592693060837187,15,3,False,42
ABC-SMC,552215.2690863578,3.516178425521118,6618300.0,42.141398429870605,9.663932314098508,24.02780641048252,9522.68428828377,27.631021114619486,7.514631890240724,10.043143342644829,9.717512304598841,10.592693060837187,15,3,False,42
ABC-SMC,553409.2615769712,3.51808326762569,6632610.0,42.1642279624939,9.663932314098508,24.02780641048252,9522.684288283766,27.631021114619486,7.514631890240724,10.043143342644829,9.717512304598841,10.592693060837187,15,3,False,42
ABC-SMC,553910.0,3.5156060258547464,6646920.0,42.18727231025696,9.663932314098508,24.02780641048252,9522.68428828377,27.631021114619486,7.514631890240724,10.043143342644829,9.717512304598841,10.592693060837187,15,3,False,42
ABC-SMC,555102.5,3.5175315141677856,6661230.0,42.21037817001343,9.663932314098508,24.02780641048252,9522.684288283766,27.631021114619486,7.514631890240724,10.043143342644829,9.717512304598841,10.592693060837187,15,3,False,42
ABC-SMC,556295.0,3.519448697566986,6675540.0,42.23338437080383,9.663932314098508,24.02780641048252,9522.68428828377,27.631021114619486,7.514631890240724,10.043143342644829,9.717512304598841,10.592693060837187,15,3,False,42
ABC-SMC,557487.5,3.5213703115781145,6689850.0,42.25644373893738,9.663932314098508,24.02780641048252,9522.684288283766,27.631021114619486,7.514631890240724,10.043143342644829,9.717512304598841,10.592693060837187,15,3,False,42
ABC-SMC,557982.5218476903,3.518880886977978,6704160.0,42.279353857040405,9.663932314098508,24.02780641048252,9522.68428828377,27.631021114619486,7.514631890240724,10.043143342644829,9.717512304598841,10.592693060837187,15,3,False,42
ABC-SMC,559173.5330836454,3.5207828183596797,6718470.0,42.30220556259155,9.663932314098508,24.02780641048252,9522.684288283766,27.631021114619486,7.514631890240724,10.043143342644829,9.717512304598841,10.592693060837187,15,3,False,42
ABC-SMC,560364.5443196006,3.5226860792498957,6732780.0,42.3250732421875,9.663932314098508,24.02780641048252,9522.68428828377,27.631021114619486,7.514631890240724,10.043143342644829,9.717512304598841,10.592693060837187,15,3,False,42
ABC-SMC,561555.5555555555,3.5245943009927774,6747090.0,42.34800052642822,9.663932314098508,24.02780641048252,9522.684288283766,27.631021114619486,7.514631890240724,10.043143342644829,9.717512304598841,10.592693060837187,15,3,False,42
ABC-SMC,562044.8877805485,3.5220957555477552,6761400.0,42.3708119392395,9.663932314098508,24.02780641048252,9522.68428828377,27.631021114619486,7.514631890240724,10.043143342644829,9.717512304598841,10.592693060837187,15,3,False,42
ABC-SMC,562533.00124533,3.5196103610256095,6775710.0,42.39370679855347,9.663932314098508,24.02780641048252,9522.684288283766,27.631021114619486,7.514631890240724,10.043143342644829,9.717512304598841,10.592693060837187,15,3,False,42
ABC-SMC,563721.0460772105,3.5215062489396756,6790020.0,42.416542768478394,9.663932314098508,24.02780641048252,9522.68428828377,27.631021114619486,7.514631890240724,10.043143342644829,9.717512304598841,10.592693060837187,15,3,False,42
ABC-SMC,564909.0909090908,3.52339792073441,6804330.0,42.43932795524597,9.663932314098508,24.02780641048252,9522.684288283766,27.631021114619486,7.514631890240724,10.043143342644829,9.717512304598841,10.592693060837187,15,3,False,42
ABC-SMC,565393.0348258707,3.520908245004429,6818640.0,42.46215343475342,9.663932314098508,24.02780641048252,9522.68428828377,27.631021114619486,7.514631890240724,10.043143342644829,9.717512304598841,10.592693060837187,15,3,False,42
ABC-SMC,566579.6019900497,3.52279558703674,6832950.0,42.484914779663086,9.663932314098508,24.02780641048252,9522.684288283766,27.631021114619486,7.514631890240724,10.043143342644829,9.717512304598841,10.592693060837187,15,3,False,42
ABC-SMC,567766.1691542288,3.5246933475260316,6847260.0,42.50780177116394,9.663932314098508,24.02780641048252,9522.68428828377,27.631021114619486,7.514631890240724,10.043143342644829,9.717512304598841,10.592693060837187,15,3,False,42
ABC-SMC,568952.7363184079,3.5265814210249613,6861570.0,42.530571937561035,9.663932314098508,24.02780641048252,9522.684288283766,27.631021114619486,7.514631890240724,10.043143342644829,9.717512304598841,10.592693060837187,15,3,False,42
ABC-SMC,570139.303482587,3.528474891561378,6875880.0,42.553407192230225,9.663932314098508,24.02780641048252,9522.68428828377,27.631021114619486,7.514631890240724,10.043143342644829,9.717512304598841,10.592693060837187,15,3,False,42
ABC-SMC,571325.8706467662,3.530365633925,6890190.0,42.5762095451355,9.663932314098508,24.02780641048252,9522.684288283766,27.631021114619486,7.514631890240724,10.043143342644829,9.717512304598841,10.592693060837187,15,3,False,42
ABC-SMC,571801.2422360248,3.5278738310124806,6904500.0,42.59907650947571,9.663932314098508,24.02780641048252,9522.68428828377,27.631021114619486,7.514631890240724,10.043143342644829,9.717512304598841,10.592693060837187,15,3,False,42
ABC-SMC,572986.3354037266,3.529737405401826,6918810.0,42.62157917022705,9.663932314098508,24.02780641048252,9522.684288283766,27.631021114619486,7.514631890240724,10.043143342644829,9.717512304598841,10.592693060837187,15,3,False,42
ABC-SMC,574171.4285714285,3.531632058121896,6933120.0,42.6444571018219,9.663932314098508,24.02780641048252,9522.68428828377,27.631021114619486,7.514631890240724,10.043143342644829,9.717512304598841,10.592693060837187,15,3,False,42
ABC-SMC,575356.5217391304,3.533527322931072,6947430.0,42.6673424243927,9.663932314098508,24.02780641048252,9522.684288283766,27.631021114619486,7.514631890240724,10.043143342644829,9.717512304598841,10.592693060837187,15,3,False,42
ABC-SMC,576541.6149068322,3.535418303116508,6961740.0,42.690176010131836,9.663932314098508,24.02780641048252,9522.68428828377,27.631021114619486,7.514631890240724,10.043143342644829,9.717512304598841,10.592693060837187,15,3,False,42
ABC-SMC,577726.7080745341,3.5373016618053357,6976050.0,42.71291756629944,9.663932314098508,24.02780641048252,9522.684288283766,27.631021114619486,7.514631890240724,10.043143342644829,9.717512304598841,10.592693060837187,15,3,False,42
ABC-SMC,577477.0755885998,3.5304213889814124,6990360.0,42.735750913619995,9.663932314098508,24.02780641048252,9522.68428828377,27.631021114619486,7.514631890240724,10.043143342644829,9.717512304598841,10.592693060837187,15,3,False,42
ABC-SMC,578659.2317224288,3.5323050631712607,7004670.0,42.75855278968811,9.663932314098508,24.02780641048252,9522.684288283766,27.631021114619486,7.514631890240724,10.043143342644829,9.717512304598841,10.592693060837187,15,3,False,42
ABC-SMC,579123.7623762375,3.5298169839500195,7018980.0,42.78138184547424,9.663932314098508,24.02780641048252,9522.68428828377,27.631021114619486,7.514631890240724,10.043143342644829,9.717512304598841,10.592693060837187,15,3,False,42
ABC-SMC,580304.4554455444,3.5316946876324438,7033290.0,42.804139614105225,9.663932314098508,24.02780641048252,9522.684288283766,27.631021114619486,7.514631890240724,10.043143342644829,9.717512304598841,10.592693060837187,15,3,False,42
ABC-SMC,581485.1485148513,3.533579571412341,7047600.0,42.82698440551758,9.663932314098508,24.02780641048252,9522.68428828377,27.631021114619486,7.514631890240724,10.043143342644829,9.717512304598841,10.592693060837187,15,3,False,42
ABC-SMC,581945.6118665017,3.531091381209742,7061910.0,42.849793910980225,9.663932314098508,24.02780641048252,9522.684288283766,27.631021114619486,7.514631890240724,10.043143342644829,9.717512304598841,10.592693060837187,15,3,False,42
ABC-SMC,583124.845488257,3.5329773144118812,7076220.0,42.872679710388184,9.663932314098508,24.02780641048252,9522.68428828377,27.631021114619486,7.514631890240724,10.043143342644829,9.717512304598841,10.592693060837187,15,3,False,42
ABC-SMC,584304.0791100123,3.5348593181771992,7090530.0,42.89551782608032,9.663932314098508,24.02780641048252,9522.684288283766,27.631021114619486,7.514631890240724,10.043143342644829,9.717512304598841,10.592693060837187,15,3,False,42
ABC-SMC,585483.3127317675,3.536737176386672,7104840.0,42.91830563545227,9.663932314098508,24.02780641048252,9522.68428828377,27.631021114619486,7.514631890240724,10.043143342644829,9.717512304598841,10.592693060837187,15,3,False,42
ABC-SMC,586662.5463535228,3.538615290009538,7119150.0,42.94109654426575,9.663932314098508,24.02780641048252,9522.684288283766,27.631021114619486,7.514631890240724,10.043143342644829,9.717512304598841,10.592693060837187,15,3,False,42
ABC-SMC,587841.7799752781,3.5405041899364766,7133460.0,42.96401834487915,9.663932314098508,24.02780641048252,9522.68428828377,27.631021114619486,7.514631890240724,10.043143342644829,9.717512304598841,10.592693060837187,15,3,False,42
ABC-SMC,589021.0135970333,3.542381183669849,7147770.0,42.98679566383362,9.663932314098508,24.02780641048252,9522.684288283766,27.631021114619486,7.514631890240724,10.043143342644829,9.717512304598841,10.592693060837187,15,3,False,42
ABC-SMC,589471.6049382717,3.5398956385169007,7162080.0,43.00973200798035,9.663932314098508,24.02780641048252,9522.68428828377,27.631021114619486,7.514631890240724,10.043143342644829,9.717512304598841,10.592693060837187,15,3,False,42
ABC-SMC,590649.3827160493,3.5417754758042075,7176390.0,43.03257203102112,9.663932314098508,24.02780641048252,9522.684288283766,27.631021114619486,7.514631890240724,10.043143342644829,9.717512304598841,10.592693060837187,15,3,False,42
ABC-SMC,591097.4106041923,3.53929123366952,7190700.0,43.05547785758972,9.663932314098508,24.02780641048252,9522.68428828377,27.631021114619486,7.514631890240724,10.043143342644829,9.717512304598841,10.592693060837187,15,3,False,42
ABC-SMC,592273.7361282367,3.5411669891457764,7205010.0,43.078296422958374,9.663932314098508,24.02780641048252,9522.684288283766,27.631021114619486,7.514631890240724,10.043143342644829,9.717512304598841,10.592693060837187,15,3,False,42
ABC-SMC,592719.2118226599,3.5386763378512875,7219320.0,43.10107779502869,9.663932314098508,24.02780641048252,9522.68428828377,27.631021114619486,7.514631890240724,10.043143342644829,9.717512304598841,10.592693060837187,15,3,False,42
ABC-SMC,593163.5916359164,3.5362071021261063,7233630.0,43.124045610427856,9.663932314098508,24.02780641048252,9522.684288283766,27.631021114619486,7.514631890240724,10.043143342644829,9.717512304598841,10.592693060837187,15,3,False,42
ABC-SMC,594337.0233702337,3.538076913762455,7247940.0,43.14684796333313,9.663932314098508,24.02780641048252,9522.68428828377,27.631021114619486,7.514631890240724,10.043143342644829,9.717512304598841,10.592693060837187,15,3,False,42
ABC-SMC,593321.0784313726,3.52692487193089,7262250.0,43.16956043243408,9.663932314098508,24.02780641048252,9522.684288283766,27.631021114619486,7.514631890240724,10.043143342644829,9.717512304598841,10.592693060837187,15,3,False,42
ABC-SMC,594490.1960784314,3.528799126350802,7276560.0,43.19250130653381,9.663932314098508,24.02780641048252,9522.68428828377,27.631021114619486,7.514631890240724,10.043143342644829,9.717512304598841,10.592693060837187,15,3,False,42
ABC-SMC,595659.3137254902,3.5306736729503463,7290870.0,43.21544575691223,9.663932314098508,24.02780641048252,9522.684288283766,27.631021114619486,7.514631890240724,10.043143342644829,9.717512304598841,10.592693060837187,15,3,False,42
ABC-SMC,596828.431372549,3.532543018752454,7305180.0,43.23832654953003,9.663932314098508,24.02780641048252,9522.68428828377,27.631021114619486,7.514631890240724,10.043143342644829,9.717512304598841,10.592693060837187,15,3,False,42
ABC-SMC,597997.549019608,3.5343995281294287,7319490.0,43.2610502243042,9.663932314098508,24.02780641048252,9522.684288283766,27.631021114619486,7.514631890240724,10.043143342644829,9.717512304598841,10.592693060837187,15,3,False,42
ABC-SMC,599166.6666666667,3.536272574873532,7333800.0,43.283976316452026,9.663932314098508,24.02780641048252,9522.68428828377,27.631021114619486,7.514631890240724,10.043143342644829,9.717512304598841,10.592693060837187,15,3,False,42
ABC-SMC,600335.7843137255,3.538131343772988,7348110.0,43.30672764778137,9.663932314098508,24.02780641048252,9522.684288283766,27.631021114619486,7.514631890240724,10.043143342644829,9.717512304598841,10.592693060837187,15,3,False,42
ABC-SMC,601504.9019607845,3.5399823991301798,7362420.0,43.329384565353394,9.663932314098508,24.02780641048252,9522.68428828377,27.631021114619486,7.514631890240724,10.043143342644829,9.717512304598841,10.592693060837187,15,3,False,42
ABC-SMC,601936.35250918,3.5375039463673557,7376730.0,43.352110862731934,9.663932314098508,24.02780641048252,9522.684288283766,27.631021114619486,7.514631890240724,10.043143342644829,9.717512304598841,10.592693060837187,15,3,False,42
ABC-SMC,603104.0391676868,3.539366373866007,7391040.0,43.374934911727905,9.663932314098508,24.02780641048252,9522.68428828377,27.631021114619486,7.514631890240724,10.043143342644829,9.717512304598841,10.592693060837187,15,3,False,42
ABC-SMC,604271.7258261935,3.541221330721298,7405350.0,43.3976674079895,9.663932314098508,24.02780641048252,9522.684288283766,27.631021114619486,7.514631890240724,10.043143342644829,9.717512304598841,10.592693060837187,15,3,False,42
ABC-SMC,605439.4124847002,3.5430804314490785,7419660.0,43.42045068740845,9.663932314098508,24.02780641048252,9522.68428828377,27.631021114619486,7.514631890240724,10.043143342644829,9.717512304598841,10.592693060837187,15,3,False,42
ABC-SMC,606607.099143207,3.5449356606715754,7433970.0,43.44318652153015,9.663932314098508,24.02780641048252,9522.684288283766,27.631021114619486,7.514631890240724,10.043143342644829,9.717512304598841,10.592693060837187,15,3,False,42
ABC-SMC,607774.7858017137,3.546794177755343,7448280.0,43.465962648391724,9.663932314098508,24.02780641048252,9522.68428828377,27.631021114619486,7.514631890240724,10.043143342644829,9.717512304598841,10.592693060837187,15,3,False,42
ABC-SMC,608942.4724602205,3.5486498738930505,7462590.0,43.488704204559326,9.663932314098508,24.02780641048252,9522.684288283766,27.631021114619486,7.514631890240724,10.043143342644829,9.717512304598841,10.592693060837187,15,3,False,42
ABC-SMC,610110.1591187271,3.550532398200532,7476900.0,43.51177453994751,9.663932314098508,24.02780641048252,9522.68428828377,27.631021114619486,7.514631890240724,10.043143342644829,9.717512304598841,10.592693060837187,15,3,False,42
ABC-SMC,611277.845777234,3.5523917129311164,7491210.0,43.534560441970825,9.663932314098508,24.02780641048252,9522.684288283766,27.631021114619486,7.514631890240724,10.043143342644829,9.717512304598841,10.592693060837187,15,3,False,42
ABC-SMC,611696.8215158924,3.549903179439181,7505520.0,43.55731201171875,9.663932314098508,24.02780641048252,9522.68428828377,27.631021114619486,7.514631890240724,10.043143342644829,9.717512304598841,10.592693060837187,15,3,False,42
ABC-SMC,612863.0806845966,3.5517561600863106,7519830.0,43.58004808425903,9.663932314098508,24.02780641048252,9522.684288283766,27.631021114619486,7.514631890240724,10.043143342644829,9.717512304598841,10.592693060837187,15,3,False,42
ABC-SMC,613279.6092796093,3.5492706260013542,7534140.0,43.602789640426636,9.663932314098508,24.02780641048252,9522.68428828377,27.631021114619486,7.514631890240724,10.043143342644829,9.717512304598841,10.592693060837187,15,3,False,42
ABC-SMC,614444.4444444445,3.5511079919401296,7548450.0,43.6253616809845,9.663932314098508,24.02780641048252,9522.684288283766,27.631021114619486,7.514631890240724,10.043143342644829,9.717512304598841,10.592693060837187,15,3,False,42
ABC-SMC,615609.2796092796,3.5529601462352165,7562760.0,43.648115396499634,9.663932314098508,24.02780641048252,9522.68428828377,27.631021114619486,7.514631890240724,10.043143342644829,9.717512304598841,10.592693060837187,15,3,False,42
ABC-SMC,616774.1147741148,3.554803722507351,7577070.0,43.67076373100281,9.663932314098508,24.02780641048252,9522.684288283766,27.631021114619486,7.514631890240724,10.043143342644829,9.717512304598841,10.592693060837187,15,3,False,42
ABC-SMC,617938.9499389499,3.5566583803430727,7591380.0,43.69354820251465,9.663932314098508,24.02780641048252,9522.68428828377,27.631021114619486,7.514631890240724,10.043143342644829,9.717512304598841,10.592693060837187,15,3,False,42
ABC-SMC,619103.7851037851,3.558494387771426,7605690.0,43.71610355377197,9.663932314098508,24.02780641048252,9522.684288283766,27.631021114619486,7.514631890240724,10.043143342644829,9.717512304598841,10.592693060837187,15,3,False,42
ABC-SMC,620268.6202686202,3.560346600288388,7620000.0,43.73885798454285,9.663932314098508,24.02780641048252,9522.68428828377,27.631021114619486,7.514631890240724,10.043143342644829,9.717512304598841,10.592693060837187,15,3,False,42
ABC-SMC,621433.4554334554,3.5621991233220176,7634310.0,43.761616230010986,9.663932314098508,24.02780641048252,9522.684288283766,27.631021114619486,7.514631890240724,10.043143342644829,9.717512304598841,10.592693060837187,15,3,False,42
ABC-SMC,622598.2905982906,3.564069714544263,7648620.0,43.78459644317627,9.663932314098508,24.02780641048252,9522.68428828377,27.631021114619486,7.514631890240724,10.043143342644829,9.717512304598841,10.592693060837187,15,3,False,42
ABC-SMC,623002.4390243903,3.561550330340378,7662930.0,43.807069063186646,9.663932314098508,24.02780641048252,9522.684288283766,27.631021114619486,7.514631890240724,10.043143342644829,9.717512304598841,10.592693060837187,15,3,False,42
ABC-SMC,623405.6029232643,3.559062909750836,7677240.0,43.82985973358154,9.663932314098508,24.02780641048252,9522.68428828377,27.631021114619486,7.514631890240724,10.043143342644829,9.717512304598841,10.592693060837187,15,3,False,42
ABC-SMC,624567.6004872107,3.5609133593009052,7691550.0,43.85264801979065,9.663932314098508,24.02780641048252,9522.684288283766,27.631021114619486,7.514631890240724,10.043143342644829,9.717512304598841,10.592693060837187,15,3,False,42
ABC-SMC,624968.3698296838,3.558448631397999,7705860.0,43.87567162513733,9.663932314098508,24.02780641048252,9522.68428828377,27.631021114619486,7.514631890240724,10.043143342644829,9.717512304598841,10.592693060837187,15,3,False,42
ABC-SMC,625368.1652490888,3.555969054421803,7720170.0,43.89843797683716,9.663932314098508,24.02780641048252,9522.684288283766,27.631021114619486,7.514631890240724,10.043143342644829,9.717512304598841,10.592693060837187,15,3,False,42
ABC-SMC,626527.3390036452,3.557804269122421,7734480.0,43.921093702316284,9.663932314098508,24.02780641048252,9522.68428828377,27.631021114619486,7.514631890240724,10.043143342644829,9.717512304598841,10.592693060837187,15,3,False,42
ABC-SMC,627686.5127582018,3.5596450073316355,7748790.0,43.94381761550903,9.663932314098508,24.02780641048252,9522.684288283766,27.631021114619486,7.514631890240724,10.043143342644829,9.717512304598841,10.592693060837187,15,3,False,42
ABC-SMC,628845.6865127584,3.5614960586652917,7763100.0,43.96666884422302,9.663932314098508,24.02780641048252,9522.68428828377,27.631021114619486,7.514631890240724,10.043143342644829,9.717512304598841,10.592693060837187,15,3,False,42
ABC-SMC,630004.8602673148,3.563327217642814,7777410.0,43.98927450180054,9.663932314098508,24.02780641048252,9522.684288283766,27.631021114619486,7.514631890240724,10.043143342644829,9.717512304598841,10.592693060837187,15,3,False,42
ABC-SMC,630398.0582524271,3.5608482013628318,7791720.0,44.012083768844604,9.663932314098508,24.02780641048252,9522.68428828377,27.631021114619486,7.514631890240724,10.043143342644829,9.717512304598841,10.592693060837187,15,3,False,42
ABC-SMC,631555.8252427184,3.5627014235771206,7806030.0,44.03498959541321,9.663932314098508,24.02780641048252,9522.684288283766,27.631021114619486,7.514631890240724,10.043143342644829,9.717512304598841,10.592693060837187,15,3,False,42
ABC-SMC,632713.5922330098,3.564549649803384,7820340.0,44.057833671569824,9.663932314098508,24.02780641048252,9522.68428828377,27.631021114619486,7.514631890240724,10.043143342644829,9.717512304598841,10.592693060837187,15,3,False,42
ABC-SMC,633103.0303030303,3.5620680337000374,7834650.0,44.080591917037964,9.663932314098508,24.02780641048252,9522.684288283766,27.631021114619486,7.514631890240724,10.043143342644829,9.717512304598841,10.592693060837187,15,3,False,42
ABC-SMC,634259.3939393939,3.56390916458284,7848960.0,44.10337591171265,9.663932314098508,24.02780641048252,9522.68428828377,27.631021114619486,7.514631890240724,10.043143342644829,9.717512304598841,10.592693060837187,15,3,False,42
ABC-SMC,635415.7575757576,3.565745305533361,7863270.0,44.12609815597534,9.663932314098508,24.02780641048252,9522.684288283766,27.631021114619486,7.514631890240724,10.043143342644829,9.717512304598841,10.592693060837187,15,3,False,42
ABC-SMC,636572.1212121212,3.5675810033624824,7877580.0,44.14881491661072,9.663932314098508,24.02780641048252,9522.68428828377,27.631021114619486,7.514631890240724,10.043143342644829,9.717512304598841,10.592693060837187,15,3,False,42
ABC-SMC,636956.4164648912,3.565100819185148,7891890.0,44.17159914970398,9.663932314098508,24.02780641048252,9522.684288283766,27.631021114619486,7.514631890240724,10.043143342644829,9.717512304598841,10.592693060837187,15,3,False,42
ABC-SMC,638111.3801452785,3.566946128956054,7906200.0,44.1944625377655,9.663932314098508,24.02780641048252,9522.68428828377,27.631021114619486,7.514631890240724,10.043143342644829,9.717512304598841,10.592693060837187,15,3,False,42
ABC-SMC,638493.3494558645,3.5644721523593965,7920510.0,44.21727705001831,9.663932314098508,24.02780641048252,9522.684288283766,27.631021114619486,7.514631890240724,10.043143342644829,9.717512304598841,10.592693060837187,15,3,False,42
ABC-SMC,638874.3961352657,3.562001560045325,7934820.0,44.24005937576294,9.663932314098508,24.02780641048252,9522.68428828377,27.631021114619486,7.514631890240724,10.043143342644829,9.717512304598841,10.592693060837187,15,3,False,42
ABC-SMC,640026.5700483092,3.563839206756985,7949130.0,44.26288294792175,9.663932314098508,24.02780641048252,9522.684288283766,27.631021114619486,7.514631890240724,10.043143342644829,9.717512304598841,10.592693060837187,15,3,False,42
ABC-SMC,641178.7439613526,3.565675874455156,7963440.0,44.28569436073303,9.663932314098508,24.02780641048252,9522.68428828377,27.631021114619486,7.514631890240724,10.043143342644829,9.717512304598841,10.592693060837187,15,3,False,42
ABC-SMC,642330.9178743962,3.567520028727066,7977750.0,44.30859875679016,9.663932314098508,24.02780641048252,9522.684288283766,27.631021114619486,7.514631890240724,10.043143342644829,9.717512304598841,10.592693060837187,15,3,False,42
ABC-SMC,643483.0917874397,3.5693652579941806,7992060.0,44.33151650428772,9.663932314098508,24.02780641048252,9522.68428828377,27.631021114619486,7.514631890240724,10.043143342644829,9.717512304598841,10.592693060837187,15,3,False,42
ABC-SMC,644635.265700483,3.571205976120708,8006370.0,44.35437822341919,9.663932314098508,24.02780641048252,9522.684288283766,27.631021114619486,7.514631890240724,10.043143342644829,9.717512304598841,10.592693060837187,15,3,False,42
ABC-SMC,645787.4396135266,3.5730451009507727,8020680.0,44.377220153808594,9.663932314098508,24.02780641048252,9522.68428828377,27.631021114619486,7.514631890240724,10.043143342644829,9.717512304598841,10.592693060837187,15,3,False,42
ABC-SMC,646159.2279855248,3.5705702535876993,8034990.0,44.40004110336304,9.663932314098508,24.02780641048252,9522.684288283766,27.631021114619486,7.514631890240724,10.043143342644829,9.717512304598841,10.592693060837187,15,3,False,42
ABC-SMC,647310.0120627263,3.572402079037313,8049300.0,44.42281985282898,9.663932314098508,24.02780641048252,9522.68428828377,27.631021114619486,7.514631890240724,10.043143342644829,9.717512304598841,10.592693060837187,15,3,False,42
ABC-SMC,648460.7961399278,3.5742339044869262,8063610.0,44.44559860229492,9.663932314098508,24.02780641048252,9522.684288283766,27.631021114619486,7.514631890240724,10.043143342644829,9.717512304598841,10.592693060837187,15,3,False,42
ABC-SMC,649611.5802171291,3.576069449534798,8077920.0,44.46842360496521,9.663932314098508,24.02780641048252,9522.68428828377,27.631021114619486,7.514631890240724,10.043143342644829,9.717512304598841,10.592693060837187,15,3,False,42
ABC-SMC,650762.3642943306,3.5779022528169437,8092230.0,44.49121451377869,9.663932314098508,24.02780641048252,9522.684288283766,27.631021114619486,7.514631890240724,10.043143342644829,9.717512304598841,10.592693060837187,15,3,False,42
ABC-SMC,651913.1483715321,3.5797368392054705,8106540.0,44.51402759552002,9.663932314098508,24.02780641048252,9522.68428828377,27.631021114619486,7.514631890240724,10.043143342644829,9.717512304598841,10.592693060837187,15,3,False,42
ABC-SMC,653063.9324487335,3.5815681661522247,8120850.0,44.536800146102905,9.663932314098508,24.02780641048252,9522.684288283766,27.631021114619486,7.514631890240724,10.043143342644829,9.717512304598841,10.592693060837187,15,3,False,42
ABC-SMC,654214.716525935,3.5833977483389705,8135160.0,44.55955100059509,9.663932314098508,24.02780641048252,9522.68428828377,27.631021114619486,7.514631890240724,10.043143342644829,9.717512304598841,10.592693060837187,15,3,False,42
ABC-SMC,654575.9036144578,3.5809153821094926,8149470.0,44.582396507263184,9.663932314098508,24.02780641048252,9522.684288283766,27.631021114619486,7.514631890240724,10.043143342644829,9.717512304598841,10.592693060837187,15,3,False,42
ABC-SMC,655725.3012048192,3.5827534265786287,8163780.0,44.60528016090393,9.663932314098508,24.02780641048252,9522.68428828377,27.631021114619486,7.514631890240724,10.043143342644829,9.717512304598841,10.592693060837187,15,3,False,42
ABC-SMC,656874.6987951808,3.584593673307733,8178090.0,44.628191232681274,9.663932314098508,24.02780641048252,9522.684288283766,27.631021114619486,7.514631890240724,10.043143342644829,9.717512304598841,10.592693060837187,15,3,False,42
ABC-SMC,658024.0963855422,3.5864269302552003,8192400.0,44.651015281677246,9.663932314098508,24.02780641048252,9522.68428828377,27.631021114619486,7.514631890240724,10.043143342644829,9.717512304598841,10.592693060837187,15,3,False,42
ABC-SMC,657588.9423076924,3.5796144451850505,8206710.0,44.673588275909424,9.663932314098508,24.02780641048252,9522.684288283766,27.631021114619486,7.514631890240724,10.043143342644829,9.717512304598841,10.592693060837187,15,3,False,42
ABC-SMC,658735.576923077,3.581447861133478,8221020.0,44.6964693069458,9.663932314098508,24.02780641048252,9522.68428828377,27.631021114619486,7.514631890240724,10.043143342644829,9.717512304598841,10.592693060837187,15,3,False,42
ABC-SMC,659882.2115384616,3.583276577484914,8235330.0,44.71929168701172,9.663932314098508,24.02780641048252,9522.684288283766,27.631021114619486,7.514631890240724,10.043143342644829,9.717512304598841,10.592693060837187,15,3,False,42
ABC-SMC,661028.8461538464,3.5851020270433187,8249640.0,44.74207329750061,9.663932314098508,24.02780641048252,9522.68428828377,27.631021114619486,7.514631890240724,10.043143342644829,9.717512304598841,10.592693060837187,15,3,False,42
ABC-SMC,661380.5522208883,3.582622223541516,8263950.0,44.764864683151245,9.663932314098508,24.02780641048252,9522.684288283766,27.631021114619486,7.514631890240724,10.043143342644829,9.717512304598841,10.592693060837187,15,3,False,42
ABC-SMC,661731.4148681056,3.5801505775665112,8278260.0,44.787683725357056,9.663932314098508,24.02780641048252,9522.68428828377,27.631021114619486,7.514631890240724,10.043143342644829,9.717512304598841,10.592693060837187,15,3,False,42
ABC-SMC,662875.2997601918,3.5819736506632096,8292570.0,44.81049036979675,9.663932314098508,24.02780641048252,9522.684288283766,27.631021114619486,7.514631890240724,10.043143342644829,9.717512304598841,10.592693060837187,15,3,False,42
ABC-SMC,664019.1846522782,3.583797943487251,8306880.0,44.83331227302551,9.663932314098508,24.02780641048252,9522.68428828377,27.631021114619486,7.514631890240724,10.043143342644829,9.717512304598841,10.592693060837187,15,3,False,42
ABC-SMC,664366.4670658684,3.581336986518906,8321190.0,44.85624575614929,9.663932314098508,24.02780641048252,9522.684288283766,27.631021114619486,7.514631890240724,10.043143342644829,9.717512304598841,10.592693060837187,15,3,False,42
ABC-SMC,665508.9820359283,3.5831665183731665,8335500.0,44.8791606426239,9.663932314098508,24.02780641048252,9522.68428828377,27.631021114619486,7.514631890240724,10.043143342644829,9.717512304598841,10.592693060837187,15,3,False,42
ABC-SMC,665854.0669856459,3.580726067605391,8349810.0,44.902304887771606,9.663932314098508,24.02780641048252,9522.684288283766,27.631021114619486,7.514631890240724,10.043143342644829,9.717512304598841,10.592693060837187,15,3,False,42
ABC-SMC,666995.2153110048,3.5825483346479743,8364120.0,44.925156116485596,9.663932314098508,24.02780641048252,9522.68428828377,27.631021114619486,7.514631890240724,10.043143342644829,9.717512304598841,10.592693060837187,15,3,False,42
ABC-SMC,668136.3636363636,3.58437297827129,8378430.0,44.94803714752197,9.663932314098508,24.02780641048252,9522.684288283766,27.631021114619486,7.514631890240724,10.043143342644829,9.717512304598841,10.592693060837187,15,3,False,42
ABC-SMC,669277.5119617224,3.5861941425804127,8392740.0,44.970874547958374,9.663932314098508,24.02780641048252,9522.68428828377,27.631021114619486,7.514631890240724,10.043143342644829,9.717512304598841,10.592693060837187,15,3,False,42
ABC-SMC,670418.6602870814,3.5880100593992776,8407050.0,44.99364614486694,9.663932314098508,24.02780641048252,9522.684288283766,27.631021114619486,7.514631890240724,10.043143342644829,9.717512304598841,10.592693060837187,15,3,False,42
ABC-SMC,670757.467144564,3.5855359928582304,8421360.0,45.01640439033508,9.663932314098508,24.02780641048252,9522.68428828377,27.631021114619486,7.514631890240724,10.043143342644829,9.717512304598841,10.592693060837187,15,3,False,42
ABC-SMC,671897.2520908006,3.5873555510417248,8435670.0,45.03924894332886,9.663932314098508,24.02780641048252,9522.684288283766,27.631021114619486,7.514631890240724,10.043143342644829,9.717512304598841,10.592693060837187,15,3,False,42
ABC-SMC,673037.0370370371,3.5891738748797284,8449980.0,45.06207799911499,9.663932314098508,24.02780641048252,9522.68428828377,27.631021114619486,7.514631890240724,10.043143342644829,9.717512304598841,10.592693060837187,15,3,False,42
ABC-SMC,674176.8219832736,3.5909825898128314,8464290.0,45.0847864151001,9.663932314098508,24.02780641048252,9522.684288283766,27.631021114619486,7.514631890240724,10.043143342644829,9.717512304598841,10.592693060837187,15,3,False,42
ABC-SMC,675316.6069295101,3.5927984449598522,8478600.0,45.10758447647095,9.663932314098508,24.02780641048252,9522.68428828377,27.631021114619486,7.514631890240724,10.043143342644829,9.717512304598841,10.592693060837187,15,3,False,42
ABC-SMC,676456.3918757467,3.5946083562585853,8492910.0,45.13030791282654,9.663932314098508,24.02780641048252,9522.684288283766,27.631021114619486,7.514631890240724,10.043143342644829,9.717512304598841,10.592693060837187,15,3,False,42
ABC-SMC,677596.1768219833,3.596432775864322,8507220.0,45.15321350097656,9.663932314098508,24.02780641048252,9522.68428828377,27.631021114619486,7.514631890240724,10.043143342644829,9.717512304598841,10.592693060837187,15,3,False,42
ABC-SMC,678735.9617682198,3.598260594667642,8521530.0,45.176161766052246,9.663932314098508,24.02780641048252,9522.684288283766,27.631021114619486,7.514631890240724,10.043143342644829,9.717512304598841,10.592693060837187,15,3,False,42
ABC-SMC,679875.7467144564,3.600089761756037,8535840.0,45.199126958847046,9.663932314098508,24.02780641048252,9522.68428828377,27.631021114619486,7.514631890240724,10.043143342644829,9.717512304598841,10.592693060837187,15,3,False,42
ABC-SMC,681015.531660693,3.6019177894485943,8550150.0,45.2220778465271,9.663932314098508,24.02780641048252,9522.684288283766,27.631021114619486,7.514631890240724,10.043143342644829,9.717512304598841,10.592693060837187,15,3,False,42
ABC-SMC,682155.3166069295,3.60373588540743,8564460.0,45.24490404129028,9.663932314098508,24.02780641048252,9522.68428828377,27.631021114619486,7.514631890240724,10.043143342644829,9.717512304598841,10.592693060837187,15,3,False,42
ABC-SMC,683295.101553166,3.605564805626727,8578770.0,45.267866134643555,9.663932314098508,24.02780641048252,9522.684288283766,27.631021114619486,7.514631890240724,10.043143342644829,9.717512304598841,10.592693060837187,15,3,False,42
ABC-SMC,684434.8864994026,3.6073929472588677,8593080.0,45.29081845283508,9.663932314098508,24.02780641048252,9522.68428828377,27.631021114619486,7.514631890240724,10.043143342644829,9.717512304598841,10.592693060837187,15,3,False,42
ABC-SMC,685574.6714456392,3.6092068654329643,8607390.0,45.313592195510864,9.663932314098508,24.02780641048252,9522.684288283766,27.631021114619486,7.514631890240724,10.043143342644829,9.717512304598841,10.592693060837187,15,3,False,42
ABC-SMC,686714.4563918757,3.6110158652150264,8621700.0,45.33630418777466,9.663932314098508,24.02780641048252,9522.68428828377,27.631021114619486,7.514631890240724,10.043143342644829,9.717512304598841,10.592693060837187,15,3,False,42
ABC-SMC,687854.2413381123,3.612827371667932,8636010.0,45.359047651290894,9.663932314098508,24.02780641048252,9522.684288283766,27.631021114619486,7.514631890240724,10.043143342644829,9.717512304598841,10.592693060837187,15,3,False,42
ABC-SMC,688994.0262843488,3.614635061144781,8650320.0,45.38174319267273,9.663932314098508,24.02780641048252,9522.68428828377,27.631021114619486,7.514631890240724,10.043143342644829,9.717512304598841,10.592693060837187,15,3,False,42
ABC-SMC,690133.8112305854,3.616446377698381,8664630.0,45.404484272003174,9.663932314098508,24.02780641048252,9522.684288283766,27.631021114619486,7.514631890240724,10.043143342644829,9.717512304598841,10.592693060837187,15,3,False,42
ABC-SMC,691273.596176822,3.618260941530119,8678940.0,45.427266120910645,9.663932314098508,24.02780641048252,9522.68428828377,27.631021114619486,7.514631890240724,10.043143342644829,9.717512304598841,10.592693060837187,15,3,False,42
ABC-SMC,691587.1121718377,3.6157556061907807,8693250.0,45.450047969818115,9.663932314098508,24.02780641048252,9522.684288283766,27.631021114619486,7.514631890240724,10.043143342644829,9.717512304598841,10.592693060837187,15,3,False,42
ABC-SMC,692725.5369928401,3.6175736569182306,8707560.0,45.47290086746216,9.663932314098508,24.02780641048252,9522.68428828377,27.631021114619486,7.514631890240724,10.043143342644829,9.717512304598841,10.592693060837187,15,3,False,42
ABC-SMC,693863.9618138425,3.619385713988481,8721870.0,45.495678424835205,9.663932314098508,24.02780641048252,9522.684288283766,27.631021114619486,7.514631890240724,10.043143342644829,9.717512304598841,10.592693060837187,15,3,False,42
ABC-SMC,695002.3866348449,3.6212038216177396,8736180.0,45.518532037734985,9.663932314098508,24.02780641048252,9522.68428828377,27.631021114619486,7.514631890240724,10.043143342644829,9.717512304598841,10.592693060837187,15,3,False,42
ABC-SMC,696140.8114558472,3.6230105299179574,8750490.0,45.541242361068726,9.663932314098508,24.02780641048252,9522.684288283766,27.631021114619486,7.514631890240724,10.043143342644829,9.717512304598841,10.592693060837187,15,3,False,42
ABC-SMC,697279.2362768496,3.624817484792681,8764800.0,45.563955783843994,9.663932314098508,24.02780641048252,9522.68428828377,27.631021114619486,7.514631890240724,10.043143342644829,9.717512304598841,10.592693060837187,15,3,False,42
ABC-SMC,698417.661097852,3.6267266163488374,8779110.0,45.58795356750488,9.663932314098508,24.02780641048252,9522.684288283766,27.631021114619486,7.514631890240724,10.043143342644829,9.717512304598841,10.592693060837187,15,3,False,42
ABC-SMC,699556.0859188543,3.628537914728303,8793420.0,45.610721588134766,9.663932314098508,24.02780641048252,9522.68428828377,27.631021114619486,7.514631890240724,10.043143342644829,9.717512304598841,10.592693060837187,15,3,False,42
ABC-SMC,700694.5107398569,3.6303422521198185,8807730.0,45.63340210914612,9.663932314098508,24.02780641048252,9522.684288283766,27.631021114619486,7.514631890240724,10.043143342644829,9.717512304598841,10.592693060837187,15,3,False,42
ABC-SMC,700996.4243146605,3.627833459980677,8822040.0,45.65628409385681,9.663932314098508,24.02780641048252,9522.68428828377,27.631021114619486,7.514631890240724,10.043143342644829,9.717512304598841,10.592693060837187,15,3,False,42
ABC-SMC,702133.4922526819,3.6296339228269745,8836350.0,45.678942918777466,9.663932314098508,24.02780641048252,9522.684288283766,27.631021114619486,7.514631890240724,10.043143342644829,9.717512304598841,10.592693060837187,15,3,False,42
ABC-SMC,703270.5601907034,3.6314442747871607,8850660.0,45.70172619819641,9.663932314098508,24.02780641048252,9522.68428828377,27.631021114619486,7.514631890240724,10.043143342644829,9.717512304598841,10.592693060837187,15,3,False,42
ABC-SMC,704407.6281287248,3.6332499663603417,8864970.0,45.7244508266449,9.663932314098508,24.02780641048252,9522.684288283766,27.631021114619486,7.514631890240724,10.043143342644829,9.717512304598841,10.592693060837187,15,3,False,42
ABC-SMC,705544.6960667463,3.635067763572939,8879280.0,45.74732780456543,9.663932314098508,24.02780641048252,9522.68428828377,27.631021114619486,7.514631890240724,10.043143342644829,9.717512304598841,10.592693060837187,15,3,False,42
ABC-SMC,705840.4761904762,3.6325412137167796,8893590.0,45.77001929283142,9.663932314098508,24.02780641048252,9522.684288283766,27.631021114619486,7.514631890240724,10.043143342644829,9.717512304598841,10.592693060837187,15,3,False,42
ABC-SMC,706976.1904761905,3.634343828473772,8907900.0,45.79273223876953,9.663932314098508,24.02780641048252,9522.68428828377,27.631021114619486,7.514631890240724,10.043143342644829,9.717512304598841,10.592693060837187,15,3,False,42
ABC-SMC,708111.9047619047,3.6361515143560985,8922210.0,45.81550908088684,9.663932314098508,24.02780641048252,9522.684288283766,27.631021114619486,7.514631890240724,10.043143342644829,9.717512304598841,10.592693060837187,15,3,False,42
ABC-SMC,709247.619047619,3.637970004762922,8936520.0,45.83842206001282,9.663932314098508,24.02780641048252,9522.68428828377,27.631021114619486,7.514631890240724,10.043143342644829,9.717512304598841,10.592693060837187,15,3,False,42
ABC-SMC,710383.3333333334,3.6397789016602533,8950830.0,45.86121416091919,9.663932314098508,24.02780641048252,9522.684288283766,27.631021114619486,7.514631890240724,10.043143342644829,9.717512304598841,10.592693060837187,15,3,False,42
ABC-SMC,711519.0476190476,3.6415836735377236,8965140.0,45.88395428657532,9.663932314098508,24.02780641048252,9522.68428828377,27.631021114619486,7.514631890240724,10.043143342644829,9.717512304598841,10.592693060837187,15,3,False,42
ABC-SMC,712654.7619047619,3.643386591048468,8979450.0,45.90667104721069,9.663932314098508,24.02780641048252,9522.684288283766,27.631021114619486,7.514631890240724,10.043143342644829,9.717512304598841,10.592693060837187,15,3,False,42
ABC-SMC,712941.7360285374,3.640876022350963,8993760.0,45.9296510219574,9.663932314098508,24.02780641048252,9522.68428828377,27.631021114619486,7.514631890240724,10.043143342644829,9.717512304598841,10.592693060837187,15,3,False,42
ABC-SMC,714076.099881094,3.6426789884382043,9008070.0,45.95239543914795,9.663932314098508,24.02780641048252,9522.684288283766,27.631021114619486,7.514631890240724,10.043143342644829,9.717512304598841,10.592693060837187,15,3,False,42
ABC-SMC,715210.4637336504,3.644478571495271,9022380.0,45.97509717941284,9.663932314098508,24.02780641048252,9522.68428828377,27.631021114619486,7.514631890240724,10.043143342644829,9.717512304598841,10.592693060837187,15,3,False,42
ABC-SMC,716344.8275862068,3.646280913895385,9036690.0,45.99783372879028,9.663932314098508,24.02780641048252,9522.684288283766,27.631021114619486,7.514631890240724,10.043143342644829,9.717512304598841,10.592693060837187,15,3,False,42
ABC-SMC,717479.1914387633,3.6480919501160614,9051000.0,46.02067995071411,9.663932314098508,24.02780641048252,9522.68428828377,27.631021114619486,7.514631890240724,10.043143342644829,9.717512304598841,10.592693060837187,15,3,False,42
ABC-SMC,718613.5552913198,3.649900926279256,9065310.0,46.04350018501282,9.663932314098508,24.02780641048252,9522.684288283766,27.631021114619486,7.514631890240724,10.043143342644829,9.717512304598841,10.592693060837187,15,3,False,42
ABC-SMC,719747.9191438763,3.651712208194861,9079620.0,46.066349506378174,9.663932314098508,24.02780641048252,9522.68428828377,27.631021114619486,7.514631890240724,10.043143342644829,9.717512304598841,10.592693060837187,15,3,False,42
ABC-SMC,720026.1282660334,3.6491830671768013,9093930.0,46.08918213844299,9.663932314098508,24.02780641048252,9522.684288283766,27.631021114619486,7.514631890240724,10.043143342644829,9.717512304598841,10.592693060837187,15,3,False,42
ABC-SMC,721159.1448931117,3.6509886678966006,9108240.0,46.11198687553406,9.663932314098508,24.02780641048252,9522.68428828377,27.631021114619486,7.514631890240724,10.043143342644829,9.717512304598841,10.592693060837187,15,3,False,42
ABC-SMC,721435.3499406881,3.648458822483411,9122550.0,46.134761810302734,9.663932314098508,24.02780641048252,9522.684288283766,27.631021114619486,7.514631890240724,10.043143342644829,9.717512304598841,10.592693060837187,15,3,False,42
ABC-SMC,722567.0225385528,3.6502661465561497,9136860.0,46.157615423202515,9.663932314098508,24.02780641048252,9522.68428828377,27.631021114619486,7.514631890240724,10.043143342644829,9.717512304598841,10.592693060837187,15,3,False,42
ABC-SMC,722841.2322274882,3.647752998376156,9151170.0,46.18055295944214,9.663932314098508,24.02780641048252,9522.684288283766,27.631021114619486,7.514631890240724,10.043143342644829,9.717512304598841,10.592693060837187,15,3,False,42
ABC-SMC,723114.7928994084,3.645253773977066,9165480.0,46.2035915851593,9.663932314098508,24.02780641048252,9522.68428828377,27.631021114619486,7.514631890240724,10.043143342644829,9.717512304598841,10.592693060837187,15,3,False,42
ABC-SMC,724243.7869822485,3.647056557017671,9179790.0,46.226441860198975,9.663932314098508,24.02780641048252,9522.684288283766,27.631021114619486,7.514631890240724,10.043143342644829,9.717512304598841,10.592693060837187,15,3,False,42
ABC-SMC,725372.7810650888,3.648855653269992,9194100.0,46.249245405197144,9.663932314098508,24.02780641048252,9522.68428828377,27.631021114619486,7.514631890240724,10.043143342644829,9.717512304598841,10.592693060837187,15,3,False,42
ABC-SMC,726501.7751479292,3.6506550504846222,9208410.0,46.27205276489258,9.663932314098508,24.02780641048252,9522.684288283766,27.631021114619486,7.514631890240724,10.043143342644829,9.717512304598841,10.592693060837187,15,3,False,42
ABC-SMC,727630.7692307694,3.6524578899556603,9222720.0,46.29490375518799,9.663932314098508,24.02780641048252,9522.68428828377,27.631021114619486,7.514631890240724,10.043143342644829,9.717512304598841,10.592693060837187,15,3,False,42
ABC-SMC,727898.3451536644,3.6499361995639905,9237030.0,46.31769037246704,9.663932314098508,24.02780641048252,9522.684288283766,27.631021114619486,7.514631890240724,10.043143342644829,9.717512304598841,10.592693060837187,15,3,False,42
ABC-SMC,729026.0047281324,3.6517318728592003,9251340.0,46.34047746658325,9.663932314098508,24.02780641048252,9522.68428828377,27.631021114619486,7.514631890240724,10.043143342644829,9.717512304598841,10.592693060837187,15,3,False,42
ABC-SMC,730153.6643026004,3.6535264376677143,9265650.0,46.363250494003296,9.663932314098508,24.02780641048252,9522.684288283766,27.631021114619486,7.514631890240724,10.043143342644829,9.717512304598841,10.592693060837187,15,3,False,42
ABC-SMC,730417.945690673,3.651008151826405,9279960.0,46.38605856895447,9.663932314098508,24.02780641048252,9522.68428828377,27.631021114619486,7.514631890240724,10.043143342644829,9.717512304598841,10.592693060837187,15,3,False,42
ABC-SMC,731544.2739079102,3.6528032814034885,9294270.0,46.40886569023132,9.663932314098508,24.02780641048252,9522.684288283766,27.631021114619486,7.514631890240724,10.043143342644829,9.717512304598841,10.592693060837187,15,3,False,42
ABC-SMC,731806.603773585,3.6502994268945184,9308580.0,46.43180871009827,9.663932314098508,24.02780641048252,9522.68428828377,27.631021114619486,7.514631890240724,10.043143342644829,9.717512304598841,10.592693060837187,15,3,False,42
ABC-SMC,732931.603773585,3.6520851108263126,9322890.0,46.45452260971069,9.663932314098508,24.02780641048252,9522.684288283766,27.631021114619486,7.514631890240724,10.043143342644829,9.717512304598841,10.592693060837187,15,3,False,42
ABC-SMC,734056.603773585,3.6538718818868485,9337200.0,46.47725033760071,9.663932314098508,24.02780641048252,9522.68428828377,27.631021114619486,7.514631890240724,10.043143342644829,9.717512304598841,10.592693060837187,15,3,False,42
ABC-SMC,734315.6654888104,3.651353392733936,9351510.0,46.499985456466675,9.663932314098508,24.02780641048252,9522.684288283766,27.631021114619486,7.514631890240724,10.043143342644829,9.717512304598841,10.592693060837187,15,3,False,42
ABC-SMC,734574.1176470589,3.648851843441234,9365820.0,46.52286100387573,9.663932314098508,24.02780641048252,9522.68428828377,27.631021114619486,7.514631890240724,10.043143342644829,9.717512304598841,10.592693060837187,15,3,False,42
ABC-SMC,735696.4705882353,3.6506326338824104,9380130.0,46.54556608200073,9.663932314098508,24.02780641048252,9522.684288283766,27.631021114619486,7.514631890240724,10.043143342644829,9.717512304598841,10.592693060837187,15,3,False,42
ABC-SMC,735952.9964747357,3.6481302390601,9394440.0,46.56838250160217,9.663932314098508,24.02780641048252,9522.68428828377,27.631021114619486,7.514631890240724,10.043143342644829,9.717512304598841,10.592693060837187,15,3,False,42
ABC-SMC,737074.0305522914,3.6499122988696757,9408750.0,46.59113049507141,9.663932314098508,24.02780641048252,9522.684288283766,27.631021114619486,7.514631890240724,10.043143342644829,9.717512304598841,10.592693060837187,15,3,False,42
ABC-SMC,738195.0646298473,3.651695161812734,9423060.0,46.61388874053955,9.663932314098508,24.02780641048252,9522.68428828377,27.631021114619486,7.514631890240724,10.043143342644829,9.717512304598841,10.592693060837187,15,3,False,42
ABC-SMC,739316.098707403,3.6534767733617617,9437370.0,46.63663101196289,9.663932314098508,24.02780641048252,9522.684288283766,27.631021114619486,7.514631890240724,10.043143342644829,9.717512304598841,10.592693060837187,15,3,False,42
ABC-SMC,739568.0751173709,3.6509731752398613,9451680.0,46.65943717956543,9.663932314098508,24.02780641048252,9522.68428828377,27.631021114619486,7.514631890240724,10.043143342644829,9.717512304598841,10.592693060837187,15,3,False,42
ABC-SMC,740687.7934272301,3.6527512592142553,9465990.0,46.68216109275818,9.663932314098508,24.02780641048252,9522.684288283766,27.631021114619486,7.514631890240724,10.043143342644829,9.717512304598841,10.592693060837187,15,3,False,42
ABC-SMC,741807.5117370891,3.654546618275053,9480300.0,46.705105781555176,9.663932314098508,24.02780641048252,9522.68428828377,27.631021114619486,7.514631890240724,10.043143342644829,9.717512304598841,10.592693060837187,15,3,False,42
ABC-SMC,742927.2300469483,3.6563292542160584,9494610.0,46.727887868881226,9.663932314098508,24.02780641048252,9522.684288283766,27.631021114619486,7.514631890240724,10.043143342644829,9.717512304598841,10.592693060837187,15,3,False,42
ABC-SMC,744046.9483568076,3.658123792430418,9508920.0,46.75082206726074,9.663932314098508,24.02780641048252,9522.68428828377,27.631021114619486,7.514631890240724,10.043143342644829,9.717512304598841,10.592693060837187,15,3,False,42
ABC-SMC,745166.6666666666,3.6599089655331416,9523230.0,46.77363657951355,9.663932314098508,24.02780641048252,9522.684288283766,27.631021114619486,7.514631890240724,10.043143342644829,9.717512304598841,10.592693060837187,15,3,False,42
ABC-SMC,746286.3849765258,3.661687926320776,9537540.0,46.79637169837952,9.663932314098508,24.02780641048252,9522.68428828377,27.631021114619486,7.514631890240724,10.043143342644829,9.717512304598841,10.592693060837187,15,3,False,42
ABC-SMC,747406.1032863851,3.6634608800049304,9551850.0,46.81903004646301,9.663932314098508,24.02780641048252,9522.684288283766,27.631021114619486,7.514631890240724,10.043143342644829,9.717512304598841,10.592693060837187,15,3,False,42
ABC-SMC,748525.8215962441,3.665242769721901,9566160.0,46.8418025970459,9.663932314098508,24.02780641048252,9522.68428828377,27.631021114619486,7.514631890240724,10.043143342644829,9.717512304598841,10.592693060837187,15,3,False,42
ABC-SMC,749645.5399061033,3.6670294539282953,9580470.0,46.86463642120361,9.663932314098508,24.02780641048252,9522.684288283766,27.631021114619486,7.514631890240724,10.043143342644829,9.717512304598841,10.592693060837187,15,3,False,42
ABC-SMC,750765.2582159624,3.6688129666825415,9594780.0,46.88742971420288,9.663932314098508,24.02780641048252,9522.68428828377,27.631021114619486,7.514631890240724,10.043143342644829,9.717512304598841,10.592693060837187,15,3,False,42
ABC-SMC,751884.9765258216,3.6705894649308615,9609090.0,46.910133361816406,9.663932314098508,24.02780641048252,9522.684288283766,27.631021114619486,7.514631890240724,10.043143342644829,9.717512304598841,10.592693060837187,15,3,False,42
ABC-SMC,753004.6948356808,3.6723830890207783,9623400.0,46.93305587768555,9.663932314098508,24.02780641048252,9522.68428828377,27.631021114619486,7.514631890240724,10.043143342644829,9.717512304598841,10.592693060837187,15,3,False,42
ABC-SMC,754124.4131455399,3.6741643257917183,9637710.0,46.955820083618164,9.663932314098508,24.02780641048252,9522.684288283766,27.631021114619486,7.514631890240724,10.043143342644829,9.717512304598841,10.592693060837187,15,3,False,42
ABC-SMC,755244.1314553991,3.6759481556911795,9652020.0,46.978617429733276,9.663932314098508,24.02780641048252,9522.68428828377,27.631021114619486,7.514631890240724,10.043143342644829,9.717512304598841,10.592693060837187,15,3,False,42
ABC-SMC,756363.8497652583,3.677731220711005,9666330.0,47.001405000686646,9.663932314098508,24.02780641048252,9522.684288283766,27.631021114619486,7.514631890240724,10.043143342644829,9.717512304598841,10.592693060837187,15,3,False,42
ABC-SMC,756595.5451348183,3.675213359491394,9680640.0,47.02435493469238,9.663932314098508,24.02780641048252,9522.68428828377,27.631021114619486,7.514631890240724,10.043143342644829,9.717512304598841,10.592693060837187,15,3,False,42
ABC-SMC,757713.9507620165,3.676996886986408,9694950.0,47.04717516899109,9.663932314098508,24.02780641048252,9522.684288283766,27.631021114619486,7.514631890240724,10.043143342644829,9.717512304598841,10.592693060837187,15,3,False,42
ABC-SMC,758832.3563892145,3.678784029425099,9709260.0,47.07004165649414,9.663932314098508,24.02780641048252,9522.68428828377,27.631021114619486,7.514631890240724,10.043143342644829,9.717512304598841,10.592693060837187,15,3,False,42
ABC-SMC,759950.7620164127,3.680560625172444,9723570.0,47.09277319908142,9.663932314098508,24.02780641048252,9522.684288283766,27.631021114619486,7.514631890240724,10.043143342644829,9.717512304598841,10.592693060837187,15,3,False,42
ABC-SMC,761069.1676436107,3.682342289294429,9737880.0,47.11556959152222,9.663932314098508,24.02780641048252,9522.68428828377,27.631021114619486,7.514631890240724,10.043143342644829,9.717512304598841,10.592693060837187,15,3,False,42
ABC-SMC,762187.5732708089,3.6841224254505294,9752190.0,47.138346433639526,9.663932314098508,24.02780641048252,9522.684288283766,27.631021114619486,7.514631890240724,10.043143342644829,9.717512304598841,10.592693060837187,15,3,False,42
ABC-SMC,763305.9788980071,3.68590569207332,9766500.0,47.161163330078125,9.663932314098508,24.02780641048252,9522.68428828377,27.631021114619486,7.514631890240724,10.043143342644829,9.717512304598841,10.592693060837187,15,3,False,42
ABC-SMC,764424.3845252051,3.6876953127981396,9780810.0,47.1840615272522,9.663932314098508,24.02780641048252,9522.684288283766,27.631021114619486,7.514631890240724,10.043143342644829,9.717512304598841,10.592693060837187,15,3,False,42
ABC-SMC,765542.7901524033,3.6894992442278247,9795120.0,47.20714282989502,9.663932314098508,24.02780641048252,9522.68428828377,27.631021114619486,7.514631890240724,10.043143342644829,9.717512304598841,10.592693060837187,15,3,False,42
ABC-SMC,766661.1957796013,3.6912870015796155,9809430.0,47.23001718521118,9.663932314098508,24.02780641048252,9522.684288283766,27.631021114619486,7.514631890240724,10.043143342644829,9.717512304598841,10.592693060837187,15,3,False,42
ABC-SMC,767779.6014067995,3.6930726160524228,9823740.0,47.25286412239075,9.663932314098508,24.02780641048252,9522.68428828377,27.631021114619486,7.514631890240724,10.043143342644829,9.717512304598841,10.592693060837187,15,3,False,42
ABC-SMC,768898.0070339976,3.6948494540382613,9838050.0,47.275598764419556,9.663932314098508,24.02780641048252,9522.684288283766,27.631021114619486,7.514631890240724,10.043143342644829,9.717512304598841,10.592693060837187,15,3,False,42
ABC-SMC,770016.4126611957,3.696633130603118,9852360.0,47.298420906066895,9.663932314098508,24.02780641048252,9522.68428828377,27.631021114619486,7.514631890240724,10.043143342644829,9.717512304598841,10.592693060837187,15,3,False,42
ABC-SMC,769330.9941520467,3.6897620634261163,9866670.0,47.32119846343994,9.663932314098508,24.02780641048252,9522.684288283766,27.631021114619486,7.514631890240724,10.043143342644829,9.717512304598841,10.592693060837187,15,3,False,42
ABC-SMC,770446.783625731,3.691542255483408,9880980.0,47.34402942657471,9.663932314098508,24.02780641048252,9522.68428828377,27.631021114619486,7.514631890240724,10.043143342644829,9.717512304598841,10.592693060837187,15,3,False,42
ABC-SMC,771562.5730994152,3.6933135428623847,9895290.0,47.36674618721008,9.663932314098508,24.02780641048252,9522.684288283766,27.631021114619486,7.514631890240724,10.043143342644829,9.717512304598841,10.592693060837187,15,3,False,42
ABC-SMC,771775.7009345794,3.6907720417248497,9909600.0,47.38951301574707,9.663932314098508,24.02780641048252,9522.68428828377,27.631021114619486,7.514631890240724,10.043143342644829,9.717512304598841,10.592693060837187,15,3,False,42
ABC-SMC,772890.1869158879,3.6925653987955824,9923910.0,47.41253972053528,9.663932314098508,24.02780641048252,9522.684288283766,27.631021114619486,7.514631890240724,10.043143342644829,9.717512304598841,10.592693060837187,15,3,False,42
ABC-SMC,774004.6728971963,3.694339686093672,9938220.0,47.43532156944275,9.663932314098508,24.02780641048252,9522.68428828377,27.631021114619486,7.514631890240724,10.043143342644829,9.717512304598841,10.592693060837187,15,3,False,42
ABC-SMC,775119.1588785046,3.6961086256853144,9952530.0,47.45803475379944,9.663932314098508,24.02780641048252,9522.684288283766,27.631021114619486,7.514631890240724,10.043143342644829,9.717512304598841,10.592693060837187,15,3,False,42
ABC-SMC,776233.6448598132,3.6978755041817637,9966840.0,47.48072147369385,9.663932314098508,24.02780641048252,9522.68428828377,27.631021114619486,7.514631890240724,10.043143342644829,9.717512304598841,10.592693060837187,15,3,False,42
ABC-SMC,776441.0735122521,3.6953272498660126,9981150.0,47.50343179702759,9.663932314098508,24.02780641048252,9522.684288283766,27.631021114619486,7.514631890240724,10.043143342644829,9.717512304598841,10.592693060837187,15,3,False,42
ABC-SMC,777554.2590431739,3.69709792743625,9995460.0,47.52619385719299,9.663932314098508,24.02780641048252,9522.68428828377,27.631021114619486,7.514631890240724,10.043143342644829,9.717512304598841,10.592693060837187,15,3,False,42
ABC-SMC,778667.4445740958,3.6988788242703605,10009770.0,47.54908728599548,9.663932314098508,24.02780641048252,9522.684288283766,27.631021114619486,7.514631890240724,10.043143342644829,9.717512304598841,10.592693060837187,15,3,False,42
ABC-SMC,778871.7948717949,3.6963488394285973,10024080.0,47.572009563446045,9.663932314098508,24.02780641048252,9522.68428828377,27.631021114619486,7.514631890240724,10.043143342644829,9.717512304598841,10.592693060837187,15,3,False,42
ABC-SMC,779983.6829836831,3.6981195095628383,10038390.0,47.59479808807373,9.663932314098508,24.02780641048252,9522.684288283766,27.631021114619486,7.514631890240724,10.043143342644829,9.717512304598841,10.592693060837187,15,3,False,42
ABC-SMC,781095.5710955712,3.699897571228786,10052700.0,47.61768174171448,9.663932314098508,24.02780641048252,9522.68428828377,27.631021114619486,7.514631890240724,10.043143342644829,9.717512304598841,10.592693060837187,15,3,False,42
ABC-SMC,782207.4592074592,3.7016694825475494,10067010.0,47.64048624038696,9.663932314098508,24.02780641048252,9522.684288283766,27.631021114619486,7.514631890240724,10.043143342644829,9.717512304598841,10.592693060837187,15,3,False,42
ABC-SMC,783319.3473193473,3.703443524257657,10081320.0,47.663318157196045,9.663932314098508,24.02780641048252,9522.68428828377,27.631021114619486,7.514631890240724,10.043143342644829,9.717512304598841,10.592693060837187,15,3,False,42
ABC-SMC,784431.2354312354,3.705212323352544,10095630.0,47.68608260154724,9.663932314098508,24.02780641048252,9522.684288283766,27.631021114619486,7.514631890240724,10.043143342644829,9.717512304598841,10.592693060837187,15,3,False,42
ABC-SMC,785543.1235431236,3.706987272794615,10109940.0,47.7089262008667,9.663932314098508,24.02780641048252,9522.68428828377,27.631021114619486,7.514631890240724,10.043143342644829,9.717512304598841,10.592693060837187,15,3,False,42
ABC-SMC,785739.2316647264,3.7044408203882906,10124250.0,47.731719970703125,9.663932314098508,24.02780641048252,9522.684288283766,27.631021114619486,7.514631890240724,10.043143342644829,9.717512304598841,10.592693060837187,15,3,False,42
ABC-SMC,786849.825378347,3.706213314957891,10138560.0,47.75455856323242,9.663932314098508,24.02780641048252,9522.68428828377,27.631021114619486,7.514631890240724,10.043143342644829,9.717512304598841,10.592693060837187,15,3,False,42
ABC-SMC,787960.4190919674,3.7079762431786047,10152870.0,47.77727389335632,9.663932314098508,24.02780641048252,9522.684288283766,27.631021114619486,7.514631890240724,10.043143342644829,9.717512304598841,10.592693060837187,15,3,False,42
ABC-SMC,789071.0128055878,3.7097476645407865,10167180.0,47.80009865760803,9.663932314098508,24.02780641048252,9522.68428828377,27.631021114619486,7.514631890240724,10.043143342644829,9.717512304598841,10.592693060837187,15,3,False,42
ABC-SMC,790181.6065192083,3.7115148485840224,10181490.0,47.82286882400513,9.663932314098508,24.02780641048252,9522.684288283766,27.631021114619486,7.514631890240724,10.043143342644829,9.717512304598841,10.592693060837187,15,3,False,42
ABC-SMC,791292.200232829,3.713288508878922,10195800.0,47.84572243690491,9.663932314098508,24.02780641048252,9522.68428828377,27.631021114619486,7.514631890240724,10.043143342644829,9.717512304598841,10.592693060837187,15,3,False,42
ABC-SMC,792402.7939464494,3.7150611884842837,10210110.0,47.868563413619995,9.663932314098508,24.02780641048252,9522.684288283766,27.631021114619486,7.514631890240724,10.043143342644829,9.717512304598841,10.592693060837187,15,3,False,42
ABC-SMC,792590.6976744186,3.712520248206087,10224420.0,47.89151120185852,9.663932314098508,24.02780641048252,9522.68428828377,27.631021114619486,7.514631890240724,10.043143342644829,9.717512304598841,10.592693060837187,15,3,False,42
ABC-SMC,793700.0,3.71428134829499,10238730.0,47.91422939300537,9.663932314098508,24.02780641048252,9522.684288283766,27.631021114619486,7.514631890240724,10.043143342644829,9.717512304598841,10.592693060837187,15,3,False,42
ABC-SMC,793886.1788617886,3.7117306040646816,10253040.0,47.93700075149536,9.663932314098508,24.02780641048252,9522.68428828377,27.631021114619486,7.514631890240724,10.043143342644829,9.717512304598841,10.592693060837187,15,3,False,42
ABC-SMC,794994.1927990709,3.7134942000474385,10267350.0,47.95977759361267,9.663932314098508,24.02780641048252,9522.684288283766,27.631021114619486,7.514631890240724,10.043143342644829,9.717512304598841,10.592693060837187,15,3,False,42
ABC-SMC,796102.2067363531,3.7152631865238153,10281660.0,47.98262405395508,9.663932314098508,24.02780641048252,9522.68428828377,27.631021114619486,7.514631890240724,10.043143342644829,9.717512304598841,10.592693060837187,15,3,False,42
ABC-SMC,797210.2206736353,3.7170389849595953,10295970.0,48.005558490753174,9.663932314098508,24.02780641048252,9522.684288283766,27.631021114619486,7.514631890240724,10.043143342644829,9.717512304598841,10.592693060837187,15,3,False,42
ABC-SMC,798318.2346109175,3.7188307333490993,10310280.0,48.02869892120361,9.663932314098508,24.02780641048252,9522.68428828377,27.631021114619486,7.514631890240724,10.043143342644829,9.717512304598841,10.592693060837187,15,3,False,42
ABC-SMC,799426.2485481998,3.7205980952931523,10324590.0,48.05152440071106,9.663932314098508,24.02780641048252,9522.684288283766,27.631021114619486,7.514631890240724,10.043143342644829,9.717512304598841,10.592693060837187,15,3,False,42
ABC-SMC,799605.5684454757,3.7180532527725916,10338900.0,48.07442855834961,9.663932314098508,24.02780641048252,9522.68428828377,27.631021114619486,7.514631890240724,10.043143342644829,9.717512304598841,10.592693060837187,15,3,False,42
ABC-SMC,800712.2969837587,3.7198084966212583,10353210.0,48.097123861312866,9.663932314098508,24.02780641048252,9522.684288283766,27.631021114619486,7.514631890240724,10.043143342644829,9.717512304598841,10.592693060837187,15,3,False,42
ABC-SMC,801819.0255220418,3.721573162890181,10367520.0,48.119940996170044,9.663932314098508,24.02780641048252,9522.68428828377,27.631021114619486,7.514631890240724,10.043143342644829,9.717512304598841,10.592693060837187,15,3,False,42
ABC-SMC,801995.3650057937,3.7190207646776234,10381830.0,48.14272379875183,9.663932314098508,24.02780641048252,9522.684288283766,27.631021114619486,7.514631890240724,10.043143342644829,9.717512304598841,10.592693060837187,15,3,False,42
ABC-SMC,802171.2962962964,3.716490794847042,10396140.0,48.16572070121765,9.663932314098508,24.02780641048252,9522.68428828377,27.631021114619486,7.514631890240724,10.043143342644829,9.717512304598841,10.592693060837187,15,3,False,42
ABC-SMC,803275.462962963,3.7182569503784184,10410450.0,48.1886100769043,9.663932314098508,24.02780641048252,9522.684288283766,27.631021114619486,7.514631890240724,10.043143342644829,9.717512304598841,10.592693060837187,15,3,False,42
ABC-SMC,803449.710982659,3.7157393144964024,10424760.0,48.21171760559082,9.663932314098508,24.02780641048252,9522.68428828377,27.631021114619486,7.514631890240724,10.043143342644829,9.717512304598841,10.592693060837187,15,3,False,42
ABC-SMC,804497.1098265896,3.7454619618968925,10438350.0,48.59736895561218,9.66317242055219,23.980868356732792,9353.77080555713,27.631021114617344,7.544151476645717,10.024527998522546,9.69195080133117,10.569085861571434,15,3,False,42
ABC-SMC,805491.3294797688,3.747392334689984,10451250.0,48.62241554260254,9.628917819224332,23.98681571025235,9326.536334987579,27.63102111461721,7.550353794660873,10.031339786587633,9.655771263828864,10.531208967706888,15,3,False,42
ABC-SMC,806436.9942196532,3.7751000464996163,10463520.0,48.98192310333252,9.582136121289695,23.996364695193414,9288.303607538888,27.63102111463842,7.578053952895544,10.036788728089922,9.618613540378414,10.495090372314161,15,3,False,42
ABC-SMC,807335.260115607,3.804729182366461,10475175.0,49.366361141204834,9.548135464201481,23.997850908655657,9185.941388453015,27.631021114638042,7.588265979448999,10.033920412222733,9.575813358296482,10.452200769736153,15,3,False,42
ABC-SMC,808188.4393063585,3.8304832215943088,10486245.0,49.70051980018616,9.512251317617404,24.006959687934206,9122.490992305587,27.63102111463849,7.5759871197715025,10.035296937825063,9.536976499224698,10.410067284407921,15,3,False,42
ABC-SMC,808998.8439306358,3.8604519867942972,10496760.0,50.089364528656006,9.468324989386279,24.02279390473078,8980.541426730206,27.63102111468091,7.554929182952612,10.029708525975442,9.497176288568236,10.368287540206218,15,3,False,42
ABC-SMC,809768.7861271676,3.862718552752956,10506750.0,50.118773221969604,9.427656011550123,24.031708427992825,8927.281261656579,27.63102111470213,7.545925289484159,10.03077691712777,9.459402030054266,10.335516907737643,15,3,False,42
ABC-SMC,810499.4219653179,3.8917515227330677,10516230.0,50.49547600746155,9.385593879049168,24.038293014856187,8880.431905282883,27.63102111470218,7.562557191901324,10.03372249843701,9.4152097674303,10.294198924280202,15,3,False,42
ABC-SMC,811193.063583815,3.918406756627077,10525230.0,50.84132766723633,9.339181658416384,24.04695016898435,8895.035650139665,27.631021114723342,7.581597524452261,10.046762987333206,9.375131910904003,10.255220662028531,15,3,False,42
ABC-SMC,810933.0254041571,3.9435358943161,10534020.0,51.22653126716614,9.313887513996905,24.055139165216374,8892.051174658132,27.631021114724334,7.578456162303524,10.053591022196413,9.360631424067234,10.238790193419254,15,3,False,42
ABC-SMC,811577.3672055427,3.974745547064825,10542390.0,51.63194465637207,9.312025810111013,24.017883742082603,8944.460145619796,27.63102111472266,7.602564645565636,10.056426088213945,9.360210223190489,10.176639999328778,15,3,False,42
ABC-SMC,812189.3764434181,4.016725552641859,10550340.0,52.17726492881775,9.283914171302738,24.025971281720256,8958.319467285033,27.631021114743582,7.604218830714397,10.063965971913207,9.330631474931952,10.129723578795616,15,3,False,42
ABC-SMC,812770.207852194,4.042762274738456,10557885.0,52.51548194885254,9.25481427735109,24.01578678749853,8913.215952504184,27.63102111474261,7.661204838269265,10.062002503776668,9.289414133081204,10.08700309603968,15,3,False,42
ABC-SMC,1506108.974358974,7.486149422463527,10572885.0,52.55276894569397,9.220897834470259,24.003558059501515,8792.94521625996,27.631021114681907,7.673857251925497,10.048262449002213,9.257912926582767,10.080853921052938,15,3,False,42
ABC-SMC,1482794.1176470588,7.364219076493208,10587150.0,52.5805242061615,9.185980797449922,24.01067520536582,8742.357390814675,27.631021114702694,7.68036406914216,10.049158026678725,9.227239720646716,10.053252271036767,15,3,False,42
ABC-SMC,1448186.475409836,7.232155141934671,10600725.0,52.93937563896179,9.162940270103066,24.013983166648288,8699.750771731635,27.63102111470228,7.624552790244662,10.050454036154964,9.193249847823548,10.002228764603625,15,3,False,42
ABC-SMC,1432338.056680162,7.1482354651900275,10613625.0,52.968424797058105,9.126877366192687,24.027082985196856,8701.767416061082,27.631021114723627,7.679715426651844,10.060818240915298,9.157102608267904,9.97242842650747,15,3,False,42
ABC-SMC,1428211.6935483874,7.122585722195206,10625895.0,52.992037773132324,9.076926564418297,24.060007352553807,8624.922055549116,27.631021114767602,7.687120226133319,10.064649573383361,9.119451605843238,9.94358349043951,15,3,False,42
ABC-SMC,1409882.703777336,7.0664238345156924,10637565.0,53.3161678314209,9.051179953780956,24.04159265089889,8536.309185482101,27.63102111476652,7.673359808434676,10.056504296157815,9.08678738434317,9.920985916894356,15,3,False,42
ABC-SMC,1394715.1277013752,7.031973749496769,10648650.0,53.68911957740784,9.008447035327686,24.04587805207069,8397.594829558631,27.631021114787718,7.688358168292672,10.045346590539419,9.061895367940052,9.877478630092272,15,3,False,42
ABC-SMC,1387914.0625,7.037547168632348,10659180.0,54.048362255096436,8.959837127005631,24.035308230407544,8309.093195796195,27.631021114786815,7.71701847332452,10.035939331564746,9.021921430210309,9.848040724447543,15,3,False,42
ABC-SMC,1386508.7719298247,7.027908204979057,10669185.0,54.07975363731384,8.938967205661351,24.04449502644899,8208.055087354343,27.63102111480825,7.770452751046153,10.025925214905735,8.996193186996859,9.816068025891356,15,3,False,42
ABC-SMC,1379676.3565891471,7.033435103197122,10678695.0,54.43878769874573,8.905870499893323,24.057377558251602,8256.198935991068,27.631021114808995,7.794161108326201,10.044366784254908,8.950593273875215,9.774177219565576,15,3,False,42
ABC-SMC,1367595.009596929,7.0136248722186245,10687755.0,54.81147837638855,8.878507124437082,24.074530043264147,8196.25724773138,27.631021114830624,7.844779015492979,10.042626142817236,8.918771716241176,9.749870963758763,15,3,False,42
ABC-SMC,1360860.6870229007,7.021424090892608,10696365.0,55.188393354415894,8.844392645796336,24.087426672924288,8114.145469711424,27.63102111483135,7.834129846831194,10.039218354414748,8.890036623222441,9.703408509834077,15,3,False,42
ABC-SMC,1349030.2457466917,7.000002713795345,10704555.0,55.545021533966064,8.827778216730229,24.09933853686922,8135.452066403719,27.631021114853123,7.801512870361221,10.050099677586713,8.851794443409919,9.676057609394976,15,3,False,42
ABC-SMC,1344924.670433145,7.022860958676478,10712325.0,55.937087535858154,8.802422320832743,24.083061878207488,8029.791531994124,27.63102111485225,7.807257383219592,10.039408426807686,8.814634173399485,9.64816941225491,15,3,False,42
ABC-SMC,2449160.9589041094,12.77956793841706,10727325.0,55.974507570266724,8.777544260591453,24.085037637285836,7960.309396766137,27.63102111487339,7.802690207393785,10.035903356240656,8.785344784159134,9.625164419249144,15,3,False,42
ABC-SMC,2403046.9798657717,12.60588441119098,10741620.0,56.34830331802368,8.75140969539709,24.083627113219503,7965.269724405449,27.631021114873047,7.781625937090992,10.039992224483857,8.758491159955945,9.595282883593182,15,3,False,42
ABC-SMC,2374215.2317880797,12.447030233757912,10755195.0,56.38504695892334,8.721521476771809,24.0816815611159,7947.607287101171,27.63102111487267,7.708755391928073,10.04141297860677,8.728684700487033,9.565534503180764,15,3,False,42
ABC-SMC,2338345.2768729646,12.250347168515484,10768080.0,56.412848711013794,8.689068061608706,24.068891012762208,7880.0668626354645,27.63102111487181,7.6536340447220175,10.031069418387347,8.700902683268717,9.544249585553041,15,3,False,42
ABC-SMC,2333405.8441558443,12.29118552558866,10780335.0,56.785277128219604,8.671286498453846,24.081056033077807,7743.305681288681,27.631021114872123,7.734248949134003,10.016404653504585,8.666832363373196,9.51409884144319,15,3,False,42
ABC-SMC,2284022.2222222225,12.025170301003431,10792005.0,56.81892967224121,8.646781702701391,24.085807356577725,7645.139537778397,27.63102111487268,7.730848723050189,10.010527251495978,8.63213054976775,9.488568175770954,15,3,False,42
ABC-SMC,2264805.0314465403,11.917336431939145,10803120.0,56.84569478034973,8.627266186418817,24.09359282180687,7577.126643376766,27.631021114872638,7.730880244377778,10.008075215810065,8.598869049354883,9.462487134524881,15,3,False,42
ABC-SMC,2218190.769230769,11.743414854392027,10813680.0,57.24914741516113,8.594441974791986,24.10198432311466,7482.697354355232,27.631021114872883,7.687386674628228,10.001533283631657,8.569138389050506,9.413453044197539,15,3,False,42
ABC-SMC,2186606.0606060605,11.636756839174213,10823700.0,57.60194635391235,8.556028124994976,24.094751392920102,7389.416948735341,27.631021114872325,7.613373831530877,9.989985608211443,8.539998121426322,9.391551675367566,15,3,False,42
ABC-SMC,2175346.3855421687,11.633140351398882,10833225.0,57.93303894996643,8.532077231408957,24.08870868885645,7380.815532351684,27.631021114871974,7.546712402784451,9.987689581138623,8.512552962823616,9.363006232642986,15,3,False,42
ABC-SMC,2151258.9285714286,11.56527366903093,10842345.0,58.288979291915894,8.486766283595735,24.103774392208088,7453.952663897884,27.63102111487317,7.501409623545226,10.005302077751145,8.498175871116384,9.32532319360136,15,3,False,42
ABC-SMC,2152976.1904761903,11.637459955518207,10851000.0,58.65279817581177,8.465081201471682,24.09052790227038,7373.401035750335,27.631021114872347,7.533516349771039,9.992075912160782,8.459468165493426,9.294167426068945,15,3,False,42
ABC-SMC,2141866.8639053255,11.64598497883573,10859265.0,59.045143842697144,8.430018872724037,24.094875264608042,7278.953599483457,27.631021114893656,7.552267997218771,9.98379611429621,8.4286906195344,9.262079864325115,15,3,False,42
ABC-SMC,2130814.7058823523,11.583172947752708,10867155.0,59.07418203353882,8.396019382360736,24.084405860541672,7171.2160868207175,27.631021114893183,7.587967915012666,9.969785560996687,8.39465237902255,9.252963429241696,15,3,False,42
ABC-SMC,2119818.7134502917,11.58806622376916,10874670.0,59.44677972793579,8.377493078831607,24.105250432882194,7067.493486748948,27.63102111491558,7.598126036983174,9.961556233059262,8.350999341176257,9.226199097177023,15,3,False,42
ABC-SMC,3861585.1063829786,21.097030707284915,10889670.0,59.49362659454346,8.35757824418718,24.057883807692008,7097.910122201183,27.631021114728828,7.49661834950883,9.950154798672884,8.332519145149625,9.203603173523163,15,3,False,42
ABC-SMC,3766502.590673575,20.67678580012346,10904025.0,59.85929489135742,8.33091241347716,24.06145039808523,7103.515788556626,27.631021114728473,7.551557867204454,9.952081346446418,8.30730381470469,9.174138535117677,15,3,False,42
ABC-SMC,3713494.8979591834,20.484089040431847,10917675.0,60.22322177886963,8.305388194717084,24.0835530065871,6995.104915477521,27.63102111472886,7.560760308564167,9.937887377782458,8.292720082456151,9.154444461183516,15,3,False,42
ABC-SMC,3625427.8606965174,20.11674134490106,10930665.0,60.65197515487671,8.295757179160647,24.109526269526917,6968.83597192295,27.631021114751913,7.573204087901856,9.953287316252384,8.264881499777083,9.146066622157976,15,3,False,42
ABC-SMC,3541456.3106796117,19.7660649864419,10943100.0,61.07714080810547,8.2765175480586,24.10770426927422,6867.20433906049,27.6310211147512,7.638888685027578,9.941820412788605,8.23807808121635,9.128622851748828,15,3,False,42
ABC-SMC,3444952.83018868,19.218641482059315,10954950.0,61.11527991294861,8.259914295456081,24.10447129096361,6772.818095678666,27.631021114751057,7.668919183293685,9.928705215391364,8.200504269088254,9.111145446625907,15,3,False,42
ABC-SMC,3384643.518518519,18.988328804204496,10966245.0,61.52218532562256,8.229025886695641,24.122108631142197,6658.999603847468,27.63102111477343,7.857323956230534,9.913551417960969,8.181899253444959,9.080910517894239,15,3,False,42
ABC-SMC,3311307.6923076925,18.687800440493394,10976985.0,61.950058460235596,8.211818329087686,24.116528159542657,6554.801133065245,27.63102111477279,7.8307439575897275,9.894116916620748,8.166767455918889,9.060901995692637,15,3,False,42
ABC-SMC,3241075.221238938,18.38782501783343,10987245.0,62.33472681045532,8.175965977922397,24.121994035683663,6580.467312511417,27.631021114772327,7.888475754037517,9.902469202647238,8.148365671200487,9.03385194610978,15,3,False,42
ABC-SMC,3215530.701754386,18.350891969357317,10997115.0,62.760050535202026,8.162445581341203,24.117151551879637,6639.717743467103,27.631021114771695,7.785067457728437,9.920823697548384,8.135831256210277,9.016456011086499,15,3,False,42
ABC-SMC,3176484.848484848,18.234179718325834,11006520.0,63.18143272399902,8.14802616582363,24.135823034601174,6639.187161872267,27.631021114793374,7.839477752223986,9.917104331856324,8.112902250246998,8.977091195696868,15,3,False,42
ABC-SMC,3138324.7863247856,18.01083638117863,11015520.0,63.21803569793701,8.120312596169331,24.150196985851323,6636.4100559482595,27.63102111479339,7.977786629942934,9.91722999729679,8.094621390820272,8.947628582026612,15,3,False,42
ABC-SMC,3088025.2100840337,17.812858776552005,11024250.0,63.59190583229065,8.1150890110508,24.149471877109136,6682.457728740181,27.631021114792908,8.037582019815483,9.932996037729678,8.076913771535787,8.928986403449958,15,3,False,42
ABC-SMC,3064595.833333334,17.768534554375545,11032545.0,63.96672439575195,8.09249640621308,24.13144170289621,6768.377627780446,27.631021114791817,8.181040891275257,9.946569158345552,8.03694390444235,8.916688223666808,15,3,False,42
ABC-SMC,3066812.5000000005,17.874367833137516,11040525.0,64.34772419929504,8.067604168869114,24.13828571883435,6713.121971023147,27.631021114791682,8.166628838067686,9.93213323870233,8.037505480753433,8.913326948188578,15,3,False,42
ABC-SMC,3031032.9218106996,17.76170141902971,11048115.0,64.74140167236328,8.038176518996785,24.138138722880186,6597.174392663951,27.63102111483338,8.250033060427123,9.916000811684368,8.012158787593963,8.876214482091168,15,3,False,42
ABC-SMC,4789227.272727273,28.047669295108676,11063115.0,64.79011607170105,8.015884020590365,24.136654725715317,6439.673020067361,27.631021114670467,8.198879969478751,9.900952595818769,7.992648349002735,8.862341744933195,15,3,False,42
ABC-SMC,4674018.987341772,27.351369032879923,11077425.0,64.82274460792542,7.992011107992351,24.162693408616647,6524.538247356576,27.63102111467136,8.194779782094196,9.938030922564659,7.9801951976734475,8.825203277716495,15,3,False,42
ABC-SMC,4508609.756097562,26.521379385537248,11091180.0,65.24259328842163,7.9793416667119805,24.15170204606973,6565.276833559092,27.63102111467026,8.219396674870138,9.944579480806347,7.963733733295757,8.81583864369122,15,3,False,42
ABC-SMC,4354641.176470587,25.757506127450977,11104335.0,65.681640625,7.9625146957545,24.16012120301677,6642.970185043907,27.631021114670123,8.18523772825537,9.964636402847042,7.954847438359343,8.80439192160089,15,3,False,42
ABC-SMC,4283982.658959539,25.46436249176202,11116935.0,66.08002066612244,7.954115458423364,24.14890344975877,6482.510279281632,27.631021114668947,8.121321664316264,9.948785594383901,7.932158998072329,8.774924950874615,15,3,False,42
ABC-SMC,4264045.977011494,25.46923726911289,11129160.0,66.47470927238464,7.946168623368344,24.138321921978147,6518.1700601434895,27.63102111466803,8.187747276742005,9.952476334373214,7.903665819060365,8.756550021916937,15,3,False,42
ABC-SMC,4172629.2134831464,25.050940227865727,11140920.0,66.88601040840149,7.92283706206601,24.149332183938004,6487.646527362838,27.63102111466853,8.25547635096493,9.947034419092375,7.895950084488351,8.738223018315004,15,3,False,42
ABC-SMC,4153513.9664804474,25.06244142628249,11152185.0,67.29265522956848,7.887992259656853,24.186988719078716,6527.088276886068,27.631021114670368,8.30778969448374,9.969120182110935,7.87082957693762,8.7188468755121,15,3,False,42
ABC-SMC,4111569.0607734807,24.936988999171813,11162910.0,67.70392513275146,7.882674386231708,24.153100515566678,6392.4911016526885,27.631021114668478,8.428402606417842,9.946108763769585,7.858661797159985,8.668709663377216,15,3,False,42
ABC-SMC,4004741.9354838706,24.28024626974564,11173230.0,67.74188709259033,7.878795477922586,24.140969019490417,6340.74042144425,27.631021114667288,8.408022652383233,9.936031217613378,7.832420822176882,8.655727480050466,15,3,False,42
ABC-SMC,3965622.340425532,24.150781851288276,11183055.0,68.10520482063293,7.869300677116943,24.18517885600334,6346.0196048719645,27.631021114711803,8.444821887783194,9.95813485658147,7.809842473584002,8.641889242390704,15,3,False,42
ABC-SMC,3886244.7916666665,23.65990148650275,11192385.0,68.14051628112793,7.8587861496438975,24.170254284344637,6313.664716716202,27.631021114710386,8.353800160155092,9.947347029455809,7.7790495055452675,8.590835300815252,15,3,False,42
ABC-SMC,3849226.8041237113,23.425632326053996,11201250.0,68.16859006881714,7.8221704166262125,24.213700848631312,6366.1857787553035,27.631021114754603,8.299037234880691,9.987729286883575,7.7371636313287775,8.534197488770177,15,3,False,42
ABC-SMC,3755351.758793969,22.960346228313604,11209725.0,68.53663349151611,7.7936169938872935,24.221285587125944,6423.742589529897,27.63102111475419,8.33468710125227,9.996896007387265,7.689663269556395,8.466853010927055,15,3,False,42
ABC-SMC,3739260.0,22.857099612553917,11217780.0,68.57129883766174,7.779890894415793,24.225025296176863,6261.110636097033,27.631021114753615,8.333111178818013,9.97040265060793,7.651650305858081,8.393675483020626,15,3,False,42
ABC-SMC,3704801.9801980196,22.64001912409716,11225550.0,68.5992579460144,7.739431446120085,24.234811629844202,6312.905668383395,27.631021114774942,8.492010277668248,9.980184887599291,7.627577844271533,8.363737568968704,15,3,False,42
ABC-SMC,5592313.43283582,34.14560752128487,11240550.0,68.63267111778259,7.6883580054952025,24.226312156102054,6252.957062314314,27.631021114632098,8.474941990413226,9.972689593832815,7.613359073836754,8.34888825071143,15,3,False,42
ABC-SMC,5210694.444444445,31.956394182311172,11255100.0,69.02581143379211,7.679226468747173,24.220853796586162,6307.327926014332,27.631021114631157,8.495505265079474,9.983137804467514,7.591862694802434,8.32848376112535,15,3,False,42
ABC-SMC,5110632.653061224,31.5020442279288,11268945.0,69.46200752258301,7.644732286550864,24.232346284599153,6248.184668231674,27.631021114651922,8.58786623280125,9.97529908768751,7.554275436940868,8.287036014799304,15,3,False,42
ABC-SMC,4981238.410596026,30.685602066006357,11282505.0,69.5028886795044,7.609788491356895,24.244800836452193,6218.427826094896,27.63102111465222,8.618937466018362,9.970595689513175,7.5421312431913545,8.27712559062643,15,3,False,42
ABC-SMC,4889772.727272727,30.264984168015516,11295375.0,69.91211342811584,7.594519131812474,24.21867398655231,6005.933884141228,27.63102111465222,8.842672067310424,9.946968725887999,7.527289080547188,8.250925215117567,15,3,False,42
ABC-SMC,4711500.0,29.146654506524403,11307600.0,69.95197081565857,7.58849944676474,24.18022356998949,5949.708351064395,27.631021114650117,8.477783422633163,9.926948396463724,7.50222853593706,8.208809136810583,15,3,False,42
ABC-SMC,4518796.407185628,28.084577724129375,11319585.0,70.35186719894409,7.560380891449291,24.194640983308147,5949.078403796828,27.631021114650707,8.491915693633738,9.923284284371519,7.4913087376124,8.197777329775764,15,3,False,42
ABC-SMC,4316560.0,26.960712705339706,11330970.0,70.77187085151672,7.501031321876547,24.191820670535783,5967.779712146535,27.631021114650448,8.203515342896345,9.921985162737826,7.470354201919536,8.150787854889753,15,3,False,42
ABC-SMC,4271858.757062146,26.81757357609923,11341785.0,71.20065784454346,7.434198077632168,24.221274194504737,5956.678020122765,27.631021114672002,8.187247961181098,9.92194482001652,7.448391730841234,8.129265204414004,15,3,False,42
ABC-SMC,4181248.6187845306,26.379431940574012,11352090.0,71.62015771865845,7.370628760095237,24.23411325733044,5989.42724804528,27.631021114692725,8.291043374270211,9.92636709209277,7.434601047862944,8.117483646602686,15,3,False,42
ABC-SMC,4094475.6756756757,25.96244631586848,11362170.0,72.04578852653503,7.366446840491504,24.264871148467204,6066.340571209608,27.63102111471532,8.287924665496474,9.986815371273233,7.411252989944723,8.115809285773706,15,3,False,42
ABC-SMC,4054112.2994652404,25.832538213746858,11371785.0,72.46026968955994,7.365162892477587,24.23557781730556,6085.774666246051,27.63102111471358,8.275184643232894,9.980123684753922,7.3861663352248135,8.087034104040058,15,3,False,42
ABC-SMC,4057395.721925134,25.981351526025783,11380995.0,72.87769103050232,7.342078470987199,24.292774345060348,5986.3431852963695,27.63102111477958,8.33365256222849,9.973325809221906,7.360007356971579,8.06966065671878,15,3,False,42
ABC-SMC,3996405.263157895,25.715651512145996,11389755.0,73.28960680961609,7.341327145824257,24.295727627699044,5946.614859384992,27.63102111477874,8.33974427663151,9.954937680292822,7.358702892900163,8.062024783041625,15,3,False,42
ABC-SMC,3999394.7368421056,25.85925202620657,11398275.0,73.69886827468872,7.303287015055752,24.308958980162547,5968.97434387056,27.63102111477898,8.407471308247104,9.955156427505614,7.341975363463993,8.050472359634933,15,3,False,42
ABC-SMC,3919711.3402061854,25.465082466807154,11406360.0,74.10338997840881,7.288484039205992,24.359142703449944,5811.884475618982,27.63102111480171,8.333507203466697,9.931641568710045,7.317139186133735,7.999690839515715,15,3,False,42
ABC-SMC,3862629.4416243653,25.087482190979312,11414070.0,74.13350987434387,7.226446089130028,24.404993136146864,5731.032796239029,27.63102111482551,8.38453462123459,9.917632972257506,7.296339925674578,7.953447976423124,15,3,False,42
ABC-SMC,6457101.694915255,41.905249444778356,11429070.0,74.17229151725769,7.207849380502565,24.050057108564285,5774.26468007965,27.631021114476027,7.538399318146693,9.945315275967952,7.264684952650713,7.957941169837469,15,3,False,42
ABC-SMC,6357425.000000001,41.22263709704082,11443365.0,74.20074677467346,7.199675273229559,24.070454406127737,5932.263190179297,27.631021114497532,7.622895594126281,10.066188693082454,7.268943186911381,7.944822309460348,15,3,False,42
ABC-SMC,5921147.286821705,38.54458572328553,11457420.0,74.5837733745575,7.194452081348306,24.076049084939193,5916.453358246785,27.631021114497297,7.600049037252594,10.064000027767502,7.260167805152076,7.9391262974473245,15,3,False,42
ABC-SMC,5623000.0,36.57963883643057,11470920.0,74.62246322631836,7.19003889286666,24.030349584971873,5713.4770148173675,27.631021114495226,7.592986391022011,10.037279492668844,7.224207737729631,7.896387107992058,15,3,False,42
ABC-SMC,5468771.428571428,35.548971380506245,11484420.0,74.65283989906311,7.19003889286666,24.030349584971873,5713.4770148173675,27.631021114495226,7.592986391022011,10.037279492668844,7.224207737729631,7.896387107992058,15,3,False,42
ABC-SMC,5144483.22147651,33.413102322776844,11497920.0,74.67828369140625,7.19003889286666,24.030349584971873,5713.4770148173675,27.631021114495226,7.592986391022011,10.037279492668844,7.224207737729631,7.896387107992058,15,3,False,42
ABC-SMC,5015869.281045752,32.54941927841286,11511420.0,74.70091724395752,7.19003889286666,24.030349584971873,5713.4770148173675,27.631021114495226,7.592986391022011,10.037279492668844,7.224207737729631,7.896387107992058,15,3,False,42
ABC-SMC,4832251.572327044,31.33076631797934,11524920.0,74.72387766838074,7.19003889286666,24.030349584971873,5713.4770148173675,27.631021114495226,7.592986391022011,10.037279492668844,7.224207737729631,7.896387107992058,15,3,False,42
ABC-SMC,4777813.664596274,30.95107256255535,11538420.0,74.74684023857117,7.19003889286666,24.030349584971873,5713.4770148173675,27.631021114495226,7.592986391022011,10.037279492668844,7.224207737729631,7.896387107992058,15,3,False,42
ABC-SMC,4667442.424242424,30.209992244990186,11551920.0,74.76973080635071,7.19003889286666,24.030349584971873,5713.4770148173675,27.631021114495226,7.592986391022011,10.037279492668844,7.224207737729631,7.896387107992058,15,3,False,42
ABC-SMC,4456809.248554914,28.821817115092788,11565420.0,74.79261541366577,7.19003889286666,24.030349584971873,5713.4770148173675,27.631021114495226,7.592986391022011,10.037279492668844,7.224207737729631,7.896387107992058,15,3,False,42
ABC-SMC,4361175.141242937,28.179117156062873,11578920.0,74.81555604934692,7.19003889286666,24.030349584971873,5713.4770148173675,27.631021114495226,7.592986391022011,10.037279492668844,7.224207737729631,7.896387107992058,15,3,False,42
ABC-SMC,4366259.8870056495,28.187731834454723,11592420.0,74.8384280204773,7.19003889286666,24.030349584971873,5713.4770148173675,27.631021114495226,7.592986391022011,10.037279492668844,7.224207737729631,7.896387107992058,15,3,False,42
ABC-SMC,4205043.47826087,27.123664254727572,11605920.0,74.8613133430481,7.19003889286666,24.030349584971873,5713.4770148173675,27.631021114495226,7.592986391022011,10.037279492668844,7.224207737729631,7.896387107992058,15,3,False,42
ABC-SMC,4120361.7021276597,26.554665582399842,11619420.0,74.88415694236755,7.19003889286666,24.030349584971873,5713.4770148173675,27.631021114495226,7.592986391022011,10.037279492668844,7.224207737729631,7.896387107992058,15,3,False,42
ABC-SMC,4103322.7513227514,26.422227627385862,11632920.0,74.90701532363892,7.19003889286666,24.030349584971873,5713.4770148173675,27.631021114495226,7.592986391022011,10.037279492668844,7.224207737729631,7.896387107992058,15,3,False,42
ABC-SMC,3921353.5353535353,25.228962191828973,11646420.0,74.93001770973206,7.19003889286666,24.030349584971873,5713.4770148173675,27.631021114495226,7.592986391022011,10.037279492668844,7.224207737729631,7.896387107992058,15,3,False,42
ABC-SMC,3848158.4158415836,24.736936178931305,11659920.0,74.95291662216187,7.19003889286666,24.030349584971873,5713.4770148173675,27.631021114495226,7.592986391022011,10.037279492668844,7.224207737729631,7.896387107992058,15,3,False,42
ABC-SMC,3777805.8252427187,24.26401727793672,11673420.0,74.97581338882446,7.19003889286666,24.030349584971873,5713.4770148173675,27.631021114495226,7.592986391022011,10.037279492668844,7.224207737729631,7.896387107992058,15,3,False,42
ABC-SMC,3727885.167464115,23.923085256816858,11686920.0,74.99887228012085,7.19003889286666,24.030349584971873,5713.4770148173675,27.631021114495226,7.592986391022011,10.037279492668844,7.224207737729631,7.896387107992058,15,3,False,42
ABC-SMC,3662103.2863849765,23.481014786005396,11700420.0,75.02184224128723,7.19003889286666,24.030349584971873,5713.4770148173675,27.631021114495226,7.592986391022011,10.037279492668844,7.224207737729631,7.896387107992058,15,3,False,42
ABC-SMC,3582238.5321100918,22.949465407508594,11713920.0,75.0447518825531,7.19003889286666,24.030349584971873,5713.4770148173675,27.631021114495226,7.592986391022011,10.037279492668844,7.224207737729631,7.896387107992058,15,3,False,42
ABC-SMC,3490303.5714285714,22.341561033612205,11727420.0,75.06764507293701,7.19003889286666,24.030349584971873,5713.4770148173675,27.631021114495226,7.592986391022011,10.037279492668844,7.224207737729631,7.896387107992058,15,3,False,42
ABC-SMC,3418026.2008733624,21.86039899634482,11740920.0,75.09047055244446,7.19003889286666,24.030349584971873,5713.4770148173675,27.631021114495226,7.592986391022011,10.037279492668844,7.224207737729631,7.896387107992058,15,3,False,42
ABC-SMC,3363210.3004291845,21.49165887518843,11754420.0,75.11334776878357,7.19003889286666,24.030349584971873,5713.4770148173675,27.631021114495226,7.592986391022011,10.037279492668844,7.224207737729631,7.896387107992058,15,3,False,42
ABC-SMC,3310244.725738397,21.135340729510904,11767920.0,75.13613629341125,7.19003889286666,24.030349584971873,5713.4770148173675,27.631021114495226,7.592986391022011,10.037279492668844,7.224207737729631,7.896387107992058,15,3,False,42
ABC-SMC,3286309.623430962,20.964898092144868,11781420.0,75.15915966033936,7.19003889286666,24.030349584971873,5713.4770148173675,27.631021114495226,7.592986391022011,10.037279492668844,7.224207737729631,7.896387107992058,15,3,False,42
ABC-SMC,3209502.040816326,20.457765618149114,11794920.0,75.182288646698,7.19003889286666,24.030349584971873,5713.4770148173675,27.631021114495226,7.592986391022011,10.037279492668844,7.224207737729631,7.896387107992058,15,3,False,42
ABC-SMC,3174306.4516129033,20.216443333574524,11808420.0,75.20516920089722,7.19003889286666,24.030349584971873,5713.4770148173675,27.631021114495226,7.592986391022011,10.037279492668844,7.224207737729631,7.896387107992058,15,3,False,42
ABC-SMC,3127492.063492063,19.901576307084824,11821920.0,75.22795844078064,7.19003889286666,24.030349584971873,5713.4770148173675,27.631021114495226,7.592986391022011,10.037279492668844,7.224207737729631,7.896387107992058,15,3,False,42
ABC-SMC,3058248.0620155036,19.444739849376433,11835420.0,75.25114321708679,7.19003889286666,24.030349584971873,5713.4770148173675,27.631021114495226,7.592986391022011,10.037279492668844,7.224207737729631,7.896387107992058,15,3,False,42
ABC-SMC,3026544.0613026824,19.227095795164924,11848920.0,75.27408003807068,7.19003889286666,24.030349584971873,5713.4770148173675,27.631021114495226,7.592986391022011,10.037279492668844,7.224207737729631,7.896387107992058,15,3,False,42
ABC-SMC,2973037.5939849624,18.8713973028618,11862420.0,75.29687523841858,7.19003889286666,24.030349584971873,5713.4770148173675,27.631021114495226,7.592986391022011,10.037279492668844,7.224207737729631,7.896387107992058,15,3,False,42
ABC-SMC,2932325.9259259254,18.597470212865755,11875920.0,75.31975436210632,7.19003889286666,24.030349584971873,5713.4770148173675,27.631021114495226,7.592986391022011,10.037279492668844,7.224207737729631,7.896387107992058,15,3,False,42
ABC-SMC,2903399.267399267,18.398658754770278,11889420.0,75.3425076007843,7.19003889286666,24.030349584971873,5713.4770148173675,27.631021114495226,7.592986391022011,10.037279492668844,7.224207737729631,7.896387107992058,15,3,False,42
ABC-SMC,2885556.3636363638,18.27037597425056,11902920.0,75.36530089378357,7.19003889286666,24.030349584971873,5713.4770148173675,27.631021114495226,7.592986391022011,10.037279492668844,7.224207737729631,7.896387107992058,15,3,False,42
ABC-SMC,2867971.119133574,18.14394020144833,11916420.0,75.38807153701782,7.19003889286666,24.030349584971873,5713.4770148173675,27.631021114495226,7.592986391022011,10.037279492668844,7.224207737729631,7.896387107992058,15,3,False,42
ABC-SMC,2830348.754448398,17.891087933650073,11929920.0,75.41093564033508,7.19003889286666,24.030349584971873,5713.4770148173675,27.631021114495226,7.592986391022011,10.037279492668844,7.224207737729631,7.896387107992058,15,3,False,42
ABC-SMC,2813526.501766785,17.7700480246572,11943420.0,75.4338538646698,7.19003889286666,24.030349584971873,5713.4770148173675,27.631021114495226,7.592986391022011,10.037279492668844,7.224207737729631,7.896387107992058,15,3,False,42
ABC-SMC,2806788.732394366,17.712838604976312,11956920.0,75.4566924571991,7.19003889286666,24.030349584971873,5713.4770148173675,27.631021114495226,7.592986391022011,10.037279492668844,7.224207737729631,7.896387107992058,15,3,False,42
ABC-SMC,2790307.6923076925,17.59429978323983,11970420.0,75.47954607009888,7.19003889286666,24.030349584971873,5713.4770148173675,27.631021114495226,7.592986391022011,10.037279492668844,7.224207737729631,7.896387107992058,15,3,False,42
ABC-SMC,2745457.04467354,17.29721465880929,11983920.0,75.50234198570251,7.19003889286666,24.030349584971873,5713.4770148173675,27.631021114495226,7.592986391022011,10.037279492668844,7.224207737729631,7.896387107992058,15,3,False,42
ABC-SMC,2720503.401360544,17.12588674627464,11997420.0,75.52516055107117,7.19003889286666,24.030349584971873,5713.4770148173675,27.631021114495226,7.592986391022011,10.037279492668844,7.224207737729631,7.896387107992058,15,3,False,42
ABC-SMC,2705162.1621621624,17.015387829359593,12010920.0,75.54832196235657,7.19003889286666,24.030349584971873,5713.4770148173675,27.631021114495226,7.592986391022011,10.037279492668844,7.224207737729631,7.896387107992058,15,3,False,42
ABC-SMC,2699084.175084175,16.96332183349815,12024420.0,75.57159876823425,7.19003889286666,24.030349584971873,5713.4770148173675,27.631021114495226,7.592986391022011,10.037279492668844,7.224207737729631,7.896387107992058,15,3,False,42
ABC-SMC,2657377.4834437086,16.687501713666432,12037920.0,75.59438276290894,7.19003889286666,24.030349584971873,5713.4770148173675,27.631021114495226,7.592986391022011,10.037279492668844,7.224207737729631,7.896387107992058,15,3,False,42
ABC-SMC,2634190.1639344264,16.52835303968419,12051420.0,75.61721515655518,7.19003889286666,24.030349584971873,5713.4770148173675,27.631021114495226,7.592986391022011,10.037279492668844,7.224207737729631,7.896387107992058,15,3,False,42
ABC-SMC,2603003.236245955,16.31931641341027,12064920.0,75.64003157615662,7.19003889286666,24.030349584971873,5713.4770148173675,27.631021114495226,7.592986391022011,10.037279492668844,7.224207737729631,7.896387107992058,15,3,False,42
ABC-SMC,2589157.5562700965,16.21925184325518,12078420.0,75.6628098487854,7.19003889286666,24.030349584971873,5713.4770148173675,27.631021114495226,7.592986391022011,10.037279492668844,7.224207737729631,7.896387107992058,15,3,False,42
ABC-SMC,2559136.507936508,16.01809819539388,12091920.0,75.68551397323608,7.19003889286666,24.030349584971873,5713.4770148173675,27.631021114495226,7.592986391022011,10.037279492668844,7.224207737729631,7.896387107992058,15,3,False,42
ABC-SMC,2553886.075949367,15.972198715692835,12105420.0,75.70822191238403,7.19003889286666,24.030349584971873,5713.4770148173675,27.631021114495226,7.592986391022011,10.037279492668844,7.224207737729631,7.896387107992058,15,3,False,42
ABC-SMC,2524775.0,15.777275065581003,12118920.0,75.73092031478882,7.19003889286666,24.030349584971873,5713.4770148173675,27.631021114495226,7.592986391022011,10.037279492668844,7.224207737729631,7.896387107992058,15,3,False,42
ABC-SMC,2504111.4551083595,15.63543161248521,12132420.0,75.75366616249084,7.19003889286666,24.030349584971873,5713.4770148173675,27.631021114495226,7.592986391022011,10.037279492668844,7.224207737729631,7.896387107992058,15,3,False,42
ABC-SMC,2476232.4159021406,15.448816398597273,12145920.0,75.77644443511963,7.19003889286666,24.030349584971873,5713.4770148173675,27.631021114495226,7.592986391022011,10.037279492668844,7.224207737729631,7.896387107992058,15,3,False,42
ABC-SMC,2456448.484848485,15.312958582483157,12159420.0,75.79914498329163,7.19003889286666,24.030349584971873,5713.4770148173675,27.631021114495226,7.592986391022011,10.037279492668844,7.224207737729631,7.896387107992058,15,3,False,42
ABC-SMC,2422471.6417910447,15.088946356702207,12172920.0,75.82195544242859,7.19003889286666,24.030349584971873,5713.4770148173675,27.631021114495226,7.592986391022011,10.037279492668844,7.224207737729631,7.896387107992058,15,3,False,42
ABC-SMC,2389494.1176470583,14.871490048427205,12186420.0,75.84459924697876,7.19003889286666,24.030349584971873,5713.4770148173675,27.631021114495226,7.592986391022011,10.037279492668844,7.224207737729631,7.896387107992058,15,3,False,42
ABC-SMC,2392141.1764705875,14.875941183052808,12199920.0,75.86730003356934,7.19003889286666,24.030349584971873,5713.4770148173675,27.631021114495226,7.592986391022011,10.037279492668844,7.224207737729631,7.896387107992058,15,3,False,42
ABC-SMC,2380783.6257309937,14.793367739076965,12213420.0,75.88997650146484,7.19003889286666,24.030349584971873,5713.4770148173675,27.631021114495226,7.592986391022011,10.037279492668844,7.224207737729631,7.896387107992058,15,3,False,42
ABC-SMC,2369558.139534884,14.711757731992147,12226920.0,75.91266989707947,7.19003889286666,24.030349584971873,5713.4770148173675,27.631021114495226,7.592986391022011,10.037279492668844,7.224207737729631,7.896387107992058,15,3,False,42
ABC-SMC,2351665.706051873,14.588906693985322,12240420.0,75.9352593421936,7.19003889286666,24.030349584971873,5713.4770148173675,27.631021114495226,7.592986391022011,10.037279492668844,7.224207737729631,7.896387107992058,15,3,False,42
ABC-SMC,2347494.252873563,14.551330297842794,12253920.0,75.95794415473938,7.19003889286666,24.030349584971873,5713.4770148173675,27.631021114495226,7.592986391022011,10.037279492668844,7.224207737729631,7.896387107992058,15,3,False,42
ABC-SMC,2336651.428571428,14.47250611441476,12267420.0,75.98065710067749,7.19003889286666,24.030349584971873,5713.4770148173675,27.631021114495226,7.592986391022011,10.037279492668844,7.224207737729631,7.896387107992058,15,3,False,42
ABC-SMC,2319342.776203966,14.353818551226535,12280920.0,76.0034692287445,7.19003889286666,24.030349584971873,5713.4770148173675,27.631021114495226,7.592986391022011,10.037279492668844,7.224207737729631,7.896387107992058,15,3,False,42
ABC-SMC,2295876.7507002805,14.197219230658982,12294420.0,76.02610898017883,7.19003889286666,24.030349584971873,5713.4770148173675,27.631021114495226,7.592986391022011,10.037279492668844,7.224207737729631,7.896387107992058,15,3,False,42
ABC-SMC,2260407.7134986226,13.966730956751015,12307920.0,76.04885005950928,7.19003889286666,24.030349584971873,5713.4770148173675,27.631021114495226,7.592986391022011,10.037279492668844,7.224207737729631,7.896387107992058,15,3,False,42
ABC-SMC,2262887.0523415976,13.970901552310659,12321420.0,76.07155895233154,7.19003889286666,24.030349584971873,5713.4770148173675,27.631021114495226,7.592986391022011,10.037279492668844,7.224207737729631,7.896387107992058,15,3,False,42
ABC-SMC,2246797.8142076503,13.860510303240222,12334920.0,76.09420156478882,7.19003889286666,24.030349584971873,5713.4770148173675,27.631021114495226,7.592986391022011,10.037279492668844,7.224207737729631,7.896387107992058,15,3,False,42
ABC-SMC,2249256.830601093,13.86465644141581,12348420.0,76.1169638633728,7.19003889286666,24.030349584971873,5713.4770148173675,27.631021114495226,7.592986391022011,10.037279492668844,7.224207737729631,7.896387107992058,15,3,False,42
ABC-SMC,2251715.8469945355,13.868810961155292,12361920.0,76.13977217674255,7.19003889286666,24.030349584971873,5713.4770148173675,27.631021114495226,7.592986391022011,10.037279492668844,7.224207737729631,7.896387107992058,15,3,False,42
ABC-SMC,2248032.6975476835,13.83518644293041,12375420.0,76.16270136833191,7.19003889286666,24.030349584971873,5713.4770148173675,27.631021114495226,7.592986391022011,10.037279492668844,7.224207737729631,7.896387107992058,15,3,False,42
ABC-SMC,2238287.2628726284,13.764521789206183,12388920.0,76.18662810325623,7.19003889286666,24.030349584971873,5713.4770148173675,27.631021114495226,7.592986391022011,10.037279492668844,7.224207737729631,7.896387107992058,15,3,False,42
ABC-SMC,2222655.9139784947,13.6575724061672,12402420.0,76.20925402641296,7.19003889286666,24.030349584971873,5713.4770148173675,27.631021114495226,7.592986391022011,10.037279492668844,7.224207737729631,7.896387107992058,15,3,False,42
ABC-SMC,2219109.919571046,13.624994791012133,12415920.0,76.23184585571289,7.19003889286666,24.030349584971873,5713.4770148173675,27.631021114495226,7.592986391022011,10.037279492668844,7.224207737729631,7.896387107992058,15,3,False,42
ABC-SMC,2215582.887700535,13.592576045616001,12429420.0,76.25435161590576,7.19003889286666,24.030349584971873,5713.4770148173675,27.631021114495226,7.592986391022011,10.037279492668844,7.224207737729631,7.896387107992058,15,3,False,42
ABC-SMC,2206191.489361702,13.524292039533034,12442920.0,76.27700710296631,7.19003889286666,24.030349584971873,5713.4770148173675,27.631021114495226,7.592986391022011,10.037279492668844,7.224207737729631,7.896387107992058,15,3,False,42
ABC-SMC,2173895.2879581153,13.315814202992705,12456420.0,76.2996153831482,7.19003889286666,24.030349584971873,5713.4770148173675,27.631021114495226,7.592986391022011,10.037279492668844,7.224207737729631,7.896387107992058,15,3,False,42
ABC-SMC,2159293.5064935065,13.215963644382757,12469920.0,76.32219004631042,7.19003889286666,24.030349584971873,5713.4770148173675,27.631021114495226,7.592986391022011,10.037279492668844,7.224207737729631,7.896387107992058,15,3,False,42
ABC-SMC,2156031.0880829017,13.185624343331819,12483420.0,76.34476494789124,7.19003889286666,24.030349584971873,5713.4770148173675,27.631021114495226,7.592986391022011,10.037279492668844,7.224207737729631,7.896387107992058,15,3,False,42
ABC-SMC,2152785.529715762,13.155447954149928,12496920.0,76.36737537384033,7.19003889286666,24.030349584971873,5713.4770148173675,27.631021114495226,7.592986391022011,10.037279492668844,7.224207737729631,7.896387107992058,15,3,False,42
ABC-SMC,2149556.7010309277,13.125419043183737,12510420.0,76.38993883132935,7.19003889286666,24.030349584971873,5713.4770148173675,27.631021114495226,7.592986391022011,10.037279492668844,7.224207737729631,7.896387107992058,15,3,False,42
ABC-SMC,2135365.7289002556,13.028555127767447,12523920.0,76.41247582435608,7.19003889286666,24.030349584971873,5713.4770148173675,27.631021114495226,7.592986391022011,10.037279492668844,7.224207737729631,7.896387107992058,15,3,False,42
ABC-SMC,2121390.8629441625,12.933171904833385,12537420.0,76.43504595756531,7.19003889286666,24.030349584971873,5713.4770148173675,27.631021114495226,7.592986391022011,10.037279492668844,7.224207737729631,7.896387107992058,15,3,False,42
ABC-SMC,2112949.494949495,12.871645155177774,12550920.0,76.45757222175598,7.19003889286666,24.030349584971873,5713.4770148173675,27.631021114495226,7.592986391022011,10.037279492668844,7.224207737729631,7.896387107992058,15,3,False,42
ABC-SMC,2109894.2065491183,12.843002099934793,12564420.0,76.4800775051117,7.19003889286666,24.030349584971873,5713.4770148173675,27.631021114495226,7.592986391022011,10.037279492668844,7.224207737729631,7.896387107992058,15,3,False,42
ABC-SMC,2101573.9348370926,12.782389418523113,12577920.0,76.50260066986084,7.19003889286666,24.030349584971873,5713.4770148173675,27.631021114495226,7.592986391022011,10.037279492668844,7.224207737729631,7.896387107992058,15,3,False,42
ABC-SMC,2088129.353233831,12.6907522998639,12591420.0,76.52523636817932,7.19003889286666,24.030349584971873,5713.4770148173675,27.631021114495226,7.592986391022011,10.037279492668844,7.224207737729631,7.896387107992058,15,3,False,42
ABC-SMC,2085181.141439206,12.66299051327386,12604920.0,76.54777765274048,7.19003889286666,24.030349584971873,5713.4770148173675,27.631021114495226,7.592986391022011,10.037279492668844,7.224207737729631,7.896387107992058,15,3,False,42
ABC-SMC,2056792.17603912,12.480883998606588,12618420.0,76.57022333145142,7.19003889286666,24.030349584971873,5713.4770148173675,27.631021114495226,7.592986391022011,10.037279492668844,7.224207737729631,7.896387107992058,15,3,False,42
ABC-SMC,2048973.2360097324,12.423789897587662,12631920.0,76.59266471862793,7.19003889286666,24.030349584971873,5713.4770148173675,27.631021114495226,7.592986391022011,10.037279492668844,7.224207737729631,7.896387107992058,15,3,False,42
ABC-SMC,2036299.5169082126,12.337382634480793,12645420.0,76.61514616012573,7.19003889286666,24.030349584971873,5713.4770148173675,27.631021114495226,7.592986391022011,10.037279492668844,7.224207737729631,7.896387107992058,15,3,False,42
ABC-SMC,2028673.0769230772,12.281672121622625,12658920.0,76.63763403892517,7.19003889286666,24.030349584971873,5713.4770148173675,27.631021114495226,7.592986391022011,10.037279492668844,7.224207737729631,7.896387107992058,15,3,False,42
ABC-SMC,2001962.0853080568,12.11060513440655,12672420.0,76.66013050079346,7.19003889286666,24.030349584971873,5713.4770148173675,27.631021114495226,7.592986391022011,10.037279492668844,7.224207737729631,7.896387107992058,15,3,False,42
ABC-SMC,1989948.2352941176,12.028651592778225,12685920.0,76.68265390396118,7.19003889286666,24.030349584971873,5713.4770148173675,27.631021114495226,7.592986391022011,10.037279492668844,7.224207737729631,7.896387107992058,15,3,False,42
ABC-SMC,1968902.3255813955,11.892271818116654,12699420.0,76.70515322685242,7.19003889286666,24.030349584971873,5713.4770148173675,27.631021114495226,7.592986391022011,10.037279492668844,7.224207737729631,7.896387107992058,15,3,False,42
ABC-SMC,1939423.3409610984,11.705203423692833,12712920.0,76.72760844230652,7.19003889286666,24.030349584971873,5713.4770148173675,27.631021114495226,7.592986391022011,10.037279492668844,7.224207737729631,7.896387107992058,15,3,False,42
ABC-SMC,1932637.813211845,11.655291120663863,12726420.0,76.75009202957153,7.19003889286666,24.030349584971873,5713.4770148173675,27.631021114495226,7.592986391022011,10.037279492668844,7.224207737729631,7.896387107992058,15,3,False,42
ABC-SMC,1925913.8321995465,11.605811425437553,12739920.0,76.77244257926941,7.19003889286666,24.030349584971873,5713.4770148173675,27.631021114495226,7.592986391022011,10.037279492668844,7.224207737729631,7.896387107992058,15,3,False,42
ABC-SMC,1919250.5643340854,11.556807956451575,12753420.0,76.79498887062073,7.19003889286666,24.030349584971873,5713.4770148173675,27.631021114495226,7.592986391022011,10.037279492668844,7.224207737729631,7.896387107992058,15,3,False,42
ABC-SMC,1921282.1670428892,11.560180224898705,12766920.0,76.8173975944519,7.19003889286666,24.030349584971873,5713.4770148173675,27.631021114495226,7.592986391022011,10.037279492668844,7.224207737729631,7.896387107992058,15,3,False,42
ABC-SMC,1914669.6629213484,11.511585721362396,12780420.0,76.839834690094,7.19003889286666,24.030349584971873,5713.4770148173675,27.631021114495226,7.592986391022011,10.037279492668844,7.224207737729631,7.896387107992058,15,3,False,42
ABC-SMC,1912394.6188340809,11.489127427116816,12793920.0,76.8622624874115,7.19003889286666,24.030349584971873,5713.4770148173675,27.631021114495226,7.592986391022011,10.037279492668844,7.224207737729631,7.896387107992058,15,3,False,42
ABC-SMC,1901621.380846325,11.415691701411847,12807420.0,76.88468360900879,7.19003889286666,24.030349584971873,5713.4770148173675,27.631021114495226,7.592986391022011,10.037279492668844,7.224207737729631,7.896387107992058,15,3,False,42
ABC-SMC,1890991.1504424778,11.343241124729843,12820920.0,76.90717482566833,7.19003889286666,24.030349584971873,5713.4770148173675,27.631021114495226,7.592986391022011,10.037279492668844,7.224207737729631,7.896387107992058,15,3,False,42
ABC-SMC,1888803.53200883,11.321498893305517,12834420.0,76.92958498001099,7.19003889286666,24.030349584971873,5713.4770148173675,27.631021114495226,7.592986391022011,10.037279492668844,7.224207737729631,7.896387107992058,15,3,False,42
ABC-SMC,1882479.120879121,11.2750308068244,12847920.0,76.95208525657654,7.19003889286666,24.030349584971873,5713.4770148173675,27.631021114495226,7.592986391022011,10.037279492668844,7.224207737729631,7.896387107992058,15,3,False,42
ABC-SMC,1868034.8583877992,11.180068031981445,12861420.0,76.97476840019226,7.19003889286666,24.030349584971873,5713.4770148173675,27.631021114495226,7.592986391022011,10.037279492668844,7.224207737729631,7.896387107992058,15,3,False,42
ABC-SMC,1857852.8138528136,11.110733356998766,12874920.0,76.99738216400146,7.19003889286666,24.030349584971873,5713.4770148173675,27.631021114495226,7.592986391022011,10.037279492668844,7.224207737729631,7.896387107992058,15,3,False,42
ABC-SMC,1851784.4827586208,11.066079893331418,12888420.0,77.01991605758667,7.19003889286666,24.030349584971873,5713.4770148173675,27.631021114495226,7.592986391022011,10.037279492668844,7.224207737729631,7.896387107992058,15,3,False,42
ABC-SMC,1845768.2403433477,11.02179594135421,12901920.0,77.04235363006592,7.19003889286666,24.030349584971873,5713.4770148173675,27.631021114495226,7.592986391022011,10.037279492668844,7.224207737729631,7.896387107992058,15,3,False,42
ABC-SMC,1843743.0406852246,11.00140322454481,12915420.0,77.0648295879364,7.19003889286666,24.030349584971873,5713.4770148173675,27.631021114495226,7.592986391022011,10.037279492668844,7.224207737729631,7.896387107992058,15,3,False,42
ABC-SMC,1845670.2355460385,11.004599054569349,12928920.0,77.0872163772583,7.19003889286666,24.030349584971873,5713.4770148173675,27.631021114495226,7.592986391022011,10.037279492668844,7.224207737729631,7.896387107992058,15,3,False,42
ABC-SMC,1839718.5501066102,10.960866478036802,12942420.0,77.10969567298889,7.19003889286666,24.030349584971873,5713.4770148173675,27.631021114495226,7.592986391022011,10.037279492668844,7.224207737729631,7.896387107992058,15,3,False,42
ABC-SMC,1833817.4097664547,10.917495753186357,12955920.0,77.1321074962616,7.19003889286666,24.030349584971873,5713.4770148173675,27.631021114495226,7.592986391022011,10.037279492668844,7.224207737729631,7.896387107992058,15,3,False,42
ABC-SMC,1831743.6440677966,10.946406718701292,12968745.0,77.50055956840515,7.1879513243073525,23.994093382600056,5576.847843072228,27.631021114492974,7.526185211762314,10.011522406778404,7.174446671611446,7.812333289801456,15,3,False,42
ABC-SMC,1825727.8481012662,10.954936747812523,12980925.0,77.88960027694702,7.156875616349635,24.000312183563494,5555.185123630346,27.631021114493986,7.549636538866998,10.03666972367122,7.159673090429663,7.789624049787526,15,3,False,42
ABC-SMC,1823528.4210526315,10.980378502293636,12992640.0,78.23519682884216,7.11346696993874,24.009726973116862,5577.663437246725,27.63102111451493,7.592883206191747,10.048330049452934,7.137387345811566,7.777735571251859,15,3,False,42
ABC-SMC,1817519.9161425577,10.937881303116795,13004355.0,78.26054072380066,7.11346696993874,24.009726973116862,5577.663437246727,27.63102111451493,7.592883206191747,10.048330049452934,7.137387345811566,7.777735571251859,15,3,False,42
ABC-SMC,1807787.5000000002,10.87283555004332,13016070.0,78.28441596031189,7.11346696993874,24.009726973116862,5577.663437246725,27.63102111451493,7.592883206191747,10.048330049452934,7.137387345811566,7.777735571251859,15,3,False,42
ABC-SMC,1801906.6390041497,10.830618533850707,13027785.0,78.3053719997406,7.11346696993874,24.009726973116862,5577.663437246725,27.63102111451493,7.592883206191747,10.048330049452934,7.137387345811566,7.777735571251859,15,3,False,42
ABC-SMC,1803526.970954357,10.833532219935586,13039500.0,78.32643795013428,7.11346696993874,24.009726973116862,5577.663437246727,27.63102111451493,7.592883206191747,10.048330049452934,7.137387345811566,7.777735571251859,15,3,False,42
ABC-SMC,1801409.9378881988,10.813987756943686,13051215.0,78.347341299057,7.11346696993874,24.009726973116862,5577.663437246725,27.63102111451493,7.592883206191747,10.048330049452934,7.137387345811566,7.777735571251859,15,3,False,42
ABC-SMC,1791897.119341564,10.750104991823886,13062930.0,78.36826539039612,7.11346696993874,24.009726973116862,5577.663437246725,27.63102111451493,7.592883206191747,10.048330049452934,7.137387345811566,7.777735571251859,15,3,False,42
ABC-SMC,1786153.68852459,10.70890016243106,13074645.0,78.38914918899536,7.11346696993874,24.009726973116862,5577.663437246727,27.63102111451493,7.592883206191747,10.048330049452934,7.137387345811566,7.777735571251859,15,3,False,42
ABC-SMC,1776830.9572301426,10.64631707475692,13086360.0,78.41012525558472,7.11346696993874,24.009726973116862,5577.663437246725,27.63102111451493,7.592883206191747,10.048330049452934,7.137387345811566,7.777735571251859,15,3,False,42
ABC-SMC,1774806.9105691055,10.627497534764814,13098075.0,78.43093180656433,7.11346696993874,24.009726973116862,5577.663437246725,27.63102111451493,7.592883206191747,10.048330049452934,7.137387345811566,7.777735571251859,15,3,False,42
ABC-SMC,1762068.548387097,10.54461217054757,13109790.0,78.4519145488739,7.11346696993874,24.009726973116862,5577.663437246727,27.63102111451493,7.592883206191747,10.048330049452934,7.137387345811566,7.777735571251859,15,3,False,42
ABC-SMC,1760094.5674044264,10.52619942397099,13121505.0,78.47281670570374,7.11346696993874,24.009726973116862,5577.663437246725,27.63102111451493,7.592883206191747,10.048330049452934,7.137387345811566,7.777735571251859,15,3,False,42
ABC-SMC,1761665.995975855,10.529003520686702,13133220.0,78.49372124671936,7.11346696993874,24.009726973116862,5577.663437246725,27.63102111451493,7.592883206191747,10.048330049452934,7.137387345811566,7.777735571251859,15,3,False,42
ABC-SMC,1763237.424547284,10.53180665797151,13144935.0,78.51461863517761,7.11346696993874,24.009726973116862,5577.663437246727,27.63102111451493,7.592883206191747,10.048330049452934,7.137387345811566,7.777735571251859,15,3,False,42
ABC-SMC,1761265.0602409637,10.513453406981196,13156650.0,78.53549695014954,7.11346696993874,24.009726973116862,5577.663437246725,27.63102111451493,7.592883206191747,10.048330049452934,7.137387345811566,7.777735571251859,15,3,False,42
ABC-SMC,1755782.0,10.474180062611898,13168365.0,78.55635046958923,7.11346696993874,24.009726973116862,5577.663437246725,27.63102111451493,7.592883206191747,10.048330049452934,7.137387345811566,7.777735571251859,15,3,False,42
ABC-SMC,1757344.0,10.476992003122964,13180080.0,78.57744002342224,7.11346696993874,24.009726973116862,5577.663437246727,27.63102111451493,7.592883206191747,10.048330049452934,7.137387345811566,7.777735571251859,15,3,False,42
ABC-SMC,1758906.0,10.479771359761557,13191795.0,78.59828519821167,7.11346696993874,24.009726973116862,5577.663437246725,27.63102111451493,7.592883206191747,10.048330049452934,7.137387345811566,7.777735571251859,15,3,False,42
ABC-SMC,1756954.0918163673,10.46162882568197,13203510.0,78.619140625,7.11346696993874,24.009726973116862,5577.663437246725,27.63102111451493,7.592883206191747,10.048330049452934,7.137387345811566,7.777735571251859,15,3,False,42
ABC-SMC,1758512.9740518962,10.464401809834513,13215225.0,78.63997960090637,7.11346696993874,24.009726973116862,5577.663437246727,27.63102111451493,7.592883206191747,10.048330049452934,7.137387345811566,7.777735571251859,15,3,False,42
ABC-SMC,1753073.5586481115,10.425559474270102,13226940.0,78.66084623336792,7.11346696993874,24.009726973116862,5577.663437246725,27.63102111451493,7.592883206191747,10.048330049452934,7.137387345811566,7.777735571251859,15,3,False,42
ABC-SMC,1751144.841269841,10.40761865005291,13238655.0,78.68159699440002,7.11346696993874,24.009726973116862,5577.663437246725,27.63102111451493,7.592883206191747,10.048330049452934,7.137387345811566,7.777735571251859,15,3,False,42
ABC-SMC,1752694.4444444443,10.410386986202662,13250370.0,78.70252561569214,7.11346696993874,24.009726973116862,5577.663437246727,27.63102111451493,7.592883206191747,10.048330049452934,7.137387345811566,7.777735571251859,15,3,False,42
ABC-SMC,1747310.276679842,10.371980491205951,13262085.0,78.72333192825317,7.11346696993874,24.009726973116862,5577.663437246725,27.63102111451493,7.592883206191747,10.048330049452934,7.137387345811566,7.777735571251859,15,3,False,42
ABC-SMC,1745404.339250493,10.35428003289839,13273800.0,78.74429965019226,7.11346696993874,24.009726973116862,5577.663437246725,27.63102111451493,7.592883206191747,10.048330049452934,7.137387345811566,7.777735571251859,15,3,False,42
ABC-SMC,1746944.7731755425,10.357009259436493,13285515.0,78.76505541801453,7.11346696993874,24.009726973116862,5577.663437246727,27.63102111451493,7.592883206191747,10.048330049452934,7.137387345811566,7.777735571251859,15,3,False,42
ABC-SMC,1745043.3070866142,10.339367890295394,13297230.0,78.7859833240509,7.11346696993874,24.009726973116862,5577.663437246725,27.63102111451493,7.592883206191747,10.048330049452934,7.137387345811566,7.777735571251859,15,3,False,42
ABC-SMC,1732935.546875,10.261288968225319,13308945.0,78.80669927597046,7.11346696993874,24.009726973116862,5577.663437246725,27.63102111451493,7.592883206191747,10.048330049452934,7.137387345811566,7.777735571251859,15,3,False,42
ABC-SMC,1731079.9220272903,10.244000957258496,13320660.0,78.82758736610413,7.11346696993874,24.009726973116862,5577.663437246727,27.63102111451493,7.592883206191747,10.048330049452934,7.137387345811566,7.777735571251859,15,3,False,42
ABC-SMC,1729231.5175097275,10.226775298013452,13332375.0,78.84843754768372,7.11346696993874,24.009726973116862,5577.663437246725,27.63102111451493,7.592883206191747,10.048330049452934,7.137387345811566,7.777735571251859,15,3,False,42
ABC-SMC,1727390.2912621356,10.209614898780401,13344090.0,78.86927509307861,7.11346696993874,24.009726973116862,5577.663437246725,27.63102111451493,7.592883206191747,10.048330049452934,7.137387345811566,7.777735571251859,15,3,False,42
ABC-SMC,1718893.822393822,10.153159395608201,13355805.0,78.89004850387573,7.11346696993874,24.009726973116862,5577.663437246727,27.63102111451493,7.592883206191747,10.048330049452934,7.137387345811566,7.777735571251859,15,3,False,42
ABC-SMC,1713784.615384615,10.116783716739752,13367520.0,78.91091299057007,7.11346696993874,24.009726973116862,5577.663437246725,27.63102111451493,7.592883206191747,10.048330049452934,7.137387345811566,7.777735571251859,15,3,False,42
ABC-SMC,1715286.5384615383,10.119579052313778,13379235.0,78.93271660804749,7.11346696993874,24.009726973116862,5577.663437246725,27.63102111451493,7.592883206191747,10.048330049452934,7.137387345811566,7.777735571251859,15,3,False,42
ABC-SMC,1710210.7279693487,10.083465222959164,13390950.0,78.95353269577026,7.11346696993874,24.009726973116862,5577.663437246727,27.63102111451493,7.592883206191747,10.048330049452934,7.137387345811566,7.777735571251859,15,3,False,42
ABC-SMC,1708434.0344168257,10.06683807907931,13402665.0,78.9743447303772,7.11346696993874,24.009726973116862,5577.663437246725,27.63102111451493,7.592883206191747,10.048330049452934,7.137387345811566,7.777735571251859,15,3,False,42
ABC-SMC,1703413.3333333335,10.031145156375946,13414380.0,78.99526810646057,7.11346696993874,24.009726973116862,5577.663437246725,27.63102111451493,7.592883206191747,10.048330049452934,7.137387345811566,7.777735571251859,15,3,False,42
ABC-SMC,1698430.7400379507,9.99571590918216,13426095.0,79.01613426208496,7.11346696993874,24.009726973116862,5577.663437246727,27.63102111451493,7.592883206191747,10.048330049452934,7.137387345811566,7.777735571251859,15,3,False,42
ABC-SMC,1699912.7134724858,9.998347260090913,13437810.0,79.03693509101868,7.11346696993874,24.009726973116862,5577.663437246725,27.63102111451493,7.592883206191747,10.048330049452934,7.137387345811566,7.777735571251859,15,3,False,42
ABC-SMC,1694962.1928166351,9.963159825565983,13449525.0,79.05767321586609,7.11346696993874,24.009726973116862,5577.663437246725,27.63102111451493,7.592883206191747,10.048330049452934,7.137387345811566,7.777735571251859,15,3,False,42
ABC-SMC,1696438.563327032,9.965822121296275,13461240.0,79.07879853248596,7.11346696993874,24.009726973116862,5577.663437246727,27.63102111451493,7.592883206191747,10.048330049452934,7.137387345811566,7.777735571251859,15,3,False,42
ABC-SMC,1694711.320754717,9.949638588623431,13472955.0,79.09962677955627,7.11346696993874,24.009726973116862,5577.663437246725,27.63102111451493,7.592883206191747,10.048330049452934,7.137387345811566,7.777735571251859,15,3,False,42
ABC-SMC,1692990.583804143,9.933531127182551,13484670.0,79.12057542800903,7.11346696993874,24.009726973116862,5577.663437246725,27.63102111451493,7.592883206191747,10.048330049452934,7.137387345811566,7.777735571251859,15,3,False,42
ABC-SMC,1688103.1894934333,9.898880856569445,13496385.0,79.1415524482727,7.11346696993874,24.009726973116862,5577.663437246727,27.63102111451493,7.592883206191747,10.048330049452934,7.137387345811566,7.777735571251859,15,3,False,42
ABC-SMC,1683252.336448598,9.864496694546993,13508100.0,79.16258597373962,7.11346696993874,24.009726973116862,5577.663437246725,27.63102111451493,7.592883206191747,10.048330049452934,7.137387345811566,7.777735571251859,15,3,False,42
ABC-SMC,1684712.1495327104,9.867101532647915,13519815.0,79.18348979949951,7.11346696993874,24.009726973116862,5577.663437246725,27.63102111451493,7.592883206191747,10.048330049452934,7.137387345811566,7.777735571251859,15,3,False,42
ABC-SMC,1683026.1194029849,9.851301220519032,13531530.0,79.20446181297302,7.11346696993874,24.009726973116862,5577.663437246727,27.63102111451493,7.592883206191747,10.048330049452934,7.137387345811566,7.777735571251859,15,3,False,42
ABC-SMC,1684483.2089552237,9.853906299344342,13543245.0,79.22540664672852,7.11346696993874,24.009726973116862,5577.663437246725,27.63102111451493,7.592883206191747,10.048330049452934,7.137387345811566,7.777735571251859,15,3,False,42
ABC-SMC,1682800.7448789573,9.838167589543993,13554960.0,79.24643993377686,7.11346696993874,24.009726973116862,5577.663437246725,27.63102111451493,7.592883206191747,10.048330049452934,7.137387345811566,7.777735571251859,15,3,False,42
ABC-SMC,1681124.5353159853,9.822460916701154,13566675.0,79.26725959777832,7.11346696993874,24.009726973116862,5577.663437246727,27.63102111451493,7.592883206191747,10.048330049452934,7.137387345811566,7.777735571251859,15,3,False,42
ABC-SMC,1676344.444444444,9.788661179719146,13578390.0,79.2881555557251,7.11346696993874,24.009726973116862,5577.663437246725,27.63102111451493,7.592883206191747,10.048330049452934,7.137387345811566,7.777735571251859,15,3,False,42
ABC-SMC,1677790.7407407404,9.79122977197906,13590105.0,79.3089611530304,7.11346696993874,24.009726973116862,5577.663437246725,27.63102111451493,7.592883206191747,10.048330049452934,7.137387345811566,7.777735571251859,15,3,False,42
ABC-SMC,1676133.086876155,9.775707476387328,13601820.0,79.32986617088318,7.11346696993874,24.009726973116862,5577.663437246727,27.63102111451493,7.592883206191747,10.048330049452934,7.137387345811566,7.777735571251859,15,3,False,42
ABC-SMC,1674481.549815498,9.760233866186011,13613535.0,79.35070133209229,7.11346696993874,24.009726973116862,5577.663437246725,27.63102111451493,7.592883206191747,10.048330049452934,7.137387345811566,7.777735571251859,15,3,False,42
ABC-SMC,1672836.0957642724,9.744819093145717,13625250.0,79.37155151367188,7.11346696993874,24.009726973116862,5577.663437246725,27.63102111451493,7.592883206191747,10.048330049452934,7.137387345811566,7.777735571251859,15,3,False,42
ABC-SMC,1674274.4014732963,9.747372821037429,13636965.0,79.39235162734985,7.11346696993874,24.009726973116862,5577.663437246727,27.63102111451493,7.592883206191747,10.048330049452934,7.137387345811566,7.777735571251859,15,3,False,42
ABC-SMC,1669563.3027522934,9.714154701349566,13648680.0,79.41321468353271,7.11346696993874,24.009726973116862,5577.663437246725,27.63102111451493,7.592883206191747,10.048330049452934,7.137387345811566,7.777735571251859,15,3,False,42
ABC-SMC,1667935.8974358973,9.698903109418895,13660395.0,79.43401646614075,7.11346696993874,24.009726973116862,5577.663437246725,27.63102111451493,7.592883206191747,10.048330049452934,7.137387345811566,7.777735571251859,15,3,False,42
ABC-SMC,1666314.4424131627,9.683716900097314,13672110.0,79.45489716529846,7.11346696993874,24.009726973116862,5577.663437246727,27.63102111451493,7.592883206191747,10.048330049452934,7.137387345811566,7.777735571251859,15,3,False,42
ABC-SMC,1661666.6666666663,9.650963324087636,13683825.0,79.4756829738617,7.11346696993874,24.009726973116862,5577.663437246725,27.63102111451493,7.592883206191747,10.048330049452934,7.137387345811566,7.777735571251859,15,3,False,42
ABC-SMC,1663089.2531876133,9.653491632244986,13695540.0,79.49650359153748,7.11346696993874,24.009726973116862,5577.663437246725,27.63102111451493,7.592883206191747,10.048330049452934,7.137387345811566,7.777735571251859,15,3,False,42
ABC-SMC,1658470.0544464611,9.620962414104003,13707255.0,79.51725435256958,7.11346696993874,24.009726973116862,5577.663437246727,27.63102111451493,7.592883206191747,10.048330049452934,7.137387345811566,7.777735571251859,15,3,False,42
ABC-SMC,1659887.4773139746,9.623482352808903,13718970.0,79.53808164596558,7.11346696993874,24.009726973116862,5577.663437246725,27.63102111451493,7.592883206191747,10.048330049452934,7.137387345811566,7.777735571251859,15,3,False,42
ABC-SMC,1661304.9001814881,9.626001397263838,13730685.0,79.55890154838562,7.11346696993874,24.009726973116862,5577.663437246725,27.63102111451493,7.592883206191747,10.048330049452934,7.137387345811566,7.777735571251859,15,3,False,42
ABC-SMC,1656708.8607594937,9.593707499121814,13742400.0,79.57980370521545,7.11346696993874,24.009726973116862,5577.663437246727,27.63102111451493,7.592883206191747,10.048330049452934,7.137387345811566,7.777735571251859,15,3,False,42
ABC-SMC,1655128.1588447653,9.578899872432116,13754115.0,79.60065793991089,7.11346696993874,24.009726973116862,5577.663437246725,27.63102111451493,7.592883206191747,10.048330049452934,7.137387345811566,7.777735571251859,15,3,False,42
ABC-SMC,1656537.906137184,9.581405476686038,13765830.0,79.62147951126099,7.11346696993874,24.009726973116862,5577.663437246725,27.63102111451493,7.592883206191747,10.048330049452934,7.137387345811566,7.777735571251859,15,3,False,42
ABC-SMC,1649017.9533213645,9.53228971617155,13777545.0,79.64228057861328,7.11346696993874,24.009726973116862,5577.663437246727,27.63102111451493,7.592883206191747,10.048330049452934,7.137387345811566,7.777735571251859,15,3,False,42
ABC-SMC,1644515.2057245078,9.500671186543817,13789260.0,79.66312789916992,7.11346696993874,24.009726973116862,5577.663437246725,27.63102111451493,7.592883206191747,10.048330049452934,7.137387345811566,7.777735571251859,15,3,False,42
ABC-SMC,1642973.2142857143,9.486188406036014,13800975.0,79.68398261070251,7.11346696993874,24.009726973116862,5577.663437246725,27.63102111451493,7.592883206191747,10.048330049452934,7.137387345811566,7.777735571251859,15,3,False,42
ABC-SMC,1644367.8571428573,9.488672159966969,13812690.0,79.70484614372253,7.11346696993874,24.009726973116862,5577.663437246727,27.63102111451493,7.592883206191747,10.048330049452934,7.137387345811566,7.777735571251859,15,3,False,42
ABC-SMC,1642828.8770053473,9.474231172585442,13824405.0,79.72565531730652,7.11346696993874,24.009726973116862,5577.663437246725,27.63102111451493,7.592883206191747,10.048330049452934,7.137387345811566,7.777735571251859,15,3,False,42
ABC-SMC,1644221.0338680923,9.476714890695934,13836120.0,79.7465558052063,7.11346696993874,24.009726973116862,5577.663437246725,27.63102111451493,7.592883206191747,10.048330049452934,7.137387345811566,7.777735571251859,15,3,False,42
ABC-SMC,1642685.0533807827,9.462317820828437,13847835.0,79.76733922958374,7.11346696993874,24.009726973116862,5577.663437246727,27.63102111451493,7.592883206191747,10.048330049452934,7.137387345811566,7.777735571251859,15,3,False,42
ABC-SMC,1641154.5293072828,9.44798414773529,13859550.0,79.78822612762451,7.11346696993874,24.009726973116862,5577.663437246725,27.63102111451493,7.592883206191747,10.048330049452934,7.137387345811566,7.777735571251859,15,3,False,42
ABC-SMC,1642541.740674956,9.45045079896971,13871265.0,79.8090569972992,7.11346696993874,24.009726973116862,5577.663437246725,27.63102111451493,7.592883206191747,10.048330049452934,7.137387345811566,7.777735571251859,15,3,False,42
ABC-SMC,1643928.9520426292,9.452924564648411,13882980.0,79.82994794845581,7.11346696993874,24.009726973116862,5577.663437246727,27.63102111451493,7.592883206191747,10.048330049452934,7.137387345811566,7.777735571251859,15,3,False,42
ABC-SMC,1645316.1634103023,9.455389973678274,13894695.0,79.85076832771301,7.11346696993874,24.009726973116862,5577.663437246725,27.63102111451493,7.592883206191747,10.048330049452934,7.137387345811566,7.777735571251859,15,3,False,42
ABC-SMC,1646703.3747779755,9.457861113788253,13906410.0,79.87163710594177,7.11346696993874,24.009726973116862,5577.663437246725,27.63102111451493,7.592883206191747,10.048330049452934,7.137387345811566,7.777735571251859,15,3,False,42
ABC-SMC,1648090.5861456485,9.460322457421386,13918125.0,79.89242315292358,7.11346696993874,24.009726973116862,5577.663437246727,27.63102111451493,7.592883206191747,10.048330049452934,7.137387345811566,7.777735571251859,15,3,False,42
ABC-SMC,1646553.191489362,9.446015256516478,13929840.0,79.9132890701294,7.11346696993874,24.009726973116862,5577.663437246725,27.63102111451493,7.592883206191747,10.048330049452934,7.137387345811566,7.777735571251859,15,3,False,42
ABC-SMC,1636332.7464788733,9.381937141149816,13941555.0,79.93410444259644,7.11346696993874,24.009726973116862,5577.663437246725,27.63102111451493,7.592883206191747,10.048330049452934,7.137387345811566,7.777735571251859,15,3,False,42
ABC-SMC,1634829.525483304,9.367892779868182,13953270.0,79.95496487617493,7.11346696993874,24.009726973116862,5577.663437246727,27.63102111451493,7.592883206191747,10.048330049452934,7.137387345811566,7.777735571251859,15,3,False,42
ABC-SMC,1627620.6293706293,9.321191510954103,13964985.0,79.9758231639862,7.11346696993874,24.009726973116862,5577.663437246725,27.63102111451493,7.592883206191747,10.048330049452934,7.137387345811566,7.777735571251859,15,3,False,42
ABC-SMC,1623310.1045296167,9.291138106245336,13976700.0,79.99669909477234,7.11346696993874,24.009726973116862,5577.663437246725,27.63102111451493,7.592883206191747,10.048330049452934,7.137387345811566,7.777735571251859,15,3,False,42
ABC-SMC,1624670.731707317,9.293551810527097,13988415.0,80.0174810886383,7.11346696993874,24.009726973116862,5577.663437246727,27.63102111451493,7.592883206191747,10.048330049452934,7.137387345811566,7.777735571251859,15,3,False,42
ABC-SMC,1617577.1230502601,9.24764059651869,14000130.0,80.03832936286926,7.11346696993874,24.009726973116862,5577.663437246725,27.63102111451493,7.592883206191747,10.048330049452934,7.137387345811566,7.777735571251859,15,3,False,42
ABC-SMC,1616129.757785467,9.234041793673645,14011845.0,80.05914235115051,7.11346696993874,24.009726973116862,5577.663437246725,27.63102111451493,7.592883206191747,10.048330049452934,7.137387345811566,7.777735571251859,15,3,False,42
ABC-SMC,1609129.0877796903,9.18875416325073,14023560.0,80.0799925327301,7.11346696993874,24.009726973116862,5577.663437246727,27.63102111451493,7.592883206191747,10.048330049452934,7.137387345811566,7.777735571251859,15,3,False,42
ABC-SMC,1610473.321858864,9.191139443332412,14035275.0,80.10078024864197,7.11346696993874,24.009726973116862,5577.663437246725,27.63102111451493,7.592883206191747,10.048330049452934,7.137387345811566,7.777735571251859,15,3,False,42
ABC-SMC,1609048.1099656362,9.177736809982878,14046990.0,80.12164235115051,7.11346696993874,24.009726973116862,5577.663437246725,27.63102111451493,7.592883206191747,10.048330049452934,7.137387345811566,7.777735571251859,15,3,False,42
ABC-SMC,1607627.7873070326,9.164375601801755,14058705.0,80.14246463775635,7.11346696993874,24.009726973116862,5577.663437246727,27.63102111451493,7.592883206191747,10.048330049452934,7.137387345811566,7.777735571251859,15,3,False,42
ABC-SMC,1606212.3287671234,9.151068588370057,14070420.0,80.1633608341217,7.11346696993874,24.009726973116862,5577.663437246725,27.63102111451493,7.592883206191747,10.048330049452934,7.137387345811566,7.777735571251859,15,3,False,42
ABC-SMC,1604801.7094017097,9.137796961683835,14082135.0,80.18416833877563,7.11346696993874,24.009726973116862,5577.663437246725,27.63102111451493,7.592883206191747,10.048330049452934,7.137387345811566,7.777735571251859,15,3,False,42
ABC-SMC,1606136.7521367525,9.14016718198771,14093850.0,80.20496702194214,7.11346696993874,24.009726973116862,5577.663437246727,27.63102111451493,7.592883206191747,10.048330049452934,7.137387345811566,7.777735571251859,15,3,False,42
ABC-SMC,1604728.6689419795,9.12693113732799,14105565.0,80.22572469711304,7.11346696993874,24.009726973116862,5577.663437246725,27.63102111451493,7.592883206191747,10.048330049452934,7.137387345811566,7.777735571251859,15,3,False,42
ABC-SMC,1603325.3833049405,9.113754838925068,14117280.0,80.24661135673523,7.11346696993874,24.009726973116862,5577.663437246725,27.63102111451493,7.592883206191747,10.048330049452934,7.137387345811566,7.777735571251859,15,3,False,42
ABC-SMC,1604655.877342419,9.116113436350696,14128995.0,80.26737880706787,7.11346696993874,24.009726973116862,5577.663437246727,27.63102111451493,7.592883206191747,10.048330049452934,7.137387345811566,7.777735571251859,15,3,False,42
ABC-SMC,1605986.3713798977,9.118512433608238,14140710.0,80.28850197792053,7.11346696993874,24.009726973116862,5577.663437246725,27.63102111451493,7.592883206191747,10.048330049452934,7.137387345811566,7.777735571251859,15,3,False,42
ABC-SMC,1604583.3333333333,9.105356399164178,14152425.0,80.30924344062805,7.11346696993874,24.009726973116862,5577.663437246725,27.63102111451493,7.592883206191747,10.048330049452934,7.137387345811566,7.777735571251859,15,3,False,42
ABC-SMC,1605911.5646258504,9.107707092821464,14164140.0,80.3299765586853,7.11346696993874,24.009726973116862,5577.663437246727,27.63102111451493,7.592883206191747,10.048330049452934,7.137387345811566,7.777735571251859,15,3,False,42
ABC-SMC,1604511.0356536508,9.0945956257689,14175855.0,80.35075235366821,7.11346696993874,24.009726973116862,5577.663437246725,27.63102111451493,7.592883206191747,10.048330049452934,7.137387345811566,7.777735571251859,15,3,False,42
ABC-SMC,1605837.0118845506,9.096950801942198,14187570.0,80.3715603351593,7.11346696993874,24.009726973116862,5577.663437246725,27.63102111451493,7.592883206191747,10.048330049452934,7.137387345811566,7.777735571251859,15,3,False,42
ABC-SMC,1604438.9830508474,9.0838772024812,14199285.0,80.39231324195862,7.11346696993874,24.009726973116862,5577.663437246727,27.63102111451493,7.592883206191747,10.048330049452934,7.137387345811566,7.777735571251859,15,3,False,42
ABC-SMC,1605762.7118644067,9.086230299567099,14211000.0,80.41313815116882,7.11346696993874,24.009726973116862,5577.663437246725,27.63102111451493,7.592883206191747,10.048330049452934,7.137387345811566,7.777735571251859,15,3,False,42
ABC-SMC,1607086.440677966,9.088568795198775,14222715.0,80.43383383750916,7.11346696993874,24.009726973116862,5577.663437246725,27.63102111451493,7.592883206191747,10.048330049452934,7.137387345811566,7.777735571251859,15,3,False,42
ABC-SMC,1608410.1694915255,9.09092030282748,14234430.0,80.4546446800232,7.11346696993874,24.009726973116862,5577.663437246727,27.63102111451493,7.592883206191747,10.048330049452934,7.137387345811566,7.777735571251859,15,3,False,42
ABC-SMC,1601590.2192242835,9.047263254269646,14246145.0,80.47540664672852,7.11346696993874,24.009726973116862,5577.663437246725,27.63102111451493,7.592883206191747,10.048330049452934,7.137387345811566,7.777735571251859,15,3,False,42
ABC-SMC,1602907.2512647556,9.049601150135299,14257860.0,80.49620223045349,7.11346696993874,24.009726973116862,5577.663437246725,27.63102111451493,7.592883206191747,10.048330049452934,7.137387345811566,7.777735571251859,15,3,False,42
ABC-SMC,1601523.569023569,9.036698084487657,14269575.0,80.51697993278503,7.11346696993874,24.009726973116862,5577.663437246727,27.63102111451493,7.592883206191747,10.048330049452934,7.137387345811566,7.777735571251859,15,3,False,42
ABC-SMC,1602838.383838384,9.039030519264983,14281290.0,80.537761926651,7.11346696993874,24.009726973116862,5577.663437246725,27.63102111451493,7.592883206191747,10.048330049452934,7.137387345811566,7.777735571251859,15,3,False,42
ABC-SMC,1604153.1986531985,9.041357789644355,14293005.0,80.5584979057312,7.11346696993874,24.009726973116862,5577.663437246725,27.63102111451493,7.592883206191747,10.048330049452934,7.137387345811566,7.777735571251859,15,3,False,42
ABC-SMC,1602769.74789916,9.02848935594746,14304720.0,80.57926750183105,7.11346696993874,24.009726973116862,5577.663437246727,27.63102111451493,7.592883206191747,10.048330049452934,7.137387345811566,7.777735571251859,15,3,False,42
ABC-SMC,1601390.9395973156,9.015657784421439,14316435.0,80.59998059272766,7.11346696993874,24.009726973116862,5577.663437246725,27.63102111451493,7.592883206191747,10.048330049452934,7.137387345811566,7.777735571251859,15,3,False,42
ABC-SMC,1600016.7504187606,9.002871010171708,14328150.0,80.62070989608765,7.11346696993874,24.009726973116862,5577.663437246725,27.63102111451493,7.592883206191747,10.048330049452934,7.137387345811566,7.777735571251859,15,3,False,42
ABC-SMC,1595978.2971619365,8.97510865030517,14339865.0,80.64135122299194,7.11346696993874,24.009726973116862,5577.663437246727,27.63102111451493,7.592883206191747,10.048330049452934,7.137387345811566,7.777735571251859,15,3,False,42
ABC-SMC,1594620.0,8.962450795703463,14351580.0,80.66205716133118,7.11346696993874,24.009726973116862,5577.663437246725,27.63102111451493,7.592883206191747,10.048330049452934,7.137387345811566,7.777735571251859,15,3,False,42
ABC-SMC,1593266.2229617303,8.949833133124141,14363295.0,80.68274569511414,7.11346696993874,24.009726973116862,5577.663437246725,27.63102111451493,7.592883206191747,10.048330049452934,7.137387345811566,7.777735571251859,15,3,False,42
ABC-SMC,1594565.7237936773,8.952147763633622,14375010.0,80.7036120891571,7.11346696993874,24.009726973116862,5577.663437246727,27.63102111451493,7.592883206191747,10.048330049452934,7.137387345811566,7.777735571251859,15,3,False,42
ABC-SMC,1590572.1393034826,8.924748608919716,14386725.0,80.72435116767883,7.11346696993874,24.009726973116862,5577.663437246725,27.63102111451493,7.592883206191747,10.048330049452934,7.137387345811566,7.777735571251859,15,3,False,42
ABC-SMC,1591867.3300165837,8.927051081322649,14398440.0,80.74517703056335,7.11346696993874,24.009726973116862,5577.663437246725,27.63102111451493,7.592883206191747,10.048330049452934,7.137387345811566,7.777735571251859,15,3,False,42
ABC-SMC,1593162.520729685,8.929339187984771,14410155.0,80.76587295532227,7.11346696993874,24.009726973116862,5577.663437246727,27.63102111451493,7.592883206191747,10.048330049452934,7.137387345811566,7.777735571251859,15,3,False,42
ABC-SMC,1591817.8807947019,8.916841858533306,14421870.0,80.78658723831177,7.11346696993874,24.009726973116862,5577.663437246725,27.63102111451493,7.592883206191747,10.048330049452934,7.137387345811566,7.777735571251859,15,3,False,42
ABC-SMC,1590477.685950413,8.904377566881417,14433585.0,80.80722641944885,7.11346696993874,24.009726973116862,5577.663437246725,27.63102111451493,7.592883206191747,10.048330049452934,7.137387345811566,7.777735571251859,15,3,False,42
ABC-SMC,1591768.5950413223,8.906666621688968,14445300.0,80.82799959182739,7.11346696993874,24.009726973116862,5577.663437246727,27.63102111451493,7.592883206191747,10.048330049452934,7.137387345811566,7.777735571251859,15,3,False,42
ABC-SMC,1593059.5041322315,8.908952891662429,14457015.0,80.84874749183655,7.11346696993874,24.009726973116862,5577.663437246725,27.63102111451493,7.592883206191747,10.048330049452934,7.137387345811566,7.777735571251859,15,3,False,42
ABC-SMC,1591719.4719471948,8.896546473990966,14468730.0,80.86960744857788,7.11346696993874,24.009726973116862,5577.663437246725,27.63102111451493,7.592883206191747,10.048330049452934,7.137387345811566,7.777735571251859,15,3,False,42
ABC-SMC,1587768.0921052631,8.86954476958827,14480445.0,80.89024829864502,7.11346696993874,24.009726973116862,5577.663437246727,27.63102111451493,7.592883206191747,10.048330049452934,7.137387345811566,7.777735571251859,15,3,False,42
ABC-SMC,1589052.6315789472,8.871816543110631,14492160.0,80.91096687316895,7.11346696993874,24.009726973116862,5577.663437246725,27.63102111451493,7.592883206191747,10.048330049452934,7.137387345811566,7.777735571251859,15,3,False,42
ABC-SMC,1579942.8104575162,8.81608563570675,14503875.0,80.93166613578796,7.11346696993874,24.009726973116862,5577.663437246725,27.63102111451493,7.592883206191747,10.048330049452934,7.137387345811566,7.777735571251859,15,3,False,42
ABC-SMC,1576068.403908795,8.789623340229777,14515590.0,80.95243096351624,7.11346696993874,24.009726973116862,5577.663437246727,27.63102111451493,7.592883206191747,10.048330049452934,7.137387345811566,7.777735571251859,15,3,False,42
ABC-SMC,1574775.6097560974,8.77756981991817,14527305.0,80.97308158874512,7.11346696993874,24.009726973116862,5577.663437246725,27.63102111451493,7.592883206191747,10.048330049452934,7.137387345811566,7.777735571251859,15,3,False,42
ABC-SMC,1576045.5284552844,8.779823334236456,14539020.0,80.9938702583313,7.11346696993874,24.009726973116862,5577.663437246725,27.63102111451493,7.592883206191747,10.048330049452934,7.137387345811566,7.777735571251859,15,3,False,42
ABC-SMC,1572202.593192869,8.753602122178535,14550735.0,81.01458764076233,7.11346696993874,24.009726973116862,5577.663437246727,27.63102111451493,7.592883206191747,10.048330049452934,7.137387345811566,7.777735571251859,15,3,False,42
ABC-SMC,1573468.3954619127,8.755853174828891,14562450.0,81.03542113304138,7.11346696993874,24.009726973116862,5577.663437246725,27.63102111451493,7.592883206191747,10.048330049452934,7.137387345811566,7.777735571251859,15,3,False,42
ABC-SMC,1572186.0841423948,8.74392471910166,14574165.0,81.05618214607239,7.11346696993874,24.009726973116862,5577.663437246725,27.63102111451493,7.592883206191747,10.048330049452934,7.137387345811566,7.777735571251859,15,3,False,42
ABC-SMC,1573449.8381877022,8.746170200319094,14585880.0,81.07699775695801,7.11346696993874,24.009726973116862,5577.663437246727,27.63102111451493,7.592883206191747,10.048330049452934,7.137387345811566,7.777735571251859,15,3,False,42
ABC-SMC,1574713.5922330096,8.7483996840871,14597595.0,81.09766507148743,7.11346696993874,24.009726973116862,5577.663437246725,27.63102111451493,7.592883206191747,10.048330049452934,7.137387345811566,7.777735571251859,15,3,False,42
ABC-SMC,1575977.346278317,8.7506694186724,14609310.0,81.11870551109314,7.11346696993874,24.009726973116862,5577.663437246725,27.63102111451493,7.592883206191747,10.048330049452934,7.137387345811566,7.777735571251859,15,3,False,42
ABC-SMC,1577241.1003236244,8.752916725965251,14621025.0,81.13953804969788,7.11346696993874,24.009726973116862,5577.663437246727,27.63102111451493,7.592883206191747,10.048330049452934,7.137387345811566,7.777735571251859,15,3,False,42
ABC-SMC,1578504.854368932,8.755166579475938,14632740.0,81.16039419174194,7.11346696993874,24.009726973116862,5577.663437246725,27.63102111451493,7.592883206191747,10.048330049452934,7.137387345811566,7.777735571251859,15,3,False,42
ABC-SMC,1574672.5806451614,8.729154730355868,14644455.0,81.18113899230957,7.11346696993874,24.009726973116862,5577.663437246725,27.63102111451493,7.592883206191747,10.048330049452934,7.137387345811566,7.777735571251859,15,3,False,42
ABC-SMC,1575932.2580645161,8.731384687526251,14656170.0,81.20187759399414,7.11346696993874,24.009726973116862,5577.663437246727,27.63102111451493,7.592883206191747,10.048330049452934,7.137387345811566,7.777735571251859,15,3,False,42
ABC-SMC,1574652.1739130435,8.719541331612161,14667885.0,81.22252750396729,7.11346696993874,24.009726973116862,5577.663437246725,27.63102111451493,7.592883206191747,10.048330049452934,7.137387345811566,7.777735571251859,15,3,False,42
ABC-SMC,1575909.8228663448,8.721765982995928,14679600.0,81.24325013160706,7.11346696993874,24.009726973116862,5577.663437246725,27.63102111451493,7.592883206191747,10.048330049452934,7.137387345811566,7.777735571251859,15,3,False,42
ABC-SMC,1574631.8327974277,8.709960556234705,14691315.0,81.2639319896698,7.11346696993874,24.009726973116862,5577.663437246727,27.63102111451493,7.592883206191747,10.048330049452934,7.137387345811566,7.777735571251859,15,3,False,42
ABC-SMC,1573357.9454253612,8.69819920225026,14703030.0,81.28467154502869,7.11346696993874,24.009726973116862,5577.663437246725,27.63102111451493,7.592883206191747,10.048330049452934,7.137387345811566,7.777735571251859,15,3,False,42
ABC-SMC,1574611.5569823436,8.70041296149142,14714745.0,81.30535912513733,7.11346696993874,24.009726973116862,5577.663437246725,27.63102111451493,7.592883206191747,10.048330049452934,7.137387345811566,7.777735571251859,15,3,False,42
ABC-SMC,1575865.168539326,8.70264315107661,14726460.0,81.32620024681091,7.11346696993874,24.009726973116862,5577.663437246727,27.63102111451493,7.592883206191747,10.048330049452934,7.137387345811566,7.777735571251859,15,3,False,42
ABC-SMC,1574591.3461538462,8.690895840652987,14738175.0,81.34678506851196,7.11346696993874,24.009726973116862,5577.663437246725,27.63102111451493,7.592883206191747,10.048330049452934,7.137387345811566,7.777735571251859,15,3,False,42
ABC-SMC,1570808.3067092653,8.66546785742584,14749890.0,81.36874318122864,7.11346696993874,24.009726973116862,5577.663437246725,27.63102111451493,7.592883206191747,10.048330049452934,7.137387345811566,7.777735571251859,15,3,False,42
ABC-SMC,1572055.910543131,8.667670601346114,14761605.0,81.38942694664001,7.11346696993874,24.009726973116862,5577.663437246727,27.63102111451493,7.592883206191747,10.048330049452934,7.137387345811566,7.777735571251859,15,3,False,42
ABC-SMC,1570794.2583732058,8.656065062219193,14773320.0,81.41029191017151,7.11346696993874,24.009726973116862,5577.663437246725,27.63102111451493,7.592883206191747,10.048330049452934,7.137387345811566,7.777735571251859,15,3,False,42
ABC-SMC,1572039.8724082934,8.658283407037908,14785035.0,81.43115544319153,7.11346696993874,24.009726973116862,5577.663437246725,27.63102111451493,7.592883206191747,10.048330049452934,7.137387345811566,7.777735571251859,15,3,False,42
ABC-SMC,1573285.486443381,8.660464106817818,14796750.0,81.45166492462158,7.11346696993874,24.009726973116862,5577.663437246727,27.63102111451493,7.592883206191747,10.048330049452934,7.137387345811566,7.777735571251859,15,3,False,42
ABC-SMC,1569524.6422893482,8.635125794483988,14808465.0,81.47241187095642,7.11346696993874,24.009726973116862,5577.663437246725,27.63102111451493,7.592883206191747,10.048330049452934,7.137387345811566,7.777735571251859,15,3,False,42
ABC-SMC,1570766.2957074721,8.63732591658341,14820180.0,81.49317002296448,7.11346696993874,24.009726973116862,5577.663437246725,27.63102111451493,7.592883206191747,10.048330049452934,7.137387345811566,7.777735571251859,15,3,False,42
ABC-SMC,1569512.6984126985,8.625810890601425,14831895.0,81.51391291618347,7.11346696993874,24.009726973116862,5577.663437246727,27.63102111451493,7.592883206191747,10.048330049452934,7.137387345811566,7.777735571251859,15,3,False,42
ABC-SMC,1570752.3809523808,8.628007369066673,14843610.0,81.53466963768005,7.11346696993874,24.009726973116862,5577.663437246725,27.63102111451493,7.592883206191747,10.048330049452934,7.137387345811566,7.777735571251859,15,3,False,42
ABC-SMC,1564541.8641390202,8.589301051561174,14855325.0,81.55541348457336,7.11346696993874,24.009726973116862,5577.663437246725,27.63102111451493,7.592883206191747,10.048330049452934,7.137387345811566,7.777735571251859,15,3,False,42
ABC-SMC,1565775.671406003,8.59148661797771,14867040.0,81.57616543769836,7.11346696993874,24.009726973116862,5577.663437246727,27.63102111451493,7.592883206191747,10.048330049452934,7.137387345811566,7.777735571251859,15,3,False,42
ABC-SMC,1562074.0157480317,8.566596339068075,14878755.0,81.59683012962341,7.11346696993874,24.009726973116862,5577.663437246725,27.63102111451493,7.592883206191747,10.048330049452934,7.137387345811566,7.777735571251859,15,3,False,42
ABC-SMC,1563303.937007874,8.568779452266343,14890470.0,81.61762428283691,7.11346696993874,24.009726973116862,5577.663437246725,27.63102111451493,7.592883206191747,10.048330049452934,7.137387345811566,7.777735571251859,15,3,False,42
ABC-SMC,1564533.8582677166,8.570967396413248,14902185.0,81.63846445083618,7.11346696993874,24.009726973116862,5577.663437246727,27.63102111451493,7.592883206191747,10.048330049452934,7.137387345811566,7.777735571251859,15,3,False,42
ABC-SMC,1560847.7237048666,8.54622869825937,14913900.0,81.65921521186829,7.11346696993874,24.009726973116862,5577.663437246725,27.63102111451493,7.592883206191747,10.048330049452934,7.137387345811566,7.777735571251859,15,3,False,42
ABC-SMC,1559625.3918495297,8.535005729898515,14925615.0,81.68000483512878,7.11346696993874,24.009726973116862,5577.663437246725,27.63102111451493,7.592883206191747,10.048330049452934,7.137387345811566,7.777735571251859,15,3,False,42
ABC-SMC,1558406.8857589983,8.523812614882683,14937330.0,81.70074391365051,7.11346696993874,24.009726973116862,5577.663437246727,27.63102111451493,7.592883206191747,10.048330049452934,7.137387345811566,7.777735571251859,15,3,False,42
ABC-SMC,1554762.8705148206,8.499370734640786,14949045.0,81.72144961357117,7.11346696993874,24.009726973116862,5577.663437246725,27.63102111451493,7.592883206191747,10.048330049452934,7.137387345811566,7.777735571251859,15,3,False,42
ABC-SMC,1553557.632398754,8.488281072733434,14960760.0,81.74214673042297,7.11346696993874,24.009726973116862,5577.663437246725,27.63102111451493,7.592883206191747,10.048330049452934,7.137387345811566,7.777735571251859,15,3,False,42
ABC-SMC,1549945.652173913,8.464067619039405,14972475.0,81.76289319992065,7.11346696993874,24.009726973116862,5577.663437246727,27.63102111451493,7.592883206191747,10.048330049452934,7.137387345811566,7.777735571251859,15,3,False,42
ABC-SMC,1551158.3850931677,8.466217088403168,14984190.0,81.78365707397461,7.11346696993874,24.009726973116862,5577.663437246725,27.63102111451493,7.592883206191747,10.048330049452934,7.137387345811566,7.777735571251859,15,3,False,42
ABC-SMC,1552371.1180124225,8.468358536437925,14995905.0,81.80434346199036,7.11346696993874,24.009726973116862,5577.663437246725,27.63102111451493,7.592883206191747,10.048330049452934,7.137387345811566,7.777735571251859,15,3,False,42
ABC-SMC,1684725.589225589,9.184087460022315,15010905.0,81.83021926879883,7.11346696993874,24.008392816950753,5622.618758019073,27.63102111453571,7.588029680230515,10.05395208583782,7.139493658235188,7.768025872006273,15,3,False,42
permABC-SMC,950.0,0.08660701115926106,14250.0,1.299105167388916,7.87601849333303,23.922160806870238,4044.467286115304,27.631021114510308,6.888941287189556,9.96851098828197,5.831859134256626,7.006681333754953,15,3,False,42
permABC-SMC,1852.0,0.1425022602081299,27780.0,2.1375339031219482,7.429638429581364,23.93164491719721,3903.555280459701,27.631021114531176,6.798328469219369,9.972308911169566,5.703904222174786,6.884047319704547,15,3,False,42
permABC-SMC,2708.0,0.2019418239593506,40620.0,3.029127359390259,7.193337360379561,23.943637277939267,3815.14602213534,27.631021114552432,6.742609031692219,9.983942698080051,5.59982195873373,6.779612517501435,15,3,False,42
permABC-SMC,3521.0,0.26456233660380046,52815.0,3.968435049057007,7.011678027394111,23.950967077285412,3713.222860706089,27.63102111457325,6.685108589514054,9.987525887182828,5.500059766772987,6.682098451605304,15,3,False,42
permABC-SMC,4293.0,0.32442863782246906,64395.0,4.866429567337036,6.859913851820563,23.94928229152532,3589.7146468487645,27.631021114572818,6.678724495621165,9.978795606308722,5.408939389003774,6.592116992905702,15,3,False,42
permABC-SMC,5026.0,0.386306365331014,75390.0,5.79459547996521,6.704557241749228,23.96399728569846,3489.589426407162,27.631021114594052,6.6492601263448625,9.980932117343109,5.327892792127798,6.511479344695811,15,3,False,42
permABC-SMC,5722.0,0.4486381530761719,85830.0,6.729572296142578,6.588777414299074,23.970069023598214,3412.396195064375,27.631021114614853,6.594989479892857,9.98402597338498,5.242242928318656,6.427689869742224,15,3,False,42
permABC-SMC,6383.0,0.5101320743560791,95745.0,7.6519811153411865,6.492951976537581,23.968184633407745,3319.314199653273,27.631021114614548,6.531703360502888,9.97984114191952,5.1566018488198955,6.345580970660324,15,3,False,42
permABC-SMC,7011.0,0.5727595488230387,105165.0,8.591393232345581,6.3853309124184445,23.96765702150968,3259.345978487274,27.631021114614292,6.474032262844909,9.981274087567193,5.079038680209414,6.265801429458355,15,3,False,42
permABC-SMC,7607.0,0.6360948403676351,114105.0,9.541422605514526,6.289226338431452,23.973936511579872,3124.839550993882,27.631021114614793,6.401487442914752,9.968752729698107,4.991545805672355,6.185925733812736,15,3,False,42
permABC-SMC,8173.0,0.7006291230519612,122595.0,10.509436845779419,6.187973734732948,23.998623559899436,3077.8737326458777,27.63102111465805,6.365713868258027,9.98401475545903,4.915588458741718,6.1179889952399105,15,3,False,42
permABC-SMC,8710.0,0.7633582433064778,130650.0,11.450373649597168,6.1009186607425585,24.011889957304877,3012.243017270079,27.63102111467969,6.363983581849383,9.990731346243143,4.843063213920953,6.045878573696283,15,3,False,42
permABC-SMC,9220.0,0.8271463871002197,138300.0,12.407195806503296,6.004370390376769,24.028504945552363,2966.153815750944,27.631021114721932,6.2838899277380404,9.999805666352216,4.766825662612545,5.981163693614436,15,3,False,42
permABC-SMC,16145.339652448654,1.410984202018846,153300.0,13.397294998168945,5.945869817478394,23.91984379855628,3056.123636432866,27.63102111453085,6.2997790806444645,10.000991942733755,4.749875437879539,5.970088362001105,15,3,False,42
permABC-SMC,15387.052341597797,1.315604556690563,167565.0,14.32693362236023,5.889670785312269,23.91632672032621,2963.5933446459794,27.63102111452996,6.250523443451764,9.988311870568289,4.674069128495099,5.916965060389861,15,3,False,42
permABC-SMC,15206.54911838791,1.282332045605561,181110.0,15.272574663162231,5.8061182958026585,23.917728885966774,2900.2655362415694,27.631021114529805,6.239492428189627,9.98537946548288,4.609920026159937,5.8602292653679005,15,3,False,42
permABC-SMC,15321.090047393365,1.2805983918538026,193965.0,16.21237564086914,5.718711958774652,23.922209326031318,2873.3693226680543,27.631021114531386,6.2022676882352545,9.996409283496302,4.549713000275004,5.802254975084399,15,3,False,42
permABC-SMC,15744.558991981672,1.3087818667195872,206175.0,17.138498544692993,5.6340668561321605,23.925730006029074,2819.4566056852,27.63102111455169,6.165790426673463,9.996042963325754,4.4944013614700244,5.750676115682966,15,3,False,42
permABC-SMC,16330.708661417322,1.3436428294630591,217770.0,17.917477130889893,5.57705750382665,23.917395395985906,2793.4250538653723,27.63102111455084,6.130505259941127,9.99950871386476,4.440661088456704,5.693416006955526,15,3,False,42
permABC-SMC,16890.365448504985,1.389782258882519,228780.0,18.82460069656372,5.506853184123373,23.918568855700283,2740.3749429484756,27.631021114571602,6.123425662456677,10.002517050034985,4.390537357979828,5.640605458964525,15,3,False,42
permABC-SMC,17430.601092896173,1.4363274461367523,239235.0,19.71359419822693,5.435594994689194,23.930132993319603,2694.218915506689,27.631021114592716,6.139581433502003,10.005103662738012,4.349341310485963,5.593479897586067,15,3,False,42
permABC-SMC,17957.83783783784,1.4861897305325347,249165.0,20.620882511138916,5.3815967949029195,23.947029188032648,2658.1148954628297,27.63102111465571,6.104821268445297,10.016513114640523,4.303587934472421,5.54901973705174,15,3,False,42
permABC-SMC,18616.630669546434,1.4964565602543545,258585.0,20.785781621932983,5.319997594447787,23.938862109776778,2630.432051278374,27.631021114655226,6.094257193517562,10.018777246983237,4.256551310241821,5.501766694890942,15,3,False,42
permABC-SMC,19239.482200647246,1.5047073535720292,267525.0,20.922955751419067,5.262155680494943,23.95045126562382,2574.751474132067,27.631021114697404,6.086644599530084,10.019145125753381,4.209106502442656,5.452957718201267,15,3,False,42
permABC-SMC,19828.66379310345,1.5138116033597924,276015.0,21.07225751876831,5.2127323874136415,23.945157256314445,2528.43243910773,27.631021114697173,6.050825988590513,10.015461993580868,4.156111848697912,5.407590899757623,15,3,False,42
permABC-SMC,20407.3275862069,1.516201030248883,284070.0,21.105518341064453,5.15601259557498,23.939565756624862,2499.187488717079,27.6310211146965,5.999753609829934,10.017180229227883,4.111409785364147,5.356359903362272,15,3,False,42
permABC-SMC,20934.33799784715,1.5232163515833488,291720.0,21.226019859313965,5.090446359111626,23.941741358075433,2471.79470168045,27.631021114696583,5.938079154436797,10.022126667832435,4.061010069902291,5.321961874230462,15,3,False,42
permABC-SMC,31604.32766615147,2.2040746679998806,306720.0,21.390544652938843,5.040935485427323,23.97884587071517,2391.2525027750517,27.631021114596518,5.693154996596898,10.029296039267926,4.003874616585457,5.270947070228459,15,3,False,42
permABC-SMC,28494.007989347538,1.9122010276310188,320985.0,21.540944576263428,4.992585779690231,23.977833786514847,2352.8784829461574,27.63102111459614,5.677029449871307,10.02704153337145,3.9629418133201506,5.231915321721831,15,3,False,42
permABC-SMC,27465.517241379304,1.7796776760583632,334530.0,21.67647409439087,4.956918599080007,23.989406578608364,2305.379540991631,27.631021114637996,5.643302938845788,10.025066026678505,3.9292914823852483,5.18579424857921,15,3,False,42
permABC-SMC,27086.549707602342,1.7005266966643156,347385.0,21.80925488471985,4.885746036189307,23.98301995033679,2273.5576378824344,27.63102111463704,5.644479976432843,10.022484330026773,3.8866711051850875,5.146454040219988,15,3,False,42
permABC-SMC,27027.057497181508,1.6512369580933672,359595.0,21.96970772743225,4.83794831868557,23.983278226207762,2229.35642935272,27.631021114637136,5.629836021750448,10.018799280774186,3.851193563820717,5.106699920909883,15,3,False,42
permABC-SMC,27373.893805309734,1.631365026344592,371190.0,22.121309757232666,4.786028253029155,23.99247000616222,2190.461310276016,27.631021114658115,5.5826584730722715,10.02025839954547,3.8168327957947707,5.067966531969581,15,3,False,42
permABC-SMC,27755.991285403044,1.6173042416485996,382200.0,22.27027940750122,4.734542248087739,23.995899479553195,2172.5106348970558,27.631021114658928,5.55013747568432,10.028240558426363,3.7853077285343093,5.0326200937810786,15,3,False,42
permABC-SMC,28360.78006500542,1.6204423446352192,392655.0,22.43502426147461,4.6707634461363305,24.00121348184139,2146.884375151708,27.631021114659024,5.514253921156427,10.029212774471805,3.74361366263934,5.000771352572526,15,3,False,42
permABC-SMC,28890.20452099031,1.6207257179449142,402585.0,22.584812879562378,4.624535769685536,24.00318516260192,2118.8296068397494,27.63102111465885,5.483782236513622,10.027657618521877,3.7089161239785864,4.973486341551445,15,3,False,42
permABC-SMC,29471.030042918454,1.6251864180885502,412005.0,22.72010612487793,4.588334184751141,23.990946617329826,2084.6113232808043,27.63102111465776,5.449398698528652,10.019436010762638,3.679559846024671,4.93274196105363,15,3,False,42
permABC-SMC,30078.242229367628,1.634104416258806,420945.0,22.869291305541992,4.551073099742933,23.995820896098003,2045.6785266297416,27.631021114657756,5.417022270783449,10.01342495573012,3.638793980877442,4.906140533935732,15,3,False,42
permABC-SMC,30684.88745980707,1.6449413115571931,429435.0,23.02095365524292,4.516883618796943,24.010606705481553,2036.8540110191145,27.631021114659607,5.380496527006857,10.028517634639154,3.60120365157605,4.874217511248682,15,3,False,42
permABC-SMC,31260.4501607717,1.6559605600153302,437490.0,23.17516803741455,4.473809845851886,24.024393891629334,2021.3644363794176,27.631021114681534,5.329471728353578,10.037165447902966,3.570044768281773,4.8398550519593995,15,3,False,42
permABC-SMC,31807.07395498392,1.6660574292574406,445140.0,23.316473722457886,4.439280599785779,24.03712550076414,1987.4494406191884,27.631021114723552,5.317666571189677,10.035380307923099,3.5399610357439486,4.805198861066036,15,3,False,42
permABC-SMC,48614.8969889065,2.4816070985869634,460140.0,23.48841118812561,4.400478195423567,23.966289395512103,2002.1441237379522,27.631021114533524,5.146713096343386,10.067523348955632,3.4672700064927384,4.7266114619608395,15,3,False,42
permABC-SMC,42855.0135501355,2.1342160363615155,474405.0,23.625771522521973,4.374098812547145,23.97518361614024,1979.8122067123554,27.631021114575216,5.0880070850917205,10.077357469442852,3.430066241255358,4.7008086040330435,15,3,False,42
permABC-SMC,40816.8130489335,2.052971888964568,487965.0,24.54327893257141,4.3353437917718995,23.983722356448254,1940.4480542715007,27.631021114575336,5.058165057824402,10.073246397174174,3.399729587091729,4.664726305882506,15,3,False,42
permABC-SMC,40034.77218225419,2.036034746421613,500835.0,25.470794677734375,4.306577418681525,23.975846757163787,1915.1577432782387,27.63102111457439,5.015478666154032,10.070263746190454,3.3666333777605946,4.6310460147232195,15,3,False,42
permABC-SMC,39634.99420625724,2.0379292085484773,513075.0,26.380993604660034,4.261536419384528,23.983692723414652,1881.7817945183945,27.631021114575475,4.947665390258826,10.068231453901266,3.3338241785517817,4.600171184912879,15,3,False,42
permABC-SMC,39750.0,2.0706228234551167,524700.0,27.332221269607544,4.2288680609921006,23.988071013176796,1852.3194521880328,27.631021114595857,4.910940314013158,10.067543158864753,3.3033582298058026,4.569941061914843,15,3,False,42
permABC-SMC,40220.72072072072,2.12247312605918,535740.0,28.271342039108276,4.186448209816936,23.99456512106658,1827.1758766339249,27.631021114595775,4.814618395371949,10.068301877244757,3.272290606022635,4.538681548240357,15,3,False,42
permABC-SMC,40732.66219239374,2.1765526686916594,546225.0,29.18757128715515,4.149307469356479,24.00060386938958,1793.550618676842,27.631021114616782,4.777067038148025,10.062297519264522,3.2440502023624513,4.506961039878979,15,3,False,42
permABC-SMC,41290.645879732736,2.235796527678469,556185.0,30.11617922782898,4.123971726302134,23.990075128904216,1763.1395456193081,27.63102111461563,4.769559617280664,10.054209533513237,3.220101285977032,4.479548033233253,15,3,False,42
permABC-SMC,41759.68992248062,2.2909952292542655,565635.0,31.031530380249023,4.083727924940122,23.993107266958667,1745.990937062451,27.631021114636017,4.710349720844855,10.059708157826488,3.185066873183842,4.45252097722474,15,3,False,42
permABC-SMC,42375.0,2.3489479821691823,574605.0,31.85173463821411,4.062542869564608,24.001230118907372,1730.1278134491954,27.631021114677708,4.67970730599952,10.066139251524685,3.155890823304531,4.424817967972424,15,3,False,42
permABC-SMC,42908.3885209713,2.412177763764169,583125.0,32.781495809555054,4.017676641950622,24.00681720621506,1696.122605335313,27.631021114678543,4.627197346299698,10.060437534129358,3.1226110015553,4.394233121246388,15,3,False,42
permABC-SMC,43455.34729878721,2.4793451912742204,591210.0,33.73149132728577,3.9938177871153258,24.0034038953525,1686.1466953591075,27.631021114678056,4.6139044388103505,10.063499095405387,3.095578847206466,4.365770540052373,15,3,False,42
permABC-SMC,44019.84564498346,2.5499539443650083,598890.0,34.69212341308594,3.954914705496873,23.998624049627985,1679.1731278879483,27.631021114677903,4.541016961596422,10.068243671730439,3.063367389430442,4.337706163832484,15,3,False,42
permABC-SMC,63747.66355140187,3.6422960483396536,613890.0,35.075310945510864,3.915355930183119,23.950571289463678,1678.4046947578406,27.631021114552784,4.545576619955991,10.082596278359064,3.0365979370494824,4.311251422552697,15,3,False,42
permABC-SMC,57051.77111716621,3.197482409637479,628140.0,35.20428133010864,3.878471632860674,23.951436939212773,1672.1154853398948,27.631021114552137,4.505898771791083,10.09055191640963,3.01472094732623,4.282300018590059,15,3,False,42
permABC-SMC,53741.206030150744,2.9598980892443376,641670.0,35.34118318557739,3.8547500454824943,23.950129575763306,1643.363046307386,27.631021114551444,4.469109772275102,10.083140331153155,2.989844014312439,4.252992678934901,15,3,False,42
permABC-SMC,51699.05213270143,2.804488179054682,654510.0,35.504820346832275,3.824611949535844,23.94890092290511,1627.4098463971877,27.631021114551434,4.425629050010563,10.084627250200947,2.9680254491771216,4.224502633012435,15,3,False,42
permABC-SMC,51742.72409778813,2.765789094894581,666705.0,35.637192487716675,3.7982924878949182,23.95831509742868,1613.024665762916,27.63102111457196,4.3556833439904175,10.091236480241514,2.940441430145713,4.200862620365805,15,3,False,42
permABC-SMC,51797.25085910653,2.7332189748559395,678285.0,35.791502475738525,3.772224273920728,23.953100040451822,1590.7865448226437,27.631021114571396,4.337359155412965,10.087216426020953,2.918117673608204,4.175174971155303,15,3,False,42
permABC-SMC,51923.16384180792,2.7070849718571606,689280.0,35.93655300140381,3.744444730542731,23.950674443876466,1576.2254066180622,27.63102111457088,4.2851859422899725,10.088902200729288,2.887980329032051,4.158817596648716,15,3,False,42
permABC-SMC,52472.44094488189,2.6978092422456745,699720.0,35.97528624534607,3.723894934935176,23.959729786390817,1544.0628037113495,27.631021114571084,4.250662252467411,10.080653436945433,2.864873461859289,4.128549276200724,15,3,False,42
permABC-SMC,52624.02669632925,2.676978109499062,709635.0,36.09904980659485,3.694060802613864,23.9530540791794,1531.2101992397686,27.631021114591363,4.208303582458679,10.081998662217096,2.8390414543313747,4.104008952459221,15,3,False,42
permABC-SMC,53086.37873754153,2.6761694471965467,719055.0,36.24871516227722,3.670312387974608,23.944218290731104,1502.8613970933318,27.631021114590265,4.145689924432434,10.068550101787242,2.8139985896613413,4.080977419366958,15,3,False,42
permABC-SMC,53568.43267108168,2.6777973939953172,727995.0,36.39126658439636,3.643249805334557,23.937891618017908,1491.5583562188654,27.631021114589636,4.111780651260731,10.070806326772484,2.796623194341385,4.056709486149541,15,3,False,42
permABC-SMC,54133.40683572216,2.685954000353156,736485.0,36.54240417480469,3.6110708813485757,23.94236016869202,1476.1152372691702,27.631021114589547,4.086916427503414,10.071670375818211,2.7746161182506963,4.033614484944933,15,3,False,42
permABC-SMC,54725.468577728774,2.695681320661484,744540.0,36.67474436759949,3.5816390478198707,23.945807062514508,1444.3085694770025,27.63102111458929,4.061703139263245,10.05991563595327,2.7463891604550588,4.009211179135182,15,3,False,42
permABC-SMC,55166.116611661164,2.7009465644593025,752190.0,36.82740640640259,3.559265033064059,23.952678785267203,1425.9906187448105,27.631021114610604,4.016125603760945,10.061769359521893,2.7196405312937384,3.986437575139825,15,3,False,42
permABC-SMC,81055.46751188589,3.9082414311702705,767190.0,36.99150514602661,3.5339569600850256,23.980204762233846,1364.4358792065846,27.63102111461584,3.8705237407404427,10.030843201394314,2.693954311561131,3.96364959775825,15,3,False,42
permABC-SMC,72255.20110957004,3.434417471530754,781440.0,37.1432249546051,3.5125571561970204,23.98467801659212,1346.1322431223907,27.631021114616207,3.831373310158092,10.029099407146626,2.668336399320493,3.9407487190849175,15,3,False,42
permABC-SMC,67341.80432020332,3.158974294084858,794970.0,37.29169154167175,3.4908073909738215,23.987811490953064,1332.910828085047,27.63102111463719,3.7551059888809233,10.030732927964957,2.6398340489898553,3.922467063037819,15,3,False,42
permABC-SMC,65916.76866585069,3.0540672334930163,807810.0,37.42759394645691,3.461590095139242,23.981764373847334,1326.3397952652751,27.631021114636493,3.6927387683922612,10.035559992146776,2.615434282607103,3.9047161860848707,15,3,False,42
permABC-SMC,64465.80188679246,2.9548720931107146,820005.0,37.585973024368286,3.436254798688892,23.987539197569053,1308.3664161724982,27.63102111467764,3.651975499608243,10.034461132522589,2.589565020026533,3.880143465940009,15,3,False,42
permABC-SMC,63649.82778415614,2.8873080090458165,831585.0,37.722679138183594,3.4055944891653405,23.98468970453616,1297.994804160759,27.631021114677704,3.6020900055599427,10.03523183590216,2.565900229778948,3.859343515859068,15,3,False,42
permABC-SMC,63328.07215332582,2.845315062341185,842580.0,37.85691690444946,3.385726106106569,23.980917660140996,1285.1257646236481,27.631021114677278,3.5779907579653605,10.03395194371113,2.5475857631511314,3.8389105522169835,15,3,False,42
permABC-SMC,63397.99331103679,2.8256255780308277,853020.0,38.018792152404785,3.3580558620769403,23.99007312513327,1266.807119016201,27.631021114699085,3.535364989388029,10.034168542595394,2.5275048727966287,3.8193547166196495,15,3,False,42
permABC-SMC,63427.78390297685,2.8045242299756685,862935.0,38.15555214881897,3.328928912688084,23.99081514349737,1253.9633542795868,27.631021114698893,3.486439956674244,10.033130781018546,2.50753952308209,3.802649228614092,15,3,False,42
permABC-SMC,64049.559471365625,2.811058047234399,872355.0,38.28661060333252,3.312289075659266,23.98761395394915,1237.8188151158988,27.631021114698335,3.4624897772497105,10.027771329234437,2.487558059687747,3.7855437954005433,15,3,False,42
permABC-SMC,64563.73626373626,2.8165057814601577,881295.0,38.44530391693115,3.2950339508154527,23.99670759027535,1226.8178268359413,27.63102111469882,3.4398015212611517,10.031677300777622,2.472046248148517,3.7640533337974795,15,3,False,42
permABC-SMC,65042.76315789474,2.8202372336248205,889785.0,38.58084535598755,3.268741683374457,24.000182817702616,1220.360552884722,27.63102111469906,3.4179406572109996,10.035970460430445,2.4537296688192014,3.748537758685487,15,3,False,42
permABC-SMC,65631.57894736843,2.822537084071957,897840.0,38.61230731010437,3.250507099813418,23.999632122106746,1212.3576425499173,27.631021114698747,3.37991767080244,10.03873799293818,2.433206438484243,3.7288328692822783,15,3,False,42
permABC-SMC,66118.291347207,2.830242353357856,905490.0,38.76016902923584,3.2298609594365963,24.0065178699411,1206.7241120347499,27.63102111469926,3.3323257641175332,10.044860346555474,2.4118656555759803,3.7147953484922613,15,3,False,42
permABC-SMC,98500.8025682183,4.162785048915971,920490.0,38.90122628211975,3.2003440968925463,23.97026650504863,1187.745873639265,27.631021114574125,3.315353050438493,10.025931493661194,2.3959536737533016,3.7057118973318492,15,3,False,42
permABC-SMC,86071.82320441988,3.594864358779036,934740.0,39.04022693634033,3.1804481019173427,23.97095749783687,1182.9673824219635,27.631021114574395,3.2762293790729347,10.032429077163163,2.38447661064136,3.687216866031263,15,3,False,42
permABC-SMC,81156.61103979462,3.420628509717361,948315.0,39.97004413604736,3.1621099579454244,23.965492348048166,1172.2984899274934,27.631021114593953,3.2472544882720777,10.030392707274462,2.3686097374125272,3.671219708909674,15,3,False,42
permABC-SMC,79208.89987639058,3.3715343789696735,961200.0,40.913569688797,3.14482280779792,23.968523860349247,1156.8237644980127,27.63102111459441,3.2063790271146213,10.02750522632241,2.3520873573465235,3.6524741748846994,15,3,False,42
permABC-SMC,77534.05017921148,3.271604372371672,973440.0,41.07499289512634,3.127685015566691,23.971406673224678,1149.794017423159,27.631021114594272,3.1926705342480335,10.030967374659449,2.340600547463141,3.631686656709113,15,3,False,42
permABC-SMC,76808.18713450294,3.2058707268846898,985065.0,41.11529207229614,3.1030487666915545,23.96300978520223,1139.258491942912,27.63102111459322,3.138334996773926,10.02582699261646,2.31983711467154,3.617350634830835,15,3,False,42
permABC-SMC,76418.87226697354,3.2159921260551334,996120.0,41.92045736312866,3.0799441200240363,23.957096979910418,1127.920659527228,27.63102111459234,3.1162878102215084,10.02070288784968,2.304295082118919,3.6036117368895346,15,3,False,42
permABC-SMC,76607.30593607305,3.2662141994435676,1006620.0,42.91805458068848,3.0602061749390894,23.96045122476619,1125.9011794394946,27.63102111459208,3.0925792432133106,10.028946403345763,2.291159599960602,3.590174642635639,15,3,False,42
permABC-SMC,76753.11438278595,3.311992996636315,1016595.0,43.867347240448,3.0432235598432644,23.964229450425748,1122.495580077918,27.631021114591803,3.0667779343401005,10.037706587829232,2.2765912676938598,3.5815447577701836,15,3,False,42
permABC-SMC,77118.37655016911,3.3700363477429516,1026060.0,44.83833360671997,3.0239326190264944,23.96278556760404,1112.4820248226779,27.631021114591864,3.020355966619056,10.036303381305801,2.2578049206073714,3.564721836723293,15,3,False,42
permABC-SMC,77706.08108108108,3.4400374144763206,1035045.0,45.821298360824585,2.9995875109076127,23.96346123659011,1099.2611538311114,27.63102111461251,2.9858110329663163,10.032355701269875,2.2404134254335406,3.544897206745249,15,3,False,42
permABC-SMC,78170.78651685394,3.5027241974734187,1043580.0,46.76136803627014,2.97615837462949,23.959826071458007,1087.2743698724125,27.631021114632667,2.946349746578954,10.026094864056944,2.219817300963734,3.530748526625999,15,3,False,42
permABC-SMC,78600.89686098656,3.566656714954006,1051680.0,47.721866846084595,2.961416838806446,23.96432742181849,1073.584570484344,27.631021114632652,2.910773849455054,10.021031050028952,2.20063764938654,3.517250783369454,15,3,False,42
permABC-SMC,79177.13004484306,3.641378024233831,1059390.0,48.72163796424866,2.944663113148265,23.970496424286004,1072.8584617554081,27.631021114632702,2.8673360753164547,10.030558603947954,2.1824256333861736,3.5057311690103035,15,3,False,42
permABC-SMC,120785.8347386172,5.497549382939374,1074390.0,48.90070176124573,2.9275570317561455,23.944010196692275,1052.8189975778969,27.63102111453,2.834876903735471,10.006685694078218,2.1711061966697787,3.4880275158511718,15,3,False,42
permABC-SMC,105182.60869565218,4.740329502861281,1088640.0,49.06241035461426,2.9090842279214404,23.95406974075811,1046.2655347924149,27.631021114572132,2.803723089057847,10.015405241604201,2.157397705867359,3.4798768558957236,15,3,False,42
permABC-SMC,98893.67429340511,4.415832265389238,1102170.0,49.21445059776306,2.894496977889871,23.955757566795043,1038.1700992597735,27.631021114572118,2.7592975616816258,10.0171234813584,2.1407134145236544,3.468974384282652,15,3,False,42
permABC-SMC,93737.70491803277,4.148563150098815,1115010.0,49.347158670425415,2.8812445065707335,23.963733676147044,1035.1742252485424,27.6310211145724,2.7474943162133756,10.024766492699618,2.1269690699255475,3.458538274317826,15,3,False,42
permABC-SMC,91642.68292682928,4.022456300937064,1127205.0,49.47621250152588,2.8647837997288756,23.9652131173239,1027.8061461860216,27.631021114572462,2.6964761768504877,10.0252418080755,2.109352765707462,3.446796157488016,15,3,False,42
permABC-SMC,90380.95238095238,3.939355668567476,1138800.0,49.635881423950195,2.850361123898637,23.96089327896576,1020.6491182963628,27.631021114592613,2.689515477237073,10.022768401715219,2.0994332097624313,3.4299417686314198,15,3,False,42
permABC-SMC,89758.78220140515,3.8858136006577886,1149810.0,49.77727222442627,2.832557089805803,23.96574323690184,1016.0577171055954,27.631021114614132,2.671569424605095,10.028230311802321,2.08459749619354,3.4187039148055494,15,3,False,42
permABC-SMC,89734.33874709977,3.859447068423148,1160265.0,49.902650594711304,2.8191004302120484,23.95865963965901,1003.8064848108329,27.63102111461369,2.638153590707666,10.019077461656535,2.0690205160910673,3.4045390362169607,15,3,False,42
permABC-SMC,89670.11494252874,3.833534014179332,1170195.0,50.02761888504028,2.803451016935765,23.954044221806527,996.4811198636141,27.631021114613176,2.6054818051918516,10.01516291195431,2.055417006268267,3.394456893213684,15,3,False,42
permABC-SMC,90184.63302752294,3.8267404843543282,1179615.0,50.053765535354614,2.789706528238186,23.978262833073543,982.6166533359984,27.63102111465576,2.567265285065521,10.020359710082591,2.036744495939372,3.382248648920903,15,3,False,42
permABC-SMC,90350.05701254276,3.816673684056745,1188555.0,50.20834231376648,2.7761039285089586,23.98304929722545,969.0752580115613,27.63102111465602,2.5412401246771155,10.016123249623991,2.0204468253911583,3.370931030941738,15,3,False,42
permABC-SMC,90788.39590443685,3.818359906627321,1197045.0,50.345075368881226,2.763009296542693,23.992434058843322,955.3537199691943,27.631021114656317,2.5121188261219647,10.007461192288526,2.0076469685164526,3.3546279498409692,15,3,False,42
permABC-SMC,91295.45454545454,3.8233572605884434,1205100.0,50.468315839767456,2.7481398054147346,23.988009987214035,952.6040694339868,27.631021114655606,2.4846824490591852,10.010213015520822,1.991305248911669,3.3428253319940135,15,3,False,42
permABC-SMC,91666.66666666667,3.824031235859958,1212750.0,50.591933250427246,2.736777981112853,23.980465282141363,947.8603555301436,27.631021114654764,2.4761389338067934,10.00792213159026,1.9780147090830331,3.332857509816653,15,3,False,42
permABC-SMC,141120.6896551724,5.829195866639587,1227750.0,50.714004039764404,2.722536092939255,23.95277947412566,936.8210608646599,27.631021114613993,2.438975474813749,10.003093219360201,1.966746947663584,3.322148982007467,15,3,False,42
permABC-SMC,123032.68945022288,5.0401657155505974,1242015.0,50.880472898483276,2.708627931863064,23.953159683981223,933.1250061095501,27.63102111461413,2.414799694309622,10.011056054578992,1.9554192086925186,3.3141081392353753,15,3,False,42
permABC-SMC,116256.94444444445,4.724908736017016,1255575.0,51.029014348983765,2.696398360320977,23.95061414532017,933.0367597791857,27.631021114613873,2.380706881737303,10.018956740597822,1.942025901564218,3.2995811698853674,15,3,False,42
permABC-SMC,110976.37795275591,4.467289278826375,1268460.0,51.061116456985474,2.6887885248946293,23.93724246699432,928.7240947902328,27.631021114612885,2.3606095785131447,10.015767493591278,1.9290224854032192,3.2907238267658228,15,3,False,42
permABC-SMC,107531.48614609572,4.3001061422698745,1280700.0,51.214264154434204,2.67615371232636,23.95218270630277,917.9420616217824,27.631021114634237,2.326076196129974,10.014243609452665,1.9186966838053354,3.2769765123235106,15,3,False,42
permABC-SMC,105195.36019536019,4.181087759388236,1292325.0,51.36466312408447,2.6600715387524705,23.95153808977016,908.1632988046417,27.63102111463402,2.304166428918715,10.007154422811071,1.905946941660925,3.260620399644471,15,3,False,42
permABC-SMC,103689.73747016706,4.09879695828604,1303380.0,51.52187776565552,2.6443662258606873,23.95511110745175,900.9286959897634,27.631021114654445,2.2710324129590354,10.007350583397429,1.8949225801437295,3.253719226262938,15,3,False,42
permABC-SMC,102807.5117370892,4.043090716587359,1313880.0,51.67069935798645,2.6313777673408456,23.95661985495196,893.081224937321,27.63102111465422,2.242355556590107,10.006184393256435,1.8787043351268866,3.2414058483671706,15,3,False,42
permABC-SMC,103103.97196261682,4.035596758405739,1323855.0,51.81706237792969,2.6160443903185664,23.959618703826543,891.7370979006919,27.631021114674716,2.230866191858945,10.01248507342754,1.865670559200925,3.2325735772348656,15,3,False,42
permABC-SMC,102998.84125144844,4.012693130357609,1333320.0,51.94431257247925,2.6059950773324507,23.950717477036676,886.2567816074957,27.631021114673896,2.1941662868836547,10.009849405157931,1.8503156067850501,3.2237631550739727,15,3,False,42
permABC-SMC,103095.62211981567,3.999240863524641,1342305.0,52.07011604309082,2.5889884358792363,23.95825001122954,877.5116577090068,27.63102111469534,2.1857071463340088,10.006616931163352,1.838792289241313,3.2137698493340525,15,3,False,42
permABC-SMC,103275.22935779816,3.9912098409203574,1350840.0,52.20502471923828,2.574938861244771,23.95239850198768,877.1192142682266,27.63102111469477,2.1575229653744916,10.011486433958558,1.8286425748305102,3.2042754982687978,15,3,False,42
permABC-SMC,103420.09132420091,3.9855163754212075,1358940.0,52.36968517303467,2.561032868086161,23.95321008431522,873.6296739538756,27.631021114715896,2.138543212360331,10.016749862465318,1.813379119640446,3.1944628099783565,15,3,False,42
permABC-SMC,103887.11516533636,4.0436425711074655,1366635.0,53.1941180229187,2.5448241599781536,23.955070533003106,866.6309178140207,27.631021114715782,2.1246519767612155,10.012955462634077,1.8019076502939155,3.1841713547493393,15,3,False,42
permABC-SMC,158535.28399311533,6.12387479343294,1381635.0,53.369568824768066,2.529121285183035,23.9610143055588,870.3433801760306,27.631021114596663,2.051610627088757,10.060923499803003,1.7792544579240657,3.165780746372215,15,3,False,42
permABC-SMC,141645.35768645356,5.514557188625326,1395915.0,54.34596109390259,2.5145664870479805,23.96271772713405,864.7146650043624,27.631021114596326,2.0137983284876935,10.058274305098916,1.7654836466357682,3.1505566299759047,15,3,False,42
permABC-SMC,133853.27635327636,5.1767804344155515,1409475.0,54.51149797439575,2.5004691543230653,23.95503149543459,857.5003401332816,27.631021114595416,1.9852653870511388,10.052947047760254,1.7538705072637275,3.137973144999543,15,3,False,42
permABC-SMC,126430.66666666667,4.859549522399902,1422345.0,54.6699321269989,2.4863876431497243,23.955457963737278,848.7594271143372,27.631021114595015,1.9653647578091833,10.04999703664133,1.7393689053276953,3.1251570214722566,15,3,False,42
permABC-SMC,122299.23273657289,4.745140079748702,1434570.0,55.66049313545227,2.472964578587682,23.960171638216313,842.4014805991947,27.631021114594866,1.9403034929498457,10.049467311168394,1.724696517741345,3.1166229209659964,15,3,False,42
permABC-SMC,120064.75716064757,4.703604388207308,1446180.0,56.65491485595703,2.4596440218078817,23.96101545530004,837.8938867949444,27.63102111461592,1.914240622113302,10.056969812876067,1.7118577917545508,3.11178538260717,15,3,False,42
permABC-SMC,118183.69829683698,4.678139837408878,1457205.0,57.681464195251465,2.4434325630330136,23.95860705423341,830.0588797287799,27.63102111461557,1.8934886564979732,10.052027144213795,1.7009882015794828,3.100802456141152,15,3,False,42
permABC-SMC,116620.97735399287,4.663849180067728,1467675.0,58.694541931152344,2.4320535858854746,23.958966871758932,823.5423789864114,27.631021114635924,1.864215145823134,10.048926145105629,1.6900745846502425,3.0917075556803297,15,3,False,42
permABC-SMC,116855.27876631079,4.654584453246394,1477635.0,58.85722041130066,2.4190190007579084,23.958824019540785,820.5314135345835,27.631021114635434,1.8434301160707915,10.05223512610217,1.6795201707206096,3.0832269241975485,15,3,False,42
permABC-SMC,116497.06227967096,4.622551211645871,1487085.0,59.006866216659546,2.4059009269591276,23.96244510565061,814.243693463768,27.631021114656562,1.8297779065942632,10.05355321664786,1.6686928592062182,3.0737280524915422,15,3,False,42
permABC-SMC,116108.2654249127,4.589351961952242,1496055.0,59.13380002975464,2.3939885271039905,23.96393320483282,805.1746551254067,27.631021114656207,1.8086855827905965,10.048286711238552,1.6565987804874034,3.061403534655351,15,3,False,42
permABC-SMC,115692.04152249136,4.556540570227929,1504575.0,59.25781011581421,2.3813465065431245,23.96730457763534,798.0150832907739,27.631021114676905,1.7885197554849521,10.044757864484092,1.6456135779367471,3.051342503977569,15,3,False,42
permABC-SMC,116179.72350230414,4.5531841833287485,1512660.0,59.28245806694031,2.3702525446932583,23.977848072949406,799.2785910414732,27.631021114698388,1.767553748696328,10.059226191333044,1.633239148143709,3.0429626600020594,15,3,False,42
permABC-SMC,116367.39380022962,4.54670104586298,1520340.0,59.40264916419983,2.3571894851344566,23.996467011771387,795.2955870954324,27.63102111474087,1.7538702548062508,10.068076277417203,1.6231430273643317,3.0379015555030553,15,3,False,42
permABC-SMC,183105.54561717348,7.100834189672588,1535340.0,59.54049468040466,2.343617149050498,23.968675978980592,791.7850549812508,27.63102111463781,1.7046916158960461,10.071424247506165,1.6083396006179045,3.0288611995349695,15,3,False,42
permABC-SMC,161163.80655226207,6.2061739786180805,1549590.0,59.67236280441284,2.3284043207734673,23.98146939289886,786.3074017864755,27.631021114638283,1.6789034661136213,10.078199965269796,1.5977082095814668,3.0213713698448244,15,3,False,42
permABC-SMC,150807.52532561508,5.769653637743895,1563120.0,59.802459955215454,2.3173535144613338,23.983956525013433,778.7820893837059,27.631021114638365,1.660414707425783,10.072598096927287,1.584945400248522,3.016622158691196,15,3,False,42
permABC-SMC,142755.43478260867,5.485309336496436,1576020.0,60.557815074920654,2.303892101854982,23.999055490633133,770.1321509323373,27.63102111464009,1.6433867737542875,10.070716666636772,1.5740222039413578,3.010533172689066,15,3,False,42
permABC-SMC,138231.07049608356,5.357074115046011,1588275.0,61.55278158187866,2.2908292416815113,23.996671921125273,763.4924798346344,27.631021114639665,1.6203816166631941,10.066478116172256,1.5598227414174977,3.0019034771038684,15,3,False,42
permABC-SMC,135013.9240506329,5.27421900994667,1599915.0,62.49949526786804,2.2805798375805195,23.995192975323413,758.6457997022768,27.63102111463924,1.6021146369924144,10.063895990379867,1.5490312852048698,2.9935168054519528,15,3,False,42
permABC-SMC,134079.90012484393,5.215349784752651,1610970.0,62.6624276638031,2.2696203547139477,24.014573492943054,754.3235131743475,27.631021114661245,1.5886399954028896,10.0709640277588,1.537923620645112,2.988616116970218,15,3,False,42
permABC-SMC,132961.8696186962,5.141802252487553,1621470.0,62.70427846908569,2.259498648719083,24.04407737022761,749.1051668335165,27.631021114725566,1.5768166671939183,10.080480693325711,1.530833645240888,2.9856560320291905,15,3,False,42
permABC-SMC,132476.2484774665,5.094259597400413,1631445.0,62.735806941986084,2.249344618996019,24.068201433480652,740.56348324313,27.631021114768412,1.5535608129923475,10.08041473247849,1.5193800300707514,2.97565478441778,15,3,False,42
permABC-SMC,132598.78787878787,5.071677410241329,1640910.0,62.76200795173645,2.2400926863293806,24.081854391852488,734.8305473162175,27.631021114769663,1.5381323826658742,10.081275147066636,1.5072553301967317,2.9668602440018526,15,3,False,42
permABC-SMC,131729.3413173653,5.073867976784468,1649910.0,63.550196409225464,2.230406718712043,24.082038671195647,729.4418655501402,27.631021114769627,1.5144937859666225,10.078737100506153,1.495603969894217,2.962085554632939,15,3,False,42
permABC-SMC,131155.39739027285,5.103916214972723,1658460.0,64.53902053833008,2.219295665880096,24.085769826744286,724.9027728027997,27.631021114770228,1.4969824820115931,10.07901969037514,1.4844494203395722,2.954546111195421,15,3,False,42
permABC-SMC,131640.9952606635,5.163843786170321,1666575.0,65.37426233291626,2.208465309337103,24.081681748917884,720.2178250290028,27.63102111476952,1.4756413440402754,10.075413227167797,1.4743966309603207,2.9439533028361344,15,3,False,42
permABC-SMC,131627.35849056605,5.2165743502430955,1674300.0,66.35482573509216,2.1978141485736824,24.077263071623662,719.1565441084367,27.63102111476892,1.4585109797365083,10.079486212465703,1.466056014942944,2.943997797673486,15,3,False,42
permABC-SMC,201827.95698924726,7.948827828984959,1689300.0,66.53168892860413,2.186913401955816,24.046327675118388,718.5990148139176,27.63102111474708,1.4129315351929477,10.093131400695425,1.447735161882077,2.946455922412123,15,3,False,42
permABC-SMC,179985.73692551506,7.032960794995969,1703565.0,66.56697392463684,2.1746455702945675,24.05263691393979,710.4497239969176,27.63102111476802,1.3927824961166804,10.085993526314711,1.4343130489841085,2.9362976505397023,15,3,False,42
permABC-SMC,167359.649122807,6.503269291295873,1717110.0,66.72354292869568,2.164221630666882,24.047509000834406,707.7691949416327,27.631021114767407,1.3790877316169854,10.086354527006758,1.4287408509079642,2.933222465321123,15,3,False,42
permABC-SMC,159738.2271468144,6.174685618223576,1729965.0,66.87184524536133,2.152602407494863,24.038933657877102,706.9962054732059,27.631021114766703,1.3619015531521863,10.089118908017523,1.417215868606856,2.925415245306261,15,3,False,42
permABC-SMC,155690.34852546916,5.989826098417362,1742175.0,67.02615404129028,2.145537748514611,24.036935003039517,699.9628584728978,27.631021114767027,1.3383159199317498,10.082389303001442,1.4063170253395334,2.914603134928848,15,3,False,42
permABC-SMC,152435.4628422425,5.837308484955695,1753770.0,67.15823411941528,2.136993087401993,24.03814049412983,698.0825838443548,27.631021114766632,1.3224041724067703,10.085780443994386,1.3964280416173778,2.909070701473379,15,3,False,42
permABC-SMC,150257.98212005105,5.727760210195568,1764780.0,67.27254366874695,2.1227133074428566,24.041195498743438,693.1286709174319,27.63102111476664,1.3036476861559434,10.086853756403352,1.3842776913159738,2.9036102843383462,15,3,False,42
permABC-SMC,149433.0808080808,5.676119977777654,1775265.0,67.43230533599854,2.1136299075599037,24.038785507111914,690.4517454803988,27.631021114766455,1.2939603263199495,10.08822391570494,1.3786754439956397,2.8986021834243925,15,3,False,42
permABC-SMC,147113.72064276884,5.5692034392480645,1785225.0,67.58228373527527,2.105949339191474,24.03113030756421,684.8909027880507,27.631021114765797,1.269679966943135,10.083215494991862,1.36628184321664,2.8872266473118606,15,3,False,42
permABC-SMC,147346.05911330046,5.551812351239334,1794675.0,67.62107443809509,2.0958144971950015,24.02751166730544,683.6617026662444,27.631021114765236,1.254744554511883,10.086025255659491,1.356405826448507,2.881117161251702,15,3,False,42
permABC-SMC,146818.07081807082,5.515662567082779,1803660.0,67.75991463661194,2.0880953460434344,24.026293192094492,679.2815111246073,27.631021114764888,1.2355731829934038,10.083971763477983,1.3459461302865001,2.872016440293372,15,3,False,42
permABC-SMC,145733.41375150788,5.459445808419849,1812195.0,67.8882086277008,2.07653663558437,24.02800458341698,675.6634762544116,27.63102111478544,1.2166796790438805,10.085477818641838,1.331628741424839,2.8669714289384007,15,3,False,42
permABC-SMC,145856.97115384619,5.441772001676071,1820295.0,67.91331458091736,2.0661108063200255,24.036352231445637,670.3487380860986,27.631021114785742,1.1975930973097357,10.083665907990019,1.3200385205833536,2.8605081762540054,15,3,False,42
permABC-SMC,146298.91956782714,5.437127930395791,1828005.0,67.93691349029541,2.0583706281748237,24.033909652137744,666.2175027045316,27.63102111478521,1.1832142627155995,10.083759551007896,1.3128545617032985,2.8549138930357065,15,3,False,42
permABC-SMC,220587.0736086176,8.151524770338332,1843005.0,68.10598945617676,2.0488143435885022,24.00911801269155,656.2159852116642,27.63102111468193,1.1450833518252788,10.057811875901434,1.2971852942222521,2.834532574508762,15,3,False,42
permABC-SMC,198746.38844301764,7.304795787192845,1857285.0,68.26331663131714,2.040610103654352,24.021704706892336,657.1441602599137,27.63102111470392,1.1330918688698868,10.074257707156177,1.2896210611690764,2.8340549204474734,15,3,False,42
permABC-SMC,186991.00449775113,6.827338012321659,1870845.0,68.3075168132782,2.0331572967841125,24.02169809550665,654.7762646039821,27.63102111472455,1.1174833388637708,10.080395767110124,1.2775983296384283,2.8333408277779406,15,3,False,42
permABC-SMC,176133.23983169708,6.389916996467665,1883745.0,68.34016227722168,2.024550892159307,24.030230110489537,653.1865667749131,27.63102111474517,1.1044564348559938,10.087929632013939,1.2709182709407056,2.8322417135597506,15,3,False,42
permABC-SMC,169436.99731903485,6.119151750348102,1896000.0,68.47330808639526,2.016432105542858,24.03861210577203,647.2390236702604,27.63102111474602,1.0855724379095295,10.084751085391186,1.259033932737838,2.8220833908065392,15,3,False,42
permABC-SMC,165378.41352405722,5.947368838438804,1907640.0,68.6028995513916,2.004098398599913,24.059052973826564,639.4589021125414,27.631021114748165,1.069290980868069,10.08163200306496,1.2486650707397908,2.8154336433212217,15,3,False,42
permABC-SMC,161915.1898734177,5.800030563451066,1918695.0,68.73036217689514,1.9942972424025736,24.06575845522037,633.2424072333085,27.631021114748528,1.0541623497073738,10.07684454688066,1.2371874802477458,2.806419014170052,15,3,False,42
permABC-SMC,158781.4814814815,5.659208592073417,1929195.0,68.75938439369202,1.9867872698288458,24.05801072398627,629.9145633835583,27.631021114747856,1.0381033431958342,10.07292259665447,1.2278003351929827,2.7970238439841038,15,3,False,42
permABC-SMC,157848.59584859584,5.609699745317955,1939170.0,68.91516137123108,1.9734573439860446,24.067045868092414,625.3687938611441,27.6310211147894,1.023236665145983,10.074075242285906,1.2182841933189876,2.7936381675710553,15,3,False,42
permABC-SMC,156518.07228915664,5.601573469169647,1948650.0,69.73958969116211,1.9667014427488063,24.067524216148254,621.7378492683509,27.631021114789075,1.00608417061926,10.073763050769294,1.20985282591707,2.7830068229799503,15,3,False,42
permABC-SMC,156112.44019138755,5.5647208740076195,1957650.0,69.78159976005554,1.9564543049397467,24.065351295481527,620.9182969202589,27.63102111478855,0.9907845153625068,10.079894212611501,1.2004320764053265,2.7789811933692494,15,3,False,42
permABC-SMC,155863.25802615934,5.609857549376304,1966215.0,70.76835298538208,1.9472705192955808,24.06614680521817,617.9550616662304,27.631021114788226,0.9783403535218279,10.080346329656374,1.1915716674466423,2.7768502929733265,15,3,False,42
permABC-SMC,156136.41755634637,5.662715986530127,1974345.0,71.60504364967346,1.935694232827974,24.060154858968378,612.8534999214819,27.631021114787686,0.9651705908637254,10.073344390395011,1.1827118239610566,2.7696918369715786,15,3,False,42
permABC-SMC,156005.9031877214,5.64711794802543,1982055.0,71.74663352966309,1.9266983766347465,24.068689975538792,606.9212228085769,27.631021114808565,0.9535028232602545,10.069665757646028,1.1723563556012506,2.765731913033747,15,3,False,42
permABC-SMC,230740.03466204504,8.310214747313747,1997055.0,71.92490863800049,1.9190604248499974,24.04524144356187,608.3363941900795,27.631021114746535,0.9174110457932863,10.08568321503151,1.16675790034925,2.7680146684284685,15,3,False,42
permABC-SMC,218382.73615635184,7.827122203690223,2011305.0,72.08779549598694,1.9068887385492848,24.048071456922475,606.9442718919724,27.6310211147471,0.9099302308724568,10.089415153114636,1.1613349169026936,2.7673440229813946,15,3,False,42
permABC-SMC,204530.30303030304,7.297514520510279,2024850.0,72.24539375305176,1.8937137476774974,24.054250563472216,604.474815568318,27.63102111474737,0.8975640372854699,10.093286008374523,1.154670273392544,2.766940145798667,15,3,False,42
permABC-SMC,191874.29378531073,6.805842946478203,2037705.0,72.27805209159851,1.8861439905063986,24.056166714143085,600.9217590429625,27.631021114747153,0.8849852846980931,10.092661408720902,1.1478791492531746,2.760717574448952,15,3,False,42
permABC-SMC,186950.75239398086,6.603635482683717,2049915.0,72.40886306762695,1.8767089505465806,24.05748898435209,598.8785613575362,27.63102111474731,0.8749481903994768,10.095523440556745,1.1411649282422187,2.7575482811003122,15,3,False,42
permABC-SMC,180834.2105263158,6.3664275303221585,2061510.0,72.57727384567261,1.8685579322705863,24.06020207313562,597.5549570759573,27.631021114747515,0.8617064649902758,10.099633753811887,1.1293909121400503,2.752070946448588,15,3,False,42
permABC-SMC,178742.56144890038,6.263051335284195,2072520.0,72.62008023262024,1.8603799233204685,24.077333113813594,592.3426725471331,27.631021114769823,0.849881930205061,10.096285569515283,1.1225145390314673,2.7437989236288987,15,3,False,42
permABC-SMC,176001.26742712295,6.138572281908778,2082975.0,72.65000295639038,1.853550620303408,24.075037047745603,591.2120316095497,27.631021114769165,0.8390929553156437,10.099673085175024,1.1146255172581832,2.7407936366417185,15,3,False,42
permABC-SMC,173973.81546134662,6.0507758498092725,2092905.0,72.79083347320557,1.8492268419210887,24.07260868713154,587.7748097278505,27.631021114789448,0.8277344594982039,10.098202406530081,1.1056494802700478,2.7405485938362975,15,3,False,42
permABC-SMC,171759.80392156864,6.027376359584286,2102340.0,73.77508664131165,1.8417970595243365,24.070175733376097,584.8452618533133,27.631021114789345,0.8163242198854905,10.097683769177133,1.0955128835299461,2.731803925754645,15,3,False,42
permABC-SMC,171440.9257003654,6.070407212288748,2111295.0,74.75706481933594,1.8298218271318791,24.060096108771504,583.0774499895591,27.63102111478859,0.8043329424044147,10.096638100292695,1.0864263221290362,2.725881417998911,15,3,False,42
permABC-SMC,170677.53623188406,6.022522165387533,2119815.0,74.79972529411316,1.8213444574298978,24.063206067276944,581.4318626713841,27.63102111480939,0.7954522494600699,10.09786287074234,1.0820238251155296,2.7223630703792288,15,3,False,42
permABC-SMC,170504.80769230772,5.995973104085678,2127900.0,74.82974433898926,1.811374273050986,24.06793944754935,578.471792790931,27.631021114809542,0.7814551777764478,10.101251088889606,1.0699301517402775,2.7170232682605477,15,3,False,42
permABC-SMC,170709.83213429255,5.994077799893874,2135580.0,74.98591327667236,1.8033310467091699,24.06587458374959,574.4429754302494,27.631021114809116,0.7670204121778383,10.096617263033204,1.0580370997510171,2.707689061314535,15,3,False,42
permABC-SMC,272053.13092979125,9.510118579804182,2150580.0,75.17748737335205,1.793343610739876,24.027842534915898,574.7825389480548,27.631021114766632,0.739496703046018,10.10120232873719,1.0393060255523117,2.698212345923227,15,3,False,42
permABC-SMC,245863.71379897784,8.557839396323486,2164830.0,75.3517758846283,1.7858676940492109,24.03339961572597,574.1638739589882,27.631021114767517,0.7290035830761578,10.108327791261056,1.031050186104074,2.695201631547278,15,3,False,42
permABC-SMC,228339.62264150937,7.903268577167822,2178360.0,75.39718222618103,1.7772393990330233,24.032305171418024,571.2990418407003,27.63102111476707,0.7180509935423817,10.1074336065655,1.0201908025339803,2.6873212718232056,15,3,False,42
permABC-SMC,211710.14492753622,7.288045053896697,2191200.0,75.43126630783081,1.7707419576116703,24.031957877971013,567.1049510808748,27.631021114766643,0.7069526422813178,10.1008205996736,1.0127739779068576,2.678997535939757,15,3,False,42
permABC-SMC,203737.86407766992,6.977513031556107,2203425.0,75.4618034362793,1.7646303885044385,24.046734256232035,565.8074158011227,27.631021114808835,0.6994385574325144,10.107590463635908,1.0064156808402507,2.6750410604615635,15,3,False,42
permABC-SMC,198479.8387096774,6.764462451353722,2215035.0,75.49140095710754,1.756637370449161,24.041915646286526,563.2860848439223,27.631021114808348,0.6905046686472444,10.105765325239568,0.999500696121926,2.6723862805168603,15,3,False,42
permABC-SMC,194246.0732984293,6.600842155503145,2226060.0,75.64565110206604,1.7521353482480593,24.053535788473397,564.3573046713296,27.631021114809446,0.6750909721616055,10.12616201717046,0.9888148430763902,2.670088753825781,15,3,False,42
permABC-SMC,191403.080872914,6.487464904785156,2236545.0,75.80602741241455,1.7428604330005453,24.063407080199397,563.2968668290358,27.63102111481019,0.6675618050605097,10.133356399937638,0.9822439187984809,2.6684544322613513,15,3,False,42
permABC-SMC,189340.0758533502,6.392304825973671,2246520.0,75.84469676017761,1.7376247795628514,24.063203836569592,562.112042402986,27.63102111481043,0.6585904467136725,10.135770613843636,0.9732965112611578,2.6650439861924258,15,3,False,42
permABC-SMC,188708.90840652448,6.427086092646976,2256015.0,76.8358142375946,1.7296547450245676,24.06135511572802,557.7991777331904,27.631021114810377,0.6495239757033723,10.13005165154744,0.9648917593695774,2.6586116104202415,15,3,False,42
permABC-SMC,187580.12422360247,6.44794319974216,2265030.0,77.8589141368866,1.721778939393882,24.06549458641684,558.2027272517879,27.631021114810217,0.6441432758581223,10.139652144605542,0.9560454385280369,2.6606278665657848,15,3,False,42
permABC-SMC,187358.4672435105,6.427731020832729,2273595.0,78.00051593780518,1.7141151377632224,24.076304282475313,554.0480213869396,27.63102111483137,0.6371853113320863,10.138208789759492,0.9486385758338511,2.656771219448433,15,3,False,42
permABC-SMC,186644.17177914112,6.3836497909452286,2281725.0,78.04011869430542,1.7073887505305265,24.082752263004295,548.1333950461037,27.63102111483197,0.6306100511911834,10.12881872237708,0.940945141203216,2.647876983692321,15,3,False,42
permABC-SMC,186134.14634146343,6.356919625910319,2289450.0,78.1901113986969,1.7025545215895712,24.080487938323213,544.554638180022,27.63102111483159,0.6214801621045262,10.121851709790487,0.9324296087615995,2.6408865552313916,15,3,False,42
permABC-SMC,288778.1954887218,9.82221149860468,2304450.0,78.38124775886536,1.6972611787631584,24.075010693912823,537.9870742956055,27.63102111479141,0.5892233783723309,10.124051752990347,0.9174911913444344,2.6366076280922037,15,3,False,42
permABC-SMC,261114.8648648649,8.831687097076898,2318700.0,78.42538142204285,1.6900535815621847,24.074189429626706,536.8700028556295,27.631021114791178,0.5803735775562803,10.1286872470684,0.9120137687465024,2.6350264315719056,15,3,False,42
permABC-SMC,245628.75197472348,8.276860446538215,2332245.0,78.58878993988037,1.6824448074751308,24.067081395440944,535.5648588877641,27.631021114790407,0.5700891872881628,10.129219820963115,0.9083980717620396,2.630645920900403,15,3,False,42
permABC-SMC,234744.74474474473,7.885113492742315,2345100.0,78.77228379249573,1.6748215634161545,24.0714905426553,531.9534632979629,27.63102111479134,0.5608267255800461,10.124722529360211,0.9011351777556006,2.627264584912078,15,3,False,42
permABC-SMC,224828.3261802575,7.517103609950076,2357325.0,78.81683135032654,1.6667605997520534,24.07748663756931,530.5834751418262,27.631021114791643,0.5507037168886814,10.132113914212791,0.890825635193508,2.6241023735197055,15,3,False,42
permABC-SMC,219345.83333333337,7.309684046992551,2368935.0,78.94458770751953,1.6615468327121705,24.09238240982345,526.686039436486,27.631021114813,0.5424803186050112,10.131346713513611,0.8851659253491856,2.6211199774165084,15,3,False,42
permABC-SMC,214991.8699186992,7.145056728855812,2379960.0,79.09577798843384,1.6524509942052803,24.09723354322516,523.6951088417591,27.631021114813702,0.536452815478368,10.132590639045645,0.8764442245188814,2.617776342831727,15,3,False,42
permABC-SMC,211917.55319148937,7.025344595841482,2390430.0,79.24588704109192,1.6469469619523227,24.100937664454364,521.6074523321165,27.63102111481363,0.5313935888706015,10.134167007066141,0.8694620886567513,2.612947922453529,15,3,False,42
permABC-SMC,209456.8062827225,6.9896306458984165,2400375.0,80.10116720199585,1.6391124513020074,24.106149531861462,520.1102307962451,27.6310211148144,0.5239197855763377,10.13734727357107,0.8625901796131189,2.6107936911855214,15,3,False,42
permABC-SMC,207563.30749354008,6.913289974518216,2409810.0,80.2632966041565,1.6325054552117548,24.104793954037156,517.8212609823333,27.631021114814146,0.516157586291929,10.13740734304841,0.8553976844338749,2.6081294302238773,15,3,False,42
permABC-SMC,206467.34955185658,6.865064211498201,2418765.0,80.42422723770142,1.623270232141741,24.11613463873006,517.7956491463106,27.63102111483531,0.5126555006323498,10.148083724103648,0.8516298427208241,2.6102848783884713,15,3,False,42
permABC-SMC,205092.52217997465,6.8794603230936096,2427270.0,81.41841292381287,1.6168281894130543,24.115432239521112,515.1168074889532,27.631021114855695,0.5034219273249614,10.1473744753189,0.8441481382881377,2.6061236430321095,15,3,False,42
permABC-SMC,203964.824120603,6.905162134761586,2435340.0,82.44763588905334,1.609310288390757,24.11876065091742,513.2735103125135,27.63102111485562,0.4924903789322299,10.150475979254564,0.8329612676744438,2.601958393766204,15,3,False,42
permABC-SMC,203583.75,6.943077007929484,2443005.0,83.31692409515381,1.6017814133421289,24.127301500177914,512.2937277624329,27.631021114855926,0.482793359072217,10.157863335301096,0.8222181654793601,2.601529506079265,15,3,False,42
permABC-SMC,313321.223709369,10.64642167076174,2458005.0,83.52117800712585,1.5934302865126906,24.10573077316564,514.577252271572,27.631021114855066,0.47197748968574044,10.17050777242293,0.8255410313696409,2.6058376844754485,15,3,False,42
permABC-SMC,286142.3611111112,9.68616522020764,2472270.0,83.688467502594,1.5878269719796223,24.1106214662899,513.7476226203373,27.631021114855976,0.4683534933908632,10.176669435795505,0.8223111231764119,2.606300729210259,15,3,False,42
permABC-SMC,268156.9579288026,9.058544602337522,2485815.0,83.97270846366882,1.5795432723090106,24.12108837562768,513.2119052275327,27.63102111485689,0.4602729874199557,10.187523764894754,0.8147199199888707,2.6065264394718755,15,3,False,42
permABC-SMC,253159.57446808505,8.523838425842099,2498685.0,84.13028526306152,1.5721765877147114,24.145047443917434,508.84111898169505,27.631021114899855,0.4539352053438414,10.186920066214492,0.8092124615814277,2.603243624209275,15,3,False,42
permABC-SMC,244014.57725947516,8.190062280067316,2510910.0,84.2757408618927,1.5633481239686204,24.14209422732513,506.60648920789055,27.631021114899372,0.44850425111915343,10.183996020167264,0.8030671158835523,2.601737447745942,15,3,False,42
permABC-SMC,233891.51599443672,7.826610047009238,2522520.0,84.40998935699463,1.558309814986027,24.13498628514594,505.6272479018405,27.631021114898754,0.44287427863669687,10.186757832798888,0.7985392101582518,2.5985696035060952,15,3,False,42
permABC-SMC,229490.48913043478,7.657638105793276,2533575.0,84.54032468795776,1.5524873087766144,24.140345412239455,504.14434542502227,27.631021114898726,0.44007440264624914,10.187466159860552,0.7934943216814369,2.597196740274796,15,3,False,42
permABC-SMC,227355.22788203752,7.642925989425427,2544105.0,85.52434182167053,1.5459844439341768,24.140057748718135,503.6706956786884,27.631021114898324,0.43345113405726005,10.190509080665564,0.7875969693025283,2.5963947178303943,15,3,False,42
permABC-SMC,224634.56464379944,7.609448772621657,2554095.0,86.51943254470825,1.5378466921641938,24.1413272096729,501.9928278315856,27.631021114898257,0.4281273662681019,10.192895419706701,0.7827455003877949,2.5968258385882925,15,3,False,42
permABC-SMC,223697.6439790576,7.561838585252745,2563575.0,86.65867018699646,1.530914006875673,24.13702400430107,499.8644923951333,27.631021114897827,0.42342465146220487,10.191517307756149,0.7756051946301171,2.59606307735646,15,3,False,42
permABC-SMC,223024.70741222368,7.515518252964292,2572590.0,86.69150304794312,1.5258873055558975,24.13103653573149,498.2022210466811,27.63102111489725,0.4181432862112276,10.18988359939734,0.7680415048736785,2.5922151791182513,15,3,False,42
permABC-SMC,222609.3143596378,7.487329443552824,2581155.0,86.815584897995,1.5204617843290433,24.135458990883784,494.68200980917425,27.631021114897578,0.4139351787916399,10.184189961749283,0.7622720853541912,2.58762392184082,15,3,False,42
permABC-SMC,221590.50064184854,7.440415048986916,2589285.0,86.94124984741211,1.5134110291753227,24.1380409265224,492.44928440681446,27.63102111489757,0.4089326468992811,10.183658145888614,0.7573095639482789,2.5847391672330016,15,3,False,42
permABC-SMC,220832.9081632653,7.406364431997546,2596995.0,87.09884572029114,1.5043795402075357,24.152861364503238,492.9742375259842,27.631021114898303,0.4065663850731526,10.197866206972657,0.752366702136508,2.5854341107699925,15,3,False,42
permABC-SMC,347570.85828343313,11.611482736989805,2611995.0,87.2602927684784,1.4998647765583943,24.106342113462244,485.67708642530283,27.631021114813382,0.37316076003856474,10.168466347402397,0.7282762952595057,2.5721235753230323,15,3,False,42
permABC-SMC,308244.71830985916,10.246699628695636,2626245.0,87.30188083648682,1.4940181245046407,24.10829521376079,484.4134477361871,27.63102111481328,0.36527110671837504,10.172821607496756,0.7194130850664942,2.569886821292091,15,3,False,42
permABC-SMC,292333.8870431894,9.685682537547773,2639775.0,87.4617133140564,1.4881317929855598,24.105148202369314,482.71385488865553,27.631021114812704,0.3604076079252148,10.171116271355494,0.7140394684937852,2.565825534718792,15,3,False,42
permABC-SMC,281593.949044586,9.288654028736609,2652615.0,87.49912095069885,1.481065795144932,24.095642006010493,480.7108968708611,27.631021114811784,0.35248131789991605,10.166257008366998,0.7043162979482525,2.5621631452328937,15,3,False,42
permABC-SMC,269993.92097264435,8.868294815403589,2664840.0,87.53006982803345,1.4741629320093885,24.09461460426845,479.49881166581184,27.631021114811368,0.34874408756665515,10.167880377267524,0.697810143912205,2.560197665802968,15,3,False,42
permABC-SMC,259345.9302325582,8.484485144763031,2676450.0,87.55988669395447,1.4686728669374651,24.103914062504955,478.24603043515765,27.63102111481202,0.34743680209194483,10.17042719196083,0.6948157245324098,2.559345348993465,15,3,False,42
permABC-SMC,252700.9873060649,8.23587003760793,2687475.0,87.58847784996033,1.4603739335702124,24.105520566555043,476.1164590216846,27.63102111483261,0.34376530201151806,10.169992634821675,0.6923399886659768,2.558381297563653,15,3,False,42
permABC-SMC,247064.56043956045,8.032406577260502,2697945.0,87.71387982368469,1.4535862855254829,24.113816737154398,475.5100003446179,27.631021114832986,0.33991109153449517,10.17655027129708,0.6866264054187242,2.5581125629170276,15,3,False,42
permABC-SMC,245613.60544217686,7.958716654182832,2707890.0,87.74485111236572,1.4498166997971227,24.111509151324167,473.2473060471544,27.631021114832404,0.33342767861251893,10.17189369747423,0.6816069329207683,2.553216420797179,15,3,False,42
permABC-SMC,243487.90322580645,7.873625951855841,2717325.0,87.86966562271118,1.4452137649598626,24.110015517190078,470.6590155033275,27.63102111483191,0.32972269929551445,10.164006540055734,0.6771353278312107,2.5478192429296294,15,3,False,42
permABC-SMC,240731.12582781457,7.761548191769497,2726280.0,87.89953327178955,1.438595483870939,24.126128328397094,469.62027024697505,27.631021114833185,0.3243406324808772,10.167146614059526,0.6690751038972889,2.5486651331995955,15,3,False,42
permABC-SMC,239263.77952755906,7.701166157960266,2734785.0,88.02432918548584,1.4333233544608404,24.12930878365153,467.1409610469078,27.631021114833448,0.3199303754376708,10.164855860991063,0.6633315865841083,2.5479043392648695,15,3,False,42
permABC-SMC,239028.75816993462,7.673487860652616,2742855.0,88.05327320098877,1.4269181310616992,24.123861722954373,466.1444251059942,27.63102111483309,0.31567618941965503,10.163119039108006,0.6552197346946779,2.5444831649390074,15,3,False,42
permABC-SMC,238760.41666666666,7.645632595651679,2750520.0,88.07768750190735,1.420587581237313,24.116185829781912,463.2269545603235,27.63102111483243,0.3105196668461322,10.156486775274022,0.6481187165830519,2.5414222101475104,15,3,False,42
permABC-SMC,384901.878914405,12.282147769224501,2765520.0,88.24723172187805,1.4143867382978743,24.10157401493512,466.75683945188507,27.631021114812224,0.29291656414351397,10.184505919915928,0.6371635048202114,2.543923456116316,15,3,False,42
permABC-SMC,355021.07279693487,11.3897193589582,2779815.0,89.1815025806427,1.4097862489029531,24.091387399998936,467.6182628913632,27.6310211148114,0.28959368980982453,10.19327468961663,0.6321378602930373,2.5441898103522806,15,3,False,42
permABC-SMC,331364.7686832739,10.691537127376025,2793405.0,90.12965798377991,1.403744014635616,24.087959204299636,466.3912495569539,27.631021114811325,0.28388301005551536,10.193233442485443,0.6251963084670893,2.5419969910028493,15,3,False,42
permABC-SMC,313906.0402684564,10.176254038842732,2806320.0,90.97571110725403,1.400630348914302,24.108961332953854,464.58487780211965,27.63102111485455,0.2805356567872825,10.19740803403569,0.6203339743328733,2.539824079251231,15,3,False,42
permABC-SMC,302099.6784565916,9.842820106211967,2818590.0,91.83351159095764,1.3964710614929214,24.106641469105185,462.4923798033051,27.631021114854786,0.27568080148245216,10.193300918744544,0.6134642434708794,2.53380599394223,15,3,False,42
permABC-SMC,294357.2542901716,9.655124547267047,2830245.0,92.83402252197266,1.391282912470404,24.111493915032703,461.49480510140984,27.63102111485474,0.2708210606104466,10.19642488264759,0.6073489511567794,2.533850635423764,15,3,False,42
permABC-SMC,290523.00613496924,9.594927268038008,2841315.0,93.83838868141174,1.3871351577671498,24.118745999211896,459.73239766038773,27.631021114855375,0.27000719015772484,10.197236586630341,0.6055269378719021,2.534614797796006,15,3,False,42
permABC-SMC,282919.64285714284,9.408669291980683,2851830.0,94.83938646316528,1.3823972949165497,24.121341956905482,459.32310229753443,27.631021114855177,0.2673708940683153,10.204712129455805,0.5995178689216364,2.535691560642878,15,3,False,42
permABC-SMC,276507.24637681164,9.246315840937665,2861850.0,95.69936895370483,1.3777601125762229,24.123957145250653,457.4406001358938,27.631021114855,0.2665160852225511,10.203818857086068,0.6004060635727314,2.533891205068403,15,3,False,42
permABC-SMC,272683.7606837607,9.183460875906949,2871360.0,96.70184302330017,1.3741484705409936,24.133206731764247,456.8001603991075,27.631021114896644,0.26146569511634027,10.211073019895194,0.5928303319037524,2.5335419252484175,15,3,False,42
permABC-SMC,270840.6205923836,9.187259907222545,2880390.0,97.70650911331177,1.3684644133631665,24.142117404041326,453.4345971134143,27.631021114896868,0.2572879902335155,10.203413673551639,0.5841783424653,2.5296955059503077,15,3,False,42
permABC-SMC,268615.0627615063,9.099642502214122,2888955.0,97.86665511131287,1.3643373016886964,24.15355513435408,451.981363035326,27.631021114897408,0.2547688669001949,10.209455784997362,0.5786358756396285,2.5285343697512332,15,3,False,42
permABC-SMC,265300.8241758242,8.964507527403779,2897085.0,97.89242219924927,1.3597302179895308,24.156486575934814,451.3202490134803,27.631021114897443,0.25216668035140544,10.215673538516837,0.5747480555604947,2.5292642127165497,15,3,False,42
permABC-SMC,263832.4250681199,8.904758569438496,2904795.0,98.04139184951782,1.352165257667568,24.16055540150962,449.5256061526847,27.631021114897376,0.2533456661421791,10.213019727490304,0.5739485778246991,2.5285915851733596,15,3,False,42
permABC-SMC,397251.02040816325,13.36047581263951,2919795.0,98.19949722290039,1.3470392179331347,24.137738517541422,451.3859536779256,27.631021114897,0.23864268629117844,10.223314962758735,0.574633354359539,2.5336582273543624,15,3,False,42
permABC-SMC,375437.6199616123,12.583157959765376,2934045.0,98.3373794555664,1.341309622286107,24.1407410404303,452.0982232293322,27.631021114897056,0.23684056045709773,10.23201772360322,0.5702193299775773,2.5333827485670946,15,3,False,42
permABC-SMC,351534.88372093014,11.743980486192513,2947620.0,98.47327637672424,1.3373428924943547,24.135320410670182,452.2852010482663,27.631021114896445,0.22978316196406612,10.239728408044721,0.5613848121329378,2.5337271409777786,15,3,False,42
permABC-SMC,342057.1923743501,11.39691921412635,2960505.0,98.64033579826355,1.331558718667349,24.134073656717227,451.79685706417513,27.63102111489603,0.2269067280091515,10.242843814157183,0.5601043736116657,2.5329183605805072,15,3,False,42
permABC-SMC,327041.25412541255,10.957923842997703,2972805.0,99.60752773284912,1.326664444907433,24.136923354920754,450.03707579023865,27.631021114896466,0.22392671250196805,10.243680716127233,0.5560364576226637,2.531200642537822,15,3,False,42
permABC-SMC,319882.63665594853,10.780618505079264,2984505.0,100.58317065238953,1.3223654783836738,24.14079131154977,448.6353425149963,27.631021114896463,0.22003536836258314,10.244875244866188,0.551149644487452,2.5309286643844446,15,3,False,42
permABC-SMC,311558.5023400936,10.55135169006919,2995635.0,101.45124650001526,1.3179282168610738,24.137692026543277,446.19753317455957,27.63102111489616,0.2181389128140106,10.239421022429747,0.5476754636683788,2.5283244859360234,15,3,False,42
permABC-SMC,305507.6219512195,10.41152094437824,3006195.0,102.44936609268188,1.3142009963101748,24.13866468903143,446.32368273662775,27.631021114896676,0.21453508310830643,10.2461892629914,0.5414665893102965,2.5259640326055224,15,3,False,42
permABC-SMC,302386.4661654135,10.368344969020448,3016305.0,103.424241065979,1.3089635995213025,24.15973660420505,442.7412347880727,27.63102111489851,0.21302956267789755,10.241048636314977,0.5368449503537359,2.521800091636408,15,3,False,42
permABC-SMC,301089.552238806,10.375789908034292,3025950.0,104.27668857574463,1.3067440926440905,24.155537950354162,443.43820720244054,27.631021114898008,0.20875516093661053,10.248828170688084,0.5272341929424361,2.522690032240694,15,3,False,42
permABC-SMC,296686.2170087976,10.291219736474,3035100.0,105.27917790412903,1.3014213755066666,24.159559298945613,442.44988605240394,27.631021114898257,0.20571836134855392,10.251176660254822,0.5207885872580944,2.521583179707743,15,3,False,42
permABC-SMC,291134.8637015782,10.153084904995904,3043815.0,106.15050268173218,1.29661161745875,24.161912686308767,439.6493408194208,27.631021114898044,0.2038025192082471,10.243129082805362,0.5175406510689626,2.5195938301881506,15,3,False,42
permABC-SMC,290261.05563480745,10.177417329760093,3052095.0,107.01554322242737,1.2916561630363295,24.14760918635915,438.77507309079607,27.63102111489719,0.2025881950561848,10.242514670605154,0.5159623842630388,2.520357117713395,15,3,False,42
permABC-SMC,287724.9647390691,10.157891086529945,3059955.0,108.02917170524597,1.2886367915966908,24.142451299990213,437.82810256703476,27.631021114896615,0.19955244622268078,10.245131237107294,0.5109945453594249,2.520127558047413,15,3,False,42
permABC-SMC,440853.7634408602,15.51441206299703,3074955.0,108.2130241394043,1.283819434151811,24.128373664128052,434.8194867499627,27.631021114875182,0.18984895470232485,10.225474446215093,0.5049945160803755,2.516075775609085,15,3,False,42
permABC-SMC,410252.98804780876,14.393186885838805,3089205.0,108.38069725036621,1.279549014302399,24.156594931008513,433.0221469880354,27.63102111487875,0.18755925490109923,10.229663012009393,0.4969712278208025,2.51620921320798,15,3,False,42
permABC-SMC,388817.66917293234,13.601659025464738,3102765.0,108.54123902320862,1.2768846131529386,24.156089577266513,431.85617883374044,27.631021114878607,0.1867503663374156,10.22791166047446,0.4916956861065932,2.51619620524043,15,3,False,42
permABC-SMC,371572.4508050089,12.948597593540649,3115635.0,108.57399082183838,1.2726204939618984,24.15597626990883,431.42188456621716,27.631021114878223,0.1851706336907627,10.232781736915722,0.48482301404484157,2.5175220476337428,15,3,False,42
permABC-SMC,362652.1739130435,12.59186103378517,3127875.0,108.6048014163971,1.2672085832761915,24.165902294749184,430.47942567356347,27.63102111487856,0.1848034605032684,10.235351649658444,0.4839738741287842,2.5184614865979733,15,3,False,42
permABC-SMC,350005.01672240807,12.217208719838293,3139545.0,109.58836221694946,1.2610976817063697,24.17173705406816,427.9440058948844,27.631021114878774,0.18193631501580357,10.228681156430564,0.4775782219692646,2.5167641726388723,15,3,False,42
permABC-SMC,343767.59410801966,12.052250454741882,3150630.0,110.45887541770935,1.2579157095372178,24.165173097300602,427.13599144474995,27.631021114878063,0.18015796538294124,10.226718474458801,0.4753499852562666,2.5149577155322023,15,3,False,42
permABC-SMC,339362.3188405797,11.876700811340037,3161160.0,110.63146805763245,1.2529227884628948,24.168352698684302,427.3492722211844,27.63102111487829,0.17928405178905046,10.233661303490035,0.47033135229365114,2.5156753070597597,15,3,False,42
permABC-SMC,335042.78922345483,11.693098453132803,3171180.0,110.67517685890198,1.2498549468222147,24.159760250460348,426.2562176264643,27.631021114877868,0.1764630206993624,10.231195161175975,0.46732843023405146,2.516235420659193,15,3,False,42
permABC-SMC,331323.4375,11.633811319867771,3180705.0,111.68458867073059,1.245227642647073,24.159755269717202,425.3177012061633,27.631021114877576,0.17622072369839514,10.23005626010098,0.4630593755356609,2.5155731942442614,15,3,False,42
permABC-SMC,328168.2098765432,11.598739555343188,3189795.0,112.73974847793579,1.2397846061423603,24.167119893431636,425.3644746677381,27.631021114898335,0.17603850678996563,10.23593353954049,0.458191677864372,2.516300188914046,15,3,False,42
permABC-SMC,326041.28440366976,11.58208788717194,3198465.0,113.62028217315674,1.2338875060218666,24.168788637748115,422.97379945083196,27.63102111489847,0.17399365924456378,10.229484131139927,0.4545769113589463,2.515329628962721,15,3,False,42
permABC-SMC,322930.5135951662,11.549275759363704,3206700.0,114.68430829048157,1.2314942066684023,24.15024853509265,422.0665836463566,27.631021114897433,0.17141943679543395,10.227869558323178,0.45226998298057064,2.5100664795841,15,3,False,42
permABC-SMC,320809.8802395209,11.549934869754813,3214515.0,115.73034739494324,1.2263156788850307,24.167419883978226,420.1457586125506,27.631021114919932,0.17189293633638375,10.222987821772017,0.44920755273836127,2.5085955188193534,15,3,False,42
permABC-SMC,534245.6575682382,19.15524082799112,3229515.0,115.7934308052063,1.2221959622711895,24.156467330911738,418.1775823342041,27.631021114856956,0.15457733333900545,10.220499912644934,0.4400622731644459,2.5055134707698707,15,3,False,42
permABC-SMC,501742.4593967517,17.91658958352451,3243765.0,115.83075165748596,1.218368609564964,24.159535168577285,416.597465726623,27.631021114856857,0.15624168491403756,10.216614150821483,0.4412876541198583,2.503841468735199,15,3,False,42
permABC-SMC,471049.89154013013,16.774822781246293,3257310.0,115.99789953231812,1.2142196681825137,24.157331242145744,415.4337267698735,27.631021114856576,0.15375161178680444,10.21446754180522,0.4353357162162163,2.5004757366434016,15,3,False,42
permABC-SMC,446743.85245901643,15.867620543704009,3270165.0,116.15098237991333,1.210373860820735,24.15127657530073,414.04722643283446,27.631021114855912,0.15491205398701963,10.210613826552564,0.4354027221238076,2.4995976166389613,15,3,False,42
permABC-SMC,431615.3846153846,15.295929378933378,3282435.0,116.32554292678833,1.2074355666590975,24.16144483066613,413.20844637969697,27.63102111485663,0.15632133281175728,10.21395009502375,0.43467088718689406,2.499244125791238,15,3,False,42
permABC-SMC,414354.71698113205,14.745376964785018,3294120.0,117.2257468700409,1.20353619766104,24.18070661525403,413.530661309303,27.63102111487906,0.15776694211774867,10.238264022797049,0.43009803479260017,2.5031706229318784,15,3,False,42
permABC-SMC,401367.9417122039,14.362617022497549,3305265.0,118.27615118026733,1.2004067977759634,24.201849953206604,413.65432817008616,27.63102111488007,0.15367506762496339,10.255950408624036,0.42104864119209984,2.5083798776509534,15,3,False,42
permABC-SMC,391251.3274336283,14.080145000356488,3315855.0,119.32922887802124,1.1945847545753918,24.203918274470638,411.9743879103429,27.63102111487969,0.1525952752739176,10.25547036134588,0.4194401444800265,2.506080333854991,15,3,False,42
permABC-SMC,382948.1865284975,13.861996865368607,3325905.0,120.39144277572632,1.1905154406949752,24.232587714130993,411.0475006766417,27.63102111492331,0.1455268840631609,10.274315020383606,0.4060570563667355,2.5106335241762867,15,3,False,42
permABC-SMC,375614.86486486497,13.676129885621975,3335460.0,121.44403338432312,1.1862063111232253,24.247153842698495,410.5559389368338,27.631021114945156,0.14573021399390815,10.280507977258607,0.4035167083080042,2.5119306766858758,15,3,False,42
permABC-SMC,370380.39867109637,13.566408284082762,3344535.0,122.50466680526733,1.1828853308815463,24.244840440503587,409.4968785628206,27.631021114945334,0.1448502886469395,10.27854137216534,0.3983511133012563,2.509731526027685,15,3,False,42
permABC-SMC,367067.3234811166,13.510069197230345,3353160.0,123.41448211669922,1.1806287291852158,24.226149084225167,409.2218484207648,27.63102111494431,0.1380689388534261,10.280127918953681,0.3895042015273278,2.506437177134063,15,3,False,42
permABC-SMC,362019.38610662357,13.408111049465164,3361350.0,124.49431109428406,1.1781974784114075,24.239111815612745,406.43891351245406,27.631021114966334,0.1357254114513503,10.271579723673296,0.3812251257176326,2.5024484650112178,15,3,False,42
permABC-SMC,357657.64331210195,13.312643854987595,3369135.0,125.40510511398315,1.1742427140644625,24.246659109283176,404.726345874912,27.63102111496713,0.13528783227085953,10.269426450148705,0.38184386072396875,2.5011049162035106,15,3,False,42
permABC-SMC,537164.2857142857,19.938508442470006,3384135.0,125.61260318756104,1.1683893042606655,24.228279601414947,401.3791894142706,27.631021114925574,0.12300810571072375,10.257748233110506,0.3794179738689691,2.4988666053714965,15,3,False,42
permABC-SMC,499035.24229074887,18.470804736827787,3398430.0,125.78618025779724,1.165580122034957,24.23286273681248,400.84087032660557,27.63102111492613,0.1223656526519797,10.263204969993714,0.3761716217135096,2.4987358772790866,15,3,False,42
permABC-SMC,464222.44897959183,17.259084870215176,3412035.0,126.85427379608154,1.1612537812892203,24.234211931734478,400.16730048758757,27.631021114926135,0.1200802577382461,10.265971001599688,0.37296099024304424,2.497259995641262,15,3,False,42
permABC-SMC,444221.7898832685,16.477484894788372,3424950.0,127.04140853881836,1.1589981142504273,24.238020633668377,399.93787219808803,27.63102111494765,0.11788255080453726,10.274579242495777,0.3694343552147841,2.498008377102787,15,3,False,42
permABC-SMC,433994.3181818182,16.15695995513839,3437235.0,127.96312284469604,1.156834838022245,24.234160462016764,397.3573335456341,27.631021114947075,0.11112076043774338,10.269556813784632,0.36129011914233483,2.495281650841619,15,3,False,42
permABC-SMC,421111.72161172156,15.629884466001256,3448905.0,128.0087537765503,1.1506110614163947,24.235526023221688,397.1802077502666,27.631021114947295,0.11299066835136672,10.272770010712208,0.3621320522156969,2.49548050104763,15,3,False,42
permABC-SMC,402558.4642233858,14.91261624263566,3459990.0,128.1739366054535,1.1445955102628826,24.22373141287997,396.4446381086357,27.631021114946492,0.11065029800842825,10.273552572401758,0.3556336373239594,2.4952230016440797,15,3,False,42
permABC-SMC,393484.693877551,14.63509392576153,3470535.0,129.08152842521667,1.1397487906343942,24.229750205263183,395.62263380431676,27.631021114946453,0.11091715040853874,10.277010886458338,0.3539146800434019,2.496266717392595,15,3,False,42
permABC-SMC,388020.0668896322,14.510937438760715,3480540.0,130.1631088256836,1.1365937787583076,24.22424801055383,395.78002482319613,27.631021114945742,0.11277378434096243,10.28023267091454,0.3549287922201105,2.495212425962109,15,3,False,42
permABC-SMC,383311.36738056014,14.3003697843096,3490050.0,130.20486688613892,1.1340583177085508,24.220042781977394,394.3082651024531,27.631021114945767,0.1124558124405368,10.27626519926831,0.35351724501612114,2.493193938941275,15,3,False,42
permABC-SMC,376854.60420032305,14.120395246473896,3499095.0,131.10786986351013,1.1299588406682033,24.216687922707994,393.4838812725674,27.631021114945444,0.11282787618234594,10.275512236672208,0.35232773803875816,2.4932913655569884,15,3,False,42
permABC-SMC,367683.96226415085,13.855536978699623,3507705.0,132.18182277679443,1.1249412516574706,24.216314342048722,392.5969276067164,27.631021114945046,0.1146536745998354,10.273840731144732,0.35068592205660565,2.492431391293194,15,3,False,42
permABC-SMC,362275.11591962905,13.730741959758054,3515880.0,133.2568507194519,1.1213571066035246,24.216009614933864,391.8648980701663,27.631021114944758,0.11543563206172733,10.276469193307312,0.3525520270303026,2.4948370726247093,15,3,False,42
permABC-SMC,360843.3179723502,13.74098826113934,3523635.0,134.18075037002563,1.1159488752525055,24.22309636573052,390.15442662124156,27.631021114965726,0.11664976841643078,10.272566056696444,0.35193080111574804,2.494516372935093,15,3,False,42
permABC-SMC,586838.3084577115,22.262639746341737,3538635.0,134.24371767044067,1.1117540158387307,24.220016407625927,389.24611104569084,27.631021114904346,0.10305205102035186,10.267705171903536,0.342216140203675,2.4927788995739517,15,3,False,42
permABC-SMC,543259.1743119266,20.553619562668175,3552915.0,134.42067193984985,1.1088779068199852,24.220537777556775,387.43734576233896,27.63102111490425,0.0989830402778223,10.265487830096118,0.33819028013716607,2.491609462017634,15,3,False,42
permABC-SMC,510225.321888412,19.23654843468182,3566475.0,134.4634735584259,1.1033845514427483,24.2174110798606,387.5896471864268,27.631021114924295,0.09766898933188312,10.272553746665702,0.3345526973502091,2.4936164356797432,15,3,False,42
permABC-SMC,488981.5573770492,18.373744865584243,3579345.0,134.49581241607666,1.0996503892264133,24.215379909498495,387.0362783920816,27.631021114923826,0.09472902128469148,10.276318429506022,0.3266484144391313,2.494367537221354,15,3,False,42
permABC-SMC,463129.5938104449,17.34708731286684,3591570.0,134.52666211128235,1.0956212001333234,24.229120193274692,386.36486949984237,27.631021114945106,0.09586444110910687,10.279298797958864,0.3256192896901199,2.493407209323882,15,3,False,42
permABC-SMC,448998.1308411215,16.767193684325413,3603210.0,134.55672931671143,1.091540433179883,24.243962450231894,385.2738387916404,27.63102111494626,0.09780896164207237,10.283180310063933,0.32530213683356046,2.4928422592165,15,3,False,42
permABC-SMC,440497.25776965264,16.402891247393082,3614280.0,134.58572268486023,1.0887472911613838,24.236131878241046,383.837094653399,27.6310211149456,0.09455915238767844,10.278923409797219,0.3213007919790935,2.493318722744174,15,3,False,42
permABC-SMC,423961.403508772,15.744294646190625,3624870.0,134.6137192249298,1.0857414871927413,24.238555498411678,382.4668629792365,27.631021114945675,0.09441652252948485,10.274314199950656,0.3226312114720942,2.493648183579539,15,3,False,42
permABC-SMC,417806.8965517242,15.491606421854305,3634920.0,134.77697587013245,1.083059868581423,24.240662267309336,381.75372864034694,27.6310211149666,0.09617230558844872,10.274120194433804,0.32138466709196245,2.4941098471701615,15,3,False,42
permABC-SMC,409035.3535353535,15.245414743519794,3644505.0,135.83664536476135,1.0816971112046456,24.217016622215805,381.2033915446827,27.63102111496578,0.09565249363124335,10.267982216370298,0.3176219163509585,2.490251298491575,15,3,False,42
permABC-SMC,405282.8618968386,15.186990107421536,3653625.0,136.91071581840515,1.0790440685342748,24.217700256130158,379.7563590761744,27.631021114965954,0.09312025513172235,10.26469138129062,0.31230903879830574,2.4865824643725167,15,3,False,42
permABC-SMC,400249.18032786885,15.063589596357502,3662280.0,137.83184480667114,1.0749759602108697,24.20890399592464,378.33558370721516,27.631021114965346,0.09398382277313623,10.256740015295149,0.30976953853553335,2.484209872573966,15,3,False,42
permABC-SMC,397243.5064935065,15.03346534002395,3670530.0,138.9092197418213,1.0710626343574394,24.206500469067976,377.04799471005947,27.631021114964916,0.09313925220779058,10.255278274368376,0.30387753303992465,2.483688946769055,15,3,False,42
permABC-SMC,392987.1794871795,14.938965770933363,3678360.0,139.82871961593628,1.067594982407788,24.226598412344693,375.3466386662636,27.631021114966032,0.09414589997098236,10.259034391042968,0.30534519973427604,2.4840360340151717,15,3,False,42
permABC-SMC,607960.4938271604,23.05012934492449,3693360.0,140.02953577041626,1.0635354813413391,24.186836501415666,377.0621937722208,27.63102111490184,0.08409871044670955,10.265754678569765,0.3029229304748672,2.4856077072865093,15,3,False,42
permABC-SMC,560485.260770975,21.175984802880436,3707610.0,140.07913947105408,1.0611641147991329,24.18891481910968,376.5395841801001,27.631021114901934,0.08321558847030727,10.268082345526283,0.29856132975494787,2.4834889967148928,15,3,False,42
permABC-SMC,534650.8620689654,20.13146908118807,3721170.0,140.11502480506897,1.0561798074143227,24.196985060059724,375.6320954711407,27.63102111492357,0.08166630465150419,10.26893196250222,0.29205858609720037,2.4837077222160326,15,3,False,42
permABC-SMC,513278.35051546403,19.40070709412041,3734100.0,141.14014410972595,1.0528213005037645,24.19153879056786,375.5644947579427,27.631021114923243,0.08079997843128019,10.271584846684334,0.2883162295999785,2.4829733693123544,15,3,False,42
permABC-SMC,497525.8964143426,18.76797976880118,3746370.0,141.32288765907288,1.04822583481875,24.19813472060447,373.6090905237053,27.63102111492413,0.08136879571437278,10.266361629590111,0.2843934404318349,2.4806207733954713,15,3,False,42
permABC-SMC,487422.1789883268,18.348689394702244,3758025.0,141.4683952331543,1.0434169784295173,24.20790040642283,372.6687874936198,27.631021114924174,0.08262488300209389,10.269013803679046,0.28185960500766666,2.4817517599114636,15,3,False,42
permABC-SMC,475895.8333333333,17.866569336014567,3769095.0,141.50322914123535,1.0403750404302734,24.221289909743476,372.1964100019006,27.631021114946574,0.08505265217453294,10.276120345753464,0.2846206015165403,2.4827926103301174,15,3,False,42
permABC-SMC,468353.15985130117,17.538176622827997,3779610.0,141.53308534622192,1.037213085486097,24.21423856192869,371.3192247550833,27.631021114946,0.08136446250395532,10.27456026082708,0.27597922456334445,2.481383581650266,15,3,False,42
permABC-SMC,461864.71663619747,17.252962477391698,3789600.0,141.5605571269989,1.0338760981735833,24.207309183234837,369.9008589470558,27.631021114945266,0.07879399950220364,10.267107934150633,0.27050771572445387,2.478428718593282,15,3,False,42
permABC-SMC,457175.0902527076,17.03816102873691,3799125.0,141.5871181488037,1.0318849180968788,24.198342547428556,369.63426741754756,27.63102111494456,0.07937178687660491,10.26897060328155,0.2722611624476727,2.481054354045589,15,3,False,42
permABC-SMC,450937.83303730027,16.768837285648797,3808170.0,141.61283087730408,1.0271037046190588,24.21926974931208,369.5654733446529,27.631021114988094,0.08064114831974624,10.275368115145568,0.2696925430380213,2.4842625789463284,15,3,False,42
permABC-SMC,444842.65734265733,16.6053242338843,3816750.0,142.4736819267273,1.0247265224135431,24.2124681618632,369.48004487802643,27.63102111498746,0.08015106522884359,10.278824812226247,0.26552726316323205,2.4842593350839306,15,3,False,42
permABC-SMC,438132.30240549834,16.441873313361977,3824895.0,143.53755402565002,1.0217668917120193,24.23150010285365,368.7989369237021,27.631021115029824,0.0820285664132606,10.284074603775208,0.26243581508680747,2.486933645495744,15,3,False,42
permABC-SMC,430873.52445193933,16.141793726534573,3832620.0,143.58125519752502,1.017629202968287,24.243327533002354,368.1611730861303,27.631021115030794,0.08376936098428957,10.2828838310333,0.2623640872407934,2.4871634184481355,15,3,False,42
permABC-SMC,702761.6438356164,26.259444293366176,3847620.0,143.7704575061798,1.0124034350356315,24.23933555867379,367.9817157922964,27.6310211149896,0.07367840465600033,10.294285207604148,0.2497412001194198,2.4892174153731164,15,3,False,42
permABC-SMC,665266.1498708011,24.774534757747205,3861870.0,143.81617426872253,1.009586336091411,24.240258941906166,367.28907068862594,27.631021114989284,0.07477953542435037,10.292988174971462,0.2513016649662841,2.488554826793585,15,3,False,42
permABC-SMC,630146.3414634147,23.39026284411671,3875400.0,143.85011649131775,1.0058670097303015,24.235076862523798,366.81628603986337,27.631021114988744,0.07612662884223415,10.289219139477488,0.25440108044211784,2.487687103208849,15,3,False,42
permABC-SMC,612810.8747044918,22.696417912993493,3888285.0,144.00877165794373,1.0028350068653205,24.225021053394748,366.7621011915188,27.631021114988016,0.07563259476774604,10.288451743629864,0.25016932086693183,2.4863219667556886,15,3,False,42
permABC-SMC,606146.8531468532,22.384168607093795,3900555.0,144.04212498664856,0.9998344539285294,24.227991915545502,366.7090681210867,27.63102111498806,0.0751601995978993,10.292313918779714,0.24800641645523064,2.48603989808085,15,3,False,42
permABC-SMC,584786.9955156951,21.535487310412396,3912225.0,144.07241010665894,0.9962865367278908,24.22314083064803,365.78137684171094,27.631021114987504,0.07612789575015418,10.288864514182624,0.24886550424693077,2.4867938537163483,15,3,False,42
permABC-SMC,569843.1372549019,20.94862009185591,3923370.0,144.23124933242798,0.9932246959779488,24.21982817223771,365.12613239159384,27.631021114987053,0.07862835371323125,10.287723709301671,0.24987104562480153,2.4875993655089808,15,3,False,42
permABC-SMC,558006.3829787234,20.588762946162664,3933945.0,145.15077877044678,0.990445767824834,24.224194677897756,363.9838896374561,27.631021114986886,0.07951252604801111,10.285720157784375,0.24785401046873332,2.4853971225922846,15,3,False,42
permABC-SMC,551224.3186582809,20.439618988357005,3944010.0,146.24547386169434,0.9869681120746101,24.23936560972463,362.2242196402938,27.631021114987565,0.08225007653422998,10.279869538420082,0.2470759041132339,2.4843391395868024,15,3,False,42
permABC-SMC,542341.5637860083,20.20990665393929,3953670.0,147.3302195072174,0.9849977597498728,24.248169756805744,361.86523931444475,27.63102111498811,0.08157297728716924,10.285370237700613,0.2399476051198017,2.485761842192063,15,3,False,42
permABC-SMC,532643.1451612904,19.94675913805603,3962865.0,148.40388798713684,0.9822039928688043,24.239758045862196,360.3447843339955,27.63102111498742,0.08233063149591097,10.28178649750271,0.23909153024952032,2.484120961816177,15,3,False,42
permABC-SMC,526391.6500994036,19.790116456109537,3971625.0,149.31642866134644,0.9797338020530112,24.241339242300825,360.13578741910374,27.631021114987043,0.0834655643747196,10.28488653979714,0.23704691713136006,2.4835335206769047,15,3,False,42
permABC-SMC,517212.47563352826,19.526683951136818,3979950.0,150.2578330039978,0.9761572393572338,24.271583324107908,359.6334153399641,27.63102111501027,0.08399511853005137,10.292861380981432,0.23399686171621695,2.486958662570359,15,3,False,42
permABC-SMC,514230.1740812379,19.51255669215662,3987855.0,151.31987714767456,0.972530311444541,24.27465373704982,358.81773205640616,27.631021115010196,0.08611833134566704,10.292971158669852,0.23789847563891012,2.48719223681721,15,3,False,42
permABC-SMC,510264.367816092,19.44216969369472,3995370.0,152.23218870162964,0.9687210945649944,24.279266467159275,357.5854905611284,27.6310211150101,0.08825898992564365,10.284978022409916,0.24039049209458305,2.485587278306948,15,3,False,42
permABC-SMC,815115.8536585366,30.953897790211002,4010370.0,152.29317712783813,0.9642247293568311,24.285403033607373,357.79767612782376,27.631021114968977,0.07536174886062594,10.305057743419827,0.2323715357854506,2.489111139434457,15,3,False,42
permABC-SMC,768796.5616045847,29.1253208317069,4024650.0,152.4710545539856,0.9605401420362425,24.29683519253353,356.42357554402815,27.631021114969798,0.07764594509690212,10.298136967718314,0.2313856913478562,2.4877761784021515,15,3,False,42
permABC-SMC,735557.3770491803,27.80637298125387,4038210.0,152.65698766708374,0.9584225050780125,24.307207041169008,355.6190592315084,27.631021114969986,0.07927423849957163,10.298733131543257,0.2348794814169787,2.486648291283897,15,3,False,42
permABC-SMC,705156.6579634465,26.579988013152146,4051125.0,152.70203113555908,0.953952371021033,24.325783878464755,354.21283507456315,27.63102111503393,0.08063345218105053,10.295832364799079,0.23716823466645032,2.4859591686077986,15,3,False,42
permABC-SMC,684075.7575757576,25.73538079406276,4063410.0,152.8681619167328,0.95126297037382,24.341990105239738,352.69221571450555,27.63102111503496,0.08038129318325501,10.291825752710965,0.23502074267538245,2.4842791483529205,15,3,False,42
permABC-SMC,656212.5603864734,24.643898778107623,4075080.0,153.03861141204834,0.9495173456148288,24.349590438934467,350.0125984702071,27.63102111507755,0.07725572735013217,10.285093532595257,0.22733809552024523,2.48171156639502,15,3,False,42
permABC-SMC,644000.0,24.28772349917485,4086180.0,154.1056056022644,0.9445801353077107,24.349010064477763,349.62167997806006,27.63102111507728,0.07971436256580232,10.289780196203292,0.2304452663662765,2.4845862009498503,15,3,False,42
permABC-SMC,624988.5583524028,23.71499754835139,4096800.0,155.45180892944336,0.9410242948241588,24.371577683623713,349.8172031702933,27.631021115078735,0.08396221470322877,10.297313366163767,0.23371439872927036,2.4887958015501606,15,3,False,42
permABC-SMC,619443.4389140272,23.45244787397428,4106910.0,155.48972940444946,0.9382411397928095,24.380857878007774,349.7326950474865,27.63102111507876,0.08040212132147193,10.302024007995774,0.2268964260638765,2.489508493823717,15,3,False,42
permABC-SMC,612578.125,23.265477269887924,4116525.0,156.34400725364685,0.9347824629304444,24.372698679488188,349.16451456387483,27.631021115078106,0.08541087151805997,10.300546382595767,0.2263266706227854,2.4887664104354448,15,3,False,42
permABC-SMC,600572.0524017467,22.905860023554062,4125930.0,157.3632583618164,0.9324106547822968,24.37319434401378,348.87059158139743,27.631021115078052,0.08677990756662167,10.3001202675582,0.22824718876126537,2.4883773926843884,15,3,False,42
permABC-SMC,592810.752688172,22.708271840139954,4134855.0,158.3901960849762,0.9317325414406105,24.362047926169254,349.19881492893114,27.631021115077907,0.08189304171016139,10.316195300360324,0.2189825406710165,2.492563656637908,15,3,False,42
permABC-SMC,582748.9451476794,22.282053515545595,4143345.0,158.42540049552917,0.9278412661537889,24.35787132183971,348.812240218173,27.631021115077854,0.08436789229214145,10.316928320254124,0.22033305702618883,2.4932517568847086,15,3,False,42
permABC-SMC,576585.4166666667,22.007412215073906,4151415.0,158.4533679485321,0.9267212867202766,24.347353190707466,348.0548095232944,27.63102111507724,0.08244955483950352,10.31528200515948,0.21664988060658394,2.49210429192327,15,3,False,42
permABC-SMC,567018.4049079755,21.60564382302168,4159080.0,158.477397441864,0.9216852485004677,24.346309184834126,347.13458308465226,27.631021115077136,0.08629601235123147,10.31103458239235,0.22099868212923196,2.4912175273478723,15,3,False,42
permABC-SMC,909385.6209150327,34.56447607551525,4174080.0,158.650945186615,0.918359965991173,24.32197994596163,347.40928603532956,27.631021115035047,0.07480942170790819,10.312930080603236,0.2180799551145601,2.490818471115797,15,3,False,42
permABC-SMC,864495.3560371518,32.9585496609179,4188480.0,159.68417310714722,0.9164396213070922,24.3366363498785,347.4069707004298,27.63102111503576,0.07693635018479643,10.317648807131189,0.22196441731425456,2.4902865890542656,15,3,False,42
permABC-SMC,816755.1020408161,31.243748474862524,4202205.0,160.74908590316772,0.9141215945763362,24.329496502476104,346.7904890539015,27.631021115035875,0.07642660170551192,10.317521933111063,0.2263126887203527,2.4902641892539394,15,3,False,42
permABC-SMC,772049.4505494505,29.64012906664894,4215390.0,161.8351047039032,0.912921700083194,24.346000282442965,347.4913881024437,27.631021115057802,0.0762221281283927,10.333643033878595,0.22273865277429813,2.4937980844905248,15,3,False,42
permABC-SMC,741742.1052631579,28.580091166914553,4227930.0,162.90651965141296,0.910745083821167,24.357232122396667,347.21146218027457,27.63102111505825,0.0784158878041278,10.335571877610736,0.22751990654897503,2.4936061601229325,15,3,False,42
permABC-SMC,736083.3333333334,28.44544094469812,4239840.0,163.84573984146118,0.9090007198956984,24.354174081999453,347.1159172789809,27.631021115058154,0.07833040037326094,10.337123425212404,0.22137912913935434,2.493534719466739,15,3,False,42
permABC-SMC,712085.4271356782,27.624812677277987,4251150.0,164.9201316833496,0.9043840450615022,24.369983776193685,346.447686443987,27.631021115059088,0.08128896465847014,10.339002970458248,0.22345075141941512,2.4940634276437836,15,3,False,42
permABC-SMC,701545.6790123456,27.298028498520086,4261890.0,165.83552312850952,0.8994246985678559,24.37053327835407,345.30172766227633,27.631021115059088,0.0847495573158322,10.334892283946225,0.22843063643033504,2.4927484871166574,15,3,False,42
permABC-SMC,692968.3698296838,27.075412035568498,4272150.0,166.91991519927979,0.8967105420261754,24.358819080929173,344.8847157065246,27.631021115058765,0.07947472795949878,10.330608353166877,0.21887456453123516,2.49190699268836,15,3,False,42
permABC-SMC,676443.1279620853,26.54275547648305,4281885.0,168.0156421661377,0.8920729438589124,24.381808747800953,344.7769652071389,27.631021115081435,0.08208597634181578,10.341851328192226,0.22492435924440296,2.496845972107412,15,3,False,42
permABC-SMC,668404.2056074766,26.316169712031,4291155.0,168.949809551239,0.8887686731404876,24.36912563419574,344.51082808142405,27.631021115080717,0.08671587116735556,10.340780190158124,0.2259220548676624,2.4952972205407535,15,3,False,42
permABC-SMC,659004.5977011494,26.05388367313078,4300005.0,170.00159096717834,0.8868161322914502,24.376775288035283,344.4607108008187,27.631021115080674,0.09190646436443041,10.348176407612726,0.22836480518827715,2.497542719603041,15,3,False,42
permABC-SMC,645460.6741573034,25.6053096256899,4308450.0,170.9154417514801,0.8852965871535833,24.374900299710646,343.73872283371907,27.63102111508045,0.0935757079039767,10.343373196204777,0.22949991105762937,2.4953293274320667,15,3,False,42
permABC-SMC,635240.6181015453,25.287244914646443,4316460.0,171.82682919502258,0.8824124192929343,24.372138207021678,343.2221480120603,27.63102111507996,0.09949172954078116,10.342290217573625,0.2339401641012704,2.495125883325946,15,3,False,42
permABC-SMC,622630.6695464363,24.745135379404022,4324170.0,171.85496520996094,0.881347776445948,24.37395239845166,342.3706717100587,27.631021115100808,0.10323717545999855,10.338329285814194,0.23806797048746467,2.495221138108813,15,3,False,42
permABC-SMC,977290.5405405407,38.740039247650294,4339170.0,172.00577425956726,0.8780829526717673,24.360006673440488,341.61470709600405,27.631021115059824,0.09466709622044306,10.338085256958884,0.23337370649500822,2.4944070568953878,15,3,False,42
permABC-SMC,951567.2131147541,37.635278284875426,4353420.0,172.18139815330505,0.8770394402122149,24.369350075678195,340.7133642656054,27.631021115059653,0.09262819077128635,10.341519903275527,0.23059698118958585,2.492452863133612,15,3,False,42
permABC-SMC,921300.6329113924,36.333868624288826,4366965.0,172.22253727912903,0.874680775960865,24.356632471481326,340.6697449957323,27.631021115058882,0.09440059971877351,10.341070050263538,0.22862036467442104,2.4934991847422037,15,3,False,42
permABC-SMC,879496.9879518072,34.608896573384605,4379895.0,172.35230493545532,0.8720057481017457,24.35457654834579,340.4515518890703,27.63102111505851,0.0996601824414239,10.33822035466236,0.23071084375965414,2.491612305676827,15,3,False,42
permABC-SMC,851194.7674418605,33.433542094489404,4392165.0,172.5170772075653,0.8699280712972246,24.35719475949167,339.72779685183997,27.631021115058495,0.10398500522068874,10.340542952863062,0.23568524033462337,2.491313297285991,15,3,False,42
permABC-SMC,834059.6590909093,32.68079888640028,4403835.0,172.55461812019348,0.8682550473878744,24.355978458056857,340.0509096094447,27.631021115058065,0.10690198626823019,10.342222000429523,0.23808329807078868,2.4919373159212723,15,3,False,42
permABC-SMC,813069.0607734807,31.801990294763833,4414965.0,172.68480730056763,0.8666054613115804,24.36055638992569,339.9593168691837,27.631021115058008,0.11272391370719634,10.342063365480847,0.24267927572306294,2.491792273601447,15,3,False,42
permABC-SMC,786762.6666666666,30.727442847357853,4425540.0,172.84186601638794,0.8642026834908003,24.360359460549248,339.86583684310887,27.63102111507897,0.11513514392757895,10.34365169531988,0.24787493697911123,2.4925584750238663,15,3,False,42
permABC-SMC,782293.6507936509,30.51150438016054,4435605.0,173.00022983551025,0.8615862001044979,24.359984064628115,339.20315681101175,27.631021115100015,0.1204967982581365,10.344538382393518,0.253317776183624,2.4926792924501817,15,3,False,42
permABC-SMC,761876.6066838047,29.675804496117916,4445550.0,173.15831923484802,0.8609294552192204,24.36014217730061,338.7918288237266,27.631021115099923,0.12062630515386213,10.341629174961465,0.25503537159827094,2.4920705499553444,15,3,False,42
permABC-SMC,748113.3501259446,29.08386523537432,4455015.0,173.19441747665405,0.8603245031172545,24.329573193449875,337.8043966577552,27.63102111509895,0.10802618183969896,10.33612070685432,0.24442263803949976,2.490676924938366,15,3,False,42
permABC-SMC,736633.6633663366,28.584687937997742,4464000.0,173.22320890426636,0.8582708977653548,24.332863200263454,338.0282853753971,27.631021115098836,0.11212768679204028,10.344222302134153,0.24967234530292967,2.4923030821078895,15,3,False,42
permABC-SMC,732604.4226044227,28.37812523681741,4472550.0,173.24845457077026,0.8547056404528075,24.3421512748497,337.53925929200216,27.63102111509957,0.11490114451041651,10.343426428691574,0.25346420052392094,2.4932812152124364,15,3,False,42
permABC-SMC,728565.8536585367,28.19254115345033,4480680.0,173.38412809371948,0.8523401609986749,24.355554806257185,337.04763521230655,27.631021115100463,0.11795784210414452,10.34011510436126,0.25389532716171953,2.492910512496029,15,3,False,42
permABC-SMC,721028.9156626506,27.85681153875757,4488405.0,173.40865182876587,0.8491861452089394,24.36645364495606,337.486076552105,27.631021115100676,0.1223784437042891,10.348255163877809,0.2540725807930763,2.4940581924248035,15,3,False,42
permABC-SMC,1141547.52851711,43.99366185390148,4503405.0,173.55499601364136,0.8463539123582794,24.376030982548038,337.3960012223372,27.631021115101543,0.11250263903474154,10.356362468148811,0.2508011400685688,2.4952643833587937,15,3,False,42
permABC-SMC,1095232.7272727273,42.29240353902181,4517835.0,174.45616459846497,0.8444389039981158,24.3840611606851,337.2658020827412,27.631021115101486,0.1129872307547161,10.359752945451811,0.2509970690117657,2.4954533693145033,15,3,False,42
permABC-SMC,1045335.6401384083,40.49019577043967,4531530.0,175.52499866485596,0.8439736830434081,24.369670044331784,336.57680168869626,27.6310211151007,0.10320765497210842,10.36086584925296,0.2395666243825448,2.495040657334325,15,3,False,42
permABC-SMC,1016674.4966442954,39.50412710774398,4544535.0,176.5834481716156,0.839896340917787,24.370834694339294,335.82026646657545,27.631021115100612,0.10900338844575311,10.357243592103247,0.24569914409077123,2.4932800097226218,15,3,False,42
permABC-SMC,967493.6305732484,37.72167263516955,4556895.0,177.66907811164856,0.8375248310203324,24.394768888444528,336.1823707519564,27.63102111510163,0.11252380149150829,10.369075909933247,0.24741289124795424,2.496113064208766,15,3,False,42
permABC-SMC,942990.7120743034,36.89616870584872,4568790.0,178.76193737983704,0.8349721548211622,24.399224786752576,335.48755507496367,27.631021115102055,0.11870386093638073,10.36453544558544,0.2537434515851728,2.495262243538529,15,3,False,42
permABC-SMC,922480.3625377644,36.22085575130651,4580115.0,179.83654880523682,0.832706636121017,24.39411630521557,335.6485752600647,27.631021115101547,0.11911259368863095,10.37193133440304,0.25369493665039505,2.4979752090425733,15,3,False,42
permABC-SMC,889723.8372093025,35.03287970557694,4590975.0,180.76965928077698,0.8319789051976434,24.401439799067468,335.68323019472837,27.631021115101678,0.11935451316362718,10.376522594997933,0.254835871178354,2.501050913113671,15,3,False,42
permABC-SMC,866536.7231638418,34.249253641189604,4601310.0,181.8635368347168,0.8303102394139896,24.426599716067642,335.29958153186817,27.63102111510302,0.12208673198476223,10.380892946961657,0.2565023403704331,2.501005054940092,15,3,False,42
permABC-SMC,839994.5355191256,33.156456278538656,4611570.0,182.02894496917725,0.8301540787299968,24.42223691148472,335.1606142718881,27.631021115102886,0.12230175432380418,10.37981843065709,0.25670566248017596,2.50120155712374,15,3,False,42
permABC-SMC,825970.5093833781,32.54163710531962,4621305.0,182.0704596042633,0.8299155598394667,24.39629758839078,333.9328834810265,27.631021115101895,0.11753441189687647,10.375403882515183,0.2606202018295031,2.4995072978845028,15,3,False,42
permABC-SMC,806018.2767624022,31.69739543094751,4630575.0,182.10153675079346,0.8258597705811375,24.40727821173864,334.3415132163806,27.631021115102783,0.12135337967733253,10.387020124425492,0.2676633850888489,2.5029526821831545,15,3,False,42
permABC-SMC,797149.4845360825,31.444347314408553,4639410.0,183.0061013698578,0.8219179096240931,24.42384553850817,333.59580387766374,27.63102111510368,0.12936614562483445,10.384847387429074,0.27554536051670425,2.502369450121546,15,3,False,42
permABC-SMC,790454.081632653,31.282698459365736,4647870.0,183.94226694107056,0.8187248500753382,24.420745642373554,333.4519999318595,27.631021115103376,0.13591734950353518,10.384262275769903,0.2818177106038997,2.5038951785700156,15,3,False,42
permABC-SMC,774047.3815461346,30.729192985858102,4655895.0,184.83609580993652,0.8170817756015152,24.444084300865963,331.13433376937417,27.63102111510376,0.1374663646368527,10.372111361603018,0.27628587823787704,2.500847680593286,15,3,False,42
permABC-SMC,758297.5609756098,30.20565253932302,4663530.0,185.76476311683655,0.8134115194334564,24.439991864184734,330.14155962588586,27.631021115103326,0.1468581031097828,10.365823742873836,0.2852516879712127,2.4991030488934336,15,3,False,42
permABC-SMC,1223145.098039216,48.618349873162565,4678530.0,185.9651882648468,0.8120646265442149,24.43204190350421,328.67768175165,27.631021115083808,0.11206769633815204,10.365882361483386,0.2743570166447471,2.498931892062962,15,3,False,42
permABC-SMC,1154619.926199262,45.796069653125116,4693530.0,186.1610231399536,0.8120646265442149,24.43204190350421,328.6776817516499,27.631021115083808,0.11206769633815203,10.365882361483386,0.27435701664474715,2.498931892062962,15,3,False,42
permABC-SMC,1097559.4405594408,43.43962046927783,4708530.0,186.3559718132019,0.8120646265442149,24.43204190350421,328.67768175165,27.631021115083808,0.112067696338152,10.365882361483386,0.2743570166447471,2.498931892062962,15,3,False,42
permABC-SMC,1039280.5280528052,41.01356521035709,4723530.0,186.406653881073,0.8120646265442149,24.43204190350421,328.6776817516499,27.631021115083808,0.11206769633815203,10.365882361483386,0.27435701664474715,2.498931892062962,15,3,False,42
permABC-SMC,1006057.3248407643,39.58492086698042,4738530.0,186.44497728347778,0.8120646265442149,24.43204190350421,328.67768175165,27.631021115083808,0.112067696338152,10.365882361483386,0.2743570166447471,2.498931892062962,15,3,False,42
permABC-SMC,972092.0245398771,38.13555396651441,4753530.0,186.4828588962555,0.8120646265442149,24.43204190350421,328.6776817516499,27.631021115083808,0.11206769633815203,10.365882361483386,0.27435701664474715,2.498931892062962,15,3,False,42
permABC-SMC,921455.0724637682,36.06726411460102,4768530.0,186.6480917930603,0.8120646265442149,24.43204190350421,328.67768175165,27.631021115083808,0.112067696338152,10.365882361483386,0.2743570166447471,2.498931892062962,15,3,False,42
permABC-SMC,893282.9131652663,34.86204418926791,4783530.0,186.68624663352966,0.8120646265442149,24.43204190350421,328.6776817516499,27.631021115083808,0.11206769633815203,10.365882361483386,0.27435701664474715,2.498931892062962,15,3,False,42
permABC-SMC,857646.1126005362,33.37310312900083,4798530.0,186.72251200675964,0.8120646265442149,24.43204190350421,328.67768175165,27.631021115083808,0.112067696338152,10.365882361483386,0.2743570166447471,2.498931892062962,15,3,False,42
permABC-SMC,837864.2297650131,32.50800955285188,4813530.0,186.75851488113403,0.8120646265442149,24.43204190350421,328.6776817516499,27.631021115083808,0.11206769633815203,10.365882361483386,0.27435701664474715,2.498931892062962,15,3,False,42
permABC-SMC,810836.2720403022,31.36771572026558,4828530.0,186.79474711418152,0.8120646265442149,24.43204190350421,328.67768175165,27.631021115083808,0.112067696338152,10.365882361483386,0.2743570166447471,2.498931892062962,15,3,False,42
permABC-SMC,795325.1231527092,30.67832118380441,4843530.0,186.8309760093689,0.8120646265442149,24.43204190350421,328.6776817516499,27.631021115083808,0.11206769633815203,10.365882361483386,0.27435701664474715,2.498931892062962,15,3,False,42
permABC-SMC,780486.7469879518,30.01890603797024,4858530.0,186.86769008636475,0.8120646265442149,24.43204190350421,328.67768175165,27.631021115083808,0.112067696338152,10.365882361483386,0.2743570166447471,2.498931892062962,15,3,False,42
permABC-SMC,762680.7511737089,29.249527756596954,4873530.0,186.90448236465454,0.8120646265442149,24.43204190350421,328.6776817516499,27.631021115083808,0.11206769633815203,10.365882361483386,0.27435701664474715,2.498931892062962,15,3,False,42
permABC-SMC,747481.6513761468,28.584263120587085,4888530.0,186.94108080863953,0.8120646265442149,24.43204190350421,328.67768175165,27.631021115083808,0.112067696338152,10.365882361483386,0.2743570166447471,2.498931892062962,15,3,False,42
permABC-SMC,729691.9642857143,27.82403954437801,4903530.0,186.97754573822021,0.8120646265442149,24.43204190350421,328.6776817516499,27.631021115083808,0.11206769633815203,10.365882361483386,0.27435701664474715,2.498931892062962,15,3,False,42
permABC-SMC,715943.2314410481,27.22191342099785,4918530.0,187.01454520225525,0.8120646265442149,24.43204190350421,328.67768175165,27.631021115083808,0.112067696338152,10.365882361483386,0.2743570166447471,2.498931892062962,15,3,False,42
permABC-SMC,701283.5820895523,26.58877420188183,4933530.0,187.05202651023865,0.8120646265442149,24.43204190350421,328.6776817516499,27.631021115083808,0.11206769633815203,10.365882361483386,0.27435701664474715,2.498931892062962,15,3,False,42
permABC-SMC,688730.6889352818,26.038784207614164,4948530.0,187.08866453170776,0.8120646265442149,24.43204190350421,328.67768175165,27.631021115083808,0.112067696338152,10.365882361483386,0.2743570166447471,2.498931892062962,15,3,False,42
permABC-SMC,672565.0406504065,25.355703753184496,4963530.0,187.1250936985016,0.8120646265442149,24.43204190350421,328.6776817516499,27.631021115083808,0.11206769633815203,10.365882361483386,0.27435701664474715,2.498931892062962,15,3,False,42
permABC-SMC,658535.7142857142,24.756884227984795,4978530.0,187.16204476356506,0.8120646265442149,24.43204190350421,328.67768175165,27.631021115083808,0.112067696338152,10.365882361483386,0.2743570166447471,2.498931892062962,15,3,False,42
permABC-SMC,648931.7738791422,24.327460940276126,4993530.0,187.1998119354248,0.8120646265442149,24.43204190350421,328.6776817516499,27.631021115083808,0.11206769633815203,10.365882361483386,0.27435701664474715,2.498931892062962,15,3,False,42
permABC-SMC,639659.0038314176,23.929175167400413,5008530.0,187.36544156074524,0.8120646265442149,24.43204190350421,328.67768175165,27.631021115083808,0.112067696338152,10.365882361483386,0.2743570166447471,2.498931892062962,15,3,False,42
permABC-SMC,631890.5660377359,23.572574921374052,5023530.0,187.4019706249237,0.8120646265442149,24.43204190350421,328.6776817516499,27.631021115083808,0.11206769633815203,10.365882361483386,0.27435701664474715,2.498931892062962,15,3,False,42
permABC-SMC,626682.8358208954,23.313176157462653,5038530.0,187.43793630599976,0.8120646265442149,24.43204190350421,328.67768175165,27.631021115083808,0.112067696338152,10.365882361483386,0.2743570166447471,2.498931892062962,15,3,False,42
permABC-SMC,621590.4059040591,23.05950226965572,5053530.0,187.47375345230103,0.8120646265442149,24.43204190350421,328.6776817516499,27.631021115083808,0.11206769633815203,10.365882361483386,0.27435701664474715,2.498931892062962,15,3,False,42
permABC-SMC,619911.9266055045,22.950319295994,5067780.0,187.61886024475098,0.8118522908572308,24.401827030727382,328.5860639472363,27.631021115082685,0.10022395908746318,10.361619424499576,0.2675243395178538,2.492197109809276,15,3,False,42
permABC-SMC,612582.2784810127,22.636357325254398,5081370.0,187.76858401298523,0.8104612346592258,24.403039666887445,328.4328323690392,27.631021115082365,0.1015849634337087,10.364963813919044,0.272782966408435,2.4934371595344604,15,3,False,42
permABC-SMC,605393.9393939392,22.44053770939084,5094390.0,188.83712482452393,0.8079239477128275,24.39112195230425,328.36968698205095,27.63102111508166,0.10391291194283582,10.364189086307258,0.27357487421351157,2.493156591584616,15,3,False,42
permABC-SMC,598407.7328646748,22.147357875866433,5107410.0,189.02769947052002,0.8079239477128275,24.39112195230425,328.36968698205095,27.63102111508166,0.10391291194283582,10.364189086307258,0.27357487421351157,2.493156591584616,15,3,False,42
permABC-SMC,591615.2512998267,21.860736976945283,5120430.0,189.20467853546143,0.8079239477128275,24.39112195230425,328.36968698205095,27.63102111508166,0.10391291194283582,10.364189086307258,0.27357487421351157,2.493156591584616,15,3,False,42
permABC-SMC,590994.8186528499,21.79009553407484,5132790.0,189.24697971343994,0.8077046317070756,24.40043701424998,328.53165474522194,27.631021115081577,0.08804907835312877,10.383978592418396,0.2616872365207837,2.5007860080482947,15,3,False,42
permABC-SMC,588281.3036020583,21.763137247032137,5144520.0,190.31863522529602,0.8050743699107059,24.394184450764023,328.6356797030355,27.631021115080998,0.09073153675854291,10.386628213912498,0.26348760510783525,2.5018920287590687,15,3,False,42
permABC-SMC,584540.8163265307,21.583262457598906,5155650.0,190.36437487602234,0.8010199558709977,24.399155061664846,328.1215471447771,27.631021115080816,0.09430606603402411,10.386644792613852,0.26713857803414864,2.5021752078465656,15,3,False,42
permABC-SMC,580799.3254637436,21.42062173792993,5166210.0,190.53643035888672,0.7981707491297518,24.392250990942067,327.8021553019646,27.631021115080454,0.09661349792582503,10.390157757805037,0.2677795666570936,2.5046229133286,15,3,False,42
permABC-SMC,577060.2006688964,21.245459090905847,5176230.0,190.57176804542542,0.7940951032046483,24.40206324086227,326.9105566765479,27.631021115080635,0.10071930251893721,10.386305710604349,0.2728145189241605,2.50377413495523,15,3,False,42
permABC-SMC,577156.9282136895,21.213074478760785,5185755.0,190.59947419166565,0.7897496777569373,24.42000858229901,326.61822714418156,27.63102111508154,0.10462830236418053,10.388048580384076,0.2719644024549648,2.5042920243186253,15,3,False,42
permABC-SMC,572446.2809917355,21.00553144764966,5194950.0,190.62519788742065,0.7878901167632112,24.41950657143756,326.5080579992019,27.631021115081488,0.10828390375193503,10.388884373704133,0.2745210137789432,2.505259954979747,15,3,False,42
permABC-SMC,570592.1052631579,20.904655440857535,5203800.0,190.65045762062073,0.7867580902189345,24.433357084555144,326.28242215003655,27.63102111510303,0.10771600011063723,10.385986572588056,0.27018869898926445,2.5030321832240854,15,3,False,42
permABC-SMC,568715.2209492635,20.899160872114464,5212275.0,191.54080939292908,0.7854355056745489,24.436637228115003,325.74541036869414,27.6310211151031,0.10602052084442554,10.392185203464289,0.27513481429867626,2.506388815474217,15,3,False,42
permABC-SMC,564053.4846029175,20.795894635168047,5220315.0,192.46600484848022,0.7834571238052519,24.45455634417941,324.83262607375315,27.63102111510392,0.10752605067190323,10.390464041506123,0.280539211098127,2.5064381645435305,15,3,False,42
permABC-SMC,561239.9355877617,20.666206286149325,5227950.0,192.50571155548096,0.7807781763597961,24.46476078226003,324.46207571325203,27.631021115125073,0.11292197375506303,10.391293338078547,0.28647088822285516,2.507240760716788,15,3,False,42
permABC-SMC,965552.4861878452,35.46064014153805,5242950.0,192.55127596855164,0.778780225598055,24.450656382006482,324.0549997691121,27.63102111512496,0.11453117908648247,10.383946040002776,0.28968863324448524,2.5053881468472956,15,3,False,42
permABC-SMC,932130.3191489362,34.146433307769456,5257215.0,192.5858838558197,0.7757387022997908,24.456085719069023,323.6458518823065,27.631021115124966,0.12139926950450627,10.382449576619955,0.29429898968568163,2.5041432126581293,15,3,False,42
permABC-SMC,910323.8341968912,33.26749690456094,5270775.0,192.61880707740784,0.7743068497307177,24.47648273907697,322.3768603482339,27.63102111514772,0.1271475427233118,10.37437513013626,0.2983510239084523,2.503915335525563,15,3,False,42
permABC-SMC,889505.0505050505,32.45554845341127,5283660.0,192.78595781326294,0.7720065100297507,24.478689987748595,321.98923546708096,27.631021115147828,0.13023782802891007,10.37766672102979,0.30399303418482737,2.5039572897316473,15,3,False,42
permABC-SMC,869608.3743842363,31.662218950456385,5295915.0,192.82291340827942,0.7686676497360547,24.467563454474544,322.040763895894,27.631021115147274,0.13747910582801953,10.379562656163596,0.3089028846683263,2.505590453120646,15,3,False,42
permABC-SMC,858898.0582524271,31.348645494207982,5307990.0,193.73462915420532,0.7683937824355815,24.46975839487218,321.8544493082137,27.63102111514724,0.13807233199702068,10.37804215575975,0.30820203695237314,2.504887075211729,15,3,False,42
permABC-SMC,842353.9192399051,30.82855002613929,5319465.0,194.68229341506958,0.7679961138228316,24.447320603574862,320.30636257076196,27.631021115146357,0.12417624848785212,10.367958230744307,0.2969987976102203,2.499623764777377,15,3,False,42
permABC-SMC,832229.5081967213,30.543882450398574,5330430.0,195.63356709480286,0.7652978877869668,24.456374940233914,320.2126148054099,27.631021115146716,0.12595212309509904,10.370548409539058,0.2989327411250982,2.499425103107393,15,3,False,42
permABC-SMC,822300.2309468823,30.28615745239023,5340840.0,196.70859265327454,0.7637021789440337,24.45402751998228,320.2592618074044,27.631021115146297,0.1265185473491726,10.37623407582006,0.2977000190557094,2.5024625894557855,15,3,False,42
permABC-SMC,816281.4645308924,30.15194408408019,5350725.0,197.64599347114563,0.7611075984405515,24.47499746323856,320.23348991490326,27.63102111516895,0.13302144232273463,10.382668287770459,0.30224174186511676,2.5047864897620786,15,3,False,42
permABC-SMC,804824.3243243244,29.70121511825928,5360130.0,197.8100926876068,0.7591415512281672,24.482509719273303,319.81641355955463,27.63102111516912,0.1398342252670883,10.384879529163475,0.3093366377424512,2.5059633137158843,15,3,False,42
permABC-SMC,806166.6666666666,29.707128185409683,5369070.0,197.8494737148285,0.7567695851720154,24.477435182289728,319.8275780076905,27.631021115168902,0.14140115360160796,10.387582802134391,0.3099335326117702,2.5097879858230097,15,3,False,42
permABC-SMC,791399.5584988962,29.121539555901197,5377560.0,197.88086128234863,0.7549133387458005,24.46811009845874,319.83263026380087,27.631021115168444,0.14380086615386223,10.390796573443154,0.3122346511694236,2.5124180363482544,15,3,False,42
permABC-SMC,787370.6140350876,28.93365171917698,5385615.0,197.90617775917053,0.753051395851935,24.460860888581138,320.03842263966874,27.631021115167876,0.14892701147023413,10.392327646514552,0.31434277027857027,2.512074977996198,15,3,False,42
permABC-SMC,781632.6086956521,28.685482792232346,5393265.0,197.9298312664032,0.7503576126086885,24.465479329825722,319.3250541299784,27.631021115167847,0.15428028654161383,10.38503689916032,0.3174263925992639,2.510227618597295,15,3,False,42
permABC-SMC,1355454.887218045,49.615887531959324,5408265.0,197.9673912525177,0.7481571407514885,24.44598970849746,316.8308980572465,27.631021115106716,0.11417109646065642,10.377074393288925,0.30594185999870765,2.5086108996081267,15,3,False,42
permABC-SMC,1305068.5920577617,47.65406940244452,5422560.0,198.00265836715698,0.7461098710330243,24.43758956537789,316.8771062274744,27.631021115106115,0.11325275423562986,10.377477323933975,0.3039955880961141,2.5091315880927736,15,3,False,42
permABC-SMC,1271610.5263157897,46.32493303533187,5436135.0,198.0390887260437,0.7439850888621594,24.43180219858141,316.4836663944011,27.631021115105586,0.11405156033880687,10.376272938790354,0.305943516494847,2.5103139836663417,15,3,False,42
permABC-SMC,1248432.9896907217,45.6141012504202,5449410.0,199.1055519580841,0.7423395805184805,24.42838714413991,316.39536565398953,27.631021115105344,0.11453280096956356,10.374938559517744,0.3066152997182051,2.5095254959377677,15,3,False,42
permABC-SMC,1234505.0847457629,45.00624500425522,5462685.0,199.15263414382935,0.7423395805184805,24.42838714413991,316.39536565398964,27.631021115105344,0.1145328009695636,10.374938559517744,0.30661529971820506,2.5095254959377677,15,3,False,42
permABC-SMC,1216880.0,44.26436138153076,5475960.0,199.18962621688843,0.7423395805184805,24.42838714413991,316.39536565398953,27.631021115105344,0.11453280096956356,10.374938559517744,0.30661529971820506,2.5095254959377677,15,3,False,42
permABC-SMC,1188146.1038961038,43.121665638762636,5489235.0,199.22209525108337,0.7423395805184805,24.42838714413991,316.39536565398953,27.631021115105344,0.11453280096956356,10.374938559517744,0.3066152997182051,2.5095254959377677,15,3,False,42
permABC-SMC,1157205.047318612,41.904120640799825,5502510.0,199.25409364700317,0.7423395805184805,24.42838714413991,316.39536565398964,27.631021115105344,0.1145328009695636,10.374938559517744,0.30661529971820506,2.5095254959377677,15,3,False,42
permABC-SMC,1121094.512195122,40.505292309008965,5515785.0,199.2860381603241,0.7423395805184805,24.42838714413991,316.39536565398953,27.631021115105344,0.11453280096956356,10.374938559517744,0.30661529971820506,2.5095254959377677,15,3,False,42
permABC-SMC,1100310.4477611938,39.66528897261738,5529060.0,199.31807708740234,0.7423395805184805,24.42838714413991,316.39536565398953,27.631021115105344,0.11453280096956356,10.374938559517744,0.3066152997182051,2.5095254959377677,15,3,False,42
permABC-SMC,1067887.2832369944,38.42911035798648,5542335.0,199.44708275794983,0.7423395805184805,24.42838714413991,316.39536565398964,27.631021115105344,0.1145328009695636,10.374938559517744,0.30661529971820506,2.5095254959377677,15,3,False,42
permABC-SMC,1055196.5811965812,37.88795276471579,5555610.0,199.48007130622864,0.7423395805184805,24.42838714413991,316.39536565398953,27.631021115105344,0.11453280096956356,10.374938559517744,0.30661529971820506,2.5095254959377677,15,3,False,42
permABC-SMC,1031275.0000000001,36.97189516491361,5568885.0,199.64823389053345,0.7423395805184805,24.42838714413991,316.39536565398953,27.631021115105344,0.11453280096956356,10.374938559517744,0.3066152997182051,2.5095254959377677,15,3,False,42
permABC-SMC,1019572.602739726,36.471762809579225,5582160.0,199.6829013824463,0.7423395805184805,24.42838714413991,316.39536565398964,27.631021115105344,0.1145328009695636,10.374938559517744,0.30661529971820506,2.5095254959377677,15,3,False,42
permABC-SMC,994744.0,35.52942309909397,5595435.0,199.85300493240356,0.7423395805184805,24.42838714413991,316.39536565398953,27.631021115105344,0.11453280096956356,10.374938559517744,0.30661529971820506,2.5095254959377677,15,3,False,42
permABC-SMC,981401.5748031497,35.001538744748736,5608710.0,200.033793926239,0.7423395805184805,24.42838714413991,316.39536565398953,27.631021115105344,0.11453280096956356,10.374938559517744,0.3066152997182051,2.5095254959377677,15,3,False,42
permABC-SMC,968472.8682170543,34.465828442963726,5621985.0,200.07413411140442,0.7423395805184805,24.42838714413991,316.39536565398964,27.631021115105344,0.1145328009695636,10.374938559517744,0.30661529971820506,2.5095254959377677,15,3,False,42
permABC-SMC,955938.9312977098,33.967718418823445,5635260.0,200.23970007896423,0.7423395805184805,24.42838714413991,316.39536565398953,27.631021115105344,0.11453280096956356,10.374938559517744,0.30661529971820506,2.5095254959377677,15,3,False,42
permABC-SMC,936738.8059701492,33.21348062992887,5648535.0,200.27728819847107,0.7423395805184805,24.42838714413991,316.39536565398953,27.631021115105344,0.11453280096956356,10.374938559517744,0.3066152997182051,2.5095254959377677,15,3,False,42
permABC-SMC,920619.5121951221,32.570688550065206,5661810.0,200.309734582901,0.7423395805184805,24.42838714413991,316.39536565398964,27.631021115105344,0.1145328009695636,10.374938559517744,0.30661529971820506,2.5095254959377677,15,3,False,42
permABC-SMC,905117.2248803828,31.952434711669238,5675085.0,200.34176564216614,0.7423395805184805,24.42838714413991,316.39536565398953,27.631021115105344,0.11453280096956356,10.374938559517744,0.30661529971820506,2.5095254959377677,15,3,False,42
permABC-SMC,898635.0710900474,31.674111134256425,5688360.0,200.49712347984314,0.7423395805184805,24.42838714413991,316.39536565398953,27.631021115105344,0.11453280096956356,10.374938559517744,0.3066152997182051,2.5095254959377677,15,3,False,42
permABC-SMC,890185.0117096019,31.30848186263621,5701635.0,200.53082633018494,0.7423395805184805,24.42838714413991,316.39536565398964,27.631021115105344,0.1145328009695636,10.374938559517744,0.30661529971820506,2.5095254959377677,15,3,False,42
permABC-SMC,877866.3594470046,30.808430955889772,5714910.0,200.5628855228424,0.7423395805184805,24.42838714413991,316.39536565398953,27.631021115105344,0.11453280096956356,10.374938559517744,0.30661529971820506,2.5095254959377677,15,3,False,42
permABC-SMC,865938.7755102041,30.32425929449403,5728185.0,200.594975233078,0.7423395805184805,24.42838714413991,316.39536565398953,27.631021115105344,0.11453280096956356,10.374938559517744,0.3066152997182051,2.5095254959377677,15,3,False,42
permABC-SMC,862081.0810810811,30.12417393761712,5741460.0,200.62699842453003,0.7423395805184805,24.42838714413991,316.39536565398964,27.631021115105344,0.1145328009695636,10.374938559517744,0.30661529971820506,2.5095254959377677,15,3,False,42
permABC-SMC,848780.9734513274,29.595732126264092,5754735.0,200.65906381607056,0.7423395805184805,24.42838714413991,316.39536565398953,27.631021115105344,0.11453280096956356,10.374938559517744,0.30661529971820506,2.5095254959377677,15,3,False,42
permABC-SMC,841431.0722100657,29.27659550867839,5768010.0,200.69106221199036,0.7423395805184805,24.42838714413991,316.39536565398953,27.631021115105344,0.11453280096956356,10.374938559517744,0.3066152997182051,2.5095254959377677,15,3,False,42
permABC-SMC,839692.8104575162,29.153709820239715,5781285.0,200.72329211235046,0.7423395805184805,24.42838714413991,316.39536565398964,27.631021115105344,0.1145328009695636,10.374938559517744,0.30661529971820506,2.5095254959377677,15,3,False,42
permABC-SMC,832551.724137931,28.844203517354767,5794560.0,200.75565648078918,0.7423395805184805,24.42838714413991,316.39536565398953,27.631021115105344,0.11453280096956356,10.374938559517744,0.30661529971820506,2.5095254959377677,15,3,False,42
permABC-SMC,829098.5010706637,28.663536380819554,5807835.0,200.788072347641,0.7423395805184805,24.42838714413991,316.39536565398953,27.631021115105344,0.11453280096956356,10.374938559517744,0.3066152997182051,2.5095254959377677,15,3,False,42
permABC-SMC,820452.4312896406,28.304479792556602,5821110.0,200.8202841281891,0.7423395805184805,24.42838714413991,316.39536565398964,27.631021115105344,0.1145328009695636,10.374938559517744,0.30661529971820506,2.5095254959377677,15,3,False,42
permABC-SMC,815427.6729559749,28.07165928273498,5834385.0,200.85272216796875,0.7423395805184805,24.42838714413991,316.39536565398953,27.631021115105344,0.11453280096956356,10.374938559517744,0.30661529971820506,2.5095254959377677,15,3,False,42
permABC-SMC,810486.4864864865,27.842690328385213,5847660.0,200.88501071929932,0.7423395805184805,24.42838714413991,316.39536565398953,27.631021115105344,0.11453280096956356,10.374938559517744,0.3066152997182051,2.5095254959377677,15,3,False,42
permABC-SMC,795782.0773930753,27.280018269732462,5860935.0,200.9173345565796,0.7423395805184805,24.42838714413991,316.39536565398964,27.631021115105344,0.1145328009695636,10.374938559517744,0.30661529971820506,2.5095254959377677,15,3,False,42
permABC-SMC,787955.7344064387,26.955029950055557,5874210.0,200.94974827766418,0.7423395805184805,24.42838714413991,316.39536565398953,27.631021115105344,0.11453280096956356,10.374938559517744,0.30661529971820506,2.5095254959377677,15,3,False,42
permABC-SMC,786571.1422845692,26.851316285117438,5887485.0,200.982102394104,0.7423395805184805,24.42838714413991,316.39536565398953,27.631021115105344,0.11453280096956356,10.374938559517744,0.3066152997182051,2.5095254959377677,15,3,False,42
permABC-SMC,783633.4661354582,26.695654908341083,5900760.0,201.01828145980835,0.7423395805184805,24.42838714413991,316.39536565398964,27.631021115105344,0.1145328009695636,10.374938559517744,0.30661529971820506,2.5095254959377677,15,3,False,42
permABC-SMC,776120.0787401575,26.38465779347057,5914035.0,201.05109238624573,0.7423395805184805,24.42838714413991,316.39536565398953,27.631021115105344,0.11453280096956356,10.374938559517744,0.30661529971820506,2.5095254959377677,15,3,False,42
permABC-SMC,765802.3255813954,25.97976285357808,5927310.0,201.08336448669434,0.7423395805184805,24.42838714413991,316.39536565398953,27.631021115105344,0.11453280096956356,10.374938559517744,0.3066152997182051,2.5095254959377677,15,3,False,42
permABC-SMC,764554.054054054,25.883622703404956,5940585.0,201.11574840545654,0.7423395805184805,24.42838714413991,316.39536565398964,27.631021115105344,0.1145328009695636,10.374938559517744,0.30661529971820506,2.5095254959377677,15,3,False,42
permABC-SMC,763315.3846153846,25.788214237262036,5953860.0,201.14807105064392,0.7423395805184805,24.42838714413991,316.39536565398953,27.631021115105344,0.11453280096956356,10.374938559517744,0.30661529971820506,2.5095254959377677,15,3,False,42
permABC-SMC,757731.4285714285,25.54679422529917,5967135.0,201.18100452423096,0.7423395805184805,24.42838714413991,316.39536565398953,27.631021115105344,0.11453280096956356,10.374938559517744,0.3066152997182051,2.5095254959377677,15,3,False,42
permABC-SMC,755102.2727272727,25.40579962007927,5980410.0,201.21393299102783,0.7423395805184805,24.42838714413991,316.39536565398964,27.631021115105344,0.1145328009695636,10.374938559517744,0.30661529971820506,2.5095254959377677,15,3,False,42
permABC-SMC,753922.641509434,25.313999697847187,5993685.0,201.24629759788513,0.7423395805184805,24.42838714413991,316.39536565398953,27.631021115105344,0.11453280096956356,10.374938559517744,0.30661529971820506,2.5095254959377677,15,3,False,42
permABC-SMC,744356.8773234201,24.941596754421532,6006960.0,201.27868580818176,0.7423395805184805,24.42838714413991,316.39536565398953,27.631021115105344,0.11453280096956356,10.374938559517744,0.3066152997182051,2.5095254959377677,15,3,False,42
permABC-SMC,744617.8107606678,24.89932616994052,6020235.0,201.31105208396912,0.7423395805184805,24.42838714413991,316.39536565398964,27.631021115105344,0.1145328009695636,10.374938559517744,0.30661529971820506,2.5095254959377677,15,3,False,42
permABC-SMC,740762.4309392264,24.719861623624702,6033510.0,201.34327292442322,0.7423395805184805,24.42838714413991,316.39536565398953,27.631021115105344,0.11453280096956356,10.374938559517744,0.30661529971820506,2.5095254959377677,15,3,False,42
permABC-SMC,735618.613138686,24.498242444365566,6046785.0,201.37555289268494,0.7423395805184805,24.42838714413991,316.39536565398953,27.631021115105344,0.11453280096956356,10.374938559517744,0.3066152997182051,2.5095254959377677,15,3,False,42
permABC-SMC,729249.0974729242,24.236800839898102,6060060.0,201.40781497955322,0.7423395805184805,24.42838714413991,316.39536565398964,27.631021115105344,0.1145328009695636,10.374938559517744,0.30661529971820506,2.5095254959377677,15,3,False,42
permABC-SMC,723016.0714285715,23.98095536799658,6073335.0,201.44002509117126,0.7423395805184805,24.42838714413991,316.39536565398953,27.631021115105344,0.11453280096956356,10.374938559517744,0.30661529971820506,2.5095254959377677,15,3,False,42
permABC-SMC,723304.8128342244,23.94203482393841,6086610.0,201.47222304344177,0.7423395805184805,24.42838714413991,316.39536565398953,27.631021115105344,0.11453280096956356,10.374938559517744,0.3066152997182051,2.5095254959377677,15,3,False,42
permABC-SMC,717211.6402116403,23.69246342685348,6099885.0,201.5044014453888,0.7423395805184805,24.42838714413991,316.39536565398964,27.631021115105344,0.1145328009695636,10.374938559517744,0.30661529971820506,2.5095254959377677,15,3,False,42
permABC-SMC,716246.0456942003,23.61296688385993,6113160.0,201.5366723537445,0.7423395805184805,24.42838714413991,316.39536565398953,27.631021115105344,0.11453280096956356,10.374938559517744,0.30661529971820506,2.5095254959377677,15,3,False,42
permABC-SMC,714036.7132867132,23.49288310760107,6126435.0,201.56893706321716,0.7423395805184805,24.42838714413991,316.39536565398953,27.631021115105344,0.11453280096956356,10.374938559517744,0.3066152997182051,2.5095254959377677,15,3,False,42
permABC-SMC,710614.5833333335,23.333469750704595,6139710.0,201.60117864608765,0.7423395805184805,24.42838714413991,316.39536565398964,27.631021115105344,0.1145328009695636,10.374938559517744,0.30661529971820506,2.5095254959377677,15,3,False,42
permABC-SMC,706022.3752151463,23.13636081080565,6152985.0,201.63338446617126,0.7423395805184805,24.42838714413991,316.39536565398953,27.631021115105344,0.11453280096956356,10.374938559517744,0.30661529971820506,2.5095254959377677,15,3,False,42
permABC-SMC,707545.6110154905,23.140069279804766,6166260.0,201.66570377349854,0.7423395805184805,24.42838714413991,316.39536565398953,27.631021115105344,0.11453280096956356,10.374938559517744,0.3066152997182051,2.5095254959377677,15,3,False,42
permABC-SMC,705426.3698630137,23.024894303927137,6179535.0,201.69807410240173,0.7423395805184805,24.42838714413991,316.39536565398964,27.631021115105344,0.1145328009695636,10.374938559517744,0.30661529971820506,2.5095254959377677,15,3,False,42
permABC-SMC,697388.5135135136,22.717372522697797,6192810.0,201.7302680015564,0.7423395805184805,24.42838714413991,316.39536565398953,27.631021115105344,0.11453280096956356,10.374938559517744,0.30661529971820506,2.5095254959377677,15,3,False,42
permABC-SMC,695359.6638655463,22.60646544918627,6206085.0,201.76270413398743,0.7423395805184805,24.42838714413991,316.39536565398953,27.631021115105344,0.11453280096956356,10.374938559517744,0.3066152997182051,2.5095254959377677,15,3,False,42
permABC-SMC,692193.6560934891,22.45911408213688,6219360.0,201.79514002799988,0.7423395805184805,24.42838714413991,316.39536565398964,27.631021115105344,0.1145328009695636,10.374938559517744,0.30661529971820506,2.5095254959377677,15,3,False,42
permABC-SMC,687928.8079470199,22.276752831920092,6232635.0,201.82738065719604,0.7423395805184805,24.42838714413991,316.39536565398953,27.631021115105344,0.11453280096956356,10.374938559517744,0.30661529971820506,2.5095254959377677,15,3,False,42
permABC-SMC,684858.552631579,22.133741410155043,6245910.0,201.859721660614,0.7423395805184805,24.42838714413991,316.39536565398953,27.631021115105344,0.11453280096956356,10.374938559517744,0.3066152997182051,2.5095254959377677,15,3,False,42
permABC-SMC,679607.4918566777,21.920947764517823,6259185.0,201.8919289112091,0.7423395805184805,24.42838714413991,316.39536565398964,27.631021115105344,0.1145328009695636,10.374938559517744,0.30661529971820506,2.5095254959377677,15,3,False,42
permABC-SMC,675547.6575121162,21.747340293231034,6272460.0,201.92405462265015,0.7423395805184805,24.42838714413991,316.39536565398953,27.631021115105344,0.11453280096956356,10.374938559517744,0.30661529971820506,2.5095254959377677,15,3,False,42
permABC-SMC,672630.8186195827,21.611148549503923,6285735.0,201.95618319511414,0.7423395805184805,24.42838714413991,316.39536565398953,27.631021115105344,0.11453280096956356,10.374938559517744,0.3066152997182051,2.5095254959377677,15,3,False,42
permABC-SMC,671894.4,21.54543896993001,6299010.0,201.98849034309387,0.7423395805184805,24.42838714413991,316.39536565398964,27.631021115105344,0.1145328009695636,10.374938559517744,0.30661529971820506,2.5095254959377677,15,3,False,42
permABC-SMC,669028.6168521462,21.412314797559617,6312285.0,202.02519011497498,0.7423395805184805,24.42838714413991,316.39536565398953,27.631021115105344,0.11453280096956356,10.374938559517744,0.30661529971820506,2.5095254959377677,15,3,False,42
permABC-SMC,666199.0521327013,21.28043830112258,6325560.0,202.05776166915894,0.7423395805184805,24.42838714413991,316.39536565398953,27.631021115105344,0.11453280096956356,10.374938559517744,0.3066152997182051,2.5095254959377677,15,3,False,42
permABC-SMC,666544.1640378549,21.25027761349041,6338835.0,202.09014010429382,0.7423395805184805,24.42838714413991,316.39536565398964,27.631021115105344,0.1145328009695636,10.374938559517744,0.30661529971820506,2.5095254959377677,15,3,False,42
permABC-SMC,664794.3485086343,21.153584804165618,6352110.0,202.1225028038025,0.7423395805184805,24.42838714413991,316.39536565398953,27.631021115105344,0.11453280096956356,10.374938559517744,0.30661529971820506,2.5095254959377677,15,3,False,42
permABC-SMC,664098.5915492957,21.09077224273761,6365385.0,202.15505194664001,0.7423395805184805,24.42838714413991,316.39536565398953,27.631021115105344,0.11453280096956356,10.374938559517744,0.3066152997182051,2.5095254959377677,15,3,False,42
permABC-SMC,662373.831775701,20.995670959337975,6378660.0,202.18831133842468,0.7423395805184805,24.42838714413991,316.39536565398964,27.631021115105344,0.1145328009695636,10.374938559517744,0.30661529971820506,2.5095254959377677,15,3,False,42
permABC-SMC,660665.1162790698,20.901403057482817,6391935.0,202.22107458114624,0.7423395805184805,24.42838714413991,316.39536565398953,27.631021115105344,0.11453280096956356,10.374938559517744,0.30661529971820506,2.5095254959377677,15,3,False,42
permABC-SMC,656944.6153846154,20.74393431345622,6405210.0,202.25335955619812,0.7423395805184805,24.42838714413991,316.39536565398953,27.631021115105344,0.11453280096956356,10.374938559517744,0.3066152997182051,2.5095254959377677,15,3,False,42
permABC-SMC,656286.8098159508,20.683624432374604,6418485.0,202.28584694862366,0.7423395805184805,24.42838714413991,316.39536565398964,27.631021115105344,0.1145328009695636,10.374938559517744,0.30661529971820506,2.5095254959377677,15,3,False,42
permABC-SMC,656637.0597243491,20.655245072626226,6431760.0,202.3181254863739,0.7423395805184805,24.42838714413991,316.39536565398953,27.631021115105344,0.11453280096956356,10.374938559517744,0.30661529971820506,2.5095254959377677,15,3,False,42
permABC-SMC,654983.231707317,20.56406632186921,6445035.0,202.350412607193,0.7423395805184805,24.42838714413991,316.39536565398953,27.631021115105344,0.11453280096956356,10.374938559517744,0.3066152997182051,2.5095254959377677,15,3,False,42
permABC-SMC,655333.3333333334,20.536036759932472,6458310.0,202.38264226913452,0.7423395805184805,24.42838714413991,316.39536565398964,27.631021115105344,0.1145328009695636,10.374938559517744,0.30661529971820506,2.5095254959377677,15,3,False,42
permABC-SMC,652706.5052950075,20.415010562883257,6471585.0,202.41482973098755,0.7423395805184805,24.42838714413991,316.39536565398953,27.631021115105344,0.11453280096956356,10.374938559517744,0.30661529971820506,2.5095254959377677,15,3,False,42
permABC-SMC,653057.4018126888,20.387425595539934,6484860.0,202.44713616371155,0.7423395805184805,24.42838714413991,316.39536565398953,27.631021115105344,0.11453280096956356,10.374938559517744,0.3066152997182051,2.5095254959377677,15,3,False,42
permABC-SMC,650463.9639639639,20.26818944169236,6498135.0,202.4792125225067,0.7423395805184805,24.42838714413991,316.39536565398964,27.631021115105344,0.1145328009695636,10.374938559517744,0.30661529971820506,2.5095254959377677,15,3,False,42
permABC-SMC,642150.8875739645,19.97153965914273,6511410.0,202.51141214370728,0.7423395805184805,24.42838714413991,316.39536565398953,27.631021115105344,0.11453280096956356,10.374938559517744,0.30661529971820506,2.5095254959377677,15,3,False,42
permABC-SMC,640617.0839469809,19.886461261679976,6524685.0,202.54360795021057,0.7423395805184805,24.42838714413991,316.39536565398953,27.631021115105344,0.11453280096956356,10.374938559517744,0.3066152997182051,2.5095254959377677,15,3,False,42
permABC-SMC,638161.0541727671,19.77313713308309,6537960.0,202.57578992843628,0.7423395805184805,24.42838714413991,316.39536565398964,27.631021115105344,0.1145328009695636,10.374938559517744,0.30661529971820506,2.5095254959377677,15,3,False,42
permABC-SMC,635733.6244541485,19.661120961211015,6551235.0,202.60785150527954,0.7423395805184805,24.42838714413991,316.39536565398953,27.631021115105344,0.11453280096956356,10.374938559517744,0.30661529971820506,2.5095254959377677,15,3,False,42
permABC-SMC,636095.9302325582,19.635666109794798,6564510.0,202.64007425308228,0.7423395805184805,24.42838714413991,316.39536565398953,27.631021115105344,0.11453280096956356,10.374938559517744,0.3066152997182051,2.5095254959377677,15,3,False,42
permABC-SMC,636457.184325109,19.610274489743734,6577785.0,202.67218685150146,0.7423395805184805,24.42838714413991,316.39536565398964,27.631021115105344,0.1145328009695636,10.374938559517744,0.30661529971820506,2.5095254959377677,15,3,False,42
permABC-SMC,634060.606060606,19.50018007976611,6591060.0,202.7043719291687,0.7423395805184805,24.42838714413991,316.39536565398953,27.631021115105344,0.11453280096956356,10.374938559517744,0.30661529971820506,2.5095254959377677,15,3,False,42
permABC-SMC,632599.1379310346,19.41920534861042,6604335.0,202.7365038394928,0.7423395805184805,24.42838714413991,316.39536565398953,27.631021115105344,0.11453280096956356,10.374938559517744,0.3066152997182051,2.5095254959377677,15,3,False,42
permABC-SMC,632054.441260745,19.366643786316505,6617610.0,202.76876044273376,0.7423395805184805,24.42838714413991,316.39536565398964,27.631021115105344,0.1145328009695636,10.374938559517744,0.30661529971820506,2.5095254959377677,15,3,False,42
permABC-SMC,632416.3090128755,19.34200708901365,6630885.0,202.8009443283081,0.7423395805184805,24.42838714413991,316.39536565398953,27.631021115105344,0.11453280096956356,10.374938559517744,0.30661529971820506,2.5095254959377677,15,3,False,42
permABC-SMC,631874.4650499288,19.28988489376836,6644160.0,202.83313965797424,0.7423395805184805,24.42838714413991,316.39536565398953,27.631021115105344,0.11453280096956356,10.374938559517744,0.3066152997182051,2.5095254959377677,15,3,False,42
permABC-SMC,632235.0427350427,19.265487866523937,6657435.0,202.86558723449707,0.7423395805184805,24.42838714413991,316.39536565398964,27.631021115105344,0.1145328009695636,10.374938559517744,0.30661529971820506,2.5095254959377677,15,3,False,42
permABC-SMC,633495.7264957265,19.268566319066235,6670710.0,202.89800333976746,0.7423395805184805,24.42838714413991,316.39536565398953,27.631021115105344,0.11453280096956356,10.374938559517744,0.30661529971820506,2.5095254959377677,15,3,False,42
permABC-SMC,633853.4850640113,19.244223807648268,6683985.0,202.930340051651,0.7423395805184805,24.42838714413991,316.39536565398953,27.631021115105344,0.11453280096956356,10.374938559517744,0.3066152997182051,2.5095254959377677,15,3,False,42
permABC-SMC,634210.2272727274,19.219936362721707,6697260.0,202.9625279903412,0.7423395805184805,24.42838714413991,316.39536565398964,27.631021115105344,0.1145328009695636,10.374938559517744,0.30661529971820506,2.5095254959377677,15,3,False,42
permABC-SMC,634565.9574468085,19.19573199946266,6710535.0,202.99486589431763,0.7423395805184805,24.42838714413991,316.39536565398953,27.631021115105344,0.11453280096956356,10.374938559517744,0.30661529971820506,2.5095254959377677,15,3,False,42
permABC-SMC,633127.1186440678,19.117754215125537,6723810.0,203.03054976463318,0.7423395805184805,24.42838714413991,316.39536565398953,27.631021115105344,0.11453280096956356,10.374938559517744,0.3066152997182051,2.5095254959377677,15,3,False,42
permABC-SMC,633482.3695345557,19.09385092896254,6737085.0,203.0631046295166,0.7423395805184805,24.42838714413991,316.39536565398964,27.631021115105344,0.1145328009695636,10.374938559517744,0.30661529971820506,2.5095254959377677,15,3,False,42
permABC-SMC,634730.6064880113,19.09689091716958,6750360.0,203.0954349040985,0.7423395805184805,24.42838714413991,316.39536565398953,27.631021115105344,0.11453280096956356,10.374938559517744,0.30661529971820506,2.5095254959377677,15,3,False,42
permABC-SMC,635083.0985915494,19.07302883309378,6763635.0,203.12775707244873,0.7423395805184805,24.42838714413991,316.39536565398953,27.631021115105344,0.11453280096956356,10.374938559517744,0.3066152997182051,2.5095254959377677,15,3,False,42
permABC-SMC,636329.5774647888,19.088309337275692,6776910.0,203.29049444198608,0.7423395805184805,24.42838714413991,316.39536565398964,27.631021115105344,0.1145328009695636,10.374938559517744,0.30661529971820506,2.5095254959377677,15,3,False,42
permABC-SMC,636679.3248945149,19.06450672212253,6790185.0,203.32296419143677,0.7423395805184805,24.42838714413991,316.39536565398953,27.631021115105344,0.11453280096956356,10.374938559517744,0.30661529971820506,2.5095254959377677,15,3,False,42
permABC-SMC,637028.0898876404,19.040717145476897,6803460.0,203.35485911369324,0.7423395805184805,24.42838714413991,316.39536565398953,27.631021115105344,0.11453280096956356,10.374938559517744,0.3066152997182051,2.5095254959377677,15,3,False,42
permABC-SMC,636483.193277311,18.990361056074047,6816735.0,203.38676691055298,0.7423395805184805,24.42838714413991,316.39536565398964,27.631021115105344,0.1145328009695636,10.374938559517744,0.30661529971820506,2.5095254959377677,15,3,False,42
permABC-SMC,636830.7692307692,18.966769127301127,6830010.0,203.41859889030457,0.7423395805184805,24.42838714413991,316.39536565398953,27.631021115105344,0.11453280096956356,10.374938559517744,0.30661529971820506,2.5095254959377677,15,3,False,42
permABC-SMC,636288.7029288705,18.916832774475754,6843285.0,203.4505364894867,0.7423395805184805,24.42838714413991,316.39536565398953,27.631021115105344,0.11453280096956356,10.374938559517744,0.3066152997182051,2.5095254959377677,15,3,False,42
permABC-SMC,634866.6666666667,18.840958189081267,6856560.0,203.48234844207764,0.7423395805184805,24.42838714413991,316.39536565398964,27.631021115105344,0.1145328009695636,10.374938559517744,0.30661529971820506,2.5095254959377677,15,3,False,42
permABC-SMC,633456.4315352698,18.76572637087522,6869835.0,203.51430249214172,0.7423395805184805,24.42838714413991,316.39536565398953,27.631021115105344,0.11453280096956356,10.374938559517744,0.30661529971820506,2.5095254959377677,15,3,False,42
permABC-SMC,634680.4979253113,18.76866739430478,6883110.0,203.54619789123535,0.7423395805184805,24.42838714413991,316.39536565398953,27.631021115105344,0.11453280096956356,10.374938559517744,0.3066152997182051,2.5095254959377677,15,3,False,42
permABC-SMC,635026.2430939226,18.74569353697269,6896385.0,203.57823181152344,0.7423395805184805,24.42838714413991,316.39536565398964,27.631021115105344,0.1145328009695636,10.374938559517744,0.30661529971820506,2.5095254959377677,15,3,False,42
permABC-SMC,635371.0344827586,18.722770800535706,6909660.0,203.6101324558258,0.7423395805184805,24.42838714413991,316.39536565398953,27.631021115105344,0.11453280096956356,10.374938559517744,0.30661529971820506,2.5095254959377677,15,3,False,42
permABC-SMC,633968.4065934066,18.648543702813733,6922935.0,203.64209723472595,0.7423395805184805,24.42838714413991,316.39536565398953,27.631021115105344,0.11453280096956356,10.374938559517744,0.3066152997182051,2.5095254959377677,15,3,False,42
permABC-SMC,631713.1147540984,18.549534640459846,6936210.0,203.67389035224915,0.7423395805184805,24.42838714413991,316.39536565398964,27.631021115105344,0.1145328009695636,10.374938559517744,0.30661529971820506,2.5095254959377677,15,3,False,42
permABC-SMC,632058.6630286493,18.52712711457395,6949485.0,203.7057626247406,0.7423395805184805,24.42838714413991,316.39536565398953,27.631021115105344,0.11453280096956356,10.374938559517744,0.30661529971820506,2.5095254959377677,15,3,False,42
permABC-SMC,632403.2697547685,18.504782701816264,6962760.0,203.73765754699707,0.7423395805184805,24.42838714413991,316.39536565398953,27.631021115105344,0.11453280096956356,10.374938559517744,0.3066152997182051,2.5095254959377677,15,3,False,42
permABC-SMC,633608.9918256131,18.507677008085743,6976035.0,203.76952385902405,0.7423395805184805,24.42838714413991,316.39536565398964,27.631021115105344,0.1145328009695636,10.374938559517744,0.30661529971820506,2.5095254959377677,15,3,False,42
permABC-SMC,633089.6739130435,18.460276485353276,6989310.0,203.80145239830017,0.7423395805184805,24.42838714413991,316.39536565398953,27.631021115105344,0.11453280096956356,10.374938559517744,0.30661529971820506,2.5095254959377677,15,3,False,42
permABC-SMC,633431.4789687924,18.43810922578685,7002585.0,203.8332974910736,0.7423395805184805,24.42838714413991,316.39536565398953,27.631021115105344,0.11453280096956356,10.374938559517744,0.3066152997182051,2.5095254959377677,15,3,False,42
permABC-SMC,633772.3577235772,18.41602247904956,7015860.0,203.8653688430786,0.7423395805184805,24.42838714413991,316.39536565398964,27.631021115105344,0.1145328009695636,10.374938559517744,0.30661529971820506,2.5095254959377677,15,3,False,42
permABC-SMC,634971.5447154472,18.418912663584692,7029135.0,203.89736318588257,0.7423395805184805,24.42838714413991,316.39536565398953,27.631021115105344,0.11453280096956356,10.374938559517744,0.30661529971820506,2.5095254959377677,15,3,False,42
permABC-SMC,636170.731707317,18.42179119640788,7042410.0,203.92922854423523,0.7423395805184805,24.42838714413991,316.39536565398953,27.631021115105344,0.11453280096956356,10.374938559517744,0.3066152997182051,2.5095254959377677,15,3,False,42
permABC-SMC,634789.4736842106,18.350068374201353,7055685.0,203.96100997924805,0.7423395805184805,24.42838714413991,316.39536565398964,27.631021115105344,0.1145328009695636,10.374938559517744,0.30661529971820506,2.5095254959377677,15,3,False,42
permABC-SMC,635983.8056680162,18.352951447919743,7068960.0,203.99305534362793,0.7423395805184805,24.42838714413991,316.39536565398953,27.631021115105344,0.11453280096956356,10.374938559517744,0.30661529971820506,2.5095254959377677,15,3,False,42
permABC-SMC,636319.4070080863,18.33115652243725,7082235.0,204.02577209472656,0.7423395805184805,24.42838714413991,316.39536565398953,27.631021115105344,0.11453280096956356,10.374938559517744,0.3066152997182051,2.5095254959377677,15,3,False,42
permABC-SMC,635798.3870967742,18.28479536118046,7095510.0,204.05831623077393,0.7423395805184805,24.42838714413991,316.39536565398964,27.631021115105344,0.1145328009695636,10.374938559517744,0.30661529971820506,2.5095254959377677,15,3,False,42
permABC-SMC,636987.9032258064,18.287681593262594,7108785.0,204.09052658081055,0.7423395805184805,24.42838714413991,316.39536565398953,27.631021115105344,0.11453280096956356,10.374938559517744,0.30661529971820506,2.5095254959377677,15,3,False,42
permABC-SMC,635614.4578313254,18.217134220373516,7122060.0,204.12298893928528,0.7423395805184805,24.42838714413991,316.39536565398953,27.631021115105344,0.11453280096956356,10.374938559517744,0.3066152997182051,2.5095254959377677,15,3,False,42
permABC-SMC,634252.0,18.1471345477634,7135335.0,204.15526366233826,0.7423395805184805,24.42838714413991,316.39536565398964,27.631021115105344,0.1145328009695636,10.374938559517744,0.30661529971820506,2.5095254959377677,15,3,False,42
permABC-SMC,633742.0212765958,18.101806188306064,7148610.0,204.1883738040924,0.7423395805184805,24.42838714413991,316.39536565398953,27.631021115105344,0.11453280096956356,10.374938559517744,0.30661529971820506,2.5095254959377677,15,3,False,42
permABC-SMC,632396.0264900662,18.032752409676053,7161885.0,204.2209210395813,0.7423395805184805,24.42838714413991,316.39536565398953,27.631021115105344,0.11453280096956356,10.374938559517744,0.3066152997182051,2.5095254959377677,15,3,False,42
permABC-SMC,632730.1587301587,18.011741495216548,7175160.0,204.25314855575562,0.7423395805184805,24.42838714413991,316.39536565398964,27.631021115105344,0.1145328009695636,10.374938559517744,0.30661529971820506,2.5095254959377677,15,3,False,42
permABC-SMC,633063.4081902246,17.990803267135856,7188435.0,204.28557109832764,0.7423395805184805,24.42838714413991,316.39536565398953,27.631021115105344,0.11453280096956356,10.374938559517744,0.30661529971820506,2.5095254959377677,15,3,False,42
permABC-SMC,634232.4966974901,17.99365486252523,7201710.0,204.317950963974,0.7423395805184805,24.42838714413991,316.39536565398953,27.631021115105344,0.11453280096956356,10.374938559517744,0.3066152997182051,2.5095254959377677,15,3,False,42
permABC-SMC,632893.4210526316,17.925460129453423,7214985.0,204.35024547576904,0.7423395805184805,24.42838714413991,316.39536565398964,27.631021115105344,0.1145328009695636,10.374938559517744,0.30661529971820506,2.5095254959377677,15,3,False,42
permABC-SMC,630738.219895288,17.834425284600382,7228260.0,204.38251376152039,0.7423395805184805,24.42838714413991,316.39536565398953,27.631021115105344,0.11453280096956356,10.374938559517744,0.30661529971820506,2.5095254959377677,15,3,False,42
permABC-SMC,630187.9895561358,17.87869087813521,7240860.0,205.42615818977356,0.7423372715273913,24.415516776366736,316.299263808049,27.63102111510457,0.10018729525013564,10.38437319270085,0.3046486328036478,2.510094674678172,15,3,False,42
permABC-SMC,631233.681462141,17.96021876488695,7252875.0,206.36291360855103,0.7407851492056144,24.420883293700548,315.93048818155165,27.631021115104502,0.10113743952164317,10.387025019492834,0.3073210663998795,2.510647529846806,15,3,False,42
permABC-SMC,630580.7291666666,18.00828619549672,7264290.0,207.4554569721222,0.7392629359707229,24.446192586599558,315.1782892571882,27.631021115126448,0.10319575247361135,10.387310660330845,0.3093892902313539,2.510670645674701,15,3,False,42
permABC-SMC,629066.1478599221,17.954468778650636,7275150.0,207.6434314250946,0.7374181784948005,24.443586722728796,315.0955254839555,27.63102111512604,0.10458690274888811,10.387839223480892,0.31032902602020707,2.5110044542718977,15,3,False,42
permABC-SMC,629141.1917098445,18.012071314665114,7285455.0,208.57978582382202,0.7356985774824026,24.439487042757435,314.4350411854306,27.631021115125655,0.10485995389618022,10.38403096116741,0.3100052193354537,2.5106930740367757,15,3,False,42
permABC-SMC,629172.0569210866,18.083362118752675,7295250.0,209.67658376693726,0.7335784282856092,24.435922360447524,314.23949049096734,27.63102111512526,0.1069201450256854,10.384141628482618,0.3115306589297585,2.5114702292409428,15,3,False,42
permABC-SMC,628348.3870967742,18.117089876564602,7304550.0,210.61116981506348,0.7317418765302998,24.43246309858887,313.99600094000084,27.631021115125087,0.1086748075530382,10.38691321226737,0.31372166004143054,2.512222637055251,15,3,False,42
permABC-SMC,628297.6804123712,18.097559057969818,7313385.0,210.65558743476868,0.7297921959472975,24.437909179079956,313.44726102016347,27.63102111512527,0.10935479443464628,10.385082418822268,0.31341019675352594,2.5133440717870754,15,3,False,42
permABC-SMC,628208.4942084941,18.1665451012165,7321770.0,211.73108315467834,0.7276468010835241,24.444264795335595,313.02641928551395,27.631021115125463,0.11249326068462014,10.38589835383478,0.31528914633203076,2.514081314561651,15,3,False,42
permABC-SMC,628083.5475578406,18.223021351177668,7329735.0,212.6626591682434,0.725440939405446,24.43859548761771,312.6745087114415,27.63102111512524,0.11528379514451913,10.385810191511874,0.31938476738287513,2.5151425178018463,15,3,False,42
permABC-SMC,628732.64781491,18.31652670715646,7337310.0,213.75386667251587,0.7237819141909719,24.425328631971553,312.4195124588068,27.63102111512464,0.1159776208998721,10.387168721098211,0.3223135199878951,2.516209573549706,15,3,False,42
permABC-SMC,1074899.1228070178,31.25951185561063,7352310.0,213.8150610923767,0.7221317361504572,24.420436645796613,312.4358066469395,27.631021115104105,0.1142098547961944,10.389270542243487,0.320468603497177,2.518095922399837,15,3,False,42
permABC-SMC,1058415.948275862,30.726227472568382,7366575.0,213.85454320907593,0.7199825074332615,24.42469669969758,312.2739638583977,27.631021115125204,0.11637041694281439,10.392579837875505,0.3225414209065078,2.5183921026356324,15,3,False,42
permABC-SMC,1037991.5611814347,30.082614445317482,7380120.0,213.88738870620728,0.718172737955878,24.42363247622002,311.53406407145167,27.631021115124945,0.11978557347755693,10.389147345749267,0.32582594562756956,2.5179632346371976,15,3,False,42
permABC-SMC,1026802.0833333335,29.73071826828851,7392975.0,214.06117153167725,0.7167081826637796,24.428050408266333,311.64223350200746,27.631021115125474,0.12235830080004767,10.39728826352281,0.3290298858031541,2.5207246688756446,15,3,False,42
permABC-SMC,1015800.4115226337,29.386281313065478,7405185.0,214.22599077224731,0.7144755312835964,24.426152009122653,311.2155431951329,27.63102111512528,0.12445762428332158,10.395081674656483,0.33073411139671866,2.520788565153424,15,3,False,42
permABC-SMC,998894.9494949495,28.857054244789612,7416795.0,214.26362776756287,0.7130160243663962,24.418540094059665,310.98244517840294,27.631021115124746,0.12549875464204677,10.393373985387763,0.3334300094814926,2.520852910008832,15,3,False,42
permABC-SMC,990376.0,28.588543478647868,7427820.0,214.414076089859,0.7110692134450464,24.413419225730518,310.7422902060075,27.63102111512421,0.12745821588048953,10.391549016985886,0.33631659917125784,2.5209953810530297,15,3,False,42
permABC-SMC,983900.7936507935,28.36608628116587,7438290.0,214.447612285614,0.7077249861799114,24.43291030949016,310.3446162355996,27.631021115145927,0.12946619283216096,10.395263735434675,0.3386549690220258,2.5227593466085216,15,3,False,42
permABC-SMC,975540.275049116,28.0910642770044,7448250.0,214.4752757549286,0.7057395169267991,24.418570332157902,309.82128735215474,27.63102111514525,0.13238983719173544,10.391335027985884,0.34137745697219357,2.5215869474553094,15,3,False,42
permABC-SMC,972954.9902152641,27.98454137853136,7457700.0,214.50150966644287,0.7047945340096806,24.417951154258716,309.33904165412565,27.631021115145124,0.13608043020315977,10.39127974665116,0.3453918607773148,2.5224742783739496,15,3,False,42
permABC-SMC,962822.0502901354,27.663060236868745,7466685.0,214.52703213691711,0.702809547029762,24.42063958457252,308.9626177441977,27.631021115145113,0.13860414248890446,10.389916314979219,0.34671078778291037,2.5225701802079867,15,3,False,42
permABC-SMC,954689.6551724138,27.41588392172432,7475220.0,214.66637110710144,0.7016355028221656,24.42180046069926,308.6563643423324,27.631021115145217,0.1418996325193383,10.389386187618115,0.34839776369557013,2.5223987407346242,15,3,False,42
permABC-SMC,948456.2737642584,27.210658312750404,7483320.0,214.6920940876007,0.6989606938256375,24.434575436176917,308.2169811502929,27.631021115145533,0.14521352859528966,10.390697270065132,0.34941972497598695,2.522394205587955,15,3,False,42
permABC-SMC,945835.2272727273,27.11065131606478,7491015.0,214.71635842323303,0.6978770334709512,24.457586795185726,307.1262433295958,27.63102111514644,0.1482768660899917,10.381716564709285,0.3522461456618348,2.5193230943304497,15,3,False,42
permABC-SMC,1743557.4912891986,49.88485800403058,7506015.0,214.75431370735168,0.6959458240046305,24.446732100525576,306.9388517076512,27.631021115145604,0.14781286840648472,10.376480137852738,0.3538175086949431,2.517487602662351,15,3,False,42
permABC-SMC,1711095.5631399318,48.87113988874173,7520265.0,214.7886598110199,0.693830338344566,24.466000502543707,306.4334282092567,27.63102111516776,0.15080107687285196,10.374158179609427,0.35551075418015426,2.517398306945956,15,3,False,42
permABC-SMC,1657600.6600660067,47.26540761681149,7533795.0,214.8212776184082,0.6918678173972457,24.453889736858795,306.3265255366691,27.63102111516715,0.15572226934452893,10.375796324842996,0.3606192175754286,2.5176942295771467,15,3,False,42
permABC-SMC,1617713.8263665596,46.08553705491437,7546635.0,214.98903036117554,0.6900273908441928,24.45409569003533,306.23068819349544,27.631021115167766,0.15853380668028463,10.378245257944641,0.3620604839520048,2.5183492498325584,15,3,False,42
permABC-SMC,1584663.5220125783,45.07877111934765,7558845.0,215.02573823928833,0.6877463247052171,24.46687191306092,305.7995722158369,27.631021115168533,0.16139816822055858,10.381929717601086,0.3641211741922114,2.5191373757676847,15,3,False,42
permABC-SMC,1548150.3067484659,43.97871245635798,7570455.0,215.05590391159058,0.6866185946042218,24.47688745085418,305.8666851613122,27.631021115168842,0.16351442603839642,10.39568188883812,0.3645557165938417,2.523506573299992,15,3,False,42
permABC-SMC,1531612.121212121,43.47691213241731,7581480.0,215.2107150554657,0.6843214351041356,24.486766253295073,305.89023925036224,27.631021115190755,0.1655221486021988,10.399311082220917,0.3651713350635671,2.5247488088586656,15,3,False,42
permABC-SMC,1506342.261904762,42.70652471080659,7591965.0,215.2408845424652,0.6819547137815347,24.518714243648457,305.33870084374354,27.631021115214203,0.16780836510571356,10.401289663247995,0.36640484357786224,2.525239173795358,15,3,False,42
permABC-SMC,1468971.0144927534,41.5976335461013,7601925.0,215.26775360107422,0.6802026361429113,24.546814167092354,304.90602109873737,27.63102111523684,0.17058413457105595,10.405217640107557,0.3686834324964794,2.5263573774511494,15,3,False,42
permABC-SMC,1449791.4285714284,41.033031963166735,7611405.0,215.42341780662537,0.6778467076350954,24.53327220720776,304.6842396104686,27.631021115236326,0.1741368627822359,10.404716428978698,0.3721738783498233,2.5278442647946187,15,3,False,42
permABC-SMC,1423072.829131653,40.23368966345694,7620555.0,215.4514081478119,0.676280127092559,24.528169152946987,304.7016728892418,27.631021115236045,0.1771204407029722,10.406557574767078,0.37358918880169706,2.5280781148478715,15,3,False,42
permABC-SMC,1397299.4505494505,39.6262207310715,7629255.0,216.3591651916504,0.6751584891053747,24.53837752321214,304.454432334907,27.63102111523612,0.17939592512520047,10.405710887416301,0.3766037787794217,2.528508399355332,15,3,False,42
permABC-SMC,1383616.847826087,39.36424652735392,7637565.0,217.29064083099365,0.6739538880358823,24.54044503152064,304.25471664616913,27.631021115235892,0.18418294617033004,10.412609894436228,0.38108362171078264,2.531901193717046,15,3,False,42
permABC-SMC,1373846.361185984,39.214185198897844,7645455.0,218.22694063186646,0.6717106174969797,24.538276864329575,304.0433529175998,27.631021115235576,0.18795273195125778,10.409121884485113,0.3845916531311383,2.532330689844083,15,3,False,42
permABC-SMC,2300436.936936937,65.59193420696545,7660455.0,218.42114090919495,0.6680469296201273,24.520492492802795,303.92002836056326,27.63102111521501,0.18989168791579406,10.405180337419536,0.3863201994829674,2.532217773188476,15,3,False,42
permABC-SMC,2168008.474576271,61.713760249358785,7674750.0,218.4667112827301,0.6662400322150961,24.51549771330532,303.3940160159087,27.631021115215045,0.1948866176929679,10.401528260230158,0.3897263336094566,2.532676972166492,15,3,False,42
permABC-SMC,2100643.4426229508,59.738347439166624,7688355.0,218.64235162734985,0.663596891894973,24.537244254645906,303.62876941226557,27.631021115237584,0.19765511255754803,10.409967580611415,0.3919810370703866,2.535955741495254,15,3,False,42
permABC-SMC,2061923.6947791164,58.54914708629031,7701285.0,218.6810643672943,0.6610304617905385,24.534258431169203,303.58984042469785,27.63102111523737,0.20483234187727492,10.415926256892618,0.39642796616102965,2.537775649606386,15,3,False,42
permABC-SMC,2000922.1789883268,56.734683263162694,7713555.0,218.7122039794922,0.6588641951254706,24.525231410815913,303.4252095588414,27.631021115236912,0.2100144742985832,10.414082287853578,0.40040456249489026,2.5371146634926474,15,3,False,42
permABC-SMC,1988482.6254826253,56.30426462092454,7725255.0,218.74206805229187,0.6573597331513501,24.549219784270946,303.6059426053457,27.6310211152374,0.21411829431123058,10.420613506734858,0.4021384540163419,2.537954372011501,15,3,False,42
permABC-SMC,1968541.9847328244,55.92993482681934,7736370.0,219.80464386940002,0.6550228086852077,24.538653203351963,303.32913800475797,27.631021115236944,0.2197673074850295,10.417517572545307,0.40512238486133095,2.53801227379904,15,3,False,42
permABC-SMC,1941597.744360902,55.32360967239342,7746975.0,220.74120259284973,0.654164384972723,24.53493960075393,303.1642112421928,27.63102111523659,0.22278522326903963,10.4149984513758,0.4076916860739596,2.5380926641199957,15,3,False,42
permABC-SMC,1908250.9225092249,54.34879435531033,7757040.0,220.92784905433655,0.6516258310454734,24.560021001486568,302.1206580175988,27.63102111523754,0.22504899523020938,10.404968358761549,0.40948358897339104,2.5356220582750892,15,3,False,42
permABC-SMC,1896626.3736263735,53.96049095451904,7766685.0,220.9682104587555,0.6512927619119824,24.590745037271972,301.9186220826689,27.631021115260225,0.22799536792459352,10.405389452236735,0.4100176154118935,2.5358866006918475,15,3,False,42
permABC-SMC,1864715.8273381295,53.209522359376905,7775865.0,221.88370823860168,0.6501525084537806,24.61778515871386,301.6523114429016,27.631021115261184,0.23084273326123206,10.411672173867718,0.41244623546088993,2.5388198522657355,15,3,False,42
permABC-SMC,1866812.9496402878,53.43481682473235,7784610.0,222.8231861591339,0.6493865327638508,24.628055316946032,301.72232825482575,27.631021115261568,0.23143046323640848,10.415136309860985,0.41043272132583836,2.5402588360338703,15,3,False,42
permABC-SMC,1842294.3262411351,52.89764099932732,7792905.0,223.75702142715454,0.6481360751962453,24.66271090035398,300.3779958071176,27.631021115284355,0.23981639568675872,10.403214547008957,0.4145061247040183,2.5386889594826485,15,3,False,42
permABC-SMC,1818377.6223776224,52.376581016398255,7800840.0,224.6955325603485,0.6449410225728037,24.684488058590922,299.7363362156865,27.631021115285492,0.2463165688275799,10.400054633503396,0.42024138661351584,2.5397509352089402,15,3,False,42
permABC-SMC,1807493.055555556,52.26378214580042,7808370.0,225.7795388698578,0.6432781007507438,24.68860253760839,299.9994251315445,27.631021115285247,0.2522607050839475,10.412791583132895,0.4246124875439188,2.5423565493939693,15,3,False,42
permABC-SMC,3239490.683229814,93.51532483940045,7823370.0,225.8395094871521,0.6419708925454433,24.67062296507526,299.2611452695513,27.63102111524389,0.2472355698509494,10.407627786988492,0.42679839874994346,2.5424608646610705,15,3,False,42
permABC-SMC,3128814.3712574844,90.58605487237193,7837680.0,226.91806745529175,0.6412036891956725,24.689945300456724,299.4241249031281,27.631021115244142,0.24908411477059472,10.416448011449775,0.42748516901522376,2.545465957310258,15,3,False,42
permABC-SMC,3043151.1627906985,88.32040119540785,7851330.0,227.86663508415222,0.6396474215421853,24.661055932312856,299.91081887095953,27.631021115243286,0.2516154209487185,10.416601960477005,0.4263009676614344,2.5460626351206503,15,3,False,42
permABC-SMC,2995925.714285714,87.1634159996396,7864305.0,228.80396699905396,0.636578168162615,24.679101266848924,300.2351869740034,27.63102111524359,0.25630131770132963,10.425081173106154,0.42671066725568063,2.548681816697133,15,3,False,42
permABC-SMC,2885230.769230769,84.21527204059419,7876680.0,229.90769267082214,0.6354655045749088,24.671954495173527,300.06463212480764,27.63102111526446,0.25571330399827336,10.426798211662858,0.42724248131786596,2.546702832711888,15,3,False,42
permABC-SMC,2812331.550802139,82.03162466990969,7888590.0,230.09870719909668,0.6333941524668805,24.67718777072162,299.79042845836,27.631021115264993,0.2596935890435376,10.424279987522029,0.4308844756465114,2.546931857369475,15,3,False,42
permABC-SMC,2700825.6410256405,78.72746223058455,7899915.0,230.27782702445984,0.6326348050768984,24.65901905370189,299.84406356099885,27.63102111526436,0.26205724814514436,10.426741936002069,0.43515791608583665,2.5482994150027514,15,3,False,42
permABC-SMC,2636925.0,76.77312699953714,7910775.0,230.31938099861145,0.6321904319329309,24.665959526536103,299.372717263162,27.63102111526428,0.26751164438831343,10.425842754635033,0.438036789914871,2.5500266939354894,15,3,False,42
permABC-SMC,2601354.679802955,75.94348691367163,7921125.0,231.24791765213013,0.6312843983441605,24.666299056322313,299.24686544368757,27.63102111526396,0.269373490152842,10.42778989934558,0.43723835757385754,2.5487396950095462,15,3,False,42
permABC-SMC,2566660.194174757,75.14271666702716,7930980.0,232.1909945011139,0.6306202869759239,24.65797461213686,299.71383912461715,27.631021115263465,0.2743071130115713,10.430079937256625,0.4363558107489196,2.5489458633167024,15,3,False,42
permABC-SMC,2544985.576923077,74.71930308219716,7940355.0,233.12422561645508,0.6286245115674661,24.696031656122067,300.50177599738447,27.63102111526629,0.2733532972402342,10.444984159694227,0.43504176282051504,2.553603083183874,15,3,False,42
permABC-SMC,2523571.4285714286,74.30610179901123,7949250.0,234.06422066688538,0.6283255788173436,24.683055275055757,300.65574337652777,27.631021115265643,0.2748961234320625,10.447740478575525,0.4357381729401377,2.55415099775975,15,3,False,42
permABC-SMC,2514298.578199052,73.96764114946362,7957755.0,234.10758423805237,0.6258777079525161,24.684571460362946,300.6864754776716,27.631021115265412,0.28096027243951144,10.447327401549115,0.4387411115145287,2.555364822915428,15,3,False,42
permABC-SMC,2436041.2844036696,71.64604889872606,7965855.0,234.28257989883423,0.6241220643548021,24.695842103172517,299.25101020227874,27.631021115265828,0.294640779616141,10.436220142417373,0.44489168780348914,2.554164567854092,15,3,False,42
permABC-SMC,2405312.21719457,70.68438378933868,7973610.0,234.31873226165771,0.6225150025113525,24.702332763334148,298.6216782947213,27.631021115265696,0.29939230755366025,10.43219522175466,0.4467815693179435,2.553166560649009,15,3,False,42
permABC-SMC,4096723.0769230765,120.18624220138939,7988610.0,234.36317229270935,0.620926977976645,24.63257978802318,296.22785775353594,27.63102111524145,0.25072390804434735,10.422474470077018,0.4409504023880313,2.5455550967767366,15,3,False,42
permABC-SMC,4104046.153846153,120.20394618694598,8002890.0,234.39769506454468,0.6201359493168171,24.62732835186125,296.666633890248,27.631021115241143,0.24865821382483322,10.427353173726683,0.44046302237436624,2.5457894124546403,15,3,False,42
permABC-SMC,3988320.8955223877,117.06937474397876,8016525.0,235.30944323539734,0.6192168121595473,24.61949978723583,296.73025766176966,27.631021115240717,0.25161651145909253,10.431760088209174,0.43983631709228405,2.5474283361164622,15,3,False,42
permABC-SMC,3965348.1481481474,116.74490257545752,8029830.0,236.4084277153015,0.617324967601263,24.65566261347663,296.83913630823565,27.63102111526345,0.25495807832673006,10.438317767063289,0.44114498199285074,2.5496983294501514,15,3,False,42
permABC-SMC,3829800.0,113.02512498128982,8042580.0,237.35276246070862,0.6160324944352515,24.63795281336621,296.8682843881191,27.631021115262826,0.25343575760702086,10.439217607637534,0.4431419008643782,2.5494002863643153,15,3,False,42
permABC-SMC,3703379.3103448274,109.2150303413128,8054850.0,237.54269099235535,0.6150001488116739,24.63368294308012,297.3222361070939,27.631021115262453,0.2500264007496923,10.449034600948472,0.44178498910168684,2.5522438201529263,15,3,False,42
permABC-SMC,3609221.476510067,106.70001106774248,8066610.0,238.47452473640442,0.6139887282505302,24.6325621311516,297.55543774413195,27.63102111526212,0.2540125595997137,10.455458891377159,0.4471530227525846,2.5567741996301216,15,3,False,42
permABC-SMC,3519895.424836601,104.31943272193793,8078160.0,239.41309809684753,0.6136589564199355,24.615846573860953,297.5314428075258,27.631021115261756,0.25351675828904213,10.454054906741032,0.44760501017888926,2.5569895534948612,15,3,False,42
permABC-SMC,3413379.746835443,101.03826673724983,8089710.0,239.4606921672821,0.6136589564199355,24.615846573860953,297.5314428075258,27.631021115261756,0.25351675828904213,10.454054906741032,0.44760501017888926,2.5569895534948612,15,3,False,42
permABC-SMC,3375525.0,99.85019415616989,8101260.0,239.64046597480774,0.6136589564199355,24.615846573860953,297.5314428075258,27.631021115261756,0.25351675828904213,10.454054906741032,0.44760501017888926,2.5569895534948612,15,3,False,42
permABC-SMC,3297890.2439024393,97.43251160877507,8112810.0,239.68397855758667,0.6136589564199355,24.615846573860953,297.5314428075258,27.631021115261756,0.25351675828904213,10.454054906741032,0.44760501017888926,2.5569895534948612,15,3,False,42
permABC-SMC,3262795.1807228914,96.27208297989934,8124360.0,239.71748661994934,0.6136589564199355,24.615846573860953,297.5314428075258,27.631021115261756,0.25351675828904213,10.454054906741032,0.44760501017888926,2.5569895534948612,15,3,False,42
permABC-SMC,3190552.94117647,94.01851046319099,8135910.0,239.74720168113708,0.6136589564199355,24.615846573860953,297.5314428075258,27.631021115261756,0.25351675828904213,10.454054906741032,0.44760501017888926,2.5569895534948612,15,3,False,42
permABC-SMC,3176397.660818713,93.48024262322319,8147460.0,239.7768223285675,0.6136589564199355,24.615846573860953,297.5314428075258,27.631021115261756,0.25351675828904213,10.454054906741032,0.44760501017888926,2.5569895534948612,15,3,False,42
permABC-SMC,3144127.1676300582,92.41099872111357,8159010.0,239.80654168128967,0.6136589564199355,24.615846573860953,297.5314428075258,27.631021115261756,0.25351675828904213,10.454054906741032,0.44760501017888926,2.5569895534948612,15,3,False,42
permABC-SMC,3043039.1061452515,89.32441386430622,8170560.0,239.83605122566223,0.6136589564199355,24.615846573860953,297.5314428075258,27.631021115261756,0.25351675828904213,10.454054906741032,0.44760501017888926,2.5569895534948612,15,3,False,42
permABC-SMC,2980732.2404371584,87.38299918739305,8182110.0,239.86633276939392,0.6136589564199355,24.615846573860953,297.5314428075258,27.631021115261756,0.25351675828904213,10.454054906741032,0.44760501017888926,2.5569895534948612,15,3,False,42
permABC-SMC,2952670.2702702703,86.5778718553148,8193660.0,240.25359439849854,0.6136589564199355,24.615846573860953,297.5314428075258,27.631021115261756,0.25351675828904213,10.454054906741032,0.44760501017888926,2.5569895534948612,15,3,False,42
permABC-SMC,2925208.5561497323,85.6626626217004,8205210.0,240.28376865386963,0.6136589564199355,24.615846573860953,297.5314428075258,27.631021115261756,0.25351675828904213,10.454054906741032,0.44760501017888926,2.5569895534948612,15,3,False,42
permABC-SMC,2883073.6842105263,84.32054645136783,8216760.0,240.31355738639832,0.6136589564199355,24.615846573860953,297.5314428075258,27.631021115261756,0.25351675828904213,10.454054906741032,0.44760501017888926,2.5569895534948612,15,3,False,42
permABC-SMC,2827597.93814433,82.59215248409416,8228310.0,240.343163728714,0.6136589564199355,24.615846573860953,297.5314428075258,27.631021115261756,0.25351675828904213,10.454054906741032,0.44760501017888926,2.5569895534948612,15,3,False,42
permABC-SMC,2760422.1105527636,80.52687229622947,8239860.0,240.372713804245,0.6136589564199355,24.615846573860953,297.5314428075258,27.631021115261756,0.25351675828904213,10.454054906741032,0.44760501017888926,2.5569895534948612,15,3,False,42
permABC-SMC,2750470.0,80.13409781455994,8251410.0,240.4022934436798,0.6136589564199355,24.615846573860953,297.5314428075258,27.631021115261756,0.25351675828904213,10.454054906741032,0.44760501017888926,2.5569895534948612,15,3,False,42
permABC-SMC,2713615.7635467974,78.95957339181884,8262960.0,240.43190097808838,0.6136589564199355,24.615846573860953,297.5314428075258,27.631021115261756,0.25351675828904213,10.454054906741032,0.44760501017888926,2.5569895534948612,15,3,False,42
permABC-SMC,2704088.235294118,78.58224577373929,8274510.0,240.4616720676422,0.6136589564199355,24.615846573860953,297.5314428075258,27.631021115261756,0.25351675828904213,10.454054906741032,0.44760501017888926,2.5569895534948612,15,3,False,42
permABC-SMC,2668618.357487923,77.45295192884362,8286060.0,240.49141573905945,0.6136589564199355,24.615846573860953,297.5314428075258,27.631021115261756,0.25351675828904213,10.454054906741032,0.44760501017888926,2.5569895534948612,15,3,False,42
permABC-SMC,2634161.904761905,76.35588434007433,8297610.0,240.52103567123413,0.6136589564199355,24.615846573860953,297.5314428075258,27.631021115261756,0.25351675828904213,10.454054906741032,0.44760501017888926,2.5569895534948612,15,3,False,42
permABC-SMC,2612943.3962264154,75.64493012878131,8309160.0,240.55087780952454,0.6136589564199355,24.615846573860953,297.5314428075258,27.631021115261756,0.25351675828904213,10.454054906741032,0.44760501017888926,2.5569895534948612,15,3,False,42
permABC-SMC,2532940.6392694064,73.23607716204732,8320710.0,240.58051347732544,0.6136589564199355,24.615846573860953,297.5314428075258,27.631021115261756,0.25351675828904213,10.454054906741032,0.44760501017888926,2.5569895534948612,15,3,False,42
permABC-SMC,2502180.1801801804,72.25531228669772,8332260.0,240.61018991470337,0.6136589564199355,24.615846573860953,297.5314428075258,27.631021115261756,0.25351675828904213,10.454054906741032,0.44760501017888926,2.5569895534948612,15,3,False,42
permABC-SMC,2461300.884955752,70.98521089131853,8343810.0,240.63986492156982,0.6136589564199355,24.615846573860953,297.5314428075258,27.631021115261756,0.25351675828904213,10.454054906741032,0.44760501017888926,2.5569895534948612,15,3,False,42
permABC-SMC,2443087.719298246,70.3712178252594,8355360.0,240.66956496238708,0.6136589564199355,24.615846573860953,297.5314428075258,27.631021115261756,0.25351675828904213,10.454054906741032,0.44760501017888926,2.5569895534948612,15,3,False,42
permABC-SMC,2425191.304347826,69.7678710412288,8366910.0,240.69915509223938,0.6136589564199355,24.615846573860953,297.5314428075258,27.631021115261756,0.25351675828904213,10.454054906741032,0.44760501017888926,2.5569895534948612,15,3,False,42
permABC-SMC,2397270.3862660946,68.87806966069431,8378460.0,240.7288534641266,0.6136589564199355,24.615846573860953,297.5314428075258,27.631021115261756,0.25351675828904213,10.454054906741032,0.44760501017888926,2.5569895534948612,15,3,False,42
permABC-SMC,2400575.1072961376,68.88649330630322,8390010.0,240.75829410552979,0.6136589564199355,24.615846573860953,297.5314428075258,27.631021115261756,0.25351675828904213,10.454054906741032,0.44760501017888926,2.5569895534948612,15,3,False,42
permABC-SMC,2403879.8283261806,68.89516116894025,8401560.0,240.78858828544617,0.6136589564199355,24.615846573860953,297.5314428075258,27.631021115261756,0.25351675828904213,10.454054906741032,0.44760501017888926,2.5569895534948612,15,3,False,42
permABC-SMC,2376584.745762712,68.02770357347478,8413110.0,240.8180706501007,0.6136589564199355,24.615846573860953,297.5314428075258,27.631021115261756,0.25351675828904213,10.454054906741032,0.44760501017888926,2.5569895534948612,15,3,False,42
permABC-SMC,2330473.0290456438,66.62451360235572,8424660.0,240.84761667251587,0.6136589564199355,24.615846573860953,297.5314428075258,27.631021115261756,0.25351675828904213,10.454054906741032,0.44760501017888926,2.5569895534948612,15,3,False,42
permABC-SMC,2286235.772357723,65.2783643908617,8436210.0,240.87716460227966,0.6136589564199355,24.615846573860953,297.5314428075258,27.631021115261756,0.25351675828904213,10.454054906741032,0.44760501017888926,2.5569895534948612,15,3,False,42
permABC-SMC,2252736.0,64.24182167053223,8447760.0,240.90683126449585,0.6136589564199355,24.615846573860953,297.5314428075258,27.631021115261756,0.25351675828904213,10.454054906741032,0.44760501017888926,2.5569895534948612,15,3,False,42
permABC-SMC,2246828.685258964,63.99373843533743,8459310.0,240.9364252090454,0.6136589564199355,24.615846573860953,297.5314428075258,27.631021115261756,0.25351675828904213,10.454054906741032,0.44760501017888926,2.5569895534948612,15,3,False,42
permABC-SMC,2214603.9215686275,62.99766048107272,8470860.0,240.96605134010315,0.6136589564199355,24.615846573860953,297.5314428075258,27.631021115261756,0.25351675828904213,10.454054906741032,0.44760501017888926,2.5569895534948612,15,3,False,42
permABC-SMC,2200365.758754864,62.515111594193954,8482410.0,240.99575519561768,0.6136589564199355,24.615846573860953,297.5314428075258,27.631021115261756,0.25351675828904213,10.454054906741032,0.44760501017888926,2.5569895534948612,15,3,False,42
permABC-SMC,2194821.7054263563,62.280548388951814,8493960.0,241.02572226524353,0.6136589564199355,24.615846573860953,297.5314428075258,27.631021115261756,0.25351675828904213,10.454054906741032,0.44760501017888926,2.5569895534948612,15,3,False,42
permABC-SMC,2180899.9999999995,61.809098476018654,8505510.0,241.05548405647278,0.6136589564199355,24.615846573860953,297.5314428075258,27.631021115261756,0.25351675828904213,10.454054906741032,0.44760501017888926,2.5569895534948612,15,3,False,42
permABC-SMC,2158950.570342205,61.11156520432543,8517060.0,241.08512473106384,0.6136589564199355,24.615846573860953,297.5314428075258,27.631021115261756,0.25351675828904213,10.454054906741032,0.44760501017888926,2.5569895534948612,15,3,False,42
permABC-SMC,2153689.393939394,60.887563890881005,8528610.0,241.1147530078888,0.6136589564199355,24.615846573860953,297.5314428075258,27.631021115261756,0.25351675828904213,10.454054906741032,0.44760501017888926,2.5569895534948612,15,3,False,42
permABC-SMC,2140390.9774436094,60.437785891960736,8540160.0,241.14676570892334,0.6136589564199355,24.615846573860953,297.5314428075258,27.631021115261756,0.25351675828904213,10.454054906741032,0.44760501017888926,2.5569895534948612,15,3,False,42
permABC-SMC,2135258.426966292,60.21899230471264,8551710.0,241.17706418037415,0.6136589564199355,24.615846573860953,297.5314428075258,27.631021115261756,0.25351675828904213,10.454054906741032,0.44760501017888926,2.5569895534948612,15,3,False,42
permABC-SMC,2122245.3531598514,59.77869376521719,8563260.0,241.20702934265137,0.6136589564199355,24.615846573860953,297.5314428075258,27.631021115261756,0.25351675828904213,10.454054906741032,0.44760501017888926,2.5569895534948612,15,3,False,42
permABC-SMC,2117237.037037037,59.56460776152433,8574810.0,241.23666143417358,0.6136589564199355,24.615846573860953,297.5314428075258,27.631021115261756,0.25351675828904213,10.454054906741032,0.44760501017888926,2.5569895534948612,15,3,False,42
permABC-SMC,2120088.8888888885,59.57188965361794,8586360.0,241.2661530971527,0.6136589564199355,24.615846573860953,297.5314428075258,27.631021115261756,0.25351675828904213,10.454054906741032,0.44760501017888926,2.5569895534948612,15,3,False,42
permABC-SMC,2084341.8181818184,58.49590798580286,8597910.0,241.29562044143677,0.6136589564199355,24.615846573860953,297.5314428075258,27.631021115261756,0.25351675828904213,10.454054906741032,0.44760501017888926,2.5569895534948612,15,3,False,42
permABC-SMC,2079579.710144927,58.29112587343666,8609460.0,241.32526111602783,0.6136589564199355,24.615846573860953,297.5314428075258,27.631021115261756,0.25351675828904213,10.454054906741032,0.44760501017888926,2.5569895534948612,15,3,False,42
permABC-SMC,2074851.9855595669,58.08778813312774,8621010.0,241.35475969314575,0.6136589564199355,24.615846573860953,297.5314428075258,27.631021115261756,0.25351675828904213,10.454054906741032,0.44760501017888926,2.5569895534948612,15,3,False,42
permABC-SMC,2070158.2733812947,57.885886324967124,8632560.0,241.38414597511292,0.6136589564199355,24.615846573860953,297.5314428075258,27.631021115261756,0.25351675828904213,10.454054906741032,0.44760501017888926,2.5569895534948612,15,3,False,42
permABC-SMC,2065498.207885304,57.68548277259014,8644110.0,241.4137454032898,0.6136589564199355,24.615846573860953,297.5314428075258,27.631021115261756,0.25351675828904213,10.454054906741032,0.44760501017888926,2.5569895534948612,15,3,False,42
permABC-SMC,2046255.3191489368,57.07880362833083,8655660.0,241.44333934783936,0.6136589564199355,24.615846573860953,297.5314428075258,27.631021115261756,0.25351675828904213,10.454054906741032,0.44760501017888926,2.5569895534948612,15,3,False,42
permABC-SMC,2020328.6713286713,56.28737147315677,8667210.0,241.47282361984253,0.6136589564199355,24.615846573860953,297.5314428075258,27.631021115261756,0.25351675828904213,10.454054906741032,0.44760501017888926,2.5569895534948612,15,3,False,42
permABC-SMC,2015972.12543554,56.09808067826859,8678760.0,241.5022373199463,0.6136589564199355,24.615846573860953,297.5314428075258,27.631021115261756,0.25351675828904213,10.454054906741032,0.44760501017888926,2.5569895534948612,15,3,False,42
permABC-SMC,2004685.1211072665,55.71670185735894,8690310.0,241.531902551651,0.6136589564199355,24.615846573860953,297.5314428075258,27.631021115261756,0.25351675828904213,10.454054906741032,0.44760501017888926,2.5569895534948612,15,3,False,42
permABC-SMC,2007349.480968858,55.72350429416115,8701860.0,241.5613911151886,0.6136589564199355,24.615846573860953,297.5314428075258,27.631021115261756,0.25351675828904213,10.454054906741032,0.44760501017888926,2.5569895534948612,15,3,False,42
permABC-SMC,2003082.7586206896,55.53814811268072,8713410.0,241.59094429016113,0.6136589564199355,24.615846573860953,297.5314428075258,27.631021115261756,0.25351675828904213,10.454054906741032,0.44760501017888926,2.5569895534948612,15,3,False,42
permABC-SMC,1985201.3651877132,54.97618904157168,8724960.0,241.62035083770752,0.6136589564199355,24.615846573860953,297.5314428075258,27.631021115261756,0.25351675828904213,10.454054906741032,0.44760501017888926,2.5569895534948612,15,3,False,42
permABC-SMC,1974352.5423728812,54.61014402788238,8736510.0,241.64988732337952,0.6136589564199355,24.615846573860953,297.5314428075258,27.631021115261756,0.25351675828904213,10.454054906741032,0.44760501017888926,2.5569895534948612,15,3,False,42
permABC-SMC,1976962.711864407,54.61676770010911,8748060.0,241.6791970729828,0.6136589564199355,24.615846573860953,297.5314428075258,27.631021115261756,0.25351675828904213,10.454054906741032,0.44760501017888926,2.5569895534948612,15,3,False,42
permABC-SMC,1966242.4242424243,54.25560600160884,8759610.0,241.70872473716736,0.6136589564199355,24.615846573860953,297.5314428075258,27.631021115261756,0.25351675828904213,10.454054906741032,0.44760501017888926,2.5569895534948612,15,3,False,42
permABC-SMC,1968835.016835017,54.26223377052247,8771160.0,241.7382514476776,0.6136589564199355,24.615846573860953,297.5314428075258,27.631021115261756,0.25351675828904213,10.454054906741032,0.44760501017888926,2.5569895534948612,15,3,False,42
permABC-SMC,1971427.6094276095,54.26884505617632,8782710.0,241.7677047252655,0.6136589564199355,24.615846573860953,297.5314428075258,27.631021115261756,0.25351675828904213,10.454054906741032,0.44760501017888926,2.5569895534948612,15,3,False,42
permABC-SMC,1934930.693069307,53.20073081584129,8794260.0,241.79732155799866,0.6136589564199355,24.615846573860953,297.5314428075258,27.631021115261756,0.25351675828904213,10.454054906741032,0.44760501017888926,2.5569895534948612,15,3,False,42
permABC-SMC,1906019.4805194805,52.34348810080326,8805810.0,241.82691502571106,0.6136589564199355,24.615846573860953,297.5314428075258,27.631021115261756,0.25351675828904213,10.454054906741032,0.44760501017888926,2.5569895534948612,15,3,False,42
permABC-SMC,1884051.282051282,51.67876940507155,8817360.0,241.85664081573486,0.6136589564199355,24.615846573860953,297.5314428075258,27.631021115261756,0.25351675828904213,10.454054906741032,0.44760501017888926,2.5569895534948612,15,3,False,42
permABC-SMC,1862639.240506329,51.030829385363106,8828910.0,241.8861312866211,0.6136589564199355,24.615846573860953,297.5314428075258,27.631021115261756,0.25351675828904213,10.454054906741032,0.44760501017888926,2.5569895534948612,15,3,False,42
permABC-SMC,1853345.911949685,50.71610199830316,8840460.0,241.91580653190613,0.6136589564199355,24.615846573860953,297.5314428075258,27.631021115261756,0.25351675828904213,10.454054906741032,0.44760501017888926,2.5569895534948612,15,3,False,42
permABC-SMC,1827040.2476780186,49.93712688009067,8852010.0,241.9453797340393,0.6136589564199355,24.615846573860953,297.5314428075258,27.631021115261756,0.25351675828904213,10.454054906741032,0.44760501017888926,2.5569895534948612,15,3,False,42
permABC-SMC,1818166.1538461538,49.63588787959172,8863560.0,241.97495341300964,0.6136589564199355,24.615846573860953,297.5314428075258,27.631021115261756,0.25351675828904213,10.454054906741032,0.44760501017888926,2.5569895534948612,15,3,False,42
permABC-SMC,1814950.9202453985,49.48972085746031,8875110.0,242.00473499298096,0.6136589564199355,24.615846573860953,297.5314428075258,27.631021115261756,0.25351675828904213,10.454054906741032,0.44760501017888926,2.5569895534948612,15,3,False,42
permABC-SMC,1817312.8834355825,49.49581345166165,8886660.0,242.0345277786255,0.6136589564199355,24.615846573860953,297.5314428075258,27.631021115261756,0.25351675828904213,10.454054906741032,0.44760501017888926,2.5569895534948612,15,3,False,42
permABC-SMC,1808579.268292683,49.19999726419527,8898210.0,242.0639865398407,0.6136589564199355,24.615846573860953,297.5314428075258,27.631021115261756,0.25351675828904213,10.454054906741032,0.44760501017888926,2.5569895534948612,15,3,False,42
permABC-SMC,1810926.8292682928,49.20600303789465,8909760.0,242.09353494644165,0.6136589564199355,24.615846573860953,297.5314428075258,27.631021115261756,0.25351675828904213,10.454054906741032,0.44760501017888926,2.5569895534948612,15,3,False,42
permABC-SMC,1796839.8791540784,48.76596867618004,8921310.0,242.1230344772339,0.6136589564199355,24.615846573860953,297.5314428075258,27.631021115261756,0.25351675828904213,10.454054906741032,0.44760501017888926,2.5569895534948612,15,3,False,42
permABC-SMC,1783005.9880239516,48.33437354264858,8932860.0,242.15521144866943,0.6136589564199355,24.615846573860953,297.5314428075258,27.631021115261756,0.25351675828904213,10.454054906741032,0.44760501017888926,2.5569895534948612,15,3,False,42
permABC-SMC,1785311.3772455088,48.34035270942184,8944410.0,242.1851670742035,0.6136589564199355,24.615846573860953,297.5314428075258,27.631021115261756,0.25351675828904213,10.454054906741032,0.44760501017888926,2.5569895534948612,15,3,False,42
permABC-SMC,1782280.5970149254,48.20200796744123,8955960.0,242.2150900363922,0.6136589564199355,24.615846573860953,297.5314428075258,27.631021115261756,0.25351675828904213,10.454054906741032,0.44760501017888926,2.5569895534948612,15,3,False,42
permABC-SMC,1768739.6449704142,47.77998769071681,8967510.0,242.2445375919342,0.6136589564199355,24.615846573860953,297.5314428075258,27.631021115261756,0.25351675828904213,10.454054906741032,0.44760501017888926,2.5569895534948612,15,3,False,42
permABC-SMC,1771017.75147929,47.78578798681556,8979060.0,242.2739450931549,0.6136589564199355,24.615846573860953,297.5314428075258,27.631021115261756,0.25351675828904213,10.454054906741032,0.44760501017888926,2.5569895534948612,15,3,False,42
permABC-SMC,1762864.7058823525,47.510459656808884,8990610.0,242.30334424972534,0.6136589564199355,24.615846573860953,297.5314428075258,27.631021115261756,0.25351675828904213,10.454054906741032,0.44760501017888926,2.5569895534948612,15,3,False,42
permABC-SMC,1754807.0175438593,47.23840224580225,9002160.0,242.33300352096558,0.6136589564199355,24.615846573860953,297.5314428075258,27.631021115261756,0.25351675828904213,10.454054906741032,0.44760501017888926,2.5569895534948612,15,3,False,42
permABC-SMC,1746843.023255814,46.96948773177096,9013710.0,242.3625566959381,0.6136589564199355,24.615846573860953,297.5314428075258,27.631021115261756,0.25351675828904213,10.454054906741032,0.44760501017888926,2.5569895534948612,15,3,False,42
permABC-SMC,1733959.6541786743,46.56908010543252,9025260.0,242.39206194877625,0.6136589564199355,24.615846573860953,297.5314428075258,27.631021115261756,0.25351675828904213,10.454054906741032,0.44760501017888926,2.5569895534948612,15,3,False,42
permABC-SMC,1701847.4576271188,45.65389726570546,9036810.0,242.422194480896,0.6136589564199355,24.615846573860953,297.5314428075258,27.631021115261756,0.25351675828904213,10.454054906741032,0.44760501017888926,2.5569895534948612,15,3,False,42
permABC-SMC,1699222.5352112679,45.53089885084842,9048360.0,242.45203638076782,0.6136589564199355,24.615846573860953,297.5314428075258,27.631021115261756,0.25351675828904213,10.454054906741032,0.44760501017888926,2.5569895534948612,15,3,False,42
permABC-SMC,1701391.549295775,45.53650484398498,9059910.0,242.48188829421997,0.6136589564199355,24.615846573860953,297.5314428075258,27.631021115261756,0.25351675828904213,10.454054906741032,0.44760501017888926,2.5569895534948612,15,3,False,42
permABC-SMC,1694016.8067226894,45.28695817977664,9071460.0,242.51166105270386,0.6136589564199355,24.615846573860953,297.5314428075258,27.631021115261756,0.25351675828904213,10.454054906741032,0.44760501017888926,2.5569895534948612,15,3,False,42
permABC-SMC,1672745.8563535912,44.66695772350164,9083010.0,242.5415804386139,0.6136589564199355,24.615846573860953,297.5314428075258,27.631021115261756,0.25351675828904213,10.454054906741032,0.44760501017888926,2.5569895534948612,15,3,False,42
permABC-SMC,1665670.3296703296,44.42699876897065,9094560.0,242.5714132785797,0.6136589564199355,24.615846573860953,297.5314428075258,27.631021115261756,0.25351675828904213,10.454054906741032,0.44760501017888926,2.5569895534948612,15,3,False,42
permABC-SMC,1658672.131147541,44.189672739345085,9106110.0,242.60130333900452,0.6136589564199355,24.615846573860953,297.5314428075258,27.631021115261756,0.25351675828904213,10.454054906741032,0.44760501017888926,2.5569895534948612,15,3,False,42
permABC-SMC,1656250.68119891,44.07469336278432,9117660.0,242.63118696212769,0.6136589564199355,24.615846573860953,297.5314428075258,27.631021115261756,0.25351675828904213,10.454054906741032,0.44760501017888926,2.5569895534948612,15,3,False,42
permABC-SMC,1653842.3913043477,43.96035800809445,9129210.0,242.6611762046814,0.6136589564199355,24.615846573860953,297.5314428075258,27.631021115261756,0.25351675828904213,10.454054906741032,0.44760501017888926,2.5569895534948612,15,3,False,42
permABC-SMC,1642544.4743935314,43.610256637203086,9140760.0,242.69107818603516,0.6136589564199355,24.615846573860953,297.5314428075258,27.631021115261756,0.25351675828904213,10.454054906741032,0.44760501017888926,2.5569895534948612,15,3,False,42
permABC-SMC,1644619.9460916445,43.61564956692459,9152310.0,242.7210898399353,0.6136589564199355,24.615846573860953,297.5314428075258,27.631021115261756,0.25351675828904213,10.454054906741032,0.44760501017888926,2.5569895534948612,15,3,False,42
permABC-SMC,1646695.4177897575,43.62104031167798,9163860.0,242.75108933448792,0.6136589564199355,24.615846573860953,297.5314428075258,27.631021115261756,0.25351675828904213,10.454054906741032,0.44760501017888926,2.5569895534948612,15,3,False,42
permABC-SMC,1626845.744680851,43.04628904829634,9175410.0,242.78107023239136,0.6136589564199355,24.615846573860953,297.5314428075258,27.631021115261756,0.25351675828904213,10.454054906741032,0.44760501017888926,2.5569895534948612,15,3,False,42
permABC-SMC,1628893.6170212766,43.05161305353151,9186960.0,242.81109762191772,0.6136589564199355,24.615846573860953,297.5314428075258,27.631021115261756,0.25351675828904213,10.454054906741032,0.44760501017888926,2.5569895534948612,15,3,False,42
permABC-SMC,1626615.3846153845,42.942699176036186,9198510.0,242.84096384048462,0.6136589564199355,24.615846573860953,297.5314428075258,27.631021115261756,0.25351675828904213,10.454054906741032,0.44760501017888926,2.5569895534948612,15,3,False,42
permABC-SMC,1624349.2063492062,42.8343756489022,9210060.0,242.8709099292755,0.6136589564199355,24.615846573860953,297.5314428075258,27.631021115261756,0.25351675828904213,10.454054906741032,0.44760501017888926,2.5569895534948612,15,3,False,42
permABC-SMC,1622094.9868073876,42.726619514123115,9221610.0,242.90083193778992,0.6136589564199355,24.615846573860953,297.5314428075258,27.631021115261756,0.25351675828904213,10.454054906741032,0.44760501017888926,2.5569895534948612,15,3,False,42
permABC-SMC,1619852.6315789474,42.61936250485872,9233160.0,242.9303662776947,0.6136589564199355,24.615846573860953,297.5314428075258,27.631021115261756,0.25351675828904213,10.454054906741032,0.44760501017888926,2.5569895534948612,15,3,False,42
permABC-SMC,1609174.9347258485,42.29072038768373,9244710.0,242.96018862724304,0.6136589564199355,24.615846573860953,297.5314428075258,27.631021115261756,0.25351675828904213,10.454054906741032,0.44760501017888926,2.5569895534948612,15,3,False,42
permABC-SMC,1606989.5833333333,42.18579791486263,9256260.0,242.99019598960876,0.6136589564199355,24.615846573860953,297.5314428075258,27.631021115261756,0.25351675828904213,10.454054906741032,0.44760501017888926,2.5569895534948612,15,3,False,42
permABC-SMC,1604815.5844155843,42.08147102620178,9267810.0,243.0204951763153,0.6136589564199355,24.615846573860953,297.5314428075258,27.631021115261756,0.25351675828904213,10.454054906741032,0.44760501017888926,2.5569895534948612,15,3,False,42
permABC-SMC,1594391.7525773195,41.76125174125855,9279360.0,243.05048513412476,0.6136589564199355,24.615846573860953,297.5314428075258,27.631021115261756,0.25351675828904213,10.454054906741032,0.44760501017888926,2.5569895534948612,15,3,False,42
permABC-SMC,1588189.7435897433,41.552186827374314,9290910.0,243.08029294013977,0.6136589564199355,24.615846573860953,297.5314428075258,27.631021115261756,0.25351675828904213,10.454054906741032,0.44760501017888926,2.5569895534948612,15,3,False,42
permABC-SMC,1578025.4452926207,41.240051826043484,9302460.0,243.11010551452637,0.6136589564199355,24.615846573860953,297.5314428075258,27.631021115261756,0.25351675828904213,10.454054906741032,0.44760501017888926,2.5569895534948612,15,3,False,42
permABC-SMC,1575974.6192893402,41.14040719272723,9314010.0,243.13980650901794,0.6136589564199355,24.615846573860953,297.5314428075258,27.631021115261756,0.25351675828904213,10.454054906741032,0.44760501017888926,2.5569895534948612,15,3,False,42
permABC-SMC,1573934.1772151897,41.04178573511823,9325560.0,243.17258048057556,0.6136589564199355,24.615846573860953,297.5314428075258,27.631021115261756,0.25351675828904213,10.454054906741032,0.44760501017888926,2.5569895534948612,15,3,False,42
permABC-SMC,1571904.0404040404,40.94323052300347,9337110.0,243.20278930664062,0.6136589564199355,24.615846573860953,297.5314428075258,27.631021115261756,0.25351675828904213,10.454054906741032,0.44760501017888926,2.5569895534948612,15,3,False,42
permABC-SMC,1565939.6984924623,40.74249862626169,9348660.0,243.23271679878235,0.6136589564199355,24.615846573860953,297.5314428075258,27.631021115261756,0.25351675828904213,10.454054906741032,0.44760501017888926,2.5569895534948612,15,3,False,42
permABC-SMC,1552273.631840796,40.34205503131619,9360210.0,243.26259183883667,0.6136589564199355,24.615846573860953,297.5314428075258,27.631021115261756,0.25351675828904213,10.454054906741032,0.44760501017888926,2.5569895534948612,15,3,False,42
permABC-SMC,1554189.054726368,40.34695708336522,9371760.0,243.29215121269226,0.6136589564199355,24.615846573860953,297.5314428075258,27.631021115261756,0.25351675828904213,10.454054906741032,0.44760501017888926,2.5569895534948612,15,3,False,42
permABC-SMC,1556104.4776119404,40.35192223923716,9383310.0,243.3220911026001,0.6136589564199355,24.615846573860953,297.5314428075258,27.631021115261756,0.25351675828904213,10.454054906741032,0.44760501017888926,2.5569895534948612,15,3,False,42
permABC-SMC,1546479.0123456789,40.05792323453927,9394860.0,243.35188364982605,0.6136589564199355,24.615846573860953,297.5314428075258,27.631021115261756,0.25351675828904213,10.454054906741032,0.44760501017888926,2.5569895534948612,15,3,False,42
permABC-SMC,1536995.098039216,39.768266015582626,9406410.0,243.3817880153656,0.6136589564199355,24.615846573860953,297.5314428075258,27.631021115261756,0.25351675828904213,10.454054906741032,0.44760501017888926,2.5569895534948612,15,3,False,42
permABC-SMC,1538882.3529411769,39.773113548366084,9417960.0,243.41145491600037,0.6136589564199355,24.615846573860953,297.5314428075258,27.631021115261756,0.25351675828904213,10.454054906741032,0.44760501017888926,2.5569895534948612,15,3,False,42
permABC-SMC,1533253.6585365855,39.583934109385424,9429510.0,243.44119477272034,0.6136589564199355,24.615846573860953,297.5314428075258,27.631021115261756,0.25351675828904213,10.454054906741032,0.44760501017888926,2.5569895534948612,15,3,False,42
permABC-SMC,1523980.629539952,39.30120060191798,9441060.0,243.47093772888184,0.6136589564199355,24.615846573860953,297.5314428075258,27.631021115261756,0.25351675828904213,10.454054906741032,0.44760501017888926,2.5569895534948612,15,3,False,42
permABC-SMC,1525845.0363196128,39.306030050220755,9452610.0,243.50085616111755,0.6136589564199355,24.615846573860953,297.5314428075258,27.631021115261756,0.25351675828904213,10.454054906741032,0.44760501017888926,2.5569895534948612,15,3,False,42
permABC-SMC,1524019.3236714976,39.215846568489994,9464160.0,243.53040719032288,0.6136589564199355,24.615846573860953,297.5314428075258,27.631021115261756,0.25351675828904213,10.454054906741032,0.44760501017888926,2.5569895534948612,15,3,False,42
permABC-SMC,1518543.2692307695,39.032085239887245,9475710.0,243.56021189689636,0.6136589564199355,24.615846573860953,297.5314428075258,27.631021115261756,0.25351675828904213,10.454054906741032,0.44760501017888926,2.5569895534948612,15,3,False,42
permABC-SMC,1520394.230769231,39.03685307655579,9487260.0,243.58996319770813,0.6136589564199355,24.615846573860953,297.5314428075258,27.631021115261756,0.25351675828904213,10.454054906741032,0.44760501017888926,2.5569895534948612,15,3,False,42
permABC-SMC,1518594.7242206235,38.947995427510534,9498810.0,243.61971139907837,0.6136589564199355,24.615846573860953,297.5314428075258,27.631021115261756,0.25351675828904213,10.454054906741032,0.44760501017888926,2.5569895534948612,15,3,False,42
permABC-SMC,1516803.8277511962,38.85955871387341,9510360.0,243.64943313598633,0.6136589564199355,24.615846573860953,297.5314428075258,27.631021115261756,0.25351675828904213,10.454054906741032,0.44760501017888926,2.5569895534948612,15,3,False,42
permABC-SMC,1515021.4797136039,38.771548001843975,9521910.0,243.67917919158936,0.6136589564199355,24.615846573860953,297.5314428075258,27.631021115261756,0.25351675828904213,10.454054906741032,0.44760501017888926,2.5569895534948612,15,3,False,42
permABC-SMC,1516859.1885441528,38.77628348418048,9533460.0,243.70894169807434,0.6136589564199355,24.615846573860953,297.5314428075258,27.631021115261756,0.25351675828904213,10.454054906741032,0.44760501017888926,2.5569895534948612,15,3,False,42
permABC-SMC,1518696.8973747017,38.781033116100126,9545010.0,243.73879313468933,0.6136589564199355,24.615846573860953,297.5314428075258,27.631021115261756,0.25351675828904213,10.454054906741032,0.44760501017888926,2.5569895534948612,15,3,False,42
permABC-SMC,1513311.163895487,38.60150874840865,9556560.0,243.76852774620056,0.6136589564199355,24.615846573860953,297.5314428075258,27.631021115261756,0.25351675828904213,10.454054906741032,0.44760501017888926,2.5569895534948612,15,3,False,42
permABC-SMC,1507976.3593380614,38.42371086890158,9568110.0,243.79844546318054,0.6136589564199355,24.615846573860953,297.5314428075258,27.631021115261756,0.25351675828904213,10.454054906741032,0.44760501017888926,2.5569895534948612,15,3,False,42
permABC-SMC,1506235.8490566039,38.33777608361635,9579660.0,243.82825589179993,0.6136589564199355,24.615846573860953,297.5314428075258,27.631021115261756,0.25351675828904213,10.454054906741032,0.44760501017888926,2.5569895534948612,15,3,False,42
permABC-SMC,1500971.8309859154,38.162482698945,9591210.0,243.85826444625854,0.6136589564199355,24.615846573860953,297.5314428075258,27.631021115261756,0.25351675828904213,10.454054906741032,0.44760501017888926,2.5569895534948612,15,3,False,42
permABC-SMC,1495757.0093457943,37.98879407276617,9602760.0,243.8880579471588,0.6136589564199355,24.615846573860953,297.5314428075258,27.631021115261756,0.25351675828904213,10.454054906741032,0.44760501017888926,2.5569895534948612,15,3,False,42
permABC-SMC,1497556.074766355,37.99345192508163,9614310.0,243.91796135902405,0.6136589564199355,24.615846573860953,297.5314428075258,27.631021115261756,0.25351675828904213,10.454054906741032,0.44760501017888926,2.5569895534948612,15,3,False,42
permABC-SMC,1492381.3953488374,37.8213542746019,9625860.0,243.94773507118225,0.6136589564199355,24.615846573860953,297.5314428075258,27.631021115261756,0.25351675828904213,10.454054906741032,0.44760501017888926,2.5569895534948612,15,3,False,42
permABC-SMC,1490705.336426914,37.73820556971055,9637410.0,243.9774990081787,0.6136589564199355,24.615846573860953,297.5314428075258,27.631021115261756,0.25351675828904213,10.454054906741032,0.44760501017888926,2.5569895534948612,15,3,False,42
permABC-SMC,1485598.1524249422,37.56857413893208,9648960.0,244.0078890323639,0.6136589564199355,24.615846573860953,297.5314428075258,27.631021115261756,0.25351675828904213,10.454054906741032,0.44760501017888926,2.5569895534948612,15,3,False,42
permABC-SMC,1480537.9310344825,37.40047125980772,9660510.0,244.03807497024536,0.6136589564199355,24.615846573860953,297.5314428075258,27.631021115261756,0.25351675828904213,10.454054906741032,0.44760501017888926,2.5569895534948612,15,3,False,42
permABC-SMC,1472155.2511415526,37.14885450389287,9672060.0,244.06797409057617,0.6136589564199355,24.615846573860953,297.5314428075258,27.631021115261756,0.25351675828904213,10.454054906741032,0.44760501017888926,2.5569895534948612,15,3,False,42
permABC-SMC,1467213.6363636365,36.984506484233975,9683610.0,244.0977427959442,0.6136589564199355,24.615846573860953,297.5314428075258,27.631021115261756,0.25351675828904213,10.454054906741032,0.44760501017888926,2.5569895534948612,15,3,False,42
permABC-SMC,1465632.6530612246,36.905151375837605,9695160.0,244.12757635116577,0.6136589564199355,24.615846573860953,297.5314428075258,27.631021115261756,0.25351675828904213,10.454054906741032,0.44760501017888926,2.5569895534948612,15,3,False,42
permABC-SMC,1464058.8235294118,36.82650714258623,9706710.0,244.15974235534668,0.6136589564199355,24.615846573860953,297.5314428075258,27.631021115261756,0.25351675828904213,10.454054906741032,0.44760501017888926,2.5569895534948612,15,3,False,42
permABC-SMC,1459198.1981981983,36.66515840782417,9718260.0,244.189954996109,0.6136589564199355,24.615846573860953,297.5314428075258,27.631021115261756,0.25351675828904213,10.454054906741032,0.44760501017888926,2.5569895534948612,15,3,False,42
permABC-SMC,1454381.1659192825,36.50521579879282,9729810.0,244.21989369392395,0.6136589564199355,24.615846573860953,297.5314428075258,27.631021115261756,0.25351675828904213,10.454054906741032,0.44760501017888926,2.5569895534948612,15,3,False,42
permABC-SMC,1449607.142857143,36.346667118015745,9741360.0,244.2496030330658,0.6136589564199355,24.615846573860953,297.5314428075258,27.631021115261756,0.25351675828904213,10.454054906741032,0.44760501017888926,2.5569895534948612,15,3,False,42
permABC-SMC,1451325.892857143,36.35111788199062,9752910.0,244.27951216697693,0.6136589564199355,24.615846573860953,297.5314428075258,27.631021115261756,0.25351675828904213,10.454054906741032,0.44760501017888926,2.5569895534948612,15,3,False,42
permABC-SMC,1449808.4632516704,36.27456220415847,9764460.0,244.30917644500732,0.6136589564199355,24.615846573860953,297.5314428075258,27.631021115261756,0.25351675828904213,10.454054906741032,0.44760501017888926,2.5569895534948612,15,3,False,42
permABC-SMC,1441889.3805309734,36.03820646055328,9776010.0,244.33903980255127,0.6136589564199355,24.615846573860953,297.5314428075258,27.631021115261756,0.25351675828904213,10.454054906741032,0.44760501017888926,2.5569895534948612,15,3,False,42
permABC-SMC,1443592.9203539821,36.04260232947921,9787560.0,244.36884379386902,0.6136589564199355,24.615846573860953,297.5314428075258,27.631021115261756,0.25351675828904213,10.454054906741032,0.44760501017888926,2.5569895534948612,15,3,False,42
permABC-SMC,1445296.460176991,36.047004457771955,9799110.0,244.39869022369385,0.6136589564199355,24.615846573860953,297.5314428075258,27.631021115261756,0.25351675828904213,10.454054906741032,0.44760501017888926,2.5569895534948612,15,3,False,42
permABC-SMC,1437459.3406593406,35.81368708348536,9810660.0,244.4284143447876,0.6136589564199355,24.615846573860953,297.5314428075258,27.631021115261756,0.25351675828904213,10.454054906741032,0.44760501017888926,2.5569895534948612,15,3,False,42
permABC-SMC,1426610.021786492,35.50590994397886,9822210.0,244.45818996429443,0.6136589564199355,24.615846573860953,297.5314428075258,27.631021115261756,0.25351675828904213,10.454054906741032,0.44760501017888926,2.5569895534948612,15,3,False,42
permABC-SMC,1428287.5816993462,35.51022499128797,9833760.0,244.4878990650177,0.6136589564199355,24.615846573860953,297.5314428075258,27.631021115261756,0.25351675828904213,10.454054906741032,0.44760501017888926,2.5569895534948612,15,3,False,42
permABC-SMC,1423761.388286334,35.360478596332186,9845310.0,244.51770949363708,0.6136589564199355,24.615846573860953,297.5314428075258,27.631021115261756,0.25351675828904213,10.454054906741032,0.44760501017888926,2.5569895534948612,15,3,False,42
permABC-SMC,1425431.6702819956,35.36477788841044,9856860.0,244.54743909835815,0.6136589564199355,24.615846573860953,297.5314428075258,27.631021115261756,0.25351675828904213,10.454054906741032,0.44760501017888926,2.5569895534948612,15,3,False,42
permABC-SMC,1420937.3650107991,35.216304807889536,9868410.0,244.57723689079285,0.6136589564199355,24.615846573860953,297.5314428075258,27.631021115261756,0.25351675828904213,10.454054906741032,0.44760501017888926,2.5569895534948612,15,3,False,42
permABC-SMC,1419534.4827586208,35.144669057308946,9879960.0,244.60689663887024,0.6136589564199355,24.615846573860953,297.5314428075258,27.631021115261756,0.25351675828904213,10.454054906741032,0.44760501017888926,2.5569895534948612,15,3,False,42
permABC-SMC,1418137.634408602,35.07334678403792,9891510.0,244.63659381866455,0.6136589564199355,24.615846573860953,297.5314428075258,27.631021115261756,0.25351675828904213,10.454054906741032,0.44760501017888926,2.5569895534948612,15,3,False,42
permABC-SMC,1416746.78111588,35.002346782384166,9903060.0,244.66640400886536,0.6136589564199355,24.615846573860953,297.5314428075258,27.631021115261756,0.25351675828904213,10.454054906741032,0.44760501017888926,2.5569895534948612,15,3,False,42
permABC-SMC,1415361.8843683081,34.9316457099016,9914610.0,244.69617819786072,0.6136589564199355,24.615846573860953,297.5314428075258,27.631021115261756,0.25351675828904213,10.454054906741032,0.44760501017888926,2.5569895534948612,15,3,False,42
permABC-SMC,1413982.9059829058,34.86123743899527,9926160.0,244.72588682174683,0.6136589564199355,24.615846573860953,297.5314428075258,27.631021115261756,0.25351675828904213,10.454054906741032,0.44760501017888926,2.5569895534948612,15,3,False,42
permABC-SMC,1412609.8081023456,34.7911477851461,9937710.0,244.7557246685028,0.6136589564199355,24.615846573860953,297.5314428075258,27.631021115261756,0.25351675828904213,10.454054906741032,0.44760501017888926,2.5569895534948612,15,3,False,42
permABC-SMC,1414251.5991471217,34.795368895432425,9949260.0,244.78542017936707,0.6136589564199355,24.615846573860953,297.5314428075258,27.631021115261756,0.25351675828904213,10.454054906741032,0.44760501017888926,2.5569895534948612,15,3,False,42
permABC-SMC,1409881.1040339703,34.65186063060505,9960810.0,244.8153953552246,0.6136589564199355,24.615846573860953,297.5314428075258,27.631021115261756,0.25351675828904213,10.454054906741032,0.44760501017888926,2.5569895534948612,15,3,False,42
permABC-SMC,1396689.075630252,34.29204319037643,9972360.0,244.84518837928772,0.6136589564199355,24.615846573860953,297.5314428075258,27.631021115261756,0.25351675828904213,10.454054906741032,0.44760501017888926,2.5569895534948612,15,3,False,42
permABC-SMC,1395375.2620545074,34.22438823452036,9983910.0,244.87549781799316,0.6136589564199355,24.615846573860953,297.5314428075258,27.631021115261756,0.25351675828904213,10.454054906741032,0.44760501017888926,2.5569895534948612,15,3,False,42
permABC-SMC,1394066.9456066946,34.156988022882736,9995460.0,244.9056041240692,0.6136589564199355,24.615846573860953,297.5314428075258,27.631021115261756,0.25351675828904213,10.454054906741032,0.44760501017888926,2.5569895534948612,15,3,False,42
permABC-SMC,1392764.0918580375,34.089851213480415,10007010.0,244.9355809688568,0.6136589564199355,24.615846573860953,297.5314428075258,27.631021115261756,0.25351675828904213,10.454054906741032,0.44760501017888926,2.5569895534948612,15,3,False,42
permABC-SMC,1394371.6075156576,34.09399664393712,10018560.0,244.96536588668823,0.6136589564199355,24.615846573860953,297.5314428075258,27.631021115261756,0.25351675828904213,10.454054906741032,0.44760501017888926,2.5569895534948612,15,3,False,42
permABC-SMC,1395979.1231732776,34.098194768715835,10030110.0,244.99552941322327,0.6136589564199355,24.615846573860953,297.5314428075258,27.631021115261756,0.25351675828904213,10.454054906741032,0.44760501017888926,2.5569895534948612,15,3,False,42
permABC-SMC,1388887.9668049794,33.89014590990164,10041660.0,245.02575492858887,0.6136589564199355,24.615846573860953,297.5314428075258,27.631021115261756,0.25351675828904213,10.454054906741032,0.44760501017888926,2.5569895534948612,15,3,False,42
permABC-SMC,1379041.1522633745,33.61531873789344,10053210.0,245.05567359924316,0.6136589564199355,24.615846573860953,297.5314428075258,27.631021115261756,0.25351675828904213,10.454054906741032,0.44760501017888926,2.5569895534948612,15,3,False,42
permABC-SMC,1374967.213114754,33.4816169217636,10064760.0,245.08543586730957,0.6136589564199355,24.615846573860953,297.5314428075258,27.631021115261756,0.25351675828904213,10.454054906741032,0.44760501017888926,2.5569895534948612,15,3,False,42
permABC-SMC,1373730.0613496932,33.41721994338916,10076310.0,245.11530828475952,0.6136589564199355,24.615846573860953,297.5314428075258,27.631021115261756,0.25351675828904213,10.454054906741032,0.44760501017888926,2.5569895534948612,15,3,False,42
permABC-SMC,1366918.699186992,33.21751417506355,10087860.0,245.145254611969,0.6136589564199355,24.615846573860953,297.5314428075258,27.631021115261756,0.25351675828904213,10.454054906741032,0.44760501017888926,2.5569895534948612,15,3,False,42
permABC-SMC,1362943.3198380566,33.087134039514616,10099410.0,245.17566323280334,0.6136589564199355,24.615846573860953,297.5314428075258,27.631021115261756,0.25351675828904213,10.454054906741032,0.44760501017888926,2.5569895534948612,15,3,False,42
permABC-SMC,1361745.4545454546,33.0244895986435,10110960.0,245.20683526992798,0.6136589564199355,24.615846573860953,297.5314428075258,27.631021115261756,0.25351675828904213,10.454054906741032,0.44760501017888926,2.5569895534948612,15,3,False,42
permABC-SMC,1363301.01010101,33.02852498963224,10122510.0,245.2367980480194,0.6136589564199355,24.615846573860953,297.5314428075258,27.631021115261756,0.25351675828904213,10.454054906741032,0.44760501017888926,2.5569895534948612,15,3,False,42
permABC-SMC,1362104.8387096776,32.96594818433126,10134060.0,245.26665449142456,0.6136589564199355,24.615846573860953,297.5314428075258,27.631021115261756,0.25351675828904213,10.454054906741032,0.44760501017888926,2.5569895534948612,15,3,False,42
permABC-SMC,1358180.7228915663,32.83757355956827,10145610.0,245.29667448997498,0.6136589564199355,24.615846573860953,297.5314428075258,27.631021115261756,0.25351675828904213,10.454054906741032,0.44760501017888926,2.5569895534948612,15,3,False,42
permABC-SMC,1359726.9076305223,32.841579693867025,10157160.0,245.32660031318665,0.6136589564199355,24.615846573860953,297.5314428075258,27.631021115261756,0.25351675828904213,10.454054906741032,0.44760501017888926,2.5569895534948612,15,3,False,42
permABC-SMC,1361273.0923694777,32.84555400710508,10168710.0,245.35628843307495,0.6136589564199355,24.615846573860953,297.5314428075258,27.631021115261756,0.25351675828904213,10.454054906741032,0.44760501017888926,2.5569895534948612,15,3,False,42
permABC-SMC,1362819.2771084337,32.84954297015945,10180260.0,245.38608598709106,0.6136589564199355,24.615846573860953,297.5314428075258,27.631021115261756,0.25351675828904213,10.454054906741032,0.44760501017888926,2.5569895534948612,15,3,False,42
permABC-SMC,1358908.0,32.72213357289632,10191810.0,245.4160017967224,0.6136589564199355,24.615846573860953,297.5314428075258,27.631021115261756,0.25351675828904213,10.454054906741032,0.44760501017888926,2.5569895534948612,15,3,False,42
permABC-SMC,1360370.0,32.725979995727535,10202775.0,245.44484996795654,0.6136559311462161,24.5817381840329,297.1452965161202,27.631021115260868,0.24270085395321148,10.449696557007922,0.4431165476423307,2.5548444112910644,15,3,False,42
permABC-SMC,1350964.2857142854,32.469992379032114,10213290.0,245.4731423854828,0.612711161679744,24.588906299833837,296.97750684825326,27.63102111526159,0.24562275528581143,10.451090326999749,0.44676119809059345,2.5549867363283445,15,3,False,42
permABC-SMC,1346940.7114624504,32.36063051286579,10223280.0,245.61718559265137,0.6116634678055711,24.610082295599582,296.7340908486375,27.631021115262136,0.24781983149373008,10.459322639054301,0.4505476946019757,2.5557633974147325,15,3,False,42
permABC-SMC,1345534.516765286,32.300314034857614,10232790.0,245.64388823509216,0.6097663044269516,24.615374586129718,296.53362175205007,27.631021115262225,0.25206106090172864,10.45855017880857,0.45212556985728974,2.5560967250022983,15,3,False,42
permABC-SMC,1346743.5897435897,32.32196529471192,10241985.0,245.80854606628418,0.6091419975362656,24.614348612085838,296.3250588745169,27.631021115262527,0.25436426529658773,10.458245014360747,0.4535656483080504,2.5557285193783055,15,3,False,42
permABC-SMC,1347893.4911242605,32.32586150260288,10250730.0,245.83817672729492,0.608110606130716,24.6094160381199,296.19450857375045,27.631021115262076,0.2554318239392941,10.461441582328971,0.45698352926349045,2.555481003806215,15,3,False,42
permABC-SMC,1343689.5874263262,32.33573697482985,10259070.0,246.88335180282593,0.6066601002354659,24.597578086163978,296.1621146866544,27.631021115261596,0.26050505380361194,10.462103252473128,0.4587280424473506,2.556543986995145,15,3,False,42
permABC-SMC,1339463.7964774952,32.33047797644131,10266990.0,247.8131136894226,0.6062463733038027,24.58509480118136,295.5426919181872,27.631021115261017,0.26092057409545494,10.45946232735445,0.4627793378339149,2.5564041314933394,15,3,False,42
permABC-SMC,1340444.2270058708,32.35421482442021,10274505.0,247.9950566291809,0.6050325076255305,24.602200401381317,295.5537704850187,27.631021115283048,0.2642913348530193,10.459617130992388,0.462012078815735,2.5562429072385773,15,3,False,42
permABC-SMC,1999903.7900874633,48.211967470115304,10289505.0,248.0505726337433,0.6037205138329574,24.59914032449877,295.77459346713823,27.631021115262595,0.26520736200705536,10.46266699701694,0.4618286496510534,2.556749238537096,15,3,False,42
permABC-SMC,1968249.2836676221,47.41799724363894,10303785.0,248.23321557044983,0.6028937751347022,24.604210536768477,295.59317929556744,27.631021115262396,0.26952503889008345,10.463692360053562,0.46226541768301216,2.5562024786897455,15,3,False,42
permABC-SMC,1948552.4079320114,47.07747460312164,10317585.0,249.27522802352905,0.601078206097924,24.613582183097876,295.58223391243223,27.631021115263543,0.27301718230600086,10.464329993242352,0.4643025842183888,2.556245114512396,15,3,False,42
permABC-SMC,1934587.0786516855,46.88156517257404,10330695.0,250.3475580215454,0.6009322106890139,24.629531843655595,295.6557938897465,27.631021115263934,0.2696836984740671,10.47431379925657,0.4665745152162649,2.5551032396289024,15,3,False,42
permABC-SMC,1915397.2222222225,46.533514040487795,10343145.0,251.28097581863403,0.5996405057659256,24.636856426120065,295.79074195367946,27.631021115263927,0.2735162465418652,10.476314248579797,0.4671646291695731,2.556067246955998,15,3,False,42
permABC-SMC,1906994.4751381215,46.44979973963392,10354980.0,252.22241258621216,0.5980811600911675,24.63724148291159,296.0778464845172,27.631021115264083,0.27613800624018003,10.47685103752311,0.46771649869973064,2.555006087942723,15,3,False,42
permABC-SMC,1893375.3424657534,46.23997522815722,10366230.0,253.16386437416077,0.5966706151877484,24.639631093097563,296.1578874723473,27.631021115263845,0.28218060647217086,10.477974373221603,0.4705264236956947,2.556364693348512,15,3,False,42
permABC-SMC,1890150.2732240437,46.31438059884994,10376925.0,254.26594948768616,0.5949135796182228,24.652283263326602,295.99916054415655,27.631021115264126,0.28760898899162246,10.477257759713325,0.47342679714592084,2.5565808522730764,15,3,False,42
permABC-SMC,1886847.4114441418,46.385775556572995,10387095.0,255.35369443893433,0.593452818085017,24.662310919827803,296.09863307799696,27.63102111528499,0.29195547903022434,10.477166625255778,0.4752731032060096,2.5557946187498817,15,3,False,42
permABC-SMC,1888602.1798365123,46.39404328924001,10396755.0,255.39920830726624,0.5915349548093988,24.68498866031103,295.88155795251555,27.631021115286234,0.29702680068852494,10.47458991432456,0.476951816084253,2.5552322655972644,15,3,False,42
permABC-SMC,1885130.4347826086,46.43546882746876,10405920.0,256.32378792762756,0.5913565331067113,24.693648400226415,295.1834606318907,27.631021115286064,0.29713894453674844,10.473287955548019,0.4813548848526334,2.5569025003719887,15,3,False,42
permABC-SMC,1881596.2059620598,46.31742362838235,10414635.0,256.3669397830963,0.5909755273790056,24.689840980969073,295.3437150618604,27.631021115285613,0.3000480259875289,10.479511865362152,0.4851944079337411,2.5592346038610057,15,3,False,42
permABC-SMC,1862898.1233243968,45.826409606660874,10422915.0,256.3987617492676,0.5898866276737387,24.716617334957856,295.3855421424785,27.63102111528633,0.30601241388309824,10.480799625082923,0.48669585793449294,2.5601730631079276,15,3,False,42
permABC-SMC,1849428.1914893617,45.49022807297132,10430775.0,256.5648863315582,0.5876906857424001,24.738831661370554,295.6308263440519,27.631021115308588,0.31498867857423823,10.485589637962192,0.48809673267282844,2.562525970491681,15,3,False,42
permABC-SMC,3589613.4020618554,88.2341044874945,10445775.0,256.761244058609,0.584681037110768,24.583778995646732,294.68774178386064,27.63102111515652,0.2717829045888593,10.469886980658872,0.4744727488548623,2.555690304523579,15,3,False,42
permABC-SMC,3469457.7114427863,85.4693580425003,10460415.0,257.6901144981384,0.5839888945806551,24.593219034713677,294.6823088749768,27.631021115156983,0.27178527298198635,10.467179803854156,0.47315156084550936,2.555036023611644,15,3,False,42
permABC-SMC,3440083.7438423643,84.64381549941689,10475055.0,257.7404181957245,0.5839888945806551,24.593219034713677,294.68230887497657,27.631021115156983,0.27178527298198635,10.467179803854156,0.47315156084550947,2.555036023611644,15,3,False,42
permABC-SMC,3330061.904761905,81.83406352996826,10489695.0,257.7773001194,0.5839888945806551,24.593219034713677,294.6823088749767,27.631021115156983,0.27178527298198635,10.467179803854156,0.47315156084550947,2.555036023611644,15,3,False,42
permABC-SMC,3257158.1395348837,79.9840153095334,10504335.0,257.94844937324524,0.5839888945806551,24.593219034713677,294.6823088749768,27.631021115156983,0.27178527298198635,10.467179803854156,0.47315156084550936,2.555036023611644,15,3,False,42
permABC-SMC,3202123.287671233,78.577676102451,10518975.0,258.1276659965515,0.5839888945806551,24.593219034713677,294.68230887497657,27.631021115156983,0.27178527298198635,10.467179803854156,0.47315156084550947,2.555036023611644,15,3,False,42
permABC-SMC,3192004.545454546,78.23352495829263,10533615.0,258.1706323623657,0.5839888945806551,24.593219034713677,294.6823088749767,27.631021115156983,0.27178527298198635,10.467179803854156,0.47315156084550947,2.555036023611644,15,3,False,42
permABC-SMC,3153439.461883408,77.19159304472007,10548255.0,258.2058787345886,0.5839888945806551,24.593219034713677,294.6823088749768,27.631021115156983,0.27178527298198635,10.467179803854156,0.47315156084550936,2.555036023611644,15,3,False,42
permABC-SMC,3143718.75,76.85722339720954,10562895.0,258.240270614624,0.5839888945806551,24.593219034713677,294.68230887497657,27.631021115156983,0.27178527298198635,10.467179803854156,0.47315156084550947,2.555036023611644,15,3,False,42
permABC-SMC,3065952.1739130435,74.86220173213792,10577535.0,258.27459597587585,0.5839888945806551,24.593219034713677,294.6823088749767,27.631021115156983,0.27178527298198635,10.467179803854156,0.47315156084550947,2.555036023611644,15,3,False,42
permABC-SMC,2992139.8305084743,72.9688265229349,10592175.0,258.3096458911896,0.5839888945806551,24.593219034713677,294.6823088749768,27.631021115156983,0.27178527298198635,10.467179803854156,0.47315156084550936,2.555036023611644,15,3,False,42
permABC-SMC,2958665.271966527,72.06241675500591,10606815.0,258.34376406669617,0.5839888945806551,24.593219034713677,294.68230887497657,27.631021115156983,0.27178527298198635,10.467179803854156,0.47315156084550947,2.555036023611644,15,3,False,42
permABC-SMC,2950404.166666667,71.77185118198395,10621455.0,258.3786642551422,0.5839888945806551,24.593219034713677,294.6823088749767,27.631021115156983,0.27178527298198635,10.467179803854156,0.47315156084550947,2.555036023611644,15,3,False,42
permABC-SMC,2882410.5691056913,70.0305707409453,10636095.0,258.41280603408813,0.5839888945806551,24.593219034713677,294.6823088749768,27.631021115156983,0.27178527298198635,10.467179803854156,0.47315156084550936,2.555036023611644,15,3,False,42
permABC-SMC,2874692.3076923075,69.7562394032755,10650735.0,258.44686698913574,0.5839888945806551,24.593219034713677,294.68230887497657,27.631021115156983,0.27178527298198635,10.467179803854156,0.47315156084550947,2.555036023611644,15,3,False,42
permABC-SMC,2821527.7777777775,68.38127690017538,10665375.0,258.48122668266296,0.5839888945806551,24.593219034713677,294.6823088749767,27.631021115156983,0.27178527298198635,10.467179803854156,0.47315156084550947,2.555036023611644,15,3,False,42
permABC-SMC,2792160.7843137253,67.58574392281326,10680015.0,258.51547050476074,0.5839888945806551,24.593219034713677,294.6823088749768,27.631021115156983,0.27178527298198635,10.467179803854156,0.47315156084550936,2.555036023611644,15,3,False,42
permABC-SMC,2763476.744186046,66.80872742211788,10694655.0,258.5497751235962,0.5839888945806551,24.593219034713677,294.68230887497657,27.631021115156983,0.27178527298198635,10.467179803854156,0.47315156084550947,2.555036023611644,15,3,False,42
permABC-SMC,2714650.1901140683,65.54734812641023,10709295.0,258.58428835868835,0.5839888945806551,24.593219034713677,294.6823088749767,27.631021115156983,0.27178527298198635,10.467179803854156,0.47315156084550947,2.555036023611644,15,3,False,42
permABC-SMC,2687703.0075187967,64.81670162134003,10723935.0,258.61863946914673,0.5839888945806551,24.593219034713677,294.6823088749768,27.631021115156983,0.27178527298198635,10.467179803854156,0.47315156084550936,2.555036023611644,15,3,False,42
permABC-SMC,2661356.8773234203,64.10235259612696,10738575.0,258.6529927253723,0.5839888945806551,24.593219034713677,294.68230887497657,27.631021115156983,0.27178527298198635,10.467179803854156,0.47315156084550947,2.555036023611644,15,3,False,42
permABC-SMC,2625937.7289377283,63.17151032379112,10753215.0,258.6873347759247,0.5839888945806551,24.593219034713677,294.6823088749767,27.631021115156983,0.27178527298198635,10.467179803854156,0.47315156084550947,2.555036023611644,15,3,False,42
permABC-SMC,2600931.159420289,62.49312306371863,10767855.0,258.72152948379517,0.5839888945806551,24.593219034713677,294.6823088749768,27.631021115156983,0.27178527298198635,10.467179803854156,0.47315156084550936,2.555036023611644,15,3,False,42
permABC-SMC,2576462.3655913975,61.82932859395708,10782495.0,258.75574016571045,0.5839888945806551,24.593219034713677,294.68230887497657,27.631021115156983,0.27178527298198635,10.467179803854156,0.47315156084550947,2.555036023611644,15,3,False,42
permABC-SMC,2561597.864768683,61.39735621206841,10797135.0,258.7898564338684,0.5839888945806551,24.593219034713677,294.6823088749767,27.631021115156983,0.27178527298198635,10.467179803854156,0.47315156084550947,2.555036023611644,15,3,False,42
permABC-SMC,2494065.7439446365,59.70563492560469,10811775.0,258.82392740249634,0.5839888945806551,24.593219034713677,294.6823088749768,27.631021115156983,0.27178527298198635,10.467179803854156,0.47315156084550936,2.555036023611644,15,3,False,42
permABC-SMC,2488831.0344827585,59.507626171769765,10826415.0,258.8581738471985,0.5839888945806551,24.593219034713677,294.68230887497657,27.631021115156983,0.27178527298198635,10.467179803854156,0.47315156084550947,2.555036023611644,15,3,False,42
permABC-SMC,2417180.602006689,57.75033276748233,10841055.0,259.0102424621582,0.5839888945806551,24.593219034713677,294.6823088749767,27.631021115156983,0.27178527298198635,10.467179803854156,0.47315156084550947,2.555036023611644,15,3,False,42
permABC-SMC,2388491.7491749176,56.995911750331835,10855695.0,259.0464189052582,0.5839888945806551,24.593219034713677,294.6823088749768,27.631021115156983,0.27178527298198635,10.467179803854156,0.47315156084550936,2.555036023611644,15,3,False,42
permABC-SMC,2352886.3636363633,56.07812280778761,10870335.0,259.08092737197876,0.5839888945806551,24.593219034713677,294.68230887497657,27.631021115156983,0.27178527298198635,10.467179803854156,0.47315156084550947,2.555036023611644,15,3,False,42
permABC-SMC,2348430.420711974,55.90405124676652,10884975.0,259.1152775287628,0.5839888945806551,24.593219034713677,294.6823088749767,27.631021115156983,0.27178527298198635,10.467179803854156,0.47315156084550947,2.555036023611644,15,3,False,42
permABC-SMC,2336466.237942122,55.551927623769224,10899615.0,259.1497423648834,0.5839888945806551,24.593219034713677,294.6823088749768,27.631021115156983,0.27178527298198635,10.467179803854156,0.47315156084550936,2.555036023611644,15,3,False,42
permABC-SMC,2317251.592356688,55.02858966778798,10914255.0,259.1846573352814,0.5839888945806551,24.593219034713677,294.68230887497657,27.631021115156983,0.27178527298198635,10.467179803854156,0.47315156084550947,2.555036023611644,15,3,False,42
permABC-SMC,2283990.5956112854,54.17331039843265,10928895.0,259.21929025650024,0.5839888945806551,24.593219034713677,294.6823088749767,27.631021115156983,0.27178527298198635,10.467179803854156,0.47315156084550947,2.555036023611644,15,3,False,42
permABC-SMC,2265742.236024845,53.67568886798361,10943535.0,259.25357723236084,0.5839888945806551,24.593219034713677,294.6823088749768,27.631021115156983,0.27178527298198635,10.467179803854156,0.47315156084550936,2.555036023611644,15,3,False,42
permABC-SMC,2247830.7692307695,53.18724343715569,10958175.0,259.28781175613403,0.5839888945806551,24.593219034713677,294.68230887497657,27.631021115156983,0.27178527298198635,10.467179803854156,0.47315156084550947,2.555036023611644,15,3,False,42
permABC-SMC,2230246.951219512,52.70776012079503,10972815.0,259.3221797943115,0.5839888945806551,24.593219034713677,294.6823088749767,27.631021115156983,0.27178527298198635,10.467179803854156,0.47315156084550947,2.555036023611644,15,3,False,42
permABC-SMC,2212981.8731117826,52.2369170116874,10987455.0,259.35629296302795,0.5839888945806551,24.593219034713677,294.6823088749768,27.631021115156983,0.27178527298198635,10.467179803854156,0.47315156084550936,2.555036023611644,15,3,False,42
permABC-SMC,2182955.3571428573,51.46635463313451,11002095.0,259.3904273509979,0.5839888945806551,24.593219034713677,294.68230887497657,27.631021115156983,0.27178527298198635,10.467179803854156,0.47315156084550947,2.555036023611644,15,3,False,42
permABC-SMC,2172926.0355029586,51.168512874806424,11016735.0,259.42436027526855,0.5839888945806551,24.593219034713677,294.6823088749767,27.631021115156983,0.27178527298198635,10.467179803854156,0.47315156084550947,2.555036023611644,15,3,False,42
permABC-SMC,2156671.5542521994,50.7250185935728,11031375.0,259.4584701061249,0.5839888945806551,24.593219034713677,294.6823088749768,27.631021115156983,0.27178527298198635,10.467179803854156,0.47315156084550936,2.555036023611644,15,3,False,42
permABC-SMC,2140700.581395349,50.28932875441027,11046015.0,259.49293637275696,0.5839888945806551,24.593219034713677,294.68230887497657,27.631021115156983,0.27178527298198635,10.467179803854156,0.47315156084550947,2.555036023611644,15,3,False,42
permABC-SMC,2137324.637681159,50.150141140113135,11060655.0,259.52698040008545,0.5839888945806551,24.593219034713677,294.6823088749767,27.631021115156983,0.27178527298198635,10.467179803854156,0.47315156084550947,2.555036023611644,15,3,False,42
permABC-SMC,2121704.0229885057,49.72433468391156,11075295.0,259.5610270500183,0.5839888945806551,24.593219034713677,294.6823088749768,27.631021115156983,0.27178527298198635,10.467179803854156,0.47315156084550936,2.555036023611644,15,3,False,42
permABC-SMC,2106350.427350427,49.30580647243054,11089935.0,259.5950710773468,0.5839888945806551,24.593219034713677,294.68230887497657,27.631021115156983,0.27178527298198635,10.467179803854156,0.47315156084550947,2.555036023611644,15,3,False,42
permABC-SMC,2103139.204545455,49.17221263502584,11104575.0,259.6292827129364,0.5839888945806551,24.593219034713677,294.6823088749767,27.631021115156983,0.27178527298198635,10.467179803854156,0.47315156084550947,2.555036023611644,15,3,False,42
permABC-SMC,2082250.0,48.62614834353272,11119215.0,259.6636321544647,0.5839888945806551,24.593219034713677,294.6823088749768,27.631021115156983,0.27178527298198635,10.467179803854156,0.47315156084550936,2.555036023611644,15,3,False,42
permABC-SMC,2067568.2451253482,48.226272251834,11133855.0,259.6984760761261,0.5839888945806551,24.593219034713677,294.68230887497657,27.631021115156983,0.27178527298198635,10.467179803854156,0.47315156084550947,2.555036023611644,15,3,False,42
permABC-SMC,2064536.1111111115,48.098735147052345,11148495.0,259.73316979408264,0.5839888945806551,24.593219034713677,294.6823088749767,27.631021115156983,0.27178527298198635,10.467179803854156,0.47315156084550947,2.555036023611644,15,3,False,42
permABC-SMC,2044530.2197802197,47.57659775870187,11163135.0,259.7682237625122,0.5839888945806551,24.593219034713677,294.6823088749768,27.631021115156983,0.27178527298198635,10.467179803854156,0.47315156084550936,2.555036023611644,15,3,False,42
permABC-SMC,2036024.5901639343,47.322955461581984,11177775.0,259.8030254840851,0.5839888945806551,24.593219034713677,294.68230887497657,27.631021115156983,0.27178527298198635,10.467179803854156,0.47315156084550947,2.555036023611644,15,3,False,42
permABC-SMC,2033136.2397820165,47.20033481920123,11192415.0,259.83784317970276,0.5839888945806551,24.593219034713677,294.6823088749767,27.631021115156983,0.27178527298198635,10.467179803854156,0.47315156084550947,2.555036023611644,15,3,False,42
permABC-SMC,2024761.5176151763,46.95084092847485,11207055.0,259.8729045391083,0.5839888945806551,24.593219034713677,294.6823088749768,27.631021115156983,0.27178527298198635,10.467179803854156,0.47315156084550936,2.555036023611644,15,3,False,42
permABC-SMC,2000302.139037433,46.32937206941492,11221695.0,259.9077773094177,0.5839888945806551,24.593219034713677,294.68230887497657,27.631021115156983,0.27178527298198635,10.467179803854156,0.47315156084550947,2.555036023611644,15,3,False,42
permABC-SMC,1986973.474801061,45.96694668871865,11236335.0,259.943083524704,0.5839888945806551,24.593219034713677,294.6823088749767,27.631021115156983,0.27178527298198635,10.467179803854156,0.47315156084550947,2.555036023611644,15,3,False,42
permABC-SMC,1984298.9417989417,45.851471436717524,11250975.0,259.97784304618835,0.5839888945806551,24.593219034713677,294.6823088749768,27.631021115156983,0.27178527298198635,10.467179803854156,0.47315156084550936,2.555036023611644,15,3,False,42
permABC-SMC,1971236.2204724408,45.49665705529828,11265615.0,260.01339507102966,0.5839888945806551,24.593219034713677,294.68230887497657,27.631021115156983,0.27178527298198635,10.467179803854156,0.47315156084550947,2.555036023611644,15,3,False,42
permABC-SMC,1968630.890052356,45.38368433973968,11280255.0,260.0485112667084,0.5839888945806551,24.593219034713677,294.6823088749767,27.631021115156983,0.27178527298198635,10.467179803854156,0.47315156084550947,2.555036023611644,15,3,False,42
permABC-SMC,1930751.2820512818,44.45864375839885,11294895.0,260.0830659866333,0.5839888945806551,24.593219034713677,294.6823088749768,27.631021115156983,0.27178527298198635,10.467179803854156,0.47315156084550936,2.555036023611644,15,3,False,42
permABC-SMC,1908782.2784810122,43.901711516239466,11309535.0,260.1176407337189,0.5839888945806551,24.593219034713677,294.68230887497657,27.631021115156983,0.27178527298198635,10.467179803854156,0.47315156084550947,2.555036023611644,15,3,False,42
permABC-SMC,1887362.5,43.3587464094162,11324175.0,260.1524784564972,0.5839888945806551,24.593219034713677,294.6823088749767,27.631021115156983,0.27178527298198635,10.467179803854156,0.47315156084550947,2.555036023611644,15,3,False,42
permABC-SMC,1870970.2970297027,43.10360186957683,11338080.0,261.2078273296356,0.583795263242199,24.575376328658237,295.0875928645875,27.63102111515607,0.26548630657863387,10.478466392682579,0.47493699061563477,2.5616404242150375,15,3,False,42
permABC-SMC,1868523.4567901234,43.149349660049246,11351280.0,262.1322991847992,0.5824828421207385,24.580202121178026,295.1011069243377,27.63102111515606,0.2701829122703643,10.479362604496215,0.4761258227382201,2.5610677345087107,15,3,False,42
permABC-SMC,1865982.7586206894,43.22014818050591,11363835.0,263.210702419281,0.5811953930653448,24.58246407119696,294.9796344689234,27.631021115156216,0.27435313993556726,10.477994433257075,0.4770367569176429,2.560861372666139,15,3,False,42
permABC-SMC,1854246.9437652812,43.05709428484108,11375805.0,264.1552734375,0.5797794264986769,24.580657738468894,295.0450459327976,27.631021115155786,0.2774007828470459,10.480200320212141,0.47844022056114616,2.5614858051935405,15,3,False,42
permABC-SMC,1833739.1304347825,42.713181216167754,11387520.0,265.24885535240173,0.579043411209516,24.582725929992716,295.30105211344164,27.631021115155576,0.27825663078028273,10.48266160368168,0.47928327010421584,2.561957056037537,15,3,False,42
permABC-SMC,1835625.6038647343,42.72068410679914,11399235.0,265.29544830322266,0.579043411209516,24.582725929992716,295.30105211344164,27.631021115155576,0.27825663078028273,10.48266160368168,0.47928327010421584,2.561957056037537,15,3,False,42
permABC-SMC,1837512.0772946859,42.74880049117329,11410950.0,265.47005105018616,0.579043411209516,24.582725929992716,295.3010521134416,27.631021115155576,0.27825663078028273,10.48266160368168,0.47928327010421584,2.561957056037537,15,3,False,42
permABC-SMC,1830555.2884615387,42.549534371266006,11422665.0,265.50909447669983,0.579043411209516,24.582725929992716,295.30105211344164,27.631021115155576,0.27825663078028273,10.48266160368168,0.47928327010421584,2.561957056037537,15,3,False,42
permABC-SMC,1823665.0717703348,42.36891360944538,11434380.0,265.65308833122253,0.579043411209516,24.582725929992716,295.30105211344164,27.631021115155576,0.27825663078028273,10.48266160368168,0.47928327010421584,2.561957056037537,15,3,False,42
permABC-SMC,1816840.4761904762,42.17277413322812,11446095.0,265.68847703933716,0.579043411209516,24.582725929992716,295.3010521134416,27.631021115155576,0.27825663078028273,10.48266160368168,0.47928327010421584,2.561957056037537,15,3,False,42
permABC-SMC,1805801.4184397163,41.87840393342964,11457810.0,265.7184729576111,0.579043411209516,24.582725929992716,295.30105211344164,27.631021115155576,0.27825663078028273,10.48266160368168,0.47928327010421584,2.561957056037537,15,3,False,42
permABC-SMC,1799141.1764705884,41.68595284106684,11469525.0,265.74794936180115,0.579043411209516,24.582725929992716,295.30105211344164,27.631021115155576,0.27825663078028273,10.48266160368168,0.47928327010421584,2.561957056037537,15,3,False,42
permABC-SMC,1792543.325526932,41.49529578441945,11481240.0,265.77736949920654,0.579043411209516,24.582725929992716,295.3010521134416,27.631021115155576,0.27825663078028273,10.48266160368168,0.47928327010421584,2.561957056037537,15,3,False,42
permABC-SMC,1777719.2575406032,41.11484168392692,11492955.0,265.8074514865875,0.579043411209516,24.582725929992716,295.30105211344164,27.631021115155576,0.27825663078028273,10.48266160368168,0.47928327010421584,2.561957056037537,15,3,False,42
permABC-SMC,1779531.3225058005,41.11941349386523,11504670.0,265.83700823783875,0.579043411209516,24.582725929992716,295.30105211344164,27.631021115155576,0.27825663078028273,10.48266160368168,0.47928327010421584,2.561957056037537,15,3,False,42
permABC-SMC,1777219.9074074076,41.02877249688278,11516385.0,265.8664457798004,0.579043411209516,24.582725929992716,295.3010521134416,27.631021115155576,0.27825663078028273,10.48266160368168,0.47928327010421584,2.561957056037537,15,3,False,42
permABC-SMC,1762706.4220183485,40.6568557479695,11528100.0,265.8958365917206,0.579043411209516,24.582725929992716,295.30105211344164,27.631021115155576,0.27825663078028273,10.48266160368168,0.47928327010421584,2.561957056037537,15,3,False,42
permABC-SMC,1756440.6392694064,40.47567318200702,11539815.0,265.92517280578613,0.579043411209516,24.582725929992716,295.30105211344164,27.631021115155576,0.27825663078028273,10.48266160368168,0.47928327010421584,2.561957056037537,15,3,False,42
permABC-SMC,1754218.6788154896,40.387926014789414,11551530.0,265.9544928073883,0.579043411209516,24.582725929992716,295.3010521134416,27.631021115155576,0.27825663078028273,10.48266160368168,0.47928327010421584,2.561957056037537,15,3,False,42
permABC-SMC,1744079.1855203619,40.11820671605129,11563245.0,265.98371052742004,0.579043411209516,24.582725929992716,295.30105211344164,27.631021115155576,0.27825663078028273,10.48266160368168,0.47928327010421584,2.561957056037537,15,3,False,42
permABC-SMC,1741905.1918735888,40.032118294273126,11574960.0,266.01342606544495,0.579043411209516,24.582725929992716,295.30105211344164,27.631021115155576,0.27825663078028273,10.48266160368168,0.47928327010421584,2.561957056037537,15,3,False,42
permABC-SMC,1739740.990990991,39.94641726439421,11586675.0,266.0431389808655,0.579043411209516,24.582725929992716,295.3010521134416,27.631021115155576,0.27825663078028273,10.48266160368168,0.47928327010421584,2.561957056037537,15,3,False,42
permABC-SMC,1737586.5168539325,39.86108544167507,11598390.0,266.07274532318115,0.579043411209516,24.582725929992716,295.30105211344164,27.631021115155576,0.27825663078028273,10.48266160368168,0.47928327010421584,2.561957056037537,15,3,False,42
permABC-SMC,1739341.573033708,39.865499096416805,11610105.0,266.10220646858215,0.579043411209516,24.582725929992716,295.30105211344164,27.631021115155576,0.27825663078028273,10.48266160368168,0.47928327010421584,2.561957056037537,15,3,False,42
permABC-SMC,1729437.5,39.6029307728722,11621820.0,266.1316947937012,0.579043411209516,24.582725929992716,295.3010521134416,27.631021115155576,0.27825663078028273,10.48266160368168,0.47928327010421584,2.561957056037537,15,3,False,42
permABC-SMC,1723486.6666666667,39.431668564125346,11633535.0,266.16376280784607,0.579043411209516,24.582725929992716,295.30105211344164,27.631021115155576,0.27825663078028273,10.48266160368168,0.47928327010421584,2.561957056037537,15,3,False,42
permABC-SMC,1710022.026431718,39.08866285052418,11645250.0,266.1937940120697,0.579043411209516,24.582725929992716,295.30105211344164,27.631021115155576,0.27825663078028273,10.48266160368168,0.47928327010421584,2.561957056037537,15,3,False,42
permABC-SMC,1700420.1312910283,38.83627276625796,11656380.0,266.22264981269836,0.5788187942098061,24.5583919098599,293.2193402818685,27.63102111515458,0.2747197882833628,10.470390834370143,0.48261552349269815,2.5611673102731656,15,3,False,42
permABC-SMC,1698253.2751091702,38.77437916385034,11667000.0,266.37998485565186,0.5779329153969249,24.55537578967764,293.1947010063782,27.631021115154436,0.2786263082009325,10.470955000774062,0.48491400466943585,2.5624833505548565,15,3,False,42
permABC-SMC,1685004.329004329,38.568782978415655,11677080.0,267.28166604042053,0.5769678083173191,24.556434128997275,293.4774505332185,27.631021115153892,0.2806922959228426,10.473840468058237,0.48607519218412437,2.564066521254741,15,3,False,42
permABC-SMC,1675509.6774193547,38.4510698967937,11686680.0,268.1962125301361,0.5759784420756908,24.56600655341426,293.367154080261,27.63102111515372,0.28122338894872706,10.475513021281854,0.48588705905160895,2.563858446050151,15,3,False,42
permABC-SMC,1666070.5128205128,38.34126926215625,11695815.0,269.1557102203369,0.5744249285421923,24.56824080378266,293.52675093466826,27.631021115153246,0.28473039317295734,10.477029841474954,0.4877634116553559,2.5659249016220387,15,3,False,42
permABC-SMC,1667350.427350427,38.36739953087265,11704800.0,269.3391447067261,0.5740681447265248,24.56856262673844,293.5693336290972,27.631021115153104,0.2868981169381486,10.478579756381764,0.48825273025936883,2.5666535299746576,15,3,False,42
permABC-SMC,1665014.9253731344,38.29126595264644,11713380.0,269.3790559768677,0.5738089847696648,24.582877391958572,292.33185296761377,27.631021115153754,0.2855179570566376,10.469087041359344,0.49074124845615325,2.5631836015691847,15,3,False,42
permABC-SMC,1666176.9722814502,38.29555613145646,11721555.0,269.40923738479614,0.5725025431564336,24.592411933034956,292.26148287468743,27.631021115154873,0.28868215422348964,10.471105890232389,0.49267868420387245,2.5633956841118577,15,3,False,42
permABC-SMC,1663791.4893617022,38.21769765082826,11729730.0,269.43476843833923,0.5725025431564336,24.592411933034956,292.26148287468743,27.631021115154873,0.28868215422348964,10.471105890232389,0.49267868420387245,2.5633956841118577,15,3,False,42
permABC-SMC,1664951.0638297873,38.221155193680566,11737905.0,269.459144115448,0.5725025431564336,24.592411933034956,292.26148287468743,27.631021115154873,0.28868215422348964,10.471105890232389,0.49267868420387245,2.5633956841118577,15,3,False,42
permABC-SMC,1666110.6382978724,38.224608035797765,11746080.0,269.48348665237427,0.5725025431564336,24.592411933034956,292.26148287468743,27.631021115154873,0.28868215422348964,10.471105890232389,0.49267868420387245,2.5633956841118577,15,3,False,42
permABC-SMC,1646254.2016806721,37.746209056437515,11754255.0,269.50793266296387,0.5725025431564336,24.592411933034956,292.26148287468743,27.631021115154873,0.28868215422348964,10.471105890232389,0.49267868420387245,2.5633956841118577,15,3,False,42
permABC-SMC,1647399.1596638656,37.74960882523481,11762430.0,269.5322070121765,0.5725025431564336,24.592411933034956,292.26148287468743,27.631021115154873,0.28868215422348964,10.471105890232389,0.49267868420387245,2.5633956841118577,15,3,False,42
permABC-SMC,1648544.1176470588,37.77209944417831,11770605.0,269.6927900314331,0.5725025431564336,24.592411933034956,292.26148287468743,27.631021115154873,0.28868215422348964,10.471105890232389,0.49267868420387245,2.5633956841118577,15,3,False,42
permABC-SMC,1649689.075630252,37.77573749798687,11778780.0,269.7187657356262,0.5725025431564336,24.592411933034956,292.26148287468743,27.631021115154873,0.28868215422348964,10.471105890232389,0.49267868420387245,2.5633956841118577,15,3,False,42
permABC-SMC,1640494.7807933195,37.54263873223057,11786955.0,269.74385929107666,0.5725025431564336,24.592411933034956,292.26148287468743,27.631021115154873,0.28868215422348964,10.471105890232389,0.49267868420387245,2.5633956841118577,15,3,False,42
permABC-SMC,1641632.5678496868,37.546003901800844,11795130.0,269.7680380344391,0.5725025431564336,24.592411933034956,292.26148287468743,27.631021115154873,0.28868215422348964,10.471105890232389,0.49267868420387245,2.5633956841118577,15,3,False,42
permABC-SMC,1635939.708939709,37.393312526922294,11803305.0,269.7927498817444,0.5725025431564336,24.592411933034956,292.26148287468743,27.631021115154873,0.28868215422348964,10.471105890232389,0.49267868420387245,2.5633956841118577,15,3,False,42
permABC-SMC,1630293.9958592132,37.24182611337771,11811480.0,269.8170301914215,0.5725025431564336,24.592411933034956,292.26148287468743,27.631021115154873,0.28868215422348964,10.471105890232389,0.49267868420387245,2.5633956841118577,15,3,False,42
permABC-SMC,1628051.652892562,37.1682428459819,11819655.0,269.8414430618286,0.5725025431564336,24.592411933034956,292.26148287468743,27.631021115154873,0.28868215422348964,10.471105890232389,0.49267868420387245,2.5633956841118577,15,3,False,42
permABC-SMC,1622473.2510288064,37.01864328894595,11827830.0,269.865909576416,0.5725025431564336,24.592411933034956,292.26148287468743,27.631021115154873,0.28868215422348964,10.471105890232389,0.49267868420387245,2.5633956841118577,15,3,False,42
permABC-SMC,1616940.5737704916,36.87026530015664,11836005.0,269.8903419971466,0.5725025431564336,24.592411933034956,292.26148287468743,27.631021115154873,0.28868215422348964,10.471105890232389,0.49267868420387245,2.5633956841118577,15,3,False,42
permABC-SMC,1618057.3770491804,36.87359189075199,11844180.0,269.91469264030457,0.5725025431564336,24.592411933034956,292.26148287468743,27.631021115154873,0.28868215422348964,10.471105890232389,0.49267868420387245,2.5633956841118577,15,3,False,42
permABC-SMC,1615862.9856850717,36.801517814214975,11852355.0,269.93913316726685,0.5725025431564336,24.592411933034956,292.26148287468743,27.631021115154873,0.28868215422348964,10.471105890232389,0.49267868420387245,2.5633956841118577,15,3,False,42
permABC-SMC,1613677.551020408,36.729728088897915,11860530.0,269.96350145339966,0.5725025431564336,24.592411933034956,292.26148287468743,27.631021115154873,0.28868215422348964,10.471105890232389,0.49267868420387245,2.5633956841118577,15,3,False,42
permABC-SMC,1608225.6097560977,36.58372661285607,11868705.0,269.9879024028778,0.5725025431564336,24.592411933034956,292.26148287468743,27.631021115154873,0.28868215422348964,10.471105890232389,0.49267868420387245,2.5633956841118577,15,3,False,42
permABC-SMC,1606068.9655172415,36.512835207946246,11876880.0,270.01241636276245,0.5725025431564336,24.592411933034956,292.26148287468743,27.631021115154873,0.28868215422348964,10.471105890232389,0.49267868420387245,2.5633956841118577,15,3,False,42
permABC-SMC,1607174.4421906695,36.5161284471864,11885055.0,270.03676986694336,0.5725025431564336,24.592411933034956,292.26148287468743,27.631021115154873,0.28868215422348964,10.471105890232389,0.49267868420387245,2.5633956841118577,15,3,False,42
permABC-SMC,1601781.8181818181,36.37185093529698,11893230.0,270.0609931945801,0.5725025431564336,24.592411933034956,292.26148287468743,27.631021115154873,0.28868215422348964,10.471105890232389,0.49267868420387245,2.5633956841118577,15,3,False,42
permABC-SMC,1602882.8282828282,36.37513995571971,11901405.0,270.0854141712189,0.5725025431564336,24.592411933034956,292.26148287468743,27.631021115154873,0.28868215422348964,10.471105890232389,0.49267868420387245,2.5633956841118577,15,3,False,42
permABC-SMC,1603983.8383838385,36.37841282468854,11909580.0,270.1097152233124,0.5725025431564336,24.592411933034956,292.26148287468743,27.631021115154873,0.28868215422348964,10.471105890232389,0.49267868420387245,2.5633956841118577,15,3,False,42
permABC-SMC,1601848.7903225808,36.30833600157051,11917755.0,270.13401985168457,0.5725025431564336,24.592411933034956,292.26148287468743,27.631021115154873,0.28868215422348964,10.471105890232389,0.49267868420387245,2.5633956841118577,15,3,False,42
permABC-SMC,1599722.334004024,36.238885229662074,11925930.0,270.16088938713074,0.5725025431564336,24.592411933034956,292.26148287468743,27.631021115154873,0.28868215422348964,10.471105890232389,0.49267868420387245,2.5633956841118577,15,3,False,42
permABC-SMC,1594402.8056112225,36.0969675646357,11934105.0,270.1858022212982,0.5725025431564336,24.592411933034956,292.26148287468743,27.631021115154873,0.28868215422348964,10.471105890232389,0.49267868420387245,2.5633956841118577,15,3,False,42
permABC-SMC,1595494.9899799598,36.100276151974356,11942280.0,270.2105669975281,0.5725025431564336,24.592411933034956,292.26148287468743,27.631021115154873,0.28868215422348964,10.471105890232389,0.49267868420387245,2.5633956841118577,15,3,False,42
permABC-SMC,1590213.5728542914,35.95942013753864,11950455.0,270.2350423336029,0.5725025431564336,24.592411933034956,292.26148287468743,27.631021115154873,0.28868215422348964,10.471105890232389,0.49267868420387245,2.5633956841118577,15,3,False,42
permABC-SMC,1591301.3972055886,35.962681538727146,11958630.0,270.25955176353455,0.5725025431564336,24.592411933034956,292.26148287468743,27.631021115154873,0.28868215422348964,10.471105890232389,0.49267868420387245,2.5633956841118577,15,3,False,42
permABC-SMC,1592389.2215568863,35.965945255891214,11966805.0,270.28407859802246,0.5725025431564336,24.592411933034956,292.26148287468743,27.631021115154873,0.28868215422348964,10.471105890232389,0.49267868420387245,2.5633956841118577,15,3,False,42
permABC-SMC,1593477.0459081836,35.96922090191565,11974980.0,270.3086950778961,0.5725025431564336,24.592411933034956,292.26148287468743,27.631021115154873,0.28868215422348964,10.471105890232389,0.49267868420387245,2.5633956841118577,15,3,False,42
permABC-SMC,1594564.870259481,35.972497087276864,11983155.0,270.3333156108856,0.5725025431564336,24.592411933034956,292.26148287468743,27.631021115154873,0.28868215422348964,10.471105890232389,0.49267868420387245,2.5633956841118577,15,3,False,42
permABC-SMC,1589308.1510934394,35.83271065794766,11991330.0,270.3578019142151,0.5725025431564336,24.592411933034956,292.26148287468743,27.631021115154873,0.28868215422348964,10.471105890232389,0.49267868420387245,2.5633956841118577,15,3,False,42
permABC-SMC,1587236.1111111108,35.76486706733703,11999505.0,270.382395029068,0.5725025431564336,24.592411933034956,292.26148287468743,27.631021115154873,0.28868215422348964,10.471105890232389,0.49267868420387245,2.5633956841118577,15,3,False,42
permABC-SMC,1588317.4603174601,35.76812999589102,12007680.0,270.40706276893616,0.5725025431564336,24.592411933034956,292.26148287468743,27.631021115154873,0.28868215422348964,10.471105890232389,0.49267868420387245,2.5633956841118577,15,3,False,42
permABC-SMC,1589398.8095238095,35.771388036233404,12015855.0,270.43169355392456,0.5725025431564336,24.592411933034956,292.26148287468743,27.631021115154873,0.28868215422348964,10.471105890232389,0.49267868420387245,2.5633956841118577,15,3,False,42
permABC-SMC,1584193.6758893281,35.63324154915389,12024030.0,270.456303358078,0.5725025431564336,24.592411933034956,292.26148287468743,27.631021115154873,0.28868215422348964,10.471105890232389,0.49267868420387245,2.5633956841118577,15,3,False,42
permABC-SMC,1582143.9842209073,35.566192861452926,12032205.0,270.4808967113495,0.5725025431564336,24.592411933034956,292.26148287468743,27.631021115154873,0.28868215422348964,10.471105890232389,0.49267868420387245,2.5633956841118577,15,3,False,42
permABC-SMC,1583218.9349112425,35.569432313155374,12040380.0,270.50553274154663,0.5725025431564336,24.592411933034956,292.26148287468743,27.631021115154873,0.28868215422348964,10.471105890232389,0.49267868420387245,2.5633956841118577,15,3,False,42
permABC-SMC,1581175.1968503937,35.5026510131015,12048555.0,270.5302007198334,0.5725025431564336,24.592411933034956,292.26148287468743,27.631021115154873,0.28868215422348964,10.471105890232389,0.49267868420387245,2.5633956841118577,15,3,False,42
permABC-SMC,1582248.031496063,35.50585433254091,12056730.0,270.5546100139618,0.5725025431564336,24.592411933034956,292.26148287468743,27.631021115154873,0.28868215422348964,10.471105890232389,0.49267868420387245,2.5633956841118577,15,3,False,42
permABC-SMC,1583320.8661417323,35.50907154408653,12064905.0,270.57912516593933,0.5725025431564336,24.592411933034956,292.26148287468743,27.631021115154873,0.28868215422348964,10.471105890232389,0.49267868420387245,2.5633956841118577,15,3,False,42
permABC-SMC,1581280.94302554,35.44249806282328,12073080.0,270.60347270965576,0.5725025431564336,24.592411933034956,292.26148287468743,27.631021115154873,0.28868215422348964,10.471105890232389,0.49267868420387245,2.5633956841118577,15,3,False,42
permABC-SMC,1582351.669941061,35.44570270830615,12081255.0,270.6279401779175,0.5725025431564336,24.592411933034956,292.26148287468743,27.631021115154873,0.28868215422348964,10.471105890232389,0.49267868420387245,2.5633956841118577,15,3,False,42
permABC-SMC,1583422.3968565816,35.44890120205883,12089430.0,270.6523606777191,0.5725025431564336,24.592411933034956,292.26148287468743,27.631021115154873,0.28868215422348964,10.471105890232389,0.49267868420387245,2.5633956841118577,15,3,False,42
permABC-SMC,1584493.1237721022,35.45211830713738,12097605.0,270.6769232749939,0.5725025431564336,24.592411933034956,292.26148287468743,27.631021115154873,0.28868215422348964,10.471105890232389,0.49267868420387245,2.5633956841118577,15,3,False,42
permABC-SMC,1582454.9019607843,35.38581072115431,12105780.0,270.70145201683044,0.5725025431564336,24.592411933034956,292.26148287468743,27.631021115154873,0.28868215422348964,10.471105890232389,0.49267868420387245,2.5633956841118577,15,3,False,42
permABC-SMC,1577337.890625,35.251005956282214,12113955.0,270.72772574424744,0.5725025431564336,24.592411933034956,292.26148287468743,27.631021115154873,0.28868215422348964,10.471105890232389,0.49267868420387245,2.5633956841118577,15,3,False,42
permABC-SMC,1575325.5360623782,35.1854842386128,12122130.0,270.7523012161255,0.5725025431564336,24.592411933034956,292.26148287468743,27.631021115154873,0.28868215422348964,10.471105890232389,0.49267868420387245,2.5633956841118577,15,3,False,42
permABC-SMC,1576387.9142300196,35.18867576331424,12130305.0,270.776859998703,0.5725025431564336,24.592411933034956,292.26148287468743,27.631021115154873,0.28868215422348964,10.471105890232389,0.49267868420387245,2.5633956841118577,15,3,False,42
permABC-SMC,1574381.3229571984,35.123417256871086,12138480.0,270.8015470504761,0.5725025431564336,24.592411933034956,292.26148287468743,27.631021115154873,0.28868215422348964,10.471105890232389,0.49267868420387245,2.5633956841118577,15,3,False,42
permABC-SMC,1575441.634241245,35.12661617862885,12146655.0,270.8262107372284,0.5725025431564336,24.592411933034956,292.26148287468743,27.631021115154873,0.28868215422348964,10.471105890232389,0.49267868420387245,2.5633956841118577,15,3,False,42
permABC-SMC,1573440.776699029,35.061593904464374,12154830.0,270.8508129119873,0.5725025431564336,24.592411933034956,292.26148287468743,27.631021115154873,0.28868215422348964,10.471105890232389,0.49267868420387245,2.5633956841118577,15,3,False,42
permABC-SMC,1574499.0291262134,35.06476226362209,12163005.0,270.8752884864807,0.5725025431564336,24.592411933034956,292.26148287468743,27.631021115154873,0.28868215422348964,10.471105890232389,0.49267868420387245,2.5633956841118577,15,3,False,42
permABC-SMC,1569462.2823984525,34.93228103175308,12171180.0,270.8998394012451,0.5725025431564336,24.592411933034956,292.26148287468743,27.631021115154873,0.28868215422348964,10.471105890232389,0.49267868420387245,2.5633956841118577,15,3,False,42
permABC-SMC,1564464.3545279384,34.80082697491655,12179355.0,270.92443799972534,0.5725025431564336,24.592411933034956,292.26148287468743,27.631021115154873,0.28868215422348964,10.471105890232389,0.49267868420387245,2.5633956841118577,15,3,False,42
permABC-SMC,1565514.4508670522,34.80395581680915,12187530.0,270.94879603385925,0.5725025431564336,24.592411933034956,292.26148287468743,27.631021115154873,0.28868215422348964,10.471105890232389,0.49267868420387245,2.5633956841118577,15,3,False,42
permABC-SMC,1563551.923076923,34.74016999587034,12195705.0,270.9733259677887,0.5725025431564336,24.592411933034956,292.26148287468743,27.631021115154873,0.28868215422348964,10.471105890232389,0.49267868420387245,2.5633956841118577,15,3,False,42
permABC-SMC,1564600.0,34.74333891501793,12203880.0,270.9980435371399,0.5725025431564336,24.592411933034956,292.26148287468743,27.631021115154873,0.28868215422348964,10.471105890232389,0.49267868420387245,2.5633956841118577,15,3,False,42
permABC-SMC,1565648.0769230768,34.746531003560776,12212055.0,271.02294182777405,0.5725025431564336,24.592411933034956,292.26148287468743,27.631021115154873,0.28868215422348964,10.471105890232389,0.49267868420387245,2.5633956841118577,15,3,False,42
permABC-SMC,1563689.0595009597,34.682988418803646,12220230.0,271.04755449295044,0.5725025431564336,24.592411933034956,292.26148287468743,27.631021115154873,0.28868215422348964,10.471105890232389,0.49267868420387245,2.5633956841118577,15,3,False,42
permABC-SMC,1561737.5478927204,34.61968110134471,12228405.0,271.07210302352905,0.5725025431564336,24.592411933034956,292.26148287468743,27.631021115154873,0.28868215422348964,10.471105890232389,0.49267868420387245,2.5633956841118577,15,3,False,42
permABC-SMC,1562781.6091954024,34.622810109212786,12236580.0,271.0966031551361,0.5725025431564336,24.592411933034956,292.26148287468743,27.631021115154873,0.28868215422348964,10.471105890232389,0.49267868420387245,2.5633956841118577,15,3,False,42
permABC-SMC,1557856.8702290077,34.49377413014419,12244755.0,271.12106466293335,0.5725025431564336,24.592411933034956,292.26148287468743,27.631021115154873,0.28868215422348964,10.471105890232389,0.49267868420387245,2.5633956841118577,15,3,False,42
permABC-SMC,1558896.9465648853,34.49720359637234,12252930.0,271.1480202674866,0.5725025431564336,24.592411933034956,292.26148287468743,27.631021115154873,0.28868215422348964,10.471105890232389,0.49267868420387245,2.5633956841118577,15,3,False,42
permABC-SMC,1556965.7142857143,34.434666436816016,12261105.0,271.17299818992615,0.5725025431564336,24.592411933034956,292.26148287468743,27.631021115154873,0.28868215422348964,10.471105890232389,0.49267868420387245,2.5633956841118577,15,3,False,42
permABC-SMC,1558003.8095238095,34.437815681336424,12269280.0,271.1977984905243,0.5725025431564336,24.592411933034956,292.26148287468743,27.631021115154873,0.28868215422348964,10.471105890232389,0.49267868420387245,2.5633956841118577,15,3,False,42
permABC-SMC,1559041.9047619049,34.44091706048875,12277455.0,271.2222218513489,0.5725025431564336,24.592411933034956,292.26148287468743,27.631021115154873,0.28868215422348964,10.471105890232389,0.49267868420387245,2.5633956841118577,15,3,False,42
permABC-SMC,1560080.0,34.44402728005061,12285630.0,271.24671483039856,0.5725025431564336,24.592411933034956,292.26148287468743,27.631021115154873,0.28868215422348964,10.471105890232389,0.49267868420387245,2.5633956841118577,15,3,False,42
permABC-SMC,1561118.0952380954,34.44711591327001,12293805.0,271.27103781700134,0.5725025431564336,24.592411933034956,292.26148287468743,27.631021115154873,0.28868215422348964,10.471105890232389,0.49267868420387245,2.5633956841118577,15,3,False,42
permABC-SMC,1562156.1904761905,34.45023143102252,12301980.0,271.29557251930237,0.5725025431564336,24.592411933034956,292.26148287468743,27.631021115154873,0.28868215422348964,10.471105890232389,0.49267868420387245,2.5633956841118577,15,3,False,42
permABC-SMC,1563194.285714286,34.453347614833284,12310155.0,271.32011246681213,0.5725025431564336,24.592411933034956,292.26148287468743,27.631021115154873,0.28868215422348964,10.471105890232389,0.49267868420387245,2.5633956841118577,15,3,False,42
permABC-SMC,1564232.3809523808,34.456447086636985,12318330.0,271.34452080726624,0.5725025431564336,24.592411933034956,292.26148287468743,27.631021115154873,0.28868215422348964,10.471105890232389,0.49267868420387245,2.5633956841118577,15,3,False,42
permABC-SMC,1565270.4761904762,34.45956336127387,12326505.0,271.36906147003174,0.5725025431564336,24.592411933034956,292.26148287468743,27.631021115154873,0.28868215422348964,10.471105890232389,0.49267868420387245,2.5633956841118577,15,3,False,42
permABC-SMC,1566308.5714285714,34.462663378034314,12334680.0,271.39347410202026,0.5725025431564336,24.592411933034956,292.26148287468743,27.631021115154873,0.28868215422348964,10.471105890232389,0.49267868420387245,2.5633956841118577,15,3,False,42
permABC-SMC,1564366.9201520912,34.400263152950465,12342855.0,271.4180762767792,0.5725025431564336,24.592411933034956,292.26148287468743,27.631021115154873,0.28868215422348964,10.471105890232389,0.49267868420387245,2.5633956841118577,15,3,False,42
permABC-SMC,1565403.041825095,34.40336700628012,12351030.0,271.44256567955017,0.5725025431564336,24.592411933034956,292.26148287468743,27.631021115154873,0.28868215422348964,10.471105890232389,0.49267868420387245,2.5633956841118577,15,3,False,42
permABC-SMC,1563466.7931688805,34.34119770452993,12359205.0,271.4671678543091,0.5725025431564336,24.592411933034956,292.26148287468743,27.631021115154873,0.28868215422348964,10.471105890232389,0.49267868420387245,2.5633956841118577,15,3,False,42
permABC-SMC,1564500.9487666034,34.344314940740304,12367380.0,271.4918096065521,0.5725025431564336,24.592411933034956,292.26148287468743,27.631021115154873,0.28868215422348964,10.471105890232389,0.49267868420387245,2.5633956841118577,15,3,False,42
permABC-SMC,1565535.1043643265,34.34742382249826,12375555.0,271.51638531684875,0.5725025431564336,24.592411933034956,292.26148287468743,27.631021115154873,0.28868215422348964,10.471105890232389,0.49267868420387245,2.5633956841118577,15,3,False,42
permABC-SMC,1566569.2599620493,34.35128674636831,12383730.0,271.5469217300415,0.5725025431564336,24.592411933034956,292.26148287468743,27.631021115154873,0.28868215422348964,10.471105890232389,0.49267868420387245,2.5633956841118577,15,3,False,42
permABC-SMC,1567603.4155597722,34.35443233342807,12391905.0,271.5717875957489,0.5725025431564336,24.592411933034956,292.26148287468743,27.631021115154873,0.28868215422348964,10.471105890232389,0.49267868420387245,2.5633956841118577,15,3,False,42
permABC-SMC,1565666.6666666667,34.292467615821145,12400080.0,271.59634351730347,0.5725025431564336,24.592411933034956,292.26148287468743,27.631021115154873,0.28868215422348964,10.471105890232389,0.49267868420387245,2.5633956841118577,15,3,False,42
permABC-SMC,1563737.240075614,34.230727374215654,12408255.0,271.62082171440125,0.5725025431564336,24.592411933034956,292.26148287468743,27.631021115154873,0.28868215422348964,10.471105890232389,0.49267868420387245,2.5633956841118577,15,3,False,42
permABC-SMC,1564767.485822306,34.23382897908836,12416430.0,271.64543294906616,0.5725025431564336,24.592411933034956,292.26148287468743,27.631021115154873,0.28868215422348964,10.471105890232389,0.49267868420387245,2.5633956841118577,15,3,False,42
permABC-SMC,1565797.731568998,34.236910002142956,12424605.0,271.6698808670044,0.5725025431564336,24.592411933034956,292.26148287468743,27.631021115154873,0.28868215422348964,10.471105890232389,0.49267868420387245,2.5633956841118577,15,3,False,42
permABC-SMC,1563871.6981132075,34.17539056741967,12432780.0,271.6943550109863,0.5725025431564336,24.592411933034956,292.26148287468743,27.631021115154873,0.28868215422348964,10.471105890232389,0.49267868420387245,2.5633956841118577,15,3,False,42
permABC-SMC,1561952.9190207154,34.1140967079924,12440955.0,271.71878027915955,0.5725025431564336,24.592411933034956,292.26148287468743,27.631021115154873,0.28868215422348964,10.471105890232389,0.49267868420387245,2.5633956841118577,15,3,False,42
permABC-SMC,1562979.2843691148,34.11718190127922,12449130.0,271.74335384368896,0.5725025431564336,24.592411933034956,292.26148287468743,27.631021115154873,0.28868215422348964,10.471105890232389,0.49267868420387245,2.5633956841118577,15,3,False,42
permABC-SMC,1564005.649717514,34.120259222113255,12457305.0,271.7678647041321,0.5725025431564336,24.592411933034956,292.26148287468743,27.631021115154873,0.28868215422348964,10.471105890232389,0.49267868420387245,2.5633956841118577,15,3,False,42
permABC-SMC,1565032.015065913,34.123346899862334,12465480.0,271.79245805740356,0.5725025431564336,24.592411933034956,292.26148287468743,27.631021115154873,0.28868215422348964,10.471105890232389,0.49267868420387245,2.5633956841118577,15,3,False,42
permABC-SMC,1560181.9887429643,33.99838772022851,12473655.0,271.81710982322693,0.5725025431564336,24.592411933034956,292.26148287468743,27.631021115154873,0.28868215422348964,10.471105890232389,0.49267868420387245,2.5633956841118577,15,3,False,42
permABC-SMC,1561204.502814259,34.00145853363476,12481830.0,271.8416609764099,0.5725025431564336,24.592411933034956,292.26148287468743,27.631021115154873,0.28868215422348964,10.471105890232389,0.49267868420387245,2.5633956841118577,15,3,False,42
permABC-SMC,1553483.2089552237,33.814195910496494,12490005.0,271.86613512039185,0.5725025431564336,24.592411933034956,292.26148287468743,27.631021115154873,0.28868215422348964,10.471105890232389,0.49267868420387245,2.5633956841118577,15,3,False,42
permABC-SMC,1554499.9999999998,33.81724538494698,12498180.0,271.89065289497375,0.5725025431564336,24.592411933034956,292.26148287468743,27.631021115154873,0.28868215422348964,10.471105890232389,0.49267868420387245,2.5633956841118577,15,3,False,42
permABC-SMC,1555516.791044776,33.82026307025358,12506355.0,271.91491508483887,0.5725025431564336,24.592411933034956,292.26148287468743,27.631021115154873,0.28868215422348964,10.471105890232389,0.49267868420387245,2.5633956841118577,15,3,False,42
permABC-SMC,1556533.582089552,33.823297391483436,12514530.0,271.93931102752686,0.5725025431564336,24.592411933034956,292.26148287468743,27.631021115154873,0.28868215422348964,10.471105890232389,0.49267868420387245,2.5633956841118577,15,3,False,42
permABC-SMC,1557550.373134328,33.82633992688572,12522705.0,271.96377301216125,0.5725025431564336,24.592411933034956,292.26148287468743,27.631021115154873,0.28868215422348964,10.471105890232389,0.49267868420387245,2.5633956841118577,15,3,False,42
permABC-SMC,1555664.804469274,33.76640320416195,12530880.0,271.98837780952454,0.5725025431564336,24.592411933034956,292.26148287468743,27.631021115154873,0.28868215422348964,10.471105890232389,0.49267868420387245,2.5633956841118577,15,3,False,42
permABC-SMC,1556679.7020484172,33.76948583355459,12539055.0,272.0132083892822,0.5725025431564336,24.592411933034956,292.26148287468743,27.631021115154873,0.28868215422348964,10.471105890232389,0.49267868420387245,2.5633956841118577,15,3,False,42
permABC-SMC,1557694.5996275607,33.77254386631915,12547230.0,272.0378408432007,0.5725025431564336,24.592411933034956,292.26148287468743,27.631021115154873,0.28868215422348964,10.471105890232389,0.49267868420387245,2.5633956841118577,15,3,False,42
permABC-SMC,1555812.2676579927,33.71280359365092,12555405.0,272.06232500076294,0.5725025431564336,24.592411933034956,292.26148287468743,27.631021115154873,0.28868215422348964,10.471105890232389,0.49267868420387245,2.5633956841118577,15,3,False,42
permABC-SMC,1553936.9202226344,33.65330062092419,12563580.0,272.0869355201721,0.5725025431564336,24.592411933034956,292.26148287468743,27.631021115154873,0.28868215422348964,10.471105890232389,0.49267868420387245,2.5633956841118577,15,3,False,42
permABC-SMC,1554948.0519480517,33.65633680854377,12571755.0,272.1114830970764,0.5725025431564336,24.592411933034956,292.26148287468743,27.631021115154873,0.28868215422348964,10.471105890232389,0.49267868420387245,2.5633956841118577,15,3,False,42
permABC-SMC,1553077.7777777773,33.59704100055458,12579930.0,272.1360321044922,0.5725025431564336,24.592411933034956,292.26148287468743,27.631021115154873,0.28868215422348964,10.471105890232389,0.49267868420387245,2.5633956841118577,15,3,False,42
permABC-SMC,1554087.0370370366,33.60042934064511,12588105.0,272.16347765922546,0.5725025431564336,24.592411933034956,292.26148287468743,27.631021115154873,0.28868215422348964,10.471105890232389,0.49267868420387245,2.5633956841118577,15,3,False,42
permABC-SMC,1552221.8114602587,33.54137861941673,12596280.0,272.1882874965668,0.5725025431564336,24.592411933034956,292.26148287468743,27.631021115154873,0.28868215422348964,10.471105890232389,0.49267868420387245,2.5633956841118577,15,3,False,42
permABC-SMC,1553229.2051756007,33.54440837162039,12604455.0,272.21287393569946,0.5725025431564336,24.592411933034956,292.26148287468743,27.631021115154873,0.28868215422348964,10.471105890232389,0.49267868420387245,2.5633956841118577,15,3,False,42
permABC-SMC,1551369.003690037,33.48552517931986,12612630.0,272.2373197078705,0.5725025431564336,24.592411933034956,292.26148287468743,27.631021115154873,0.28868215422348964,10.471105890232389,0.49267868420387245,2.5633956841118577,15,3,False,42
permABC-SMC,1543829.357798165,33.30420246182596,12620805.0,272.26185512542725,0.5725025431564336,24.592411933034956,292.26148287468743,27.631021115154873,0.28868215422348964,10.471105890232389,0.49267868420387245,2.5633956841118577,15,3,False,42
permABC-SMC,1541999.9999999998,33.24619966839987,12628980.0,272.28637528419495,0.5725025431564336,24.592411933034956,292.26148287468743,27.631021115154873,0.28868215422348964,10.471105890232389,0.49267868420387245,2.5633956841118577,15,3,False,42
permABC-SMC,1537366.788321168,33.12785695069027,12637155.0,272.3109841346741,0.5725025431564336,24.592411933034956,292.26148287468743,27.631021115154873,0.28868215422348964,10.471105890232389,0.49267868420387245,2.5633956841118577,15,3,False,42
permABC-SMC,1538361.3138686132,33.13084701552008,12645330.0,272.3355624675751,0.5725025431564336,24.592411933034956,292.26148287468743,27.631021115154873,0.28868215422348964,10.471105890232389,0.49267868420387245,2.5633956841118577,15,3,False,42
permABC-SMC,1533758.1818181819,33.01334698994955,12653505.0,272.36011266708374,0.5725025431564336,24.592411933034956,292.26148287468743,27.631021115154873,0.28868215422348964,10.471105890232389,0.49267868420387245,2.5633956841118577,15,3,False,42
permABC-SMC,1534749.0909090908,33.016311183120266,12661680.0,272.3845672607422,0.5725025431564336,24.592411933034956,292.26148287468743,27.631021115154873,0.28868215422348964,10.471105890232389,0.49267868420387245,2.5633956841118577,15,3,False,42
permABC-SMC,1532952.8130671505,32.95936134462997,12669855.0,272.4091215133667,0.5725025431564336,24.592411933034956,292.26148287468743,27.631021115154873,0.28868215422348964,10.471105890232389,0.49267868420387245,2.5633956841118577,15,3,False,42
permABC-SMC,1531163.0434782605,32.90260534931495,12678030.0,272.4335722923279,0.5725025431564336,24.592411933034956,292.26148287468743,27.631021115154873,0.28868215422348964,10.471105890232389,0.49267868420387245,2.5633956841118577,15,3,False,42
permABC-SMC,1532150.3623188403,32.90557642489815,12686205.0,272.45817279815674,0.5725025431564336,24.592411933034956,292.26148287468743,27.631021115154873,0.28868215422348964,10.471105890232389,0.49267868420387245,2.5633956841118577,15,3,False,42
permABC-SMC,1533137.68115942,32.908519253062735,12694380.0,272.4825394153595,0.5725025431564336,24.592411933034956,292.26148287468743,27.631021115154873,0.28868215422348964,10.471105890232389,0.49267868420387245,2.5633956841118577,15,3,False,42
permABC-SMC,1528586.642599278,32.79267662842494,12702555.0,272.5071427822113,0.5725025431564336,24.592411933034956,292.26148287468743,27.631021115154873,0.28868215422348964,10.471105890232389,0.49267868420387245,2.5633956841118577,15,3,False,42
permABC-SMC,1526814.4144144142,32.736565787512966,12710730.0,272.53191018104553,0.5725025431564336,24.592411933034956,292.26148287468743,27.631021115154873,0.28868215422348964,10.471105890232389,0.49267868420387245,2.5633956841118577,15,3,False,42
permABC-SMC,1527796.3963963962,32.739559637533645,12718905.0,272.55683398246765,0.5725025431564336,24.592411933034956,292.26148287468743,27.631021115154873,0.28868215422348964,10.471105890232389,0.49267868420387245,2.5633956841118577,15,3,False,42
permABC-SMC,1528778.378378378,32.742511073390276,12727080.0,272.5814046859741,0.5725025431564336,24.592411933034956,292.26148287468743,27.631021115154873,0.28868215422348964,10.471105890232389,0.49267868420387245,2.5633956841118577,15,3,False,42
permABC-SMC,1529760.36036036,32.745444953620606,12735255.0,272.6058292388916,0.5725025431564336,24.592411933034956,292.26148287468743,27.631021115154873,0.28868215422348964,10.471105890232389,0.49267868420387245,2.5633956841118577,15,3,False,42
permABC-SMC,1527989.2086330936,32.689513548386756,12743430.0,272.63054299354553,0.5725025431564336,24.592411933034956,292.26148287468743,27.631021115154873,0.28868215422348964,10.471105890232389,0.49267868420387245,2.5633956841118577,15,3,False,42
permABC-SMC,1528969.4244604316,32.69245853241113,12751605.0,272.65510416030884,0.5725025431564336,24.592411933034956,292.26148287468743,27.631021115154873,0.28868215422348964,10.471105890232389,0.49267868420387245,2.5633956841118577,15,3,False,42
permABC-SMC,1524465.949820788,32.57819925442675,12759780.0,272.679527759552,0.5725025431564336,24.592411933034956,292.26148287468743,27.631021115154873,0.28868215422348964,10.471105890232389,0.49267868420387245,2.5633956841118577,15,3,False,42
permABC-SMC,1525442.652329749,32.581137215079934,12767955.0,272.7041184902191,0.5725025431564336,24.592411933034956,292.26148287468743,27.631021115154873,0.28868215422348964,10.471105890232389,0.49267868420387245,2.5633956841118577,15,3,False,42
permABC-SMC,1526419.3548387093,32.58407400785239,12776130.0,272.7286994457245,0.5725025431564336,24.592411933034956,292.26148287468743,27.631021115154873,0.28868215422348964,10.471105890232389,0.49267868420387245,2.5633956841118577,15,3,False,42
permABC-SMC,1527396.05734767,32.58701837760715,12784305.0,272.7533438205719,0.5725025431564336,24.592411933034956,292.26148287468743,27.631021115154873,0.28868215422348964,10.471105890232389,0.49267868420387245,2.5633956841118577,15,3,False,42
permABC-SMC,1528372.7598566303,32.58995602492647,12792480.0,272.77793192863464,0.5725025431564336,24.592411933034956,292.26148287468743,27.631021115154873,0.28868215422348964,10.471105890232389,0.49267868420387245,2.5633956841118577,15,3,False,42
permABC-SMC,1529349.462365591,32.592881224346264,12800655.0,272.8024158477783,0.5725025431564336,24.592411933034956,292.26148287468743,27.631021115154873,0.28868215422348964,10.471105890232389,0.49267868420387245,2.5633956841118577,15,3,False,42
permABC-SMC,1530326.1648745518,32.595824426220304,12808830.0,272.827050447464,0.5725025431564336,24.592411933034956,292.26148287468743,27.631021115154873,0.28868215422348964,10.471105890232389,0.49267868420387245,2.5633956841118577,15,3,False,42
permABC-SMC,1528563.5062611802,32.540441625659916,12817005.0,272.85160303115845,0.5725025431564336,24.592411933034956,292.26148287468743,27.631021115154873,0.28868215422348964,10.471105890232389,0.49267868420387245,2.5633956841118577,15,3,False,42
permABC-SMC,1526807.142857143,32.48527265730358,12825180.0,272.8762903213501,0.5725025431564336,24.592411933034956,292.26148287468743,27.631021115154873,0.28868215422348964,10.471105890232389,0.49267868420387245,2.5633956841118577,15,3,False,42
permABC-SMC,1527780.357142857,32.48821261383238,12833355.0,272.900985956192,0.5725025431564336,24.592411933034956,292.26148287468743,27.631021115154873,0.28868215422348964,10.471105890232389,0.49267868420387245,2.5633956841118577,15,3,False,42
permABC-SMC,1528753.5714285714,32.491122966720944,12841530.0,272.92543292045593,0.5725025431564336,24.592411933034956,292.26148287468743,27.631021115154873,0.28868215422348964,10.471105890232389,0.49267868420387245,2.5633956841118577,15,3,False,42
permABC-SMC,1529726.785714286,32.49404847621918,12849705.0,272.9500072002411,0.5725025431564336,24.592411933034956,292.26148287468743,27.631021115154873,0.28868215422348964,10.471105890232389,0.49267868420387245,2.5633956841118577,15,3,False,42
permABC-SMC,1522543.5168738903,32.3238073544364,12857880.0,272.97455310821533,0.5725025431564336,24.592411933034956,292.26148287468743,27.631021115154873,0.28868215422348964,10.471105890232389,0.49267868420387245,2.5633956841118577,15,3,False,42
permABC-SMC,1523511.5452930732,32.32675674330067,12866055.0,272.9994606971741,0.5725025431564336,24.592411933034956,292.26148287468743,27.631021115154873,0.28868215422348964,10.471105890232389,0.49267868420387245,2.5633956841118577,15,3,False,42
permABC-SMC,1524479.573712256,32.329689390635345,12874230.0,273.0242269039154,0.5725025431564336,24.592411933034956,292.26148287468743,27.631021115154873,0.28868215422348964,10.471105890232389,0.49267868420387245,2.5633956841118577,15,3,False,42
permABC-SMC,1525447.602131439,32.33259070053688,12882405.0,273.04872846603394,0.5725025431564336,24.592411933034956,292.26148287468743,27.631021115154873,0.28868215422348964,10.471105890232389,0.49267868420387245,2.5633956841118577,15,3,False,42
permABC-SMC,1526415.630550622,32.33549734627164,12890580.0,273.0732750892639,0.5725025431564336,24.592411933034956,292.26148287468743,27.631021115154873,0.28868215422348964,10.471105890232389,0.49267868420387245,2.5633956841118577,15,3,False,42
permABC-SMC,1524675.531914894,32.281067354459296,12898755.0,273.0978298187256,0.5725025431564336,24.592411933034956,292.26148287468743,27.631021115154873,0.28868215422348964,10.471105890232389,0.49267868420387245,2.5633956841118577,15,3,False,42
permABC-SMC,1522941.5929203539,32.22682936001668,12906930.0,273.12237882614136,0.5725025431564336,24.592411933034956,292.26148287468743,27.631021115154873,0.28868215422348964,10.471105890232389,0.49267868420387245,2.5633956841118577,15,3,False,42
permABC-SMC,1521213.780918728,32.17308647641024,12915105.0,273.1495041847229,0.5725025431564336,24.592411933034956,292.26148287468743,27.631021115154873,0.28868215422348964,10.471105890232389,0.49267868420387245,2.5633956841118577,15,3,False,42
permABC-SMC,1522176.67844523,32.176032757169374,12923280.0,273.1745181083679,0.5725025431564336,24.592411933034956,292.26148287468743,27.631021115154873,0.28868215422348964,10.471105890232389,0.49267868420387245,2.5633956841118577,15,3,False,42
permABC-SMC,1520453.2627865965,32.12223473469838,12931455.0,273.1996064186096,0.5725025431564336,24.592411933034956,292.26148287468743,27.631021115154873,0.28868215422348964,10.471105890232389,0.49267868420387245,2.5633956841118577,15,3,False,42
permABC-SMC,1521414.4620811292,32.125127686955246,12939630.0,273.2242109775543,0.5725025431564336,24.592411933034956,292.26148287468743,27.631021115154873,0.28868215422348964,10.471105890232389,0.49267868420387245,2.5633956841118577,15,3,False,42
permABC-SMC,1519695.4225352113,32.0714597970667,12947805.0,273.2488374710083,0.5725025431564336,24.592411933034956,292.26148287468743,27.631021115154873,0.28868215422348964,10.471105890232389,0.49267868420387245,2.5633956841118577,15,3,False,42
permABC-SMC,1520654.929577465,32.074329047135905,12955980.0,273.2732834815979,0.5725025431564336,24.592411933034956,292.26148287468743,27.631021115154873,0.28868215422348964,10.471105890232389,0.49267868420387245,2.5633956841118577,15,3,False,42
permABC-SMC,1521614.4366197183,32.077204397586584,12964155.0,273.29778146743774,0.5725025431564336,24.592411933034956,292.26148287468743,27.631021115154873,0.28868215422348964,10.471105890232389,0.49267868420387245,2.5633956841118577,15,3,False,42
permABC-SMC,1517231.5789473688,31.967552391409185,12972330.0,273.32257294654846,0.5725025431564336,24.592411933034956,292.26148287468743,27.631021115154873,0.28868215422348964,10.471105890232389,0.49267868420387245,2.5633956841118577,15,3,False,42
permABC-SMC,1518187.7192982459,31.97042515403347,12980505.0,273.3471350669861,0.5725025431564336,24.592411933034956,292.26148287468743,27.631021115154873,0.28868215422348964,10.471105890232389,0.49267868420387245,2.5633956841118577,15,3,False,42
permABC-SMC,1519143.8596491232,31.97329735895347,12988680.0,273.3716924190521,0.5725025431564336,24.592411933034956,292.26148287468743,27.631021115154873,0.28868215422348964,10.471105890232389,0.49267868420387245,2.5633956841118577,15,3,False,42
permABC-SMC,1517437.8283712785,31.920177088936242,12996855.0,273.3963167667389,0.5725025431564336,24.592411933034956,292.26148287468743,27.631021115154873,0.28868215422348964,10.471105890232389,0.49267868420387245,2.5633956841118577,15,3,False,42
permABC-SMC,1518392.2942206655,31.92303802837632,13005030.0,273.4208207130432,0.5725025431564336,24.592411933034956,292.26148287468743,27.631021115154873,0.28868215422348964,10.471105890232389,0.49267868420387245,2.5633956841118577,15,3,False,42
permABC-SMC,1519346.7600700527,31.925901640108716,13013205.0,273.4453475475311,0.5725025431564336,24.592411933034956,292.26148287468743,27.631021115154873,0.28868215422348964,10.471105890232389,0.49267868420387245,2.5633956841118577,15,3,False,42
permABC-SMC,1517643.3566433566,31.872985496387617,13021380.0,273.47021555900574,0.5725025431564336,24.592411933034956,292.26148287468743,27.631021115154873,0.28868215422348964,10.471105890232389,0.49267868420387245,2.5633956841118577,15,3,False,42
permABC-SMC,1518596.1538461538,31.87583746054234,13029555.0,273.49468541145325,0.5725025431564336,24.592411933034956,292.26148287468743,27.631021115154873,0.28868215422348964,10.471105890232389,0.49267868420387245,2.5633956841118577,15,3,False,42
permABC-SMC,1516897.0331588136,31.823078874518114,13037730.0,273.51936292648315,0.5725025431564336,24.592411933034956,292.26148287468743,27.631021115154873,0.28868215422348964,10.471105890232389,0.49267868420387245,2.5633956841118577,15,3,False,42
permABC-SMC,1517848.1675392673,31.825926194293622,13045905.0,273.5438356399536,0.5725025431564336,24.592411933034956,292.26148287468743,27.631021115154873,0.28868215422348964,10.471105890232389,0.49267868420387245,2.5633956841118577,15,3,False,42
permABC-SMC,1518799.301919721,31.828775400335957,13054080.0,273.56832456588745,0.5725025431564336,24.592411933034956,292.26148287468743,27.631021115154873,0.28868215422348964,10.471105890232389,0.49267868420387245,2.5633956841118577,15,3,False,42
permABC-SMC,1517102.787456446,31.77617235881526,13062255.0,273.5928440093994,0.5725025431564336,24.592411933034956,292.26148287468743,27.631021115154873,0.28868215422348964,10.471105890232389,0.49267868420387245,2.5633956841118577,15,3,False,42
permABC-SMC,1518052.2648083623,31.779015825739027,13070430.0,273.61732625961304,0.5725025431564336,24.592411933034956,292.26148287468743,27.631021115154873,0.28868215422348964,10.471105890232389,0.49267868420387245,2.5633956841118577,15,3,False,42
permABC-SMC,1519001.7421602788,31.781870756692033,13078605.0,273.6419072151184,0.5725025431564336,24.592411933034956,292.26148287468743,27.631021115154873,0.28868215422348964,10.471105890232389,0.49267868420387245,2.5633956841118577,15,3,False,42
permABC-SMC,1519951.219512195,31.784725964553957,13086780.0,273.66649055480957,0.5725025431564336,24.592411933034956,292.26148287468743,27.631021115154873,0.28868215422348964,10.471105890232389,0.49267868420387245,2.5633956841118577,15,3,False,42
permABC-SMC,1520900.6968641116,31.787576548036935,13094955.0,273.691034078598,0.5725025431564336,24.592411933034956,292.26148287468743,27.631021115154873,0.28868215422348964,10.471105890232389,0.49267868420387245,2.5633956841118577,15,3,False,42
permABC-SMC,1519203.4782608696,31.73512630186219,13103130.0,273.7154643535614,0.5725025431564336,24.592411933034956,292.26148287468743,27.631021115154873,0.28868215422348964,10.471105890232389,0.49267868420387245,2.5633956841118577,15,3,False,42
permABC-SMC,1517512.152777778,31.68287404157498,13111305.0,273.74003171920776,0.5725025431564336,24.592411933034956,292.26148287468743,27.631021115154873,0.28868215422348964,10.471105890232389,0.49267868420387245,2.5633956841118577,15,3,False,42
permABC-SMC,1515826.6897746967,31.630788684097897,13119480.0,273.7644760608673,0.5725025431564336,24.592411933034956,292.26148287468743,27.631021115154873,0.28868215422348964,10.471105890232389,0.49267868420387245,2.5633956841118577,15,3,False,42
permABC-SMC,1514147.0588235294,31.578892132540197,13127655.0,273.78899478912354,0.5725025431564336,24.592411933034956,292.26148287468743,27.631021115154873,0.28868215422348964,10.471105890232389,0.49267868420387245,2.5633956841118577,15,3,False,42
permABC-SMC,1515089.9653979237,31.581725463735193,13135830.0,273.8135597705841,0.5725025431564336,24.592411933034956,292.26148287468743,27.631021115154873,0.28868215422348964,10.471105890232389,0.49267868420387245,2.5633956841118577,15,3,False,42
permABC-SMC,1516032.8719723183,31.584561847347974,13144005.0,273.83815121650696,0.5725025431564336,24.592411933034956,292.26148287468743,27.631021115154873,0.28868215422348964,10.471105890232389,0.49267868420387245,2.5633956841118577,15,3,False,42
permABC-SMC,1514355.7858376515,31.53283734670232,13152180.0,273.8626923561096,0.5725025431564336,24.592411933034956,292.26148287468743,27.631021115154873,0.28868215422348964,10.471105890232389,0.49267868420387245,2.5633956841118577,15,3,False,42
permABC-SMC,1515297.063903282,31.535663231392327,13160355.0,273.88723516464233,0.5725025431564336,24.592411933034956,292.26148287468743,27.631021115154873,0.28868215422348964,10.471105890232389,0.49267868420387245,2.5633956841118577,15,3,False,42
permABC-SMC,1513624.1379310344,31.484100544589687,13168530.0,273.9116747379303,0.5725025431564336,24.592411933034956,292.26148287468743,27.631021115154873,0.28868215422348964,10.471105890232389,0.49267868420387245,2.5633956841118577,15,3,False,42
permABC-SMC,1511956.9707401034,31.43277034223319,13176705.0,273.93659353256226,0.5725025431564336,24.592411933034956,292.26148287468743,27.631021115154873,0.28868215422348964,10.471105890232389,0.49267868420387245,2.5633956841118577,15,3,False,42
permABC-SMC,1502550.4273504277,31.220635335329938,13184880.0,273.96107506752014,0.5725025431564336,24.592411933034956,292.26148287468743,27.631021115154873,0.28868215422348964,10.471105890232389,0.49267868420387245,2.5633956841118577,15,3,False,42
permABC-SMC,1503482.0512820515,31.223452940286062,13193055.0,273.98579955101013,0.5725025431564336,24.592411933034956,292.26148287468743,27.631021115154873,0.28868215422348964,10.471105890232389,0.49267868420387245,2.5633956841118577,15,3,False,42
permABC-SMC,1504413.6752136755,31.226266469710918,13201230.0,274.01048827171326,0.5725025431564336,24.592411933034956,292.26148287468743,27.631021115154873,0.28868215422348964,10.471105890232389,0.49267868420387245,2.5633956841118577,15,3,False,42
permABC-SMC,1505345.2991452992,31.229093176686874,13209405.0,274.03529262542725,0.5725025431564336,24.592411933034956,292.26148287468743,27.631021115154873,0.28868215422348964,10.471105890232389,0.49267868420387245,2.5633956841118577,15,3,False,42
permABC-SMC,1503706.4846416384,31.178599168823034,13217580.0,274.05988669395447,0.5725025431564336,24.592411933034956,292.26148287468743,27.631021115154873,0.28868215422348964,10.471105890232389,0.49267868420387245,2.5633956841118577,15,3,False,42
permABC-SMC,1504636.518771331,31.181399922593325,13225755.0,274.08450531959534,0.5725025431564336,24.592411933034956,292.26148287468743,27.631021115154873,0.28868215422348964,10.471105890232389,0.49267868420387245,2.5633956841118577,15,3,False,42
permABC-SMC,1503001.7035775126,31.131063165615934,13233930.0,274.1090111732483,0.5725025431564336,24.592411933034956,292.26148287468743,27.631021115154873,0.28868215422348964,10.471105890232389,0.49267868420387245,2.5633956841118577,15,3,False,42
permABC-SMC,1503930.153321976,31.133829958394195,13242105.0,274.1333727836609,0.5725025431564336,24.592411933034956,292.26148287468743,27.631021115154873,0.28868215422348964,10.471105890232389,0.49267868420387245,2.5633956841118577,15,3,False,42
permABC-SMC,1504858.6030664397,31.13689972283419,13250280.0,274.16040205955505,0.5725025431564336,24.592411933034956,292.26148287468743,27.631021115154873,0.28868215422348964,10.471105890232389,0.49267868420387245,2.5633956841118577,15,3,False,42
permABC-SMC,1505787.052810903,31.139734615865315,13258455.0,274.1853632926941,0.5725025431564336,24.592411933034956,292.26148287468743,27.631021115154873,0.28868215422348964,10.471105890232389,0.49267868420387245,2.5633956841118577,15,3,False,42
permABC-SMC,1506715.5025553664,31.142539398565948,13266630.0,274.21005940437317,0.5725025431564336,24.592411933034956,292.26148287468743,27.631021115154873,0.28868215422348964,10.471105890232389,0.49267868420387245,2.5633956841118577,15,3,False,42
permABC-SMC,1505079.931972789,31.092363987920507,13274805.0,274.23465037345886,0.5725025431564336,24.592411933034956,292.26148287468743,27.631021115154873,0.28868215422348964,10.471105890232389,0.49267868420387245,2.5633956841118577,15,3,False,42
permABC-SMC,1506006.8027210885,31.095124101963172,13282980.0,274.2589945793152,0.5725025431564336,24.592411933034956,292.26148287468743,27.631021115154873,0.28868215422348964,10.471105890232389,0.49267868420387245,2.5633956841118577,15,3,False,42
permABC-SMC,1504375.2122241089,31.045120128076775,13291155.0,274.2836363315582,0.5725025431564336,24.592411933034956,292.26148287468743,27.631021115154873,0.28868215422348964,10.471105890232389,0.49267868420387245,2.5633956841118577,15,3,False,42
permABC-SMC,1505300.509337861,31.047891369632367,13299330.0,274.3081202507019,0.5725025431564336,24.592411933034956,292.26148287468743,27.631021115154873,0.28868215422348964,10.471105890232389,0.49267868420387245,2.5633956841118577,15,3,False,42
permABC-SMC,1506225.806451613,31.050682229785245,13307505.0,274.3327775001526,0.5725025431564336,24.592411933034956,292.26148287468743,27.631021115154873,0.28868215422348964,10.471105890232389,0.49267868420387245,2.5633956841118577,15,3,False,42
permABC-SMC,1504596.6101694915,31.000828823800813,13315680.0,274.3573350906372,0.5725025431564336,24.592411933034956,292.26148287468743,27.631021115154873,0.28868215422348964,10.471105890232389,0.49267868420387245,2.5633956841118577,15,3,False,42
permABC-SMC,1505520.3389830508,31.003608973012803,13323855.0,274.38193941116333,0.5725025431564336,24.592411933034956,292.26148287468743,27.631021115154873,0.28868215422348964,10.471105890232389,0.49267868420387245,2.5633956841118577,15,3,False,42
permABC-SMC,1506444.06779661,31.00637791520458,13332030.0,274.40644454956055,0.5725025431564336,24.592411933034956,292.26148287468743,27.631021115154873,0.28868215422348964,10.471105890232389,0.49267868420387245,2.5633956841118577,15,3,False,42
permABC-SMC,1507367.7966101696,31.009150090190648,13340205.0,274.43097829818726,0.5725025431564336,24.592411933034956,292.26148287468743,27.631021115154873,0.28868215422348964,10.471105890232389,0.49267868420387245,2.5633956841118577,15,3,False,42
permABC-SMC,1505739.4247038916,30.959435310729532,13348380.0,274.4553940296173,0.5725025431564336,24.592411933034956,292.26148287468743,27.631021115154873,0.28868215422348964,10.471105890232389,0.49267868420387245,2.5633956841118577,15,3,False,42
permABC-SMC,1506614.2131979696,30.962147365770164,13356135.0,274.4794363975525,0.572491096603653,24.562407927230247,291.21404883190917,27.631021115153775,0.2834675622978965,10.460663606291217,0.492307071935227,2.5595943239943075,15,3,False,42
permABC-SMC,2251032.828282828,46.214959597346756,13371135.0,274.51686000823975,0.570878727893589,24.546866639005792,290.52791292963445,27.63102111513314,0.2775879974084177,10.452789124866976,0.49166009456876375,2.556247405051768,15,3,False,42
permABC-SMC,2253431.818181818,46.24315660810631,13385385.0,274.6843502521515,0.5694224720092976,24.55890483320058,290.47517871517573,27.631021115133994,0.2814303499740927,10.45632982939733,0.4943437601081397,2.5571871891185842,15,3,False,42
permABC-SMC,2233155.0,45.786498030026756,13398930.0,274.7189881801605,0.5684419205591151,24.56797832637421,290.0324179702991,27.631021115134093,0.2838818455280095,10.454581176345954,0.49635893492523914,2.5568375533386596,15,3,False,42
permABC-SMC,2224176.616915423,45.56395402595179,13411785.0,274.75064277648926,0.5663132219481471,24.572601530178687,290.09187673279155,27.631021115134157,0.2866483082543568,10.45386956262067,0.4972440345925564,2.5564838774460856,15,3,False,42
permABC-SMC,2220684.863523573,45.45608864430064,13424040.0,274.78205585479736,0.5651230553736357,24.58860258326027,289.4406257691161,27.631021115134924,0.28879952827448396,10.446208526400651,0.4976745729110263,2.555466243291815,15,3,False,42
permABC-SMC,2211634.5679012346,45.25784567059803,13435680.0,274.94141244888306,0.5637370981970492,24.59302421292444,289.23499714728143,27.631021115134807,0.2924594904047805,10.4449301532895,0.4994387038889796,2.555648626054065,15,3,False,42
permABC-SMC,2197181.37254902,44.93066454245375,13446750.0,274.9756669998169,0.5625090644156943,24.597588250871013,289.268246345695,27.631021115134757,0.2961510402746442,10.446153888580508,0.5009655861717557,2.5568531082798565,15,3,False,42
permABC-SMC,2193523.227383863,44.847751382704956,13457265.0,275.1409547328949,0.5615705432384626,24.603540129702502,289.1096617340004,27.63102111513477,0.2983764007489379,10.442824982788972,0.5011109158930744,2.556412499736375,15,3,False,42
permABC-SMC,2195154.034229829,44.85258364347102,13467270.0,275.1706006526947,0.5601840189755796,24.61612279975425,288.5845612587244,27.631021115155992,0.30196090657383806,10.438539383790564,0.5030177492261954,2.5556678131049066,15,3,False,42
permABC-SMC,2175426.150121066,44.4413279024606,13476765.0,275.3140263557434,0.5591167603183738,24.64530653058928,288.40222263599674,27.631021115199193,0.3081018644772349,10.439689196727214,0.5059842002918721,2.5565347544289656,15,3,False,42
permABC-SMC,2166392.771084337,44.23193000885377,13485795.0,275.34376430511475,0.5575393354764141,24.684100635088868,288.11411811716766,27.63102111524324,0.3111058469396644,10.437123773026967,0.5068267570464356,2.5566204864906417,15,3,False,42
permABC-SMC,2152239.2344497605,43.91865087658214,13494540.0,275.36994099617004,0.5564440085479212,24.69744198023544,288.0690245804971,27.631021115243605,0.3144363229889913,10.438624340075785,0.508252997462147,2.556441509476063,15,3,False,42
permABC-SMC,2148494.0334128877,43.81782817006016,13503285.0,275.3950500488281,0.5564440085479212,24.69744198023544,288.0690245804971,27.631021115243605,0.3144363229889913,10.438624340075785,0.508252997462147,2.556441509476063,15,3,False,42
permABC-SMC,2134601.8957345975,43.51030676662451,13512030.0,275.42024183273315,0.5564440085479212,24.69744198023544,288.0690245804971,27.631021115243605,0.3144363229889913,10.438624340075785,0.508252997462147,2.556441509476063,15,3,False,42
permABC-SMC,2130933.806146572,43.411405336396534,13520775.0,275.44536685943604,0.5564440085479212,24.69744198023544,288.0690245804971,27.631021115243605,0.3144363229889913,10.438624340075785,0.508252997462147,2.556441509476063,15,3,False,42
permABC-SMC,2117295.7746478873,43.10961702433364,13529520.0,275.47045278549194,0.5564440085479212,24.69744198023544,288.0690245804971,27.631021115243605,0.3144363229889913,10.438624340075785,0.508252997462147,2.556441509476063,15,3,False,42
permABC-SMC,2113702.5761124124,43.012579933541716,13538265.0,275.4955744743347,0.5564440085479212,24.69744198023544,288.0690245804971,27.631021115243605,0.3144363229889913,10.438624340075785,0.508252997462147,2.556441509476063,15,3,False,42
permABC-SMC,2105207.4592074594,42.81596088928128,13547010.0,275.520708322525,0.5564440085479212,24.69744198023544,288.0690245804971,27.631021115243605,0.3144363229889913,10.438624340075785,0.508252997462147,2.556441509476063,15,3,False,42
permABC-SMC,2101667.4418604653,42.72026841954668,13555755.0,275.54573130607605,0.5564440085479212,24.69744198023544,288.0690245804971,27.631021115243605,0.3144363229889913,10.438624340075785,0.508252997462147,2.556441509476063,15,3,False,42
permABC-SMC,2098143.851508121,42.6250296605251,13564500.0,275.5708167552948,0.5564440085479212,24.69744198023544,288.0690245804971,27.631021115243605,0.3144363229889913,10.438624340075785,0.508252997462147,2.556441509476063,15,3,False,42
permABC-SMC,2080190.8045977012,42.23693960927912,13573245.0,275.59603095054626,0.5564440085479212,24.69744198023544,288.0690245804971,27.631021115243605,0.3144363229889913,10.438624340075785,0.508252997462147,2.556441509476063,15,3,False,42
permABC-SMC,2076756.880733945,42.14389692388179,13581990.0,275.6210858821869,0.5564440085479212,24.69744198023544,288.0690245804971,27.631021115243605,0.3144363229889913,10.438624340075785,0.508252997462147,2.556441509476063,15,3,False,42
permABC-SMC,2068605.02283105,41.97595965009483,13590735.0,275.78205490112305,0.5564440085479212,24.69744198023544,288.0690245804971,27.631021115243605,0.3144363229889913,10.438624340075785,0.508252997462147,2.556441509476063,15,3,False,42
permABC-SMC,2065220.9567198178,41.88426650647603,13599480.0,275.80789494514465,0.5564440085479212,24.69744198023544,288.0690245804971,27.631021115243605,0.3144363229889913,10.438624340075785,0.508252997462147,2.556441509476063,15,3,False,42
permABC-SMC,2057176.8707482992,41.69812148390444,13608225.0,275.83307361602783,0.5564440085479212,24.69744198023544,288.0690245804971,27.631021115243605,0.3144363229889913,10.438624340075785,0.508252997462147,2.556441509476063,15,3,False,42
permABC-SMC,2049205.4176072234,41.51366957154284,13616970.0,275.8583343029022,0.5564440085479212,24.69744198023544,288.0690245804971,27.631021115243605,0.3144363229889913,10.438624340075785,0.508252997462147,2.556441509476063,15,3,False,42
permABC-SMC,2050521.4446952592,41.51747666237675,13625715.0,275.88363242149353,0.5564440085479212,24.69744198023544,288.0690245804971,27.631021115243605,0.3144363229889913,10.438624340075785,0.508252997462147,2.556441509476063,15,3,False,42
permABC-SMC,2047216.2162162163,41.4277326237332,13634460.0,275.9086992740631,0.5564440085479212,24.69744198023544,288.0690245804971,27.631021115243605,0.3144363229889913,10.438624340075785,0.508252997462147,2.556441509476063,15,3,False,42
permABC-SMC,2043925.8426966292,41.338402823116,13643205.0,275.9338388442993,0.5564440085479212,24.69744198023544,288.0690245804971,27.631021115243605,0.3144363229889913,10.438624340075785,0.508252997462147,2.556441509476063,15,3,False,42
permABC-SMC,2045235.9550561798,41.342171836881604,13651950.0,275.9589970111847,0.5564440085479212,24.69744198023544,288.0690245804971,27.631021115243605,0.3144363229889913,10.438624340075785,0.508252997462147,2.556441509476063,15,3,False,42
permABC-SMC,2046546.0674157303,41.34594620836808,13660695.0,275.98419094085693,0.5564440085479212,24.69744198023544,288.0690245804971,27.631021115243605,0.3144363229889913,10.438624340075785,0.508252997462147,2.556441509476063,15,3,False,42
permABC-SMC,2043264.5739910314,41.257553036437436,13669440.0,276.0130298137665,0.5564440085479212,24.69744198023544,288.0690245804971,27.631021115243605,0.3144363229889913,10.438624340075785,0.508252997462147,2.556441509476063,15,3,False,42
permABC-SMC,2026397.7777777778,40.89455039412887,13678185.0,276.0382151603699,0.5564440085479212,24.69744198023544,288.0690245804971,27.631021115243605,0.3144363229889913,10.438624340075785,0.508252997462147,2.556441509476063,15,3,False,42
permABC-SMC,2018721.2389380531,40.71730340124935,13686930.0,276.0633170604706,0.5564440085479212,24.69744198023544,288.0690245804971,27.631021115243605,0.3144363229889913,10.438624340075785,0.508252997462147,2.556441509476063,15,3,False,42
permABC-SMC,2020011.0619469027,40.72099350898315,13695675.0,276.08833599090576,0.5564440085479212,24.69744198023544,288.0690245804971,27.631021115243605,0.3144363229889913,10.438624340075785,0.508252997462147,2.556441509476063,15,3,False,42
permABC-SMC,2012396.4757709247,40.54526834585943,13704420.0,276.11327743530273,0.5564440085479212,24.69744198023544,288.0690245804971,27.631021115243605,0.3144363229889913,10.438624340075785,0.508252997462147,2.556441509476063,15,3,False,42
permABC-SMC,2013680.6167400877,40.5489628885636,13713165.0,276.13843727111816,0.5564440085479212,24.69744198023544,288.0690245804971,27.631021115243605,0.3144363229889913,10.438624340075785,0.508252997462147,2.556441509476063,15,3,False,42
permABC-SMC,2006127.1929824562,40.37483846932127,13721910.0,276.16389513015747,0.5564440085479212,24.69744198023544,288.0690245804971,27.631021115243605,0.3144363229889913,10.438624340075785,0.508252997462147,2.556441509476063,15,3,False,42
permABC-SMC,1998639.7379912664,40.20224644801155,13730655.0,276.18943309783936,0.5564440085479212,24.69744198023544,288.0690245804971,27.631021115243605,0.3144363229889913,10.438624340075785,0.508252997462147,2.556441509476063,15,3,False,42
permABC-SMC,1995555.5555555553,40.11833842630046,13739400.0,276.21476006507874,0.5564440085479212,24.69744198023544,288.0690245804971,27.631021115243605,0.3144363229889913,10.438624340075785,0.508252997462147,2.556441509476063,15,3,False,42
permABC-SMC,1996825.708061002,40.1219578869722,13748145.0,276.2396800518036,0.5564440085479212,24.69744198023544,288.0690245804971,27.631021115243605,0.3144363229889913,10.438624340075785,0.508252997462147,2.556441509476063,15,3,False,42
permABC-SMC,1993752.1739130435,40.03836293151413,13756890.0,276.2647042274475,0.5564440085479212,24.69744198023544,288.0690245804971,27.631021115243605,0.3144363229889913,10.438624340075785,0.508252997462147,2.556441509476063,15,3,False,42
permABC-SMC,1990691.9739696311,39.955126437603006,13765635.0,276.2896993160248,0.5564440085479212,24.69744198023544,288.0690245804971,27.631021115243605,0.3144363229889913,10.438624340075785,0.508252997462147,2.556441509476063,15,3,False,42
permABC-SMC,1987645.0216450214,39.87224218993304,13774380.0,276.31463837623596,0.5564440085479212,24.69744198023544,288.0690245804971,27.631021115243605,0.3144363229889913,10.438624340075785,0.508252997462147,2.556441509476063,15,3,False,42
permABC-SMC,1984611.231101512,39.78972146629515,13783125.0,276.3396155834198,0.5564440085479212,24.69744198023544,288.0690245804971,27.631021115243605,0.3144363229889913,10.438624340075785,0.508252997462147,2.556441509476063,15,3,False,42
permABC-SMC,1981590.5172413792,39.70756749997194,13791870.0,276.3646697998047,0.5564440085479212,24.69744198023544,288.0690245804971,27.631021115243605,0.3144363229889913,10.438624340075785,0.508252997462147,2.556441509476063,15,3,False,42
permABC-SMC,1978582.7956989245,39.62577095168465,13800615.0,276.3897523880005,0.5564440085479212,24.69744198023544,288.0690245804971,27.631021115243605,0.3144363229889913,10.438624340075785,0.508252997462147,2.556441509476063,15,3,False,42
permABC-SMC,1979836.5591397847,39.62934230818116,13809360.0,276.4146625995636,0.5564440085479212,24.69744198023544,288.0690245804971,27.631021115243605,0.3144363229889913,10.438624340075785,0.508252997462147,2.556441509476063,15,3,False,42
permABC-SMC,1972605.9957173446,39.463194466590195,13818105.0,276.43967723846436,0.5564440085479212,24.69744198023544,288.0690245804971,27.631021115243605,0.3144363229889913,10.438624340075785,0.508252997462147,2.556441509476063,15,3,False,42
permABC-SMC,1969636.752136752,39.38243606491305,13826850.0,276.4647011756897,0.5564440085479212,24.69744198023544,288.0690245804971,27.631021115243605,0.3144363229889913,10.438624340075785,0.508252997462147,2.556441509476063,15,3,False,42
permABC-SMC,1966680.1705756932,39.301996834327255,13835595.0,276.4895477294922,0.5564440085479212,24.69744198023544,288.0690245804971,27.631021115243605,0.3144363229889913,10.438624340075785,0.508252997462147,2.556441509476063,15,3,False,42
permABC-SMC,1967923.2409381666,39.305564708208145,13844340.0,276.51464772224426,0.5564440085479212,24.69744198023544,288.0690245804971,27.631021115243605,0.3144363229889913,10.438624340075785,0.508252997462147,2.556441509476063,15,3,False,42
permABC-SMC,1964976.5957446808,39.22551121272094,13853085.0,276.5398540496826,0.5564440085479212,24.69744198023544,288.0690245804971,27.631021115243605,0.3144363229889913,10.438624340075785,0.508252997462147,2.556441509476063,15,3,False,42
permABC-SMC,1966217.0212765958,39.2290432233337,13861830.0,276.56475472450256,0.5564440085479212,24.69744198023544,288.0690245804971,27.631021115243605,0.3144363229889913,10.438624340075785,0.508252997462147,2.556441509476063,15,3,False,42
permABC-SMC,1963280.2547770701,39.14931038129608,13870575.0,276.5898778438568,0.5564440085479212,24.69744198023544,288.0690245804971,27.631021115243605,0.3144363229889913,10.438624340075785,0.508252997462147,2.556441509476063,15,3,False,42
permABC-SMC,1964518.0467091298,39.15284525310411,13879320.0,276.61485171318054,0.5564440085479212,24.69744198023544,288.0690245804971,27.631021115243605,0.3144363229889913,10.438624340075785,0.508252997462147,2.556441509476063,15,3,False,42
permABC-SMC,1965755.8386411893,39.15638589555291,13888065.0,276.6398663520813,0.5564440085479212,24.69744198023544,288.0690245804971,27.631021115243605,0.3144363229889913,10.438624340075785,0.508252997462147,2.556441509476063,15,3,False,42
permABC-SMC,1962826.2711864407,39.07697591404457,13896810.0,276.66498947143555,0.5564440085479212,24.69744198023544,288.0690245804971,27.631021115243605,0.3144363229889913,10.438624340075785,0.508252997462147,2.556441509476063,15,3,False,42
permABC-SMC,1959909.090909091,38.99790577018152,13905555.0,276.69014143943787,0.5564440085479212,24.69744198023544,288.0690245804971,27.631021115243605,0.3144363229889913,10.438624340075785,0.508252997462147,2.556441509476063,15,3,False,42
permABC-SMC,1957004.219409283,38.919152355059964,13914300.0,276.7151732444763,0.5564440085479212,24.69744198023544,288.0690245804971,27.631021115243605,0.3144363229889913,10.438624340075785,0.508252997462147,2.556441509476063,15,3,False,42
permABC-SMC,1954111.5789473683,38.84074117426287,13923045.0,276.7402808666229,0.5564440085479212,24.69744198023544,288.0690245804971,27.631021115243605,0.3144363229889913,10.438624340075785,0.508252997462147,2.556441509476063,15,3,False,42
permABC-SMC,1947140.461215933,38.68140264627069,13931790.0,276.7654359340668,0.5564440085479212,24.69744198023544,288.0690245804971,27.631021115243605,0.3144363229889913,10.438624340075785,0.508252997462147,2.556441509476063,15,3,False,42
permABC-SMC,1944286.610878661,38.603982865561,13940535.0,276.7905571460724,0.5564440085479212,24.69744198023544,288.0690245804971,27.631021115243605,0.3144363229889913,10.438624340075785,0.508252997462147,2.556441509476063,15,3,False,42
permABC-SMC,1941444.6764091859,38.526904889918406,13949280.0,276.8158116340637,0.5564440085479212,24.69744198023544,288.0690245804971,27.631021115243605,0.3144363229889913,10.438624340075785,0.508252997462147,2.556441509476063,15,3,False,42
permABC-SMC,1926573.4989648033,38.21130842073281,13958025.0,276.84092950820923,0.5564440085479212,24.69744198023544,288.0690245804971,27.631021115243605,0.3144363229889913,10.438624340075785,0.508252997462147,2.556441509476063,15,3,False,42
permABC-SMC,1919830.927835052,38.05718651342228,13966770.0,276.8660318851471,0.5564440085479212,24.69744198023544,288.0690245804971,27.631021115243605,0.3144363229889913,10.438624340075785,0.508252997462147,2.556441509476063,15,3,False,42
permABC-SMC,1917080.2469135802,37.982373767428925,13975515.0,276.8915047645569,0.5564440085479212,24.69744198023544,288.0690245804971,27.631021115243605,0.3144363229889913,10.438624340075785,0.508252997462147,2.556441509476063,15,3,False,42
permABC-SMC,1910418.0327868853,37.83016038722679,13984260.0,276.9167740345001,0.5564440085479212,24.69744198023544,288.0690245804971,27.631021115243605,0.3144363229889913,10.438624340075785,0.508252997462147,2.556441509476063,15,3,False,42
permABC-SMC,1911612.7049180327,37.833581042420015,13993005.0,276.9418132305145,0.5564440085479212,24.69744198023544,288.0690245804971,27.631021115243605,0.3144363229889913,10.438624340075785,0.508252997462147,2.556441509476063,15,3,False,42
permABC-SMC,1908895.7055214723,37.75963107176029,14001750.0,276.9668939113617,0.5564440085479212,24.69744198023544,288.0690245804971,27.631021115243605,0.3144363229889913,10.438624340075785,0.508252997462147,2.556441509476063,15,3,False,42
permABC-SMC,1906189.7959183673,37.68600694176291,14010495.0,276.9921510219574,0.5564440085479212,24.69744198023544,288.0690245804971,27.631021115243605,0.3144363229889913,10.438624340075785,0.508252997462147,2.556441509476063,15,3,False,42
permABC-SMC,1903494.9083503054,37.613095868143674,14019240.0,277.0204510688782,0.5564440085479212,24.69744198023544,288.0690245804971,27.631021115243605,0.3144363229889913,10.438624340075785,0.508252997462147,2.556441509476063,15,3,False,42
permABC-SMC,1896955.3752535495,37.46392141732918,14027985.0,277.0456988811493,0.5564440085479212,24.69744198023544,288.0690245804971,27.631021115243605,0.3144363229889913,10.438624340075785,0.508252997462147,2.556441509476063,15,3,False,42
permABC-SMC,1894295.5465587045,37.391465427743604,14036730.0,277.0707588195801,0.5564440085479212,24.69744198023544,288.0690245804971,27.631021115243605,0.3144363229889913,10.438624340075785,0.508252997462147,2.556441509476063,15,3,False,42
permABC-SMC,1887832.661290323,37.24407893355175,14045475.0,277.095947265625,0.5564440085479212,24.69744198023544,288.0690245804971,27.631021115243605,0.3144363229889913,10.438624340075785,0.508252997462147,2.556441509476063,15,3,False,42
permABC-SMC,1885207.2434607646,37.17250238721759,14054220.0,277.12100529670715,0.5564440085479212,24.69744198023544,288.0690245804971,27.631021115243605,0.3144363229889913,10.438624340075785,0.508252997462147,2.556441509476063,15,3,False,42
permABC-SMC,1886380.281690141,37.17587328372907,14062965.0,277.1461353302002,0.5564440085479212,24.69744198023544,288.0690245804971,27.631021115243605,0.3144363229889913,10.438624340075785,0.508252997462147,2.556441509476063,15,3,False,42
permABC-SMC,1887553.3199195173,37.17926704667703,14071710.0,277.1714358329773,0.5564440085479212,24.69744198023544,288.0690245804971,27.631021115243605,0.3144363229889913,10.438624340075785,0.508252997462147,2.556441509476063,15,3,False,42
permABC-SMC,1884933.734939759,37.10800273670569,14080455.0,277.1967804431915,0.5564440085479212,24.69744198023544,288.0690245804971,27.631021115243605,0.3144363229889913,10.438624340075785,0.508252997462147,2.556441509476063,15,3,False,42
permABC-SMC,1886104.4176706828,37.11133989464327,14089200.0,277.22170901298523,0.5564440085479212,24.69744198023544,288.0690245804971,27.631021115243605,0.3144363229889913,10.438624340075785,0.508252997462147,2.556441509476063,15,3,False,42
permABC-SMC,1887275.1004016064,37.11468918096907,14097945.0,277.246728181839,0.5564440085479212,24.69744198023544,288.0690245804971,27.631021115243605,0.3144363229889913,10.438624340075785,0.508252997462147,2.556441509476063,15,3,False,42
permABC-SMC,1888445.78313253,37.11805094676803,14106690.0,277.2718405723572,0.5564440085479212,24.69744198023544,288.0690245804971,27.631021115243605,0.3144363229889913,10.438624340075785,0.508252997462147,2.556441509476063,15,3,False,42
permABC-SMC,1889616.465863454,37.12142899014066,14115435.0,277.2970745563507,0.5564440085479212,24.69744198023544,288.0690245804971,27.631021115243605,0.3144363229889913,10.438624340075785,0.508252997462147,2.556441509476063,15,3,False,42
permABC-SMC,1890787.1485943773,37.12478533008172,14124180.0,277.32214641571045,0.5564440085479212,24.69744198023544,288.0690245804971,27.631021115243605,0.3144363229889913,10.438624340075785,0.508252997462147,2.556441509476063,15,3,False,42
permABC-SMC,1891957.8313253012,37.128147383131974,14132925.0,277.34726095199585,0.5564440085479212,24.69744198023544,288.0690245804971,27.631021115243605,0.3144363229889913,10.438624340075785,0.508252997462147,2.556441509476063,15,3,False,42
permABC-SMC,1885556.0,36.982977612813315,14141670.0,277.37233209609985,0.5564440085479212,24.69744198023544,288.0690245804971,27.631021115243605,0.3144363229889913,10.438624340075785,0.508252997462147,2.556441509476063,15,3,False,42
permABC-SMC,1886722.0,36.98631159464518,14150415.0,277.39733695983887,0.5564440085479212,24.69744198023544,288.0690245804971,27.631021115243605,0.3144363229889913,10.438624340075785,0.508252997462147,2.556441509476063,15,3,False,42
permABC-SMC,1887888.0,36.98962691624959,14159160.0,277.42220187187195,0.5564440085479212,24.69744198023544,288.0690245804971,27.631021115243605,0.3144363229889913,10.438624340075785,0.508252997462147,2.556441509476063,15,3,False,42
permABC-SMC,1881527.8884462153,36.845580768458554,14167905.0,277.4472231864929,0.5564440085479212,24.69744198023544,288.0690245804971,27.631021115243605,0.3144363229889913,10.438624340075785,0.508252997462147,2.556441509476063,15,3,False,42
permABC-SMC,1878946.3220675944,36.77565297833968,14176650.0,277.4723017215729,0.5564440085479212,24.69744198023544,288.0690245804971,27.631021115243605,0.3144363229889913,10.438624340075785,0.508252997462147,2.556441509476063,15,3,False,42
permABC-SMC,1880105.3677932406,36.77897911501531,14185395.0,277.4973974227905,0.5564440085479212,24.69744198023544,288.0690245804971,27.631021115243605,0.3144363229889913,10.438624340075785,0.508252997462147,2.556441509476063,15,3,False,42
permABC-SMC,1877531.7460317458,36.709323730418284,14194140.0,277.5224874019623,0.5564440085479212,24.69744198023544,288.0690245804971,27.631021115243605,0.3144363229889913,10.438624340075785,0.508252997462147,2.556441509476063,15,3,False,42
permABC-SMC,1871262.8458498023,36.567610023207024,14202885.0,277.54816007614136,0.5564440085479212,24.69744198023544,288.0690245804971,27.631021115243605,0.3144363229889913,10.438624340075785,0.508252997462147,2.556441509476063,15,3,False,42
permABC-SMC,1872415.0197628457,36.57092661725674,14211630.0,277.57333302497864,0.5564440085479212,24.69744198023544,288.0690245804971,27.631021115243605,0.3144363229889913,10.438624340075785,0.508252997462147,2.556441509476063,15,3,False,42
permABC-SMC,1869871.794871795,36.50211309775328,14220375.0,277.5985701084137,0.5564440085479212,24.69744198023544,288.0690245804971,27.631021115243605,0.3144363229889913,10.438624340075785,0.508252997462147,2.556441509476063,15,3,False,42
permABC-SMC,1863669.9410609037,36.36200585705671,14229120.0,277.62391471862793,0.5564440085479212,24.69744198023544,288.0690245804971,27.631021115243605,0.3144363229889913,10.438624340075785,0.508252997462147,2.556441509476063,15,3,False,42
permABC-SMC,1857516.6340508806,36.22299848781717,14237865.0,277.64928340911865,0.5564440085479212,24.69744198023544,288.0690245804971,27.631021115243605,0.3144363229889913,10.438624340075785,0.508252997462147,2.556441509476063,15,3,False,42
permABC-SMC,1851411.306042885,36.08508004702245,14246610.0,277.67469096183777,0.5564440085479212,24.69744198023544,288.0690245804971,27.631021115243605,0.3144363229889913,10.438624340075785,0.508252997462147,2.556441509476063,15,3,False,42
permABC-SMC,1845353.3980582522,35.948221305427424,14255355.0,277.7000095844269,0.5564440085479212,24.69744198023544,288.0690245804971,27.631021115243605,0.3144363229889913,10.438624340075785,0.508252997462147,2.556441509476063,15,3,False,42
permABC-SMC,1846485.4368932038,35.95148438388861,14264100.0,277.72521686553955,0.5564440085479212,24.69744198023544,288.0690245804971,27.631021115243605,0.3144363229889913,10.438624340075785,0.508252997462147,2.556441509476063,15,3,False,42
permABC-SMC,1844036.8217054263,35.885070891959415,14272845.0,277.75044870376587,0.5564440085479212,24.69744198023544,288.0690245804971,27.631021115243605,0.3144363229889913,10.438624340075785,0.508252997462147,2.556441509476063,15,3,False,42
permABC-SMC,1845166.6666666667,35.888329155993404,14281590.0,277.7756676673889,0.5564440085479212,24.69744198023544,288.0690245804971,27.631021115243605,0.3144363229889913,10.438624340075785,0.508252997462147,2.556441509476063,15,3,False,42
permABC-SMC,1846296.511627907,35.89165019742587,14290335.0,277.8013725280762,0.5564440085479212,24.69744198023544,288.0690245804971,27.631021115243605,0.3144363229889913,10.438624340075785,0.508252997462147,2.556441509476063,15,3,False,42
permABC-SMC,1843852.998065764,35.82549168939055,14299080.0,277.82668805122375,0.5564440085479212,24.69744198023544,288.0690245804971,27.631021115243605,0.3144363229889913,10.438624340075785,0.508252997462147,2.556441509476063,15,3,False,42
permABC-SMC,1844980.657640232,35.82875613317729,14307825.0,277.8520038127899,0.5564440085479212,24.69744198023544,288.0690245804971,27.631021115243605,0.3144363229889913,10.438624340075785,0.508252997462147,2.556441509476063,15,3,False,42
permABC-SMC,1842544.4015444014,35.762837924245396,14316570.0,277.8772506713867,0.5564440085479212,24.69744198023544,288.0690245804971,27.631021115243605,0.3144363229889913,10.438624340075785,0.508252997462147,2.556441509476063,15,3,False,42
permABC-SMC,1833053.7428023033,35.56014141514755,14325315.0,277.90250515937805,0.5564440085479212,24.69744198023544,288.0690245804971,27.631021115243605,0.3144363229889913,10.438624340075785,0.508252997462147,2.556441509476063,15,3,False,42
permABC-SMC,1834172.744721689,35.563387050128334,14334060.0,277.92786979675293,0.5564440085479212,24.69744198023544,288.0690245804971,27.631021115243605,0.3144363229889913,10.438624340075785,0.508252997462147,2.556441509476063,15,3,False,42
permABC-SMC,1835291.746641075,35.56663427151554,14342805.0,277.9532468318939,0.5564440085479212,24.69744198023544,288.0690245804971,27.631021115243605,0.3144363229889913,10.438624340075785,0.508252997462147,2.556441509476063,15,3,False,42
permABC-SMC,1832892.7203065134,35.50172576806859,14351550.0,277.97851276397705,0.5564440085479212,24.69744198023544,288.0690245804971,27.631021115243605,0.3144363229889913,10.438624340075785,0.508252997462147,2.556441509476063,15,3,False,42
permABC-SMC,1830502.8680688336,35.43756237601382,14360295.0,278.0076768398285,0.5564440085479212,24.69744198023544,288.0690245804971,27.631021115243605,0.3144363229889913,10.438624340075785,0.508252997462147,2.556441509476063,15,3,False,42
permABC-SMC,1831617.5908221793,35.44083085312366,14369040.0,278.0333180427551,0.5564440085479212,24.69744198023544,288.0690245804971,27.631021115243605,0.3144363229889913,10.438624340075785,0.508252997462147,2.556441509476063,15,3,False,42
permABC-SMC,1829234.7328244275,35.37645740363434,14377785.0,278.0589551925659,0.5564440085479212,24.69744198023544,288.0690245804971,27.631021115243605,0.3144363229889913,10.438624340075785,0.508252997462147,2.556441509476063,15,3,False,42
permABC-SMC,1830347.328244275,35.37968749005073,14386530.0,278.0843436717987,0.5564440085479212,24.69744198023544,288.0690245804971,27.631021115243605,0.3144363229889913,10.438624340075785,0.508252997462147,2.556441509476063,15,3,False,42
permABC-SMC,1824496.197718631,35.248383611478424,14395275.0,278.1097466945648,0.5564440085479212,24.69744198023544,288.0690245804971,27.631021115243605,0.3144363229889913,10.438624340075785,0.508252997462147,2.556441509476063,15,3,False,42
permABC-SMC,1815251.4177693762,35.05170620231412,14404020.0,278.13528871536255,0.5564440085479212,24.69744198023544,288.0690245804971,27.631021115243605,0.3144363229889913,10.438624340075785,0.508252997462147,2.556441509476063,15,3,False,42
permABC-SMC,1816353.497164461,35.05494782364285,14412765.0,278.1610109806061,0.5564440085479212,24.69744198023544,288.0690245804971,27.631021115243605,0.3144363229889913,10.438624340075785,0.508252997462147,2.556441509476063,15,3,False,42
permABC-SMC,1814026.4150943398,34.99204899529991,14421510.0,278.1867895126343,0.5564440085479212,24.69744198023544,288.0690245804971,27.631021115243605,0.3144363229889913,10.438624340075785,0.508252997462147,2.556441509476063,15,3,False,42
permABC-SMC,1808302.6315789472,34.86369361256,14430255.0,278.21227502822876,0.5564440085479212,24.69744198023544,288.0690245804971,27.631021115243605,0.3144363229889913,10.438624340075785,0.508252997462147,2.556441509476063,15,3,False,42
permABC-SMC,1806003.7523452158,34.80146055000882,14439000.0,278.23767709732056,0.5564440085479212,24.69744198023544,288.0690245804971,27.631021115243605,0.3144363229889913,10.438624340075785,0.508252997462147,2.556441509476063,15,3,False,42
permABC-SMC,1803713.4831460672,34.73944571729605,14447745.0,278.2629601955414,0.5564440085479212,24.69744198023544,288.0690245804971,27.631021115243605,0.3144363229889913,10.438624340075785,0.508252997462147,2.556441509476063,15,3,False,42
permABC-SMC,1798014.925373134,34.612904555761986,14456040.0,278.2877526283264,0.5564356613907006,24.66770333800786,287.5306630370426,27.631021115242657,0.3097210960723553,10.431205826234022,0.505860811404481,2.551679821953937,15,3,False,42
permABC-SMC,1785668.5185185182,34.468822420379254,14463915.0,279.197461605072,0.5547171011023291,24.688657259923083,287.579977335309,27.6310211152648,0.3140853401170737,10.433626275047484,0.5075648510167704,2.5521037290118236,15,3,False,42
permABC-SMC,3093785.2564102565,59.670368219033264,14478915.0,279.2573232650757,0.5536554337748489,24.676901378369983,287.4919606046646,27.631021115264122,0.3202001524115107,10.429514156223062,0.508937849129488,2.551223974015022,15,3,False,42
permABC-SMC,3086939.2971246005,59.51705512147361,14493180.0,279.4325737953186,0.5523338920263947,24.680866449791765,287.5468639463388,27.631021115264335,0.32570437975180966,10.427360953482012,0.5097929611616224,2.5506070021151523,15,3,False,42
permABC-SMC,3070206.3492063493,59.147770341741975,14506725.0,279.47321486473083,0.551300674799158,24.686457900779388,287.2680197563592,27.631021115264108,0.3345958632593806,10.422642807486039,0.5124294479009422,2.5506768785861427,15,3,False,42
permABC-SMC,3053548.8958990537,58.78135894751323,14519625.0,279.5053617954254,0.5500329448453696,24.69884069934782,287.20926927495543,27.631021115264495,0.33988630298006556,10.420091344451315,0.5145498975242068,2.550641357044678,15,3,False,42
permABC-SMC,3027478.125,58.26522241036097,14531895.0,279.67306756973267,0.5480530232407709,24.71724907100222,286.86535201491836,27.631021115265114,0.3493066534229958,10.41695035299216,0.5180178678469982,2.5500937129063046,15,3,False,42
permABC-SMC,3011090.062111801,57.91013907201542,14543565.0,279.7059717178345,0.5466333555237566,24.729407625821324,286.67544227857917,27.631021115265177,0.35445974095510757,10.411694394116035,0.520033603179093,2.5498983409464797,15,3,False,42
permABC-SMC,3004055.7275541797,57.73672826272907,14554650.0,279.73444843292236,0.5444850064493694,24.743513550803947,286.41435726629487,27.63102111526512,0.3623165743647404,10.405184325131545,0.523035672898503,2.5491085974497243,15,3,False,42
permABC-SMC,2996950.6172839506,57.56424562430676,14565180.0,279.76223373413086,0.5428465081457357,24.77674776119294,286.0903439520831,27.63102111528707,0.3692876711679769,10.40203353190809,0.5266368151837547,2.5488656391921922,15,3,False,42
permABC-SMC,2989781.5384615385,57.39266195052709,14575185.0,279.7892270088196,0.5418936246597452,24.77903756078601,286.27731922809744,27.63102111528671,0.37655008106975474,10.399181330282886,0.5290897329362837,2.54890676735766,15,3,False,42
permABC-SMC,2991732.3076923075,57.424601726042916,14584695.0,279.94493341445923,0.5392105425857152,24.801282807823263,285.9116677218889,27.631021115287073,0.38866323418722537,10.394464657141977,0.535512164636397,2.5488880582147964,15,3,False,42
permABC-SMC,2975321.100917431,57.254682525339234,14593950.0,280.83421778678894,0.5383954826322125,24.804962203031852,285.8750746610858,27.631021115286885,0.3979603088900781,10.396232238065556,0.5393056761962368,2.550056844053278,15,3,False,42
permABC-SMC,2950048.484848485,56.92190440014156,14602740.0,281.7634267807007,0.5377774719989127,24.824716300711263,285.5728137736777,27.631021115287457,0.4107433001568202,10.397243507936734,0.5442724392064329,2.549613732468192,15,3,False,42
permABC-SMC,2951733.333333333,56.93066312809183,14611080.0,281.80678248405457,0.536673854183152,24.84412627181525,285.45580549480945,27.63102111528742,0.4214156574687433,10.391723705782889,0.5480604301140314,2.54832784061756,15,3,False,42
permABC-SMC,2944413.897280967,56.76491368573238,14619015.0,281.83779644966125,0.5354607777790599,24.901706880505422,285.63672147990894,27.631021115311015,0.4313965435142067,10.396737739140228,0.5521179267685273,2.5505020782276273,15,3,False,42
permABC-SMC,2937087.3493975904,56.6282463839734,14626695.0,282.0086669921875,0.5348996268373407,24.9087648415548,285.535399055205,27.631021115311192,0.4435133618466463,10.395362501295404,0.5563657887897977,2.5515317850157286,15,3,False,42
permABC-SMC,6297503.225806452,121.31337965688398,14641695.0,282.05360770225525,0.5343760736515997,24.90264939309636,285.6381518727828,27.63102111529,0.4533584668837299,10.402630754659617,0.5567758398030029,2.552339957267735,15,3,False,42
permABC-SMC,6263256.41025641,120.92436358459994,14656020.0,282.96301078796387,0.5327450007602442,24.911208230212722,285.80723626060944,27.63102111528988,0.46442601495844926,10.401203240072578,0.5598861591498951,2.5527202961868953,15,3,False,42
permABC-SMC,6229146.496815287,120.54886301611639,14669640.0,283.8925724029541,0.5320999259209096,24.928916730828742,285.74989568379846,27.63102111528972,0.48512998650645645,10.401081512855942,0.5651716291461979,2.5536622105847733,15,3,False,42
permABC-SMC,6195215.189873417,119.8625551497383,14682660.0,284.07425570487976,0.5311603087476194,24.96342312723987,285.5953341173396,27.63102111531227,0.5024011136673445,10.39701048834153,0.5699154991884186,2.554387815475859,15,3,False,42
permABC-SMC,6161446.540880502,119.55901521806695,14695050.0,285.1482512950897,0.5300988385138908,24.985923720525,285.325541227245,27.631021115334075,0.5205071563997509,10.390577330571743,0.5768355506516263,2.554957862083284,15,3,False,42
permABC-SMC,6166396.226415093,119.95066466821312,14706855.0,286.08233523368835,0.5289239533250334,25.000017519736726,285.3106806042559,27.631021115333844,0.5351888200667828,10.381495849937323,0.5817624471629728,2.5547136596832827,15,3,False,42
permABC-SMC,6094434.782608696,118.91247806588562,14718060.0,287.17363452911377,0.5266026221776232,25.03089446363614,285.45426192078446,27.631021115334054,0.554738220351008,10.374936406587231,0.586072868797218,2.5548962632060537,15,3,False,42
permABC-SMC,6061203.703703703,118.62519896079483,14728725.0,288.25923347473145,0.5247902420639772,25.09662305237807,284.972218713956,27.631021115357296,0.5736709229205651,10.363624550505397,0.5916776121669948,2.553829782164168,15,3,False,42
permABC-SMC,5991402.439024391,117.62240814968821,14738850.0,289.35112404823303,0.5218610937501817,25.13260667158487,285.1275271992567,27.63102111535756,0.5963957451606585,10.35860304711296,0.599823056318094,2.554466866393552,15,3,False,42
permABC-SMC,5995310.975609756,117.69767059543268,14748465.0,289.5362696647644,0.519387071397305,25.20832809142349,285.29008413826875,27.631021115402923,0.6265984132679931,10.359221572953569,0.6126744623449514,2.55607862851702,15,3,False,42
permABC-SMC,5999030.4878048785,117.71327383149931,14757615.0,289.5746536254883,0.5183536224237465,25.242295093318894,285.1571201867438,27.631021115403154,0.6552872416880781,10.354403340608533,0.6240990080154944,2.5568479130447823,15,3,False,42
permABC-SMC,6002603.658536585,117.77846338303108,14766405.0,289.73501992225647,0.5175143296539272,25.27027007697468,285.580655945859,27.631021115403446,0.6729920914874812,10.359067760657943,0.6322536764100488,2.5586686848617197,15,3,False,42
permABC-SMC,6006006.097560976,118.15280575093215,14774775.0,290.6559021472931,0.5173315461033791,25.329577461910763,285.41746413381946,27.631021115404714,0.707696992443356,10.35700296693962,0.6444376497724407,2.562566768243824,15,3,False,42
permABC-SMC,5936927.710843373,116.74582613519875,14782950.0,290.6971070766449,0.5169261227305793,25.350175651144248,285.3837606968357,27.631021115404817,0.7255489058468508,10.352619578469275,0.6503454095883203,2.563217508818417,15,3,False,42
permABC-SMC,5904473.053892215,116.11506534431746,14790705.0,290.86823868751526,0.5144185035052365,25.37928793350002,285.37170988487173,27.631021115404668,0.7695072887711102,10.35006526142937,0.6687054378281859,2.565793502297269,15,3,False,42
permABC-SMC,5837556.213017751,115.09969662397336,14798205.0,291.77773094177246,0.5136415140470797,25.40613625004992,285.473015232928,27.631021115404906,0.8023140989376429,10.34587997521291,0.678242891360227,2.56616517652614,15,3,False,42
permABC-SMC,14522750.0,286.11560685961854,14813205.0,291.8379189968109,0.5130998071979429,25.465818977333754,285.7547908290686,27.631021115364714,0.8389966057901826,10.35320091087115,0.697217681186373,2.5737926937156517,15,3,False,42
permABC-SMC,14326072.463768112,282.00511517732036,14827485.0,291.8752942085266,0.5105717488387547,25.55580719099632,286.0764968335786,27.631021115410203,0.8838732807476853,10.351885554452954,0.7137758784965347,2.5775865120245007,15,3,False,42
permABC-SMC,14339275.362318838,283.01492797003846,14841150.0,292.92045044898987,0.5096587108964421,25.614337672402446,286.0093124281619,27.63102111541056,0.9339943368995244,10.345160475571834,0.7299052986369208,2.578101820913749,15,3,False,42
permABC-SMC,14351855.072463764,283.06123853305684,14854170.0,292.96838188171387,0.5074133208945698,25.643024848847332,286.24073822575747,27.63102111543197,0.9874628702326806,10.34457548512333,0.7477955768607801,2.583797160650822,15,3,False,42
permABC-SMC,13959802.816901408,275.12382923717234,14867190.0,293.0068781375885,0.5074133208945698,25.643024848847332,286.24073822575747,27.63102111543197,0.9874628702326806,10.34457548512333,0.7477955768607801,2.583797160650822,15,3,False,42
permABC-SMC,13777972.222222224,271.3328886915137,14880210.0,293.0395197868347,0.5074133208945698,25.643024848847332,286.24073822575747,27.63102111543197,0.9874628702326806,10.34457548512333,0.7477955768607801,2.583797160650822,15,3,False,42
permABC-SMC,13417324.324324327,264.02864585051674,14893230.0,293.0717968940735,0.5074133208945698,25.643024848847332,286.24073822575747,27.63102111543197,0.9874628702326806,10.34457548512333,0.7477955768607801,2.583797160650822,15,3,False,42
permABC-SMC,13429054.054054057,264.05759931684617,14906250.0,293.1039352416992,0.5074133208945698,25.643024848847332,286.24073822575747,27.63102111543197,0.9874628702326806,10.34457548512333,0.7477955768607801,2.583797160650822,15,3,False,42
permABC-SMC,13261573.333333334,260.5671342213949,14919270.0,293.1380259990692,0.5074133208945698,25.643024848847332,286.24073822575747,27.63102111543197,0.9874628702326806,10.34457548512333,0.7477955768607801,2.583797160650822,15,3,False,42
permABC-SMC,13098500.0,257.1682909078765,14932290.0,293.17185163497925,0.5074133208945698,25.643024848847332,286.24073822575747,27.63102111543197,0.9874628702326806,10.34457548512333,0.7477955768607801,2.583797160650822,15,3,False,42
permABC-SMC,12939662.337662337,253.9766293067437,14945310.0,293.34300684928894,0.5074133208945698,25.643024848847332,286.24073822575747,27.63102111543197,0.9874628702326806,10.34457548512333,0.7477955768607801,2.583797160650822,15,3,False,42
permABC-SMC,12784897.435897436,250.753829214308,14958330.0,293.38198018074036,0.5074133208945698,25.643024848847332,286.24073822575747,27.63102111543197,0.9874628702326806,10.34457548512333,0.7477955768607801,2.583797160650822,15,3,False,42
permABC-SMC,12796025.64102564,250.78171501811752,14971350.0,293.4146065711975,0.5074133208945698,25.643024848847332,286.24073822575747,27.63102111543197,0.9874628702326806,10.34457548512333,0.7477955768607801,2.583797160650822,15,3,False,42
permABC-SMC,12486975.0,244.5391277472178,14984370.0,293.4469532966614,0.5074133208945698,25.643024848847332,286.24073822575747,27.63102111543197,0.9874628702326806,10.34457548512333,0.7477955768607801,2.583797160650822,15,3,False,42
permABC-SMC,12343530.864197532,241.54650860853155,14997390.0,293.47900795936584,0.5074133208945698,25.643024848847332,286.24073822575747,27.63102111543197,0.9874628702326806,10.34457548512333,0.7477955768607801,2.583797160650822,15,3,False,42
permABC-SMC,12203585.365853658,238.62745316047977,15010410.0,293.51176738739014,0.5074133208945698,25.643024848847332,286.24073822575747,27.63102111543197,0.9874628702326806,10.34457548512333,0.7477955768607801,2.583797160650822,15,3,False,42
permABC-SMC,15177181.818181818,296.5167105799973,15025410.0,293.5515434741974,0.5074133208945698,25.649586262679016,286.26842598625296,27.631021115432485,0.9880996722858915,10.344705874915816,0.7481111684403169,2.583938336978736,15,3,False,42
