method,n_sim,time,n_sim_raw,time_raw,epsilon,kl_sigma2,score_joint,kl_sigma2_true_vs_abc,kl_mu_avg,w2_sigma2,w2_mu_avg,sw2_joint,K,K_outliers,include_osum,seed,M0
ABC-Vanilla,1000.0,0.0031406002044677,1000000.0,3.140600204467773,50.83917383388226,23.94920561115044,5829.783126551996,27.630901400258463,7.421997153309863,9.950427271575847,13.318746532132318,14.163755802129042,5,1,True,42,
ABC-Vanilla,2154.434690031884,0.0067662180280265,464158.8833612779,1.4577374839899628,20.420640164866818,23.987308068360104,6210.394926262668,27.63090140046824,7.883821671426449,10.032304336312713,13.542075948739988,14.313814929624904,5,1,True,42,
ABC-Vanilla,4641.588833612778,0.0145773748398996,215443.4690031884,0.6766218028026598,16.530773323150353,23.924730591403407,5765.638266846969,27.63090140035714,8.077181017057557,9.970368997423666,13.2399151515181,14.01181035804855,5,1,True,42,
ABC-Vanilla,10000.0,0.0314060020446777,100000.0,0.3140600204467774,13.882189045189977,23.953340964709888,6218.418778775347,27.63090140036125,7.924667886190259,10.008304463317655,13.49336751931545,14.358237276087529,5,1,True,42,
ABC-Vanilla,21544.34690031884,0.0676621802802659,46415.88833612779,0.1457737483989963,11.832970274673348,23.97707237421056,6121.106243460102,27.63090140040372,7.801228961217407,9.994830051023488,13.586478179080364,14.341465744344642,5,1,True,42,
ABC-Vanilla,46415.88833612777,0.1457737483989962,21544.346900318847,0.067662180280266,10.16532654123331,23.959731198535057,5807.74345318165,27.63090140040228,7.712717515346215,9.983850144496948,13.151553867641391,14.053964012814795,5,1,True,42,
ABC-Vanilla,100000.0,0.3140600204467773,10000.0,0.0314060020446777,8.7772788289571,23.9263924246804,5749.248954256536,27.6309014002963,7.350713555552693,9.926107863390513,13.356014895235678,14.08708967597409,5,1,True,42,
ABC-Vanilla,215443.4690031882,0.6766218028026593,4641.588833612783,0.0145773748398996,7.561163909776904,23.93994503671371,6258.493953853722,27.630901400299585,7.542224383376981,10.011265640482549,13.541395393886196,14.33796030070014,5,1,True,42,
ABC-Vanilla,464158.8833612778,1.4577374839899626,2154.434690031884,0.0067662180280266,6.545819034747656,23.9359265659778,6070.865420920721,27.63090140035888,7.616599818526022,9.962656516907238,13.58893006364486,14.28789238969815,5,1,True,42,
ABC-Vanilla,1000000.0,3.140600204467773,1000.0,0.0031406002044677,5.663223294796005,23.919967727353843,6072.067563124171,27.630901400379045,7.730453337654628,9.951766113216513,13.565400016613458,14.295259454252031,5,1,True,42,
permABC-Vanilla,1000.0,0.0064468896389007,1000000.0,6.446889638900757,39.252118044083126,23.96145946145815,1800.2887008039324,27.630901400382587,6.4691537421191,9.99491442389431,6.791824514318,8.000437310021658,5,1,True,42,
permABC-Vanilla,2154.434690031884,0.0138894026808549,464158.8833612779,2.9923810959455674,10.20287076733272,23.932070218756728,868.1972236317945,27.630901400358287,5.575226919397102,9.94640245784307,4.4134880846666,6.231134375952115,5,1,True,42,
permABC-Vanilla,4641.588833612778,0.0299238109594556,215443.4690031884,1.3889402680854916,7.937799509238722,23.911549620505973,595.0209646955129,27.6309014002968,5.064604877515484,9.95450207009058,3.4288662335695066,5.4889618170245305,5,1,True,42,
permABC-Vanilla,10000.0,0.0644688963890075,100000.0,0.6446889638900757,6.443154284824031,23.94475154241725,433.3671340433724,27.63090140038272,3.948489235811296,9.995213967239774,2.6583888267629825,5.032436076919802,5,1,True,42,
permABC-Vanilla,21544.34690031884,0.1388940268085491,46415.88833612779,0.2992381095945567,5.296122445401655,24.007409058743008,325.8607619110119,27.630901400447893,2.7240954121500764,10.018520191724004,2.055728732299876,4.758192835299359,5,1,True,42,
permABC-Vanilla,46415.88833612777,0.2992381095945566,21544.346900318847,0.1388940268085492,4.41206426010393,23.993450604548777,259.2397047085352,27.63090140042438,1.6760358380199194,10.010542068084806,1.590511056435529,4.581528623754036,5,1,True,42,
permABC-Vanilla,100000.0,0.6446889638900757,10000.0,0.0644688963890075,3.727378847334664,23.994629881385457,210.42771739709016,27.630901400407943,0.9631153491067108,10.019355614040474,1.1807483185310088,4.468663355947762,5,1,True,42,
permABC-Vanilla,215443.4690031882,1.3889402680854903,4641.588833612783,0.0299238109594556,3.1797286378723424,23.98702997141857,180.9439804997868,27.63090140042683,0.5409147017566681,10.040659893376986,0.8559032179301148,4.407434872502621,5,1,True,42,
permABC-Vanilla,464158.8833612778,2.992381095945567,2154.434690031884,0.0138894026808549,2.73766076545861,24.03603100296908,155.39594953952036,27.63090140049224,0.2739004235258064,10.052198237759107,0.5915609404648199,4.374512967023472,5,1,True,42,
permABC-Vanilla,1000000.0,6.446889638900757,1000.0,0.0064468896389007,2.3712905161281,24.03030262260648,138.5529972922442,27.63090140047192,0.1158936983322072,10.071045181788389,0.3598999702614541,4.355954904985468,5,1,True,42,
ABC-SMC,950.0,0.1447500228881836,4750.0,0.723750114440918,30.06308564129194,23.93569055976172,5588.396842044959,27.63090140029677,7.4179608580839105,9.950552118044136,13.148728913256289,13.89259499432837,5,1,True,42,
ABC-SMC,1852.0,0.2135024547576904,9260.0,1.067512273788452,28.64582859362304,23.9430770343579,5282.908127899342,27.630901400317413,7.366670360553037,9.94675573836263,12.850609739708734,13.560608621151632,5,1,True,42,
ABC-SMC,2708.0,0.2822821617126465,13540.0,1.4114108085632324,27.38492879964476,23.948064252262864,5077.772837257102,27.630901400338168,7.347318550064879,9.952783623132456,12.560004250635163,13.26791563750816,5,1,True,42,
ABC-SMC,3521.0,0.3508088588714599,17605.0,1.7540442943572998,26.31326134785479,23.95422344799071,4903.414317660574,27.630901400379567,7.322974251903512,9.955640776857308,12.319779163404116,13.018745688983122,5,1,True,42,
ABC-SMC,4293.0,0.4202738285064697,21465.0,2.1013691425323486,25.607799871757315,23.96200960708665,4694.111158979469,27.630901400401378,7.27117399453237,9.95421560330763,12.073873351206371,12.777047193333733,5,1,True,42,
ABC-SMC,5026.0,0.4920669555664063,25130.0,2.4603347778320312,24.95266155623456,23.95669863374301,4547.801051754655,27.630901400400766,7.220965963051306,9.95535022215896,11.85782877368429,12.55994344248353,5,1,True,42,
ABC-SMC,5722.0,0.5604558944702148,28610.0,2.802279472351074,24.41819128368793,23.96771396453596,4464.772353409479,27.63090140042232,7.182808746183092,9.976225098201006,11.645601473996104,12.361825638577658,5,1,True,42,
ABC-SMC,6383.0,0.6311005592346192,31915.0,3.155502796173096,23.7453922764382,23.9696836434354,4308.180240935724,27.63090140042217,7.216363035642995,9.972380770249682,11.450711398852624,12.154932986827667,5,1,True,42,
ABC-SMC,7011.0,0.6988075733184814,35055.0,3.4940378665924072,23.23060418828456,23.98145310907896,4195.25014043238,27.630901400443094,7.1851154138816415,9.980087108616935,11.234406419720932,11.97097362019698,5,1,True,42,
ABC-SMC,7607.0,0.7606997966766358,38035.0,3.8034989833831774,22.81741491413759,23.978875330373,4045.146497928005,27.630901400442827,7.217345596625736,9.977314530126153,11.062042937262447,11.77629647453423,5,1,True,42,
ABC-SMC,8173.0,0.8287861347198486,40865.0,4.143930673599243,22.39124771525953,23.967457150260707,3889.2032934172153,27.630901400441857,7.2384339687758175,9.964996596136814,10.880656680023254,11.603217023893867,5,1,True,42,
ABC-SMC,8710.0,0.9003299236297607,43550.0,4.501649618148804,21.94006550263327,23.96401326352771,3771.922878416325,27.63090140044161,7.1323499500094245,9.962500072379273,10.68757953838064,11.433252888626315,5,1,True,42,
ABC-SMC,9220.0,0.9738771915435792,46100.0,4.869385957717896,21.381663761170127,23.97177586450596,3639.331869060608,27.630901400442863,7.152583228167626,9.963507900721954,10.521482840089009,11.277418559557043,5,1,True,42,
ABC-SMC,17530.01715265866,1.7446162974650414,51100.0,5.085556507110596,20.957191509324367,23.92755800546013,3682.1129161941,27.630901400297592,7.364696651359837,9.997356239631362,10.333199388356086,11.15131164816699,5,1,True,42,
ABC-SMC,16847.662141779787,1.540552185311756,55850.0,5.106930494308472,20.519673651001973,23.928232015268826,3581.364551681237,27.63090140029685,7.357266330314887,9.995944733145643,10.1834179974188,11.009183994662012,5,1,True,42,
ABC-SMC,17123.404255319147,1.4538942837546058,60360.0,5.124977350234985,20.128036105993672,23.93919186963179,3492.506213825152,27.630901400318383,7.3887899787272575,10.002363645735285,10.030622121025948,10.889513639258842,5,1,True,42,
ABC-SMC,17377.68817204301,1.4668017946263796,64645.0,5.456502676010132,19.87080601508948,23.94562186626702,3414.1922015287746,27.63090140031928,7.333447549180636,10.006337394576704,9.896400536681083,10.762352988000137,5,1,True,42,
ABC-SMC,17529.33673469388,1.4832246060274086,68715.0,5.814240455627441,19.54795976100498,23.944646022372048,3289.462277908281,27.6309014003397,7.307973589249589,9.99663880291726,9.76852092132121,10.615486128354409,5,1,True,42,
ABC-SMC,17987.608426270137,1.527313317508059,72580.0,6.16270923614502,19.26705910303549,23.95123658915809,3203.714198039755,27.63090140034015,7.240828996483351,9.998702087090996,9.626612517572635,10.503201957557582,5,1,True,42,
ABC-SMC,18597.560975609755,1.589400884581775,76250.0,6.516543626785278,18.907971048824265,23.955242310050423,3107.769283916889,27.630901400380985,7.2227229414793985,9.992868195084204,9.50951483304172,10.371836927556648,5,1,True,42,
ABC-SMC,19144.057623049222,1.6510079030086156,79735.0,6.876447916030884,18.636535753693583,23.9609278283624,3063.620328132064,27.630901400381862,7.234133991463319,10.002598712410055,9.387283279746864,10.25410462340926,5,1,True,42,
ABC-SMC,19655.62130177515,1.7128696667372123,83045.0,7.236874341964722,18.45002548139362,23.95762031827425,2978.3493556939,27.63090140038106,7.245587690827432,9.996444781816006,9.274110317878629,10.146011063064185,5,1,True,42,
ABC-SMC,20278.82352941176,1.7082067938411936,86185.0,7.259878873825073,18.120795256570293,23.95872433790612,2908.6255523223217,27.63090140038092,7.321395978038407,9.998178721089104,9.144469391777845,10.036880023790877,5,1,True,42,
ABC-SMC,20784.382284382285,1.6975181086080058,89165.0,7.282352685928345,17.92267316606272,23.95572734569565,2847.257476085508,27.63090140038013,7.359242561744061,9.997543110435675,9.017794065332936,9.948258268683643,5,1,True,42,
ABC-SMC,21271.67630057804,1.7629450318441224,92000.0,7.62473726272583,17.55365898177721,23.95826425216043,2791.2585778449265,27.6309014004009,7.394369013301949,10.000117876239306,8.895440183252314,9.841548943184792,5,1,True,42,
ABC-SMC,21767.816091954024,1.83046861626636,94690.0,7.962538480758667,17.357134104104887,23.980531402183185,2713.20451103294,27.63090140044381,7.467685594876391,10.000858008695092,8.80872491707581,9.740081554078362,5,1,True,42,
ABC-SMC,22252.86041189932,1.899948982134018,97245.0,8.30277705192566,17.18559093659137,23.98310362172154,2686.2385164015795,27.63090140044358,7.428955753973282,10.010236704410469,8.7247483440248,9.63973382245079,5,1,True,42,
ABC-SMC,34718.16638370119,2.8294023309782124,102245.0,8.332589864730835,16.998012289029298,23.97651725316329,2604.8002459274985,27.630901400405133,7.344971456997816,10.012746005273774,8.619053784799654,9.540003187784862,5,1,True,42,
ABC-SMC,32473.44461305008,2.637115125410112,107000.0,8.689294338226318,16.80986413092842,23.990302188273365,2529.171998464996,27.63090140042775,7.275043220129159,10.012859477383737,8.522006409765067,9.443984148406171,5,1,True,42,
ABC-SMC,31236.69467787115,2.533194197326147,111515.0,9.043503284454346,16.617210219566054,23.98762995273925,2483.236722980508,27.63090140042697,7.278200147524387,10.01482374618609,8.429191702636748,9.340308786805505,5,1,True,42,
ABC-SMC,30797.87234042553,2.410209115515364,115800.0,9.062386274337769,16.367085255044937,23.982490157181296,2413.1101579527376,27.6309014004264,7.256663665758095,10.007920334909205,8.322223112729795,9.250024096332316,5,1,True,42,
ABC-SMC,30854.56885456885,2.336893241224448,119870.0,9.078830242156982,16.17400971684894,23.98010236892334,2355.501616160978,27.63090140042592,7.16842343470253,10.00655676590525,8.229068080184472,9.15857456590956,5,1,True,42,
ABC-SMC,30856.608478802995,2.2676833549937108,123735.0,9.09341025352478,15.946478046101612,23.991986300283664,2312.2820471007853,27.630901400426687,7.190131254560707,10.013248155216669,8.150393399457977,9.064533246988386,5,1,True,42,
ABC-SMC,31380.541871921178,2.242982387542724,127405.0,9.106508493423462,15.744235028265711,23.98218916350579,2254.642197812017,27.630901400425564,7.220786827809969,10.005691628385105,8.041447517875529,8.978540663086838,5,1,True,42,
ABC-SMC,31501.80505415163,2.194777923657433,130890.0,9.11930227279663,15.533693957037524,23.98215681488464,2216.083190504732,27.63090140042508,7.07618386521145,10.007694335618838,7.952364808768912,8.897646237202773,5,1,True,42,
ABC-SMC,31914.38763376932,2.171661850955342,134200.0,9.131838083267212,15.29167251034693,23.991273623131683,2189.7017484798744,27.630901400446465,7.017754670915738,10.018137017302776,7.866815804784312,8.818933891818785,5,1,True,42,
ABC-SMC,32393.867924528306,2.231330747874278,137350.0,9.460842370986938,15.15970777311432,23.99729157602101,2136.003284050992,27.630901400446174,6.923618649184104,10.014771764468977,7.783359343409924,8.740205519220886,5,1,True,42,
ABC-SMC,33021.17647058824,2.3121402964872475,140340.0,9.8265962600708,15.054462624419608,23.989559429006302,2088.6243642986065,27.6309014004453,6.977050823565939,10.009714352200396,7.711239548203791,8.652804123159278,5,1,True,42,
ABC-SMC,33570.92614302462,2.3870632489149624,143180.0,10.180824756622314,14.874669213791154,23.98293895549713,2053.494361871658,27.6309014004446,6.938739515507935,10.01025302323078,7.614669027823275,8.575383995745314,5,1,True,42,
ABC-SMC,34043.17386231038,2.4561073009442005,145875.0,10.524419784545898,14.704773603388526,23.975329060771344,2017.0979609985127,27.63090140044389,6.956026617337171,10.008051615225314,7.531524563875257,8.491848693803034,5,1,True,42,
ABC-SMC,34480.8362369338,2.526563274458864,148440.0,10.87685489654541,14.53165800957729,23.98260906756816,1988.3438376113936,27.63090140046524,6.920903427452151,10.015188477018384,7.435641065545835,8.420002854044577,5,1,True,42,
ABC-SMC,54604.982206405686,3.878251174166533,153440.0,10.89788579940796,14.370704599620591,23.971686566759725,1944.8868357223137,27.63090140038266,7.237200828397856,10.008050101209037,7.389497203500885,8.35014872289296,5,1,True,42,
ABC-SMC,51611.74551386623,3.5613023437450217,158190.0,10.915391683578491,14.212868568860044,23.96864651714042,1896.017423540257,27.63090140038216,7.300364504895834,10.001636456587612,7.31696971981624,8.263936399668834,5,1,True,42,
ABC-SMC,49304.54545454545,3.312387177438447,162705.0,10.930877685546877,14.060362276795074,23.96183982309386,1856.71033806954,27.630901400381703,7.310794593263592,9.996679258057185,7.246118175606658,8.2012727519368,5,1,True,42,
ABC-SMC,47712.857142857145,3.215370110103062,166995.0,11.253795385360718,13.857799313599967,23.96854765732232,1808.730318624888,27.63090140038224,7.318095726334714,9.991923748415974,7.168012452267871,8.144069605489394,5,1,True,42,
ABC-SMC,46932.78463648834,3.185906887708541,171070.0,11.612630605697632,13.736498345001806,23.97776632829675,1788.1173109463125,27.63090140038324,7.316670657704355,10.003906177925783,7.082995749219196,8.079455251558418,5,1,True,42,
ABC-SMC,46280.42328042328,3.158153491045432,174940.0,11.937820196151732,13.614342492648094,23.97693412206776,1744.5605567320972,27.630901400382605,7.233079456063403,9.99942647707972,6.99682262880395,8.010003819882904,5,1,True,42,
ABC-SMC,46333.333333333336,3.1893967654454567,178615.0,12.295124530792236,13.47389891114267,23.98949675772125,1717.8600989480356,27.630901400403587,7.210677536214033,10.00402455474215,6.917380077923076,7.944844841536799,5,1,True,42,
ABC-SMC,46102.53164556962,3.201730160773555,182105.0,12.646834135055542,13.308435163397991,23.98505174829916,1680.2009032821536,27.630901400403065,7.17060510921838,9.999981152133303,6.847094028075711,7.872682225345772,5,1,True,42,
ABC-SMC,46009.92555831265,3.227869275190102,185420.0,13.008313179016112,13.168235434370638,23.98524921618485,1647.0659030199522,27.63090140040312,7.168747106699504,9.999865779032191,6.767797775819361,7.810626022574871,5,1,True,42,
ABC-SMC,46216.91176470588,3.274559448747074,188565.0,13.360202550888062,13.021422748565962,24.00248553349286,1619.390157686238,27.630901400425017,7.03023529896998,10.009341853972057,6.688137571994945,7.739557765033254,5,1,True,42,
ABC-SMC,46833.74083129584,3.3548045566437588,191550.0,13.721150636672974,12.903505397905825,24.00683697056225,1605.531111961736,27.630901400445648,7.004069018288672,10.019882712900868,6.608136359771327,7.675040496328197,5,1,True,42,
ABC-SMC,47238.153098420415,3.340078645893899,194385.0,13.744423627853394,12.813743321024818,24.012796119520964,1553.6888504360784,27.63090140046653,7.040465213709133,10.008807315909648,6.533067690140183,7.607914826743647,5,1,True,42,
ABC-SMC,47717.9176755448,3.3331799449412647,197075.0,13.766033172607422,12.669995649758771,24.015180858147744,1513.0272500622034,27.630901400487133,6.992274362593283,10.004487082576585,6.452936116842984,7.54507245798812,5,1,True,42,
ABC-SMC,48278.11366384522,3.333696056306002,199630.0,13.784833192825316,12.48445137134601,24.00788183815576,1495.1434346906042,27.630901400486763,7.028699693549643,10.006844145920375,6.380276511037456,7.478178945500273,5,1,True,42,
ABC-SMC,76497.19626168223,5.160932897407317,204630.0,13.805495500564575,12.36778772260788,24.012623969237723,1480.6753548787692,27.63090140044959,6.91181860451986,10.025557534333176,6.3361397624611255,7.451569051825196,5,1,True,42,
ABC-SMC,70265.10067114094,4.746684932068691,209390.0,14.145121097564695,12.244128822244557,24.00433379708915,1457.1491089528072,27.63090140044861,6.920535690730259,10.023369057478671,6.276128798346474,7.396811794285531,5,1,True,42,
ABC-SMC,65317.55725190838,4.431283237369915,213915.0,14.512452602386476,12.157674024357938,24.001130618552946,1439.8916229446113,27.630901400448064,6.92683418836541,10.027717729148812,6.213949686773184,7.347832421377983,5,1,True,42,
ABC-SMC,63160.636758321285,4.304770001799257,218220.0,14.87298035621643,12.031916382306608,24.007358550807467,1422.6423974462346,27.630901400448096,6.854883030000829,10.036034077395522,6.14766907351829,7.297855603021193,5,1,True,42,
ABC-SMC,61668.51595006935,4.22641334851142,222315.0,15.236220121383669,11.921995163564391,24.00235829088776,1397.2012093308217,27.63090140044737,6.90027581854005,10.032959792120778,6.088668388378818,7.24452951657358,5,1,True,42,
ABC-SMC,61385.34599728629,4.230894712450708,226205.0,15.59084701538086,11.83761487296036,23.998428584216867,1371.7430240766396,27.63090140044668,6.869995967380399,10.030095553970328,6.024471943079121,7.189712920012648,5,1,True,42,
ABC-SMC,60183.24607329842,4.175937362990454,229900.0,15.952080726623535,11.72979623624659,23.997304631104416,1339.7961415468792,27.63090140044628,6.947057776405887,10.02641623026564,5.964585780255929,7.127261790277327,5,1,True,42,
ABC-SMC,59925.54557124519,4.191022904754757,233410.0,16.324034214019775,11.628130556937844,23.99463735185628,1314.8877939439471,27.630901400445552,6.888332284171392,10.02626035794988,5.887644058445529,7.075283787244189,5,1,True,42,
ABC-SMC,60086.29441624365,4.233385100582529,236740.0,16.679537296295166,11.521707265466668,23.99827020865745,1291.799569218828,27.630901400445463,6.977900404232152,10.028545302912992,5.824126439939183,7.020110573384047,5,1,True,42,
ABC-SMC,60429.47103274559,4.292771077576452,239905.0,17.042301177978516,11.408383049583923,23.99137330711488,1276.656168400727,27.63090140044469,6.932385935024144,10.028917172556982,5.750713733617999,6.9724903741824935,5,1,True,42,
ABC-SMC,60727.5,4.352135539054871,242910.0,17.408542156219482,11.267037910059464,23.98618590533358,1253.2307769037398,27.63090140044404,6.893603454754972,10.027217950767067,5.680860261650537,6.919663976711611,5,1,True,42,
ABC-SMC,60832.92079207921,4.398622135124584,245765.0,17.77043342590332,11.11674019515284,23.98881737596711,1232.9671673617822,27.630901400444014,6.86787531714276,10.029874670046176,5.621922182207005,6.87086632431543,5,1,True,42,
ABC-SMC,61125.46125461255,4.457547186632145,248475.0,18.119929313659668,11.011688071912255,23.991744640497032,1214.7502879849735,27.63090140046469,6.841656054566464,10.032194546703666,5.552716378924067,6.828369422959568,5,1,True,42,
ABC-SMC,61380.195599022,4.516617709675162,251045.0,18.47296643257141,10.911750212764405,23.993160946902528,1199.2763399015575,27.630901400464747,6.835466256718979,10.035370463790915,5.479404018484258,6.781857909125515,5,1,True,42,
ABC-SMC,91119.21708185053,6.582028076742042,256045.0,18.49549889564514,10.80416077092226,23.950101532999465,1170.5473536374282,27.63090140036166,6.74741697538161,10.013906792510314,5.412030959107232,6.733443134633837,5,1,True,42,
ABC-SMC,82140.15748031496,5.831070847398653,260795.0,18.513649940490723,10.692888116423362,23.93897936936684,1146.0793413644294,27.63090140036054,6.765711738264537,10.006620177764365,5.350141663711947,6.685231277324168,5,1,True,42,
ABC-SMC,78262.53687315634,5.46584080102521,265310.0,18.529200315475464,10.611378061987889,23.9466519520072,1122.4474167650617,27.630901400381585,6.791049685194006,10.006348360896974,5.286958677446284,6.637193027645592,5,1,True,42,
ABC-SMC,74991.65507649514,5.158019430614148,269595.0,18.54307985305786,10.48637890422697,23.947625305793185,1100.19346558283,27.6309014003814,6.768594378871074,10.006256877382414,5.225154432329343,6.59420065295577,5,1,True,42,
ABC-SMC,73764.15094339623,5.0017763019572055,273665.0,18.55659008026123,10.398914805024578,23.958810663248965,1073.3988365657058,27.630901400422623,6.742795727915864,10.00630229542326,5.165214923879505,6.551158544564644,5,1,True,42,
ABC-SMC,73226.9129287599,4.899678758706769,277530.0,18.569782495498657,10.279352290952144,23.972637228420872,1060.682452928994,27.63090140044369,6.662805456946768,10.017761697354736,5.099419229337404,6.510920821313297,5,1,True,42,
ABC-SMC,72849.74093264248,4.814202612545823,281200.0,18.58282208442688,10.148808712971618,23.97394995826199,1044.9436696175826,27.63090140044367,6.635181354591761,10.019631202885328,5.040966825667604,6.469159324828265,5,1,True,42,
ABC-SMC,72717.7522349936,4.749843261251048,284690.0,18.59563636779785,10.071636558870148,23.970963782399902,1023.6923581807353,27.63090140044342,6.645617072100438,10.015943415760493,4.985389312032118,6.424854233393447,5,1,True,42,
ABC-SMC,72363.06532663316,4.675429789864237,288005.0,18.608210563659668,9.966312490813706,23.971976408927947,1001.6703241994068,27.63090140046381,6.680224745759963,10.010722518064076,4.925624068274269,6.391573630699202,5,1,True,42,
ABC-SMC,72245.6575682382,4.620512543481869,291150.0,18.620665550231934,9.861804095124857,23.99162709792148,984.9337579044704,27.630901400506872,6.602369736362779,10.016173032966275,4.866222885548939,6.347076961069826,5,1,True,42,
ABC-SMC,72180.36809815952,4.572514668564125,294135.0,18.632997274398804,9.79147318629104,23.9863037013696,962.360740954391,27.630901400527165,6.582742134467928,10.00663620533556,4.806026025951377,6.305631791071378,5,1,True,42,
ABC-SMC,72434.14634146342,4.624839933907113,296980.0,18.961843729019165,9.703203130216249,23.993220479047253,948.1463514043916,27.630901400527748,6.545475312800714,10.012177395863302,4.749249054683548,6.269083944029633,5,1,True,42,
ABC-SMC,72474.00241837968,4.668992260491257,299680.0,19.306282997131348,9.603934790792197,24.002225111463524,926.3589269692886,27.63090140054887,6.473778360487128,10.009710564418524,4.692231507756889,6.228549294072734,5,1,True,42,
ABC-SMC,72830.12048192772,4.656020761972451,302245.0,19.32248616218567,9.48601996749992,24.00376687820276,904.7949335733258,27.63090140054926,6.423491506050633,10.004122891115417,4.6315338690187655,6.188428555710122,5,1,True,42,
ABC-SMC,108952.12765957449,6.858682463355098,307245.0,19.341484546661377,9.38241955371183,23.94987158639925,869.7985683484926,27.63090140042189,6.236270892906252,9.980233720969787,4.548814201808174,6.115331423952657,5,1,True,42,
ABC-SMC,97503.125,6.152721121907234,312010.0,19.68870759010315,9.309620306862673,23.96011039393152,847.3803696747102,27.63090140042245,6.171781619969335,9.976683684530606,4.487871928451076,6.076094027842635,5,1,True,42,
ABC-SMC,91221.90201729108,5.776929649221108,316540.0,20.04594588279724,9.214234629065754,23.958154621419663,828.1550903516852,27.63090140042222,6.160390015063572,9.972627578464014,4.436102969698918,6.03350201342915,5,1,True,42,
ABC-SMC,86479.78436657682,5.5095653328291485,320840.0,20.440487384796143,9.126283315212866,23.952601807255387,814.9672987423764,27.630901400421635,6.089217476223925,9.974028667376135,4.372728689754697,5.9916643461229295,5,1,True,42,
ABC-SMC,85174.3119266055,5.455429057150025,324940.0,20.812461853027344,9.049034553045438,23.9611735838038,804.9821865597792,27.63090140042214,6.03213971642495,9.981770797087252,4.317198480891906,5.964107877350235,5,1,True,42,
ABC-SMC,84316.66666666666,5.42558682270539,328835.0,21.159788608551025,8.997701798940982,23.961331395888127,791.3419646712985,27.630901400462992,5.998500083116683,9.98324366604691,4.266162184867938,5.923583970208958,5,1,True,42,
ABC-SMC,82721.39303482587,5.355336772861764,332540.0,21.528453826904297,8.91694118435628,23.96718567238157,776.4649044260702,27.630901400463667,5.95465219629534,9.98436768378752,4.217802292290934,5.885305368009342,5,1,True,42,
ABC-SMC,81967.0731707317,5.338785473893329,336065.0,21.889020442962646,8.821101138511088,23.96661394047601,764.1214663345796,27.63090140046369,5.913484707954869,9.98618115264496,4.169315461868483,5.853046679420026,5,1,True,42,
ABC-SMC,82082.22490931077,5.384384764148939,339410.0,22.26443099975586,8.736980902964453,23.96802347419837,754.1104615794154,27.63090140048414,5.864322095618027,9.991915471785342,4.113307024139816,5.816866106805336,5,1,True,42,
ABC-SMC,82459.68712394706,5.44536919943836,342620.0,22.625509023666385,8.65316410507834,23.971395853059065,734.9931603967061,27.63090140048399,5.840367469963252,9.983160889867076,4.073290096602444,5.786377888851978,5,1,True,42,
ABC-SMC,82992.79711884753,5.520799838337435,345665.0,22.99413132667541,8.579087339143122,23.973804349562457,716.0435867141784,27.630901400484287,5.768586231824269,9.977615932821813,4.013837252899943,5.744575856619561,5,1,True,42,
ABC-SMC,83088.20023837901,5.570793151855469,348555.0,23.36947727203369,8.46956637692328,23.96328050960207,700.6317262279401,27.63090140048341,5.760390270356284,9.97096063894607,3.960391296927312,5.705968895036466,5,1,True,42,
ABC-SMC,83444.18052256532,5.639958098495375,351300.0,23.744223594665527,8.378262406271952,23.96319775296929,692.296068972232,27.630901400483204,5.773785237681173,9.977372206341794,3.913023012646225,5.676873477348067,5,1,True,42,
ABC-SMC,83863.74407582938,5.7140867857006485,353905.0,24.11344623565674,8.284768316308353,23.97755465238721,678.461621026528,27.63090140052552,5.770682531482931,9.9820872701471,3.861162891601516,5.646612731464421,5,1,True,42,
ABC-SMC,125711.03327495624,8.457169808356024,358905.0,24.145219802856445,8.181188684376858,23.97385217970017,670.9322402446921,27.63090140040177,5.64027631666068,9.996006753607384,3.7969003491534687,5.610549698184489,5,1,True,42,
ABC-SMC,113466.45865834634,7.541574293663275,363660.0,24.1707456111908,8.093941022865936,23.97853803258301,655.5901232701972,27.6309014004018,5.592576036391262,9.99371412410345,3.744089756995298,5.579718508822094,5,1,True,42,
ABC-SMC,106411.84971098269,6.991844921442815,368185.0,24.19178342819214,7.97201349782578,23.974937981676312,647.1751905434088,27.630901400401225,5.574940821216943,9.996453050448872,3.6970259694294105,5.550975462873896,5,1,True,42,
ABC-SMC,102329.67032967032,6.745533104781266,372480.0,24.55374050140381,7.886451324082815,23.96843950868288,639.4972776483933,27.630901400400965,5.506201063030276,9.99796508713746,3.650196391686604,5.521817161270165,5,1,True,42,
ABC-SMC,98964.52036793692,6.5464620051340106,376560.0,24.909287929534912,7.798563486649471,23.97013161874332,626.1534745184463,27.630901400401303,5.458241949018141,9.994680589939042,3.5995587178027506,5.491508245688275,5,1,True,42,
ABC-SMC,96069.44444444444,6.383047380832711,380435.0,25.27686762809753,7.706308117308859,23.96299234499676,614.5922402956279,27.63090140040088,5.341394175866969,9.991223415039796,3.5499888477862767,5.463428695613941,5,1,True,42,
ABC-SMC,95669.98754669986,6.384138152430095,384115.0,25.63231468200684,7.621008127042786,23.96345906177945,609.7307423698562,27.63090140040068,5.265023208479709,10.003214699521392,3.500883655405224,5.43650002180093,5,1,True,42,
ABC-SMC,95589.39580764488,6.412285676572825,387615.0,26.001818418502808,7.533895775231125,23.97440857538443,605.1604020250719,27.63090140040169,5.207257758781097,10.017311711065949,3.4564049524485947,5.41470563118468,5,1,True,42,
ABC-SMC,94545.3446191052,6.292553190164439,390945.0,26.01970744132996,7.451111569063767,23.973296126399937,595.100802220178,27.63090140040116,5.185971384873765,10.015827773192884,3.4147945733572223,5.390889141579878,5,1,True,42,
ABC-SMC,94058.4725536993,6.292781283576621,394105.0,26.366753578186035,7.412152992370594,23.97652143068236,582.6084077011471,27.63090140040096,5.089264837757005,10.013783594627604,3.3695467584121,5.361565900973609,5,1,True,42,
ABC-SMC,93878.25059101656,6.316782960373178,397105.0,26.71999192237854,7.326086322337548,23.97645869225348,569.6357055291866,27.63090140042144,5.039288253585511,10.00790564435786,3.3215884686303374,5.334975041609173,5,1,True,42,
ABC-SMC,93886.15023474178,6.35880063956892,399955.0,27.0884907245636,7.222121906117476,23.97845609607087,561.313177082973,27.63090140042173,4.996853832793021,10.01152294947384,3.2757334367190074,5.310592280870304,5,1,True,42,
ABC-SMC,94079.43925233644,6.405968365268172,402660.0,27.41754460334778,7.143492350989186,23.97753379606118,548.9966662970457,27.630901400442145,4.917960995458418,10.005712926734024,3.2275364551515047,5.282137444209825,5,1,True,42,
ABC-SMC,94569.42823803968,6.403444917783436,405230.0,27.438761472702023,7.0676105085665855,23.98372159656858,535.8078184523371,27.63090140044253,4.821710487715946,10.003376976257638,3.178457354554006,5.2563600105324015,5,1,True,42,
ABC-SMC,145730.01776198935,9.757089106693574,410230.0,27.466205835342407,7.01597371835366,24.015632785930933,530.6811752124872,27.63090140044848,4.809841671159406,10.019710862065455,3.1581608942720427,5.249003801316396,5,1,True,42,
ABC-SMC,132583.06709265176,8.781742440245022,414985.0,27.48685383796692,6.927286962984806,24.01466015061453,525.6678839224533,27.630901400448806,4.799396484255896,10.028986283210088,3.1158662311905,5.231230793873944,5,1,True,42,
ABC-SMC,123567.01030927832,8.101533193124762,419510.0,27.50470519065857,6.856329827231239,24.02859932837184,514.9677301474483,27.630901400471423,4.744877188588359,10.031037913498734,3.0737974178654004,5.2072513885808505,5,1,True,42,
ABC-SMC,119215.18987341774,7.741357639704409,423810.0,27.52052640914917,6.800378978320476,24.02332923081162,507.1140838154308,27.63090140047049,4.663115808586045,10.028385969757393,3.0333740722816858,5.176432127068066,5,1,True,42,
ABC-SMC,115648.64864864864,7.528292810594714,427900.0,27.85468339920044,6.75867351904896,24.017131988197075,502.14021308950873,27.63090140046992,4.604835733676935,10.0328170945243,2.995415009731109,5.157747503892114,5,1,True,42,
ABC-SMC,112444.01041666669,7.350576606889565,431785.0,28.226214170455933,6.6650975458521415,24.017478961388413,497.94630174892734,27.63090140049007,4.581464297456042,10.041100355115711,2.9517232190194926,5.140104679986576,5,1,True,42,
ABC-SMC,110387.83269961976,7.160438481996871,435480.0,28.24792981147766,6.600262646836367,24.007935854295663,491.3816315940924,27.630901400489147,4.487375463732132,10.03947407621526,2.9120655480226234,5.11779363278877,5,1,True,42,
ABC-SMC,108933.00248138956,7.096945914086278,439000.0,28.6006920337677,6.531887439952,24.00621119164052,483.620187753524,27.6309014004886,4.410175184495914,10.037376244430655,2.872643293967412,5.093200507186496,5,1,True,42,
ABC-SMC,108950.73891625614,7.140572670058075,442340.0,28.99072504043579,6.482056340839746,24.01196935396589,478.0150045016711,27.63090140048873,4.3308617570492665,10.048697220594232,2.8325789515711004,5.074947987848709,5,1,True,42,
ABC-SMC,109327.60736196322,7.20458188671276,445510.0,29.35867118835449,6.411538622339006,24.00119592680266,471.5762814289434,27.630901400487776,4.265342806250397,10.046233862200268,2.795968877255948,5.05224830283592,5,1,True,42,
ABC-SMC,109395.12195121952,7.247955450197545,448520.0,29.716617345809937,6.333970908390042,24.00705101971378,459.20560241493104,27.6309014005086,4.18816562920764,10.036636303655706,2.7557979349073274,5.03137536078414,5,1,True,42,
ABC-SMC,109557.03883495144,7.218480341642805,451375.0,29.74013900756836,6.264371439621491,24.0165157884194,453.0079965798061,27.63090140055034,4.134828134236027,10.040402769881936,2.718880926135733,5.015429879515043,5,1,True,42,
ABC-SMC,109814.9939540508,7.197607414033421,454085.0,29.7621066570282,6.214450947029965,24.018536187544928,446.58731909061606,27.63090140055065,4.062272660898426,10.039414091064542,2.679243942512529,4.994720094984823,5,1,True,42,
ABC-SMC,109904.93381468114,7.167503664496431,456655.0,29.780977725982662,6.16363097373699,24.02987404092187,436.0278477413003,27.630901400572224,3.977620100742888,10.035032638283155,2.6380983129873026,4.972172415575415,5,1,True,42,
ABC-SMC,167266.30434782605,10.798360040222388,461655.0,29.8034737110138,6.109094125340109,23.99160353342853,429.19227815124407,27.630901400384385,3.8699915511235785,10.039610075501336,2.6079269431212007,4.965282307767372,5,1,True,42,
ABC-SMC,154951.82724252492,9.907440331291124,466405.0,29.82139539718628,6.002005048500562,23.99553781143546,424.0167183768833,27.63090140038454,3.854774357682986,10.043961098573464,2.573114199636338,4.95176591571613,5,1,True,42,
ABC-SMC,143573.1707317073,9.096619995628917,470920.0,29.83691358566284,5.944630401227684,24.000626809000323,419.985464052515,27.63090140040528,3.794377268344354,10.04927735882239,2.5400614745549004,4.938689933939967,5,1,True,42,
ABC-SMC,136554.59770114944,8.577835285800628,475210.0,29.85086679458618,5.901579681664671,24.01127696005644,414.66710930166846,27.63090140040593,3.695841446123427,10.054202522795045,2.5054761936381165,4.924920745874689,5,1,True,42,
ABC-SMC,133693.1659693166,8.330373484719248,479290.0,29.864388942718502,5.848044476523494,24.01460283743741,408.05157681416927,27.63090140040597,3.644812177813905,10.054215952232951,2.4728628215476114,4.907338056690791,5,1,True,42,
ABC-SMC,129534.85254691688,8.010097227531208,483165.0,29.877662658691406,5.785226746641329,23.998588447045183,401.7224475496106,27.630901400404845,3.5855273493933124,10.04903633326726,2.4404323775703545,4.890921957582506,5,1,True,42,
ABC-SMC,126947.84876140808,7.794188644926427,486845.0,29.890713453292847,5.738584190871979,24.00043202560498,398.05098542744975,27.630901400404746,3.5422538910158976,10.052999260217236,2.409849383029518,4.878700367846762,5,1,True,42,
ABC-SMC,124609.91105463788,7.687629859662571,490340.0,30.250823497772217,5.691473511495875,23.994560548742754,390.4687459422863,27.63090140040427,3.4575457192695502,10.04534250342949,2.3751867025451734,4.860953910342728,5,1,True,42,
ABC-SMC,123880.80301129232,7.687249775961919,493665.0,30.63369035720825,5.64564163016037,24.0060068824396,387.5385752564658,27.63090140040537,3.388491539277659,10.057853922739652,2.342182555014169,4.854403255246233,5,1,True,42,
ABC-SMC,122975.24752475249,7.674758859200052,496820.0,31.006025791168213,5.595987168670759,24.005917010858056,384.14753911181015,27.63090140042556,3.3096194493082103,10.062444583148576,2.3103102622770346,4.845621073623149,5,1,True,42,
ABC-SMC,122804.66830466832,7.707931251432153,499815.0,31.371280193328857,5.54818222716421,24.008169846874985,378.70376558025873,27.63090140044582,3.2278728013512747,10.061614344808996,2.27432778623975,4.833994984700007,5,1,True,42,
ABC-SMC,122600.0,7.657209605705447,502660.0,31.39455938339233,5.503693114579451,23.99836079655507,373.49658298805184,27.630901400444912,3.1421846946696603,10.058638001250507,2.238944432131379,4.816923683296371,5,1,True,42,
ABC-SMC,122958.6374695864,7.643715772605582,505360.0,31.415671825408936,5.430681385361802,23.98935047548436,369.6608960391444,27.630901400444152,3.05286913604368,10.0600287321888,2.20082731235704,4.801119816632184,5,1,True,42,
ABC-SMC,122984.26150121064,7.610608821342413,507925.0,31.431814432144165,5.386283826803416,24.00337317218565,364.1865474053884,27.63090140046583,2.9904824357550845,10.064360173000011,2.1691299193710867,4.790759190326658,5,1,True,42,
ABC-SMC,187198.90510948907,11.479094776793987,512925.0,31.452719688415527,5.348567981272747,23.98471875885761,354.04714083645683,27.63090140038535,2.9500323542133864,10.031787106240598,2.1588940541363626,4.776273471978486,5,1,True,42,
ABC-SMC,171133.88429752068,10.40334796117357,517680.0,31.47012758255005,5.301076945283247,24.00346544634933,345.4231197850189,27.63090140042729,2.9031907088672684,10.0266619888614,2.1306173427887503,4.759701586973448,5,1,True,42,
ABC-SMC,157762.83987915408,9.512189219725457,522195.0,31.48534631729126,5.233260377431965,24.00375563715022,339.0004219767353,27.63090140042684,2.845054063594864,10.01984812189206,2.1024371640678448,4.747583383966044,5,1,True,42,
ABC-SMC,150209.70042796005,8.986885095288851,526485.0,31.499032258987427,5.176616503713055,24.001107813765056,333.90565156963044,27.630901400426392,2.7629849557025645,10.020920005525774,2.068053896753961,4.735793694664496,5,1,True,42,
ABC-SMC,146969.52908587258,8.729239117735972,530560.0,31.51255321502685,5.13423053604712,24.00912484217732,330.1254920101347,27.63090140042679,2.696784575719556,10.02552618674164,2.040666254236504,4.730893032633948,5,1,True,42,
ABC-SMC,142895.7219251337,8.429350954963562,534430.0,31.52577257156372,5.075814982246079,24.01214311592384,325.46452581945243,27.630901400426445,2.6274555489446643,10.025184899887575,2.013464725055177,4.7218787589947855,5,1,True,42,
ABC-SMC,140497.38903394257,8.234665101253022,538105.0,31.538767337799072,5.023222486101468,24.015904372212248,318.58390466089173,27.630901400447453,2.554506254121357,10.016267366664572,1.982511870396152,4.70824693928918,5,1,True,42,
ABC-SMC,138517.90281329924,8.069453154073653,541605.0,31.55156183242798,4.97146286120479,24.01305651949901,315.130526276876,27.630901400446938,2.493225584176196,10.016490738011896,1.956604992187391,4.698959804915269,5,1,True,42,
ABC-SMC,136746.5495608532,7.920738684487911,544935.0,31.56414365768433,4.933295099335737,24.02057550050755,312.1288517537952,27.63090140046808,2.437067992511917,10.0243045980304,1.931398978579585,4.692330567880492,5,1,True,42,
ABC-SMC,135667.0792079208,7.815972118094415,548095.0,31.57652735710144,4.884091155185548,24.018091383853083,307.7228467724664,27.63090140046777,2.3716711679121203,10.021290609342197,1.900583884009167,4.6797745466586695,5,1,True,42,
ABC-SMC,135072.3039215686,7.742321491241455,551095.0,31.588671684265137,4.838862260986096,24.002370563207727,303.42380242309764,27.630901400466705,2.304549112181001,10.015316593199891,1.8716277851528096,4.668838761714063,5,1,True,42,
ABC-SMC,134616.03888213853,7.67940547892129,553945.0,31.60075354576111,4.796075262964328,23.998318953853087,299.31728237588106,27.630901400466,2.2469774278097887,10.012094809107234,1.8453801046651173,4.6592653801761,5,1,True,42,
ABC-SMC,134133.73493975904,7.617490550121631,556655.0,31.61258578300476,4.745443567675168,24.01184549762238,296.2221924971635,27.63090140048731,2.19460566302334,10.016526576258697,1.8197963707074256,4.650739454161459,5,1,True,42,
ABC-SMC,134267.70708283313,7.592876303811319,559225.0,31.624329805374146,4.707955114498295,24.001964004587265,292.5088344143811,27.63090140048641,2.1369626439548908,10.012476941648533,1.7929146817708803,4.638408574489639,5,1,True,42,
ABC-SMC,207435.66176470587,11.632377961102652,564225.0,31.64006805419922,4.656389767239458,24.019310633635605,281.3488772011573,27.630901400427767,1.973813104304991,10.016952878808002,1.723030697321445,4.613754327798539,5,1,True,42,
ABC-SMC,187162.8289473684,10.41256275616194,568975.0,31.6541907787323,4.610177452028679,24.011848133123333,278.4368683049246,27.63090140042685,1.9200651854506368,10.01614651817166,1.6966390008395933,4.602177875322915,5,1,True,42,
ABC-SMC,175377.67584097857,9.684464690882132,573485.0,31.66819953918457,4.57296996824201,24.011538458130467,273.5833649784729,27.630901400447257,1.861358422046245,10.011292511612588,1.6680773367090531,4.591651809749549,5,1,True,42,
ABC-SMC,168444.60641399416,9.23672208980638,577765.0,31.68195676803589,4.518750672305729,24.003161398330576,269.55753033184374,27.630901400446547,1.7961547586295754,10.006577214612877,1.63698716339024,4.577097892838862,5,1,True,42,
ABC-SMC,162749.6503496504,8.865870095633127,581830.0,31.695485591888428,4.47002930493916,23.99243633089557,266.70796046910164,27.63090140044552,1.7459750280718631,10.004059951085525,1.6101594880612295,4.566594276144879,5,1,True,42,
ABC-SMC,157443.5483870968,8.523863682182888,585690.0,31.708772897720337,4.416205170663583,23.987317541782414,264.04379330062966,27.63090140044481,1.6878234435069683,10.005534243348691,1.5789082673819754,4.558956269146321,5,1,True,42,
ABC-SMC,153878.59007832897,8.282454518051745,589355.0,31.721800804138184,4.370666977886852,23.998329084074456,259.99333875911384,27.63090140044524,1.630803868380097,10.00851964084285,1.546711023953639,4.548961392401847,5,1,True,42,
ABC-SMC,151815.62099871956,8.126674144124557,592840.0,31.7346625328064,4.307193816676818,24.00124766658085,255.80022627378443,27.63090140044524,1.584537883096551,10.004398334461992,1.519548397340696,4.538538487440229,5,1,True,42,
ABC-SMC,149601.0037641154,8.048089504840231,596160.0,32.07163667678833,4.253586263503448,24.020135984792795,250.5841778895039,27.63090140046748,1.5441466488398503,10.000962561614289,1.4978611974593987,4.533514139509382,5,1,True,42,
ABC-SMC,148712.158808933,7.964213373643293,599310.0,32.09577989578247,4.21360811986993,24.017829806168564,246.7569422978392,27.63090140046736,1.4936938890397786,9.997135436000857,1.469354212663592,4.523920164781504,5,1,True,42,
ABC-SMC,147622.54901960783,7.87208080291748,602300.0,32.11808967590332,4.1669080970052725,24.03300722903439,242.8847737489943,27.63090140046804,1.4491556126915952,9.99794559114903,1.443821268541837,4.51563783300422,5,1,True,42,
ABC-SMC,147595.1219512195,7.8383378866242195,605140.0,32.1371853351593,4.119734204086274,24.03220187091256,238.27992380233212,27.63090140048852,1.4096289244998317,9.987174954960444,1.4184937694782735,4.50466715609483,5,1,True,42,
ABC-SMC,146997.5816203144,7.77603481527972,607835.0,32.15390396118164,4.088372534243131,24.050842530833457,235.0340545654208,27.63090140053177,1.3690617420958249,9.9920456166545,1.394695174144043,4.499619587930212,5,1,True,42,
ABC-SMC,146553.42136854742,7.799519382032598,610395.0,32.48499822616577,4.058594583897562,24.044162808668418,232.5997876721824,27.630901400531208,1.3296746075927433,9.990704382510607,1.3701686361505625,4.491570943265586,5,1,True,42,
ABC-SMC,220967.684021544,11.67286379761071,615395.0,32.508925676345825,4.011661997795765,23.990888218848937,234.4120605503921,27.630901400382022,1.2683005935979428,10.01483552619199,1.3438479310457443,4.499137271412965,5,1,True,42,
ABC-SMC,198764.42307692303,10.426248877476423,620145.0,32.52989649772644,3.9700714360409934,23.981202963406385,231.2081295307728,27.630901400381127,1.231894242685682,10.00748339084708,1.3195695361187405,4.489094380785967,5,1,True,42,
ABC-SMC,186468.6567164179,9.715902769743508,624670.0,32.54827427864075,3.939137383273291,23.97508809798929,227.82657609291545,27.630901400380324,1.1912915571104348,9.99990798174028,1.294791393818258,4.479928673348238,5,1,True,42,
ABC-SMC,178940.25604551923,9.264582149673831,628975.0,32.56500625610352,3.918332272327912,23.970567100096424,226.6570828119704,27.630901400380218,1.1615771622038489,10.00250017100394,1.2751289216151906,4.476135947773525,5,1,True,42,
ABC-SMC,172262.5850340136,8.865036477847974,633065.0,32.57900905609131,3.883681500110595,23.98051218780005,223.3890965580516,27.63090140040149,1.1240435043269423,10.007475030402585,1.252549352427055,4.474048238751776,5,1,True,42,
ABC-SMC,168282.69484808453,8.610882311862557,636950.0,32.59218955039978,3.837716260257385,23.98103032482316,220.97363676106755,27.63090140042238,1.0922859921558163,10.00782474368174,1.231541541243878,4.469750615083057,5,1,True,42,
ABC-SMC,165326.4516129032,8.49820044732863,640640.0,32.93052673339844,3.789769578301095,23.97722942075607,217.66483541881115,27.63090140042199,1.0560241097538483,10.004459634029562,1.206897074973918,4.463073019601865,5,1,True,42,
ABC-SMC,162050.3144654088,8.289175753323537,644150.0,32.94947361946106,3.750177904263945,23.98749267220803,215.55448985551143,27.6309014004435,1.0186237969583465,10.016139537903545,1.1841444405198764,4.4644227451963525,5,1,True,42,
ABC-SMC,159871.60493827157,8.140162420861513,647480.0,32.967657804489136,3.715964815168162,23.988797480905657,212.73205964985976,27.63090140046484,0.9878716958684284,10.018059902802111,1.1619228816035776,4.459621239946512,5,1,True,42,
ABC-SMC,159275.39779681762,8.07448472358022,650640.0,32.984270095825195,3.672604573033382,23.98968232272752,211.18735204442515,27.63090140046485,0.954828120067096,10.024999441506171,1.1379246817140742,4.457992426040597,5,1,True,42,
ABC-SMC,158650.4854368932,8.009510943033163,653640.0,32.99918508529663,3.638142278565773,23.991397397415312,209.2981097608665,27.630901400464605,0.9169908712497324,10.029313885889968,1.112398256804043,4.454617405156347,5,1,True,42,
ABC-SMC,158764.20798065298,7.983668107075443,656490.0,33.01246762275696,3.60244537114652,23.98988677228506,206.9586622475444,27.6309014004642,0.8868512150661605,10.0286103758379,1.0893421077951548,4.447672435426313,5,1,True,42,
ABC-SMC,156578.38479809975,7.84430702055435,659195.0,33.02453255653381,3.5742154171980687,23.98720997335866,205.26041093999893,27.6309014004638,0.8568200782242357,10.033468357173394,1.0692140835301642,4.4461301959363935,5,1,True,42,
ABC-SMC,156630.76923076922,7.819220977422048,661765.0,33.036208629608154,3.536117478530405,23.982381532288898,202.8677153928344,27.6309014004634,0.8275232013107106,10.03161621832855,1.0467951105939388,4.439124964591892,5,1,True,42,
ABC-SMC,239843.52517985608,11.8891306918302,666765.0,33.051783323287964,3.497271615512179,23.95584209259285,199.30241350968333,27.630901400363022,0.8044631042462894,9.992061067602108,1.045926562052688,4.419903041884423,5,1,True,42,
ABC-SMC,209521.06084243368,10.317169299549692,671515.0,33.06652760505676,3.4662080130365087,23.9478752454412,196.4004413544636,27.63090140036216,0.7720263144185542,9.9848207202511,1.0230723311187304,4.411194384136342,5,1,True,42,
ABC-SMC,194821.32564841505,9.5332457627618,676030.0,33.08036279678345,3.4348562502464657,23.95108916905323,194.0005726886814,27.63090140036177,0.7442969265584869,9.97948023626474,1.0012201236079254,4.404880723491336,5,1,True,42,
ABC-SMC,186387.6712328767,9.066895001555142,680315.0,33.09416675567627,3.401022894131871,23.950841945445028,192.5572430997112,27.630901400361523,0.7183750608960469,9.982792434711095,0.9803649413665684,4.402446997874982,5,1,True,42,
ABC-SMC,180815.0594451784,8.747061146140256,684385.0,33.10762643814087,3.370778524542769,23.948228361967463,191.1689481377616,27.63090140036087,0.6916343043658552,9.98675040729742,0.9601979550860128,4.399786139541834,5,1,True,42,
ABC-SMC,176703.46598202822,8.503434471355629,688260.0,33.120877265930176,3.337662266685536,23.9416000106404,190.5261321445984,27.630901400360543,0.6723628110760854,9.989289947449926,0.9469112219745928,4.398410372482753,5,1,True,42,
ABC-SMC,174293.4508816121,8.430231728541761,691945.0,33.46801996231079,3.3102226899908658,23.93883044029151,188.7258656773696,27.630901400359942,0.6509054764120812,9.98762486111218,0.9298923810970028,4.394924481199033,5,1,True,42,
ABC-SMC,171081.18081180812,8.239379756125137,695445.0,33.49307870864868,3.278016852869111,23.95448417462083,187.24180820830856,27.63090140038169,0.6300074697928938,9.992544739483888,0.9157345658022248,4.394862942820427,5,1,True,42,
ABC-SMC,170639.80463980464,8.184345825251206,698770.0,33.51489615440369,3.2478396874950244,23.951510175926977,184.7831726202582,27.630901400381006,0.6102085505087728,9.984691536497056,0.8978478898578466,4.3877703300395545,5,1,True,42,
ABC-SMC,170577.1567436209,8.149099639670093,701925.0,33.53354501724243,3.226858194092211,23.957689575779725,182.47222897464377,27.63090140042245,0.5861500007867589,9.983629848884013,0.877592379288617,4.384530502643545,5,1,True,42,
ABC-SMC,168843.1137724551,8.035907802467575,704920.0,33.549915075302124,3.195858560656421,23.96453800214056,180.47330297687745,27.63090140044329,0.5637399632630256,9.986951853121752,0.8586284239589851,4.383894374242621,5,1,True,42,
ABC-SMC,168516.6666666667,7.991560527256556,707770.0,33.56455421447754,3.1750880867298887,23.95987901435529,178.42395089869416,27.63090140044284,0.5441444540403264,9.982422232755717,0.8407578936363939,4.378083875148684,5,1,True,42,
ABC-SMC,168159.76331360947,7.947400335729474,710475.0,33.57776641845703,3.150698776489032,23.953068291749386,176.43817114649448,27.630901400441992,0.5223553904238861,9.974827821042611,0.8220030896589361,4.371710697093327,5,1,True,42,
ABC-SMC,167775.29411764708,7.90344232671401,713045.0,33.589629888534546,3.113636699517317,23.95340336345611,174.38374988980829,27.63090140046264,0.5041860260409748,9.97068627258343,0.8047207866453767,4.366093192135736,5,1,True,42,
ABC-SMC,260633.39382940103,12.198114135520642,718045.0,33.605804443359375,3.084275960707475,23.973997442214404,172.76840565345893,27.630901400403783,0.4881597393598514,9.979464095854564,0.790907790628079,4.370310389682384,5,1,True,42,
ABC-SMC,240131.2292358804,11.169440960171212,722795.0,33.62001729011536,3.0460693888505745,23.975896994855944,171.8369671363176,27.63090140042456,0.4701780014206719,9.986652010988552,0.7775733804183821,4.372223893218755,5,1,True,42,
ABC-SMC,222079.38931297703,10.269992915728618,727310.0,33.63422679901123,3.022599000474069,23.97726073255821,169.72574562868522,27.63090140044468,0.4522434453720946,9.981262533773643,0.7576664425271311,4.366339363937428,5,1,True,42,
ABC-SMC,206957.56718529,9.518557862817314,731595.0,33.648102045059204,2.983798322061128,23.96681123534109,168.5304520499328,27.630901400443683,0.4344046842185181,9.976517846361205,0.7409733804889814,4.3622024898322,5,1,True,42,
ABC-SMC,197229.22252010723,9.0245634876691,735665.0,33.66162180900574,2.96275375349633,23.969876792275123,167.64256151588808,27.630901400444102,0.4164044348912951,9.988072347454931,0.7227484628016978,4.364462457491392,5,1,True,42,
ABC-SMC,192585.9375,8.769508513311544,739530.0,33.67491269111633,2.9356480170131087,23.977926662336497,166.11459243562405,27.6309014004648,0.4026030887412483,9.988126396772424,0.7093077724465033,4.36273035324882,5,1,True,42,
ABC-SMC,187915.29709228827,8.517809432616879,743205.0,33.68793630599976,2.9015737559920427,23.972553081848748,164.73444578715402,27.63090140046411,0.3870533873677913,9.983131642926937,0.6927567719183562,4.358416867772136,5,1,True,42,
ABC-SMC,184369.1358024691,8.321180814578208,746695.0,33.70078229904175,2.877377466058895,23.976035883382544,162.92771071637105,27.630901400505472,0.3717300064451261,9.979179265810505,0.6756788796605349,4.3539507556855135,5,1,True,42,
ABC-SMC,183152.6251526252,8.233192290141908,750010.0,33.7149224281311,2.849982580723953,23.970028499096003,161.84716025948694,27.63090140050485,0.3604249087728136,9.97810397441517,0.6612416568369741,4.351695698806258,5,1,True,42,
ABC-SMC,181483.1325301205,8.127119627343605,753155.0,33.72754645347595,2.8282960260292858,23.983690461061173,161.28795069345324,27.63090140050592,0.3483554216189675,9.99017634397006,0.647828889230771,4.35514425248419,5,1,True,42,
ABC-SMC,180033.33333333334,8.03330631483169,756140.0,33.73988652229309,2.792769004516904,23.997891933574657,158.86529779539316,27.630901400507504,0.3346659763812473,9.981427759290986,0.6333692494326304,4.350278219882308,5,1,True,42,
ABC-SMC,179214.8760330579,7.969813701535062,758975.0,33.75216102600098,2.768429025611143,24.00289478078406,157.2592600697869,27.630901400508204,0.3224842866042506,9.977390044095712,0.618894429378186,4.347147667505208,5,1,True,42,
ABC-SMC,179850.05903187726,7.972658736083698,761665.0,33.76420974731445,2.7465683789328965,24.007613386453656,155.7942705409783,27.630901400508,0.3135804533934969,9.971970795562823,0.6061866150389716,4.342769315021521,5,1,True,42,
ABC-SMC,179605.17038777907,7.937998104879916,764220.0,33.77618193626404,2.7257953340532373,24.01149291315249,154.2494307865557,27.63090140050829,0.300984935210649,9.966430462607372,0.5917594291263654,4.338777943632554,5,1,True,42,
ABC-SMC,277696.750902527,12.199160252237146,769220.0,33.7916738986969,2.7030010776318303,23.983947965879047,153.81863552023077,27.630901400444458,0.2857645620809702,9.982306333330351,0.5742742379422534,4.339683438349155,5,1,True,42,
ABC-SMC,251699.1869918699,10.994070564828268,773975.0,33.806766986846924,2.686517832558763,23.991371284422275,152.7121103038694,27.63090140044542,0.2738718480646868,9.9886861711656,0.5619311672297773,4.3412154801724405,5,1,True,42,
ABC-SMC,237346.03658536583,10.459086880451297,778495.0,34.30580496788025,2.66816727795267,23.98450071804982,151.54832680474647,27.63090140044457,0.2626197573572693,9.988173542355444,0.5462182855836629,4.337751997517635,5,1,True,42,
ABC-SMC,222698.4352773827,9.764093898268548,782785.0,34.32079005241394,2.64584973711972,23.98803844966141,150.87220712218732,27.63090140044484,0.2496221725050025,10.000511646075086,0.5314147742296615,4.341679493757784,5,1,True,42,
ABC-SMC,215579.45205479453,9.406656696371837,786865.0,34.3342969417572,2.6162793325656004,23.989401445974345,150.3031504591109,27.63090140044504,0.2431568998946288,10.006093762602331,0.5226679107093762,4.342666458926662,5,1,True,42,
ABC-SMC,210023.9043824701,9.122848637392163,790740.0,34.347525119781494,2.5932872741613133,23.98935463027433,149.5385312596029,27.63090140044463,0.2330045204113687,10.011341491873706,0.5112240966152442,4.343819470231023,5,1,True,42,
ABC-SMC,205808.2901554404,8.901699528175314,794420.0,34.360560178756714,2.5770781030372154,23.995149524446475,148.3592710850432,27.630901400465834,0.2246225526560985,10.010176124555375,0.496920842263117,4.341767283127049,5,1,True,42,
ABC-SMC,202773.82465057177,8.735279146264743,797915.0,34.37332344055176,2.556206406233561,23.992861913763782,147.78803892434192,27.630901400465635,0.2154505980454656,10.016408262935554,0.4841478959135627,4.342947455812586,5,1,True,42,
ABC-SMC,200308.75,8.596493303775787,801235.0,34.38597321510315,2.53127584255488,23.99180383577768,147.1763019090743,27.63090140048598,0.2038818315778999,10.023381196704262,0.4714954266676702,4.344182316469994,5,1,True,42,
ABC-SMC,200344.9564134496,8.567491890039122,804385.0,34.39847993850708,2.503096135848349,23.993012372391835,146.00188112246502,27.63090140048632,0.1946540205357922,10.025026760684607,0.4588942262519948,4.343679965010067,5,1,True,42,
ABC-SMC,199106.04192355115,8.485992210566923,807375.0,34.41069841384888,2.4802304635294,24.010951820189064,145.60749353798423,27.630901400508325,0.1896275717351017,10.035860694287171,0.4509182856024338,4.347771754886607,5,1,True,42,
ABC-SMC,198096.57701711493,8.416314463160731,810215.0,34.42272615432739,2.4664251960733057,24.0252615243244,144.7014396254112,27.63090140055044,0.1803424556856943,10.04158097558566,0.4368180643795787,4.348304967724122,5,1,True,42,
ABC-SMC,197547.99513973267,8.368071084468651,812910.0,34.4346125125885,2.4467885547385926,24.033261753442748,144.09658390418542,27.63090140057157,0.1754863173126871,10.044698758338216,0.425367364544113,4.348066632299999,5,1,True,42,
ABC-SMC,197450.36319612592,8.34053278546645,815470.0,34.44640040397644,2.424186310857454,24.052335543450248,142.31165725209377,27.630901400593977,0.1669815335573586,10.041050109231684,0.4149323228863047,4.345638219975859,5,1,True,42,
ABC-SMC,310196.5973534972,13.029413818186306,820470.0,34.46279954910278,2.406795559350868,24.05021650427584,140.98958109834354,27.630901400492352,0.1453813590216157,10.05080177730012,0.3961559023755678,4.348211983614164,5,1,True,42,
ABC-SMC,275994.98327759205,11.530912759710716,825225.0,34.477429151535034,2.377866189302049,24.051402983185127,140.33307470208703,27.630901400492768,0.1378442803852944,10.060418903062006,0.3796811816033752,4.352678815944725,5,1,True,42,
ABC-SMC,254131.69984686063,10.563969721655386,829740.0,34.491361141204834,2.3566280314241217,24.04552705805967,139.5148346913212,27.630901400492007,0.1330418858851917,10.054863214884737,0.3681976631125006,4.349237555852601,5,1,True,42,
ABC-SMC,240699.8556998557,9.958173358251178,834025.0,34.50507068634033,2.3395014086514,24.05023574913165,137.90180598890268,27.630901400492323,0.1261841470397849,10.04754219350166,0.3548030396408285,4.343991667466927,5,1,True,42,
ABC-SMC,232481.27600554784,9.575180670094062,838095.0,34.51852631568909,2.3186657316543444,24.05462949350153,137.2012473017841,27.630901400492444,0.1176324842799211,10.049760286698932,0.3409956978877312,4.344376420292522,5,1,True,42,
ABC-SMC,224223.7017310253,9.196211399632034,841960.0,34.531773805618286,2.300092703774001,24.054491734177294,136.61730881264066,27.63090140049249,0.1121351374592574,10.0572595335312,0.3296643869019423,4.346566692068451,5,1,True,42,
ABC-SMC,221369.109947644,9.043137128440495,845630.0,34.5447838306427,2.2810162077957523,24.05014487595681,136.00375411492843,27.630901400491723,0.1071905808049692,10.057877121089984,0.3176299917071038,4.346350006649678,5,1,True,42,
ABC-SMC,218563.7065637065,8.895140234261097,849120.0,34.55761981010437,2.2613857574121385,24.071709769556385,135.4047071843504,27.63090140049418,0.1030813714784844,10.075509116142138,0.3048051169618944,4.353289483484256,5,1,True,42,
ABC-SMC,214989.91172761665,8.71882793431324,852435.0,34.570152759552,2.244261291979353,24.0766860043384,134.23305320427522,27.630901400514528,0.0965835538854421,10.070099210594847,0.2872574001144052,4.349648984418774,5,1,True,42,
ABC-SMC,211777.22772277228,8.56003454416105,855580.0,34.582539558410645,2.225417432999734,24.08249047117719,133.06667438795617,27.630901400535222,0.0889506984816572,10.074176553473375,0.2754421228884691,4.350871768492032,5,1,True,42,
ABC-SMC,210949.63144963147,8.499937678437856,858565.0,34.594746351242065,2.2059588967239323,24.096198139414668,132.5760612456805,27.63090140057729,0.08710774746581,10.076590300934106,0.2669419091640369,4.350972048565163,5,1,True,42,
ABC-SMC,210097.56097560973,8.440676375133235,861400.0,34.606773138046265,2.185729497359815,24.09014364580603,131.53044087195175,27.630901400576747,0.0846296390520747,10.071287926450331,0.2566791213925011,4.347818662268533,5,1,True,42,
ABC-SMC,209476.3636363636,8.3923853671912,864090.0,34.618589639663696,2.1600652035287657,24.083131242268216,130.963251790796,27.63090140057597,0.0792937635501822,10.071329766551912,0.2407557515638649,4.3470722810008535,5,1,True,42,
ABC-SMC,209082.0265379976,8.35473413778013,866645.0,34.63037300109863,2.1351925893289603,24.100115430140374,130.70128539870774,27.63090140059808,0.077477782898611,10.08989973069265,0.2334906980912373,4.354972330005209,5,1,True,42,
ABC-SMC,317539.1621129326,12.62136487144373,871645.0,34.64564657211304,2.108748797078745,24.037412840573165,130.25044829249657,27.63090140051225,0.0593249100605773,10.083649741427728,0.2156071745674262,4.350848571934156,5,1,True,42,
ABC-SMC,281346.7094703049,11.126886631091564,876395.0,34.66025185585022,2.096522868882825,24.037910500640464,129.2899122581356,27.6309014005119,0.0541523972380419,10.079772527405812,0.2026490996238072,4.349519644095717,5,1,True,42,
ABC-SMC,265332.8313253012,10.44403199689934,880905.0,34.67418622970581,2.077267260306165,24.0375176902632,128.70985283316384,27.630901400511707,0.0523763208770756,10.080724324318536,0.1905868686857337,4.348999033909707,5,1,True,42,
ABC-SMC,252910.0,9.910819666726248,885185.0,34.68786883354187,2.060558174958914,24.037896786779864,127.73087112883024,27.63090140051138,0.0507497145075236,10.074462789842554,0.188407179807841,4.345668538658414,5,1,True,42,
ABC-SMC,245311.72413793104,9.572777386369376,889255.0,34.70131802558899,2.041305413567725,24.03648180929929,126.80262135272208,27.63090140051096,0.0498147171550537,10.06604839456496,0.1805372733318651,4.341123347565275,5,1,True,42,
ABC-SMC,236901.8567639257,9.208113761416165,893120.0,34.71458888053894,2.0269158259843807,24.041947683636472,126.07391132367646,27.630901400511103,0.0478578717790514,10.066140827576804,0.1715528909939334,4.3412531803803365,5,1,True,42,
ABC-SMC,233843.54628422423,9.05543629473471,896790.0,34.72759819030762,1.9995675852965744,24.04112476728148,125.34621804222374,27.630901400510485,0.0427035967826885,10.069862812064493,0.1575327508183425,4.341808308701356,5,1,True,42,
ABC-SMC,229661.9897959184,8.862344403656161,900275.0,34.74039006233215,1.989525526454585,24.02930456805416,124.5751428638579,27.63090140050957,0.0395501589700758,10.062932350215062,0.144750608147969,4.33828861140104,5,1,True,42,
ABC-SMC,226746.5495608532,8.720963871763221,903585.0,34.75304102897644,1.97535952952033,24.02831324948305,124.2460920748416,27.63090140050936,0.0381371438824349,10.063117466441314,0.1369738618138331,4.337698607354413,5,1,True,42,
ABC-SMC,224993.79652605456,8.626709504991252,906725.0,34.765639305114746,1.9558377606870831,24.038241827217256,123.53409485758591,27.63090140053082,0.0369286264439384,10.063115989507857,0.1279531464819833,4.337691160770649,5,1,True,42,
ABC-SMC,223241.7177914111,8.534462408054097,909710.0,34.777934312820435,1.9337486616468,24.05169254696249,122.68539805652205,27.63090140055232,0.0358663065270771,10.061576654051905,0.1217774608861873,4.336889604049392,5,1,True,42,
ABC-SMC,223389.2288861689,8.5165214071659,912545.0,34.789989948272705,1.922591412610548,24.04296262249084,121.91847305557826,27.63090140055173,0.0336062383592636,10.050959916610887,0.1161254877938005,4.331786079055662,5,1,True,42,
ABC-SMC,222684.9148418492,8.467640319879909,915235.0,34.80200171470642,1.9085620906925145,24.04322713219092,121.42973361609526,27.630901400551576,0.0340300356687576,10.051735601953007,0.1113850675763019,4.332217546227891,5,1,True,42,
ABC-SMC,221956.469165659,8.419291658874291,917790.0,34.81377100944519,1.891704933693075,24.045668725981795,120.96605165019572,27.630901400572707,0.0368903297866208,10.053079100709423,0.1078057017163942,4.332562041442434,5,1,True,42,
ABC-SMC,348880.90737240075,13.167996577819938,922790.0,34.82935094833374,1.8765177371049089,24.033176549883933,119.49599050399829,27.630901400531737,0.0245573171039238,10.053069620795776,0.0896002374706454,4.332692509471947,5,1,True,42,
ABC-SMC,319290.8777969019,11.994476203458854,927540.0,34.843953371047974,1.860637255008214,24.03976818774949,118.61866522631672,27.63090140055309,0.025355002663769,10.049746259258011,0.0916850135621497,4.330928402712739,5,1,True,42,
ABC-SMC,294954.11392405065,11.03100814396822,932055.0,34.857985734939575,1.8511559436440683,24.05845560152624,117.80344180924246,27.630901400575134,0.0263825654868298,10.054380437963356,0.09566791030651,4.333357727942268,5,1,True,42,
ABC-SMC,272191.8604651163,10.137142483578172,936340.0,34.87177014350891,1.835183438659906,24.067565406701902,117.51293822820156,27.63090140057631,0.0250487625889747,10.065498781096526,0.0916502925453097,4.338128478664184,5,1,True,42,
ABC-SMC,261225.00000000003,9.690339167912803,940410.0,34.885221004486084,1.813318115660406,24.07767625189465,116.96265914192068,27.630901400576672,0.0258542917229077,10.065125292640069,0.0945126305201344,4.337694030091368,5,1,True,42,
ABC-SMC,253156.836461126,9.356160905342,944275.0,34.89848017692566,1.8008410566368818,24.07887383884856,116.4416455181283,27.630901400576743,0.0262630926732323,10.065939357442137,0.0949350835715273,4.338237635785669,5,1,True,42,
ABC-SMC,248478.374836173,9.151138390657318,947945.0,34.911592960357666,1.7871015181206342,24.08407087513893,115.76387942156344,27.630901400576864,0.0256914731245312,10.0633411109646,0.0913398202630165,4.337256893198943,5,1,True,42,
ABC-SMC,244583.5475578406,8.978009285228111,951430.0,34.92445611953735,1.7715513742157023,24.08451412083224,115.14886898733118,27.63090140057703,0.0273142272898192,10.060728868126008,0.095253024075758,4.336056749822581,5,1,True,42,
ABC-SMC,242012.67427122936,8.856048753204153,954740.0,34.93711233139038,1.7580270942906095,24.09312051242607,114.74810232426388,27.63090140057769,0.0273704808658954,10.062181453081363,0.0950396379519295,4.336234909720084,5,1,True,42,
ABC-SMC,240070.1754385965,8.759275474643946,957880.0,34.949509143829346,1.7434562826814508,24.09828476013693,114.23824072029952,27.63090140057806,0.0290712966602044,10.06747486310156,0.1038711526252218,4.338871766801266,5,1,True,42,
ABC-SMC,237542.64524103832,8.643234262360336,960860.0,34.96188259124756,1.7259366621856889,24.11626787733277,113.66957791691252,27.63090140060016,0.0308520307149931,10.084606838567142,0.114482686859343,4.346338264480285,5,1,True,42,
ABC-SMC,237071.34071340715,8.603667098511044,963695.0,34.97390675544739,1.7115102692074304,24.11195848961704,113.32013323889858,27.63090140059947,0.0328845004721088,10.087695482419337,0.1203247348022058,4.348170079352056,5,1,True,42,
ABC-SMC,235992.673992674,8.543542191222475,966390.0,34.98580527305603,1.6981263478647433,24.11762517721473,112.93724937070206,27.63090140059924,0.0356105922029892,10.090219145509996,0.1263688434164796,4.350153781445567,5,1,True,42,
ABC-SMC,235754.25790754263,8.51521590620352,968950.0,34.99753737449646,1.679308328790302,24.11810623043105,112.63653184402976,27.630901400619923,0.0367501229734472,10.094415128850628,0.131802536566625,4.351702028498233,5,1,True,42,
ABC-SMC,347219.2513368984,12.482465312230184,973950.0,35.013315200805664,1.6603210743341352,24.09859048412427,112.127930638102,27.630901400619955,0.0327399875882676,10.101114285576251,0.1332318584544685,4.354191783662736,5,1,True,42,
ABC-SMC,320360.0654664485,11.465739813646984,978700.0,35.02783513069153,1.6430569084245936,24.1107121875011,111.83942622947784,27.63090140064187,0.0359453952712526,10.105818024541357,0.1380401081652669,4.356297498975122,5,1,True,42,
ABC-SMC,300677.370030581,10.716139067203626,983215.0,35.04177474975586,1.627396724760423,24.104849711519627,111.5223276793473,27.63090140064136,0.0383603466637187,10.102977833138311,0.1442487493424118,4.355048121362063,5,1,True,42,
ABC-SMC,283768.6781609196,10.073398721629175,987515.0,35.05542755126953,1.6166091990784637,24.10517165460308,111.24386005785578,27.630901400642216,0.0393188776438444,10.106948398778547,0.1461673229326402,4.357349814508504,5,1,True,42,
ABC-SMC,271671.23287671234,9.699625511691996,991600.0,35.40363311767578,1.6055790677195785,24.1065273028698,110.7821351458594,27.63090140064241,0.0390597238167011,10.11250234357357,0.1555408435886922,4.360109959569358,5,1,True,42,
ABC-SMC,265461.3333333334,9.53955535888672,995480.0,35.773332595825195,1.5911438969073533,24.120197422491703,110.43877108766516,27.63090140064284,0.0409308639070564,10.116950560800996,0.162532960612121,4.36222451138296,5,1,True,42,
ABC-SMC,259860.85825747723,9.31043674483876,999165.0,35.79862928390503,1.5779569034604417,24.130687921404625,110.05559264308692,27.630901400664523,0.0444955384955075,10.122437547678205,0.1709333753249078,4.364575036426599,5,1,True,42,
ABC-SMC,256436.0613810742,9.16134244035882,1002665.0,35.82084894180298,1.5643249679914708,24.139383610631533,109.67602237554986,27.63090140068542,0.0490607515646416,10.1224098931361,0.1792208731859395,4.364320859802959,5,1,True,42,
ABC-SMC,253397.98488664988,9.027844111925408,1005990.0,35.84054112434387,1.5480427052248025,24.14463769347225,109.03655392641448,27.630901400685577,0.0507088780917036,10.117164151924026,0.1854977354417545,4.36232468382334,5,1,True,42,
ABC-SMC,250719.25465838503,8.908662025972923,1009145.0,35.857364654541016,1.5385478570517637,24.148132751051364,108.68637562805002,27.63090140068593,0.0548626269537853,10.117903175215554,0.1932235735413577,4.363026869483025,5,1,True,42,
ABC-SMC,248377.9141104296,8.8030188507829,1012140.0,35.87230181694031,1.5254921309584557,24.14318998572761,108.27324886875908,27.63090140068567,0.0572861459067896,10.112141803948528,0.1996231034926381,4.360730203086909,5,1,True,42,
ABC-SMC,247255.78562728385,8.741944890364952,1014985.0,35.88568377494812,1.5119564094744002,24.14887574747769,107.9655163255189,27.630901400686103,0.0586076296187265,10.117905767824665,0.205658766316488,4.36390837200488,5,1,True,42,
ABC-SMC,247311.05710814093,8.723633431287467,1017685.0,35.897751569747925,1.5028135205036943,24.142118910776944,107.76171151615212,27.63090140068544,0.0607530494014241,10.118526771009414,0.209517854247528,4.364662031218651,5,1,True,42,
ABC-SMC,246139.92762364293,8.663336819417514,1020250.0,35.9095311164856,1.4843465320672415,24.145759720425804,107.54660647595676,27.63090140068565,0.0648520436792666,10.122383057663509,0.2165942105728251,4.36633134732663,5,1,True,42,
ABC-SMC,395086.70520231215,13.844168484785191,1025250.0,35.92561721801758,1.4686868818338965,24.10013154905391,107.81947720502114,27.63090140059917,0.0622622494971585,10.145791330496872,0.2231498657192198,4.376330598781824,5,1,True,42,
ABC-SMC,360770.5779334502,12.58850055901683,1030000.0,35.94016909599304,1.4535955065209376,24.124830050829367,107.50569212827432,27.630901400621745,0.0675679113103048,10.156887589752332,0.2324419742036777,4.381560231706552,5,1,True,42,
ABC-SMC,332105.9390048154,11.542266674256055,1034510.0,35.95416069030762,1.4417697392541289,24.12203428862269,107.14979844576725,27.630901400621568,0.0718697466297532,10.157403154447367,0.2400814018295799,4.381722646128038,5,1,True,42,
ABC-SMC,307791.11111111107,10.6571391776756,1038795.0,35.96784472465515,1.4336307347918962,24.1233024156964,106.90409267871782,27.63090140064248,0.0752573952708744,10.162287778927896,0.246680050512912,4.383765928943819,5,1,True,42,
ABC-SMC,290896.7921896792,10.036611823024776,1042865.0,35.98125338554382,1.4230072456123295,24.11613095724956,106.6602268801272,27.63090140064196,0.0798835169063829,10.16700265883722,0.2558978478020685,4.386089550813602,5,1,True,42,
ABC-SMC,281757.7388963661,9.688934310769328,1046730.0,35.99439096450806,1.409385708415457,24.12498100795743,106.3481179620992,27.630901400642248,0.0848371760737245,10.172323549418184,0.2630082206631365,4.388880339603783,5,1,True,42,
ABC-SMC,274615.6862745098,9.413688323077034,1050405.0,36.00735783576965,1.3981122191467092,24.128186073757742,106.176051891833,27.63090140064214,0.0871243617723226,10.177517338864034,0.268945189078941,4.391086436020972,5,1,True,42,
ABC-SMC,269538.3631713555,9.21231041783872,1053895.0,36.02013373374939,1.3843096557433114,24.1447957552462,105.72548069003116,27.630901400643136,0.0911550387628599,10.17601820572668,0.2752133399636561,4.390729978856656,5,1,True,42,
ABC-SMC,267987.3257287705,9.13379570075012,1057210.0,36.03282403945923,1.3714242706038662,24.14006486371311,105.52827663805994,27.630901400642564,0.094661460053948,10.177533599379316,0.280490626233678,4.391596221250125,5,1,True,42,
ABC-SMC,266422.1105527638,9.05657251875604,1060360.0,36.04515862464905,1.3602008443877802,24.147554829469428,105.22853597306631,27.630901400642905,0.0998366091866353,10.175298667005976,0.2870743500472995,4.390376352273441,5,1,True,42,
ABC-SMC,264186.33540372667,8.958357698428705,1063350.0,36.05738973617554,1.3509568122481046,24.14306989065779,104.91374239106972,27.630901400642266,0.1034517699535637,10.17005835790117,0.2929179670284001,4.3884262940590215,5,1,True,42,
ABC-SMC,262608.3743842364,8.884112940633237,1066190.0,36.06949853897095,1.3402460557005254,24.14029813442763,104.57982284793032,27.630901400642312,0.1076855862230216,10.170182479600124,0.3020502078597253,4.388802854781661,5,1,True,42,
ABC-SMC,261021.97802197805,8.81109377403399,1068885.0,36.08142900466919,1.3314029687416546,24.13305077426317,104.41674758243948,27.63090140064212,0.1109369572528985,10.17192020982981,0.3065434053528072,4.389681379622057,5,1,True,42,
ABC-SMC,259116.0822249093,8.72870783131241,1071445.0,36.09320688247681,1.3206723426148712,24.130337420196703,104.21643205071273,27.630901400641683,0.1145679153560846,10.17174618067274,0.3143110911831125,4.390043517632227,5,1,True,42,
ABC-SMC,421309.1976516634,14.132462462333784,1076445.0,36.10844159126282,1.3128296888026658,24.13825587722953,104.06609951104548,27.630901400642536,0.1137610602319661,10.179714166211328,0.3146902794483356,4.394511530803143,5,1,True,42,
ABC-SMC,378040.2097902098,12.630508246121709,1081195.0,36.12325358390808,1.3019130036054272,24.135936699694504,103.86536479461016,27.6309014006425,0.1183301465384618,10.179729641542316,0.321905765863046,4.394362322650254,5,1,True,42,
ABC-SMC,358318.48184818483,11.926454364663304,1085705.0,36.13715672492981,1.2912328002623237,24.130706272879326,103.76857963038252,27.63090140064192,0.11966968873483,10.183480155303426,0.3236801653398242,4.396399316004208,5,1,True,42,
ABC-SMC,341158.0594679186,11.314824078937464,1090000.0,36.1508629322052,1.2855760549616937,24.15255735754932,103.28410904810178,27.630901400684994,0.1232662765724592,10.183695795944338,0.329618334264903,4.396856759427304,5,1,True,42,
ABC-SMC,326591.0447761194,10.79532502302483,1094080.0,36.16433882713318,1.2759632367784643,24.168344178913543,102.9947932583432,27.630901400685943,0.1277596431104163,10.18801202209758,0.3348544056281843,4.399366165976521,5,1,True,42,
ABC-SMC,320570.802919708,10.56277623141769,1097955.0,36.17750859260559,1.2665915750597825,24.172391204565933,102.77019526644526,27.63090140068657,0.1335517314780536,10.195488588031544,0.3444170659074625,4.403261383059841,5,1,True,42,
ABC-SMC,311196.32768361585,10.223310882762329,1101635.0,36.19052052497864,1.2552223566377405,24.17841104760869,102.5994493864533,27.630901400686792,0.1368364543667105,10.194598769590018,0.347269937421688,4.402851826673951,5,1,True,42,
ABC-SMC,304024.75928473176,9.959650170852262,1105130.0,36.20332837104797,1.2468447417873183,24.20054851636234,102.24828947236276,27.63090140070949,0.1437663100393452,10.203322933966216,0.3558386915903106,4.407352517899962,5,1,True,42,
ABC-SMC,299182.18623481784,9.77489501036774,1108470.0,36.21598601341248,1.2388467184718306,24.20805327542677,102.0455839124582,27.630901400709984,0.1470370417658288,10.20165987194557,0.3596791710885489,4.406663612427663,5,1,True,42,
ABC-SMC,294474.1721854305,9.596923739704865,1111640.0,36.22838711738586,1.2273117990633302,24.239788396904363,101.75131646918636,27.63090140073321,0.1505817848629754,10.216430531277185,0.3660051940578028,4.414438927305978,5,1,True,42,
ABC-SMC,291031.3315926893,9.46230521090037,1114650.0,36.24062895774841,1.2189355955397447,24.249622298693524,101.70578449372135,27.63090140073408,0.1531259144520017,10.225775626062587,0.3694465932962107,4.418743014112357,5,1,True,42,
ABC-SMC,289510.36269430054,9.462552243563795,1117510.0,36.52545166015625,1.209265908544654,24.25181966746077,101.66840219201184,27.63090140073386,0.1548672848573276,10.224645612341613,0.3698267759346834,4.4182705411065495,5,1,True,42,
ABC-SMC,287976.8637532134,9.478958958525276,1120230.0,36.87315034866333,1.2025852544238649,24.25986906675501,101.40985082189918,27.630901400734377,0.1604587815667127,10.227786603938409,0.377286898110215,4.419889163950086,5,1,True,42,
ABC-SMC,284977.15736040607,9.449466170393269,1122810.0,37.23089671134949,1.198071922349062,24.24613847282414,101.2889576009305,27.630901400733563,0.1673108057998649,10.229789448659236,0.3826389389096402,4.420951588805432,5,1,True,42,
ABC-SMC,440550.78125,14.555439725518228,1127810.0,37.26192569732666,1.190227215773625,24.24453211564208,100.83724193364338,27.630901400714084,0.1680902403699232,10.237456750268883,0.390898311186668,4.424420094105709,5,1,True,42,
ABC-SMC,398089.6309314588,13.10543997216518,1132565.0,37.28497672080994,1.1823162482526228,24.262356769669992,100.73114568044788,27.63090140071516,0.1699098019131438,10.24331347482419,0.3938358110897363,4.427384054875717,5,1,True,42,
ABC-SMC,375277.2277227723,12.311912605864771,1137090.0,37.30509519577026,1.1759506639726385,24.25966766346302,100.616420039297,27.63090140071472,0.1724584516779037,10.245062706629904,0.3962348220254233,4.428393357938022,5,1,True,42,
ABC-SMC,361199.3670886076,11.810898705373836,1141390.0,37.32243990898132,1.169004245678662,24.254917130498363,100.411674307882,27.630901400714205,0.1755711334251852,10.244586553794154,0.4003247709384084,4.428392989783817,5,1,True,42,
ABC-SMC,346588.50226928893,11.297401177179797,1145475.0,37.33791089057922,1.1581331023052817,24.26132265510104,100.31325994300856,27.63090140071425,0.1776466724218103,10.246725940155702,0.4019904938895879,4.429707724668504,5,1,True,42,
ABC-SMC,334601.1644832605,10.873807257439893,1149355.0,37.35152792930603,1.1495362756346377,24.26004887517565,100.20069989227407,27.630901400714063,0.1813261538373032,10.25133429573,0.4052051754477054,4.4316314455970325,5,1,True,42,
ABC-SMC,323887.64044943824,10.495645008730088,1153040.0,37.3644962310791,1.1408183414150097,24.268280140049125,100.24393961392312,27.63090140073575,0.1822472684577298,10.258680776450271,0.4063530071787847,4.434886401703889,5,1,True,42,
ABC-SMC,317730.7692307693,10.268490524082395,1156540.0,37.37730550765991,1.1331966903932935,24.26791574058747,100.13368665082108,27.6309014007355,0.1877322260814871,10.259845596301393,0.4112493428493264,4.435625504960438,5,1,True,42,
ABC-SMC,312632.0754716981,10.078142338364591,1159865.0,37.38990807533264,1.1250816399221932,24.28751222822974,99.81386137706596,27.63090140075757,0.1918840987628207,10.257770834529907,0.4159466270366971,4.4350193237253865,5,1,True,42,
ABC-SMC,310140.0,9.973959859212238,1163025.0,37.4023494720459,1.1157919701569168,24.30224648177614,99.61049542408088,27.63090140075844,0.1972734894827927,10.26136727045463,0.4195655727114419,4.437186794253848,5,1,True,42,
ABC-SMC,306044.61942257214,9.820142881138118,1166030.0,37.41474437713623,1.1086248791534408,24.300956991634905,99.484137740774,27.630901400758088,0.2032257968782928,10.267134579335886,0.4250406572887955,4.440115497945343,5,1,True,42,
ABC-SMC,304794.00260756194,9.75929295068614,1168885.0,37.42688846588135,1.0979516351179095,24.299285783397327,99.24059989279384,27.630901400757747,0.2099283342858139,10.264428299454952,0.4311119173419285,4.439416839274934,5,1,True,42,
ABC-SMC,302739.0180878553,9.74793378696885,1171600.0,37.72450375556946,1.093376915106193,24.29552947717208,99.20701619144992,27.630901400757445,0.2153971352437742,10.271874620400332,0.4359884218387788,4.443163485158458,5,1,True,42,
ABC-SMC,301070.51282051275,9.764261490259416,1174175.0,38.08061981201172,1.0847243403833793,24.295398381874023,98.92995946804136,27.63090140075722,0.2258605375908821,10.273173691922835,0.4448711703761622,4.444471905847039,5,1,True,42,
ABC-SMC,498594.0803382665,16.11179367936439,1179175.0,38.10439205169678,1.073771242207068,24.27601039201422,98.88348914549512,27.630901400737194,0.2314158998725335,10.27121841992076,0.4467014291103828,4.443969936791892,5,1,True,42,
ABC-SMC,461573.0994152047,14.8625969654403,1183935.0,38.12256121635437,1.0688941261127534,24.286455913360093,98.744118581411,27.63090140075876,0.2380657908701097,10.280404847253113,0.4551060366591837,4.449010429510791,5,1,True,42,
ABC-SMC,433744.5255474453,13.919328251024233,1188460.0,38.1389594078064,1.0629481824292162,24.28501941703504,98.69686291891756,27.63090140075829,0.2399423552722638,10.280072309760028,0.4575053921284498,4.448945311462945,5,1,True,42,
ABC-SMC,407781.19658119656,13.043785991831722,1192760.0,38.15307402610779,1.0578959519166788,24.27870024580721,98.4361397721693,27.6309014007576,0.2489158872721685,10.281441084349574,0.4674974210937945,4.450431614887592,5,1,True,42,
ABC-SMC,392409.8360655737,12.513629334871885,1196850.0,38.16656947135925,1.04718124319088,24.283591222223,98.34144036644352,27.63090140075752,0.2504564674600162,10.279281607175347,0.4691373125190746,4.449543540024757,5,1,True,42,
ABC-SMC,381187.3015873016,12.120588620503744,1200740.0,38.17985415458679,1.0370188608847888,24.280481666560423,98.20853634369097,27.6309014007778,0.2515027976564599,10.281958224431426,0.4725148372605868,4.450830993890377,5,1,True,42,
ABC-SMC,374048.1366459628,11.861123949844645,1204435.0,38.19281911849976,1.0302039114478352,24.284759308328688,97.9753706698806,27.630901400778555,0.2576019368459605,10.278760048769614,0.4787518787823812,4.449729208236218,5,1,True,42,
ABC-SMC,360580.5970149254,11.404671313157722,1207945.0,38.20564889907837,1.0227024553865844,24.3002013908566,97.69263457671757,27.63090140078016,0.264893132255546,10.279141091531548,0.4853761447348012,4.450327577517078,5,1,True,42,
ABC-SMC,356257.3529411764,11.240673415801105,1211275.0,38.21828961372376,1.0183371330971565,24.291664834145585,97.51597285843918,27.6309014007796,0.2705570891495756,10.27759301400864,0.4910815327028223,4.449767327796635,5,1,True,42,
ABC-SMC,353033.4302325582,11.113584665364998,1214435.0,38.23073124885559,1.010530605510262,24.2859537176958,97.45294461066078,27.63090140077906,0.2751284446285146,10.27612359571188,0.4950172372136637,4.449350386345018,5,1,True,42,
ABC-SMC,349837.64367816097,10.98938008834576,1217435.0,38.24304270744324,1.005798365489231,24.31121731747276,97.35428531446418,27.63090140078103,0.2783739554453553,10.292568949794616,0.4969576565131975,4.457623984408128,5,1,True,42,
ABC-SMC,345200.8486562942,10.82183063620388,1220285.0,38.25517129898071,1.0001612209236757,24.324826470284144,97.25964331802209,27.63090140078121,0.2814090443913037,10.297624237024426,0.5002592166844961,4.460293167447773,5,1,True,42,
ABC-SMC,342095.10489510495,10.704083942866829,1222990.0,38.2671000957489,0.9945283773647652,24.3473536949224,96.99952868451676,27.63090140080354,0.2878830611615836,10.291912174537217,0.5038879747207246,4.458197527276555,5,1,True,42,
ABC-SMC,340908.20584144647,10.64781492708124,1225565.0,38.278894662857056,0.986586314396798,24.351652442490625,96.90814935081455,27.630901400824907,0.2917907274267985,10.291836752975168,0.5066634230475158,4.458189015871556,5,1,True,42,
ABC-SMC,554308.5585585585,17.24965389784392,1230565.0,38.2942316532135,0.9811547415131144,24.3428385773189,96.79000219258228,27.63090140082486,0.2954870157555751,10.301549126264131,0.5098819091653501,4.46220178548446,5,1,True,42,
ABC-SMC,507318.2751540041,15.732717220298564,1235320.0,38.309166431427,0.9760617951838626,24.35141757749492,96.8430181565324,27.63090140082528,0.293955132529892,10.305488251450932,0.5088045968657516,4.463981056985928,5,1,True,42,
ABC-SMC,475034.4827586206,14.683168875303302,1239840.0,38.323070764541626,0.9717860865453072,24.347236644642543,96.79281334847738,27.6309014008248,0.2993639311495081,10.308385441787944,0.5128502323365685,4.465492131360655,5,1,True,42,
ABC-SMC,454893.96709323575,14.017149473674989,1244135.0,38.3369038105011,0.9650051223102888,24.342918984129486,96.78639221352904,27.630901400824243,0.3009842443367746,10.306301005739568,0.5144753746284294,4.4645144579495,5,1,True,42,
ABC-SMC,436438.8111888112,13.409228508289043,1248215.0,38.350393533706665,0.9614951382611944,24.35379004704364,96.52559037116777,27.63090140084517,0.3112099757703117,10.309185602738568,0.5199864408342546,4.466540376256888,5,1,True,42,
ABC-SMC,423003.3783783784,12.96073601052568,1252090.0,38.363778591156006,0.9575547171068584,24.371721519866767,96.49641986941552,27.63090140084668,0.3127451686607161,10.313816149324504,0.5197533830869724,4.468665473365524,5,1,True,42,
ABC-SMC,413771.0049423393,12.644910262483348,1255795.0,38.37730264663696,0.9529295370601308,24.36532055169531,96.40646169272878,27.630901400867035,0.3149443772052717,10.312283385318878,0.5213197582734456,4.468514060119155,5,1,True,42,
ABC-SMC,402337.0607028754,12.26523288141805,1259315.0,38.3901789188385,0.9458425677741388,24.37047700789025,96.28622706408798,27.63090140086763,0.315436041998526,10.308046606645169,0.5211818042002289,4.466824656107298,5,1,True,42,
ABC-SMC,397688.188976378,12.095393984336551,1262660.0,38.40287590026856,0.9400294995608416,24.381799923240543,96.21114914368582,27.63090140086885,0.3124560801549648,10.300245075461802,0.5192017904045371,4.463549924975912,5,1,True,42,
ABC-SMC,397436.420722135,12.162403334253812,1265835.0,38.73725461959839,0.9350194356021588,24.380683456817927,96.20244945407336,27.63090140086856,0.3156736456511037,10.307228320900233,0.5211506143948965,4.466545896468288,5,1,True,42,
ABC-SMC,392832.8173374613,12.104225601574216,1268850.0,39.09664869308472,0.9276539891400258,24.38524385911153,96.20013758920577,27.6309014008688,0.3193153351736774,10.313426323620336,0.5244469727092251,4.469672818027518,5,1,True,42,
ABC-SMC,391296.9230769231,12.138247049771822,1271715.0,39.44930291175842,0.9230164602515264,24.379705883950685,95.89117703503672,27.63090140086825,0.3339609037010183,10.310777305763434,0.5334965771986238,4.469051705825724,5,1,True,42,
ABC-SMC,390332.3124042879,12.088621338147664,1274435.0,39.46934866905213,0.919246964282377,24.37309356906688,95.81769323909666,27.6309014008679,0.3392190354095026,10.31452603490154,0.5374095768045867,4.4710511810751,5,1,True,42,
ABC-SMC,385223.22775263945,11.912095169136425,1277015.0,39.488595485687256,0.9125477471799246,24.38203643389491,95.70874199965378,27.630901400868275,0.3404976388817628,10.312829766283944,0.5387394908962766,4.470501232583165,5,1,True,42,
ABC-SMC,631534.4827586206,19.46363801439407,1282015.0,39.51118516921997,0.9065489720537768,24.376563107919893,95.3814789149121,27.630901400868648,0.3473417729626907,10.30535408233457,0.5447947878715613,4.467822178120006,5,1,True,42,
ABC-SMC,598506.9767441861,18.54482839273852,1286790.0,39.87138104438782,0.9020535795704802,24.366580051607784,95.40849236030688,27.630901400868044,0.3516397727185115,10.307479513630865,0.5467323071116743,4.46901569765702,5,1,True,42,
ABC-SMC,562677.559912854,17.5383201092157,1291345.0,40.25044465065002,0.8995339885217889,24.38859190071404,95.30027879607952,27.63090140086908,0.3533809846127949,10.31386945428064,0.5483676315443675,4.472044152759617,5,1,True,42,
ABC-SMC,544401.2605042016,17.062573573168585,1295675.0,40.60892510414124,0.8952663839547901,24.404578858048204,95.14666717348967,27.6309014008706,0.3613601341967342,10.320354988209417,0.5539743230554233,4.47534067513203,5,1,True,42,
ABC-SMC,525165.6565656567,16.561422059030246,1299785.0,40.98951959609985,0.8917594958225792,24.404071214137183,95.066014243457,27.630901400870304,0.3706914478000911,10.326893728074602,0.5611339135143009,4.478717366026124,5,1,True,42,
ABC-SMC,504336.5570599613,16.009469465775922,1303710.0,41.38447856903076,0.8857958191292986,24.40999606058387,95.11055633439707,27.63090140087016,0.3698817739452366,10.33500515991554,0.5620476251332163,4.4822011237604205,5,1,True,42,
ABC-SMC,496180.2656546488,15.851636267703666,1307435.0,41.76906156539917,0.8817280782422667,24.39917553079978,95.04926758159044,27.630901400869565,0.3755603229568674,10.33360794799646,0.5639668626191573,4.481819488894314,5,1,True,42,
ABC-SMC,491003.74531835207,15.789241647898928,1310980.0,42.15727519989014,0.8760634156729608,24.40845064228139,94.94982710573773,27.63090140089115,0.3770349145329762,10.335457338661342,0.5655105500802107,4.482703143084227,5,1,True,42,
ABC-SMC,476213.768115942,15.413911273514012,1314350.0,42.54239511489868,0.8694206016285075,24.402410981313466,94.85424257470196,27.63090140089094,0.3829649314159629,10.33459467371978,0.5681035817638559,4.48280184395914,5,1,True,42,
ABC-SMC,466392.9203539824,15.067887770391144,1317560.0,42.56678295135498,0.8640237489711823,24.429435775361327,94.64345579704847,27.63090140091312,0.3847625657898769,10.326690006638955,0.5691897766392808,4.479567975624373,5,1,True,42,
ABC-SMC,460944.1535776615,14.865370695503596,1320605.0,42.5892870426178,0.860372087102727,24.43677596491519,94.5207675165488,27.630901400934743,0.3912012284139203,10.324877624458622,0.5723176941594618,4.479060740109496,5,1,True,42,
ABC-SMC,455593.80378657486,14.791576546358774,1323500.0,42.96952986717224,0.856324617809208,24.44258337024231,94.3825873827505,27.63090140093476,0.3929385578250768,10.322241566296562,0.5760325280991536,4.47847617874898,5,1,True,42,
ABC-SMC,449577.96610169497,14.696256669901189,1326255.0,43.353957176208496,0.8520711851811735,24.4396922316686,94.29053284133003,27.63090140093499,0.3969720470862665,10.314756841317177,0.577588900188751,4.475540773594715,5,1,True,42,
ABC-SMC,444441.47157190647,14.625898651454762,1328880.0,43.73143696784973,0.8495208938039558,24.45068168962118,94.1604535887445,27.630901400956272,0.4067332660012432,10.32184537800772,0.5837365913374315,4.4792223060815815,5,1,True,42,
ABC-SMC,703894.4591029023,23.09127055246157,1333880.0,43.75795769691467,0.8467344435823271,24.42561994827068,94.10205009901313,27.63090140087295,0.4050886839293547,10.314262893913911,0.5836585808926845,4.476502916750726,5,1,True,42,
ABC-SMC,674375.3148614609,22.05610875819132,1338635.0,43.781375885009766,0.8444998296988757,24.417504601745787,93.90890863905244,27.6309014008728,0.4160750768965923,10.311814819301585,0.5914929329283174,4.476037784238901,5,1,True,42,
ABC-SMC,648867.1497584542,21.1599656349219,1343155.0,43.80112886428833,0.8412628644236142,24.41782847627268,93.93220478676102,27.630901400872748,0.4167293941987761,10.307882341493537,0.5908680719348521,4.474262042599962,5,1,True,42,
ABC-SMC,632605.6338028169,20.57199478149414,1347450.0,43.81834888458252,0.838128195208008,24.417356115877368,93.850631115516,27.630901400872645,0.4209719212574295,10.310921986558766,0.5958006875887293,4.4760409484982215,5,1,True,42,
ABC-SMC,606069.5067264574,19.656235006358056,1351535.0,43.83340406417847,0.8340984901940982,24.41542843465572,93.82622456363966,27.630901400873235,0.4282790760786522,10.310038807395406,0.5991317472453191,4.475583108203828,5,1,True,42,
ABC-SMC,593179.4310722101,19.188981609219272,1355415.0,43.84682297706604,0.8310852384918268,24.41056470118432,93.77920792249132,27.63090140087265,0.4326823624113106,10.311000647586036,0.600695775795451,4.476309939702527,5,1,True,42,
ABC-SMC,573462.0253164556,18.506267805139725,1359105.0,43.85985469818115,0.8262890188875046,24.409377069288496,93.80428790797696,27.630901400872165,0.4348798339169075,10.309298385825333,0.6005251382759281,4.475305322635815,5,1,True,42,
ABC-SMC,565398.3402489626,18.319494298879537,1362610.0,44.14998126029968,0.8205345624810905,24.407920662893964,93.83882653743854,27.63090140087201,0.4368262517452349,10.315161257739398,0.601241327568708,4.477780513863326,5,1,True,42,
ABC-SMC,555260.162601626,17.95707088175828,1365940.0,44.174394369125366,0.8155847904930479,24.41086963170258,93.81185557079482,27.630901400872,0.4391763634151894,10.314218538480825,0.6047745052571027,4.477751086188518,5,1,True,42,
ABC-SMC,550945.6740442656,17.78545312478509,1369100.0,44.19685101509094,0.8116852979948641,24.43772231826162,93.75415679971948,27.630901400915203,0.4396182872044297,10.311351304203612,0.6050096388515602,4.476656909861182,5,1,True,42,
ABC-SMC,543405.9405940594,17.511019659514474,1372100.0,44.21532464027405,0.806506070048301,24.4492955750684,93.7152113045818,27.630901400936324,0.4410454420353408,10.313989333599958,0.6051187323784712,4.478102660075028,5,1,True,42,
ABC-SMC,535001.9455252917,17.21080796727874,1374955.0,44.23177647590637,0.8025675316318521,24.44987282688582,93.62656955401296,27.630901400936168,0.4529684688848364,10.318273872751218,0.610304306247374,4.480856118022052,5,1,True,42,
ABC-SMC,529875.0,17.01781282058129,1377675.0,44.24631333351135,0.7984013021039065,24.452751234033578,93.64103477432604,27.630901400935908,0.4530531767237476,10.316458297760612,0.610148951776433,4.479893955137936,5,1,True,42,
ABC-SMC,523815.9392789373,16.79676786998191,1380255.0,44.25948333740234,0.7962534362332689,24.45225970163332,93.56153861241528,27.63090140095676,0.4660410600519502,10.314975267462206,0.6148126689070476,4.479548208676277,5,1,True,42,
ABC-SMC,852464.6153846154,27.247002821702225,1385255.0,44.27637958526611,0.7940819758404104,24.43919583948912,93.41037316058204,27.63090140087311,0.4654514221249356,10.30518590476856,0.6137748153615876,4.4752275042836365,5,1,True,42,
ABC-SMC,796567.335243553,25.381764709778707,1390010.0,44.29117941856384,0.792896509577589,24.43598580987296,93.13989820522696,27.630901400872578,0.4769959250537745,10.313507402356253,0.6266483236337399,4.478953495663331,5,1,True,42,
ABC-SMC,768338.8429752066,24.41068536322308,1394535.0,44.30539393424988,0.7896307463512509,24.438050363471824,93.10347791024992,27.630901400872155,0.4788962586085263,10.309895310065034,0.6269577720763375,4.477818272255884,5,1,True,42,
ABC-SMC,730459.5300261097,23.143214656540994,1398830.0,44.319256067276,0.787336405732675,24.435540884112942,92.92822954066142,27.630901400871707,0.4900497944155544,10.3065027792328,0.6327238060687728,4.47683267276086,5,1,True,42,
ABC-SMC,710336.7088607595,22.447106928765017,1402915.0,44.33303618431091,0.783595658090123,24.426461490150885,92.8339522587748,27.63090140087111,0.4970050535083781,10.298821884079675,0.6345927805840317,4.474019162495428,5,1,True,42,
ABC-SMC,696433.1683168317,21.95365145654961,1406795.0,44.34637594223023,0.7805135302619683,24.441099381851807,92.71054183934892,27.63090140089252,0.4975175232551542,10.291018754397,0.6351898254334639,4.470187521281833,5,1,True,42,
ABC-SMC,678115.3846153846,21.326742951686565,1410480.0,44.35962533950806,0.7759491891370203,24.44071829641545,92.72674071400648,27.630901400892693,0.5005032326378148,10.291338659048623,0.6362330538723644,4.470352180404978,5,1,True,42,
ABC-SMC,674933.1742243438,21.180231645169865,1413985.0,44.37258529663086,0.7728133660363905,24.441464040900406,92.72717004624954,27.63090140089243,0.5042399094114353,10.294488498625164,0.6378761820988824,4.471987518743807,5,1,True,42,
ABC-SMC,663847.7751756441,20.789459438457985,1417315.0,44.38549590110779,0.76911647125194,24.428886896873493,92.7669365621718,27.63090140089201,0.5070982689095918,10.294767286701497,0.6394917645775018,4.472027614912283,5,1,True,42,
ABC-SMC,648621.00456621,20.27315462016624,1420480.0,44.39820861816406,0.7668341467983661,24.4317238999338,92.57270475747194,27.630901400892228,0.5250821542332813,10.291846252219456,0.6459613773068303,4.471026380874595,5,1,True,42,
ABC-SMC,644113.1221719458,20.09536389312054,1423490.0,44.41075420379639,0.7626274995516816,24.450577848297968,92.48988869791472,27.63090140089269,0.5304869066833242,10.289233088299529,0.6475857714411373,4.469973919769032,5,1,True,42,
ABC-SMC,636770.0892857143,19.96524003999573,1426365.0,44.72213768959045,0.7593998026809429,24.46344337612174,92.4885617814048,27.630901400893265,0.5304440684324458,10.287380060587244,0.6474529758754388,4.468752075413607,5,1,True,42,
ABC-SMC,628182.4175824175,19.801659950843224,1429115.0,45.048776388168335,0.7569241485273256,24.48569625566677,92.45411092386408,27.630901400915693,0.5306149594040273,10.294625201045474,0.6474181344292262,4.472088325513111,5,1,True,42,
ABC-SMC,626577.6805251641,19.87687638864997,1431730.0,45.41866254806519,0.7536024536614822,24.47494349691744,92.44470185922428,27.63090140091521,0.5384216608225624,10.296737536442416,0.651446063633659,4.472973589549339,5,1,True,42,
ABC-SMC,1092570.3422053233,34.561491737800864,1436730.0,45.44836163520813,0.7499252957232005,24.48226491007588,92.42377853683028,27.630901400915644,0.5329298195194869,10.292653103800571,0.6535122044341563,4.471296595688979,5,1,True,42,
ABC-SMC,1033347.670250896,32.8352647870245,1441520.0,45.80519437789917,0.7458476989230811,24.50810670880832,92.4521829015472,27.63090140093751,0.5330786554004332,10.299106236597282,0.6525797354850755,4.474008722074001,5,1,True,42,
ABC-SMC,993865.9793814436,31.49947218878573,1446075.0,45.83173203468323,0.7422123237787308,24.51430076063597,92.3704797444083,27.63090140093756,0.5382576913124643,10.295019189973331,0.653931844815214,4.472560092150587,5,1,True,42,
ABC-SMC,966933.3333333333,30.803850173950195,1450400.0,46.20577526092529,0.7389081906544077,24.523368969290715,92.4226002023464,27.630901400938075,0.5423832290541738,10.29861142911589,0.6543934720967417,4.474030972294113,5,1,True,42,
ABC-SMC,941427.1844660194,30.1589601634004,1454505.0,46.59559345245361,0.7334565976164075,24.528922194536083,92.43383469092304,27.6309014009384,0.5463195305675546,10.30279976859944,0.6567350010570941,4.476296996521378,5,1,True,42,
ABC-SMC,923066.4556962026,29.731502714036385,1458445.0,46.97577428817749,0.7295724366505785,24.52151626093805,92.492932450656,27.630901400937905,0.5470344244841809,10.300445328121228,0.6568462115486321,4.475074594582673,5,1,True,42,
ABC-SMC,908189.4409937888,29.41911842512048,1462185.0,47.36478066444397,0.7246285102511,24.524182779000512,92.53236747055628,27.63090140093876,0.5440802773056111,10.296729435923828,0.6553586745078483,4.472988726292227,5,1,True,42,
ABC-SMC,893740.8536585364,29.11029167291594,1465735.0,47.74087834358215,0.7209773753673906,24.53124874018078,92.5524172941598,27.6309014009392,0.5429495124117504,10.29530677735606,0.6543748608936245,4.472120470889875,5,1,True,42,
ABC-SMC,885003.0120481927,28.77062200063682,1469105.0,47.75923252105713,0.7157234834337945,24.545072427287163,92.61851891292906,27.63090140096072,0.5433395682938962,10.291883924884909,0.653748642851877,4.470435210259368,5,1,True,42,
ABC-SMC,876404.7619047618,28.640092412630715,1472360.0,48.1153552532196,0.7118204904715866,24.542894257921137,92.6101929913309,27.63090140096045,0.5501028911762373,10.289139857661048,0.6554949997673359,4.46933624710047,5,1,True,42,
ABC-SMC,867914.7058823528,28.517201928531417,1475455.0,48.47924327850342,0.7109001358310059,24.58046801112304,92.21694968422584,27.630901400983383,0.5593860035880499,10.283090610490168,0.660669119301261,4.467707248318865,5,1,True,42,
ABC-SMC,864593.5672514619,28.361495614748947,1478455.0,48.4981575012207,0.7100171622817387,24.584522105482105,92.21895841244006,27.630901400983262,0.5632693646001045,10.277645818697614,0.6620991424677726,4.465169093994513,5,1,True,42,
ABC-SMC,858744.927536232,28.32099472267041,1481335.0,48.853715896606445,0.7081967119709677,24.56613262375937,92.2763278173994,27.6309014009826,0.5641196624068078,10.28394166455477,0.6646801649174028,4.467982872987174,5,1,True,42,
ABC-SMC,857843.9306358382,28.45030340845185,1484070.0,49.2190248966217,0.7053408208012021,24.587655213915827,92.25241791254774,27.6309014009832,0.5592489872002016,10.28112141323868,0.6632655562102332,4.466437759068533,5,1,True,42,
ABC-SMC,854413.7931034483,28.49358676493853,1486680.0,49.57884097099304,0.7027550839647612,24.595753732141723,92.31918315915712,27.63090140098409,0.5605079090083596,10.282957318248952,0.6622421317925798,4.467021387528231,5,1,True,42,
ABC-SMC,838985.9154929577,28.13775196881361,1489200.0,49.944509744644165,0.7026376750025196,24.59497544858372,92.20095287868357,27.630901400983763,0.5621713019327049,10.276719297553084,0.6646759973035337,4.464647689983674,5,1,True,42,
ABC-SMC,1556458.3333333333,52.05138102173805,1494200.0,49.96932578086853,0.6961802241440712,24.49845127228135,91.96478996133568,27.63090140087764,0.5338210910064753,10.267608804592763,0.6566597422270921,4.461527508354571,5,1,True,42,
ABC-SMC,1506487.4371859294,50.23982057619334,1498955.0,49.98862147331238,0.6934902474514526,24.49098001393005,91.94543570487376,27.63090140087723,0.5399421251548466,10.26707222798931,0.6592787773723903,4.461281075467017,5,1,True,42,
ABC-SMC,1496004.975124378,49.75631486124067,1503485.0,50.00509643554688,0.6902470478241485,24.49309270390857,91.92417691331096,27.63090140087732,0.5406227817469919,10.259723771123408,0.6598502056363298,4.458145267223093,5,1,True,42,
ABC-SMC,1443076.5550239235,47.86593149723619,1508015.0,50.019898414611816,0.6902470478241485,24.49309270390857,91.92417691331096,27.63090140087732,0.5406227817469919,10.259723771123408,0.6598502056363298,4.458145267223093,5,1,True,42,
ABC-SMC,1420230.0469483568,46.98031071765882,1512545.0,50.03403091430664,0.6902470478241485,24.49309270390857,91.92417691331096,27.63090140087732,0.5406227817469919,10.259723771123408,0.6598502056363298,4.458145267223093,5,1,True,42,
ABC-SMC,1391811.9266055047,45.91565066521321,1517075.0,50.0480592250824,0.6902470478241485,24.49309270390857,91.92417691331096,27.63090140087732,0.5406227817469919,10.259723771123408,0.6598502056363298,4.458145267223093,5,1,True,42,
ABC-SMC,1377018.0995475114,45.30526847321524,1521605.0,50.06232166290283,0.6902470478241485,24.49309270390857,91.92417691331096,27.63090140087732,0.5406227817469919,10.259723771123408,0.6598502056363298,4.458145267223093,5,1,True,42,
ABC-SMC,1338714.9122807016,43.92663135863186,1526135.0,50.07635974884033,0.6902470478241485,24.49309270390857,91.92417691331096,27.63090140087732,0.5406227817469919,10.259723771123408,0.6598502056363298,4.458145267223093,5,1,True,42,
ABC-SMC,1308260.6837606835,42.81226101084651,1530665.0,50.09034538269043,0.6902470478241485,24.49309270390857,91.92417691331096,27.63090140087732,0.5406227817469919,10.259723771123408,0.6598502056363298,4.458145267223093,5,1,True,42,
ABC-SMC,1284682.0083682009,41.92829371496225,1535195.0,50.10431098937988,0.6902470478241485,24.49309270390857,91.92417691331096,27.63090140087732,0.5406227817469919,10.259723771123408,0.6598502056363298,4.458145267223093,5,1,True,42,
ABC-SMC,1262069.6721311477,41.08063158441762,1539725.0,50.1183705329895,0.6902470478241485,24.49309270390857,91.92417691331096,27.63090140087732,0.5406227817469919,10.259723771123408,0.6598502056363298,4.458145267223093,5,1,True,42,
ABC-SMC,1250408.9068825913,40.59302024995751,1544255.0,50.13238000869751,0.6902470478241485,24.49309270390857,91.92417691331096,27.63090140087732,0.5406227817469919,10.259723771123408,0.6598502056363298,4.458145267223093,5,1,True,42,
ABC-SMC,1224335.9683794463,39.64150997960991,1548785.0,50.14651012420654,0.6902470478241485,24.49309270390857,91.92417691331096,27.63090140087732,0.5406227817469919,10.259723771123408,0.6598502056363298,4.458145267223093,5,1,True,42,
ABC-SMC,1199471.0424710424,38.734047937577294,1553315.0,50.1605920791626,0.6902470478241485,24.49309270390857,91.92417691331096,27.63090140087732,0.5406227817469919,10.259723771123408,0.6598502056363298,4.458145267223093,5,1,True,42,
ABC-SMC,1189194.6564885494,38.301241124859295,1557845.0,50.17462587356568,0.6902470478241485,24.49309270390857,91.92417691331096,27.63090140087732,0.5406227817469919,10.259723771123408,0.6598502056363298,4.458145267223093,5,1,True,42,
ABC-SMC,1179150.9433962265,37.87820168261258,1562375.0,50.18861722946167,0.6902470478241485,24.49309270390857,91.92417691331096,27.63090140087732,0.5406227817469919,10.259723771123408,0.6598502056363298,4.458145267223093,5,1,True,42,
ABC-SMC,1164985.130111524,37.32538063730005,1566905.0,50.20263695716858,0.6902470478241485,24.49309270390857,91.92417691331096,27.63090140087732,0.5406227817469919,10.259723771123408,0.6598502056363298,4.458145267223093,5,1,True,42,
ABC-SMC,1155466.9117647058,36.92401384606081,1571435.0,50.2166588306427,0.6902470478241485,24.49309270390857,91.92417691331096,27.63090140087732,0.5406227817469919,10.259723771123408,0.6598502056363298,4.458145267223093,5,1,True,42,
ABC-SMC,1137880.8664259925,36.26768012339457,1575965.0,50.23073697090149,0.6902470478241485,24.49309270390857,91.92417691331096,27.63090140087732,0.5406227817469919,10.259723771123408,0.6598502056363298,4.458145267223093,5,1,True,42,
ABC-SMC,1124907.4733096084,35.76143814575629,1580495.0,50.2448205947876,0.6902470478241485,24.49309270390857,91.92417691331096,27.63090140087732,0.5406227817469919,10.259723771123408,0.6598502056363298,4.458145267223093,5,1,True,42,
ABC-SMC,1120159.010600707,35.51864893613351,1585025.0,50.258888244628906,0.6902470478241485,24.49309270390857,91.92417691331096,27.63090140087732,0.5406227817469919,10.259723771123408,0.6598502056363298,4.458145267223093,5,1,True,42,
ABC-SMC,1119404.929577465,35.40347109378224,1589555.0,50.272928953170776,0.6902470478241485,24.49309270390857,91.92417691331096,27.63090140087732,0.5406227817469919,10.259723771123408,0.6598502056363298,4.458145267223093,5,1,True,42,
ABC-SMC,1099368.9655172413,34.68063880657327,1594085.0,50.28692626953125,0.6902470478241485,24.49309270390857,91.92417691331096,27.63090140087732,0.5406227817469919,10.259723771123408,0.6598502056363298,4.458145267223093,5,1,True,42,
ABC-SMC,1091204.7781569967,34.33508596322643,1598615.0,50.30090093612671,0.6902470478241485,24.49309270390857,91.92417691331096,27.63090140087732,0.5406227817469919,10.259723771123408,0.6598502056363298,4.458145267223093,5,1,True,42,
ABC-SMC,1083206.081081081,33.996610544823305,1603145.0,50.3149836063385,0.6902470478241485,24.49309270390857,91.92417691331096,27.63090140087732,0.5406227817469919,10.259723771123408,0.6598502056363298,4.458145267223093,5,1,True,42,
ABC-SMC,1078976.510067114,33.777850746308395,1607675.0,50.32899761199951,0.6902470478241485,24.49309270390857,91.92417691331096,27.63090140087732,0.5406227817469919,10.259723771123408,0.6598502056363298,4.458145267223093,5,1,True,42,
ABC-SMC,1078397.993311037,33.67434042353295,1612205.0,50.34313893318176,0.6902470478241485,24.49309270390857,91.92417691331096,27.63090140087732,0.5406227817469919,10.259723771123408,0.6598502056363298,4.458145267223093,5,1,True,42,
ABC-SMC,1070685.4304635762,33.34927795738574,1616735.0,50.35740971565247,0.6902470478241485,24.49309270390857,91.92417691331096,27.63090140087732,0.5406227817469919,10.259723771123408,0.6598502056363298,4.458145267223093,5,1,True,42,
ABC-SMC,1070141.914191419,33.24850777981698,1621265.0,50.37148928642273,0.6902470478241485,24.49309270390857,91.92417691331096,27.63090140087732,0.5406227817469919,10.259723771123408,0.6598502056363298,4.458145267223093,5,1,True,42,
ABC-SMC,1048900.0,32.50682030954668,1625795.0,50.38557147979736,0.6902470478241485,24.49309270390857,91.92417691331096,27.63090140087732,0.5406227817469919,10.259723771123408,0.6598502056363298,4.458145267223093,5,1,True,42,
ABC-SMC,1038423.5668789808,32.10167687410002,1630325.0,50.39963269233704,0.6902470478241485,24.49309270390857,91.92417691331096,27.63090140087732,0.5406227817469919,10.259723771123408,0.6598502056363298,4.458145267223093,5,1,True,42,
ABC-SMC,1028210.6918238994,31.70677356000216,1634855.0,50.41376996040344,0.6902470478241485,24.49309270390857,91.92417691331096,27.63090140087732,0.5406227817469919,10.259723771123408,0.6598502056363298,4.458145267223093,5,1,True,42,
ABC-SMC,1008852.3076923076,31.032547437227688,1639385.0,50.427889585495,0.6902470478241485,24.49309270390857,91.92417691331096,27.63090140087732,0.5406227817469919,10.259723771123408,0.6598502056363298,4.458145267223093,5,1,True,42,
ABC-SMC,1005452.5993883793,30.85137594730482,1643915.0,50.44199967384338,0.6902470478241485,24.49309270390857,91.92417691331096,27.63090140087732,0.5406227817469919,10.259723771123408,0.6598502056363298,4.458145267223093,5,1,True,42,
ABC-SMC,1005149.3902439025,30.765933379894346,1648445.0,50.45613074302673,0.6902470478241485,24.49309270390857,91.92417691331096,27.63090140087732,0.5406227817469919,10.259723771123408,0.6598502056363298,4.458145267223093,5,1,True,42,
ABC-SMC,998776.4350453172,30.495610193903712,1652975.0,50.470234870910645,0.6902470478241485,24.49309270390857,91.92417691331096,27.63090140087732,0.5406227817469919,10.259723771123408,0.6598502056363298,4.458145267223093,5,1,True,42,
ABC-SMC,986610.1190476188,30.05014430908929,1657505.0,50.48424243927002,0.6902470478241485,24.49309270390857,91.92417691331096,27.63090140087732,0.5406227817469919,10.259723771123408,0.6598502056363298,4.458145267223093,5,1,True,42,
ABC-SMC,980551.6224188792,29.7924773179676,1662035.0,50.49824905395508,0.6902470478241485,24.49309270390857,91.92417691331096,27.63090140087732,0.5406227817469919,10.259723771123408,0.6598502056363298,4.458145267223093,5,1,True,42,
ABC-SMC,966124.6376811597,29.282552055690605,1666565.0,50.51240229606629,0.6902470478241485,24.49309270390857,91.92417691331096,27.63090140087732,0.5406227817469919,10.259723771123408,0.6598502056363298,4.458145267223093,5,1,True,42,
ABC-SMC,952190.8831908832,28.790036090079195,1671095.0,50.52651333808899,0.6902470478241485,24.49309270390857,91.92417691331096,27.63090140087732,0.5406227817469919,10.259723771123408,0.6598502056363298,4.458145267223093,5,1,True,42,
ABC-SMC,949362.6062322946,28.634887511601868,1675625.0,50.540576457977295,0.6902470478241485,24.49309270390857,91.92417691331096,27.63090140087732,0.5406227817469919,10.259723771123408,0.6598502056363298,4.458145267223093,5,1,True,42,
ABC-SMC,941263.3053221288,28.32190209076184,1680155.0,50.55459523200989,0.6902470478241485,24.49309270390857,91.92417691331096,27.63090140087732,0.5406227817469919,10.259723771123408,0.6598502056363298,4.458145267223093,5,1,True,42,
ABC-SMC,935936.1111111112,28.09368862046136,1684685.0,50.56863951683045,0.6902470478241485,24.49309270390857,91.92417691331096,27.63090140087732,0.5406227817469919,10.259723771123408,0.6598502056363298,4.458145267223093,5,1,True,42,
ABC-SMC,915563.6856368564,27.41617070950144,1689215.0,50.58283495903015,0.6902470478241485,24.49309270390857,91.92417691331096,27.63090140087732,0.5406227817469919,10.259723771123408,0.6598502056363298,4.458145267223093,5,1,True,42,
ABC-SMC,910615.5913978496,27.20265170579316,1693745.0,50.59693217277527,0.6902470478241485,24.49309270390857,91.92417691331096,27.63090140087732,0.5406227817469919,10.259723771123408,0.6598502056363298,4.458145267223093,5,1,True,42,
ABC-SMC,900941.6445623342,26.849305534868723,1698275.0,50.61094093322754,0.6902470478241485,24.49309270390857,91.92417691331096,27.63090140087732,0.5406227817469919,10.259723771123408,0.6598502056363298,4.458145267223093,5,1,True,42,
ABC-SMC,898577.8364116095,26.715060840495973,1702805.0,50.62504029273987,0.6902470478241485,24.49309270390857,91.92417691331096,27.63090140087732,0.5406227817469919,10.259723771123408,0.6598502056363298,4.458145267223093,5,1,True,42,
ABC-SMC,896238.845144357,26.582169720507043,1707335.0,50.63903331756592,0.6902470478241485,24.49309270390857,91.92417691331096,27.63090140087732,0.5406227817469919,10.259723771123408,0.6598502056363298,4.458145267223093,5,1,True,42,
ABC-SMC,889280.5194805195,26.31328099733824,1711865.0,50.6530659198761,0.6902470478241485,24.49309270390857,91.92417691331096,27.63090140087732,0.5406227817469919,10.259723771123408,0.6598502056363298,4.458145267223093,5,1,True,42,
ABC-SMC,887025.8397932816,26.184579075460903,1716395.0,50.667160511016846,0.6902470478241485,24.49309270390857,91.92417691331096,27.63090140087732,0.5406227817469919,10.259723771123408,0.6598502056363298,4.458145267223093,5,1,True,42,
ABC-SMC,884794.3444730077,26.05727803737768,1720925.0,50.68140578269959,0.6902470478241485,24.49309270390857,91.92417691331096,27.63090140087732,0.5406227817469919,10.259723771123408,0.6598502056363298,4.458145267223093,5,1,True,42,
ABC-SMC,871441.9191919192,25.60391281590317,1725455.0,50.69574737548828,0.6902470478241485,24.49309270390857,91.92417691331096,27.63090140087732,0.5406227817469919,10.259723771123408,0.6598502056363298,4.458145267223093,5,1,True,42,
ABC-SMC,869339.1959798994,25.48254219131853,1729985.0,50.71025896072388,0.6902470478241485,24.49309270390857,91.92417691331096,27.63090140087732,0.5406227817469919,10.259723771123408,0.6598502056363298,4.458145267223093,5,1,True,42,
ABC-SMC,860801.4888337469,25.17350909136069,1734515.0,50.7246208190918,0.6902470478241485,24.49309270390857,91.92417691331096,27.63090140087732,0.5406227817469919,10.259723771123408,0.6598502056363298,4.458145267223093,5,1,True,42,
ABC-SMC,860913.3663366337,25.118412829861786,1739045.0,50.7391939163208,0.6902470478241485,24.49309270390857,91.92417691331096,27.63090140087732,0.5406227817469919,10.259723771123408,0.6598502056363298,4.458145267223093,5,1,True,42,
ABC-SMC,861024.6913580245,25.06355038395634,1743575.0,50.7536895275116,0.6902470478241485,24.49309270390857,91.92417691331096,27.63090140087732,0.5406227817469919,10.259723771123408,0.6598502056363298,4.458145267223093,5,1,True,42,
ABC-SMC,852734.1463414634,24.764918932100624,1748105.0,50.768083810806274,0.6902470478241485,24.49309270390857,91.92417691331096,27.63090140087732,0.5406227817469919,10.259723771123408,0.6598502056363298,4.458145267223093,5,1,True,42,
ABC-SMC,844643.3734939761,24.47344676557794,1752635.0,50.78240203857422,0.6902470478241485,24.49309270390857,91.92417691331096,27.63090140087732,0.5406227817469919,10.259723771123408,0.6598502056363298,4.458145267223093,5,1,True,42,
ABC-SMC,840748.8038277512,24.3046246076885,1757165.0,50.79666543006897,0.6902470478241485,24.49309270390857,91.92417691331096,27.63090140087732,0.5406227817469919,10.259723771123408,0.6598502056363298,4.458145267223093,5,1,True,42,
ABC-SMC,838902.3809523811,24.195620673043383,1761695.0,50.81080341339111,0.6902470478241485,24.49309270390857,91.92417691331096,27.63090140087732,0.5406227817469919,10.259723771123408,0.6598502056363298,4.458145267223093,5,1,True,42,
ABC-SMC,833125.0,23.97403424640872,1766225.0,50.82495260238648,0.6902470478241485,24.49309270390857,91.92417691331096,27.63090140087732,0.5406227817469919,10.259723771123408,0.6598502056363298,4.458145267223093,5,1,True,42,
ABC-SMC,823606.976744186,23.64602233088294,1770755.0,50.83894801139832,0.6902470478241485,24.49309270390857,91.92417691331096,27.63090140087732,0.5406227817469919,10.259723771123408,0.6598502056363298,4.458145267223093,5,1,True,42,
ABC-SMC,819993.0715935335,23.48867971407073,1775285.0,50.852991580963135,0.6902470478241485,24.49309270390857,91.92417691331096,27.63090140087732,0.5406227817469919,10.259723771123408,0.6598502056363298,4.458145267223093,5,1,True,42,
ABC-SMC,814560.6407322654,23.28007804992816,1779815.0,50.86697053909302,0.6902470478241485,24.49309270390857,91.92417691331096,27.63090140087732,0.5406227817469919,10.259723771123408,0.6598502056363298,4.458145267223093,5,1,True,42,
ABC-SMC,812913.4396355352,23.18038527677705,1784345.0,50.88094568252564,0.6902470478241485,24.49309270390857,91.92417691331096,27.63090140087732,0.5406227817469919,10.259723771123408,0.6598502056363298,4.458145267223093,5,1,True,42,
ABC-SMC,809445.701357466,23.02936482753149,1788875.0,50.894896268844604,0.6902470478241485,24.49309270390857,91.92417691331096,27.63090140087732,0.5406227817469919,10.259723771123408,0.6598502056363298,4.458145267223093,5,1,True,42,
ABC-SMC,807840.0900900902,22.93195251945977,1793405.0,50.90893459320069,0.6902470478241485,24.49309270390857,91.92417691331096,27.63090140087732,0.5406227817469919,10.259723771123408,0.6598502056363298,4.458145267223093,5,1,True,42,
ABC-SMC,806248.8789237668,22.835409480894626,1797935.0,50.92296314239502,0.6902470478241485,24.49309270390857,91.92417691331096,27.63090140087732,0.5406227817469919,10.259723771123408,0.6598502056363298,4.458145267223093,5,1,True,42,
ABC-SMC,799319.290465632,22.588506136130864,1802465.0,50.9370813369751,0.6902470478241485,24.49309270390857,91.92417691331096,27.63090140087732,0.5406227817469919,10.259723771123408,0.6598502056363298,4.458145267223093,5,1,True,42,
ABC-SMC,797790.2869757174,22.49493219994552,1806995.0,50.95102143287659,0.6902470478241485,24.49309270390857,91.92417691331096,27.63090140087732,0.5406227817469919,10.259723771123408,0.6598502056363298,4.458145267223093,5,1,True,42,
ABC-SMC,794528.5087719297,22.3530538249434,1811525.0,50.96496272087097,0.6902470478241485,24.49309270390857,91.92417691331096,27.63090140087732,0.5406227817469919,10.259723771123408,0.6598502056363298,4.458145267223093,5,1,True,42,
ABC-SMC,796515.3508771929,22.359178359048403,1816055.0,50.97892665863037,0.6902470478241485,24.49309270390857,91.92417691331096,27.63090140087732,0.5406227817469919,10.259723771123408,0.6598502056363298,4.458145267223093,5,1,True,42,
ABC-SMC,791558.6956521738,22.170878596927803,1820585.0,50.99302077293396,0.6902470478241485,24.49309270390857,91.92417691331096,27.63090140087732,0.5406227817469919,10.259723771123408,0.6598502056363298,4.458145267223093,5,1,True,42,
ABC-SMC,786687.4999999999,21.9857984575732,1825115.0,51.007052421569824,0.6902470478241485,24.49309270390857,91.92417691331096,27.63090140087732,0.5406227817469919,10.259723771123408,0.6598502056363298,4.458145267223093,5,1,True,42,
ABC-SMC,785255.364806867,21.89744327201352,1829645.0,51.021042823791504,0.6902470478241485,24.49309270390857,91.92417691331096,27.63090140087732,0.5406227817469919,10.259723771123408,0.6598502056363298,4.458145267223093,5,1,True,42,
ABC-SMC,782164.1791044777,21.763338158125563,1834175.0,51.03502798080444,0.6902470478241485,24.49309270390857,91.92417691331096,27.63090140087732,0.5406227817469919,10.259723771123408,0.6598502056363298,4.458145267223093,5,1,True,42,
ABC-SMC,779112.2881355932,21.630985453977424,1838705.0,51.04912567138672,0.6902470478241485,24.49309270390857,91.92417691331096,27.63090140087732,0.5406227817469919,10.259723771123408,0.6598502056363298,4.458145267223093,5,1,True,42,
ABC-SMC,776098.947368421,21.500274256656045,1843235.0,51.063151359558105,0.6902470478241485,24.49309270390857,91.92417691331096,27.63090140087732,0.5406227817469919,10.259723771123408,0.6598502056363298,4.458145267223093,5,1,True,42,
ABC-SMC,774744.2348008386,21.41604763406877,1847765.0,51.07727360725403,0.6902470478241485,24.49309270390857,91.92417691331096,27.63090140087732,0.5406227817469919,10.259723771123408,0.6598502056363298,4.458145267223093,5,1,True,42,
ABC-SMC,768587.1369294606,21.199736159866777,1852295.0,51.09136414527893,0.6902470478241485,24.49309270390857,91.92417691331096,27.63090140087732,0.5406227817469919,10.259723771123408,0.6598502056363298,4.458145267223093,5,1,True,42,
ABC-SMC,767283.0578512396,21.11793579148852,1856825.0,51.10540461540222,0.6902470478241485,24.49309270390857,91.92417691331096,27.63090140087732,0.5406227817469919,10.259723771123408,0.6598502056363298,4.458145267223093,5,1,True,42,
ABC-SMC,761290.3885480573,20.907743040525595,1861355.0,51.11943173408508,0.6902470478241485,24.49309270390857,91.92417691331096,27.63090140087732,0.5406227817469919,10.259723771123408,0.6598502056363298,4.458145267223093,5,1,True,42,
ABC-SMC,753892.9292929292,20.65997210415927,1865885.0,51.13343095779419,0.6902470478241485,24.49309270390857,91.92417691331096,27.63090140087732,0.5406227817469919,10.259723771123408,0.6598502056363298,4.458145267223093,5,1,True,42,
ABC-SMC,755723.2323232323,20.665618434096828,1870415.0,51.14740562438965,0.6902470478241485,24.49309270390857,91.92417691331096,27.63090140087732,0.5406227817469919,10.259723771123408,0.6598502056363298,4.458145267223093,5,1,True,42,
ABC-SMC,752989.9598393574,20.546802459471674,1874945.0,51.16153812408447,0.6902470478241485,24.49309270390857,91.92417691331096,27.63090140087732,0.5406227817469919,10.259723771123408,0.6598502056363298,4.458145267223093,5,1,True,42,
ABC-SMC,750289.4211576846,20.4293752620796,1879475.0,51.1755850315094,0.6902470478241485,24.49309270390857,91.92417691331096,27.63090140087732,0.5406227817469919,10.259723771123408,0.6598502056363298,4.458145267223093,5,1,True,42,
ABC-SMC,750599.6015936255,20.394274248069976,1884005.0,51.18962836265564,0.6902470478241485,24.49309270390857,91.92417691331096,27.63090140087732,0.5406227817469919,10.259723771123408,0.6598502056363298,4.458145267223093,5,1,True,42,
ABC-SMC,747934.6534653465,20.27869488933299,1888535.0,51.2037045955658,0.6902470478241485,24.49309270390857,91.92417691331096,27.63090140087732,0.5406227817469919,10.259723771123408,0.6598502056363298,4.458145267223093,5,1,True,42,
ABC-SMC,749728.7128712871,20.2842660469584,1893065.0,51.217771768569946,0.6902470478241485,24.49309270390857,91.92417691331096,27.63090140087732,0.5406227817469919,10.259723771123408,0.6598502056363298,4.458145267223093,5,1,True,42,
ABC-SMC,747084.6456692914,20.169981164256416,1897595.0,51.2317521572113,0.6902470478241485,24.49309270390857,91.92417691331096,27.63090140087732,0.5406227817469919,10.259723771123408,0.6598502056363298,4.458145267223093,5,1,True,42,
ABC-SMC,747396.8565815325,20.135879703963905,1902125.0,51.245813846588135,0.6902470478241485,24.49309270390857,91.92417691331096,27.63090140087732,0.5406227817469919,10.259723771123408,0.6598502056363298,4.458145267223093,5,1,True,42,
ABC-SMC,746244.6183953033,20.06256790310436,1906655.0,51.25986099243164,0.6902470478241485,24.49309270390857,91.92417691331096,27.63090140087732,0.5406227817469919,10.259723771123408,0.6598502056363298,4.458145267223093,5,1,True,42,
ABC-SMC,739336.5570599614,19.8351921841531,1911185.0,51.27397179603577,0.6902470478241485,24.49309270390857,91.92417691331096,27.63090140087732,0.5406227817469919,10.259723771123408,0.6598502056363298,4.458145267223093,5,1,True,42,
ABC-SMC,736813.4615384615,19.72619524368873,1915715.0,51.2881076335907,0.6902470478241485,24.49309270390857,91.92417691331096,27.63090140087732,0.5406227817469919,10.259723771123408,0.6598502056363298,4.458145267223093,5,1,True,42,
ABC-SMC,734319.3116634799,19.618434158383547,1920245.0,51.302205324172974,0.6902470478241485,24.49309270390857,91.92417691331096,27.63090140087732,0.5406227817469919,10.259723771123408,0.6598502056363298,4.458145267223093,5,1,True,42,
ABC-SMC,734646.9465648856,19.58639758233806,1924775.0,51.31636166572571,0.6902470478241485,24.49309270390857,91.92417691331096,27.63090140087732,0.5406227817469919,10.259723771123408,0.6598502056363298,4.458145267223093,5,1,True,42,
ABC-SMC,733576.0456273764,19.51723053428157,1929305.0,51.33031630516052,0.6902470478241485,24.49309270390857,91.92417691331096,27.63090140087732,0.5406227817469919,10.259723771123408,0.6598502056363298,4.458145267223093,5,1,True,42,
ABC-SMC,735298.4790874525,19.522514180085505,1933835.0,51.34421229362488,0.6902470478241485,24.49309270390857,91.92417691331096,27.63090140087732,0.5406227817469919,10.259723771123408,0.6598502056363298,4.458145267223093,5,1,True,42,
ABC-SMC,735622.3908918404,19.490869764584964,1938365.0,51.3584418296814,0.6902470478241485,24.49309270390857,91.92417691331096,27.63090140087732,0.5406227817469919,10.259723771123408,0.6598502056363298,4.458145267223093,5,1,True,42,
ABC-SMC,733167.9245283018,19.38593126692861,1942895.0,51.37271785736084,0.6902470478241485,24.49309270390857,91.92417691331096,27.63090140087732,0.5406227817469919,10.259723771123408,0.6598502056363298,4.458145267223093,5,1,True,42,
ABC-SMC,733493.4086629001,19.354698752279333,1947425.0,51.38672518730164,0.6902470478241485,24.49309270390857,91.92417691331096,27.63090140087732,0.5406227817469919,10.259723771123408,0.6598502056363298,4.458145267223093,5,1,True,42,
ABC-SMC,733817.6691729324,19.323566533569107,1951955.0,51.40068697929382,0.6902470478241485,24.49309270390857,91.92417691331096,27.63090140087732,0.5406227817469919,10.259723771123408,0.6598502056363298,4.458145267223093,5,1,True,42,
ABC-SMC,730031.7164179105,19.18457390657112,1956485.0,51.4146580696106,0.6902470478241485,24.49309270390857,91.92417691331096,27.63090140087732,0.5406227817469919,10.259723771123408,0.6598502056363298,4.458145267223093,5,1,True,42,
ABC-SMC,730359.4040968342,19.15400405613848,1961015.0,51.42850089073181,0.6902470478241485,24.49309270390857,91.92417691331096,27.63090140087732,0.5406227817469919,10.259723771123408,0.6598502056363298,4.458145267223093,5,1,True,42,
ABC-SMC,727979.6296296295,19.052744618168585,1965545.0,51.442410469055176,0.6902470478241485,24.49309270390857,91.92417691331096,27.63090140087732,0.5406227817469919,10.259723771123408,0.6598502056363298,4.458145267223093,5,1,True,42,
ABC-SMC,722963.3027522935,18.88317213145965,1970075.0,51.45664405822754,0.6902470478241485,24.49309270390857,91.92417691331096,27.63090140087732,0.5406227817469919,10.259723771123408,0.6598502056363298,4.458145267223093,5,1,True,42,
ABC-SMC,720658.7591240876,18.784911180064626,1974605.0,51.47065663337708,0.6902470478241485,24.49309270390857,91.92417691331096,27.63090140087732,0.5406227817469919,10.259723771123408,0.6598502056363298,4.458145267223093,5,1,True,42,
ABC-SMC,719685.4545454545,18.721668936989524,1979135.0,51.48458957672119,0.6902470478241485,24.49309270390857,91.92417691331096,27.63090140087732,0.5406227817469919,10.259723771123408,0.6598502056363298,4.458145267223093,5,1,True,42,
ABC-SMC,716124.548736462,18.591537802658355,1983665.0,51.49855971336365,0.6902470478241485,24.49309270390857,91.92417691331096,27.63090140087732,0.5406227817469919,10.259723771123408,0.6598502056363298,4.458145267223093,5,1,True,42,
ABC-SMC,716466.6666666666,18.563138772775456,1988195.0,51.512710094451904,0.6902470478241485,24.49309270390857,91.92417691331096,27.63090140087732,0.5406227817469919,10.259723771123408,0.6598502056363298,4.458145267223093,5,1,True,42,
ABC-SMC,715520.6463195691,18.501526663076515,1992725.0,51.52675175666809,0.6902470478241485,24.49309270390857,91.92417691331096,27.63090140087732,0.5406227817469919,10.259723771123408,0.6598502056363298,4.458145267223093,5,1,True,42,
ABC-SMC,717147.2172351885,18.50658130816968,1997255.0,51.54082894325256,0.6902470478241485,24.49309270390857,91.92417691331096,27.63090140087732,0.5406227817469919,10.259723771123408,0.6598502056363298,4.458145267223093,5,1,True,42,
ABC-SMC,716202.1466905187,18.44541536034326,2001785.0,51.554935932159424,0.6902470478241485,24.49309270390857,91.92417691331096,27.63090140087732,0.5406227817469919,10.259723771123408,0.6598502056363298,4.458145267223093,5,1,True,42,
ABC-SMC,711459.219858156,18.28686455462841,2006315.0,51.56895804405213,0.6902470478241485,24.49309270390857,91.92417691331096,27.63090140087732,0.5406227817469919,10.259723771123408,0.6598502056363298,4.458145267223093,5,1,True,42,
ABC-SMC,710545.9363957598,18.2271750992684,2010845.0,51.582905530929565,0.6902470478241485,24.49309270390857,91.92417691331096,27.63090140087732,0.5406227817469919,10.259723771123408,0.6598502056363298,4.458145267223093,5,1,True,42,
ABC-SMC,710890.6525573191,18.199967328833523,2015375.0,51.59690737724304,0.6902470478241485,24.49309270390857,91.92417691331096,27.63090140087732,0.5406227817469919,10.259723771123408,0.6598502056363298,4.458145267223093,5,1,True,42,
ABC-SMC,708738.5964912282,18.1090559875756,2019905.0,51.61080956459045,0.6902470478241485,24.49309270390857,91.92417691331096,27.63090140087732,0.5406227817469919,10.259723771123408,0.6598502056363298,4.458145267223093,5,1,True,42,
ABC-SMC,709084.0630472855,18.08232968826428,2024435.0,51.62505125999451,0.6902470478241485,24.49309270390857,91.92417691331096,27.63090140087732,0.5406227817469919,10.259723771123408,0.6598502056363298,4.458145267223093,5,1,True,42,
ABC-SMC,709428.3216783217,18.05564031734333,2028965.0,51.63913130760193,0.6902470478241485,24.49309270390857,91.92417691331096,27.63090140087732,0.5406227817469919,10.259723771123408,0.6598502056363298,4.458145267223093,5,1,True,42,
ABC-SMC,708534.843205575,17.997640018263763,2033495.0,51.65322685241699,0.6902470478241485,24.49309270390857,91.92417691331096,27.63090140087732,0.5406227817469919,10.259723771123408,0.6598502056363298,4.458145267223093,5,1,True,42,
ABC-SMC,708878.2608695652,17.97127027096956,2038025.0,51.66740202903748,0.6902470478241485,24.49309270390857,91.92417691331096,27.63090140087732,0.5406227817469919,10.259723771123408,0.6598502056363298,4.458145267223093,5,1,True,42,
ABC-SMC,709220.4861111111,17.944911039537853,2042555.0,51.68134379386902,0.6902470478241485,24.49309270390857,91.92417691331096,27.63090140087732,0.5406227817469919,10.259723771123408,0.6598502056363298,4.458145267223093,5,1,True,42,
ABC-SMC,709561.5251299826,17.91866441326703,2047085.0,51.69534683227539,0.6902470478241485,24.49309270390857,91.92417691331096,27.63090140087732,0.5406227817469919,10.259723771123408,0.6598502056363298,4.458145267223093,5,1,True,42,
ABC-SMC,708675.3022452506,17.86162577350729,2051615.0,51.70940661430359,0.6902470478241485,24.49309270390857,91.92417691331096,27.63090140087732,0.5406227817469919,10.259723771123408,0.6598502056363298,4.458145267223093,5,1,True,42,
ABC-SMC,704159.2465753424,17.71354854923405,2056145.0,51.72356176376343,0.6902470478241485,24.49309270390857,91.92417691331096,27.63090140087732,0.5406227817469919,10.259723771123408,0.6598502056363298,4.458145267223093,5,1,True,42,
ABC-SMC,704504.2735042735,17.688110954741127,2060675.0,51.7377245426178,0.6902470478241485,24.49309270390857,91.92417691331096,27.63090140087732,0.5406227817469919,10.259723771123408,0.6598502056363298,4.458145267223093,5,1,True,42,
ABC-SMC,704848.1228668944,17.662724211761166,2065205.0,51.751781940460205,0.6902470478241485,24.49309270390857,91.92417691331096,27.63090140087732,0.5406227817469919,10.259723771123408,0.6598502056363298,4.458145267223093,5,1,True,42,
ABC-SMC,705190.8006814312,17.637379693416356,2069735.0,51.765709400177,0.6902470478241485,24.49309270390857,91.92417691331096,27.63090140087732,0.5406227817469919,10.259723771123408,0.6598502056363298,4.458145267223093,5,1,True,42,
ABC-SMC,701950.9306260576,17.522718781343773,2074265.0,51.77963399887085,0.6902470478241485,24.49309270390857,91.92417691331096,27.63090140087732,0.5406227817469919,10.259723771123408,0.6598502056363298,4.458145267223093,5,1,True,42,
ABC-SMC,701111.2984822935,17.46829010382873,2078795.0,51.79348015785217,0.6902470478241485,24.49309270390857,91.92417691331096,27.63090140087732,0.5406227817469919,10.259723771123408,0.6598502056363298,4.458145267223093,5,1,True,42,
ABC-SMC,701456.228956229,17.443603136724096,2083325.0,51.80750131607056,0.6902470478241485,24.49309270390857,91.92417691331096,27.63090140087732,0.5406227817469919,10.259723771123408,0.6598502056363298,4.458145267223093,5,1,True,42,
ABC-SMC,700622.4832214765,17.38978080301477,2087855.0,51.82154679298401,0.6902470478241485,24.49309270390857,91.92417691331096,27.63090140087732,0.5406227817469919,10.259723771123408,0.6598502056363298,4.458145267223093,5,1,True,42,
ABC-SMC,698626.0434056761,17.307443889433234,2092385.0,51.83579444885254,0.6902470478241485,24.49309270390857,91.92417691331096,27.63090140087732,0.5406227817469919,10.259723771123408,0.6598502056363298,4.458145267223093,5,1,True,42,
ABC-SMC,700138.5642737896,17.31213958116127,2096915.0,51.849858045578,0.6902470478241485,24.49309270390857,91.92417691331096,27.63090140087732,0.5406227817469919,10.259723771123408,0.6598502056363298,4.458145267223093,5,1,True,42,
ABC-SMC,700481.6666666666,17.287972291310627,2101445.0,51.863916873931885,0.6902470478241485,24.49309270390857,91.92417691331096,27.63090140087732,0.5406227817469919,10.259723771123408,0.6598502056363298,4.458145267223093,5,1,True,42,
ABC-SMC,701991.6666666666,17.29260778427124,2105975.0,51.87782335281372,0.6902470478241485,24.49309270390857,91.92417691331096,27.63090140087732,0.5406227817469919,10.259723771123408,0.6598502056363298,4.458145267223093,5,1,True,42,
ABC-SMC,702331.1148086523,17.268468060231644,2110505.0,51.891746520996094,0.6902470478241485,24.49309270390857,91.92417691331096,27.63090140087732,0.5406227817469919,10.259723771123408,0.6598502056363298,4.458145267223093,5,1,True,42,
ABC-SMC,702669.4352159468,17.24440623755471,2115035.0,51.90566277503967,0.6902470478241485,24.49309270390857,91.92417691331096,27.63090140087732,0.5406227817469919,10.259723771123408,0.6598502056363298,4.458145267223093,5,1,True,42,
ABC-SMC,704174.4186046511,17.24909175670028,2119565.0,51.91976618766785,0.6902470478241485,24.49309270390857,91.92417691331096,27.63090140087732,0.5406227817469919,10.259723771123408,0.6598502056363298,4.458145267223093,5,1,True,42,
ABC-SMC,704509.12106136,17.225105371048205,2124095.0,51.93369269371033,0.6902470478241485,24.49309270390857,91.92417691331096,27.63090140087732,0.5406227817469919,10.259723771123408,0.6598502056363298,4.458145267223093,5,1,True,42,
ABC-SMC,703677.6859504132,17.17282768123406,2128625.0,51.94780373573303,0.6902470478241485,24.49309270390857,91.92417691331096,27.63090140087732,0.5406227817469919,10.259723771123408,0.6598502056363298,4.458145267223093,5,1,True,42,
ABC-SMC,701695.7236842106,17.092706890482653,2133155.0,51.96182894706726,0.6902470478241485,24.49309270390857,91.92417691331096,27.63090140087732,0.5406227817469919,10.259723771123408,0.6598502056363298,4.458145267223093,5,1,True,42,
ABC-SMC,697450.2446982055,16.95787264900145,2137685.0,51.97587966918945,0.6902470478241485,24.49309270390857,91.92417691331096,27.63090140087732,0.5406227817469919,10.259723771123408,0.6598502056363298,4.458145267223093,5,1,True,42,
ABC-SMC,694397.0826580226,16.85243611204373,2142215.0,51.98976540565491,0.6902470478241485,24.49309270390857,91.92417691331096,27.63090140087732,0.5406227817469919,10.259723771123408,0.6598502056363298,4.458145267223093,5,1,True,42,
ABC-SMC,695865.4781199351,16.856936929291614,2146745.0,52.003650426864624,0.6902470478241485,24.49309270390857,91.92417691331096,27.63090140087732,0.5406227817469919,10.259723771123408,0.6598502056363298,4.458145267223093,5,1,True,42,
ABC-SMC,696205.501618123,16.83423881777668,2151275.0,52.01779794692993,0.6902470478241485,24.49309270390857,91.92417691331096,27.63090140087732,0.5406227817469919,10.259723771123408,0.6598502056363298,4.458145267223093,5,1,True,42,
ABC-SMC,696544.4264943458,16.81155727059853,2155805.0,52.03176975250244,0.6902470478241485,24.49309270390857,91.92417691331096,27.63090140087732,0.5406227817469919,10.259723771123408,0.6598502056363298,4.458145267223093,5,1,True,42,
ABC-SMC,695760.0644122383,16.761910857785725,2160335.0,52.04573321342468,0.6902470478241485,24.49309270390857,91.92417691331096,27.63090140087732,0.5406227817469919,10.259723771123408,0.6598502056363298,4.458145267223093,5,1,True,42,
ABC-SMC,696098.0707395498,16.739485271490654,2164865.0,52.05979919433594,0.6902470478241485,24.49309270390857,91.92417691331096,27.63090140087732,0.5406227817469919,10.259723771123408,0.6598502056363298,4.458145267223093,5,1,True,42,
ABC-SMC,693097.4440894569,16.63699713758767,2169395.0,52.07380104064941,0.6902470478241485,24.49309270390857,91.92417691331096,27.63090140087732,0.5406227817469919,10.259723771123408,0.6598502056363298,4.458145267223093,5,1,True,42,
ABC-SMC,689041.2044374009,16.50959232529823,2173925.0,52.08776378631592,0.6902470478241485,24.49309270390857,91.92417691331096,27.63090140087732,0.5406227817469919,10.259723771123408,0.6598502056363298,4.458145267223093,5,1,True,42,
ABC-SMC,688295.4186413903,16.461853732429972,2178455.0,52.10176706314087,0.6902470478241485,24.49309270390857,91.92417691331096,27.63090140087732,0.5406227817469919,10.259723771123408,0.6598502056363298,4.458145267223093,5,1,True,42,
ABC-SMC,688638.8012618296,16.44028444019402,2182985.0,52.11570167541504,0.6902470478241485,24.49309270390857,91.92417691331096,27.63090140087732,0.5406227817469919,10.259723771123408,0.6598502056363298,4.458145267223093,5,1,True,42,
ABC-SMC,688981.1023622048,16.418842480877252,2187515.0,52.12982487678528,0.6902470478241485,24.49309270390857,91.92417691331096,27.63090140087732,0.5406227817469919,10.259723771123408,0.6598502056363298,4.458145267223093,5,1,True,42,
ABC-SMC,689322.3270440252,16.397429487240387,2192045.0,52.14382576942444,0.6902470478241485,24.49309270390857,91.92417691331096,27.63090140087732,0.5406227817469919,10.259723771123408,0.6598502056363298,4.458145267223093,5,1,True,42,
ABC-SMC,689662.4803767661,16.376051760543273,2196575.0,52.15772485733032,0.6902470478241485,24.49309270390857,91.92417691331096,27.63090140087732,0.5406227817469919,10.259723771123408,0.6598502056363298,4.458145267223093,5,1,True,42,
ABC-SMC,688921.752738654,16.329177743019258,2201105.0,52.17172288894653,0.6902470478241485,24.49309270390857,91.92417691331096,27.63090140087732,0.5406227817469919,10.259723771123408,0.6598502056363298,4.458145267223093,5,1,True,42,
ABC-SMC,689260.9375,16.30801558494568,2205635.0,52.18564987182617,0.6902470478241485,24.49309270390857,91.92417691331096,27.63090140087732,0.5406227817469919,10.259723771123408,0.6598502056363298,4.458145267223093,5,1,True,42,
ABC-SMC,690676.5625,16.312351897358894,2210165.0,52.19952607154846,0.6902470478241485,24.49309270390857,91.92417691331096,27.63090140087732,0.5406227817469919,10.259723771123408,0.6598502056363298,4.458145267223093,5,1,True,42,
ABC-SMC,691012.48049922,16.291245060294354,2214695.0,52.21344041824341,0.6902470478241485,24.49309270390857,91.92417691331096,27.63090140087732,0.5406227817469919,10.259723771123408,0.6598502056363298,4.458145267223093,5,1,True,42,
ABC-SMC,691347.352024922,16.270264583956042,2219225.0,52.2275493144989,0.6902470478241485,24.49309270390857,91.92417691331096,27.63090140087732,0.5406227817469919,10.259723771123408,0.6598502056363298,4.458145267223093,5,1,True,42,
ABC-SMC,692758.5669781931,16.274642424420033,2223755.0,52.24160218238831,0.6902470478241485,24.49309270390857,91.92417691331096,27.63090140087732,0.5406227817469919,10.259723771123408,0.6598502056363298,4.458145267223093,5,1,True,42,
ABC-SMC,694169.7819314642,16.279020859073626,2228285.0,52.25565695762634,0.6902470478241485,24.49309270390857,91.92417691331096,27.63090140087732,0.5406227817469919,10.259723771123408,0.6598502056363298,4.458145267223093,5,1,True,42,
ABC-SMC,695580.9968847352,16.283355323696433,2232815.0,52.26957058906555,0.6902470478241485,24.49309270390857,91.92417691331096,27.63090140087732,0.5406227817469919,10.259723771123408,0.6598502056363298,4.458145267223093,5,1,True,42,
ABC-SMC,695908.2426127527,16.26234017486335,2237345.0,52.28342366218567,0.6902470478241485,24.49309270390857,91.92417691331096,27.63090140087732,0.5406227817469919,10.259723771123408,0.6598502056363298,4.458145267223093,5,1,True,42,
ABC-SMC,695155.0387596899,16.216250353081282,2241875.0,52.297407388687134,0.6902470478241485,24.49309270390857,91.92417691331096,27.63090140087732,0.5406227817469919,10.259723771123408,0.6598502056363298,4.458145267223093,5,1,True,42,
ABC-SMC,694406.491499227,16.170421081495796,2246405.0,52.31131219863892,0.6902470478241485,24.49309270390857,91.92417691331096,27.63090140087732,0.5406227817469919,10.259723771123408,0.6598502056363298,4.458145267223093,5,1,True,42,
ABC-SMC,692595.3846153846,16.100054520827076,2250935.0,52.32517719268799,0.6902470478241485,24.49309270390857,91.92417691331096,27.63090140087732,0.5406227817469919,10.259723771123408,0.6598502056363298,4.458145267223093,5,1,True,42,
ABC-SMC,690800.9188361409,16.030385483278796,2255465.0,52.33920860290527,0.6902470478241485,24.49309270390857,91.92417691331096,27.63090140087732,0.5406227817469919,10.259723771123408,0.6598502056363298,4.458145267223093,5,1,True,42,
ABC-SMC,690074.8091603052,15.985750169244428,2259995.0,52.35333180427551,0.6902470478241485,24.49309270390857,91.92417691331096,27.63090140087732,0.5406227817469919,10.259723771123408,0.6598502056363298,4.458145267223093,5,1,True,42,
ABC-SMC,689353.1202435312,15.9413434961978,2264525.0,52.367313385009766,0.6902470478241485,24.49309270390857,91.92417691331096,27.63090140087732,0.5406227817469919,10.259723771123408,0.6598502056363298,4.458145267223093,5,1,True,42,
ABC-SMC,688635.8118361153,15.897205494604268,2269055.0,52.38129210472107,0.6902470478241485,24.49309270390857,91.92417691331096,27.63090140087732,0.5406227817469919,10.259723771123408,0.6598502056363298,4.458145267223093,5,1,True,42,
ABC-SMC,687922.8441754917,15.853305447299974,2273585.0,52.395174503326416,0.6902470478241485,24.49309270390857,91.92417691331096,27.63090140087732,0.5406227817469919,10.259723771123408,0.6598502056363298,4.458145267223093,5,1,True,42,
ABC-SMC,688252.2658610273,15.833621010679492,2278115.0,52.40928554534912,0.6902470478241485,24.49309270390857,91.92417691331096,27.63090140087732,0.5406227817469919,10.259723771123408,0.6598502056363298,4.458145267223093,5,1,True,42,
ABC-SMC,685478.9789789789,15.742768468083565,2282645.0,52.42341899871826,0.6902470478241485,24.49309270390857,91.92417691331096,27.63090140087732,0.5406227817469919,10.259723771123408,0.6598502056363298,4.458145267223093,5,1,True,42,
ABC-SMC,683759.3423019432,15.67636897567498,2287175.0,52.43745422363281,0.6902470478241485,24.49309270390857,91.92417691331096,27.63090140087732,0.5406227817469919,10.259723771123408,0.6598502056363298,4.458145267223093,5,1,True,42,
ABC-SMC,683071.5350223546,15.633806777249148,2291705.0,52.4514217376709,0.6902470478241485,24.49309270390857,91.92417691331096,27.63090140087732,0.5406227817469919,10.259723771123408,0.6598502056363298,4.458145267223093,5,1,True,42,
ABC-SMC,682387.8157503714,15.591466090300107,2296235.0,52.46528339385986,0.6902470478241485,24.49309270390857,91.92417691331096,27.63090140087732,0.5406227817469919,10.259723771123408,0.6598502056363298,4.458145267223093,5,1,True,42,
ABC-SMC,681708.1481481481,15.549403155291522,2300765.0,52.47923564910889,0.6902470478241485,24.49309270390857,91.92417691331096,27.63090140087732,0.5406227817469919,10.259723771123408,0.6598502056363298,4.458145267223093,5,1,True,42,
ABC-SMC,683050.3703703703,15.553558067039209,2305295.0,52.49325847625733,0.6902470478241485,24.49309270390857,91.92417691331096,27.63090140087732,0.5406227817469919,10.259723771123408,0.6598502056363298,4.458145267223093,5,1,True,42,
ABC-SMC,682370.753323486,15.511729058698148,2309825.0,52.50720286369324,0.6902470478241485,24.49309270390857,91.92417691331096,27.63090140087732,0.5406227817469919,10.259723771123408,0.6598502056363298,4.458145267223093,5,1,True,42,
ABC-SMC,682700.5899705015,15.492985030542783,2314355.0,52.52121925354004,0.6902470478241485,24.49309270390857,91.92417691331096,27.63090140087732,0.5406227817469919,10.259723771123408,0.6598502056363298,4.458145267223093,5,1,True,42,
ABC-SMC,683029.4550810014,15.474327885174082,2318885.0,52.535343170166016,0.6902470478241485,24.49309270390857,91.92417691331096,27.63090140087732,0.5406227817469919,10.259723771123408,0.6598502056363298,4.458145267223093,5,1,True,42,
ABC-SMC,683357.3529411764,15.455699177349311,2323415.0,52.54937720298767,0.6902470478241485,24.49309270390857,91.92417691331096,27.63090140087732,0.5406227817469919,10.259723771123408,0.6598502056363298,4.458145267223093,5,1,True,42,
ABC-SMC,683684.287812041,15.437129380594438,2327945.0,52.56342554092407,0.6902470478241485,24.49309270390857,91.92417691331096,27.63090140087732,0.5406227817469919,10.259723771123408,0.6598502056363298,4.458145267223093,5,1,True,42,
ABC-SMC,683008.78477306,15.39604136744844,2332475.0,52.577481269836426,0.6902470478241485,24.49309270390857,91.92417691331096,27.63090140087732,0.5406227817469919,10.259723771123408,0.6598502056363298,4.458145267223093,5,1,True,42,
ABC-SMC,683334.7953216373,15.3780164077268,2337005.0,52.59281611442566,0.6902470478241485,24.49309270390857,91.92417691331096,27.63090140087732,0.5406227817469919,10.259723771123408,0.6598502056363298,4.458145267223093,5,1,True,42,
ABC-SMC,682663.2653061224,15.337267283447977,2341535.0,52.60682678222656,0.6902470478241485,24.49309270390857,91.92417691331096,27.63090140087732,0.5406227817469919,10.259723771123408,0.6598502056363298,4.458145267223093,5,1,True,42,
ABC-SMC,682988.3551673944,15.319035251067714,2346065.0,52.6208860874176,0.6902470478241485,24.49309270390857,91.92417691331096,27.63090140087732,0.5406227817469919,10.259723771123408,0.6598502056363298,4.458145267223093,5,1,True,42,
ABC-SMC,682320.7547169811,15.278644935486106,2350595.0,52.634931802749634,0.6902470478241485,24.49309270390857,91.92417691331096,27.63090140087732,0.5406227817469919,10.259723771123408,0.6598502056363298,4.458145267223093,5,1,True,42,
ABC-SMC,679689.7546897547,15.194505702537548,2355125.0,52.6489622592926,0.6902470478241485,24.49309270390857,91.92417691331096,27.63090140087732,0.5406227817469919,10.259723771123408,0.6598502056363298,4.458145267223093,5,1,True,42,
ABC-SMC,680015.8501440922,15.176618683235104,2359655.0,52.662866830825806,0.6902470478241485,24.49309270390857,91.92417691331096,27.63090140087732,0.5406227817469919,10.259723771123408,0.6598502056363298,4.458145267223093,5,1,True,42,
ABC-SMC,679363.5057471265,15.137030475441067,2364185.0,52.67686605453491,0.6902470478241485,24.49309270390857,91.92417691331096,27.63090140087732,0.5406227817469919,10.259723771123408,0.6598502056363298,4.458145267223093,5,1,True,42,
ABC-SMC,679688.6657101866,15.119361945854198,2368715.0,52.69097638130188,0.6902470478241485,24.49309270390857,91.92417691331096,27.63090140087732,0.5406227817469919,10.259723771123408,0.6598502056363298,4.458145267223093,5,1,True,42,
ABC-SMC,680988.5222381635,15.12338324975078,2373245.0,52.70499062538147,0.6902470478241485,24.49309270390857,91.92417691331096,27.63090140087732,0.5406227817469919,10.259723771123408,0.6598502056363298,4.458145267223093,5,1,True,42,
ABC-SMC,680336.1945636625,15.084125248659324,2377775.0,52.71901774406433,0.6902470478241485,24.49309270390857,91.92417691331096,27.63090140087732,0.5406227817469919,10.259723771123408,0.6598502056363298,4.458145267223093,5,1,True,42,
ABC-SMC,680658.5714285715,15.066592420850482,2382305.0,52.733073472976685,0.6902470478241485,24.49309270390857,91.92417691331096,27.63090140087732,0.5406227817469919,10.259723771123408,0.6598502056363298,4.458145267223093,5,1,True,42,
ABC-SMC,680980.0285306704,15.049070842595992,2386835.0,52.74699330329895,0.6902470478241485,24.49309270390857,91.92417691331096,27.63090140087732,0.5406227817469919,10.259723771123408,0.6598502056363298,4.458145267223093,5,1,True,42,
ABC-SMC,682272.4679029956,15.053067431810408,2391365.0,52.76100134849548,0.6902470478241485,24.49309270390857,91.92417691331096,27.63090140087732,0.5406227817469919,10.259723771123408,0.6598502056363298,4.458145267223093,5,1,True,42,
ABC-SMC,681620.199146515,15.01419371256279,2395895.0,52.7748908996582,0.6902470478241485,24.49309270390857,91.92417691331096,27.63090140087732,0.5406227817469919,10.259723771123408,0.6598502056363298,4.458145267223093,5,1,True,42,
ABC-SMC,680007.0821529744,14.95430732921568,2400425.0,52.78870487213135,0.6902470478241485,24.49309270390857,91.92417691331096,27.63090140087732,0.5406227817469919,10.259723771123408,0.6598502056363298,4.458145267223093,5,1,True,42,
ABC-SMC,681290.3682719547,14.958270886126726,2404955.0,52.802696228027344,0.6902470478241485,24.49309270390857,91.92417691331096,27.63090140087732,0.5406227817469919,10.259723771123408,0.6598502056363298,4.458145267223093,5,1,True,42,
ABC-SMC,682573.6543909349,14.962234105334405,2409485.0,52.81668639183045,0.6902470478241485,24.49309270390857,91.92417691331096,27.63090140087732,0.5406227817469919,10.259723771123408,0.6598502056363298,4.458145267223093,5,1,True,42,
ABC-SMC,683856.940509915,14.966202862877346,2414015.0,52.83069610595703,0.6902470478241485,24.49309270390857,91.92417691331096,27.63090140087732,0.5406227817469919,10.259723771123408,0.6598502056363298,4.458145267223093,5,1,True,42,
ABC-SMC,681280.281690141,14.88584511716601,2418545.0,52.84475016593933,0.6902470478241485,24.49309270390857,91.92417691331096,27.63090140087732,0.5406227817469919,10.259723771123408,0.6598502056363298,4.458145267223093,5,1,True,42,
ABC-SMC,682556.338028169,14.88978043408461,2423075.0,52.858720541000366,0.6902470478241485,24.49309270390857,91.92417691331096,27.63090140087732,0.5406227817469919,10.259723771123408,0.6598502056363298,4.458145267223093,5,1,True,42,
ABC-SMC,683832.3943661972,14.893715213721906,2427605.0,52.87268900871277,0.6902470478241485,24.49309270390857,91.92417691331096,27.63090140087732,0.5406227817469919,10.259723771123408,0.6598502056363298,4.458145267223093,5,1,True,42,
ABC-SMC,683183.9887640451,14.85582134696875,2432135.0,52.88672399520874,0.6902470478241485,24.49309270390857,91.92417691331096,27.63090140087732,0.5406227817469919,10.259723771123408,0.6598502056363298,4.458145267223093,5,1,True,42,
ABC-SMC,683496.4936886396,14.838896627011506,2436665.0,52.90066647529602,0.6902470478241485,24.49309270390857,91.92417691331096,27.63090140087732,0.5406227817469919,10.259723771123408,0.6598502056363298,4.458145267223093,5,1,True,42,
ABC-SMC,683808.1232492997,14.822038749352892,2441195.0,52.91467833518982,0.6902470478241485,24.49309270390857,91.92417691331096,27.63090140087732,0.5406227817469919,10.259723771123408,0.6598502056363298,4.458145267223093,5,1,True,42,
ABC-SMC,683163.4078212291,14.784569713656465,2445725.0,52.92875957489014,0.6902470478241485,24.49309270390857,91.92417691331096,27.63090140087732,0.5406227817469919,10.259723771123408,0.6598502056363298,4.458145267223093,5,1,True,42,
ABC-SMC,684428.7709497206,14.788487170661629,2450255.0,52.94278407096863,0.6902470478241485,24.49309270390857,91.92417691331096,27.63090140087732,0.5406227817469919,10.259723771123408,0.6598502056363298,4.458145267223093,5,1,True,42,
ABC-SMC,685694.1340782123,14.792402096966793,2454785.0,52.95679950714111,0.6902470478241485,24.49309270390857,91.92417691331096,27.63090140087732,0.5406227817469919,10.259723771123408,0.6598502056363298,4.458145267223093,5,1,True,42,
ABC-SMC,685045.9610027855,14.755085716672594,2459315.0,52.97075772285461,0.6902470478241485,24.49309270390857,91.92417691331096,27.63090140087732,0.5406227817469919,10.259723771123408,0.6598502056363298,4.458145267223093,5,1,True,42,
ABC-SMC,685353.2684283729,14.738431394680486,2463845.0,52.98466086387634,0.6902470478241485,24.49309270390857,91.92417691331096,27.63090140087732,0.5406227817469919,10.259723771123408,0.6598502056363298,4.458145267223093,5,1,True,42,
ABC-SMC,685659.7222222222,14.7218347258038,2468375.0,52.99860501289368,0.6902470478241485,24.49309270390857,91.92417691331096,27.63090140087732,0.5406227817469919,10.259723771123408,0.6598502056363298,4.458145267223093,5,1,True,42,
ABC-SMC,686918.0555555556,14.72577214241028,2472905.0,53.012779712677,0.6902470478241485,24.49309270390857,91.92417691331096,27.63090140087732,0.5406227817469919,10.259723771123408,0.6598502056363298,4.458145267223093,5,1,True,42,
ABC-SMC,688176.388888889,14.729688233799406,2477435.0,53.026877641677856,0.6902470478241485,24.49309270390857,91.92417691331096,27.63090140087732,0.5406227817469919,10.259723771123408,0.6598502056363298,4.458145267223093,5,1,True,42,
ABC-SMC,689434.7222222222,14.73358730475108,2481965.0,53.04091429710388,0.6902470478241485,24.49309270390857,91.92417691331096,27.63090140087732,0.5406227817469919,10.259723771123408,0.6598502056363298,4.458145267223093,5,1,True,42,
ABC-SMC,689735.090152566,14.717046629208632,2486495.0,53.05495309829712,0.6902470478241485,24.49309270390857,91.92417691331096,27.63090140087732,0.5406227817469919,10.259723771123408,0.6598502056363298,4.458145267223093,5,1,True,42,
ABC-SMC,690034.6260387813,14.700552102931647,2491025.0,53.06899309158325,0.6902470478241485,24.49309270390857,91.92417691331096,27.63090140087732,0.5406227817469919,10.259723771123408,0.6598502056363298,4.458145267223093,5,1,True,42,
ABC-SMC,690333.3333333334,14.684092982016494,2495555.0,53.08299612998962,0.6902470478241485,24.49309270390857,91.92417691331096,27.63090140087732,0.5406227817469919,10.259723771123408,0.6598502056363298,4.458145267223093,5,1,True,42,
ABC-SMC,691586.4453665285,14.68796307944988,2500085.0,53.0969865322113,0.6902470478241485,24.49309270390857,91.92417691331096,27.63090140087732,0.5406227817469919,10.259723771123408,0.6598502056363298,4.458145267223093,5,1,True,42,
ABC-SMC,692839.5573997234,14.69181510587616,2504615.0,53.11091160774231,0.6902470478241485,24.49309270390857,91.92417691331096,27.63090140087732,0.5406227817469919,10.259723771123408,0.6598502056363298,4.458145267223093,5,1,True,42,
ABC-SMC,694092.6694329184,14.695675244469864,2509145.0,53.12486600875855,0.6902470478241485,24.49309270390857,91.92417691331096,27.63090140087732,0.5406227817469919,10.259723771123408,0.6598502056363298,4.458145267223093,5,1,True,42,
ABC-SMC,693427.5862068966,14.659011117343244,2513675.0,53.13891530036926,0.6902470478241485,24.49309270390857,91.92417691331096,27.63090140087732,0.5406227817469919,10.259723771123408,0.6598502056363298,4.458145267223093,5,1,True,42,
ABC-SMC,694677.2413793103,14.66285883147141,2518205.0,53.15286326408386,0.6902470478241485,24.49309270390857,91.92417691331096,27.63090140087732,0.5406227817469919,10.259723771123408,0.6598502056363298,4.458145267223093,5,1,True,42,
ABC-SMC,694012.3796423658,14.626359086909025,2522735.0,53.16681528091431,0.6902470478241485,24.49309270390857,91.92417691331096,27.63090140087732,0.5406227817469919,10.259723771123408,0.6598502056363298,4.458145267223093,5,1,True,42,
ABC-SMC,693351.1659807956,14.590068838069795,2527265.0,53.1808009147644,0.6902470478241485,24.49309270390857,91.92417691331096,27.63090140087732,0.5406227817469919,10.259723771123408,0.6598502056363298,4.458145267223093,5,1,True,42,
ABC-SMC,693642.4657534247,14.57391921788046,2531795.0,53.19480514526367,0.6902470478241485,24.49309270390857,91.92417691331096,27.63090140087732,0.5406227817469919,10.259723771123408,0.6598502056363298,4.458145267223093,5,1,True,42,
ABC-SMC,694883.5616438356,14.577743713169882,2536325.0,53.20876455307007,0.6902470478241485,24.49309270390857,91.92417691331096,27.63090140087732,0.5406227817469919,10.259723771123408,0.6598502056363298,4.458145267223093,5,1,True,42,
ABC-SMC,695172.366621067,14.56161523811142,2540855.0,53.22270369529724,0.6902470478241485,24.49309270390857,91.92417691331096,27.63090140087732,0.5406227817469919,10.259723771123408,0.6598502056363298,4.458145267223093,5,1,True,42,
ABC-SMC,696411.7647058823,14.565437958765616,2545385.0,53.23667573928833,0.6902470478241485,24.49309270390857,91.92417691331096,27.63090140087732,0.5406227817469919,10.259723771123408,0.6598502056363298,4.458145267223093,5,1,True,42,
ABC-SMC,697651.1627906977,14.569236478792496,2549915.0,53.25055932998657,0.6902470478241485,24.49309270390857,91.92417691331096,27.63090140087732,0.5406227817469919,10.259723771123408,0.6598502056363298,4.458145267223093,5,1,True,42,
ABC-SMC,698890.560875513,14.573079877610734,2554445.0,53.26460695266724,0.6902470478241485,24.49309270390857,91.92417691331096,27.63090140087732,0.5406227817469919,10.259723771123408,0.6598502056363298,4.458145267223093,5,1,True,42,
ABC-SMC,700129.9589603283,14.576890465335872,2558975.0,53.27853465080261,0.6902470478241485,24.49309270390857,91.92417691331096,27.63090140087732,0.5406227817469919,10.259723771123408,0.6598502056363298,4.458145267223093,5,1,True,42,
ABC-SMC,699455.6616643929,14.540953980949372,2563505.0,53.29259634017944,0.6902470478241485,24.49309270390857,91.92417691331096,27.63090140087732,0.5406227817469919,10.259723771123408,0.6598502056363298,4.458145267223093,5,1,True,42,
ABC-SMC,697835.597826087,14.4855001050493,2568035.0,53.30664038658142,0.6902470478241485,24.49309270390857,91.92417691331096,27.63090140087732,0.5406227817469919,10.259723771123408,0.6598502056363298,4.458145267223093,5,1,True,42,
ABC-SMC,699066.5760869567,14.489306703857755,2572565.0,53.32064867019653,0.6902470478241485,24.49309270390857,91.92417691331096,27.63090140087732,0.5406227817469919,10.259723771123408,0.6598502056363298,4.458145267223093,5,1,True,42,
ABC-SMC,700297.5543478262,14.493120558883836,2577095.0,53.334683656692505,0.6902470478241485,24.49309270390857,91.92417691331096,27.63090140087732,0.5406227817469919,10.259723771123408,0.6598502056363298,4.458145267223093,5,1,True,42,
ABC-SMC,700576.6621438263,14.477384624196524,2581625.0,53.349162340164185,0.6902470478241485,24.49309270390857,91.92417691331096,27.63090140087732,0.5406227817469919,10.259723771123408,0.6598502056363298,4.458145267223093,5,1,True,42,
ABC-SMC,701805.9701492537,14.481184440519623,2586155.0,53.36316466331482,0.6902470478241485,24.49309270390857,91.92417691331096,27.63090140087732,0.5406227817469919,10.259723771123408,0.6598502056363298,4.458145267223093,5,1,True,42,
ABC-SMC,702082.6558265582,14.465318268876734,2590685.0,53.37702441215515,0.6902470478241485,24.49309270390857,91.92417691331096,27.63090140087732,0.5406227817469919,10.259723771123408,0.6598502056363298,4.458145267223093,5,1,True,42,
ABC-SMC,702358.592692828,14.4495330418237,2595215.0,53.391024589538574,0.6902470478241485,24.49309270390857,91.92417691331096,27.63090140087732,0.5406227817469919,10.259723771123408,0.6598502056363298,4.458145267223093,5,1,True,42,
ABC-SMC,702633.7837837838,14.433787577861064,2599745.0,53.40501403808594,0.6902470478241485,24.49309270390857,91.92417691331096,27.63090140087732,0.5406227817469919,10.259723771123408,0.6598502056363298,4.458145267223093,5,1,True,42,
ABC-SMC,703858.1081081082,14.43752739880536,2604275.0,53.41885137557984,0.6902470478241485,24.49309270390857,91.92417691331096,27.63090140087732,0.5406227817469919,10.259723771123408,0.6598502056363298,4.458145267223093,5,1,True,42,
ABC-SMC,705082.4324324324,14.44128229811385,2608805.0,53.43274450302124,0.6902470478241485,24.49309270390857,91.92417691331096,27.63090140087732,0.5406227817469919,10.259723771123408,0.6598502056363298,4.458145267223093,5,1,True,42,
ABC-SMC,705353.5762483131,14.42564766094913,2613335.0,53.44702458381653,0.6902470478241485,24.49309270390857,91.92417691331096,27.63090140087732,0.5406227817469919,10.259723771123408,0.6598502056363298,4.458145267223093,5,1,True,42,
ABC-SMC,705623.9892183288,14.40997676386666,2617865.0,53.46101379394531,0.6902470478241485,24.49309270390857,91.92417691331096,27.63090140087732,0.5406227817469919,10.259723771123408,0.6598502056363298,4.458145267223093,5,1,True,42,
ABC-SMC,705893.674293405,14.394364992349658,2622395.0,53.47506594657898,0.6902470478241485,24.49309270390857,91.92417691331096,27.63090140087732,0.5406227817469919,10.259723771123408,0.6598502056363298,4.458145267223093,5,1,True,42,
ABC-SMC,706162.6344086023,14.378762565633304,2626925.0,53.48899674415589,0.6902470478241485,24.49309270390857,91.92417691331096,27.63090140087732,0.5406227817469919,10.259723771123408,0.6598502056363298,4.458145267223093,5,1,True,42,
ABC-SMC,707380.3763440861,14.382484010470812,2631455.0,53.502840518951416,0.6902470478241485,24.49309270390857,91.92417691331096,27.63090140087732,0.5406227817469919,10.259723771123408,0.6598502056363298,4.458145267223093,5,1,True,42,
ABC-SMC,708598.11827957,14.386196803021177,2635985.0,53.51665210723877,0.6902470478241485,24.49309270390857,91.92417691331096,27.63090140087732,0.5406227817469919,10.259723771123408,0.6598502056363298,4.458145267223093,5,1,True,42,
ABC-SMC,708863.0872483221,14.37060164125174,2640515.0,53.53049111366272,0.6902470478241485,24.49309270390857,91.92417691331096,27.63090140087732,0.5406227817469919,10.259723771123408,0.6598502056363298,4.458145267223093,5,1,True,42,
ABC-SMC,710079.1946308725,14.374367822736705,2645045.0,53.54452013969421,0.6902470478241485,24.49309270390857,91.92417691331096,27.63090140087732,0.5406227817469919,10.259723771123408,0.6598502056363298,4.458145267223093,5,1,True,42,
ABC-SMC,711295.3020134228,14.378138996610703,2649575.0,53.55856776237488,0.6902470478241485,24.49309270390857,91.92417691331096,27.63090140087732,0.5406227817469919,10.259723771123408,0.6598502056363298,4.458145267223093,5,1,True,42,
ABC-SMC,711556.3002680965,14.362585320869016,2654105.0,53.57244324684143,0.6902470478241485,24.49309270390857,91.92417691331096,27.63090140087732,0.5406227817469919,10.259723771123408,0.6598502056363298,4.458145267223093,5,1,True,42,
ABC-SMC,711816.5997322624,14.347064223793774,2658635.0,53.58628487586975,0.6902470478241485,24.49309270390857,91.92417691331096,27.63090140087732,0.5406227817469919,10.259723771123408,0.6598502056363298,4.458145267223093,5,1,True,42,
ABC-SMC,712076.2032085562,14.33162019852011,2663165.0,53.60025954246521,0.6902470478241485,24.49309270390857,91.92417691331096,27.63090140087732,0.5406227817469919,10.259723771123408,0.6598502056363298,4.458145267223093,5,1,True,42,
ABC-SMC,711385.3333333333,14.297096443176269,2667695.0,53.61411166191101,0.6902470478241485,24.49309270390857,91.92417691331096,27.63090140087732,0.5406227817469919,10.259723771123408,0.6598502056363298,4.458145267223093,5,1,True,42,
ABC-SMC,712593.3333333334,14.300790214538573,2672225.0,53.62796330451965,0.6902470478241485,24.49309270390857,91.92417691331096,27.63090140087732,0.5406227817469919,10.259723771123408,0.6598502056363298,4.458145267223093,5,1,True,42,
ABC-SMC,713801.3333333334,14.30448417663574,2676755.0,53.64181566238403,0.6902470478241485,24.49309270390857,91.92417691331096,27.63090140087732,0.5406227817469919,10.259723771123408,0.6598502056363298,4.458145267223093,5,1,True,42,
ABC-SMC,715009.3333333333,14.30822722117106,2681285.0,53.65585207939148,0.6902470478241485,24.49309270390857,91.92417691331096,27.63090140087732,0.5406227817469919,10.259723771123408,0.6598502056363298,4.458145267223093,5,1,True,42,
ABC-SMC,714312.5,14.273870244939276,2685815.0,53.66975212097168,0.6902470478241485,24.49309270390857,91.92417691331096,27.63090140087732,0.5406227817469919,10.259723771123408,0.6598502056363298,4.458145267223093,5,1,True,42,
ABC-SMC,715517.2872340425,14.277553621758804,2690345.0,53.68360161781311,0.6902470478241485,24.49309270390857,91.92417691331096,27.63090140087732,0.5406227817469919,10.259723771123408,0.6598502056363298,4.458145267223093,5,1,True,42,
ABC-SMC,714820.9549071618,14.243461914973173,2694875.0,53.69785141944885,0.6902470478241485,24.49309270390857,91.92417691331096,27.63090140087732,0.5406227817469919,10.259723771123408,0.6598502056363298,4.458145267223093,5,1,True,42,
ABC-SMC,715074.1721854305,14.228302658788415,2699405.0,53.71184253692627,0.6902470478241485,24.49309270390857,91.92417691331096,27.63090140087732,0.5406227817469919,10.259723771123408,0.6598502056363298,4.458145267223093,5,1,True,42,
ABC-SMC,715326.7195767194,14.213155943249898,2703935.0,53.72572946548462,0.6902470478241485,24.49309270390857,91.92417691331096,27.63090140087732,0.5406227817469919,10.259723771123408,0.6598502056363298,4.458145267223093,5,1,True,42,
ABC-SMC,715578.5997357992,14.198101275505762,2708465.0,53.73981332778931,0.6902470478241485,24.49309270390857,91.92417691331096,27.63090140087732,0.5406227817469919,10.259723771123408,0.6598502056363298,4.458145267223093,5,1,True,42,
ABC-SMC,715829.8153034301,14.183053932592548,2712995.0,53.75377440452576,0.6902470478241485,24.49309270390857,91.92417691331096,27.63090140087732,0.5406227817469919,10.259723771123408,0.6598502056363298,4.458145267223093,5,1,True,42,
ABC-SMC,717025.0659630607,14.186733567934866,2717525.0,53.767720222473145,0.6902470478241485,24.49309270390857,91.92417691331096,27.63090140087732,0.5406227817469919,10.259723771123408,0.6598502056363298,4.458145267223093,5,1,True,42,
ABC-SMC,716330.2631578947,14.153052317468743,2722055.0,53.781598806381226,0.6902470478241485,24.49309270390857,91.92417691331096,27.63090140087732,0.5406227817469919,10.259723771123408,0.6598502056363298,4.458145267223093,5,1,True,42,
ABC-SMC,717522.3684210527,14.15675025237234,2726585.0,53.79565095901489,0.6902470478241485,24.49309270390857,91.92417691331096,27.63090140087732,0.5406227817469919,10.259723771123408,0.6598502056363298,4.458145267223093,5,1,True,42,
ABC-SMC,718714.4736842104,14.160391845201191,2731115.0,53.809489011764526,0.6902470478241485,24.49309270390857,91.92417691331096,27.63090140087732,0.5406227817469919,10.259723771123408,0.6598502056363298,4.458145267223093,5,1,True,42,
ABC-SMC,719906.5789473684,14.164073341771177,2735645.0,53.82347869873047,0.6902470478241485,24.49309270390857,91.92417691331096,27.63090140087732,0.5406227817469919,10.259723771123408,0.6598502056363298,4.458145267223093,5,1,True,42,
ABC-SMC,721098.6842105264,14.167813878310357,2740175.0,53.83769273757935,0.6902470478241485,24.49309270390857,91.92417691331096,27.63090140087732,0.5406227817469919,10.259723771123408,0.6598502056363298,4.458145267223093,5,1,True,42,
ABC-SMC,722290.7894736842,14.171455973073057,2744705.0,53.85153269767761,0.6902470478241485,24.49309270390857,91.92417691331096,27.63090140087732,0.5406227817469919,10.259723771123408,0.6598502056363298,4.458145267223093,5,1,True,42,
ABC-SMC,723482.8947368421,14.175098820736531,2749235.0,53.86537551879883,0.6902470478241485,24.49309270390857,91.92417691331096,27.63090140087732,0.5406227817469919,10.259723771123408,0.6598502056363298,4.458145267223093,5,1,True,42,
ABC-SMC,723722.7332457292,14.16015775382284,2753765.0,53.8794002532959,0.6902470478241485,24.49309270390857,91.92417691331096,27.63090140087732,0.5406227817469919,10.259723771123408,0.6598502056363298,4.458145267223093,5,1,True,42,
ABC-SMC,724913.2720105125,14.163839864041584,2758295.0,53.89341068267822,0.6902470478241485,24.49309270390857,91.92417691331096,27.63090140087732,0.5406227817469919,10.259723771123408,0.6598502056363298,4.458145267223093,5,1,True,42,
ABC-SMC,724200.5242463958,14.130392237072066,2762825.0,53.90744638442993,0.6902470478241485,24.49309270390857,91.92417691331096,27.63090140087732,0.5406227817469919,10.259723771123408,0.6598502056363298,4.458145267223093,5,1,True,42,
ABC-SMC,725387.9423328965,14.134013137217432,2767355.0,53.9212601184845,0.6902470478241485,24.49309270390857,91.92417691331096,27.63090140087732,0.5406227817469919,10.259723771123408,0.6598502056363298,4.458145267223093,5,1,True,42,
ABC-SMC,726575.3604193971,14.137649036172489,2771885.0,53.93513107299805,0.6902470478241485,24.49309270390857,91.92417691331096,27.63090140087732,0.5406227817469919,10.259723771123408,0.6598502056363298,4.458145267223093,5,1,True,42,
ABC-SMC,727762.7785058978,14.14128062296976,2776415.0,53.94898557662964,0.6902470478241485,24.49309270390857,91.92417691331096,27.63090140087732,0.5406227817469919,10.259723771123408,0.6598502056363298,4.458145267223093,5,1,True,42,
ABC-SMC,728950.1965923985,14.144958081126685,2780945.0,53.96301507949829,0.6902470478241485,24.49309270390857,91.92417691331096,27.63090140087732,0.5406227817469919,10.259723771123408,0.6598502056363298,4.458145267223093,5,1,True,42,
ABC-SMC,730137.6146788992,14.148601479486588,2785475.0,53.97691464424133,0.6902470478241485,24.49309270390857,91.92417691331096,27.63090140087732,0.5406227817469919,10.259723771123408,0.6598502056363298,4.458145267223093,5,1,True,42,
ABC-SMC,731325.0327653998,14.152246502717546,2790005.0,53.99082040786743,0.6902470478241485,24.49309270390857,91.92417691331096,27.63090140087732,0.5406227817469919,10.259723771123408,0.6598502056363298,4.458145267223093,5,1,True,42,
ABC-SMC,732512.4508519004,14.155871277555413,2794535.0,54.0046489238739,0.6902470478241485,24.49309270390857,91.92417691331096,27.63090140087732,0.5406227817469919,10.259723771123408,0.6598502056363298,4.458145267223093,5,1,True,42,
ABC-SMC,733699.8689384011,14.159554922721332,2799065.0,54.018702030181885,0.6902470478241485,24.49309270390857,91.92417691331096,27.63090140087732,0.5406227817469919,10.259723771123408,0.6598502056363298,4.458145267223093,5,1,True,42,
ABC-SMC,734887.2870249017,14.1632271937899,2803595.0,54.03271174430847,0.6902470478241485,24.49309270390857,91.92417691331096,27.63090140087732,0.5406227817469919,10.259723771123408,0.6598502056363298,4.458145267223093,5,1,True,42,
ABC-SMC,736074.7051114024,14.166896277611407,2808125.0,54.04670929908752,0.6902470478241485,24.49309270390857,91.92417691331096,27.63090140087732,0.5406227817469919,10.259723771123408,0.6598502056363298,4.458145267223093,5,1,True,42,
ABC-SMC,735334.6405228758,14.133521871629103,2812655.0,54.06072115898132,0.6902470478241485,24.49309270390857,91.92417691331096,27.63090140087732,0.5406227817469919,10.259723771123408,0.6598502056363298,4.458145267223093,5,1,True,42,
ABC-SMC,735557.4412532637,14.11873485027343,2817185.0,54.07475447654724,0.6902470478241485,24.49309270390857,91.92417691331096,27.63090140087732,0.5406227817469919,10.259723771123408,0.6598502056363298,4.458145267223093,5,1,True,42,
ABC-SMC,735779.6610169491,14.103951945298654,2821715.0,54.08865571022034,0.6902470478241485,24.49309270390857,91.92417691331096,27.63090140087732,0.5406227817469919,10.259723771123408,0.6598502056363298,4.458145267223093,5,1,True,42,
ABC-SMC,736960.8865710561,14.107576778068692,2826245.0,54.10255694389343,0.6902470478241485,24.49309270390857,91.92417691331096,27.63090140087732,0.5406227817469919,10.259723771123408,0.6598502056363298,4.458145267223093,5,1,True,42,
ABC-SMC,738142.112125163,14.111199248412133,2830775.0,54.11644911766052,0.6902470478241485,24.49309270390857,91.92417691331096,27.63090140087732,0.5406227817469919,10.259723771123408,0.6598502056363298,4.458145267223093,5,1,True,42,
ABC-SMC,739323.33767927,14.114840804675724,2835305.0,54.1304144859314,0.6902470478241485,24.49309270390857,91.92417691331096,27.63090140087732,0.5406227817469919,10.259723771123408,0.6598502056363298,4.458145267223093,5,1,True,42,
ABC-SMC,739540.3645833334,14.100104756653309,2839835.0,54.14440226554871,0.6902470478241485,24.49309270390857,91.92417691331096,27.63090140087732,0.5406227817469919,10.259723771123408,0.6598502056363298,4.458145267223093,5,1,True,42,
ABC-SMC,739756.8270481145,14.085401205154636,2844365.0,54.15836763381958,0.6902470478241485,24.49309270390857,91.92417691331096,27.63090140087732,0.5406227817469919,10.259723771123408,0.6598502056363298,4.458145267223093,5,1,True,42,
ABC-SMC,739972.7272727273,14.07071708084701,2848895.0,54.172260761260986,0.6902470478241485,24.49309270390857,91.92417691331096,27.63090140087732,0.5406227817469919,10.259723771123408,0.6598502056363298,4.458145267223093,5,1,True,42,
ABC-SMC,740188.0674448768,14.056101476172064,2853425.0,54.18627119064331,0.6902470478241485,24.49309270390857,91.92417691331096,27.63090140087732,0.5406227817469919,10.259723771123408,0.6598502056363298,4.458145267223093,5,1,True,42,
ABC-SMC,741363.1647211415,14.059715233888143,2857955.0,54.2002022266388,0.6902470478241485,24.49309270390857,91.92417691331096,27.63090140087732,0.5406227817469919,10.259723771123408,0.6598502056363298,4.458145267223093,5,1,True,42,
ABC-SMC,742538.2619974059,14.06331396288445,2862485.0,54.21407532691956,0.6902470478241485,24.49309270390857,91.92417691331096,27.63090140087732,0.5406227817469919,10.259723771123408,0.6598502056363298,4.458145267223093,5,1,True,42,
ABC-SMC,742749.9999999999,14.048752636489471,2867015.0,54.228185176849365,0.6902470478241485,24.49309270390857,91.92417691331096,27.63090140087732,0.5406227817469919,10.259723771123408,0.6598502056363298,4.458145267223093,5,1,True,42,
ABC-SMC,742961.1901681758,14.034187654936916,2871545.0,54.24213528633118,0.6902470478241485,24.49309270390857,91.92417691331096,27.63090140087732,0.5406227817469919,10.259723771123408,0.6598502056363298,4.458145267223093,5,1,True,42,
ABC-SMC,742212.9032258065,14.00156968639743,2876075.0,54.25608253479004,0.6902470478241485,24.49309270390857,91.92417691331096,27.63090140087732,0.5406227817469919,10.259723771123408,0.6598502056363298,4.458145267223093,5,1,True,42,
ABC-SMC,743381.9354838709,14.005187803699124,2880605.0,54.270102739334106,0.6902470478241485,24.49309270390857,91.92417691331096,27.63090140087732,0.5406227817469919,10.259723771123408,0.6598502056363298,4.458145267223093,5,1,True,42,
ABC-SMC,744550.9677419354,14.008795768983902,2885135.0,54.28408360481262,0.6902470478241485,24.49309270390857,91.92417691331096,27.63090140087732,0.5406227817469919,10.259723771123408,0.6598502056363298,4.458145267223093,5,1,True,42,
ABC-SMC,745720.0,14.012393582251764,2889665.0,54.29802513122559,0.6902470478241485,24.49309270390857,91.92417691331096,27.63090140087732,0.5406227817469919,10.259723771123408,0.6598502056363298,4.458145267223093,5,1,True,42,
ABC-SMC,746889.0322580645,14.015967645952776,2894195.0,54.31187462806702,0.6902470478241485,24.49309270390857,91.92417691331096,27.63090140087732,0.5406227817469919,10.259723771123408,0.6598502056363298,4.458145267223093,5,1,True,42,
ABC-SMC,747094.0721649484,14.001506321208996,2898725.0,54.325844526290894,0.6902470478241485,24.49309270390857,91.92417691331096,27.63090140087732,0.5406227817469919,10.259723771123408,0.6598502056363298,4.458145267223093,5,1,True,42,
ABC-SMC,748261.5979381443,14.005169303146834,2903255.0,54.34005689620972,0.6902470478241485,24.49309270390857,91.92417691331096,27.63090140087732,0.5406227817469919,10.259723771123408,0.6598502056363298,4.458145267223093,5,1,True,42,
ABC-SMC,748464.6074646075,13.990768717369363,2907785.0,54.35413646697998,0.6902470478241485,24.49309270390857,91.92417691331096,27.63090140087732,0.5406227817469919,10.259723771123408,0.6598502056363298,4.458145267223093,5,1,True,42,
ABC-SMC,749630.6306306305,13.994360215568786,2912315.0,54.36808943748474,0.6902470478241485,24.49309270390857,91.92417691331096,27.63090140087732,0.5406227817469919,10.259723771123408,0.6598502056363298,4.458145267223093,5,1,True,42,
ABC-SMC,750796.6537966537,13.997940299133534,2916845.0,54.38199806213379,0.6902470478241485,24.49309270390857,91.92417691331096,27.63090140087732,0.5406227817469919,10.259723771123408,0.6598502056363298,4.458145267223093,5,1,True,42,
ABC-SMC,751962.6769626768,14.00152627412263,2921375.0,54.39592957496643,0.6902470478241485,24.49309270390857,91.92417691331096,27.63090140087732,0.5406227817469919,10.259723771123408,0.6598502056363298,4.458145267223093,5,1,True,42,
ABC-SMC,752160.6683804628,13.987120625905328,2925905.0,54.40989923477173,0.6902470478241485,24.49309270390857,91.92417691331096,27.63090140087732,0.5406227817469919,10.259723771123408,0.6598502056363298,4.458145267223093,5,1,True,42,
ABC-SMC,752358.1514762515,13.9727614504382,2930435.0,54.42390584945679,0.6902470478241485,24.49309270390857,91.92417691331096,27.63090140087732,0.5406227817469919,10.259723771123408,0.6598502056363298,4.458145267223093,5,1,True,42,
ABC-SMC,752555.1282051281,13.958440621693928,2934965.0,54.43791842460632,0.6902470478241485,24.49309270390857,91.92417691331096,27.63090140087732,0.5406227817469919,10.259723771123408,0.6598502056363298,4.458145267223093,5,1,True,42,
ABC-SMC,753716.6666666666,13.962022341214691,2939495.0,54.451887130737305,0.6902470478241485,24.49309270390857,91.92417691331096,27.63090140087732,0.5406227817469919,10.259723771123408,0.6598502056363298,4.458145267223093,5,1,True,42,
ABC-SMC,753911.651728553,13.9477400102017,2944025.0,54.46592473983765,0.6902470478241485,24.49309270390857,91.92417691331096,27.63090140087732,0.5406227817469919,10.259723771123408,0.6598502056363298,4.458145267223093,5,1,True,42,
ABC-SMC,754106.1381074169,13.933478901758216,2948555.0,54.47990250587464,0.6902470478241485,24.49309270390857,91.92417691331096,27.63090140087732,0.5406227817469919,10.259723771123408,0.6598502056363298,4.458145267223093,5,1,True,42,
ABC-SMC,755264.7058823529,13.937029448311652,2953085.0,54.49378514289856,0.6902470478241485,24.49309270390857,91.92417691331096,27.63090140087732,0.5406227817469919,10.259723771123408,0.6598502056363298,4.458145267223093,5,1,True,42,
ABC-SMC,756423.273657289,13.94062194677875,2957615.0,54.50783181190491,0.6902470478241485,24.49309270390857,91.92417691331096,27.63090140087732,0.5406227817469919,10.259723771123408,0.6598502056363298,4.458145267223093,5,1,True,42,
ABC-SMC,757581.8414322251,13.944212981806997,2962145.0,54.52187275886536,0.6902470478241485,24.49309270390857,91.92417691331096,27.63090140087732,0.5406227817469919,10.259723771123408,0.6598502056363298,4.458145267223093,5,1,True,42,
ABC-SMC,758740.4092071612,13.947790906862224,2966675.0,54.5358624458313,0.6902470478241485,24.49309270390857,91.92417691331096,27.63090140087732,0.5406227817469919,10.259723771123408,0.6598502056363298,4.458145267223093,5,1,True,42,
ABC-SMC,758928.4802043423,13.933581380247308,2971205.0,54.54997110366821,0.6902470478241485,24.49309270390857,91.92417691331096,27.63090140087732,0.5406227817469919,10.259723771123408,0.6598502056363298,4.458145267223093,5,1,True,42,
ABC-SMC,760085.5683269476,13.937131046183111,2975735.0,54.563868045806885,0.6902470478241485,24.49309270390857,91.92417691331096,27.63090140087732,0.5406227817469919,10.259723771123408,0.6598502056363298,4.458145267223093,5,1,True,42,
ABC-SMC,761242.656449553,13.940698129159433,2980265.0,54.57783317565918,0.6902470478241485,24.49309270390857,91.92417691331096,27.63090140087732,0.5406227817469919,10.259723771123408,0.6598502056363298,4.458145267223093,5,1,True,42,
ABC-SMC,762399.7445721584,13.944246516221632,2984795.0,54.59172511100769,0.6902470478241485,24.49309270390857,91.92417691331096,27.63090140087732,0.5406227817469919,10.259723771123408,0.6598502056363298,4.458145267223093,5,1,True,42,
ABC-SMC,760642.4936386768,13.894574272116934,2989325.0,54.60567688941956,0.6902470478241485,24.49309270390857,91.92417691331096,27.63090140087732,0.5406227817469919,10.259723771123408,0.6598502056363298,4.458145267223093,5,1,True,42,
ABC-SMC,761795.165394402,13.898124282293344,2993855.0,54.61962842941284,0.6902470478241485,24.49309270390857,91.92417691331096,27.63090140087732,0.5406227817469919,10.259723771123408,0.6598502056363298,4.458145267223093,5,1,True,42,
ABC-SMC,761978.3989834816,13.884044572086164,2998385.0,54.63371539115906,0.6902470478241485,24.49309270390857,91.92417691331096,27.63090140087732,0.5406227817469919,10.259723771123408,0.6598502056363298,4.458145267223093,5,1,True,42,
ABC-SMC,762161.1675126902,13.869975484567243,3002915.0,54.64770340919495,0.6902470478241485,24.49309270390857,91.92417691331096,27.63090140087732,0.5406227817469919,10.259723771123408,0.6598502056363298,4.458145267223093,5,1,True,42,
ABC-SMC,763310.9137055837,13.873534638264458,3007445.0,54.66172647476196,0.6902470478241485,24.49309270390857,91.92417691331096,27.63090140087732,0.5406227817469919,10.259723771123408,0.6598502056363298,4.458145267223093,5,1,True,42,
ABC-SMC,764460.659898477,13.877076909021676,3011975.0,54.67568302154541,0.6902470478241485,24.49309270390857,91.92417691331096,27.63090140087732,0.5406227817469919,10.259723771123408,0.6598502056363298,4.458145267223093,5,1,True,42,
ABC-SMC,764640.0506970847,13.863019375142336,3016505.0,54.68961143493652,0.6902470478241485,24.49309270390857,91.92417691331096,27.63090140087732,0.5406227817469919,10.259723771123408,0.6598502056363298,4.458145267223093,5,1,True,42,
ABC-SMC,763852.0859671301,13.831484875395686,3021035.0,54.70352268218994,0.6902470478241485,24.49309270390857,91.92417691331096,27.63090140087732,0.5406227817469919,10.259723771123408,0.6598502056363298,4.458145267223093,5,1,True,42,
ABC-SMC,764997.4715549937,13.83499960531628,3025565.0,54.71742343902588,0.6902470478241485,24.49309270390857,91.92417691331096,27.63090140087732,0.5406227817469919,10.259723771123408,0.6598502056363298,4.458145267223093,5,1,True,42,
ABC-SMC,766142.8571428572,13.83853965402403,3030095.0,54.73142433166504,0.6902470478241485,24.49309270390857,91.92417691331096,27.63090140087732,0.5406227817469919,10.259723771123408,0.6598502056363298,4.458145267223093,5,1,True,42,
ABC-SMC,765353.0895334174,13.807194951503604,3034625.0,54.74552798271179,0.6902470478241485,24.49309270390857,91.92417691331096,27.63090140087732,0.5406227817469919,10.259723771123408,0.6598502056363298,4.458145267223093,5,1,True,42,
ABC-SMC,765530.2267002519,13.793332270470914,3039155.0,54.75952911376953,0.6902470478241485,24.49309270390857,91.92417691331096,27.63090140087732,0.5406227817469919,10.259723771123408,0.6598502056363298,4.458145267223093,5,1,True,42,
ABC-SMC,766671.2846347607,13.796826273728378,3043685.0,54.77340030670166,0.6902470478241485,24.49309270390857,91.92417691331096,27.63090140087732,0.5406227817469919,10.259723771123408,0.6598502056363298,4.458145267223093,5,1,True,42,
ABC-SMC,766846.5408805032,13.782991853150182,3048215.0,54.78739261627197,0.6902470478241485,24.49309270390857,91.92417691331096,27.63090140087732,0.5406227817469919,10.259723771123408,0.6598502056363298,4.458145267223093,5,1,True,42,
ABC-SMC,767928.3018867925,13.786411645277491,3052515.0,54.80098628997803,0.6902305232783564,24.53677357057463,91.62257621383752,27.6309014009002,0.5439278807891588,10.313412188254365,0.6649357718759547,4.482794991741661,5,1,True,42,
ABC-SMC,767989.9497487436,13.772466014977075,3056600.0,54.814414739608765,0.6870291765360527,24.545283983039447,91.58675589670229,27.63090140092092,0.5471323224555772,10.315092215574172,0.6670887176670335,4.483893713405522,5,1,True,42,
ABC-SMC,768964.8241206029,13.7758000412179,3060480.0,54.82768416404724,0.684769995469414,24.540110937079504,91.50371042701178,27.630901400920774,0.5555570607075933,10.316506842143468,0.6706032244576087,4.485265429450601,5,1,True,42,
ABC-SMC,769890.7035175879,13.779095968409395,3064165.0,54.84080195426941,0.682205808578582,24.53860378474112,91.50139928136215,27.63090140092052,0.5577134929046805,10.320011465710758,0.6716675772387728,4.486952001506355,5,1,True,42,
ABC-SMC,770770.1005025125,13.782340797347638,3067665.0,54.8537163734436,0.6793774046846043,24.542648333966465,91.49688818097668,27.63090140092069,0.5594219162618187,10.321812308204276,0.6727917113365581,4.487891067809859,5,1,True,42,
ABC-SMC,771605.5276381909,13.785510266845549,3070990.0,54.86633086204529,0.6769935581509025,24.54216433414012,91.46893594491918,27.630901400920365,0.5610572399188773,10.322303213877694,0.6723205428012975,4.488245521381402,5,1,True,42,
ABC-SMC,772398.2412060301,13.788636425631728,3074145.0,54.87877297401428,0.6747740381983407,24.55413289251269,91.42619802779004,27.630901400941347,0.563970307993548,10.319352426562592,0.6731756757222742,4.487119680844397,5,1,True,42,
ABC-SMC,773150.7537688441,13.791700883127335,3077140.0,54.8909695148468,0.6717514836410989,24.555600902054625,91.49309653164404,27.63090140094115,0.5591656963602606,10.317901348085066,0.6699236788051457,4.486076086082883,5,1,True,42,
ABC-SMC,773865.5778894472,13.794755935668944,3079985.0,54.9031286239624,0.6686921203251665,24.55767416549265,91.51330867553676,27.63090140094108,0.5568603600473221,10.31442857628773,0.6685134368602503,4.484406967949893,5,1,True,42,
ABC-SMC,773572.1455457966,13.78045961578637,3082685.0,54.91513156890869,0.6662111369072574,24.55785526951715,91.5177438647486,27.630901400940644,0.5597314379772762,10.313936374233204,0.6697368446564219,4.484408298049263,5,1,True,42,
ABC-SMC,774215.809284818,13.7834493309222,3085250.0,54.927045583724976,0.6636674683730157,24.56275386383208,91.5210663508949,27.63090140094056,0.5611558683220319,10.312275058550194,0.6702103989961145,4.483723463796047,5,1,True,42,
ABC-SMC,1440675.9906759907,25.61452027523157,3090250.0,54.9431459903717,0.6610496630555449,24.58637380546685,91.44243139818003,27.63090140100465,0.5628826173301487,10.308781733111871,0.6706169650254298,4.482397887236127,5,1,True,42,
ABC-SMC,1439537.2093023255,25.561740342960803,3095005.0,54.95774173736572,0.6589471817739746,24.587404523181263,91.4361310557316,27.630901401004728,0.5657847798692183,10.307160817576158,0.6712367447197726,4.481687412850986,5,1,True,42,
ABC-SMC,1431699.7690531178,25.54895718158255,3099630.0,55.31349229812622,0.6576325683413083,24.598448362941262,91.35008053113071,27.630901401004955,0.5677021456578867,10.302210102828044,0.6723388129017813,4.47984118617373,5,1,True,42,
ABC-SMC,1430426.267281106,25.674574605880245,3104025.0,55.71382689476013,0.6574319509073812,24.586526091148592,91.13723819595371,27.630901401004337,0.5902731064046871,10.30860774093012,0.6812848356918138,4.483430401882972,5,1,True,42,
ABC-SMC,1416036.4464692485,25.55780182666822,3108200.0,56.09937500953674,0.655717261675348,24.60262668246832,91.10896221129728,27.630901401005463,0.5938980047767204,10.308899539576409,0.6820532831849337,4.483530926676529,5,1,True,42,
ABC-SMC,1411414.9659863946,25.606782852657258,3112170.0,56.46295619010925,0.6531077551555012,24.612252150609446,91.07400512003092,27.630901401005627,0.5994296876790057,10.311916634818148,0.6840678026040157,4.485212707641421,5,1,True,42,
ABC-SMC,1406744.920993228,25.66708689618595,3115940.0,56.85259747505188,0.650274018173145,24.611168949764267,91.08622782549762,27.63090140100526,0.6000862893444017,10.314753374052112,0.6848923314414684,4.4866077134510665,5,1,True,42,
ABC-SMC,1398887.8923766816,25.66422753269897,3119520.0,57.2312273979187,0.6486483252385187,24.617297065433497,91.01997209893526,27.63090140100507,0.6111832829275544,10.316146090611014,0.6886214526271689,4.487562095656715,5,1,True,42,
ABC-SMC,1384886.9179600887,25.545035338983304,3122920.0,57.60405468940735,0.6467069737544029,24.6372770337742,90.99869305351451,27.63090140102739,0.6106914683407512,10.315993625742166,0.6885982006018418,4.487406898558554,5,1,True,42,
ABC-SMC,1371120.6140350876,25.42166469389932,3126155.0,57.96139550209045,0.6437560973838307,24.64027782583078,91.03611318500889,27.63090140102761,0.6099025098841289,10.316089783875634,0.6871968167504287,4.487268059978259,5,1,True,42,
ABC-SMC,1372467.1052631575,25.584956428460902,3129225.0,58.33370065689087,0.6412114127773016,24.64561888062896,91.0176826883695,27.630901401027664,0.613559790903339,10.315941972625316,0.6891292943652503,4.487449617724401,5,1,True,42,
ABC-SMC,1364766.8845315904,25.58118211417936,3132140.0,58.708812952041626,0.639296444746547,24.6483946992794,90.96881494556204,27.630901401027582,0.6192536364650324,10.31773968838612,0.6909314006162481,4.488476981039101,5,1,True,42,
ABC-SMC,1363002.1739130432,25.690648970396616,3134905.0,59.08849263191223,0.6353615620586616,24.67028367235674,90.9566222783108,27.630901401049865,0.6129369549945997,10.310984317449014,0.6885040440638182,4.485325856497888,5,1,True,42,
ABC-SMC,1364145.6521739129,25.856440067291253,3137535.0,59.4698121547699,0.6331503273995887,24.664846214273645,90.97882483316076,27.63090140104952,0.6135406172650752,10.308557750500151,0.6877717562166488,4.484094398787764,5,1,True,42,
ABC-SMC,2575848.360655738,48.77128796499284,3142535.0,59.50097131729126,0.6299311850036644,24.651688802398013,90.92977251718386,27.63090140102825,0.6125332364818663,10.307599717647228,0.6899778505874512,4.4839456235575765,5,1,True,42,
ABC-SMC,2569216.326530612,48.592313844330455,3147290.0,59.52558445930481,0.6271609479475577,24.659079154417743,90.96697558574046,27.63090140102852,0.6070112051376215,10.303614360610736,0.6881360256943261,4.481896354803775,5,1,True,42,
ABC-SMC,2562443.0894308942,48.41129566595807,3151805.0,59.54589366912842,0.6252869646619033,24.67433874985198,90.93498385836956,27.63090140102929,0.6094594324281597,10.297944305576111,0.6878204157530675,4.479504779792231,5,1,True,42,
ABC-SMC,2524880.0,47.65067501068116,3156100.0,59.56334376335144,0.6235757162307359,24.67786422004,90.91940119694776,27.630901401029064,0.6151545168991648,10.306835170310856,0.6887964223474675,4.483025300976185,5,1,True,42,
ABC-SMC,2508091.26984127,47.28569700604393,3160195.0,59.57997822761536,0.6211741284474621,24.66559696608453,90.95153286132566,27.6309014010286,0.6161153679956228,10.305904999377145,0.6895353450676692,4.482543597685969,5,1,True,42,
ABC-SMC,2501256.916996047,47.10968266362728,3164090.0,59.593748569488525,0.6187747766974525,24.65012440819165,90.96223468150365,27.63090140102797,0.6153282237450087,10.304630595908352,0.6892230438703792,4.4820034596570615,5,1,True,42,
ABC-SMC,2484552.9411764704,47.044303183462105,3167805.0,59.981486558914185,0.6153167063689827,24.64649977036104,90.9355199058636,27.63090140102785,0.6206080570879068,10.305090433277629,0.6902056270912832,4.4824799331506044,5,1,True,42,
ABC-SMC,2477609.375,47.16928191483021,3171340.0,60.376680850982666,0.6125243447635722,24.66206490560229,90.92629592633136,27.630901401028616,0.6223884202944573,10.300446655698329,0.6885493060241951,4.480279363801735,5,1,True,42,
ABC-SMC,2480250.0,47.475739382207394,3174720.0,60.76894640922546,0.6104843115333505,24.683359746273545,90.90060496040714,27.63090140105086,0.6227458674139801,10.300019086879471,0.688718350470227,4.480266241587426,5,1,True,42,
ABC-SMC,2454131.274131274,46.944955693248616,3178100.0,60.79371762275696,0.6104843115333505,24.683359746273545,90.90060496040716,27.63090140105086,0.6227458674139801,10.300019086879471,0.6887183504702268,4.480266241587426,5,1,True,42,
ABC-SMC,2456741.3127413127,46.96280118581412,3181480.0,60.81682753562927,0.6104843115333505,24.683359746273545,90.90060496040716,27.63090140105086,0.6227458674139801,10.300019086879471,0.6887183504702268,4.480266241587426,5,1,True,42,
ABC-SMC,2449892.307692308,46.79764600900503,3184860.0,60.83693981170654,0.6104843115333505,24.683359746273545,90.90060496040716,27.63090140105086,0.6227458674139801,10.300019086879471,0.6887183504702268,4.480266241587426,5,1,True,42,
ABC-SMC,2433770.9923664127,46.45382229608434,3188240.0,60.85450720787048,0.6104843115333505,24.683359746273545,90.90060496040714,27.63090140105086,0.6227458674139801,10.300019086879471,0.688718350470227,4.480266241587426,5,1,True,42,
ABC-SMC,2436351.145038168,46.46598309960984,3191620.0,60.87043786048889,0.6104843115333505,24.683359746273545,90.90060496040716,27.63090140105086,0.6227458674139801,10.300019086879471,0.6887183504702268,4.480266241587426,5,1,True,42,
ABC-SMC,2429657.7946768063,46.30043696994564,3195000.0,60.88507461547852,0.6104843115333505,24.683359746273545,90.90060496040716,27.63090140105086,0.6227458674139801,10.300019086879471,0.6887183504702268,4.480266241587426,5,1,True,42,
ABC-SMC,2413871.698113207,45.96087221829396,3198380.0,60.8981556892395,0.6104843115333505,24.683359746273545,90.90060496040716,27.63090140105086,0.6227458674139801,10.300019086879471,0.6887183504702268,4.480266241587426,5,1,True,42,
ABC-SMC,2416422.6415094337,45.97051188630877,3201760.0,60.91092824935913,0.6104843115333505,24.683359746273545,90.90060496040714,27.63090140105086,0.6227458674139801,10.300019086879471,0.688718350470227,4.480266241587426,5,1,True,42,
ABC-SMC,2391895.52238806,45.46547078374606,3205140.0,60.92373085021973,0.6104843115333505,24.683359746273545,90.90060496040716,27.63090140105086,0.6227458674139801,10.300019086879471,0.6887183504702268,4.480266241587426,5,1,True,42,
ABC-SMC,2385516.728624536,45.30596059494301,3208520.0,60.93651700019837,0.6104843115333505,24.683359746273545,90.90060496040716,27.63090140105086,0.6227458674139801,10.300019086879471,0.6887183504702268,4.480266241587426,5,1,True,42,
ABC-SMC,2379185.185185185,45.14764397232621,3211900.0,60.94931936264038,0.6104843115333505,24.683359746273545,90.90060496040716,27.63090140105086,0.6227458674139801,10.300019086879471,0.6887183504702268,4.480266241587426,5,1,True,42,
ABC-SMC,2372900.3690036903,44.99075544716247,3215280.0,60.96247363090515,0.6104843115333505,24.683359746273545,90.90060496040714,27.63090140105086,0.6227458674139801,10.300019086879471,0.688718350470227,4.480266241587426,5,1,True,42,
ABC-SMC,2340843.6363636367,44.34564971923828,3218660.0,60.97526836395264,0.6104843115333505,24.683359746273545,90.90060496040716,27.63090140105086,0.6227458674139801,10.300019086879471,0.6887183504702268,4.480266241587426,5,1,True,42,
ABC-SMC,2343301.8181818184,44.35495393926448,3222040.0,60.98806166648865,0.6104843115333505,24.683359746273545,90.90060496040716,27.63090140105086,0.6227458674139801,10.300019086879471,0.6887183504702268,4.480266241587426,5,1,True,42,
ABC-SMC,2312129.0322580645,43.72822734190144,3225420.0,61.00087714195252,0.6104843115333505,24.683359746273545,90.90060496040716,27.63090140105086,0.6227458674139801,10.300019086879471,0.6887183504702268,4.480266241587426,5,1,True,42,
ABC-SMC,2298078.291814946,43.42625268413502,3228800.0,61.01388502120972,0.6104843115333505,24.683359746273545,90.90060496040714,27.63090140105086,0.6227458674139801,10.300019086879471,0.688718350470227,4.480266241587426,5,1,True,42,
ABC-SMC,2284226.1484098947,43.12841125596118,3232180.0,61.02670192718506,0.6104843115333505,24.683359746273545,90.90060496040716,27.63090140105086,0.6227458674139801,10.300019086879471,0.6887183504702268,4.480266241587426,5,1,True,42,
ABC-SMC,2270568.421052632,42.83473332722983,3235560.0,61.03949499130249,0.6104843115333505,24.683359746273545,90.90060496040716,27.63090140105086,0.6227458674139801,10.300019086879471,0.6887183504702268,4.480266241587426,5,1,True,42,
ABC-SMC,2272940.3508771933,42.84366122463294,3238940.0,61.05221724510193,0.6104843115333505,24.683359746273545,90.90060496040716,27.63090140105086,0.6227458674139801,10.300019086879471,0.6887183504702268,4.480266241587426,5,1,True,42,
ABC-SMC,2275312.2807017546,42.852682314421,3242320.0,61.06507229804993,0.6104843115333505,24.683359746273545,90.90060496040714,27.63090140105086,0.6227458674139801,10.300019086879471,0.688718350470227,4.480266241587426,5,1,True,42,
ABC-SMC,2261811.846689896,42.56301507717227,3245700.0,61.07792663574219,0.6104843115333505,24.683359746273545,90.90060496040716,27.63090140105086,0.6227458674139801,10.300019086879471,0.6887183504702268,4.480266241587426,5,1,True,42,
ABC-SMC,2256305.5555555555,42.42414252625571,3249080.0,61.09076523780823,0.6104843115333505,24.683359746273545,90.90060496040716,27.63090140105086,0.6227458674139801,10.300019086879471,0.6887183504702268,4.480266241587426,5,1,True,42,
ABC-SMC,2250837.370242215,42.28623070106375,3252460.0,61.10360336303711,0.6104843115333505,24.683359746273545,90.90060496040716,27.63090140105086,0.6227458674139801,10.300019086879471,0.6887183504702268,4.480266241587426,5,1,True,42,
ABC-SMC,2253176.470588236,42.29513171634873,3255840.0,61.1164653301239,0.6104843115333505,24.683359746273545,90.90060496040714,27.63090140105086,0.6227458674139801,10.300019086879471,0.688718350470227,4.480266241587426,5,1,True,42,
ABC-SMC,2247737.9310344825,42.15814672667405,3259220.0,61.12931275367737,0.6104843115333505,24.683359746273545,90.90060496040716,27.63090140105086,0.6227458674139801,10.300019086879471,0.6887183504702268,4.480266241587426,5,1,True,42,
ABC-SMC,2250068.965517241,42.16697446231184,3262600.0,61.14211297035217,0.6104843115333505,24.683359746273545,90.90060496040716,27.63090140105086,0.6227458674139801,10.300019086879471,0.6887183504702268,4.480266241587426,5,1,True,42,
ABC-SMC,2244659.7938144333,42.030910118338994,3265980.0,61.15497422218323,0.6104843115333505,24.683359746273545,90.90060496040716,27.63090140105086,0.6227458674139801,10.300019086879471,0.6887183504702268,4.480266241587426,5,1,True,42,
ABC-SMC,2239287.671232877,41.89576384139387,3269360.0,61.16781520843506,0.6104843115333505,24.683359746273545,90.90060496040714,27.63090140105086,0.6227458674139801,10.300019086879471,0.688718350470227,4.480266241587426,5,1,True,42,
ABC-SMC,2233952.2184300344,41.7616038599112,3272740.0,61.1807496547699,0.6104843115333505,24.683359746273545,90.90060496040716,27.63090140105086,0.6227458674139801,10.300019086879471,0.6887183504702268,4.480266241587426,5,1,True,42,
ABC-SMC,2228653.061224489,41.628294088402576,3276120.0,61.19359230995178,0.6104843115333505,24.683359746273545,90.90060496040716,27.63090140105086,0.6227458674139801,10.300019086879471,0.6887183504702268,4.480266241587426,5,1,True,42,
ABC-SMC,2215878.378378378,41.355735707927394,3279500.0,61.206488847732544,0.6104843115333505,24.683359746273545,90.90060496040716,27.63090140105086,0.6227458674139801,10.300019086879471,0.6887183504702268,4.480266241587426,5,1,True,42,
ABC-SMC,2218162.162162162,41.36440576733769,3282880.0,61.21932053565979,0.6104843115333505,24.683359746273545,90.90060496040714,27.63090140105086,0.6227458674139801,10.300019086879471,0.688718350470227,4.480266241587426,5,1,True,42,
ABC-SMC,2212969.6969696973,41.23381990374941,3286260.0,61.23222255706787,0.6104843115333505,24.683359746273545,90.90060496040716,27.63090140105086,0.6227458674139801,10.300019086879471,0.6887183504702268,4.480266241587426,5,1,True,42,
ABC-SMC,2215245.791245792,41.24250973916616,3289640.0,61.24512696266174,0.6104843115333505,24.683359746273545,90.90060496040716,27.63090140105086,0.6227458674139801,10.300019086879471,0.6887183504702268,4.480266241587426,5,1,True,42,
ABC-SMC,2202688.963210703,40.97534119086123,3293020.0,61.25813508033752,0.6104843115333505,24.683359746273545,90.90060496040716,27.63090140105086,0.6227458674139801,10.300019086879471,0.6887183504702268,4.480266241587426,5,1,True,42,
ABC-SMC,2204949.83277592,40.98394547019117,3296400.0,61.27099847793579,0.6104843115333505,24.683359746273545,90.90060496040714,27.63090140105086,0.6227458674139801,10.300019086879471,0.688718350470227,4.480266241587426,5,1,True,42,
ABC-SMC,2199853.333333333,40.85588598251343,3299780.0,61.28382897377014,0.6104843115333505,24.683359746273545,90.90060496040716,27.63090140105086,0.6227458674139801,10.300019086879471,0.6887183504702268,4.480266241587426,5,1,True,42,
ABC-SMC,2187523.178807947,40.59383127073578,3303160.0,61.29668521881104,0.6104843115333505,24.683359746273545,90.90060496040716,27.63090140105086,0.6227458674139801,10.300019086879471,0.6887183504702268,4.480266241587426,5,1,True,42,
ABC-SMC,2182534.6534653464,40.46831760469443,3306540.0,61.30950117111206,0.6104843115333505,24.683359746273545,90.90060496040716,27.63090140105086,0.6227458674139801,10.300019086879471,0.6887183504702268,4.480266241587426,5,1,True,42,
ABC-SMC,2177578.947368421,40.343668272620754,3309920.0,61.322375774383545,0.6104843115333505,24.683359746273545,90.90060496040714,27.63090140105086,0.6227458674139801,10.300019086879471,0.688718350470227,4.480266241587426,5,1,True,42,
ABC-SMC,2179802.6315789474,40.352053861869,3313300.0,61.335121870040894,0.6104843115333505,24.683359746273545,90.90060496040716,27.63090140105086,0.6227458674139801,10.300019086879471,0.6887183504702268,4.480266241587426,5,1,True,42,
ABC-SMC,2174872.131147541,40.22819988063124,3316680.0,61.34800481796265,0.6104843115333505,24.683359746273545,90.90060496040716,27.63090140105086,0.6227458674139801,10.300019086879471,0.6887183504702268,4.480266241587426,5,1,True,42,
ABC-SMC,2177088.524590164,40.23665068579502,3320060.0,61.3608922958374,0.6104843115333505,24.683359746273545,90.90060496040716,27.63090140105086,0.6227458674139801,10.300019086879471,0.6887183504702268,4.480266241587426,5,1,True,42,
ABC-SMC,2172183.006535948,40.11359822516348,3323440.0,61.37380528450012,0.6104843115333505,24.683359746273545,90.90060496040714,27.63090140105086,0.6227458674139801,10.300019086879471,0.688718350470227,4.480266241587426,5,1,True,42,
ABC-SMC,2174392.156862745,40.12284699608298,3326820.0,61.38795590400696,0.6104843115333505,24.683359746273545,90.90060496040716,27.63090140105086,0.6227458674139801,10.300019086879471,0.6887183504702268,4.480266241587426,5,1,True,42,
ABC-SMC,2169511.400651466,40.000667323507,3330200.0,61.40102434158325,0.6104843115333505,24.683359746273545,90.90060496040716,27.63090140105086,0.6227458674139801,10.300019086879471,0.6887183504702268,4.480266241587426,5,1,True,42,
ABC-SMC,2164662.3376623373,39.87916243540776,3333580.0,61.413910150527954,0.6104843115333505,24.683359746273545,90.90060496040716,27.63090140105086,0.6227458674139801,10.300019086879471,0.6887183504702268,4.480266241587426,5,1,True,42,
ABC-SMC,2152877.419354839,39.63020140124905,3336960.0,61.42681217193604,0.6104843115333505,24.683359746273545,90.90060496040714,27.63090140105086,0.6227458674139801,10.300019086879471,0.688718350470227,4.480266241587426,5,1,True,42,
ABC-SMC,2148128.617363344,39.5110509019956,3340340.0,61.43968415260315,0.6104843115333505,24.683359746273545,90.90060496040716,27.63090140105086,0.6227458674139801,10.300019086879471,0.6887183504702268,4.480266241587426,5,1,True,42,
ABC-SMC,2143410.2564102565,39.39268772418682,3343720.0,61.452592849731445,0.6104843115333505,24.683359746273545,90.90060496040716,27.63090140105086,0.6227458674139801,10.300019086879471,0.6887183504702268,4.480266241587426,5,1,True,42,
ABC-SMC,2131910.828025478,39.14996848744192,3347100.0,61.46545052528381,0.6104843115333505,24.683359746273545,90.90060496040716,27.63090140105086,0.6227458674139801,10.300019086879471,0.6887183504702268,4.480266241587426,5,1,True,42,
ABC-SMC,2127288.888888889,39.03384905012828,3350480.0,61.478312253952026,0.6104843115333505,24.683359746273545,90.90060496040714,27.63090140105086,0.6227458674139801,10.300019086879471,0.688718350470227,4.480266241587426,5,1,True,42,
ABC-SMC,2122696.202531645,38.91846877110156,3353860.0,61.49118065834045,0.6104843115333505,24.683359746273545,90.90060496040716,27.63090140105086,0.6227458674139801,10.300019086879471,0.6887183504702268,4.480266241587426,5,1,True,42,
ABC-SMC,2104852.6645768024,38.560475974247375,3357240.0,61.50395917892456,0.6104843115333505,24.683359746273545,90.90060496040716,27.63090140105086,0.6227458674139801,10.300019086879471,0.6887183504702268,4.480266241587426,5,1,True,42,
ABC-SMC,2106971.786833856,38.56850627074047,3360620.0,61.516767501831055,0.6104843115333505,24.683359746273545,90.90060496040716,27.63090140105086,0.6227458674139801,10.300019086879471,0.6887183504702268,4.480266241587426,5,1,True,42,
ABC-SMC,2095950.15576324,38.33613811623641,3364000.0,61.52950167655945,0.6104843115333505,24.683359746273545,90.90060496040714,27.63090140105086,0.6227458674139801,10.300019086879471,0.688718350470227,4.480266241587426,5,1,True,42,
ABC-SMC,2091540.372670808,38.22517276550672,3367380.0,61.54252815246582,0.6104843115333505,24.683359746273545,90.90060496040716,27.63090140105086,0.6227458674139801,10.300019086879471,0.6887183504702268,4.480266241587426,5,1,True,42,
ABC-SMC,2087157.894736842,38.11476739936569,3370760.0,61.55534934997559,0.6104843115333505,24.683359746273545,90.90060496040716,27.63090140105086,0.6227458674139801,10.300019086879471,0.6887183504702268,4.480266241587426,5,1,True,42,
ABC-SMC,2082802.4691358025,38.00501367192209,3374140.0,61.568122148513794,0.6104843115333505,24.683359746273545,90.90060496040716,27.63090140105086,0.6227458674139801,10.300019086879471,0.6887183504702268,4.480266241587426,5,1,True,42,
ABC-SMC,2084888.8888888888,38.01287236037078,3377520.0,61.58085322380066,0.6104843115333505,24.683359746273545,90.90060496040714,27.63090140105086,0.6227458674139801,10.300019086879471,0.688718350470227,4.480266241587426,5,1,True,42,
ABC-SMC,2086975.3086419755,38.02072045243816,3380900.0,61.59356713294983,0.6104843115333505,24.683359746273545,90.90060496040716,27.63090140105086,0.6227458674139801,10.300019086879471,0.6887183504702268,4.480266241587426,5,1,True,42,
ABC-SMC,2082633.8461538465,37.91155433654785,3384280.0,61.60627579689026,0.6104843115333505,24.683359746273545,90.90060496040716,27.63090140105086,0.6227458674139801,10.300019086879471,0.6887183504702268,4.480266241587426,5,1,True,42,
ABC-SMC,2084713.8461538465,37.91938840425931,3387660.0,61.61900615692139,0.6104843115333505,24.683359746273545,90.90060496040716,27.63090140105086,0.6227458674139801,10.300019086879471,0.6887183504702268,4.480266241587426,5,1,True,42,
ABC-SMC,2086793.846153846,37.927369191096375,3391040.0,61.631974935531616,0.6104843115333505,24.683359746273545,90.90060496040714,27.63090140105086,0.6227458674139801,10.300019086879471,0.688718350470227,4.480266241587426,5,1,True,42,
ABC-SMC,2082466.257668712,37.81893970044843,3394420.0,61.64487171173096,0.6104843115333505,24.683359746273545,90.90060496040716,27.63090140105086,0.6227458674139801,10.300019086879471,0.6887183504702268,4.480266241587426,5,1,True,42,
ABC-SMC,2078165.1376146788,37.71110091369816,3397800.0,61.65764999389648,0.6104843115333505,24.683359746273545,90.90060496040716,27.63090140105086,0.6227458674139801,10.300019086879471,0.6887183504702268,4.480266241587426,5,1,True,42,
ABC-SMC,2073890.2439024388,37.60394991897955,3401180.0,61.67047786712647,0.6104843115333505,24.683359746273545,90.90060496040716,27.63090140105086,0.6227458674139801,10.300019086879471,0.6887183504702268,4.480266241587426,5,1,True,42,
ABC-SMC,2063369.6969696968,37.38386500965465,3404560.0,61.683377265930176,0.6104843115333505,24.683359746273545,90.90060496040714,27.63090140105086,0.6227458674139801,10.300019086879471,0.688718350470227,4.480266241587426,5,1,True,42,
ABC-SMC,2065418.1818181807,37.39202224847042,3407940.0,61.6968367099762,0.6104843115333505,24.683359746273545,90.90060496040716,27.63090140105086,0.6227458674139801,10.300019086879471,0.6887183504702268,4.480266241587426,5,1,True,42,
ABC-SMC,2067466.6666666665,37.39981318965102,3411320.0,61.709691762924194,0.6104843115333505,24.683359746273545,90.90060496040716,27.63090140105086,0.6227458674139801,10.300019086879471,0.6887183504702268,4.480266241587426,5,1,True,42,
ABC-SMC,2069515.1515151511,37.407600229436696,3414700.0,61.72254037857056,0.6104843115333505,24.683359746273545,90.90060496040716,27.63090140105086,0.6227458674139801,10.300019086879471,0.6887183504702268,4.480266241587426,5,1,True,42,
ABC-SMC,2071563.636363636,37.41535446860573,3418080.0,61.73533487319946,0.6104843115333505,24.683359746273545,90.90060496040714,27.63090140105086,0.6227458674139801,10.300019086879471,0.688718350470227,4.480266241587426,5,1,True,42,
ABC-SMC,2061120.4819277104,37.19766858112381,3421460.0,61.74812984466553,0.6104843115333505,24.683359746273545,90.90060496040716,27.63090140105086,0.6227458674139801,10.300019086879471,0.6887183504702268,4.480266241587426,5,1,True,42,
ABC-SMC,2063156.626506024,37.2054042586361,3424840.0,61.76097106933594,0.6104843115333505,24.683359746273545,90.90060496040716,27.63090140105086,0.6227458674139801,10.300019086879471,0.6887183504702268,4.480266241587426,5,1,True,42,
ABC-SMC,2058990.9909909912,37.10138661725385,3428220.0,61.77380871772766,0.6104843115333505,24.683359746273545,90.90060496040716,27.63090140105086,0.6227458674139801,10.300019086879471,0.6887183504702268,4.480266241587426,5,1,True,42,
ABC-SMC,2054850.299401197,36.99809377064962,3431600.0,61.78681659698486,0.6104843115333505,24.683359746273545,90.90060496040714,27.63090140105086,0.6227458674139801,10.300019086879471,0.688718350470227,4.480266241587426,5,1,True,42,
ABC-SMC,2056874.2514970056,37.00579597564514,3434980.0,61.79967927932739,0.6104843115333505,24.683359746273545,90.90060496040716,27.63090140105086,0.6227458674139801,10.300019086879471,0.6887183504702268,4.480266241587426,5,1,True,42,
ABC-SMC,2058898.2035928145,37.01348133429795,3438360.0,61.81251382827759,0.6104843115333505,24.683359746273545,90.90060496040716,27.63090140105086,0.6227458674139801,10.300019086879471,0.6887183504702268,4.480266241587426,5,1,True,42,
ABC-SMC,2048654.7619047607,36.80081268151601,3441740.0,61.8253653049469,0.6104843115333505,24.683359746273545,90.90060496040716,27.63090140105086,0.6227458674139801,10.300019086879471,0.6887183504702268,4.480266241587426,5,1,True,42,
ABC-SMC,2044581.602373888,36.699278630559455,3445120.0,61.83828449249268,0.6104843115333505,24.683359746273545,90.90060496040714,27.63090140105086,0.6227458674139801,10.300019086879471,0.688718350470227,4.480266241587426,5,1,True,42,
ABC-SMC,2046587.537091988,36.706943257272414,3448500.0,61.85119938850403,0.6104843115333505,24.683359746273545,90.90060496040716,27.63090140105086,0.6227458674139801,10.300019086879471,0.6887183504702268,4.480266241587426,5,1,True,42,
ABC-SMC,2048593.471810089,36.71464863446063,3451880.0,61.86418294906616,0.6104843115333505,24.683359746273545,90.90060496040716,27.63090140105086,0.6227458674139801,10.300019086879471,0.6887183504702268,4.480266241587426,5,1,True,42,
ABC-SMC,2044532.544378698,36.61364168810421,3455260.0,61.87705445289612,0.6104843115333505,24.683359746273545,90.90060496040716,27.63090140105086,0.6227458674139801,10.300019086879471,0.6887183504702268,4.480266241587426,5,1,True,42,
ABC-SMC,2046532.544378698,36.62127108263546,3458640.0,61.88994812965393,0.6104843115333505,24.683359746273545,90.90060496040714,27.63090140105086,0.6227458674139801,10.300019086879471,0.688718350470227,4.480266241587426,5,1,True,42,
ABC-SMC,2048532.5443786976,36.628928410231005,3462020.0,61.902889013290405,0.6104843115333505,24.683359746273545,90.90060496040716,27.63090140105086,0.6227458674139801,10.300019086879471,0.6887183504702268,4.480266241587426,5,1,True,42,
ABC-SMC,2044483.775811209,36.52847607930501,3465400.0,61.915766954422,0.6104843115333505,24.683359746273545,90.90060496040716,27.63090140105086,0.6227458674139801,10.300019086879471,0.6887183504702268,4.480266241587426,5,1,True,42,
ABC-SMC,2034475.073313783,36.32175425979749,3468780.0,61.92859101295471,0.6104843115333505,24.683359746273545,90.90060496040716,27.63090140105086,0.6227458674139801,10.300019086879471,0.6887183504702268,4.480266241587426,5,1,True,42,
ABC-SMC,2036457.478005865,36.32923263258947,3472160.0,61.94134163856506,0.6104843115333505,24.683359746273545,90.90060496040714,27.63090140105086,0.6227458674139801,10.300019086879471,0.688718350470227,4.480266241587426,5,1,True,42,
ABC-SMC,2038439.882697948,36.33671631910934,3475540.0,61.95410132408142,0.6104843115333505,24.683359746273545,90.90060496040716,27.63090140105086,0.6227458674139801,10.300019086879471,0.6887183504702268,4.480266241587426,5,1,True,42,
ABC-SMC,2028524.781341108,36.13233649695928,3478920.0,61.96695709228516,0.6104843115333505,24.683359746273545,90.90060496040716,27.63090140105086,0.6227458674139801,10.300019086879471,0.6887183504702268,4.480266241587426,5,1,True,42,
ABC-SMC,2024593.023255814,36.03474040364111,3482300.0,61.979753494262695,0.6104843115333505,24.683359746273545,90.90060496040716,27.63090140105086,0.6227458674139801,10.300019086879471,0.6887183504702268,4.480266241587426,5,1,True,42,
ABC-SMC,2014843.9306358383,35.83385903022192,3485680.0,61.992576122283936,0.6104843115333505,24.683359746273545,90.90060496040714,27.63090140105086,0.6227458674139801,10.300019086879471,0.688718350470227,4.480266241587426,5,1,True,42,
ABC-SMC,2010985.5907780984,35.73795079497852,3489060.0,62.00534462928772,0.6104843115333505,24.683359746273545,90.90060496040716,27.63090140105086,0.6227458674139801,10.300019086879471,0.6887183504702268,4.480266241587426,5,1,True,42,
ABC-SMC,2007149.4252873568,35.64267432552645,3492440.0,62.018253326416016,0.6104843115333505,24.683359746273545,90.90060496040716,27.63090140105086,0.6227458674139801,10.300019086879471,0.6887183504702268,4.480266241587426,5,1,True,42,
ABC-SMC,1991920.227920228,35.345378560558004,3495820.0,62.0311393737793,0.6104843115333505,24.683359746273545,90.90060496040716,27.63090140105086,0.6227458674139801,10.300019086879471,0.6887183504702268,4.480266241587426,5,1,True,42,
ABC-SMC,1988181.8181818184,35.252290557731286,3499200.0,62.044031381607056,0.6104843115333505,24.683359746273545,90.90060496040714,27.63090140105086,0.6227458674139801,10.300019086879471,0.688718350470227,4.480266241587426,5,1,True,42,
ABC-SMC,1984464.589235128,35.159756981955034,3502580.0,62.05697107315064,0.6104843115333505,24.683359746273545,90.90060496040716,27.63090140105086,0.6227458674139801,10.300019086879471,0.6887183504702268,4.480266241587426,5,1,True,42,
ABC-SMC,1980768.361581921,35.06774350074725,3505960.0,62.06990599632263,0.6104843115333505,24.683359746273545,90.90060496040716,27.63090140105086,0.6227458674139801,10.300019086879471,0.6887183504702268,4.480266241587426,5,1,True,42,
ABC-SMC,1982677.9661016949,35.07502994968393,3509340.0,62.08280301094055,0.6104843115333505,24.683359746273545,90.90060496040716,27.63090140105086,0.6227458674139801,10.300019086879471,0.6887183504702268,4.480266241587426,5,1,True,42,
ABC-SMC,1978997.183098592,34.98352010485152,3512720.0,62.09574818611145,0.6104843115333505,24.683359746273545,90.90060496040714,27.63090140105086,0.6227458674139801,10.300019086879471,0.688718350470227,4.480266241587426,5,1,True,42,
ABC-SMC,1969803.921568628,34.794743455090774,3516100.0,62.10861706733704,0.6104843115333505,24.683359746273545,90.90060496040716,27.63090140105086,0.6227458674139801,10.300019086879471,0.6887183504702268,4.480266241587426,5,1,True,42,
ABC-SMC,1971697.4789915967,34.8019724132634,3519480.0,62.12152075767517,0.6104843115333505,24.683359746273545,90.90060496040716,27.63090140105086,0.6227458674139801,10.300019086879471,0.6887183504702268,4.480266241587426,5,1,True,42,
ABC-SMC,1968078.2122905024,34.71193886336001,3522860.0,62.13437056541443,0.6104843115333505,24.683359746273545,90.90060496040716,27.63090140105086,0.6227458674139801,10.300019086879471,0.6887183504702268,4.480266241587426,5,1,True,42,
ABC-SMC,1969966.4804469272,34.7190778348699,3526240.0,62.14714932441712,0.6104843115333505,24.683359746273545,90.90060496040714,27.63090140105086,0.6227458674139801,10.300019086879471,0.688718350470227,4.480266241587426,5,1,True,42,
ABC-SMC,1971854.748603352,34.72620335371135,3529620.0,62.15990400314331,0.6104843115333505,24.683359746273545,90.90060496040716,27.63090140105086,0.6227458674139801,10.300019086879471,0.6887183504702268,4.480266241587426,5,1,True,42,
ABC-SMC,1973743.0167597765,34.73343849182129,3533000.0,62.17285490036011,0.6104843115333505,24.683359746273545,90.90060496040716,27.63090140105086,0.6227458674139801,10.300019086879471,0.6887183504702268,4.480266241587426,5,1,True,42,
ABC-SMC,1975631.284916201,34.74062834372067,3536380.0,62.18572473526001,0.6104843115333505,24.683359746273545,90.90060496040716,27.63090140105086,0.6227458674139801,10.300019086879471,0.6887183504702268,4.480266241587426,5,1,True,42,
ABC-SMC,1977519.5530726253,34.74781419977796,3539760.0,62.19858741760254,0.6104843115333505,24.683359746273545,90.90060496040714,27.63090140105086,0.6227458674139801,10.300019086879471,0.688718350470227,4.480266241587426,5,1,True,42,
ABC-SMC,1979407.8212290504,34.75499486124049,3543140.0,62.21144080162048,0.6104843115333505,24.683359746273545,90.90060496040716,27.63090140105086,0.6227458674139801,10.300019086879471,0.6887183504702268,4.480266241587426,5,1,True,42,
ABC-SMC,1981296.089385475,34.76215221362407,3546520.0,62.224252462387085,0.6104843115333505,24.683359746273545,90.90060496040716,27.63090140105086,0.6227458674139801,10.300019086879471,0.6887183504702268,4.480266241587426,5,1,True,42,
ABC-SMC,1977660.1671309192,34.67245766047316,3549900.0,62.23706150054932,0.6104843115333505,24.683359746273545,90.90060496040716,27.63090140105086,0.6227458674139801,10.300019086879471,0.6887183504702268,4.480266241587426,5,1,True,42,
ABC-SMC,1963138.121546961,34.39218418374246,3553280.0,62.24985337257385,0.6104843115333505,24.683359746273545,90.90060496040714,27.63090140105086,0.6227458674139801,10.300019086879471,0.688718350470227,4.480266241587426,5,1,True,42,
ABC-SMC,1959592.286501377,34.30461213608418,3556660.0,62.2628710269928,0.6104843115333505,24.683359746273545,90.90060496040716,27.63090140105086,0.6227458674139801,10.300019086879471,0.6887183504702268,4.480266241587426,5,1,True,42,
ABC-SMC,1956065.9340659345,34.217461648878164,3560040.0,62.27578020095825,0.6104843115333505,24.683359746273545,90.90060496040716,27.63090140105086,0.6227458674139801,10.300019086879471,0.6887183504702268,4.480266241587426,5,1,True,42,
ABC-SMC,1957923.0769230768,34.22451425384689,3563420.0,62.28861594200134,0.6104843115333505,24.683359746273545,90.90060496040716,27.63090140105086,0.6227458674139801,10.300019086879471,0.6887183504702268,4.480266241587426,5,1,True,42,
ABC-SMC,1949071.0382513665,34.04454181754524,3566800.0,62.30151152610779,0.6104843115333505,24.683359746273545,90.90060496040714,27.63090140105086,0.6227458674139801,10.300019086879471,0.688718350470227,4.480266241587426,5,1,True,42,
ABC-SMC,1945602.1798365123,33.958774691381635,3570180.0,62.3143515586853,0.6104843115333505,24.683359746273545,90.90060496040716,27.63090140105086,0.6227458674139801,10.300019086879471,0.6887183504702268,4.480266241587426,5,1,True,42,
ABC-SMC,1942152.173913044,33.873487814613014,3573560.0,62.32721757888794,0.6104843115333505,24.683359746273545,90.90060496040716,27.63090140105086,0.6227458674139801,10.300019086879471,0.6887183504702268,4.480266241587426,5,1,True,42,
ABC-SMC,1938720.867208672,33.78870454907094,3576940.0,62.34015989303589,0.6104843115333505,24.683359746273545,90.90060496040716,27.63090140105086,0.6227458674139801,10.300019086879471,0.6887183504702268,4.480266241587426,5,1,True,42,
ABC-SMC,1935308.108108108,33.704344646350755,3580320.0,62.3530375957489,0.6104843115333505,24.683359746273545,90.90060496040714,27.63090140105086,0.6227458674139801,10.300019086879471,0.688718350470227,4.480266241587426,5,1,True,42,
ABC-SMC,1931913.746630728,33.620443241294176,3583700.0,62.36592221260071,0.6104843115333505,24.683359746273545,90.90060496040716,27.63090140105086,0.6227458674139801,10.300019086879471,0.6887183504702268,4.480266241587426,5,1,True,42,
ABC-SMC,1933735.849056604,33.62733655862731,3587080.0,62.37870931625366,0.6104843115333505,24.683359746273545,90.90060496040716,27.63090140105086,0.6227458674139801,10.300019086879471,0.6887183504702268,4.480266241587426,5,1,True,42,
ABC-SMC,1930354.8387096776,33.54384040319792,3590460.0,62.39154314994812,0.6104843115333505,24.683359746273545,90.90060496040716,27.63090140105086,0.6227458674139801,10.300019086879471,0.6887183504702268,4.480266241587426,5,1,True,42,
ABC-SMC,1926991.9571045577,33.46082966065599,3593840.0,62.40444731712341,0.6104843115333505,24.683359746273545,90.90060496040714,27.63090140105086,0.6227458674139801,10.300019086879471,0.688718350470227,4.480266241587426,5,1,True,42,
ABC-SMC,1923647.0588235287,33.37819576263428,3597220.0,62.4172260761261,0.6104843115333505,24.683359746273545,90.90060496040716,27.63090140105086,0.6227458674139801,10.300019086879471,0.6887183504702268,4.480266241587426,5,1,True,42,
ABC-SMC,1925454.5454545447,33.38505176299396,3600600.0,62.43004679679871,0.6104843115333505,24.683359746273545,90.90060496040716,27.63090140105086,0.6227458674139801,10.300019086879471,0.6887183504702268,4.480266241587426,5,1,True,42,
ABC-SMC,1922122.6666666667,33.30281511942545,3603980.0,62.44277834892273,0.6104843115333505,24.683359746273545,90.90060496040716,27.63090140105086,0.6227458674139801,10.300019086879471,0.6887183504702268,4.480266241587426,5,1,True,42,
ABC-SMC,1923925.3333333333,33.309722900390625,3607360.0,62.45573043823242,0.6104843115333505,24.683359746273545,90.90060496040714,27.63090140105086,0.6227458674139801,10.300019086879471,0.688718350470227,4.480266241587426,5,1,True,42,
ABC-SMC,1920606.382978724,33.228088820234255,3610740.0,62.468806982040405,0.6104843115333505,24.683359746273545,90.90060496040716,27.63090140105086,0.6227458674139801,10.300019086879471,0.6887183504702268,4.480266241587426,5,1,True,42,
ABC-SMC,1917305.0397877984,33.14675336175003,3614120.0,62.4816300868988,0.6104843115333505,24.683359746273545,90.90060496040716,27.63090140105086,0.6227458674139801,10.300019086879471,0.6887183504702268,4.480266241587426,5,1,True,42,
ABC-SMC,1919098.1432360744,33.153599326743375,3617500.0,62.494534730911255,0.6104843115333505,24.683359746273545,90.90060496040716,27.63090140105086,0.6227458674139801,10.300019086879471,0.6887183504702268,4.480266241587426,5,1,True,42,
ABC-SMC,1920891.24668435,33.16042341034988,3620880.0,62.50739812850952,0.6104843115333505,24.683359746273545,90.90060496040714,27.63090140105086,0.6227458674139801,10.300019086879471,0.688718350470227,4.480266241587426,5,1,True,42,
ABC-SMC,1922684.350132626,33.16723092481375,3624260.0,62.520230293273926,0.6104843115333505,24.683359746273545,90.90060496040716,27.63090140105086,0.6227458674139801,10.300019086879471,0.6887183504702268,4.480266241587426,5,1,True,42,
ABC-SMC,1924477.453580902,33.174062976786566,3627640.0,62.53310871124268,0.6104843115333505,24.683359746273545,90.90060496040716,27.63090140105086,0.6227458674139801,10.300019086879471,0.6887183504702268,4.480266241587426,5,1,True,42,
ABC-SMC,1921174.6031746028,33.09311778457076,3631020.0,62.545992612838745,0.6104843115333505,24.683359746273545,90.90060496040716,27.63090140105086,0.6227458674139801,10.300019086879471,0.6887183504702268,4.480266241587426,5,1,True,42,
ABC-SMC,1922962.962962963,33.09991321866474,3634400.0,62.55883598327637,0.6104843115333505,24.683359746273545,90.90060496040714,27.63090140105086,0.6227458674139801,10.300019086879471,0.688718350470227,4.480266241587426,5,1,True,42,
ABC-SMC,1919672.823218997,33.01933208052905,3637780.0,62.57163429260254,0.6104843115333505,24.683359746273545,90.90060496040716,27.63090140105086,0.6227458674139801,10.300019086879471,0.6887183504702268,4.480266241587426,5,1,True,42,
ABC-SMC,1906366.4921465963,32.76669929164866,3641160.0,62.58439564704895,0.6104843115333505,24.683359746273545,90.90060496040716,27.63090140105086,0.6227458674139801,10.300019086879471,0.6887183504702268,4.480266241587426,5,1,True,42,
ABC-SMC,1908136.1256544504,32.77338075388164,3644540.0,62.59715723991394,0.6104843115333505,24.683359746273545,90.90060496040716,27.63090140105086,0.6227458674139801,10.300019086879471,0.6887183504702268,4.480266241587426,5,1,True,42,
ABC-SMC,1904919.0600522195,32.694568584232975,3647920.0,62.61009883880615,0.6104843115333505,24.683359746273545,90.90060496040714,27.63090140105086,0.6227458674139801,10.300019086879471,0.688718350470227,4.480266241587426,5,1,True,42,
ABC-SMC,1901718.75,32.61612715820471,3651300.0,62.62296414375305,0.6104843115333505,24.683359746273545,90.90060496040716,27.63090140105086,0.6227458674139801,10.300019086879471,0.6887183504702268,4.480266241587426,5,1,True,42,
ABC-SMC,1903479.1666666667,32.62286546329658,3654680.0,62.63590168952942,0.6104843115333505,24.683359746273545,90.90060496040716,27.63090140105086,0.6227458674139801,10.300019086879471,0.6887183504702268,4.480266241587426,5,1,True,42,
ABC-SMC,1900290.909090909,32.54484337645692,3658060.0,62.648823499679565,0.6104843115333505,24.683359746273545,90.90060496040716,27.63090140105086,0.6227458674139801,10.300019086879471,0.6887183504702268,4.480266241587426,5,1,True,42,
ABC-SMC,1902046.7532467528,32.55153049122204,3661440.0,62.66169619560242,0.6104843115333505,24.683359746273545,90.90060496040714,27.63090140105086,0.6227458674139801,10.300019086879471,0.688718350470227,4.480266241587426,5,1,True,42,
ABC-SMC,1898870.466321244,32.47386680365844,3664820.0,62.67456293106079,0.6104843115333505,24.683359746273545,90.90060496040716,27.63090140105086,0.6227458674139801,10.300019086879471,0.6887183504702268,4.480266241587426,5,1,True,42,
ABC-SMC,1881128.2051282048,32.1474597392938,3668200.0,62.687546491622925,0.6104843115333505,24.683359746273545,90.90060496040716,27.63090140105086,0.6227458674139801,10.300019086879471,0.6887183504702268,4.480266241587426,5,1,True,42,
ABC-SMC,1882861.5384615385,32.15402529789851,3671580.0,62.7003493309021,0.6104843115333505,24.683359746273545,90.90060496040716,27.63090140105086,0.6227458674139801,10.300019086879471,0.6887183504702268,4.480266241587426,5,1,True,42,
ABC-SMC,1884594.8717948715,32.16065125587659,3674960.0,62.71326994895935,0.6104843115333505,24.683359746273545,90.90060496040714,27.63090140105086,0.6227458674139801,10.300019086879471,0.688718350470227,4.480266241587426,5,1,True,42,
ABC-SMC,1881503.8363171355,32.08495259589856,3678340.0,62.72608232498169,0.6104843115333505,24.683359746273545,90.90060496040716,27.63090140105086,0.6227458674139801,10.300019086879471,0.6887183504702268,4.480266241587426,5,1,True,42,
ABC-SMC,1878428.571428572,32.00961996097954,3681720.0,62.7388551235199,0.6104843115333505,24.683359746273545,90.90060496040716,27.63090140105086,0.6227458674139801,10.300019086879471,0.6887183504702268,4.480266241587426,5,1,True,42,
ABC-SMC,1875368.9567430024,31.934674095561487,3685100.0,62.75163459777832,0.6104843115333505,24.683359746273545,90.90060496040716,27.63090140105086,0.6227458674139801,10.300019086879471,0.6887183504702268,4.480266241587426,5,1,True,42,
ABC-SMC,1877089.058524173,31.94123430713139,3688480.0,62.764525413513184,0.6104843115333505,24.683359746273545,90.90060496040714,27.63090140105086,0.6227458674139801,10.300019086879471,0.688718350470227,4.480266241587426,5,1,True,42,
ABC-SMC,1878809.160305344,31.94778784540773,3691860.0,62.7774031162262,0.6104843115333505,24.683359746273545,90.90060496040716,27.63090140105086,0.6227458674139801,10.300019086879471,0.6887183504702268,4.480266241587426,5,1,True,42,
ABC-SMC,1880529.262086514,31.95431687449681,3695240.0,62.79023265838623,0.6104843115333505,24.683359746273545,90.90060496040716,27.63090140105086,0.6227458674139801,10.300019086879471,0.6887183504702268,4.480266241587426,5,1,True,42,
ABC-SMC,1872718.987341772,31.79906229429607,3698620.0,62.80314803123474,0.6104843115333505,24.683359746273545,90.90060496040716,27.63090140105086,0.6227458674139801,10.300019086879471,0.6887183504702268,4.480266241587426,5,1,True,42,
ABC-SMC,1869696.9696969693,31.725261428139422,3702000.0,62.816017627716064,0.6104843115333505,24.683359746273545,90.90060496040714,27.63090140105086,0.6227458674139801,10.300019086879471,0.688718350470227,4.480266241587426,5,1,True,42,
ABC-SMC,1871404.0404040404,31.73168259437638,3705380.0,62.828731536865234,0.6104843115333505,24.683359746273545,90.90060496040716,27.63090140105086,0.6227458674139801,10.300019086879471,0.6887183504702268,4.480266241587426,5,1,True,42,
ABC-SMC,1863698.492462312,31.578663964966434,3708760.0,62.8415412902832,0.6104843115333505,24.683359746273545,90.90060496040716,27.63090140105086,0.6227458674139801,10.300019086879471,0.6887183504702268,4.480266241587426,5,1,True,42,
ABC-SMC,1856070.0,31.427156209945675,3712140.0,62.85431241989136,0.6104843115333505,24.683359746273545,90.90060496040716,27.63090140105086,0.6227458674139801,10.300019086879471,0.6887183504702268,4.480266241587426,5,1,True,42,
ABC-SMC,1857760.0,31.433592200279232,3715520.0,62.86718440055847,0.6104843115333505,24.683359746273545,90.90060496040714,27.63090140105086,0.6227458674139801,10.300019086879471,0.688718350470227,4.480266241587426,5,1,True,42,
ABC-SMC,1859450.0,31.440002441406254,3718900.0,62.8800048828125,0.6104843115333505,24.683359746273545,90.90060496040716,27.63090140105086,0.6227458674139801,10.300019086879471,0.6887183504702268,4.480266241587426,5,1,True,42,
ABC-SMC,1861140.0,31.44639360904693,3722280.0,62.89278721809387,0.6104843115333505,24.683359746273545,90.90060496040716,27.63090140105086,0.6227458674139801,10.300019086879471,0.6887183504702268,4.480266241587426,5,1,True,42,
ABC-SMC,1848962.7791563272,31.218688127124867,3725660.0,62.905656576156616,0.6104843115333505,24.683359746273545,90.90060496040716,27.63090140105086,0.6227458674139801,10.300019086879471,0.6887183504702268,4.480266241587426,5,1,True,42,
ABC-SMC,1846059.4059405944,31.147794676299142,3729040.0,62.91854524612427,0.6104843115333505,24.683359746273545,90.90060496040714,27.63090140105086,0.6227458674139801,10.300019086879471,0.688718350470227,4.480266241587426,5,1,True,42,
ABC-SMC,1843170.3703703696,31.077220233870133,3732420.0,62.93137097358704,0.6104843115333505,24.683359746273545,90.90060496040716,27.63090140105086,0.6227458674139801,10.300019086879471,0.6887183504702268,4.480266241587426,5,1,True,42,
ABC-SMC,1844839.506172839,31.083579357759444,3735800.0,62.94424819946289,0.6104843115333505,24.683359746273545,90.90060496040716,27.63090140105086,0.6227458674139801,10.300019086879471,0.6887183504702268,4.480266241587426,5,1,True,42,
ABC-SMC,1841960.5911330048,31.01337073471745,3739180.0,62.95714259147644,0.6104843115333505,24.683359746273545,90.90060496040716,27.63090140105086,0.6227458674139801,10.300019086879471,0.6887183504702268,4.480266241587426,5,1,True,42,
ABC-SMC,1839095.823095824,30.94342838634145,3742560.0,62.969876766204834,0.6104843115333505,24.683359746273545,90.90060496040714,27.63090140105086,0.6227458674139801,10.300019086879471,0.688718350470227,4.480266241587426,5,1,True,42,
ABC-SMC,1836245.098039216,30.873934427897137,3745940.0,62.98282623291016,0.6104843115333505,24.683359746273545,90.90060496040716,27.63090140105086,0.6227458674139801,10.300019086879471,0.6887183504702268,4.480266241587426,5,1,True,42,
ABC-SMC,1837901.9607843133,30.88023124956617,3749320.0,62.99567174911499,0.6104843115333505,24.683359746273545,90.90060496040716,27.63090140105086,0.6227458674139801,10.300019086879471,0.6887183504702268,4.480266241587426,5,1,True,42,
ABC-SMC,1839558.823529412,30.88652421446408,3752700.0,63.00850939750672,0.6104843115333505,24.683359746273545,90.90060496040716,27.63090140105086,0.6227458674139801,10.300019086879471,0.6887183504702268,4.480266241587426,5,1,True,42,
ABC-SMC,1841215.6862745096,30.89277510549508,3756080.0,63.02126121520996,0.6104843115333505,24.683359746273545,90.90060496040714,27.63090140105086,0.6227458674139801,10.300019086879471,0.688718350470227,4.480266241587426,5,1,True,42,
ABC-SMC,1838366.7481662591,30.82346671367916,3759460.0,63.03398942947388,0.6104843115333505,24.683359746273545,90.90060496040716,27.63090140105086,0.6227458674139801,10.300019086879471,0.6887183504702268,4.480266241587426,5,1,True,42,
ABC-SMC,1840019.5599022005,30.829747673351783,3762840.0,63.0468339920044,0.6104843115333505,24.683359746273545,90.90060496040716,27.63090140105086,0.6227458674139801,10.300019086879471,0.6887183504702268,4.480266241587426,5,1,True,42,
ABC-SMC,1837180.487804878,30.760842532646365,3766220.0,63.05972719192505,0.6104843115333505,24.683359746273545,90.90060496040716,27.63090140105086,0.6227458674139801,10.300019086879471,0.6887183504702268,4.480266241587426,5,1,True,42,
ABC-SMC,1838829.268292683,30.76703199526159,3769600.0,63.072415590286255,0.6104843115333505,24.683359746273545,90.90060496040714,27.63090140105086,0.6227458674139801,10.300019086879471,0.688718350470227,4.480266241587426,5,1,True,42,
ABC-SMC,1836000.0000000005,30.69833839026681,3772980.0,63.08508539199829,0.6104843115333505,24.683359746273545,90.90060496040716,27.63090140105086,0.6227458674139801,10.300019086879471,0.6887183504702268,4.480266241587426,5,1,True,42,
ABC-SMC,1837644.768856448,30.704538549529964,3776360.0,63.09782671928406,0.6104843115333505,24.683359746273545,90.90060496040716,27.63090140105086,0.6227458674139801,10.300019086879471,0.6887183504702268,4.480266241587426,5,1,True,42,
ABC-SMC,1839289.537712896,30.71074717816356,3779740.0,63.1105854511261,0.6104843115333505,24.683359746273545,90.90060496040716,27.63090140105086,0.6227458674139801,10.300019086879471,0.6887183504702268,4.480266241587426,5,1,True,42,
ABC-SMC,1840934.306569344,30.7169921206732,3783120.0,63.1234188079834,0.6104843115333505,24.683359746273545,90.90060496040714,27.63090140105086,0.6227458674139801,10.300019086879471,0.688718350470227,4.480266241587426,5,1,True,42,
ABC-SMC,1842579.075425791,30.723184738716075,3786500.0,63.13614463806152,0.6104843115333505,24.683359746273545,90.90060496040716,27.63090140105086,0.6227458674139801,10.300019086879471,0.6887183504702268,4.480266241587426,5,1,True,42,
ABC-SMC,1844223.8442822387,30.729350788459875,3789880.0,63.14881587028504,0.6104843115333505,24.683359746273545,90.90060496040716,27.63090140105086,0.6227458674139801,10.300019086879471,0.6887183504702268,4.480266241587426,5,1,True,42,
ABC-SMC,1836929.7820823244,30.58670034708757,3793260.0,63.16153621673584,0.6104843115333505,24.683359746273545,90.90060496040716,27.63090140105086,0.6227458674139801,10.300019086879471,0.6887183504702268,4.480266241587426,5,1,True,42,
ABC-SMC,1838566.5859564168,30.592806056394416,3796640.0,63.17414450645447,0.6104843115333505,24.683359746273545,90.90060496040714,27.63090140105086,0.6227458674139801,10.300019086879471,0.688718350470227,4.480266241587426,5,1,True,42,
ABC-SMC,1835758.45410628,30.525049380058253,3800020.0,63.18685221672058,0.6104843115333505,24.683359746273545,90.90060496040716,27.63090140105086,0.6227458674139801,10.300019086879471,0.6887183504702268,4.480266241587426,5,1,True,42,
ABC-SMC,1832963.8554216872,30.457600398236018,3803400.0,63.19952082633972,0.6104843115333505,24.683359746273545,90.90060496040716,27.63090140105086,0.6227458674139801,10.300019086879471,0.6887183504702268,4.480266241587426,5,1,True,42,
ABC-SMC,1834592.7710843373,30.463724595954627,3806780.0,63.21222853660584,0.6104843115333505,24.683359746273545,90.90060496040716,27.63090140105086,0.6227458674139801,10.300019086879471,0.6887183504702268,4.480266241587426,5,1,True,42,
ABC-SMC,1836221.686746988,30.46988820455161,3810160.0,63.22501802444458,0.6104843115333505,24.683359746273545,90.90060496040714,27.63090140105086,0.6227458674139801,10.300019086879471,0.688718350470227,4.480266241587426,5,1,True,42,
ABC-SMC,1837850.602409639,30.476017687694146,3813540.0,63.23773670196533,0.6104843115333505,24.683359746273545,90.90060496040716,27.63090140105086,0.6227458674139801,10.300019086879471,0.6887183504702268,4.480266241587426,5,1,True,42,
ABC-SMC,1835057.6923076925,30.408900288435127,3816920.0,63.25051259994507,0.6104843115333505,24.683359746273545,90.90060496040716,27.63090140105086,0.6227458674139801,10.300019086879471,0.6887183504702268,4.480266241587426,5,1,True,42,
ABC-SMC,1823532.2195704065,30.197216958020928,3820300.0,63.26316952705383,0.6104843115333505,24.683359746273545,90.90060496040716,27.63090140105086,0.6227458674139801,10.300019086879471,0.6887183504702268,4.480266241587426,5,1,True,42,
ABC-SMC,1825145.584725537,30.20331250739269,3823680.0,63.27593970298767,0.6104843115333505,24.683359746273545,90.90060496040714,27.63090140105086,0.6227458674139801,10.300019086879471,0.688718350470227,4.480266241587426,5,1,True,42,
ABC-SMC,1826758.949880669,30.209422965038367,3827060.0,63.28874111175537,0.6104843115333505,24.683359746273545,90.90060496040716,27.63090140105086,0.6227458674139801,10.300019086879471,0.6887183504702268,4.480266241587426,5,1,True,42,
ABC-SMC,1824019.047619048,30.14352457863944,3830440.0,63.30140161514282,0.6104843115333505,24.683359746273545,90.90060496040716,27.63090140105086,0.6227458674139801,10.300019086879471,0.6887183504702268,4.480266241587426,5,1,True,42,
ABC-SMC,1821292.16152019,30.078011510491088,3833820.0,63.31421422958374,0.6104843115333505,24.683359746273545,90.90060496040716,27.63090140105086,0.6227458674139801,10.300019086879471,0.6887183504702268,4.480266241587426,5,1,True,42,
ABC-SMC,1818578.199052133,30.0127865578891,3837200.0,63.326979637146,0.6104843115333505,24.683359746273545,90.90060496040714,27.63090140105086,0.6227458674139801,10.300019086879471,0.688718350470227,4.480266241587426,5,1,True,42,
ABC-SMC,1820180.09478673,30.018799677844296,3840580.0,63.339667320251465,0.6104843115333505,24.683359746273545,90.90060496040716,27.63090140105086,0.6227458674139801,10.300019086879471,0.6887183504702268,4.480266241587426,5,1,True,42,
ABC-SMC,1821781.9905213271,30.02481528368041,3843960.0,63.35236024856568,0.6104843115333505,24.683359746273545,90.90060496040716,27.63090140105086,0.6227458674139801,10.300019086879471,0.6887183504702268,4.480266241587426,5,1,True,42,
ABC-SMC,1823383.886255924,30.030845126834524,3847340.0,63.36508321762085,0.6104843115333505,24.683359746273545,90.90060496040716,27.63090140105086,0.6227458674139801,10.300019086879471,0.6887183504702268,4.480266241587426,5,1,True,42,
ABC-SMC,1812103.5294117648,29.82485928254969,3850720.0,63.37782597541809,0.6104843115333505,24.683359746273545,90.90060496040714,27.63090140105086,0.6227458674139801,10.300019086879471,0.688718350470227,4.480266241587426,5,1,True,42,
ABC-SMC,1805199.06323185,29.69112664251752,3854100.0,63.3905553817749,0.6104843115333505,24.683359746273545,90.90060496040716,27.63090140105086,0.6227458674139801,10.300019086879471,0.6887183504702268,4.480266241587426,5,1,True,42,
ABC-SMC,1806782.201405152,29.69709235555394,3857480.0,63.40329217910767,0.6104843115333505,24.683359746273545,90.90060496040716,27.63090140105086,0.6227458674139801,10.300019086879471,0.6887183504702268,4.480266241587426,5,1,True,42,
ABC-SMC,1808365.3395784544,29.703132330115004,3860860.0,63.41618752479553,0.6104843115333505,24.683359746273545,90.90060496040716,27.63090140105086,0.6227458674139801,10.300019086879471,0.6887183504702268,4.480266241587426,5,1,True,42,
ABC-SMC,1805719.6261682245,29.63974286462659,3864240.0,63.4290497303009,0.6104843115333505,24.683359746273545,90.90060496040714,27.63090140105086,0.6227458674139801,10.300019086879471,0.688718350470227,4.480266241587426,5,1,True,42,
ABC-SMC,1803086.2470862472,29.57661879924072,3867620.0,63.44184732437134,0.6104843115333505,24.683359746273545,90.90060496040716,27.63090140105086,0.6227458674139801,10.300019086879471,0.6887183504702268,4.480266241587426,5,1,True,42,
ABC-SMC,1796287.7030162413,29.4452663917276,3871000.0,63.454549074172974,0.6104843115333505,24.683359746273545,90.90060496040716,27.63090140105086,0.6227458674139801,10.300019086879471,0.6887183504702268,4.480266241587426,5,1,True,42,
ABC-SMC,1793694.4444444445,29.38298229817991,3874380.0,63.4672417640686,0.6104843115333505,24.683359746273545,90.90060496040716,27.63090140105086,0.6227458674139801,10.300019086879471,0.6887183504702268,4.480266241587426,5,1,True,42,
ABC-SMC,1791113.1639722865,29.32097212546968,3877760.0,63.479904651641846,0.6104843115333505,24.683359746273545,90.90060496040714,27.63090140105086,0.6227458674139801,10.300019086879471,0.688718350470227,4.480266241587426,5,1,True,42,
ABC-SMC,1792674.364896074,29.32685054752623,3881140.0,63.49263143539429,0.6104843115333505,24.683359746273545,90.90060496040716,27.63090140105086,0.6227458674139801,10.300019086879471,0.6887183504702268,4.480266241587426,5,1,True,42,
ABC-SMC,1785986.2068965517,29.197871657623644,3884520.0,63.50537085533142,0.6104843115333505,24.683359746273545,90.90060496040716,27.63090140105086,0.6227458674139801,10.300019086879471,0.6887183504702268,4.480266241587426,5,1,True,42,
ABC-SMC,1787540.2298850575,29.20370354049508,3887900.0,63.51805520057678,0.6104843115333505,24.683359746273545,90.90060496040716,27.63090140105086,0.6227458674139801,10.300019086879471,0.6887183504702268,4.480266241587426,5,1,True,42,
ABC-SMC,1784990.8256880734,29.142561855666138,3891280.0,63.53078484535217,0.6104843115333505,24.683359746273545,90.90060496040714,27.63090140105086,0.6227458674139801,10.300019086879471,0.688718350470227,4.480266241587426,5,1,True,42,
ABC-SMC,1786541.28440367,29.14839042436092,3894660.0,63.54349112510681,0.6104843115333505,24.683359746273545,90.90060496040716,27.63090140105086,0.6227458674139801,10.300019086879471,0.6887183504702268,4.480266241587426,5,1,True,42,
ABC-SMC,1784000.0,29.087506169858187,3898040.0,63.55620098114014,0.6104843115333505,24.683359746273545,90.90060496040716,27.63090140105086,0.6227458674139801,10.300019086879471,0.6887183504702268,4.480266241587426,5,1,True,42,
ABC-SMC,1781470.3196347032,29.02693944434597,3901420.0,63.56899738311768,0.6104843115333505,24.683359746273545,90.90060496040716,27.63090140105086,0.6227458674139801,10.300019086879471,0.6887183504702268,4.480266241587426,5,1,True,42,
ABC-SMC,1783013.698630137,29.03276796210302,3904800.0,63.581761837005615,0.6104843115333505,24.683359746273545,90.90060496040714,27.63090140105086,0.6227458674139801,10.300019086879471,0.688718350470227,4.480266241587426,5,1,True,42,
ABC-SMC,1784557.0776255708,29.03856316657916,3908180.0,63.59445333480835,0.6104843115333505,24.683359746273545,90.90060496040716,27.63090140105086,0.6227458674139801,10.300019086879471,0.6887183504702268,4.480266241587426,5,1,True,42,
ABC-SMC,1786100.4566210045,29.044371435087022,3911560.0,63.607173442840576,0.6104843115333505,24.683359746273545,90.90060496040716,27.63090140105086,0.6227458674139801,10.300019086879471,0.6887183504702268,4.480266241587426,5,1,True,42,
ABC-SMC,1787643.8356164384,29.050200279444866,3914940.0,63.61993861198425,0.6104843115333505,24.683359746273545,90.90060496040716,27.63090140105086,0.6227458674139801,10.300019086879471,0.6887183504702268,4.480266241587426,5,1,True,42,
ABC-SMC,1785111.617312073,28.98978046512821,3918320.0,63.63256812095642,0.6104843115333505,24.683359746273545,90.90060496040714,27.63090140105086,0.6227458674139801,10.300019086879471,0.688718350470227,4.480266241587426,5,1,True,42,
ABC-SMC,1782590.909090909,28.92968231981451,3921700.0,63.64530110359192,0.6104843115333505,24.683359746273545,90.90060496040716,27.63090140105086,0.6227458674139801,10.300019086879471,0.6887183504702268,4.480266241587426,5,1,True,42,
ABC-SMC,1784127.272727273,28.93541585315357,3925080.0,63.657914876937866,0.6104843115333505,24.683359746273545,90.90060496040716,27.63090140105086,0.6227458674139801,10.300019086879471,0.6887183504702268,4.480266241587426,5,1,True,42,
ABC-SMC,1785663.6363636365,28.94117539579218,3928460.0,63.6705858707428,0.6104843115333505,24.683359746273545,90.90060496040716,27.63090140105086,0.6227458674139801,10.300019086879471,0.6887183504702268,4.480266241587426,5,1,True,42,
ABC-SMC,1779113.1221719456,28.81597803728613,3931840.0,63.68331146240234,0.6104843115333505,24.683359746273545,90.90060496040714,27.63090140105086,0.6227458674139801,10.300019086879471,0.688718350470227,4.480266241587426,5,1,True,42,
ABC-SMC,1776623.0248306997,28.75668060698843,3935220.0,63.69604754447937,0.6104843115333505,24.683359746273545,90.90060496040716,27.63090140105086,0.6227458674139801,10.300019086879471,0.6887183504702268,4.480266241587426,5,1,True,42,
ABC-SMC,1774144.144144144,28.69765618899921,3938600.0,63.70879673957825,0.6104843115333505,24.683359746273545,90.90060496040716,27.63090140105086,0.6227458674139801,10.300019086879471,0.6887183504702268,4.480266241587426,5,1,True,42,
ABC-SMC,1771676.404494382,28.638902621322803,3941980.0,63.72155833244324,0.6104843115333505,24.683359746273545,90.90060496040716,27.63090140105086,0.6227458674139801,10.300019086879471,0.6887183504702268,4.480266241587426,5,1,True,42,
ABC-SMC,1769219.730941704,28.580408566735784,3945360.0,63.7343111038208,0.6104843115333505,24.683359746273545,90.90060496040714,27.63090140105086,0.6227458674139801,10.300019086879471,0.688718350470227,4.480266241587426,5,1,True,42,
ABC-SMC,1766697.9865771811,28.52212662664836,3948570.0,63.74695301055908,0.6104531366723982,24.637348120485967,90.65795112453988,27.630901401049883,0.6336950811793145,10.29776080804026,0.699304802884196,4.481288499285981,5,1,True,42,
ABC-SMC,1764116.0714285714,28.62311931593077,3951620.0,64.11578726768494,0.608919375840555,24.65597550910532,90.63330044864097,27.63090140107212,0.6301736132044868,10.293238845731292,0.6981195672145868,4.479176165156771,5,1,True,42,
ABC-SMC,1765408.482142857,28.633602389267512,3954515.0,64.13926935195923,0.6076181354831534,24.66302175767532,90.64417274484074,27.630901401072418,0.6286425286500263,10.290074514239826,0.6975607347121175,4.477709683197848,5,1,True,42,
ABC-SMC,1766636.1607142857,28.643784991332463,3957265.0,64.16207838058472,0.6065221312576656,24.67379398648795,90.6127740431688,27.63090140107241,0.6323894098348459,10.297346388981332,0.6993233381887425,4.481152574255294,5,1,True,42,
ABC-SMC,1767801.3392857143,28.652316864047734,3959875.0,64.18118977546692,0.6042633368569533,24.67903136285813,90.63286955570366,27.63090140107229,0.6334349888657458,10.297447884009294,0.6989108905558784,4.481015597258738,5,1,True,42,
ABC-SMC,2762979.094076656,44.74100219248064,3964875.0,64.20333814620972,0.6023017628784029,24.678707044309288,90.68792526473794,27.63090140107223,0.6303266864324486,10.30113711865038,0.6966404323702919,4.482479019771047,5,1,True,42,
ABC-SMC,2756684.027777778,44.597957200474205,3969625.0,64.22105836868286,0.6010510019066473,24.673006322044195,90.66745571240332,27.63090140107193,0.6267583118194706,10.300143744069,0.6970939103800389,4.482115379475088,5,1,True,42,
ABC-SMC,2740782.7586206896,44.30106080811599,3974135.0,64.23653817176819,0.6001606919632967,24.676355947515383,90.61134813536027,27.63090140107176,0.6346353593206685,10.307219240574616,0.701693740626495,4.4855360659551815,5,1,True,42,
ABC-SMC,2743734.4827586208,44.31060971884892,3978415.0,64.25038409233093,0.5980649220083165,24.69167261401482,90.53973000993898,27.6309014010722,0.6389719435768436,10.304996210230232,0.7025992359839479,4.484817739012514,5,1,True,42,
ABC-SMC,2727797.94520548,44.255804362362376,3982585.0,64.61347436904907,0.597290159540451,24.689336397941915,90.54495975867924,27.630901401072,0.6390308855068048,10.302685312859706,0.7015907730098956,4.483825462522179,5,1,True,42,
ABC-SMC,2721201.365187714,44.35599672102684,3986560.0,64.98153519630432,0.5960508988658519,24.6703385364412,90.53500662054252,27.630901401071966,0.6423652215084182,10.300852655686857,0.7036945952041856,4.482761105949799,5,1,True,42,
ABC-SMC,2723778.156996588,44.6087169972703,3990335.0,65.35177040100098,0.594193617347581,24.68552851575111,90.44596296060212,27.63090140107229,0.6511351108608313,10.304297766447622,0.7066649389706083,4.484407475296345,5,1,True,42,
ABC-SMC,2726232.0819112635,44.86498962897083,3993930.0,65.72720980644226,0.5930048458789666,24.69557981670428,90.41718653869675,27.63090140109428,0.6522563084538373,10.29924211218786,0.7067274047755466,4.482249772174801,5,1,True,42,
ABC-SMC,2728563.139931741,45.14453695902646,3997345.0,66.13674664497375,0.5911875581718871,24.685139210499493,90.42565408813763,27.63090140109384,0.6580340987532296,10.297998482215748,0.7066010118205123,4.481900268063246,5,1,True,42,
ABC-SMC,2730784.982935154,45.16098767824141,4000600.0,66.16084694862366,0.5879532609108857,24.691204012087365,90.44216860652894,27.630901401094214,0.6541807667288866,10.293517537500348,0.7046751196526407,4.479800206716734,5,1,True,42,
ABC-SMC,2732897.610921502,45.17635192480511,4003695.0,66.18335556983948,0.5869588600949588,24.68343579651404,90.43794598034673,27.630901401094405,0.6571215876518399,10.29085942865628,0.7061780135209882,4.478814000198433,5,1,True,42,
ABC-SMC,2734911.262798636,45.43002571262191,4006645.0,66.55498766899109,0.584649873695954,24.707836531344206,90.45271236265538,27.63090140111657,0.6505626929676744,10.28256995639244,0.7037059960075012,4.475123156824448,5,1,True,42,
ABC-SMC,2709087.837837838,45.228641580890965,4009450.0,66.93838953971863,0.5828049387649615,24.70745205866348,90.50902149936502,27.63090140111651,0.648690057276717,10.284051862083343,0.7010500472072112,4.475393529388576,5,1,True,42,
ABC-SMC,2710888.5135135134,45.48007153175973,4012115.0,67.3105058670044,0.5811194058036481,24.75413340430903,90.45776463669966,27.63090140116137,0.6487229766116587,10.287637812894069,0.7014804023289681,4.4772834642751,5,1,True,42,
ABC-SMC,2712611.4864864866,45.49562818295247,4014665.0,67.33352971076965,0.5806650710719109,24.741155918338013,90.49704998153167,27.63090140116102,0.6434039731148028,10.281791524902156,0.7015153146174058,4.4743687031697545,5,1,True,42,
ABC-SMC,5120592.356687898,85.80665072058416,4019665.0,67.35822081565857,0.579811471179017,24.77140781811657,90.46955287479776,27.630901401184072,0.6395137159533569,10.29030710013822,0.6999917462114039,4.478394215412325,5,1,True,42,
ABC-SMC,5094196.202531645,85.29014798659313,4024415.0,67.37921690940857,0.578313039812009,24.777743098558496,90.4796986754664,27.630901401184065,0.6401472958088963,10.295637547731152,0.7000542896210115,4.480879363646573,5,1,True,42,
ABC-SMC,5099917.721518988,85.31343876561031,4028935.0,67.39761662483215,0.5772811997440467,24.783347791721283,90.56916980634551,27.63090140118417,0.6324883407442436,10.298309309543944,0.6963793298902048,4.481515934097724,5,1,True,42,
ABC-SMC,5105373.417721519,85.78140011316614,4033245.0,67.76730608940125,0.5752211955098852,24.774390122616857,90.57490366717744,27.63090140118389,0.6374878943401896,10.295298699642062,0.6960175500228386,4.4803320340482005,5,1,True,42,
ABC-SMC,5046681.25,84.74185317754745,4037345.0,67.79348254203796,0.5735533433070316,24.788785979688523,90.61360771176214,27.630901401184108,0.6332264610300439,10.299079763069535,0.6946361107163901,4.481813233882527,5,1,True,42,
ABC-SMC,5051625.0,85.22262781858444,4041300.0,68.17810225486755,0.5723153510940027,24.79422663896468,90.64695391054528,27.630901401184094,0.6353516804972086,10.30569281002818,0.6946090412932274,4.484584094451821,5,1,True,42,
ABC-SMC,5024919.254658385,85.16524149023968,4045060.0,68.55801939964294,0.5701073184283527,24.800226375907314,90.54844946105996,27.630901401184254,0.6552216987027242,10.306725554995063,0.7018201456180774,4.485054955256929,5,1,True,42,
ABC-SMC,4998308.641975309,85.11947025487453,4048630.0,68.94677090644836,0.5676166047907716,24.79790840643665,90.564061561976,27.63090140118413,0.6535341684894656,10.300688466394137,0.7013117835400287,4.482473277680189,5,1,True,42,
ABC-SMC,5002493.827160494,85.58349108990328,4052020.0,69.32262778282166,0.5634895750138033,24.8311450521735,90.65725318564978,27.63090140118543,0.6476448723677829,10.296948524927249,0.6969971625539166,4.480335261476532,5,1,True,42,
ABC-SMC,4975760.736196319,85.5109872993516,4055245.0,69.69145464897156,0.5620723268823823,24.864003956586394,90.72401338747665,27.630901401187405,0.6414990965750744,10.290401513197583,0.6944238523389159,4.47721058970383,5,1,True,42,
ABC-SMC,4979521.472392637,85.94670441984398,4058310.0,70.04656410217285,0.5610158217710756,24.92612927843064,90.69064387809492,27.63090140123312,0.651332054384057,10.296229187653095,0.6994951722975247,4.480353173293376,5,1,True,42,
ABC-SMC,4983104.294478526,86.40059488682658,4061230.0,70.41648483276367,0.5560767144526376,24.932852558035155,90.6957416202899,27.63090140123313,0.6569557259595623,10.296831318266,0.7007743552567526,4.480767762797575,5,1,True,42,
ABC-SMC,4956097.560975608,86.33762307283354,4064000.0,70.79685091972351,0.554418665152087,24.916698076705188,90.7511551850478,27.63090140123284,0.6525076426507426,10.294855634835145,0.7014462916721756,4.479747416961885,5,1,True,42,
ABC-SMC,4959304.878048779,86.36543023877026,4066630.0,70.81965279579163,0.5524045904939663,24.926821509551587,90.7939312612038,27.63090140123288,0.6533428952933125,10.300096043480536,0.7020036386236945,4.4819652506849925,5,1,True,42,
ABC-SMC,4962439.024390244,86.39165773624326,4069200.0,70.84115934371948,0.5505518112323184,24.914937151986106,90.68087815221104,27.63090140123265,0.6607280024908562,10.298882319859317,0.7051122318605488,4.482551362984382,5,1,True,42,
ABC-SMC,11162191.78082192,194.15443564114503,4074200.0,70.86636900901794,0.5500806060476628,24.89206119179925,90.3632198937681,27.63090140121021,0.6947926326148898,10.290286929494666,0.7137035446770367,4.480345821414059,5,1,True,42,
ABC-SMC,11175342.465753425,195.1697878641625,4079000.0,71.23697257041931,0.5497540190507749,24.8787259098982,90.3751339751308,27.63090140120985,0.6956704263352124,10.289302048670654,0.7164018661864711,4.479986701944533,5,1,True,42,
ABC-SMC,11187876.712328767,196.2275733686473,4083575.0,71.62306427955627,0.5475379404048253,24.86790582850537,90.38091852389483,27.63090140120951,0.7076870605549178,10.29159274318386,0.7225125256872156,4.481386330649035,5,1,True,42,
ABC-SMC,11199821.91780822,197.28433857225392,4087935.0,72.00878357887268,0.5451096609848968,24.88285892904757,90.43290796990922,27.630901401209684,0.7127259430724897,10.294950400778704,0.7229540523673027,4.482812210024867,5,1,True,42,
ABC-SMC,11211547.945205478,197.35774797936008,4092215.0,72.03557801246643,0.5446014391807661,24.90689699106516,90.43075180539184,27.63090140121041,0.7113206511046719,10.288900370579006,0.7228821530081685,4.480263268067702,5,1,True,42,
ABC-SMC,11223273.97260274,197.42282514702785,4096495.0,72.05933117866516,0.5446014391807661,24.90689699106516,90.43075180539184,27.63090140121041,0.7113206511046719,10.288900370579006,0.7228821530081685,4.480263268067702,5,1,True,42,
ABC-SMC,11235000.0,197.47980914703783,4100775.0,72.08013033866882,0.5446014391807661,24.90689699106516,90.43075180539184,27.63090140121041,0.7113206511046719,10.288900370579006,0.7228821530081685,4.480263268067702,5,1,True,42,
ABC-SMC,11246726.02739726,197.5287574611298,4105055.0,72.09799647331238,0.5446014391807661,24.90689699106516,90.43075180539184,27.63090140121041,0.7113206511046719,10.288900370579006,0.7228821530081685,4.480263268067702,5,1,True,42,
ABC-SMC,11258452.054794522,197.5728622854573,4109335.0,72.1140947341919,0.5446014391807661,24.90689699106516,90.43075180539184,27.63090140121041,0.7113206511046719,10.288900370579006,0.7228821530081685,4.480263268067702,5,1,True,42,
ABC-SMC,11117878.378378378,194.94208000801703,4113615.0,72.12856960296631,0.5446014391807661,24.90689699106516,90.43075180539184,27.63090140121041,0.7113206511046719,10.288900370579006,0.7228821530081685,4.480263268067702,5,1,True,42,
ABC-SMC,11129445.945945946,194.9793164794509,4117895.0,72.14234709739685,0.5446014391807661,24.90689699106516,90.43075180539184,27.63090140121041,0.7113206511046719,10.288900370579006,0.7228821530081685,4.480263268067702,5,1,True,42,
ABC-SMC,11141013.513513513,195.0166721601744,4122175.0,72.15616869926453,0.5446014391807661,24.90689699106516,90.43075180539184,27.63090140121041,0.7113206511046719,10.288900370579006,0.7228821530081685,4.480263268067702,5,1,True,42,
ABC-SMC,11003880.0,192.45360056559244,4126455.0,72.17010021209717,0.5446014391807661,24.90689699106516,90.43075180539184,27.63090140121041,0.7113206511046719,10.288900370579006,0.7228821530081685,4.480263268067702,5,1,True,42,
ABC-SMC,11015293.333333334,192.49069531758624,4130735.0,72.18401074409485,0.5446014391807661,24.90689699106516,90.43075180539184,27.63090140121041,0.7113206511046719,10.288900370579006,0.7228821530081685,4.480263268067702,5,1,True,42,
ABC-SMC,10881618.421052633,189.99454347710852,4135015.0,72.19792652130127,0.5446014391807661,24.90689699106516,90.43075180539184,27.63090140121041,0.7113206511046719,10.288900370579006,0.7228821530081685,4.480263268067702,5,1,True,42,
ABC-SMC,10892881.578947367,190.03099265851472,4139295.0,72.2117772102356,0.5446014391807661,24.90689699106516,90.43075180539184,27.63090140121041,0.7113206511046719,10.288900370579006,0.7228821530081685,4.480263268067702,5,1,True,42,
ABC-SMC,10904144.736842103,190.06745501568443,4143575.0,72.22563290596008,0.5446014391807661,24.90689699106516,90.43075180539184,27.63090140121041,0.7113206511046719,10.288900370579006,0.7228821530081685,4.480263268067702,5,1,True,42,
ABC-SMC,10915407.89473684,190.1039926629317,4147855.0,72.23951721191406,0.5446014391807661,24.90689699106516,90.43075180539184,27.63090140121041,0.7113206511046719,10.288900370579006,0.7228821530081685,4.480263268067702,5,1,True,42,
ABC-SMC,10784766.233766234,187.6710328188809,4152135.0,72.25334763526917,0.5446014391807661,24.90689699106516,90.43075180539184,27.63090140121041,0.7113206511046719,10.288900370579006,0.7228821530081685,4.480263268067702,5,1,True,42,
ABC-SMC,10657474.35897436,185.30134359995523,4156415.0,72.26752400398254,0.5446014391807661,24.90689699106516,90.43075180539184,27.63090140121041,0.7113206511046719,10.288900370579006,0.7228821530081685,4.480263268067702,5,1,True,42,
ABC-SMC,10668448.717948718,185.33658003195737,4160695.0,72.28126621246338,0.5446014391807661,24.90689699106516,90.43075180539184,27.63090140121041,0.7113206511046719,10.288900370579006,0.7228821530081685,4.480263268067702,5,1,True,42,
ABC-SMC,10679423.076923076,185.3721575859265,4164975.0,72.29514145851135,0.5446014391807661,24.90689699106516,90.43075180539184,27.63090140121041,0.7113206511046719,10.288900370579006,0.7228821530081685,4.480263268067702,5,1,True,42,
ABC-SMC,10690397.435897436,185.4075835301326,4169255.0,72.30895757675171,0.5446014391807661,24.90689699106516,90.43075180539184,27.63090140121041,0.7113206511046719,10.288900370579006,0.7228821530081685,4.480263268067702,5,1,True,42,
ABC-SMC,10701371.794871794,185.44300397237143,4173535.0,72.32277154922485,0.5446014391807661,24.90689699106516,90.43075180539184,27.63090140121041,0.7113206511046719,10.288900370579006,0.7228821530081685,4.480263268067702,5,1,True,42,
ABC-SMC,10712346.153846154,185.47846109439163,4177815.0,72.33659982681274,0.5446014391807661,24.90689699106516,90.43075180539184,27.63090140121041,0.7113206511046719,10.288900370579006,0.7228821530081685,4.480263268067702,5,1,True,42,
ABC-SMC,10723320.512820514,185.51375560271435,4182095.0,72.3503646850586,0.5446014391807661,24.90689699106516,90.43075180539184,27.63090140121041,0.7113206511046719,10.288900370579006,0.7228821530081685,4.480263268067702,5,1,True,42,
ABC-SMC,10734294.871794872,185.5492396232409,4186375.0,72.36420345306396,0.5446014391807661,24.90689699106516,90.43075180539184,27.63090140121041,0.7113206511046719,10.288900370579006,0.7228821530081685,4.480263268067702,5,1,True,42,
ABC-SMC,10745269.23076923,185.58484713236493,4190655.0,72.37809038162231,0.5446014391807661,24.90689699106516,90.43075180539184,27.63090140121041,0.7113206511046719,10.288900370579006,0.7228821530081685,4.480263268067702,5,1,True,42,
ABC-SMC,10620088.607594935,183.270882352998,4194935.0,72.3919985294342,0.5446014391807661,24.90689699106516,90.43075180539184,27.63090140121041,0.7113206511046719,10.288900370579006,0.7228821530081685,4.480263268067702,5,1,True,42,
ABC-SMC,10630924.05063291,183.305970928337,4199215.0,72.40585851669312,0.5446014391807661,24.90689699106516,90.43075180539184,27.63090140121041,0.7113206511046719,10.288900370579006,0.7228821530081685,4.480263268067702,5,1,True,42,
ABC-SMC,10508737.5,181.0492968559265,4203495.0,72.4197187423706,0.5446014391807661,24.90689699106516,90.43075180539184,27.63090140121041,0.7113206511046719,10.288900370579006,0.7228821530081685,4.480263268067702,5,1,True,42,
ABC-SMC,10519437.5,181.0839951038361,4207775.0,72.43359804153442,0.5446014391807661,24.90689699106516,90.43075180539184,27.63090140121041,0.7113206511046719,10.288900370579006,0.7228821530081685,4.480263268067702,5,1,True,42,
ABC-SMC,10400135.802469136,178.8827301543436,4212055.0,72.44750571250916,0.5446014391807661,24.90689699106516,90.43075180539184,27.63090140121041,0.7113206511046719,10.288900370579006,0.7228821530081685,4.480263268067702,5,1,True,42,
ABC-SMC,10283743.902439022,176.73500456461088,4216335.0,72.46135187149048,0.5446014391807661,24.90689699106516,90.43075180539184,27.63090140121041,0.7113206511046719,10.288900370579006,0.7228821530081685,4.480263268067702,5,1,True,42,
ABC-SMC,10294182.926829267,176.76857331903966,4220615.0,72.47511506080627,0.5446014391807661,24.90689699106516,90.43075180539184,27.63090140121041,0.7113206511046719,10.288900370579006,0.7228821530081685,4.480263268067702,5,1,True,42,
ABC-SMC,10180469.87951807,174.67201646552024,4224895.0,72.48888683319092,0.5446014391807661,24.90689699106516,90.43075180539184,27.63090140121041,0.7113206511046719,10.288900370579006,0.7228821530081685,4.480263268067702,5,1,True,42,
ABC-SMC,10190783.13253012,174.70524224890283,4229175.0,72.50267553329468,0.5446014391807661,24.90689699106516,90.43075180539184,27.63090140121041,0.7113206511046719,10.288900370579006,0.7228821530081685,4.480263268067702,5,1,True,42,
ABC-SMC,10079654.76190476,172.6584366389683,4233455.0,72.5165433883667,0.5446014391807661,24.90689699106516,90.43075180539184,27.63090140121041,0.7113206511046719,10.288900370579006,0.7228821530081685,4.480263268067702,5,1,True,42,
ABC-SMC,9971141.176470589,170.65980350269987,4237735.0,72.53041648864746,0.5446014391807661,24.90689699106516,90.43075180539184,27.63090140121041,0.7113206511046719,10.288900370579006,0.7228821530081685,4.480263268067702,5,1,True,42,
ABC-SMC,9981211.76470588,170.69243318894328,4242015.0,72.5442841053009,0.5446014391807661,24.90689699106516,90.43075180539184,27.63090140121041,0.7113206511046719,10.288900370579006,0.7228821530081685,4.480263268067702,5,1,True,42,
ABC-SMC,9761597.701149426,166.8003515265454,4246295.0,72.55815291404724,0.5446014391807661,24.90689699106516,90.43075180539184,27.63090140121041,0.7113206511046719,10.288900370579006,0.7228821530081685,4.480263268067702,5,1,True,42,
ABC-SMC,9771436.781609196,166.83219986400388,4250575.0,72.57200694084167,0.5446014391807661,24.90689699106516,90.43075180539184,27.63090140121041,0.7113206511046719,10.288900370579006,0.7228821530081685,4.480263268067702,5,1,True,42,
ABC-SMC,9781275.862068968,166.8640723173646,4254855.0,72.58587145805359,0.5446014391807661,24.90689699106516,90.43075180539184,27.63090140121041,0.7113206511046719,10.288900370579006,0.7228821530081685,4.480263268067702,5,1,True,42,
ABC-SMC,9791114.942528736,166.8960604174384,4259135.0,72.5997862815857,0.5446014391807661,24.90689699106516,90.43075180539184,27.63090140121041,0.7113206511046719,10.288900370579006,0.7228821530081685,4.480263268067702,5,1,True,42,
ABC-SMC,9800954.022988508,166.92790382209867,4263415.0,72.61363816261292,0.5446014391807661,24.90689699106516,90.43075180539184,27.63090140121041,0.7113206511046719,10.288900370579006,0.7228821530081685,4.480263268067702,5,1,True,42,
ABC-SMC,9699306.81818182,165.06260199980304,4267695.0,72.62754487991333,0.5446014391807661,24.90689699106516,90.43075180539184,27.63090140121041,0.7113206511046719,10.288900370579006,0.7228821530081685,4.480263268067702,5,1,True,42,
ABC-SMC,9709034.090909092,165.09420817548582,4271975.0,72.64145159721375,0.5446014391807661,24.90689699106516,90.43075180539184,27.63090140121041,0.7113206511046719,10.288900370579006,0.7228821530081685,4.480263268067702,5,1,True,42,
ABC-SMC,9609561.79775281,163.27033632257013,4276255.0,72.6552996635437,0.5446014391807661,24.90689699106516,90.43075180539184,27.63090140121041,0.7113206511046719,10.288900370579006,0.7228821530081685,4.480263268067702,5,1,True,42,
ABC-SMC,9512300.000000002,161.48704369862875,4280535.0,72.66916966438293,0.5446014391807661,24.90689699106516,90.43075180539184,27.63090140121041,0.7113206511046719,10.288900370579006,0.7228821530081685,4.480263268067702,5,1,True,42,
ABC-SMC,9521811.111111112,161.51805771721737,4284815.0,72.6831259727478,0.5446014391807661,24.90689699106516,90.43075180539184,27.63090140121041,0.7113206511046719,10.288900370579006,0.7228821530081685,4.480263268067702,5,1,True,42,
ABC-SMC,9531322.222222224,161.54892338646783,4289095.0,72.69701552391052,0.5446014391807661,24.90689699106516,90.43075180539184,27.63090140121041,0.7113206511046719,10.288900370579006,0.7228821530081685,4.480263268067702,5,1,True,42,
ABC-SMC,9333423.91304348,158.06686670883843,4293375.0,72.71075868606567,0.5446014391807661,24.90689699106516,90.43075180539184,27.63090140121041,0.7113206511046719,10.288900370579006,0.7228821530081685,4.480263268067702,5,1,True,42,
ABC-SMC,9242268.817204302,156.39740062016313,4297655.0,72.72479128837585,0.5446014391807661,24.90689699106516,90.43075180539184,27.63090140121041,0.7113206511046719,10.288900370579006,0.7228821530081685,4.480263268067702,5,1,True,42,
ABC-SMC,9153053.19148936,154.76329022265494,4301935.0,72.73874640464783,0.5446014391807661,24.90689699106516,90.43075180539184,27.63090140121041,0.7113206511046719,10.288900370579006,0.7228821530081685,4.480263268067702,5,1,True,42,
ABC-SMC,9065715.789473685,153.16354751586914,4306215.0,72.75268507003784,0.5446014391807661,24.90689699106516,90.43075180539184,27.63090140121041,0.7113206511046719,10.288900370579006,0.7228821530081685,4.480263268067702,5,1,True,42,
ABC-SMC,9074726.315789474,153.19270184165555,4310495.0,72.76653337478638,0.5446014391807661,24.90689699106516,90.43075180539184,27.63090140121041,0.7113206511046719,10.288900370579006,0.7228821530081685,4.480263268067702,5,1,True,42,
ABC-SMC,9083736.842105264,153.22198667024313,4314775.0,72.78044366836548,0.5446014391807661,24.90689699106516,90.43075180539184,27.63090140121041,0.7113206511046719,10.288900370579006,0.7228821530081685,4.480263268067702,5,1,True,42,
ABC-SMC,8998031.25,151.65479133526486,4319055.0,72.79429984092712,0.5446014391807661,24.90689699106516,90.43075180539184,27.63090140121041,0.7113206511046719,10.288900370579006,0.7228821530081685,4.480263268067702,5,1,True,42,
ABC-SMC,9006947.916666666,151.68374180793762,4323335.0,72.80819606781006,0.5446014391807661,24.90689699106516,90.43075180539184,27.63090140121041,0.7113206511046719,10.288900370579006,0.7228821530081685,4.480263268067702,5,1,True,42,
ABC-SMC,8922917.525773197,150.1486527551081,4327615.0,72.82209658622742,0.5446014391807661,24.90689699106516,90.43075180539184,27.63090140121041,0.7113206511046719,10.288900370579006,0.7228821530081685,4.480263268067702,5,1,True,42,
ABC-SMC,8931742.268041236,150.17742914022858,4331895.0,72.83605313301086,0.5446014391807661,24.90689699106516,90.43075180539184,27.63090140121041,0.7113206511046719,10.288900370579006,0.7228821530081685,4.480263268067702,5,1,True,42,
ABC-SMC,8940567.010309277,150.20576948972092,4336175.0,72.84979820251465,0.5446014391807661,24.90689699106516,90.43075180539184,27.63090140121041,0.7113206511046719,10.288900370579006,0.7228821530081685,4.480263268067702,5,1,True,42,
ABC-SMC,8949391.75257732,150.23448983418572,4340455.0,72.86372756958008,0.5446014391807661,24.90689699106516,90.43075180539184,27.63090140121041,0.7113206511046719,10.288900370579006,0.7228821530081685,4.480263268067702,5,1,True,42,
ABC-SMC,8958216.49484536,150.26302337646484,4344735.0,72.87756633758545,0.5446014391807661,24.90689699106516,90.43075180539184,27.63090140121041,0.7113206511046719,10.288900370579006,0.7228821530081685,4.480263268067702,5,1,True,42,
ABC-SMC,8875540.81632653,148.75831895945024,4349015.0,72.89157629013062,0.5446014391807661,24.90689699106516,90.43075180539184,27.63090140121041,0.7113206511046719,10.288900370579006,0.7228821530081685,4.480263268067702,5,1,True,42,
ABC-SMC,8794535.353535354,147.28380020218663,4353295.0,72.9054811000824,0.5446014391807661,24.90689699106516,90.43075180539184,27.63090140121041,0.7113206511046719,10.288900370579006,0.7228821530081685,4.480263268067702,5,1,True,42,
ABC-SMC,8803181.818181818,147.31183196559098,4357575.0,72.91935682296753,0.5446014391807661,24.90689699106516,90.43075180539184,27.63090140121041,0.7113206511046719,10.288900370579006,0.7228821530081685,4.480263268067702,5,1,True,42,
ABC-SMC,8811828.282828283,147.3397625817193,4361855.0,72.93318247795105,0.5446014391807661,24.90689699106516,90.43075180539184,27.63090140121041,0.7113206511046719,10.288900370579006,0.7228821530081685,4.480263268067702,5,1,True,42,
ABC-SMC,8732270.0,145.89424991607666,4366135.0,72.94712495803833,0.5446014391807661,24.90689699106516,90.43075180539184,27.63090140121041,0.7113206511046719,10.288900370579006,0.7228821530081685,4.480263268067702,5,1,True,42,
ABC-SMC,8740830.0,145.92170906066897,4370415.0,72.96085453033447,0.5446014391807661,24.90689699106516,90.43075180539184,27.63090140121041,0.7113206511046719,10.288900370579006,0.7228821530081685,4.480263268067702,5,1,True,42,
ABC-SMC,8749390.0,145.94938802719116,4374695.0,72.97469401359558,0.5446014391807661,24.90689699106516,90.43075180539184,27.63090140121041,0.7113206511046719,10.288900370579006,0.7228821530081685,4.480263268067702,5,1,True,42,
ABC-SMC,8586225.490196079,143.11494172788133,4378975.0,72.98862028121948,0.5446014391807661,24.90689699106516,90.43075180539184,27.63090140121041,0.7113206511046719,10.288900370579006,0.7228821530081685,4.480263268067702,5,1,True,42,
ABC-SMC,8594617.647058824,143.1420592700734,4383255.0,73.00245022773743,0.5446014391807661,24.90689699106516,90.43075180539184,27.63090140121041,0.7113206511046719,10.288900370579006,0.7228821530081685,4.480263268067702,5,1,True,42,
ABC-SMC,8603009.803921567,143.16884489620432,4387535.0,73.01611089706421,0.5446014391807661,24.90689699106516,90.43075180539184,27.63090140121041,0.7113206511046719,10.288900370579006,0.7228821530081685,4.480263268067702,5,1,True,42,
ABC-SMC,8611401.960784312,143.19595823100968,4391815.0,73.02993869781494,0.5446014391807661,24.90689699106516,90.43075180539184,27.63090140121041,0.7113206511046719,10.288900370579006,0.7228821530081685,4.480263268067702,5,1,True,42,
ABC-SMC,8619794.11764706,143.22324453615676,4396095.0,73.04385471343994,0.5446014391807661,24.90689699106516,90.43075180539184,27.63090140121041,0.7113206511046719,10.288900370579006,0.7228821530081685,4.480263268067702,5,1,True,42,
ABC-SMC,8628186.274509804,143.25041630688835,4400375.0,73.05771231651306,0.5446014391807661,24.90689699106516,90.43075180539184,27.63090140121041,0.7113206511046719,10.288900370579006,0.7228821530081685,4.480263268067702,5,1,True,42,
ABC-SMC,8636578.43137255,143.27765866821886,4404655.0,73.07160592079163,0.5446014391807661,24.90689699106516,90.43075180539184,27.63090140121041,0.7113206511046719,10.288900370579006,0.7228821530081685,4.480263268067702,5,1,True,42,
ABC-SMC,8644970.588235294,143.30492206648285,4408935.0,73.08551025390625,0.5446014391807661,24.90689699106516,90.43075180539184,27.63090140121041,0.7113206511046719,10.288900370579006,0.7228821530081685,4.480263268067702,5,1,True,42,
ABC-SMC,8653362.745098038,143.3322036967558,4413215.0,73.09942388534546,0.5446014391807661,24.90689699106516,90.43075180539184,27.63090140121041,0.7113206511046719,10.288900370579006,0.7228821530081685,4.480263268067702,5,1,True,42,
ABC-SMC,8577660.194174757,141.96771186532325,4417495.0,73.11337161064148,0.5446014391807661,24.90689699106516,90.43075180539184,27.63090140121041,0.7113206511046719,10.288900370579006,0.7228821530081685,4.480263268067702,5,1,True,42,
ABC-SMC,8585970.873786408,141.99480316013967,4421775.0,73.12732362747192,0.5446014391807661,24.90689699106516,90.43075180539184,27.63090140121041,0.7113206511046719,10.288900370579006,0.7228821530081685,4.480263268067702,5,1,True,42,
ABC-SMC,8594281.553398058,142.02198472995204,4426055.0,73.1413221359253,0.5446014391807661,24.90689699106516,90.43075180539184,27.63090140121041,0.7113206511046719,10.288900370579006,0.7228821530081685,4.480263268067702,5,1,True,42,
ABC-SMC,8602592.233009709,142.0489963975925,4430335.0,73.15523314476013,0.5446014391807661,24.90689699106516,90.43075180539184,27.63090140121041,0.7113206511046719,10.288900370579006,0.7228821530081685,4.480263268067702,5,1,True,42,
ABC-SMC,8610902.912621358,142.07582381165142,4434615.0,73.16904926300049,0.5446014391807661,24.90689699106516,90.43075180539184,27.63090140121041,0.7113206511046719,10.288900370579006,0.7228821530081685,4.480263268067702,5,1,True,42,
ABC-SMC,8536336.53846154,140.7365253338447,4438895.0,73.18299317359924,0.5446014391807661,24.90689699106516,90.43075180539184,27.63090140121041,0.7113206511046719,10.288900370579006,0.7228821530081685,4.480263268067702,5,1,True,42,
ABC-SMC,8544567.307692308,140.76299896607034,4443175.0,73.19675946235657,0.5446014391807661,24.90689699106516,90.43075180539184,27.63090140121041,0.7113206511046719,10.288900370579006,0.7228821530081685,4.480263268067702,5,1,True,42,
ABC-SMC,8552798.076923076,140.7896436177767,4447455.0,73.2106146812439,0.5446014391807661,24.90689699106516,90.43075180539184,27.63090140121041,0.7113206511046719,10.288900370579006,0.7228821530081685,4.480263268067702,5,1,True,42,
ABC-SMC,8561028.846153846,140.81607048328107,4451735.0,73.22435665130615,0.5446014391807661,24.90689699106516,90.43075180539184,27.63090140121041,0.7113206511046719,10.288900370579006,0.7228821530081685,4.480263268067702,5,1,True,42,
ABC-SMC,8569259.615384616,140.84285772763766,4456015.0,73.23828601837158,0.5446014391807661,24.90689699106516,90.43075180539184,27.63090140121041,0.7113206511046719,10.288900370579006,0.7228821530081685,4.480263268067702,5,1,True,42,
ABC-SMC,8577490.384615384,140.8696752328139,4460295.0,73.25223112106323,0.5446014391807661,24.90689699106516,90.43075180539184,27.63090140121041,0.7113206511046719,10.288900370579006,0.7228821530081685,4.480263268067702,5,1,True,42,
ABC-SMC,8585721.153846154,140.8964060820066,4464575.0,73.26613116264343,0.5446014391807661,24.90689699106516,90.43075180539184,27.63090140121041,0.7113206511046719,10.288900370579006,0.7228821530081685,4.480263268067702,5,1,True,42,
ABC-SMC,8593951.923076924,140.9230846625108,4468855.0,73.28000402450562,0.5446014391807661,24.90689699106516,90.43075180539184,27.63090140121041,0.7113206511046719,10.288900370579006,0.7228821530081685,4.480263268067702,5,1,True,42,
ABC-SMC,8520257.142857144,139.60737591698054,4473135.0,73.2938723564148,0.5446014391807661,24.90689699106516,90.43075180539184,27.63090140121041,0.7113206511046719,10.288900370579006,0.7228821530081685,4.480263268067702,5,1,True,42,
ABC-SMC,8447952.830188679,138.31627144003812,4477415.0,73.30762386322021,0.5446014391807661,24.90689699106516,90.43075180539184,27.63090140121041,0.7113206511046719,10.288900370579006,0.7228821530081685,4.480263268067702,5,1,True,42,
ABC-SMC,8456028.301886791,138.34249118589003,4481695.0,73.32152032852173,0.5446014391807661,24.90689699106516,90.43075180539184,27.63090140121041,0.7113206511046719,10.288900370579006,0.7228821530081685,4.480263268067702,5,1,True,42,
ABC-SMC,8464103.773584906,138.3688323902634,4485975.0,73.3354811668396,0.5446014391807661,24.90689699106516,90.43075180539184,27.63090140121041,0.7113206511046719,10.288900370579006,0.7228821530081685,4.480263268067702,5,1,True,42,
ABC-SMC,8393000.0,137.1016751940005,4490255.0,73.34939622879028,0.5446014391807661,24.90689699106516,90.43075180539184,27.63090140121041,0.7113206511046719,10.288900370579006,0.7228821530081685,4.480263268067702,5,1,True,42,
ABC-SMC,8401000.0,137.1275692342598,4494535.0,73.36324954032898,0.5446014391807661,24.90689699106516,90.43075180539184,27.63090140121041,0.7113206511046719,10.288900370579006,0.7228821530081685,4.480263268067702,5,1,True,42,
ABC-SMC,8409000.0,137.1535488378222,4498815.0,73.37714862823486,0.5446014391807661,24.90689699106516,90.43075180539184,27.63090140121041,0.7113206511046719,10.288900370579006,0.7228821530081685,4.480263268067702,5,1,True,42,
ABC-SMC,8417000.0,137.18365508819295,4503095.0,73.39325547218323,0.5446014391807661,24.90689699106516,90.43075180539184,27.63090140121041,0.7113206511046719,10.288900370579006,0.7228821530081685,4.480263268067702,5,1,True,42,
ABC-SMC,8425000.0,137.2104889878603,4507375.0,73.40761160850525,0.5446014391807661,24.90689699106516,90.43075180539184,27.63090140121041,0.7113206511046719,10.288900370579006,0.7228821530081685,4.480263268067702,5,1,True,42,
ABC-SMC,8354916.666666666,135.96575789981418,4511655.0,73.42150926589966,0.5446014391807661,24.90689699106516,90.43075180539184,27.63090140121041,0.7113206511046719,10.288900370579006,0.7228821530081685,4.480263268067702,5,1,True,42,
ABC-SMC,8362842.592592593,135.9912633895874,4515935.0,73.4352822303772,0.5446014391807661,24.90689699106516,90.43075180539184,27.63090140121041,0.7113206511046719,10.288900370579006,0.7228821530081685,4.480263268067702,5,1,True,42,
ABC-SMC,8370768.518518519,136.0168381973549,4520215.0,73.44909262657166,0.5446014391807661,24.90689699106516,90.43075180539184,27.63090140121041,0.7113206511046719,10.288900370579006,0.7228821530081685,4.480263268067702,5,1,True,42,
ABC-SMC,8378694.444444445,136.0424518585205,4524495.0,73.46292400360107,0.5446014391807661,24.90689699106516,90.43075180539184,27.63090140121041,0.7113206511046719,10.288900370579006,0.7228821530081685,4.480263268067702,5,1,True,42,
ABC-SMC,8386620.37037037,136.06785359206023,4528775.0,73.47664093971252,0.5446014391807661,24.90689699106516,90.43075180539184,27.63090140121041,0.7113206511046719,10.288900370579006,0.7228821530081685,4.480263268067702,5,1,True,42,
ABC-SMC,8394546.296296295,136.09323722344857,4533055.0,73.49034810066223,0.5446014391807661,24.90689699106516,90.43075180539184,27.63090140121041,0.7113206511046719,10.288900370579006,0.7228821530081685,4.480263268067702,5,1,True,42,
ABC-SMC,8402472.222222222,136.11869547102188,4537335.0,73.5040955543518,0.5446014391807661,24.90689699106516,90.43075180539184,27.63090140121041,0.7113206511046719,10.288900370579006,0.7228821530081685,4.480263268067702,5,1,True,42,
ABC-SMC,8410398.148148147,136.14431266431455,4541615.0,73.51792883872986,0.5446014391807661,24.90689699106516,90.43075180539184,27.63090140121041,0.7113206511046719,10.288900370579006,0.7228821530081685,4.480263268067702,5,1,True,42,
ABC-SMC,8418324.074074075,136.16997091858477,4545895.0,73.53178429603577,0.5446014391807661,24.90689699106516,90.43075180539184,27.63090140121041,0.7113206511046719,10.288900370579006,0.7228821530081685,4.480263268067702,5,1,True,42,
ABC-SMC,8426250.0,136.19579959798742,4550175.0,73.54573178291321,0.5446014391807661,24.90689699106516,90.43075180539184,27.63090140121041,0.7113206511046719,10.288900370579006,0.7228821530081685,4.480263268067702,5,1,True,42,
ABC-SMC,8434175.925925925,136.22112848140574,4554455.0,73.5594093799591,0.5446014391807661,24.90689699106516,90.43075180539184,27.63090140121041,0.7113206511046719,10.288900370579006,0.7228821530081685,4.480263268067702,5,1,True,42,
ABC-SMC,8442101.851851853,136.24681455117684,4558735.0,73.5732798576355,0.5446014391807661,24.90689699106516,90.43075180539184,27.63090140121041,0.7113206511046719,10.288900370579006,0.7228821530081685,4.480263268067702,5,1,True,42,
ABC-SMC,8450027.777777778,136.2723668416341,4563015.0,73.58707809448242,0.5446014391807661,24.90689699106516,90.43075180539184,27.63090140121041,0.7113206511046719,10.288900370579006,0.7228821530081685,4.480263268067702,5,1,True,42,
ABC-SMC,8457953.703703705,136.2978908750746,4567295.0,73.60086107254028,0.5446014391807661,24.90689699106516,90.43075180539184,27.63090140121041,0.7113206511046719,10.288900370579006,0.7228821530081685,4.480263268067702,5,1,True,42,
ABC-SMC,8465879.629629629,136.32364405526053,4571575.0,73.6147677898407,0.5446014391807661,24.90689699106516,90.43075180539184,27.63090140121041,0.7113206511046719,10.288900370579006,0.7228821530081685,4.480263268067702,5,1,True,42,
ABC-SMC,8473805.555555554,136.34902989422835,4575855.0,73.6284761428833,0.5446014391807661,24.90689699106516,90.43075180539184,27.63090140121041,0.7113206511046719,10.288900370579006,0.7228821530081685,4.480263268067702,5,1,True,42,
ABC-SMC,8481731.481481481,136.37475658346105,4580135.0,73.64236855506897,0.5446014391807661,24.90689699106516,90.43075180539184,27.63090140121041,0.7113206511046719,10.288900370579006,0.7228821530081685,4.480263268067702,5,1,True,42,
ABC-SMC,8411770.642201835,135.14897276502137,4584415.0,73.65619015693665,0.5446014391807661,24.90689699106516,90.43075180539184,27.63090140121041,0.7113206511046719,10.288900370579006,0.7228821530081685,4.480263268067702,5,1,True,42,
ABC-SMC,8419623.85321101,135.1745382361456,4588695.0,73.67012333869934,0.5446014391807661,24.90689699106516,90.43075180539184,27.63090140121041,0.7113206511046719,10.288900370579006,0.7228821530081685,4.480263268067702,5,1,True,42,
ABC-SMC,8427477.064220184,135.20004333706075,4592975.0,73.68402361869812,0.5446014391807661,24.90689699106516,90.43075180539184,27.63090140121041,0.7113206511046719,10.288900370579006,0.7228821530081685,4.480263268067702,5,1,True,42,
ABC-SMC,8435330.275229359,135.2254233229051,4597255.0,73.69785571098328,0.5446014391807661,24.90689699106516,90.43075180539184,27.63090140121041,0.7113206511046719,10.288900370579006,0.7228821530081685,4.480263268067702,5,1,True,42,
ABC-SMC,8443183.486238532,135.25081468284677,4601535.0,73.71169400215149,0.5446014391807661,24.90689699106516,90.43075180539184,27.63090140121041,0.7113206511046719,10.288900370579006,0.7228821530081685,4.480263268067702,5,1,True,42,
ABC-SMC,8374209.090909091,134.0463894063776,4605815.0,73.72551417350769,0.5446014391807661,24.90689699106516,90.43075180539184,27.63090140121041,0.7113206511046719,10.288900370579006,0.7228821530081685,4.480263268067702,5,1,True,42,
ABC-SMC,8306477.477477478,132.8637135995401,4610095.0,73.73936104774475,0.5446014391807661,24.90689699106516,90.43075180539184,27.63090140121041,0.7113206511046719,10.288900370579006,0.7228821530081685,4.480263268067702,5,1,True,42,
ABC-SMC,8314189.18918919,132.88843996889958,4614375.0,73.75308418273926,0.5446014391807661,24.90689699106516,90.43075180539184,27.63090140121041,0.7113206511046719,10.288900370579006,0.7228821530081685,4.480263268067702,5,1,True,42,
ABC-SMC,8321900.9009009,132.91352160342103,4618655.0,73.76700448989868,0.5446014391807661,24.90689699106516,90.43075180539184,27.63090140121041,0.7113206511046719,10.288900370579006,0.7228821530081685,4.480263268067702,5,1,True,42,
ABC-SMC,8255241.071428571,131.75152029309953,4622935.0,73.78085136413574,0.5446014391807661,24.90689699106516,90.43075180539184,27.63090140121041,0.7113206511046719,10.288900370579006,0.7228821530081685,4.480263268067702,5,1,True,42,
ABC-SMC,8189761.061946901,130.60996722331086,4627215.0,73.79463148117065,0.5446014391807661,24.90689699106516,90.43075180539184,27.63090140121041,0.7113206511046719,10.288900370579006,0.7228821530081685,4.480263268067702,5,1,True,42,
ABC-SMC,8197336.28318584,130.63449437639352,4631495.0,73.80848932266235,0.5446014391807661,24.90689699106516,90.43075180539184,27.63090140121041,0.7113206511046719,10.288900370579006,0.7228821530081685,4.480263268067702,5,1,True,42,
ABC-SMC,8204911.504424778,130.65873162936316,4635775.0,73.82218337059021,0.5446014391807661,24.90689699106516,90.43075180539184,27.63090140121041,0.7113206511046719,10.288900370579006,0.7228821530081685,4.480263268067702,5,1,True,42,
ABC-SMC,8212486.725663715,130.68325498462778,4640055.0,73.8360390663147,0.5446014391807661,24.90689699106516,90.43075180539184,27.63090140121041,0.7113206511046719,10.288900370579006,0.7228821530081685,4.480263268067702,5,1,True,42,
ABC-SMC,8077104.347826085,128.4344897062882,4644335.0,73.84983158111572,0.5446014391807661,24.90689699106516,90.43075180539184,27.63090140121041,0.7113206511046719,10.288900370579006,0.7228821530081685,4.480263268067702,5,1,True,42,
ABC-SMC,8014853.44827586,127.35108753730508,4648615.0,73.86363077163696,0.5446014391807661,24.90689699106516,90.43075180539184,27.63090140121041,0.7113206511046719,10.288900370579006,0.7228821530081685,4.480263268067702,5,1,True,42,
ABC-SMC,7953666.666666665,126.28623929798091,4652895.0,73.87744998931885,0.5446014391807661,24.90689699106516,90.43075180539184,27.63090140121041,0.7113206511046719,10.288900370579006,0.7228821530081685,4.480263268067702,5,1,True,42,
ABC-SMC,7893516.949152542,125.23976786661956,4657175.0,73.89146304130554,0.5446014391807661,24.90689699106516,90.43075180539184,27.63090140121041,0.7113206511046719,10.288900370579006,0.7228821530081685,4.480263268067702,5,1,True,42,
ABC-SMC,7900771.186440678,125.2634412151272,4661455.0,73.90543031692505,0.5446014391807661,24.90689699106516,90.43075180539184,27.63090140121041,0.7113206511046719,10.288900370579006,0.7228821530081685,4.480263268067702,5,1,True,42,
ABC-SMC,7908025.423728813,125.28690281560864,4665735.0,73.9192726612091,0.5446014391807661,24.90689699106516,90.43075180539184,27.63090140121041,0.7113206511046719,10.288900370579006,0.7228821530081685,4.480263268067702,5,1,True,42,
ABC-SMC,7848764.705882353,124.25755773271834,4670015.0,73.93324685096741,0.5446014391807661,24.90689699106516,90.43075180539184,27.63090140121041,0.7113206511046719,10.288900370579006,0.7228821530081685,4.480263268067702,5,1,True,42,
ABC-SMC,7790491.666666667,123.24520627657571,4674295.0,73.94712376594543,0.5446014391807661,24.90689699106516,90.43075180539184,27.63090140121041,0.7113206511046719,10.288900370579006,0.7228821530081685,4.480263268067702,5,1,True,42,
ABC-SMC,7797625.0,123.26811075210573,4678575.0,73.96086645126343,0.5446014391807661,24.90689699106516,90.43075180539184,27.63090140121041,0.7113206511046719,10.288900370579006,0.7228821530081685,4.480263268067702,5,1,True,42,
ABC-SMC,7804758.333333333,123.291046222051,4682855.0,73.97462773323059,0.5446014391807661,24.90689699106516,90.43075180539184,27.63090140121041,0.7113206511046719,10.288900370579006,0.7228821530081685,4.480263268067702,5,1,True,42,
ABC-SMC,7811891.666666666,123.31410368283588,4687135.0,73.98846220970154,0.5446014391807661,24.90689699106516,90.43075180539184,27.63090140121041,0.7113206511046719,10.288900370579006,0.7228821530081685,4.480263268067702,5,1,True,42,
ABC-SMC,7819025.0,123.33701809247334,4691415.0,74.00221085548401,0.5446014391807661,24.90689699106516,90.43075180539184,27.63090140121041,0.7113206511046719,10.288900370579006,0.7228821530081685,4.480263268067702,5,1,True,42,
ABC-SMC,7826158.333333334,123.36011528968812,4695695.0,74.01606917381287,0.5446014391807661,24.90689699106516,90.43075180539184,27.63090140121041,0.7113206511046719,10.288900370579006,0.7228821530081685,4.480263268067702,5,1,True,42,
ABC-SMC,7833291.666666667,123.38411569595335,4699975.0,74.03046941757202,0.5446014391807661,24.90689699106516,90.43075180539184,27.63090140121041,0.7113206511046719,10.288900370579006,0.7228821530081685,4.480263268067702,5,1,True,42,
ABC-SMC,7711893.44262295,121.38399530629644,4704255.0,74.04423713684082,0.5446014391807661,24.90689699106516,90.43075180539184,27.63090140121041,0.7113206511046719,10.288900370579006,0.7228821530081685,4.480263268067702,5,1,True,42,
ABC-SMC,7718909.836065574,121.40652586202152,4708535.0,74.05798077583313,0.5446014391807661,24.90689699106516,90.43075180539184,27.63090140121041,0.7113206511046719,10.288900370579006,0.7228821530081685,4.480263268067702,5,1,True,42,
ABC-SMC,7725926.229508197,121.42927412126885,4712815.0,74.071857213974,0.5446014391807661,24.90689699106516,90.43075180539184,27.63090140121041,0.7113206511046719,10.288900370579006,0.7228821530081685,4.480263268067702,5,1,True,42,
ABC-SMC,7732942.62295082,121.45192623138428,4717095.0,74.08567500114441,0.5446014391807661,24.90689699106516,90.43075180539184,27.63090140121041,0.7113206511046719,10.288900370579006,0.7228821530081685,4.480263268067702,5,1,True,42,
ABC-SMC,7739959.016393443,121.47457638724906,4721375.0,74.09949159622192,0.5446014391807661,24.90689699106516,90.43075180539184,27.63090140121041,0.7113206511046719,10.288900370579006,0.7228821530081685,4.480263268067702,5,1,True,42,
ABC-SMC,7683991.869918699,120.5095097301452,4725655.0,74.1133484840393,0.5446014391807661,24.90689699106516,90.43075180539184,27.63090140121041,0.7113206511046719,10.288900370579006,0.7228821530081685,4.480263268067702,5,1,True,42,
ABC-SMC,7690951.219512195,120.53204862082876,4729935.0,74.12720990180969,0.5446014391807661,24.90689699106516,90.43075180539184,27.63090140121041,0.7113206511046719,10.288900370579006,0.7228821530081685,4.480263268067702,5,1,True,42,
ABC-SMC,7697910.569105691,120.55469605980848,4734215.0,74.14113807678223,0.5446014391807661,24.90689699106516,90.43075180539184,27.63090140121041,0.7113206511046719,10.288900370579006,0.7228821530081685,4.480263268067702,5,1,True,42,
ABC-SMC,7704869.918699187,120.57719230651855,4738495.0,74.15497326850891,0.5446014391807661,24.90689699106516,90.43075180539184,27.63090140121041,0.7113206511046719,10.288900370579006,0.7228821530081685,4.480263268067702,5,1,True,42,
ABC-SMC,7649637.096774193,119.62735460650536,4742775.0,74.16895985603333,0.5446014391807661,24.90689699106516,90.43075180539184,27.63090140121041,0.7113206511046719,10.288900370579006,0.7228821530081685,4.480263268067702,5,1,True,42,
ABC-SMC,7595288.0,118.69247360229492,4747055.0,74.18279600143433,0.5446014391807661,24.90689699106516,90.43075180539184,27.63090140121041,0.7113206511046719,10.288900370579006,0.7228821530081685,4.480263268067702,5,1,True,42,
ABC-SMC,7602136.0,118.71462898254396,4751335.0,74.19664311408997,0.5446014391807661,24.90689699106516,90.43075180539184,27.63090140121041,0.7113206511046719,10.288900370579006,0.7228821530081685,4.480263268067702,5,1,True,42,
ABC-SMC,7608984.0,118.73664016723632,4755615.0,74.2104001045227,0.5446014391807661,24.90689699106516,90.43075180539184,27.63090140121041,0.7113206511046719,10.288900370579006,0.7228821530081685,4.480263268067702,5,1,True,42,
ABC-SMC,7615832.0,118.75858726501464,4759895.0,74.22411704063416,0.5446014391807661,24.90689699106516,90.43075180539184,27.63090140121041,0.7113206511046719,10.288900370579006,0.7228821530081685,4.480263268067702,5,1,True,42,
ABC-SMC,7562182.53968254,117.83802130865672,4764175.0,74.23795342445374,0.5446014391807661,24.90689699106516,90.43075180539184,27.63090140121041,0.7113206511046719,10.288900370579006,0.7228821530081685,4.480263268067702,5,1,True,42,
ABC-SMC,7568976.190476191,117.85997625381228,4768455.0,74.25178503990173,0.5446014391807661,24.90689699106516,90.43075180539184,27.63090140121041,0.7113206511046719,10.288900370579006,0.7228821530081685,4.480263268067702,5,1,True,42,
ABC-SMC,7575769.841269841,117.88240425170414,4772735.0,74.26591467857361,0.5446014391807661,24.90689699106516,90.43075180539184,27.63090140121041,0.7113206511046719,10.288900370579006,0.7228821530081685,4.480263268067702,5,1,True,42,
ABC-SMC,7464085.9375,116.0621352493763,4777015.0,74.27976655960083,0.5446014391807661,24.90689699106516,90.43075180539184,27.63090140121041,0.7113206511046719,10.288900370579006,0.7228821530081685,4.480263268067702,5,1,True,42,
ABC-SMC,7470773.4375,116.08383879065514,4781295.0,74.29365682601929,0.5446014391807661,24.90689699106516,90.43075180539184,27.63090140121041,0.7113206511046719,10.288900370579006,0.7228821530081685,4.480263268067702,5,1,True,42,
ABC-SMC,7419496.124031007,115.20555296609568,4785575.0,74.30758166313171,0.5446014391807661,24.90689699106516,90.43075180539184,27.63090140121041,0.7113206511046719,10.288900370579006,0.7228821530081685,4.480263268067702,5,1,True,42,
ABC-SMC,7426131.782945736,115.2269441027974,4789855.0,74.32137894630432,0.5446014391807661,24.90689699106516,90.43075180539184,27.63090140121041,0.7113206511046719,10.288900370579006,0.7228821530081685,4.480263268067702,5,1,True,42,
ABC-SMC,7432767.441860464,115.24835556976556,4794135.0,74.33518934249878,0.5446014391807661,24.90689699106516,90.43075180539184,27.63090140121041,0.7113206511046719,10.288900370579006,0.7228821530081685,4.480263268067702,5,1,True,42,
ABC-SMC,7439403.100775193,115.26985833811206,4798415.0,74.34905862808228,0.5446014391807661,24.90689699106516,90.43075180539184,27.63090140121041,0.7113206511046719,10.288900370579006,0.7228821530081685,4.480263268067702,5,1,True,42,
ABC-SMC,7388761.538461538,114.4047993880052,4802695.0,74.36311960220337,0.5446014391807661,24.90689699106516,90.43075180539184,27.63090140121041,0.7113206511046719,10.288900370579006,0.7228821530081685,4.480263268067702,5,1,True,42,
ABC-SMC,7395346.153846154,114.42631207979642,4806975.0,74.37710285186768,0.5446014391807661,24.90689699106516,90.43075180539184,27.63090140121041,0.7113206511046719,10.288900370579006,0.7228821530081685,4.480263268067702,5,1,True,42,
ABC-SMC,7401930.769230769,114.4473618727464,4811255.0,74.39078521728516,0.5446014391807661,24.90689699106516,90.43075180539184,27.63090140121041,0.7113206511046719,10.288900370579006,0.7228821530081685,4.480263268067702,5,1,True,42,
ABC-SMC,7408515.384615384,114.46879423581636,4815535.0,74.40471625328064,0.5446014391807661,24.90689699106516,90.43075180539184,27.63090140121041,0.7113206511046719,10.288900370579006,0.7228821530081685,4.480263268067702,5,1,True,42,
ABC-SMC,7415100.0,114.489976809575,4819815.0,74.41848492622375,0.5446014391807661,24.90689699106516,90.43075180539184,27.63090140121041,0.7113206511046719,10.288900370579006,0.7228821530081685,4.480263268067702,5,1,True,42,
ABC-SMC,7365030.534351146,113.63694504017138,4824095.0,74.43219900131226,0.5446014391807661,24.90689699106516,90.43075180539184,27.63090140121041,0.7113206511046719,10.288900370579006,0.7228821530081685,4.480263268067702,5,1,True,42,
ABC-SMC,7371564.885496182,113.6579764708308,4828375.0,74.44597458839417,0.5446014391807661,24.90689699106516,90.43075180539184,27.63090140121041,0.7113206511046719,10.288900370579006,0.7228821530081685,4.480263268067702,5,1,True,42,
ABC-SMC,7378099.236641221,113.67909052899776,4832655.0,74.45980429649353,0.5446014391807661,24.90689699106516,90.43075180539184,27.63090140121041,0.7113206511046719,10.288900370579006,0.7228821530081685,4.480263268067702,5,1,True,42,
ABC-SMC,7384633.587786259,113.70000329636436,4836935.0,74.47350215911865,0.5446014391807661,24.90689699106516,90.43075180539184,27.63090140121041,0.7113206511046719,10.288900370579006,0.7228821530081685,4.480263268067702,5,1,True,42,
ABC-SMC,7391167.9389312975,113.72119743405408,4841215.0,74.48738431930542,0.5446014391807661,24.90689699106516,90.43075180539184,27.63090140121041,0.7113206511046719,10.288900370579006,0.7228821530081685,4.480263268067702,5,1,True,42,
ABC-SMC,7341659.090909091,112.88084478089304,4845495.0,74.5013575553894,0.5446014391807661,24.90689699106516,90.43075180539184,27.63090140121041,0.7113206511046719,10.288900370579006,0.7228821530081685,4.480263268067702,5,1,True,42,
ABC-SMC,7348143.939393939,112.90175372903998,4849775.0,74.51515746116638,0.5446014391807661,24.90689699106516,90.43075180539184,27.63090140121041,0.7113206511046719,10.288900370579006,0.7228821530081685,4.480263268067702,5,1,True,42,
ABC-SMC,7354628.787878788,112.9225517764236,4854055.0,74.52888417243958,0.5446014391807661,24.90689699106516,90.43075180539184,27.63090140121041,0.7113206511046719,10.288900370579006,0.7228821530081685,4.480263268067702,5,1,True,42,
ABC-SMC,7305766.917293233,112.09432809872736,4858335.0,74.54272818565369,0.5446014391807661,24.90689699106516,90.43075180539184,27.63090140121041,0.7113206511046719,10.288900370579006,0.7228821530081685,4.480263268067702,5,1,True,42,
ABC-SMC,7312203.007518797,112.11499558355575,4862615.0,74.55647206306458,0.5446014391807661,24.90689699106516,90.43075180539184,27.63090140121041,0.7113206511046719,10.288900370579006,0.7228821530081685,4.480263268067702,5,1,True,42,
ABC-SMC,7318639.097744361,112.13577098416206,4866895.0,74.57028770446777,0.5446014391807661,24.90689699106516,90.43075180539184,27.63090140121041,0.7113206511046719,10.288900370579006,0.7228821530081685,4.480263268067702,5,1,True,42,
ABC-SMC,7325075.187969925,112.15645316848182,4871175.0,74.5840413570404,0.5446014391807661,24.90689699106516,90.43075180539184,27.63090140121041,0.7113206511046719,10.288900370579006,0.7228821530081685,4.480263268067702,5,1,True,42,
ABC-SMC,7276798.507462687,111.34011069340492,4875455.0,74.5978741645813,0.5446014391807661,24.90689699106516,90.43075180539184,27.63090140121041,0.7113206511046719,10.288900370579006,0.7228821530081685,4.480263268067702,5,1,True,42,
ABC-SMC,7283186.567164179,111.3608968791677,4879735.0,74.61180090904236,0.5446014391807661,24.90689699106516,90.43075180539184,27.63090140121041,0.7113206511046719,10.288900370579006,0.7228821530081685,4.480263268067702,5,1,True,42,
ABC-SMC,7235577.777777778,110.55673952455876,4884015.0,74.62579917907715,0.5446014391807661,24.90689699106516,90.43075180539184,27.63090140121041,0.7113206511046719,10.288900370579006,0.7228821530081685,4.480263268067702,5,1,True,42,
ABC-SMC,7241918.518518519,110.57729367856626,4888295.0,74.63967323303223,0.5446014391807661,24.90689699106516,90.43075180539184,27.63090140121041,0.7113206511046719,10.288900370579006,0.7228821530081685,4.480263268067702,5,1,True,42,
ABC-SMC,7248259.259259259,110.59794072751646,4892575.0,74.65360999107361,0.5446014391807661,24.90689699106516,90.43075180539184,27.63090140121041,0.7113206511046719,10.288900370579006,0.7228821530081685,4.480263268067702,5,1,True,42,
ABC-SMC,7254600.0,110.61844755102086,4896855.0,74.66745209693909,0.5446014391807661,24.90689699106516,90.43075180539184,27.63090140121041,0.7113206511046719,10.288900370579006,0.7228821530081685,4.480263268067702,5,1,True,42,
ABC-SMC,7260940.740740741,110.63897909941495,4901135.0,74.6813108921051,0.5446014391807661,24.90689699106516,90.43075180539184,27.63090140121041,0.7113206511046719,10.288900370579006,0.7228821530081685,4.480263268067702,5,1,True,42,
ABC-SMC,7267281.481481482,110.65964416221335,4905415.0,74.69525980949402,0.5446014391807661,24.90689699106516,90.43075180539184,27.63090140121041,0.7113206511046719,10.288900370579006,0.7228821530081685,4.480263268067702,5,1,True,42,
ABC-SMC,7220139.705882353,109.86626709208768,4909695.0,74.70906162261963,0.5446014391807661,24.90689699106516,90.43075180539184,27.63090140121041,0.7113206511046719,10.288900370579006,0.7228821530081685,4.480263268067702,5,1,True,42,
ABC-SMC,7173686.131386861,109.08459538090838,4913975.0,74.72294783592224,0.5446014391807661,24.90689699106516,90.43075180539184,27.63090140121041,0.7113206511046719,10.288900370579006,0.7228821530081685,4.480263268067702,5,1,True,42,
ABC-SMC,7127905.797101448,108.31431478693864,4918255.0,74.73687720298767,0.5446014391807661,24.90689699106516,90.43075180539184,27.63090140121041,0.7113206511046719,10.288900370579006,0.7228821530081685,4.480263268067702,5,1,True,42,
ABC-SMC,7134108.695652173,108.33434367525405,4922535.0,74.7506971359253,0.5446014391807661,24.90689699106516,90.43075180539184,27.63090140121041,0.7113206511046719,10.288900370579006,0.7228821530081685,4.480263268067702,5,1,True,42,
ABC-SMC,7140311.5942028975,108.35444616234818,4926815.0,74.76456785202026,0.5446014391807661,24.90689699106516,90.43075180539184,27.63090140121041,0.7113206511046719,10.288900370579006,0.7228821530081685,4.480263268067702,5,1,True,42,
ABC-SMC,7146514.492753622,108.37455417798913,4931095.0,74.7784423828125,0.5446014391807661,24.90689699106516,90.43075180539184,27.63090140121041,0.7113206511046719,10.288900370579006,0.7228821530081685,4.480263268067702,5,1,True,42,
ABC-SMC,7101258.992805754,107.61501840550262,4935375.0,74.79243779182434,0.5446014391807661,24.90689699106516,90.43075180539184,27.63090140121041,0.7113206511046719,10.288900370579006,0.7228821530081685,4.480263268067702,5,1,True,42,
ABC-SMC,7107417.2661870485,107.63493784897616,4939655.0,74.80628180503845,0.5446014391807661,24.90689699106516,90.43075180539184,27.63090140121041,0.7113206511046719,10.288900370579006,0.7228821530081685,4.480263268067702,5,1,True,42,
ABC-SMC,7062764.2857142845,106.88586166926792,4943935.0,74.82010316848755,0.5446014391807661,24.90689699106516,90.43075180539184,27.63090140121041,0.7113206511046719,10.288900370579006,0.7228821530081685,4.480263268067702,5,1,True,42,
ABC-SMC,7068878.571428571,106.905471937997,4948215.0,74.8338303565979,0.5446014391807661,24.90689699106516,90.43075180539184,27.63090140121041,0.7113206511046719,10.288900370579006,0.7228821530081685,4.480263268067702,5,1,True,42,
ABC-SMC,7074992.857142856,106.9253645624433,4952495.0,74.84775519371033,0.5446014391807661,24.90689699106516,90.43075180539184,27.63090140121041,0.7113206511046719,10.288900370579006,0.7228821530081685,4.480263268067702,5,1,True,42,
ABC-SMC,7081107.142857141,106.94510357720507,4956775.0,74.86157250404358,0.5446014391807661,24.90689699106516,90.43075180539184,27.63090140121041,0.7113206511046719,10.288900370579006,0.7228821530081685,4.480263268067702,5,1,True,42,
ABC-SMC,7087221.428571427,106.96510689599172,4961055.0,74.87557482719421,0.5446014391807661,24.90689699106516,90.43075180539184,27.63090140121041,0.7113206511046719,10.288900370579006,0.7228821530081685,4.480263268067702,5,1,True,42,
ABC-SMC,7093335.714285713,106.98478221893308,4965335.0,74.88934755325317,0.5446014391807661,24.90689699106516,90.43075180539184,27.63090140121041,0.7113206511046719,10.288900370579006,0.7228821530081685,4.480263268067702,5,1,True,42,
ABC-SMC,7099449.999999999,107.00471673692974,4969615.0,74.90330171585083,0.5446014391807661,24.90689699106516,90.43075180539184,27.63090140121041,0.7113206511046719,10.288900370579006,0.7228821530081685,4.480263268067702,5,1,True,42,
ABC-SMC,7105564.2857142845,107.0244458743504,4973895.0,74.91711211204529,0.5446014391807661,24.90689699106516,90.43075180539184,27.63090140121041,0.7113206511046719,10.288900370579006,0.7228821530081685,4.480263268067702,5,1,True,42,
ABC-SMC,7111678.571428571,107.04432759966168,4978175.0,74.93102931976318,0.5446014391807661,24.90689699106516,90.43075180539184,27.63090140121041,0.7113206511046719,10.288900370579006,0.7228821530081685,4.480263268067702,5,1,True,42,
ABC-SMC,7117792.857142855,107.06409079687934,4982455.0,74.94486355781555,0.5446014391807661,24.90689699106516,90.43075180539184,27.63090140121041,0.7113206511046719,10.288900370579006,0.7228821530081685,4.480263268067702,5,1,True,42,
ABC-SMC,7123907.142857142,107.0839660508292,4986735.0,74.95877623558044,0.5446014391807661,24.90689699106516,90.43075180539184,27.63090140121041,0.7113206511046719,10.288900370579006,0.7228821530081685,4.480263268067702,5,1,True,42,
ABC-SMC,7130021.428571427,107.1038440295628,4991015.0,74.97269082069397,0.5446014391807661,24.90689699106516,90.43075180539184,27.63090140121041,0.7113206511046719,10.288900370579006,0.7228821530081685,4.480263268067702,5,1,True,42,
ABC-SMC,7136135.714285714,107.12374108178273,4995295.0,74.98661875724792,0.5446014391807661,24.90689699106516,90.43075180539184,27.63090140121041,0.7113206511046719,10.288900370579006,0.7228821530081685,4.480263268067702,5,1,True,42,
ABC-SMC,7692761.538461538,115.3888302582961,5000295.0,75.00273966789246,0.5446014391807661,24.90639722665921,90.43233029591416,27.63090140121028,0.7091860376398709,10.288056201422153,0.7223117362493182,4.479905266944258,5,1,True,42,
permABC-SMC,950.0,0.2673697471618652,4750.0,1.3368487358093262,18.07505434348004,23.949696992816733,2029.382955401093,27.630901400401687,7.024283145394354,9.982858547880069,7.461689074630466,8.462710930590928,5,1,True,42,
permABC-SMC,1852.0,0.4376467227935791,9260.0,2.1882336139678955,16.937160186323588,23.950976448834968,1938.0468183047456,27.63090140040124,6.910925416999558,9.98330287390781,7.245396507888668,8.29590926548787,5,1,True,42,
permABC-SMC,2708.0,0.615492296218872,13540.0,3.0774614810943604,16.20836736986551,23.95306536710924,1853.227040395488,27.63090140040177,6.8630162039776135,9.98549715649604,7.060646495939461,8.15337814431039,5,1,True,42,
permABC-SMC,3521.0,0.7998545169830322,17605.0,3.999272584915161,15.547791975574563,23.9459732669316,1792.5314361124751,27.63090140040109,6.746019361966583,9.98745588053996,6.907793607107655,8.022230583400571,5,1,True,42,
permABC-SMC,4293.0,0.990116548538208,21465.0,4.95058274269104,15.05344602521689,23.94790633608816,1705.468047071009,27.630901400421468,6.684439584746071,9.978322620159506,6.766266366256348,7.89547381271883,5,1,True,42,
permABC-SMC,5026.0,1.1790237426757812,25130.0,5.895118713378906,14.557615829004732,23.945847217044083,1665.612505427916,27.630901400420804,6.621762528045755,9.982698687968572,6.624593949370295,7.780891881232114,5,1,True,42,
permABC-SMC,5722.0,1.3593535423278809,28610.0,6.796767711639404,14.192600748779393,23.94691528674151,1612.9098498326475,27.6309014004211,6.583130685332771,9.98356832736736,6.487961499466371,7.689816991246111,5,1,True,42,
permABC-SMC,6383.0,1.542183780670166,31915.0,7.71091890335083,13.845454222870831,23.95034761871597,1570.8107665103385,27.630901400421244,6.546404865931881,9.986216201950295,6.373576383893436,7.600564474919409,5,1,True,42,
permABC-SMC,7011.0,1.727807140350342,35055.0,8.639035701751709,13.600201374932196,23.951905131482143,1531.4635054574885,27.63090140044167,6.527622135454996,9.988398625393318,6.260829724145045,7.511186307546505,5,1,True,42,
permABC-SMC,7607.0,1.9133268356323243,38035.0,9.56663417816162,13.282595816995064,23.946090245641848,1480.772475199161,27.630901400441005,6.573480255476943,9.982825453156709,6.160821898201729,7.426478535622273,5,1,True,42,
permABC-SMC,8173.0,2.094645833969116,40865.0,10.47322916984558,13.092220624509332,23.949925235127694,1425.8192390866843,27.63090140046172,6.498470853797691,9.977863731237084,6.053262498032919,7.339578469845713,5,1,True,42,
permABC-SMC,8710.0,2.2797361850738525,43550.0,11.398680925369264,12.87977202939716,23.96026859081482,1395.6804908804786,27.630901400462,6.492836792394033,9.983863195571075,5.9480487932441655,7.262697033318354,5,1,True,42,
permABC-SMC,9220.0,2.469541692733765,46100.0,12.347708463668823,12.622943646256294,23.96239004754813,1357.541268034946,27.63090140046189,6.540909163701222,9.98447592909644,5.832561387857847,7.191347347208668,5,1,True,42,
permABC-SMC,14558.404558404558,3.781384484380738,51100.0,13.272659540176392,12.405437190562298,23.9666457635046,1352.528221482406,27.630901400383856,6.489176641698974,10.018683728575295,5.729020447321696,7.129958661564667,5,1,True,42,
permABC-SMC,13774.352651048086,3.49975043836563,55855.0,14.191488027572632,12.195409998137407,23.968774671222228,1312.1655846150647,27.63090140038418,6.4017303821673135,10.01889061139558,5.629724392251016,7.060247230029729,5,1,True,42,
permABC-SMC,13767.38882554162,3.465083632257129,60370.0,15.19439172744751,11.995668218925072,23.96454340752052,1271.8396647809504,27.630901400383703,6.357460009223909,10.014432655766942,5.52645150803173,6.994422433697751,5,1,True,42,
permABC-SMC,14194.29198682766,3.542408435457232,64655.0,16.13567042350769,11.745739338898543,23.97734641668869,1244.0862680966238,27.63090140040488,6.33246070342508,10.023037260974888,5.4360596680238205,6.930919094240457,5,1,True,42,
permABC-SMC,14859.45945945946,3.709472501600111,68725.0,17.156310319900513,11.535295580713123,23.98236663577424,1211.7817035808578,27.63090140042524,6.261361468406211,10.023852499165551,5.344676475349158,6.870304475359414,5,1,True,42,
permABC-SMC,15627.556512378898,3.892610147515205,72590.0,18.08117413520813,11.356395350426093,23.983976639558605,1183.3104783582608,27.630901400425536,6.235382796349293,10.023118184650246,5.258088354885494,6.817859155132728,5,1,True,42,
permABC-SMC,16261.194029850749,4.055364808039879,76265.0,19.01966094970703,11.209325506414316,23.985899734619984,1163.2698598787829,27.63090140042521,6.2207384872589,10.02824164272489,5.189897853644942,6.763115148405014,5,1,True,42,
permABC-SMC,16897.245762711864,4.228736182390633,79755.0,19.95963478088379,10.991967657641345,23.99222324283447,1142.166830241698,27.63090140042562,6.118186591577754,10.03391897804387,5.123151047644096,6.704362002654033,5,1,True,42,
permABC-SMC,17580.95238095238,4.423652830578032,83070.0,20.9017596244812,10.809506146430516,23.995381479516453,1112.1309449358423,27.630901400445943,6.093340421603935,10.031092346707954,5.058059020846227,6.650676312870922,5,1,True,42,
permABC-SMC,18188.818565400845,4.607057521111854,86215.0,21.83745265007019,10.665773874848323,24.001153951424868,1088.6004557288709,27.630901400466435,6.039211562208791,10.032243818455928,4.995503823738847,6.595206102705684,5,1,True,42,
permABC-SMC,18798.73551106428,4.799693804018364,89200.0,22.77454710006714,10.524440910824842,24.016119699853498,1065.2479687941743,27.63090140048839,5.988445250067071,10.035795932714173,4.9304817391194655,6.540786674109179,5,1,True,42,
permABC-SMC,19335.08403361345,4.981204591879323,92035.0,23.71053385734558,10.380373020340183,24.014725375811665,1038.7859662886042,27.63090140050897,5.975566051872183,10.030042927594147,4.870788914759641,6.486839946870278,5,1,True,42,
permABC-SMC,19879.328436516265,5.17325271214168,94725.0,24.650549173355103,10.215928534103002,24.02441226705024,1016.77179369851,27.63090140053008,5.913821854182165,10.032045288016215,4.7853108834338025,6.444407243940201,5,1,True,42,
permABC-SMC,20415.529905561387,5.370417021504228,97280.0,25.59003710746765,10.126249356975816,24.02360090706052,994.4794613811772,27.630901400529705,5.837460865675302,10.02853291968829,4.721862718973538,6.391224015882443,5,1,True,42,
permABC-SMC,29862.77372262773,7.517799530586186,102280.0,25.74846339225769,9.960775766015672,23.95955488782492,962.6576872226732,27.630901400423788,5.88570937812153,10.006953677564846,4.619916582219957,6.302745895556467,5,1,True,42,
permABC-SMC,26927.04402515724,6.522026541847852,107035.0,25.92505550384521,9.879556873483358,23.964217084342945,928.6050239358668,27.63090140042402,5.951125646242397,9.994055265638195,4.555871443970179,6.254016194819888,5,1,True,42,
permABC-SMC,26002.331002331,6.079184870064119,111550.0,26.07970309257508,9.734991027167744,23.966453841940933,912.9415464079092,27.63090140042404,5.859838813009675,9.995973511400866,4.491480792089314,6.211336863097422,5,1,True,42,
permABC-SMC,25827.201783723525,5.852264650955115,115835.0,26.24740695953369,9.59712244417809,23.95866081331407,896.3214758923806,27.63090140042312,5.820234318070699,9.993324846254868,4.433575070799922,6.162604968628234,5,1,True,42,
permABC-SMC,26323.819978046104,5.7947128978440325,119905.0,26.394917249679565,9.500327980762195,23.95546724569193,879.0578452879117,27.63090140042273,5.796784127926839,9.990921573059948,4.370143231911053,6.122129378746086,5,1,True,42,
permABC-SMC,26761.08108108108,5.74235606837917,123770.0,26.558396816253666,9.334926326053704,23.95510785426143,856.3323366434,27.630901400422136,5.794082828570967,9.984616268143624,4.307725340623337,6.086561623993946,5,1,True,42,
permABC-SMC,27289.079229122057,5.8851549405867845,127440.0,27.483673572540283,9.236781854874629,23.954066453442515,831.9847968499696,27.63090140042178,5.809890429262512,9.974643471534096,4.261777324595628,6.04013654390876,5,1,True,42,
permABC-SMC,27945.570971184625,6.064450499087793,130925.0,28.41195058822632,9.112080962813373,23.95880994457781,821.7022162419025,27.630901400442937,5.7387676221251125,9.9831070766687,4.204720475200636,6.006097772759822,5,1,True,42,
permABC-SMC,28560.638297872345,6.213719083907757,134235.0,29.20447969436645,9.017015487251513,23.95554474070301,808.8421558498278,27.63090140044243,5.698636530026755,9.98445053767754,4.1588014580272255,5.97320470919623,5,1,True,42,
permABC-SMC,29197.66206163656,6.240242016556159,137375.0,29.36033868789673,8.896551012531582,23.969171787304496,792.5136619333468,27.630901400442845,5.648383327389292,9.987604777819008,4.100475215801743,5.934693791698444,5,1,True,42,
permABC-SMC,29799.36305732484,6.26839675214893,140355.0,29.52414870262146,8.785026378655807,23.98118514110514,775.8460963286451,27.63090140046452,5.542036823755828,9.98869268582566,4.046052581919009,5.904505492569037,5,1,True,42,
permABC-SMC,30367.974549310708,6.295084321233399,143185.0,29.68132257461548,8.709166592635857,23.98367093263773,760.1259260095865,27.63090140048553,5.5094282200215625,9.990748867781395,3.9900203870126063,5.868398992726135,5,1,True,42,
permABC-SMC,30937.43372216331,6.32615761943991,145870.0,29.82783317565918,8.638408149610504,23.986202350596656,739.8514962985691,27.63090140048533,5.477649188076656,9.98401855957525,3.946054096918568,5.824734427019298,5,1,True,42,
permABC-SMC,31478.26086956522,6.359395647099515,148420.0,29.98455047607422,8.56541438105421,24.00245077432303,728.6595198667342,27.63090140050743,5.453613643179832,9.9962909887889,3.898665445496888,5.792794250516408,5,1,True,42,
permABC-SMC,46420.57488653556,9.117262662809663,153420.0,30.132553100585938,8.472537155196898,23.95481540005394,687.2954638383264,27.63090140044396,5.395723135470037,9.948003821741247,3.816860084801452,5.721514989117603,5,1,True,42,
permABC-SMC,40819.35483870968,7.818591763896326,158175.0,30.297043085098267,8.370359513208006,23.95961530304423,679.2625690719422,27.63090140044424,5.359861440950256,9.957459321987791,3.76943212999214,5.684463683265951,5,1,True,42,
permABC-SMC,39014.38848920864,7.301887276647188,162690.0,30.44886994361877,8.277615883018857,23.96244724092931,666.5751322698202,27.63090140044453,5.339157947304139,9.958929798788866,3.7254303265622304,5.648176154571157,5,1,True,42,
permABC-SMC,37523.59550561797,7.049037365431196,166980.0,31.368216276168823,8.190870582870078,23.96396020494886,654.3323849313377,27.63090140044448,5.286048985140615,9.959717876362804,3.6752182702095455,5.615483640768024,5,1,True,42,
permABC-SMC,37635.86358635864,7.077618138362603,171055.0,32.16777443885803,8.103857872329492,23.96495554447209,638.5433801581971,27.630901400444674,5.2370446714017485,9.954653798022653,3.620729559005172,5.578791451149875,5,1,True,42,
permABC-SMC,37903.57529794149,7.176057954005017,174925.0,33.117507457733154,7.999304974541934,23.96808075980951,624.8888745655278,27.630901400445083,5.194137052700957,9.951213691486904,3.5701391136844385,5.546898776195872,5,1,True,42,
permABC-SMC,38327.253218884114,7.385444385299356,178605.0,34.416170835494995,7.899000651308998,23.96610540918791,615.1574513217382,27.630901400444785,5.171736202251013,9.95407032640914,3.52054359297278,5.5140292399233495,5,1,True,42,
permABC-SMC,38868.72998932764,7.541711302424443,182100.0,35.33291745185852,7.813445651336286,23.976176750171632,601.3760564553819,27.6309014004864,5.124143788351856,9.955097135632366,3.4763420732098185,5.48623634025298,5,1,True,42,
permABC-SMC,39409.13921360255,7.708566272423448,185420.0,36.26880431175232,7.745336586436472,23.98132296426124,587.2867813548813,27.63090140050705,5.112378128765512,9.95426967963668,3.4291503162008654,5.454716067466323,5,1,True,42,
permABC-SMC,39993.63732767763,7.892029662147433,188570.0,37.21091985702515,7.64995072395529,23.983527837230213,572.7719771678112,27.6309014005068,5.047635957265836,9.951052873299316,3.371066506886516,5.418590194539847,5,1,True,42,
permABC-SMC,40584.74576271186,8.07800787990376,191560.0,38.12819719314575,7.570358763570317,23.97710082530876,559.6589358269737,27.630901400506303,4.993964221455192,9.945333527200283,3.322824520462313,5.385391447926512,5,1,True,42,
permABC-SMC,41142.857142857145,8.269606797152726,194400.0,39.07389211654663,7.490255848999052,23.99188486655275,549.2746490940274,27.630901400548584,4.967295830859001,9.951777774543178,3.275021092859762,5.356923063531378,5,1,True,42,
permABC-SMC,41669.13319238901,8.461478043812274,197095.0,40.022791147232056,7.376472733678626,24.00204181964734,537.0310129835319,27.630901400549725,4.913927367025053,9.949928413499114,3.225706894682567,5.327092702322891,5,1,True,42,
permABC-SMC,42165.78669482578,8.650093974885872,199655.0,40.9581949710846,7.289361931402939,24.003598551165524,523.8560348704893,27.630901400549654,4.888300091805768,9.943308745497047,3.1862222909332454,5.295145419418978,5,1,True,42,
permABC-SMC,60192.64705882352,12.09806954159456,204655.0,41.13343644142151,7.188991789836318,23.97556097829586,532.2323869424218,27.630901400382328,4.802816272254589,9.996335037223012,3.1464448159798435,5.288288594450097,5,1,True,42,
permABC-SMC,54111.11111111112,10.669734681299492,209410.0,41.29187321662903,7.114818295623809,23.969079603099864,523.576982087936,27.63090140038157,4.756698073229503,9.994719999056803,3.1043415228583013,5.266180976963788,5,1,True,42,
permABC-SMC,51860.60606060606,10.045316291577889,213925.0,41.43692970275879,7.02811789054055,23.96750156443442,512.3668576984895,27.63090140038117,4.714260223812484,9.99112184179353,3.0581999406904594,5.239289120672453,5,1,True,42,
permABC-SMC,50105.625717566014,9.553599330232007,218210.0,41.6059250831604,6.9296570259805845,23.96876203197075,507.57191465747024,27.63090140038066,4.644695311485821,9.999186954674826,3.016180141552761,5.216098056037429,5,1,True,42,
permABC-SMC,49671.50837988826,9.333167528972943,222280.0,41.76592469215393,6.854649223779196,23.977560372463067,500.6308043236695,27.63090140038199,4.5660900425234745,10.008473468704302,2.969978988309729,5.193857380632887,5,1,True,42,
permABC-SMC,49866.59316427784,9.24579994681126,226145.0,41.92970275878906,6.782406278377941,23.98141539077554,489.3134488408534,27.630901400382854,4.499666116717663,10.004144416385367,2.9274641368331773,5.168941700792529,5,1,True,42,
permABC-SMC,49959.78260869564,9.15019641751828,229815.0,42.090903520584106,6.706536195595362,23.982009882744496,480.85702946158193,27.630901400403,4.414571538334608,10.001112257218782,2.8834422290667603,5.146022401364259,5,1,True,42,
permABC-SMC,50443.24324324325,9.131050367613096,233300.0,42.23110795021057,6.629771678197764,23.98610204012202,470.3319434798661,27.63090140040285,4.347530020532307,10.00089182038906,2.838500403296026,5.120677744033197,5,1,True,42,
permABC-SMC,50774.67811158798,9.0962200717353,236610.0,42.3883855342865,6.580498150109235,23.97200405977562,461.68491280455873,27.630901400401683,4.295477650331642,9.995220897590878,2.7960236190658825,5.093070706993718,5,1,True,42,
permABC-SMC,51448.49785407725,9.13255890039927,239750.0,42.5577244758606,6.485767241687027,23.96066095106434,451.0077126136814,27.630901400400543,4.233583221440805,9.984876960551173,2.748043317591361,5.067612747629306,5,1,True,42,
permABC-SMC,52032.154340836016,9.158179742091466,242730.0,42.72290849685669,6.407812703473673,23.975291080022032,441.10664857334416,27.630901400422623,4.192956939195935,9.986408856351416,2.707444863037882,5.048208725489059,5,1,True,42,
permABC-SMC,52582.44111349037,9.154726708471394,245560.0,42.7525737285614,6.331164437662154,23.97406632303499,430.8094046589821,27.6309014004431,4.1137821903728895,9.975602965211836,2.6681819222169723,5.024778407227124,5,1,True,42,
permABC-SMC,53157.387580299786,9.160154534611507,248245.0,42.77792167663574,6.253023981024301,23.965671301312767,420.3996475424124,27.630901400442312,3.993533003027304,9.968401265136295,2.6276971517978955,5.001013478015561,5,1,True,42,
permABC-SMC,53703.426124197,9.190951833377811,250795.0,42.92174506187439,6.1497070640380365,23.96517307103416,413.4517305920814,27.630901400442266,3.941834710735564,9.967596982841556,2.586399685047579,4.984926748925695,5,1,True,42,
permABC-SMC,80186.52037617555,13.506235971719867,255795.0,43.08489274978638,6.098440781674352,23.95979698192249,417.8681661278296,27.630901400340985,3.8951638772667545,9.99035503826414,2.589485604699406,4.984530241696203,5,1,True,42,
permABC-SMC,71091.40518417463,11.799108770664525,260550.0,43.243733644485474,6.025314297529659,23.95379381834489,413.6031966860182,27.63090140034016,3.824445744117305,9.992668621912026,2.5543537361666657,4.967350709960749,5,1,True,42,
permABC-SMC,66935.60606060606,10.95969815446873,265065.0,43.40040469169617,5.942585232432105,23.958400744771247,403.5424466454326,27.6309014003607,3.776479346069834,9.985963911417215,2.518423154398956,4.945943197181889,5,1,True,42,
permABC-SMC,64825.51143200965,10.480959292066371,269350.0,43.54838585853577,5.887732541122122,23.96513033874702,397.44129706954686,27.63090140036051,3.7143739417728767,9.988312708993645,2.486783734486892,4.931151076879827,5,1,True,42,
permABC-SMC,63145.49653579677,10.091362153685395,273420.0,43.69559812545776,5.843633553578547,23.965957029442844,393.1194386492605,27.63090140036032,3.64221873147222,9.993906641155249,2.451066164721188,4.916917439810528,5,1,True,42,
permABC-SMC,63234.89167616876,10.000102794564572,277285.0,43.85045075416565,5.764253740446721,23.985936142414698,385.7729295991851,27.63090140038223,3.54730658033971,10.000790895605586,2.4140201091517746,4.90333502470448,5,1,True,42,
permABC-SMC,62783.24022346368,9.836421039517363,280955.0,44.01798415184021,5.711385571128957,23.99242024729341,380.1501779468904,27.630901400403143,3.486194924951745,10.004094898234031,2.3841927742220803,4.889967220098027,5,1,True,42,
permABC-SMC,62790.28697571744,9.752398926690717,284440.0,44.178367137908936,5.670835670851517,23.995485631771714,372.34237511147137,27.63090140040296,3.441216668947708,9.998844825085497,2.351976975104636,4.871793721889106,5,1,True,42,
permABC-SMC,63241.75824175824,9.74557305430318,287750.0,44.34235739707947,5.62231011320566,23.99421788685522,365.36299912885136,27.63090140040283,3.3525783294261275,9.99532215188002,2.319398694433373,4.852532254852195,5,1,True,42,
permABC-SMC,63861.69045005488,9.769839172698273,290890.0,44.50161743164063,5.575844304166037,24.003453170594035,361.1116913386931,27.63090140040396,3.258449481558779,10.005508553817778,2.278839914051185,4.838621986607285,5,1,True,42,
permABC-SMC,64445.17543859648,9.76475147824538,293870.0,44.52726674079895,5.502785075208766,24.01221887268864,356.1696263696671,27.630901400425493,3.192386496997457,10.008764610984365,2.243564486194379,4.826626574414879,5,1,True,42,
permABC-SMC,64852.45901639344,9.76620778360002,296700.0,44.68040060997009,5.455309897950397,24.01346331246961,352.0641933096566,27.630901400446184,3.1199985443199707,10.012969931192282,2.21405551421555,4.812898647385796,5,1,True,42,
permABC-SMC,65367.90393013101,9.761114307886649,299385.0,44.70590353012085,5.391082542915803,24.028947581321887,346.3606029741728,27.63090140050942,3.039027691517442,10.01715502282675,2.181193182573076,4.8019759980176255,5,1,True,42,
permABC-SMC,65852.78080697928,9.782665818442174,301935.0,44.85352277755737,5.330871626338037,24.04263284666096,344.52151518167,27.63090140053141,2.9633013478558032,10.036036196531333,2.148310282091694,4.796110498395898,5,1,True,42,
permABC-SMC,95173.64341085272,13.959281980529314,306935.0,45.01868438720703,5.293257932429591,24.002872173638508,348.91523230401043,27.630901400466687,2.9330757204942595,10.044625278153232,2.154097614529687,4.798283246383457,5,1,True,42,
permABC-SMC,84583.44640434193,12.260550947978668,311690.0,45.18013024330139,5.241444242534264,24.003414764758418,343.5188646810024,27.630901400466342,2.8663927369521405,10.042121395296943,2.1265796600416658,4.7844727903961015,5,1,True,42,
permABC-SMC,80664.54081632654,11.5667354695651,316205.0,45.34160304069519,5.20429278560116,24.00556229388616,340.9496331145819,27.63090140046615,2.802751400177429,10.04760669724745,2.097570773077757,4.776412704135899,5,1,True,42,
permABC-SMC,77133.57400722023,10.950855744014149,320490.0,45.500805616378784,5.147998327844173,24.006744080703843,333.7196741227118,27.630901400465905,2.7361086051522414,10.038656290564637,2.070318142140784,4.762834702346553,5,1,True,42,
permABC-SMC,75130.78703703704,10.570464697149063,324565.0,45.66440749168396,5.099449426034,24.01037136758245,329.47281430741106,27.630901400465817,2.667885571133936,10.04067890752398,2.043920927958024,4.750805677215106,5,1,True,42,
permABC-SMC,74729.2377701934,10.42683420192124,328435.0,45.82593631744385,5.051905461807692,24.044052815196967,322.9095084849672,27.6309014005095,2.59042007290006,10.046232361464572,2.010131626672357,4.743446517629064,5,1,True,42,
permABC-SMC,74799.54954954956,10.35298302366927,332110.0,45.96724462509155,5.013395436149649,24.03748492254753,320.08118213426616,27.63090140050885,2.517987070607304,10.051890232984816,1.978448306786456,4.734755458119297,5,1,True,42,
permABC-SMC,75331.088664422,10.350331393155184,335600.0,46.11072635650635,4.964809930191871,24.04566332629729,315.4670364259854,27.63090140050928,2.4484649304931585,10.054273487458632,1.9473194873288189,4.722912047198008,5,1,True,42,
permABC-SMC,75650.66964285714,10.322955516832216,338915.0,46.246840715408325,4.916530651631122,24.0494714968742,311.98714039363927,27.630901400509806,2.3731070478540026,10.063322018740628,1.9122241992142408,4.714410261613716,5,1,True,42,
permABC-SMC,75676.99115044247,10.26818066571666,342060.0,46.41217660903931,4.853672489222363,24.060408839469247,308.8237745139927,27.630901400511007,2.305964247097221,10.0713418405381,1.8807387451088844,4.706359547261383,5,1,True,42,
permABC-SMC,76084.89525909591,10.2641476817273,345045.0,46.5479097366333,4.81434491349793,24.06827406280905,304.3161167150352,27.63090140053181,2.24791791895958,10.072754883649967,1.8538609524668537,4.694915955297109,5,1,True,42,
permABC-SMC,76373.21624588364,10.254964975049283,347880.0,46.71136546134949,4.777482426132885,24.06390726630921,300.24876078494987,27.630901400531616,2.186665397148677,10.069901844196028,1.826396838486932,4.68109429769795,5,1,True,42,
permABC-SMC,76879.38596491226,10.25018116884064,350570.0,46.74082612991333,4.733762753687254,24.058152043845617,297.23387344738575,27.63090140053106,2.12381271235074,10.070148255032391,1.794817864332611,4.671671989139801,5,1,True,42,
permABC-SMC,77185.79234972678,10.250299901910168,353125.0,46.89512205123901,4.6900059660395685,24.07065670196616,292.1172080994614,27.630901400552982,2.065521785611676,10.069436230793244,1.76399094263485,4.661584549443666,5,1,True,42,
permABC-SMC,114052.54777070064,14.98721048330805,358125.0,47.05984091758728,4.647192363938929,24.02989359038296,291.1813184617514,27.63090140040969,2.0542186573843813,10.065366223923675,1.7621886066265726,4.663204505135096,5,1,True,42,
permABC-SMC,99281.80574555404,12.91872218923921,362875.0,47.21792960166931,4.587576291292052,24.024300397971547,286.5302972721845,27.63090140040882,1.9933756783476009,10.06010613578356,1.733465648031606,4.65097001597512,5,1,True,42,
permABC-SMC,93126.74271229404,12.007284708349422,367385.0,47.36873817443848,4.544984273064044,24.02098056875788,281.4117820667733,27.63090140042899,1.943458397943783,10.05225844727783,1.7114361633042048,4.640206869721966,5,1,True,42,
permABC-SMC,89774.15458937197,11.478573861329451,371665.0,47.52129578590393,4.500620003249139,24.024919812669435,278.0185917119307,27.63090140044964,1.8873755998120525,10.055264122099382,1.6832621025677,4.630945383659093,5,1,True,42,
permABC-SMC,87176.33410672854,11.032414049117582,375730.0,47.54970455169678,4.462949618094059,24.019968088738544,274.33993273385363,27.63090140046944,1.8379598762335632,10.052119442283852,1.6583838298988334,4.619129731253088,5,1,True,42,
permABC-SMC,87161.88289322618,10.953954549936148,379590.0,47.70447206497192,4.417373397904132,24.01679221014959,271.84143880430577,27.630901400469188,1.7921166583261208,10.05599960166443,1.6345004082527104,4.612383172777977,5,1,True,42,
permABC-SMC,86125.84269662922,10.752076727620672,383260.0,47.84674143791199,4.370980433816848,24.019185092098866,269.552543849632,27.63090140046908,1.7438936649687502,10.06066296644135,1.6109515707443247,4.607389044470611,5,1,True,42,
permABC-SMC,85849.05660377358,10.652573233042387,386750.0,47.98984241485596,4.33307392619769,24.026396400252253,265.44509643426534,27.6309014004694,1.7018282762758954,10.058285471357635,1.5908279096305191,4.600580621991933,5,1,True,42,
permABC-SMC,85917.40088105727,10.601870026357377,390065.0,48.13248991966248,4.283648494975272,24.054055204830057,262.74240779771594,27.63090140049217,1.6644568802936257,10.069607363320578,1.570511430451352,4.598904020290092,5,1,True,42,
permABC-SMC,86324.91767288694,10.601309390020946,393210.0,48.28896427154541,4.24801706139872,24.06075552216452,260.27903937709544,27.63090140051317,1.6185672358749297,10.075744157875272,1.5443747729879926,4.593787752956287,5,1,True,42,
permABC-SMC,86980.24149286498,10.638469451083571,396195.0,48.45822834968567,4.205788344489499,24.05539561221519,257.42197415793885,27.63090140051242,1.5782600080527798,10.073690833429543,1.5214270327518302,4.585663372777807,5,1,True,42,
permABC-SMC,87506.57894736841,10.661997711449336,399030.0,48.61870956420898,4.157564871305874,24.052146747929413,254.1786002490533,27.630901400511785,1.5423117493771996,10.068544160442432,1.5010450405372924,4.576322936462316,5,1,True,42,
permABC-SMC,87903.71991247265,10.674204085535765,401720.0,48.78111267089844,4.118472529994239,24.051573889472067,252.0779717906244,27.63090140051153,1.5059866118548837,10.07063881740232,1.4842516945569466,4.572202252556998,5,1,True,42,
permABC-SMC,88366.12021857924,10.69786176004045,404275.0,48.94271755218506,4.082113630127143,24.0604446508988,247.7994237744868,27.63090140053298,1.4654429433072145,10.064451319714834,1.462725896368695,4.563362690244723,5,1,True,42,
permABC-SMC,135297.52066115703,16.235484052295526,409275.0,49.11233925819397,4.054083871735356,24.045893452433816,239.6546498157581,27.63090140045344,1.3408767792129237,10.062102437834485,1.3977502516585982,4.54456994464492,5,1,True,42,
permABC-SMC,116791.25528913963,13.900268363683615,414025.0,49.27645134925842,4.026811526946402,24.029807143449283,236.6438500534299,27.630901400452103,1.2973078763359804,10.056292754382374,1.372904068323439,4.533574720316184,5,1,True,42,
permABC-SMC,109422.22222222222,12.926303888458053,418540.0,49.44311237335205,3.983703077237397,24.02202608856728,234.7156808683431,27.63090140045121,1.2554445598331958,10.058009081852756,1.3483974357921191,4.527537500649583,5,1,True,42,
permABC-SMC,104144.08866995074,12.213976982191864,422825.0,49.588746547698975,3.943792785839034,24.0251139131882,232.24648664424137,27.630901400471668,1.2161674977134316,10.060327153883424,1.328830713554075,4.523985230549919,5,1,True,42,
permABC-SMC,101520.80856123664,11.832630563434323,426895.0,49.75621151924133,3.898622903192922,24.02334732849025,228.97581535270487,27.630901400471,1.178664267437048,10.055887246326153,1.3034448240162797,4.514530300022538,5,1,True,42,
permABC-SMC,99483.83371824482,11.530923513011624,430765.0,49.92889881134033,3.86565294959926,24.01263062499992,226.6216314068585,27.630901400469995,1.1454320400894318,10.05166904902794,1.2820921572470618,4.508457322207503,5,1,True,42,
permABC-SMC,98736.36363636365,11.380987655032763,434440.0,50.076345682144165,3.826671991513348,24.014317832272337,224.06076868191428,27.63090140046977,1.1097299385562307,10.051998194815583,1.2598260862221955,4.501934193479528,5,1,True,42,
permABC-SMC,98856.6591422122,11.33520086516645,437935.0,50.21493983268738,3.7924611224450246,24.01307881721568,221.9451338020937,27.630901400469423,1.0785523427526318,10.052610226155464,1.2381977736987075,4.49745490464989,5,1,True,42,
permABC-SMC,98714.76510067114,11.265960315729949,441255.0,50.35884261131287,3.762688285933224,24.01411457548437,218.06179565859136,27.630901400489748,1.0450911908689673,10.04279209123478,1.216587652477159,4.487703637795578,5,1,True,42,
permABC-SMC,99086.95652173912,11.265604950512532,444405.0,50.52623820304871,3.735597743037721,24.014329430561624,215.1076243310184,27.63090140051016,1.0122425542214104,10.039419943753478,1.1936878623027054,4.479416471273697,5,1,True,42,
permABC-SMC,99090.8084163898,11.224847035286563,447395.0,50.68018436431885,3.692031597641828,24.01599143018405,212.62073846089885,27.63090140050994,0.9744696397649032,10.041230091415464,1.1693814294188107,4.474726559996969,5,1,True,42,
permABC-SMC,99499.44751381216,11.234251675684808,450235.0,50.83498883247376,3.6618754984096986,24.028159391127133,210.4461699686464,27.630901400531616,0.944181580511686,10.044268969998686,1.146727719565671,4.470512701893209,5,1,True,42,
permABC-SMC,99764.31718061674,11.23063081161566,452930.0,50.98706388473511,3.626259505428721,24.036810633644585,206.6858855758313,27.63090140055256,0.912690304879792,10.04023003278363,1.122548623820366,4.463133184419858,5,1,True,42,
permABC-SMC,100217.82178217822,11.251207179624515,455490.0,51.13673663139343,3.5804831550449925,24.04575866403771,204.73073734999863,27.630901400573663,0.8885842945558515,10.044609868295112,1.103814197431713,4.4610864966237225,5,1,True,42,
permABC-SMC,149025.88996763754,16.60155702177375,460490.0,51.29881119728088,3.541454246968273,24.021669062146465,201.4079086250788,27.6309014004892,0.8455808525648318,10.036843656782954,1.0917567893523112,4.456951554671583,5,1,True,42,
permABC-SMC,129774.05857740589,14.350100640971291,465240.0,51.44511079788208,3.50417467789271,24.020935864960578,199.9503049300971,27.630901400489147,0.8135559721737178,10.04239871009504,1.0664654897344783,4.452797911958126,5,1,True,42,
permABC-SMC,121382.42894056848,13.335417530641385,469750.0,51.60806584358215,3.475862253170324,24.01911552651188,198.24022184236168,27.6309014004888,0.786071238392801,10.045572857189953,1.046217910307505,4.449198801104196,5,1,True,42,
permABC-SMC,116900.12330456224,12.768146818280952,474030.0,51.77483534812927,3.4450563923414625,24.0112469051804,195.71409123472665,27.63090140048832,0.7581226879637105,10.037761986835251,1.0275233719285928,4.441580619436552,5,1,True,42,
permABC-SMC,113967.8188319428,12.349488539121715,478095.0,51.8061044216156,3.4133470958229912,24.014301014500965,193.7262345450061,27.630901400488323,0.7314234783222262,10.039946371890284,1.005574739396074,4.43724256620945,5,1,True,42,
permABC-SMC,111692.93163383548,12.04092428001855,481955.0,51.95658826828003,3.375945815172523,24.0140822298598,191.58776156093012,27.63090140048785,0.7039654714700857,10.03840687266164,0.9830714968255152,4.431595576902516,5,1,True,42,
permABC-SMC,111380.73394495412,11.95173968962573,485620.0,52.10958504676819,3.344977506131492,24.022158589177693,189.5517612525244,27.63090140052941,0.6834651093292266,10.039187109622688,0.964677099500956,4.427471738695547,5,1,True,42,
permABC-SMC,111032.91713961407,11.860177194896268,489100.0,52.24408054351807,3.318888834353443,24.01909565464745,187.7160733748532,27.630901400529115,0.6585510865499078,10.04126012126818,0.9425213512231028,4.4243123542843845,5,1,True,42,
permABC-SMC,111028.1848928974,11.814632813583769,492410.0,52.39789652824402,3.2912706175704844,24.020495601574307,185.9007053594924,27.63090140052912,0.6410830605278155,10.043838179964176,0.9274084024236722,4.422313579267218,5,1,True,42,
permABC-SMC,110985.44232922731,11.772930288368215,495550.0,52.56613373756409,3.26766187179378,24.035886741957043,184.32036315450688,27.63090140053017,0.619163841436356,10.050202068824298,0.9099785604800936,4.421515121449772,5,1,True,42,
permABC-SMC,111154.96098104792,11.727256200784026,498530.0,52.59674406051636,3.2291442560037424,24.057693365587724,181.5252860427099,27.63090140055193,0.5977631316537863,10.047977507819311,0.8916118419626177,4.41765443459649,5,1,True,42,
permABC-SMC,111166.29711751665,11.696169963168463,501360.0,52.74972653388977,3.203091459234048,24.065330438115424,179.21523051635006,27.63090140055223,0.5717586143978096,10.047263265215346,0.8688942887242639,4.4128680407765,5,1,True,42,
permABC-SMC,111268.2119205298,11.67851836476105,504045.0,52.903688192367554,3.1685850131549684,24.07758795407363,177.74540165932245,27.630901400553284,0.5500370835786083,10.058058078824288,0.8483317871315401,4.414555476095828,5,1,True,42,
permABC-SMC,111831.12582781455,11.68416099043082,506595.0,52.92924928665161,3.1347735599804785,24.07965715973242,175.99318160835827,27.63090140055348,0.5298225056013667,10.059841888678504,0.8321324723128546,4.4133708732855865,5,1,True,42,
permABC-SMC,168287.8289473684,17.46243356089843,511595.0,53.085798025131226,3.1007106581431647,24.01988304021208,174.96702218726534,27.63090140046993,0.4966026731500662,10.043430872912282,0.8130575166295516,4.400948464200645,5,1,True,42,
permABC-SMC,150757.66423357662,15.545204468887215,516345.0,53.24232530593872,3.069965300117923,24.02028567451412,173.62890397771773,27.63090140046986,0.4784572322334769,10.048500845973791,0.7923516043236793,4.4000229119007,5,1,True,42,
permABC-SMC,140203.23014804846,14.373504297248768,520855.0,53.397568464279175,3.0401375627980616,24.02325544278873,172.46867481320032,27.63090140046993,0.4603910073952967,10.054092533212067,0.7749270664301311,4.39950676318164,5,1,True,42,
permABC-SMC,134306.905370844,13.698583002895344,525140.0,53.5614595413208,3.006361829498693,24.032079309133863,171.03295016381293,27.630901400491137,0.4450664573788394,10.056235896524226,0.7589982325761999,4.398150366290243,5,1,True,42,
permABC-SMC,130508.01479654746,13.244092155766984,529210.0,53.70479369163513,2.983405457001947,24.0248059004822,169.97156203995434,27.630901400490544,0.4257462224306382,10.060096590559954,0.7385419002528851,4.395839374033331,5,1,True,42,
permABC-SMC,127989.19567827132,12.932916334410962,533075.0,53.865596532821655,2.956485979808003,24.01946438495775,168.26967997973233,27.630901400489808,0.4135901773934044,10.05441724381697,0.725935958676595,4.3912981597512015,5,1,True,42,
permABC-SMC,125997.65258215964,12.653479945491735,536750.0,53.9038245677948,2.930323153977497,24.017877714650524,167.30296424498923,27.63090140048949,0.3971382876573907,10.059174020158974,0.7087525988194511,4.3898952078215725,5,1,True,42,
permABC-SMC,125346.86774941997,12.547391971136744,540245.0,54.079259395599365,2.90460720439997,24.01280906213052,165.85912668363923,27.630901400488977,0.3789519701624705,10.058076966216126,0.6881579247137064,4.387311617491605,5,1,True,42,
permABC-SMC,124814.00688863375,12.42468934655874,543565.0,54.109522104263306,2.887070601418817,24.024027450543016,164.03461805837586,27.63090140053068,0.3640084144195917,10.054965284022662,0.6719722082855638,4.383598294424287,5,1,True,42,
permABC-SMC,125106.40732265446,12.415983365929645,546715.0,54.25784730911255,2.8547494311537105,24.05414790550701,162.65228749840608,27.63090140055461,0.3465732800386353,10.06669752490257,0.6516789977045367,4.386278521364341,5,1,True,42,
permABC-SMC,125075.08532423207,12.380064171193268,549705.0,54.41038203239441,2.8260419518101543,24.06050184387978,161.54318204082517,27.630901400555103,0.3320736000505127,10.074874044185318,0.6368766849822484,4.387563242071312,5,1,True,42,
permABC-SMC,125151.75537938844,12.330449126989896,552545.0,54.4389328956604,2.795416874986049,24.0801819132556,160.64585690531106,27.63090140059766,0.3179868670384629,10.083848487648478,0.6209985300944586,4.389266904506965,5,1,True,42,
permABC-SMC,125195.03945885003,12.307126734409954,555240.0,54.58210706710816,2.7768594762657868,24.08871651101109,158.5551104223905,27.63090140059765,0.3080383318229809,10.07682833910061,0.60692154297318,4.383463685159876,5,1,True,42,
permABC-SMC,125630.63063063064,12.298851023923168,557800.0,54.60689854621887,2.7511399278108715,24.090345591742658,157.08377889765143,27.63090140059748,0.2945101444684048,10.072067635952054,0.5918636992591091,4.379899681482829,5,1,True,42,
permABC-SMC,190779.6610169492,18.56622607021009,562800.0,54.77036690711975,2.727989552760155,24.03550195160411,155.28183634441098,27.630901400491634,0.2670305434521057,10.066670641222336,0.5657415470183331,4.373154789062888,5,1,True,42,
permABC-SMC,168913.69047619044,16.34657233953476,567550.0,54.92448306083679,2.7050370778715265,24.046178040900905,154.19098637338485,27.63090140051303,0.2600527914589313,10.07237012676788,0.5553997789797329,4.374460439160323,5,1,True,42,
permABC-SMC,153367.2922252011,14.736025390931813,572060.0,54.96537470817566,2.6756986290291875,24.04291469992156,153.10977336544363,27.63090140051309,0.2509371444037956,10.072237747382486,0.5416209184020178,4.372736629598065,5,1,True,42,
permABC-SMC,146093.78960709757,13.97262943108272,576340.0,55.12202310562134,2.65170000453478,24.040954365205337,152.485941299524,27.630901400512784,0.2397782199374754,10.077779421635205,0.5268940740594907,4.372760212952276,5,1,True,42,
permABC-SMC,141562.19512195123,13.482453125279124,580405.0,55.27805781364441,2.62354505606736,24.039002923042027,151.73675288656483,27.63090140051289,0.2309341496983402,10.081037899883736,0.5168633004157235,4.3736164020926855,5,1,True,42,
permABC-SMC,138451.42180094786,13.138169756432845,584265.0,55.443076372146606,2.6056702532006413,24.04663160580324,150.91742693877342,27.630901400534377,0.2227267241686411,10.08672075461005,0.5034269265112076,4.374773724299224,5,1,True,42,
permABC-SMC,136411.83294663575,12.90236675545677,587935.0,55.60920071601868,2.5758129651474126,24.04656786064005,149.4675420794,27.630901400534004,0.2141967738654286,10.081111150726208,0.4887037538096073,4.371607370338023,5,1,True,42,
permABC-SMC,136115.0747986191,12.835174051335272,591420.0,55.76883125305176,2.5434807636321697,24.05033342278687,148.49640918573425,27.630901400533688,0.2045347815275034,10.084480676979428,0.4744659777385548,4.371435410233033,5,1,True,42,
permABC-SMC,135628.27822120866,12.756073461291184,594730.0,55.93538212776184,2.523446773497709,24.05838110633319,147.0332867456302,27.63090140055456,0.1956007124293373,10.085037382657148,0.4595920163138549,4.369975696051214,5,1,True,42,
permABC-SMC,135111.86440677967,12.674009786487298,597870.0,56.0824933052063,2.4963556183900355,24.04956007204769,146.33711699710855,27.630901400553867,0.187017897168583,10.081386363112363,0.4505096059266374,4.367400785734071,5,1,True,42,
permABC-SMC,135174.35320584927,12.653117024321926,600850.0,56.24310517311096,2.471108444538808,24.05196697721138,145.5885346641408,27.63090140055379,0.1778432487988418,10.086609212595102,0.4383255429935532,4.368436362477083,5,1,True,42,
permABC-SMC,135202.6875699888,12.628804716257603,603680.0,56.38761305809021,2.4469774475200854,24.057580177457385,144.76012116517876,27.630901400574768,0.1705002450462389,10.088860441326917,0.4281837241128094,4.369143687311924,5,1,True,42,
permABC-SMC,135653.24384787472,12.621253448844756,606370.0,56.41700291633606,2.428457452079977,24.06026901376586,143.84367248023955,27.630901400575365,0.1631352969599847,10.089555845311876,0.4177658888546679,4.368518169720793,5,1,True,42,
permABC-SMC,136224.83221476508,12.65705191849062,608925.0,56.57702207565308,2.4135702529675203,24.061215879440265,142.2400532332719,27.630901400575603,0.1570325198639756,10.079465686378567,0.4026974017388806,4.363806734044749,5,1,True,42,
permABC-SMC,214284.4677137871,19.803715501156155,613925.0,56.73764491081238,2.3886752427247573,24.028615257157966,140.9738689022454,27.630901400471423,0.1368800612111323,10.091399336985535,0.3706146472708903,4.367096911769647,5,1,True,42,
permABC-SMC,185511.2443778111,17.055831749042472,618680.0,56.88119888305664,2.369829774695828,24.02985743345393,140.1472495102368,27.630901400491368,0.1285983346739659,10.09439075043016,0.3568744448241536,4.36846822102748,5,1,True,42,
permABC-SMC,172392.80774550486,15.99464772647842,623200.0,57.82065153121948,2.345423359828613,24.029380311508994,139.53243672055348,27.63090140049085,0.1219529397486713,10.099313656254964,0.3447616536570599,4.368902752120757,5,1,True,42,
permABC-SMC,163621.9035202086,15.122769180457004,627490.0,57.99581980705261,2.3263464911006984,24.022877537416456,139.1526670345014,27.63090140049005,0.117188322053812,10.102320626208316,0.3346467808196618,4.369188312137513,5,1,True,42,
permABC-SMC,157694.13233458178,14.518736185652486,631565.0,58.14753842353821,2.30965719226734,24.032417762267176,137.67123317651942,27.630901400490647,0.109123295662376,10.10021546792244,0.3206897954411253,4.367454981788896,5,1,True,42,
permABC-SMC,155173.38217338218,14.205053059318274,635435.0,58.169692277908325,2.2872474873964848,24.03172727673821,136.96152794211554,27.630901400490124,0.1030632861274893,10.101366182679016,0.3082185495603452,4.3668926947207325,5,1,True,42,
permABC-SMC,153817.08784596875,14.03440166753409,639110.0,58.312938928604126,2.2729994645550984,24.029027730629963,135.62118265791997,27.63090140049018,0.0964276101306323,10.098830537620396,0.2927335258976523,4.364233953391923,5,1,True,42,
permABC-SMC,151735.5371900827,13.805482576138298,642600.0,58.46621870994568,2.245333732218257,24.023215005488247,135.14405115904975,27.63090140048941,0.0904863187727491,10.104219011423016,0.2822611069695231,4.365873753347004,5,1,True,42,
permABC-SMC,151446.65885111372,13.713956074865594,645920.0,58.49002265930176,2.226871829553591,24.02884173710528,134.29908797114922,27.630901400490416,0.0869449820640536,10.110219607862405,0.2703301829155584,4.367622660886941,5,1,True,42,
permABC-SMC,150771.1962833914,13.621155919375182,649070.0,58.63907623291016,2.2079647085109326,24.044943412409737,133.91965569497228,27.63090140051229,0.081587916614813,10.123074061435997,0.2567397704988038,4.372026912761662,5,1,True,42,
permABC-SMC,150244.2396313364,13.51561507871074,652060.0,58.65776944160461,2.183902633648358,24.061041750196807,133.06587000575846,27.63090140055492,0.0790057867670791,10.126647204074567,0.2441787396793523,4.372952597802709,5,1,True,42,
permABC-SMC,149862.70022883295,13.426834931362686,654900.0,58.67526865005493,2.1703404966384405,24.05730467885144,132.6105331685231,27.63090140055456,0.0767307195619171,10.12575889520207,0.2389831681213002,4.372385446759672,5,1,True,42,
permABC-SMC,149793.84965831434,13.3959190177483,657595.0,58.80808448791504,2.1509389746438576,24.06899814543361,132.07872796853437,27.63090140055516,0.0739902101607894,10.13682387863485,0.2282569367400787,4.375889123071504,5,1,True,42,
permABC-SMC,149864.92622020433,13.35388171686352,660155.0,58.82384896278381,2.13126652082504,24.07468851728707,131.34860011889967,27.630901400555192,0.072988277015109,10.133095147469149,0.2201240172905391,4.374083513999807,5,1,True,42,
permABC-SMC,238834.82944344703,21.17219664678112,665155.0,58.9645676612854,2.102897610660561,24.06120079041278,129.78006077564442,27.630901400533343,0.0550973306293827,10.121187971425403,0.1935971528508338,4.368121588926574,5,1,True,42,
permABC-SMC,215059.39004815408,18.969923497011727,669910.0,59.09131169319153,2.0767970206028514,24.06546114319469,128.69326630652597,27.630901400533418,0.050762306269955,10.115145833646553,0.1828590919017531,4.364837569093765,5,1,True,42,
permABC-SMC,202530.03003003003,17.785588112679328,674425.0,59.22600841522217,2.059630341121662,24.07112729186357,127.56281425924848,27.630901400534658,0.0480036112968224,10.1084210368163,0.1727187184389105,4.360731844965328,5,1,True,42,
permABC-SMC,189583.7988826816,16.58755247819357,678710.0,59.38343787193298,2.042325101068824,24.06958457042604,127.1262842351923,27.63090140053413,0.0434117398566311,10.112242771396517,0.1582549479936506,4.361348943995612,5,1,True,42,
permABC-SMC,181108.75331564987,15.790048075607665,682780.0,59.528481245040894,2.024125211857028,24.083306190417066,126.08232432936558,27.630901400555555,0.0400450745574252,10.113934043985752,0.1477637289010043,4.36174233071143,5,1,True,42,
permABC-SMC,176742.5997425997,15.354284018930166,686645.0,59.6513934135437,2.00424964447512,24.0696773225224,125.19276901109288,27.630901400554503,0.0386519646485581,10.10408378602454,0.1370040996974397,4.356975807250101,5,1,True,42,
permABC-SMC,171933.99750933994,14.897162768790311,690315.0,59.81210851669312,1.9849710873693904,24.06514795858977,124.57958639280716,27.63090140055406,0.0380392786883398,10.105368156432869,0.1278087520354618,4.357256591738298,5,1,True,42,
permABC-SMC,167787.18258766626,14.502639147794232,693800.0,59.96841287612915,1.963832873921076,24.068331988199223,123.60910326925006,27.63090140055389,0.0355494366394668,10.101563508266226,0.1176290637965428,4.354903938917075,5,1,True,42,
permABC-SMC,166972.45508982037,14.369564399033964,697110.0,59.9929313659668,1.947577220209244,24.07844143451209,122.88211421779329,27.63090140055481,0.033261721790006,10.101395868703056,0.1126019766983907,4.35473680059792,5,1,True,42,
permABC-SMC,166330.16627078384,14.282088608186772,700250.0,60.12759304046631,1.9259080136732667,24.08579431753953,122.32101467066904,27.63090140055533,0.0321618472837618,10.105263240381692,0.1047100597911339,4.356115197497074,5,1,True,42,
permABC-SMC,166051.94805194807,14.230228680787432,703230.0,60.265018463134766,1.9066423131634875,24.08975912351901,121.72662932767584,27.630901400555715,0.0343324511690697,10.105988040624595,0.1036215643782583,4.356388318527225,5,1,True,42,
permABC-SMC,165160.23391812865,14.12996052301418,706060.0,60.40558123588562,1.8896059877908336,24.084067483161544,121.50238208433824,27.630901400555203,0.0349578053286245,10.11217459075163,0.1014981085816357,4.359513024428514,5,1,True,42,
permABC-SMC,165594.6261682243,14.152991827403271,708745.0,60.57480502128601,1.870925337970368,24.10230120075327,120.96238561469464,27.63090140057741,0.0366129552016467,10.120281233421949,0.103879640663514,4.362978033111479,5,1,True,42,
permABC-SMC,165417.44186046513,14.123031150463015,711295.0,60.72903394699097,1.8569011474672923,24.10185472174095,120.23678177894683,27.63090140057709,0.0386706652010659,10.115594979710686,0.1055926737919034,4.360939886044298,5,1,True,42,
permABC-SMC,251331.57894736849,21.36930532622756,716295.0,60.902520179748535,1.840339737315756,24.040192602767988,118.62492849726644,27.630901400492355,0.0292470182415033,10.095948761854071,0.0948549442129243,4.350917046353071,5,1,True,42,
permABC-SMC,228540.41204437395,19.31570169476057,721045.0,60.9410388469696,1.8234643146821383,24.037461174212645,118.23297130980627,27.63090140049172,0.0298485223104972,10.099469511038606,0.0960587332288929,4.35226977551079,5,1,True,42,
permABC-SMC,207895.4154727794,17.504823925160405,725555.0,61.09183549880981,1.8028362382284,24.06379165344635,117.78944040014768,27.630901400515047,0.031007728476402,10.108257489034806,0.0972223071815509,4.35651512120423,5,1,True,42,
permABC-SMC,198056.98778833108,16.61326933748201,729840.0,61.219897508621216,1.7888824312472964,24.06948366860444,116.9857412248476,27.6309014005156,0.0301356420677458,10.101357153141445,0.0942761350823692,4.3535212926643,5,1,True,42,
permABC-SMC,193388.6693017128,16.17285460822667,733910.0,61.375983238220215,1.772804394119197,24.068287844011486,116.55155052741831,27.63090140051512,0.030754996734991,10.102457158276064,0.0970931690284987,4.353645327070776,5,1,True,42,
permABC-SMC,187490.4701397713,15.639808247625602,737775.0,61.54264545440674,1.7558050784940862,24.09147985996472,116.15555636473948,27.63090140055877,0.0307886866434075,10.112845381613925,0.0976598387172182,4.358504699516951,5,1,True,42,
permABC-SMC,182847.10234278665,15.217134779096384,741445.0,61.70548152923584,1.74302440164088,24.1086438815438,115.7486658992092,27.630901400580385,0.0298621029189648,10.122295569099922,0.0996151247413019,4.362699815742306,5,1,True,42,
permABC-SMC,180808.2524271845,14.984764636141584,744930.0,61.73723030090332,1.7294389423643703,24.117821889758986,115.22515134018154,27.630901400581124,0.032101966755816,10.12514293062564,0.104482565588353,4.36399258528982,5,1,True,42,
permABC-SMC,180298.79518072293,14.882520710129338,748240.0,61.76246094703674,1.7146974372025017,24.13181741158728,114.91506092708492,27.63090140058216,0.0334852506252413,10.134599540465114,0.1112548776808276,4.3681134741501335,5,1,True,42,
permABC-SMC,178900.0,14.710500410624912,751380.0,61.78410172462464,1.700273486971842,24.133047010607232,114.5074736496595,27.630901400582005,0.034263427035107,10.133887145722616,0.1152437726040164,4.3679417836565015,5,1,True,42,
permABC-SMC,178335.6973995272,14.610534638659614,754360.0,61.80256152153015,1.689637358169869,24.14995684645367,114.04443353557105,27.63090140062461,0.0348282905099332,10.138488301124568,0.125711210905615,4.369856925796229,5,1,True,42,
permABC-SMC,177952.9964747356,14.5574987144784,757190.0,61.94215703010559,1.6739136584003311,24.154304170174186,113.73377533823174,27.63090140062484,0.0374127057001039,10.143803774747278,0.130436316198349,4.372380691804861,5,1,True,42,
permABC-SMC,177956.67447306792,14.536685630923412,759875.0,62.07164764404297,1.6640041210314696,24.151960771560724,113.17709006056104,27.63090140064535,0.040013971327979,10.139768642036774,0.1359030087040503,4.370804694764247,5,1,True,42,
permABC-SMC,177928.82147024505,14.523703464966532,762425.0,62.23406934738159,1.6476260679797774,24.161660447129304,112.88223865328813,27.63090140066655,0.041706859038138,10.141191724383026,0.1386655494858088,4.371104180252396,5,1,True,42,
permABC-SMC,279571.94899817853,22.731200115711093,767425.0,62.39714431762695,1.633982728180592,24.13853941221164,112.67518356976946,27.63090140060396,0.0378112864427272,10.156471996481978,0.1424574777328359,4.377399952061973,5,1,True,42,
permABC-SMC,247491.9871794872,20.051452670341884,772175.0,62.56053233146668,1.6230921872611308,24.142536109262576,112.35654330466332,27.630901400603808,0.0412072644907317,10.161092996548886,0.1483716550463056,4.379423230521915,5,1,True,42,
permABC-SMC,228101.32158590303,18.38194179114791,776685.0,62.59051179885864,1.6046699278381626,24.13876544422696,112.12335136792191,27.630901400603285,0.0439995820282296,10.166327590252148,0.1509606331663673,4.382282175178032,5,1,True,42,
permABC-SMC,214256.5157750343,17.178720571049613,780965.0,62.61643648147583,1.5841830217660735,24.155664455134787,111.46582488727807,27.63090140062496,0.0455660843394348,10.166547192034004,0.1620660219861095,4.382009282389161,5,1,True,42,
permABC-SMC,208784.5744680851,16.65898250772598,785030.0,62.63777422904968,1.5680055147058658,24.16409660506037,110.91034069771143,27.630901400646263,0.0483621822359506,10.164199904785711,0.1683369366714851,4.381581841710355,5,1,True,42,
permABC-SMC,203061.77606177604,16.156268948293558,788895.0,62.76710486412048,1.5558698831306803,24.16729048829492,110.5593592296184,27.630901400646728,0.0499082480770863,10.166612341595856,0.1723739828679875,4.383054503380101,5,1,True,42,
permABC-SMC,197647.13216957604,15.685761777540096,792565.0,62.89990472793579,1.5430583634283157,24.16340844815053,110.40509035678944,27.63090140064627,0.0511167640234167,10.16935196938993,0.1786365193380999,4.384055612271552,5,1,True,42,
permABC-SMC,195830.25830258304,15.509093848834912,796050.0,63.04446649551392,1.52959911363151,24.186028717910208,109.93897317955675,27.63090140068952,0.0526709461820535,10.175622178304812,0.1826104991816349,4.387657477104546,5,1,True,42,
permABC-SMC,194491.4841849149,15.34682323752819,799360.0,63.075443506240845,1.5197880127974368,24.182134603163377,109.75513842856508,27.63090140068921,0.0547295470772366,10.177470730107895,0.1856715745845039,4.388520770927002,5,1,True,42,
permABC-SMC,192677.0708283313,15.181242861524494,802500.0,63.22987651824951,1.5052853886533009,24.196242357063973,109.3961147737994,27.630901400710584,0.0563695188147788,10.185386107476342,0.1911508395954484,4.392499548440702,5,1,True,42,
permABC-SMC,191780.9523809524,15.06146226610456,805480.0,63.25814151763916,1.4942944890219707,24.18580010320332,109.18011812726944,27.630901400709856,0.0585790035485293,10.18498115200629,0.1962599844874242,4.3924341995286005,5,1,True,42,
permABC-SMC,190639.15094339623,14.92519108754284,808310.0,63.28281021118164,1.484168848548197,24.18113021214528,108.74880731842693,27.63090140070928,0.0640725005195486,10.186647314067354,0.2074460823382588,4.3930621065275135,5,1,True,42,
permABC-SMC,190151.2309495897,14.872207116130369,810995.0,63.42996335029602,1.47113772333516,24.173855900771443,108.44226997804,27.630901400708723,0.065711808859286,10.185924994382512,0.2133611252021611,4.393035305320848,5,1,True,42,
permABC-SMC,189637.5291375292,14.820755111587632,813545.0,63.58103942871094,1.4621922338323707,24.1684755868991,108.06697621758408,27.63090140072923,0.0710268950031226,10.189150600823844,0.2218815432883218,4.395131992265963,5,1,True,42,
permABC-SMC,297652.72727272724,23.182936841791324,818545.0,63.75307631492615,1.4491243197412826,24.163784427437275,107.83729918349364,27.63090140066733,0.0666644764470703,10.18984266371466,0.2267872877897558,4.39615418383688,5,1,True,42,
permABC-SMC,271266.88632619445,21.05995017967664,823295.0,63.9169487953186,1.436504209282931,24.16184220141048,107.45058255502823,27.630901400666907,0.0699061257092068,10.187839759216438,0.2339036308888324,4.396036674466549,5,1,True,42,
permABC-SMC,249340.36144578308,19.304345458386887,827810.0,64.09042692184448,1.426620585825065,24.16830358210633,106.98136987230428,27.630901400667423,0.0725708191089941,10.193781472436564,0.2464185945405565,4.399376806343551,5,1,True,42,
permABC-SMC,237064.10256410256,18.306740125020347,832095.0,64.25665783882141,1.416156866633395,24.16386987529437,106.72495147318176,27.630901400667383,0.0768925007478945,10.193661859535997,0.2523427978965785,4.399542083026958,5,1,True,42,
permABC-SMC,232268.0555555556,17.896127435896133,836165.0,64.42605876922607,1.4039518353302207,24.16957621738272,106.54327202798436,27.63090140066825,0.0797651720348856,10.199451183042564,0.2572994337197727,4.402079184600203,5,1,True,42,
permABC-SMC,226118.43876177652,17.351478971992176,840030.0,64.46074438095093,1.3937825233606362,24.16448033457901,106.16775144763008,27.630901400667565,0.0872019480894898,10.20065000718019,0.2672580379622565,4.402630459456043,5,1,True,42,
permABC-SMC,219429.1287386216,16.80642786509659,843705.0,64.62071514129639,1.383352983804907,24.16313788971948,105.989223021527,27.63090140066724,0.092558472038216,10.204264704605109,0.2748324004858143,4.40392923317761,5,1,True,42,
permABC-SMC,215845.85987261144,16.502255968227505,847195.0,64.77135467529297,1.3684662808693968,24.164816846944547,105.82638147825628,27.630901400666925,0.0965874084627427,10.209705766132176,0.280691306549139,4.406798233557273,5,1,True,42,
permABC-SMC,212362.0474406992,16.21783770871966,850510.0,64.95244002342224,1.3598254831309902,24.18283566026477,105.61430245347518,27.63090140068904,0.100967297932106,10.215304000469828,0.2841105817858281,4.409718740067091,5,1,True,42,
permABC-SMC,210779.012345679,16.045958024484136,853655.0,64.98612999916077,1.3518197835240822,24.18437829209241,105.22271310433312,27.630901400689144,0.1055586846013581,10.216978627907665,0.2947850856928834,4.41086904493332,5,1,True,42,
permABC-SMC,209960.7843137255,15.967285691523085,856640.0,65.14652562141418,1.3382738857869227,24.190836671495777,105.01910509798986,27.630901400689936,0.1098438907527926,10.2211539492807,0.2997627985406176,4.413096390863172,5,1,True,42,
permABC-SMC,208865.127582017,15.866128091823722,859480.0,65.28911709785461,1.3296208255682809,24.190646962715338,104.81555785692984,27.63090140068949,0.1136689314462924,10.223031333056566,0.3045794556282538,4.414087711021662,5,1,True,42,
permABC-SMC,208760.2905569008,16.01260909156707,862180.0,66.132075548172,1.3207744590334851,24.18418577066737,104.57820326917462,27.630901400688924,0.1167834873398208,10.22229570615295,0.3111122312614177,4.414168571848807,5,1,True,42,
permABC-SMC,208875.6038647343,16.21486196195446,864745.0,67.12952852249146,1.3123070188642678,24.175100396344792,104.34679118619115,27.6309014006882,0.1197562596118464,10.216554521875011,0.3171064742041917,4.411650647563576,5,1,True,42,
permABC-SMC,320348.0662983425,24.79516410476376,869745.0,67.3188705444336,1.3058963294432389,24.16291034789839,104.46230593278412,27.630901400669952,0.1179600160604917,10.239644617487873,0.3190871908771275,4.422290787868965,5,1,True,42,
permABC-SMC,291505.0,22.7704713344574,874515.0,68.31141400337219,1.2948112835589527,24.176583425379008,104.15673950016772,27.63090140067028,0.1231549775446047,10.24374357232592,0.3258894478372111,4.424772800342434,5,1,True,42,
permABC-SMC,276866.14173228346,21.781283250943883,879050.0,69.15557432174683,1.289094151750906,24.185015551676468,103.93587217867248,27.630901400670897,0.1263905902730169,10.246419750591553,0.3306893973142516,4.426388611773518,5,1,True,42,
permABC-SMC,264479.0419161676,21.00713017457973,883360.0,70.16381478309631,1.2772589562777348,24.18629253054013,103.59889150047444,27.63090140067087,0.1314872406756374,10.244887648854242,0.3382866495257083,4.426585337986172,5,1,True,42,
permABC-SMC,252834.75783475785,20.262175000291265,887450.0,71.12023425102234,1.2666251610842525,24.18327090591487,103.49965402572508,27.630901400690952,0.1329260859151227,10.244915519893,0.3419280626353165,4.42660841266472,5,1,True,42,
permABC-SMC,244872.2527472528,19.807227889260098,891335.0,72.09830951690674,1.2588378248892564,24.17987020796037,103.32516284007892,27.63090140069044,0.1376423377280108,10.249232936469028,0.3478820174806705,4.428838691798291,5,1,True,42,
permABC-SMC,240923.28398384928,19.668234533769446,895030.0,73.06749129295349,1.2474355901498744,24.19070282770477,102.999191419104,27.63090140071182,0.1418894897784736,10.248443790593498,0.3542850187226798,4.429014033967858,5,1,True,42,
permABC-SMC,238656.04249668,19.622419364898803,898540.0,73.878408908844,1.2376592035544671,24.199499580426004,102.79473276405224,27.630901400732743,0.1442531326980422,10.248919485497384,0.357276396429833,4.4294767507784005,5,1,True,42,
permABC-SMC,234557.86736020807,19.46679128937045,901875.0,74.8498125076294,1.2296538296145654,24.20358108314809,102.51917878085156,27.630901400733457,0.1474106916502406,10.250468244052175,0.3629991833777941,4.430459953109648,5,1,True,42,
permABC-SMC,231469.3094629156,19.3882638536146,905045.0,75.80811166763306,1.2196259652559398,24.199198718367114,102.39769512249636,27.630901400732952,0.1540671357352072,10.254179820147089,0.3695892786877724,4.431989056979902,5,1,True,42,
permABC-SMC,230179.9746514575,19.462589256663737,908060.0,76.77991461753845,1.212642841011275,24.195755588016155,102.19291882158478,27.63090140073267,0.1620473063588735,10.255902830892024,0.3777089065605079,4.433160097614499,5,1,True,42,
permABC-SMC,229162.2641509434,19.52361994569407,910920.0,77.60638928413391,1.2054487836765042,24.194690140859706,101.99678034917152,27.63090140073223,0.1700445471633915,10.262471218533694,0.3870074029021992,4.436070043511914,5,1,True,42,
permABC-SMC,228408.75,19.608964502811432,913635.0,78.43585801124573,1.199921592283694,24.216634101758395,101.77532848659392,27.63090140075463,0.1757682352327624,10.273575581684858,0.3933903116584641,4.441630854375623,5,1,True,42,
permABC-SMC,227347.3945409429,19.66487633679108,916210.0,79.24945163726807,1.1911818310235638,24.221526218550245,101.58672105395992,27.63090140075484,0.1803587109325222,10.275503681003968,0.4000343712237981,4.442422121568254,5,1,True,42,
permABC-SMC,347626.4150943396,29.97394831675403,921210.0,79.4309630393982,1.1836234998710515,24.21473357698381,101.0992724585021,27.63090140075484,0.1804828928263815,10.260678642912248,0.4021173137063705,4.436219384009084,5,1,True,42,
permABC-SMC,312824.3243243243,26.89158562067393,925960.0,79.59909343719482,1.1783806856699934,24.22425513606197,100.6987664168976,27.63090140075517,0.1891715802216791,10.261454913316753,0.4092007601511474,4.437476389810355,5,1,True,42,
permABC-SMC,292142.8571428572,25.044940816738546,930475.0,79.76813650131226,1.166919141847634,24.21954408585233,100.60670312353926,27.63090140075472,0.1950031613968068,10.262878928022374,0.4145124646317271,4.438333374219097,5,1,True,42,
permABC-SMC,275740.41297935107,23.58043742390861,934760.0,79.93768286705017,1.1565611968188512,24.2118639783876,100.53682025249935,27.63090140075419,0.2010821720641449,10.267825086693907,0.4195339596196944,4.440924364521789,5,1,True,42,
permABC-SMC,269007.16332378227,22.95208168576304,938835.0,80.10276508331299,1.150018104804324,24.212822110501115,100.41016231776344,27.630901400753988,0.2032763581402638,10.270485553744235,0.4215857095349024,4.4422232482294906,5,1,True,42,
permABC-SMC,262226.7037552156,22.328366026261588,942705.0,80.2704758644104,1.138801366242535,24.213209443000125,100.2772945858278,27.63090140075381,0.2094259900902792,10.273449305106862,0.4263493743263548,4.443936588961684,5,1,True,42,
permABC-SMC,255433.1983805668,21.70699295888224,946380.0,80.42440891265869,1.131414059123944,24.22008405883349,99.94534096680192,27.63090140075409,0.2150726475516098,10.271765376856832,0.4316681580850244,4.443819414478507,5,1,True,42,
permABC-SMC,251289.6825396825,21.28442500634168,949875.0,80.45512652397156,1.125685317233737,24.229142634066115,99.88430908212854,27.63090140075448,0.219508889625573,10.278862062368368,0.4359616049902935,4.4474833936594775,5,1,True,42,
permABC-SMC,246941.7098445596,20.8792865585169,953195.0,80.59404611587524,1.1130395013511971,24.222397155609805,99.857321102933,27.6309014007541,0.2236126256907614,10.283701144483125,0.4399132460443346,4.449813925331665,5,1,True,42,
permABC-SMC,245216.66666666663,20.67209359927055,956345.0,80.62116503715515,1.1065369508808758,24.22834596057857,99.70633314457277,27.630901400775045,0.2246618375108955,10.28270862082567,0.4441382805826303,4.449713954352647,5,1,True,42,
permABC-SMC,242872.15189873416,20.73357382907143,959345.0,81.89761662483215,1.0980300775796843,24.22263690386645,99.61274034947496,27.63090140077509,0.2304020838318101,10.287247818289398,0.4501279162684711,4.452141384321685,5,1,True,42,
permABC-SMC,241757.53768844216,20.78364554362081,962195.0,82.71890926361084,1.0902369437022126,24.226503648156225,99.34298604939742,27.63090140077512,0.235516248885095,10.283138716884032,0.4539329788799168,4.450512227749589,5,1,True,42,
permABC-SMC,241225.0,20.888032972812653,964900.0,83.55213189125061,1.0831387139899795,24.21811145301892,99.2918188010583,27.63090140077458,0.2401706762332906,10.285044480033758,0.4565969517533909,4.451434479831872,5,1,True,42,
permABC-SMC,240963.8854296388,21.052727099521963,967470.0,84.52669930458069,1.077048594111362,24.22240522632348,99.17904246860846,27.63090140077483,0.2451747843335355,10.289077471791668,0.4617938376725418,4.453990153082338,5,1,True,42,
permABC-SMC,399371.66324435314,34.78911603500711,972470.0,84.71149754524231,1.0679262720374745,24.24794316941928,98.39547443483426,27.63090140077753,0.2435881213148326,10.263701337380372,0.4663930223938937,4.44347946679619,5,1,True,42,
permABC-SMC,368764.15094339615,32.02525003901067,977225.0,84.8669126033783,1.0572282450934594,24.241929987331595,98.36735566160924,27.63090140077707,0.2470499541349003,10.265025064712662,0.4684863242811143,4.444612799148605,5,1,True,42,
permABC-SMC,352511.6696588869,30.52669829911347,981745.0,85.016854763031,1.047265562872402,24.24178613162473,98.22961926122063,27.630901400776803,0.2517763867670907,10.263809429409052,0.4726446615544223,4.444560925312156,5,1,True,42,
permABC-SMC,338265.8662092624,29.509874968749585,986045.0,86.02128553390503,1.040327983409528,24.261314016657927,98.02874510096647,27.630901400777788,0.2572113088737703,10.26804391940344,0.4764350410311548,4.446895223270796,5,1,True,42,
permABC-SMC,329494.1763727122,28.953267333908208,990130.0,87.00456833839417,1.0359349869189969,24.27343906088587,97.81904834116024,27.630901400778026,0.2601541877408165,10.26278197619092,0.4789034444335797,4.4448698633782975,5,1,True,42,
permABC-SMC,319104.33386837883,28.24023875914645,994010.0,87.96834373474121,1.028656940515197,24.27203566005886,97.7212744419002,27.63090140077772,0.2631434331220811,10.261196255444943,0.4800862611687527,4.443906280581895,5,1,True,42,
permABC-SMC,309362.79069767444,27.57767411165459,997695.0,88.93799901008606,1.0226642729305429,24.27069551049085,97.51699477465726,27.63090140077742,0.2686420976304859,10.257804127742675,0.4833164704771084,4.442682036943148,5,1,True,42,
permABC-SMC,305242.37804878043,27.365550980335325,1001195.0,89.75900721549988,1.0131978886509427,24.28474946476936,97.2934149427303,27.630901400798656,0.2770553467518112,10.26445951931474,0.4900224921504006,4.44626508467432,5,1,True,42,
permABC-SMC,297635.5555555556,26.88515853881836,1004520.0,90.73741006851196,1.006616557404444,24.278382720821178,97.30730695710685,27.63090140079822,0.2761660205853032,10.266360110136464,0.4891363115310225,4.447278750553928,5,1,True,42,
permABC-SMC,294641.8128654971,26.808637415456488,1007675.0,91.6855399608612,1.0014757281929596,24.297537738099365,97.12675765125935,27.63090140082086,0.2867034084344733,10.271881870026707,0.4950081199968085,4.450460647255089,5,1,True,42,
permABC-SMC,293373.0043541364,26.854056786037493,1010670.0,92.51222562789916,0.9956391590566392,24.29242643228872,96.98997326944304,27.63090140082044,0.295144254673245,10.273775054941297,0.5007962644797643,4.451740282564408,5,1,True,42,
permABC-SMC,290822.0946915352,26.785967852840123,1013515.0,93.34909796714784,0.989755417199754,24.28483094033302,96.95659033043832,27.63090140081984,0.2991923360864757,10.275097631662238,0.504179595382418,4.452775226238923,5,1,True,42,
permABC-SMC,288698.8636363637,26.56758949160576,1016220.0,93.51791501045228,0.9822674792102788,24.279152703423875,96.83468878837172,27.630901400819592,0.305455526067628,10.277922275022252,0.5093029404357596,4.454438877110661,5,1,True,42,
permABC-SMC,286176.96629213484,26.31794448648946,1018790.0,93.69188237190248,0.977754970817542,24.283122892452933,96.72218051955814,27.630901400819628,0.3103926085749948,10.285683211841157,0.5139812848484379,4.458003947889684,5,1,True,42,
permABC-SMC,480652.5821596244,44.07012160395233,1023790.0,93.86935901641846,0.9708645266415746,24.27345947821848,96.48097239597423,27.63090140077868,0.3128151466503017,10.276566557080365,0.5173538570588926,4.453942667054277,5,1,True,42,
permABC-SMC,443336.20689655165,40.5366145331284,1028540.0,94.04494571685792,0.9661769165926972,24.290186783085403,96.34429201891308,27.630901400779035,0.314802030897286,10.271351834491943,0.5193636064252525,4.451970823787503,5,1,True,42,
permABC-SMC,421653.0612244898,38.45334510413968,1033050.0,94.2106955051422,0.9609165136126382,24.2830938095088,96.23441650555264,27.630901400779017,0.3206902646601791,10.268923827336437,0.5244037402396913,4.451451290280967,5,1,True,42,
permABC-SMC,403630.3501945525,36.72295748491695,1037330.0,94.37800073623656,0.9546756468470768,24.28021423497975,96.22661068610869,27.63090140077936,0.3236153164723491,10.273677688811848,0.5281697504971388,4.453641845188239,5,1,True,42,
permABC-SMC,385701.8518518519,35.01736252396196,1041395.0,94.54687881469728,0.9459055797738036,24.29101899880412,95.99475446601888,27.630901400779543,0.3297769098685487,10.26963425003428,0.5322416131107627,4.45230647144507,5,1,True,42,
permABC-SMC,372639.9286987522,33.71975545152198,1045255.0,94.58391404151917,0.942870400130719,24.27525495422202,95.6096923940606,27.6309014007788,0.3426876897572254,10.265930329752072,0.543988782511842,4.450514381613143,5,1,True,42,
permABC-SMC,359835.3344768439,32.49559901386346,1048920.0,94.724671125412,0.9383351270254212,24.28234691000166,95.58089059893524,27.630901400778885,0.3431122304879613,10.269674317012878,0.5444206649530633,4.452232173774471,5,1,True,42,
permABC-SMC,353747.89915966394,31.848420936520363,1052400.0,94.74905228614809,0.933243823169988,24.278709063269453,95.4709788919506,27.63090140077856,0.349292164831014,10.267918253254416,0.5485381570751783,4.4517361487308085,5,1,True,42,
permABC-SMC,345566.28477905074,31.022160572233062,1055705.0,94.772700548172,0.9280301147700828,24.29347959724944,95.4208160238058,27.63090140080031,0.3487804483512546,10.272182507561643,0.5475608710570186,4.453648524130816,5,1,True,42,
permABC-SMC,339376.60256410256,30.3822683218198,1058855.0,94.79267716407776,0.9236443785205092,24.306447502317635,95.17633725781783,27.63090140080105,0.3560231142596334,10.269020214581245,0.5529981631551723,4.452848751423298,5,1,True,42,
permABC-SMC,337629.5707472178,30.146557879182605,1061845.0,94.8109245300293,0.9184905157571116,24.314637476894724,95.08583272072984,27.630901400822456,0.3610983967739392,10.27198641895108,0.5550211093618541,4.454194579475022,5,1,True,42,
permABC-SMC,334806.60377358494,29.854493695984846,1064685.0,94.9372899532318,0.9115795387317264,24.311654032961457,95.02199623245777,27.630901400822207,0.3659364015884094,10.272618686639062,0.5582830461785993,4.45466373226133,5,1,True,42,
permABC-SMC,329441.35802469135,29.30692103173998,1067390.0,94.95442414283752,0.910044850573478,24.32164093708896,94.87307602747266,27.630901400822573,0.3789249874935069,10.278366156853158,0.5651970307166895,4.457663295851484,5,1,True,42,
permABC-SMC,326705.34351145034,28.998699843428515,1069960.0,94.9707419872284,0.9063412726879464,24.341853623120656,94.77440577873902,27.63090140086592,0.3862584874421773,10.288052368590476,0.5698845484797965,4.4622951203061385,5,1,True,42,
permABC-SMC,503494.1451990632,44.55448369510838,1074960.0,95.1238226890564,0.8999850879033231,24.34371163202215,94.5714768471962,27.630901400845577,0.38904107281989,10.284089705116305,0.5723823390653452,4.461203110413502,5,1,True,42,
permABC-SMC,474613.1868131868,42.249133455884326,1079745.0,96.11677861213684,0.8935240378756194,24.34834823447687,94.49471011084437,27.630901400846263,0.3921455798096955,10.283756644040665,0.5739195597442709,4.461566485195226,5,1,True,42,
permABC-SMC,443474.4376278119,39.71284825377669,1084295.0,97.097913980484,0.8895495620842309,24.351256749174176,94.34331105308954,27.63090140084632,0.402949517476038,10.288044081785433,0.5813404038210744,4.464417942988264,5,1,True,42,
permABC-SMC,420314.67181467183,37.86471875017675,1088615.0,98.06962156295776,0.883822159536799,24.348416260348777,94.35229771222023,27.630901400846017,0.4060091744906466,10.293606120487976,0.5835726622673553,4.4668657061292185,5,1,True,42,
permABC-SMC,410028.1425891182,37.1649982781616,1092725.0,99.04472041130066,0.8779729968621209,24.363927160299667,94.13303723664404,27.630901400867977,0.4098108206299398,10.283195477476536,0.586511055092869,4.46272992643078,5,1,True,42,
permABC-SMC,399504.5537340619,36.38544603775107,1096640.0,99.87804937362672,0.8730477153391601,24.372031241808457,94.07760575703584,27.63090140090947,0.4103856362164275,10.276208964806589,0.5866352336441842,4.460150866224442,5,1,True,42,
permABC-SMC,387450.70422535215,35.51618414865413,1100360.0,100.86596298217772,0.8697308851949004,24.373161507597068,93.97144449215388,27.63090140090933,0.4124899489546347,10.27133008830424,0.588276200354816,4.458083482834863,5,1,True,42,
permABC-SMC,376115.8432708689,34.66060376857778,1103900.0,101.72887206077576,0.8648687805812685,24.37162505191825,93.97571741294745,27.6309014009092,0.4135767466015764,10.27038496170401,0.5892656450085166,4.458021943958924,5,1,True,42,
permABC-SMC,371565.43624161073,34.4244312119964,1107265.0,102.58480501174928,0.8563601211375231,24.376049833790937,93.9020809857734,27.63090140090931,0.4178648381118875,10.269406665393984,0.591433855985054,4.45769374287352,5,1,True,42,
permABC-SMC,365884.6787479407,34.130476648371534,1110460.0,103.58599662780762,0.8511021805732242,24.379692188759847,93.78879755793916,27.630901400909487,0.427323844544594,10.27030734238716,0.5986872386172812,4.4582017436344765,5,1,True,42,
permABC-SMC,362701.95439739415,34.014816082261675,1113495.0,104.42548537254332,0.8478413084552692,24.40159840180274,93.59370594614008,27.63090140091189,0.4283733588790565,10.263299207526195,0.5980999782673854,4.455303369462933,5,1,True,42,
permABC-SMC,360120.9677419355,34.01063542212209,1116375.0,105.43296980857848,0.8434006430941987,24.4051697057881,93.51446886774558,27.63090140093293,0.433686892261798,10.261449691880983,0.6006043855712462,4.45495080233238,5,1,True,42,
permABC-SMC,359264.8475120385,34.117850828706544,1119110.0,106.2771053314209,0.8379991243847235,24.4005709753804,93.5118053729187,27.63090140093265,0.4332983961348191,10.257321143434632,0.6009715002416319,4.45319600362156,5,1,True,42,
permABC-SMC,356662.9570747217,34.10713919016439,1121705.0,107.26695275306702,0.8335825333912069,24.408622592747733,93.38063006502136,27.630901400933027,0.4436810387062591,10.257367565451492,0.6060151143306494,4.453757708769743,5,1,True,42,
permABC-SMC,599311.170212766,57.14516424118205,1126705.0,107.43290877342224,0.8288519235029875,24.43364039104425,93.31280025415444,27.630901400934857,0.4383763797093232,10.280589726428865,0.6028663746078147,4.464247495898546,5,1,True,42,
permABC-SMC,572893.6708860759,54.89115220081957,1131465.0,108.41002559661864,0.8234624863790213,24.4430871363524,93.25565206417866,27.630901400935336,0.4427201469945593,10.280540582034371,0.6059394798265304,4.464702976421078,5,1,True,42,
permABC-SMC,544836.9304556355,52.07027234047723,1135985.0,108.56651782989502,0.819200351166273,24.441847475887684,93.2247359377728,27.630901400935173,0.4428243881922882,10.276215958362048,0.6082273177196029,4.462876518267063,5,1,True,42,
permABC-SMC,527912.0370370371,50.71766177813212,1140290.0,109.55014944076538,0.814839652676074,24.45931597784795,93.22492323437272,27.63090140093628,0.4404287039784639,10.275756552724896,0.606851259694562,4.462780610187512,5,1,True,42,
permABC-SMC,513174.88789237663,49.19660882564938,1144380.0,109.70843768119812,0.8106385546316702,24.45281337681264,93.20634635196524,27.6309014009358,0.4395053923500991,10.272146448086556,0.6060493036937826,4.461183327325964,5,1,True,42,
permABC-SMC,499252.1739130434,48.06829815325528,1148280.0,110.55708575248718,0.8086677331887125,24.465650804495468,93.06435411452708,27.630901400937024,0.4457303091307925,10.267818757679724,0.6084013933736916,4.459780795366327,5,1,True,42,
permABC-SMC,494416.30901287554,47.80742323961381,1151990.0,111.39129614830016,0.8052378036943938,24.46765662208385,92.9391934879814,27.63090140093674,0.4576506635948926,10.266636645668598,0.6133350119727854,4.459442813574296,5,1,True,42,
permABC-SMC,486530.5263157895,47.31428989611174,1155510.0,112.37143850326538,0.8003740459764793,24.471927064250835,92.94172011766008,27.63090140093659,0.462951280037238,10.269816971546351,0.6140134157797007,4.460723515018152,5,1,True,42,
permABC-SMC,474940.5737704918,46.40039752741329,1158855.0,113.21696996688844,0.7954637278871359,24.488591216644767,92.86342998387148,27.63090140095825,0.4695903001199391,10.271652827790607,0.6174621682940453,4.462011591096049,5,1,True,42,
permABC-SMC,467621.73038229375,45.96389035583741,1162040.0,114.22026753425598,0.7924428489161154,24.5046083846264,92.78985642252704,27.630901400959203,0.4728784729251181,10.275393148476828,0.6186747647988471,4.463852886703167,5,1,True,42,
permABC-SMC,463254.47316103376,45.75081468813462,1165085.0,115.06329894065856,0.7894916578717961,24.525082498719385,92.69991413791756,27.63090140098144,0.479955619308933,10.27543255101429,0.6200140220905717,4.463923478334942,5,1,True,42,
permABC-SMC,460743.58974358975,45.775384545561366,1167985.0,116.04059982299805,0.7853547834965713,24.526488329842792,92.63519794097331,27.630901400981323,0.4828178669592103,10.270253636326728,0.621863072007744,4.462152128615728,5,1,True,42,
permABC-SMC,454656.3106796116,45.399172792156925,1170740.0,116.90286993980408,0.7820514316792904,24.53834196726195,92.67404255780512,27.63090140098154,0.4818726848327171,10.278664859649057,0.6217244941223015,4.465997958567691,5,1,True,42,
permABC-SMC,452171.4836223507,45.418656538446974,1173385.0,117.8614137172699,0.7807863340971105,24.539099344330456,92.44140691934204,27.630901400981287,0.4991110470870727,10.27618575723488,0.6320565769355995,4.466122199882039,5,1,True,42,
permABC-SMC,447960.0,45.27852003914969,1175895.0,118.85611510276794,0.778852746816638,24.53973476643486,92.2676609472073,27.630901400981774,0.506396464329819,10.272278539206347,0.637212202938705,4.465207962042125,5,1,True,42,
permABC-SMC,754565.4952076677,76.06357568369125,1180895.0,119.0394959449768,0.7766150321979021,24.52413452437456,92.177407965738,27.63090140095992,0.5153561941999236,10.27003246468806,0.6403761872298702,4.464550476775995,5,1,True,42,
permABC-SMC,727420.2453987729,73.63178964041492,1185695.0,120.01981711387634,0.7738796857576355,24.509973143815163,92.17341613880812,27.63090140095933,0.5189123296948417,10.27042829434459,0.6431877144274305,4.464775836969624,5,1,True,42,
permABC-SMC,704298.8165680472,71.58215835955015,1190265.0,120.97384762763976,0.7705090504945303,24.509836199855485,92.14964864767862,27.63090140096005,0.5198471076359474,10.2741263847115,0.6442887466253208,4.46660156984749,5,1,True,42,
permABC-SMC,684593.1232091691,69.77241797570171,1194615.0,121.75286936759947,0.7655334706270774,24.52279304395061,92.16002245862576,27.630901400981863,0.5160836742587023,10.274759029391143,0.6414059050016541,4.466555110526752,5,1,True,42,
permABC-SMC,649734.4173441735,66.43328214402445,1198760.0,122.5694055557251,0.7628228922583206,24.528562411643563,92.12651367614546,27.63090140098195,0.5170430952857757,10.27344387597694,0.6416367090249804,4.465892175378474,5,1,True,42,
permABC-SMC,638045.0928381963,65.46400510347806,1202715.0,123.39964962005617,0.7593027156583643,24.52872375291836,92.22871094397568,27.630901400981784,0.5123334347757597,10.272904476405806,0.6394220730341711,4.465465373407974,5,1,True,42,
permABC-SMC,618705.1282051281,63.70468861017471,1206475.0,124.2241427898407,0.7553520630662846,24.536477911024647,92.10838621190442,27.630901400981788,0.5208997287539158,10.269875112489864,0.6436773648586633,4.465004518694214,5,1,True,42,
permABC-SMC,609596.9773299749,63.00662855057032,1210050.0,125.06815767288208,0.7544592882404249,24.557971338948207,92.08781608167229,27.63090140098239,0.5190571676602965,10.28713152799997,0.6437361921084325,4.473139237359961,5,1,True,42,
permABC-SMC,600717.8217821782,62.39080700543848,1213450.0,126.02943015098572,0.75142416913979,24.547560205731536,91.9358559502493,27.630901400981827,0.533991718051418,10.28733123941712,0.6530136936858378,4.47379991901914,5,1,True,42,
permABC-SMC,596414.2156862745,62.2539903603348,1216685.0,126.998140335083,0.7503529793461,24.54964989253461,91.86179403308996,27.63090140098205,0.5423165123014186,10.289142437694954,0.6565843953232896,4.474803976912,5,1,True,42,
permABC-SMC,585014.3884892086,61.30788103282023,1219755.0,127.82693195343018,0.7477505895876694,24.54514685380525,91.8489460448396,27.630901400981823,0.5375544624486019,10.284892877710131,0.6534375963567596,4.472613598488709,5,1,True,42,
permABC-SMC,572679.1569086651,60.316406647550416,1222670.0,128.77552819252014,0.7450330795461734,24.55495487902808,91.7780317639936,27.630901401003943,0.5446434702553918,10.290560871548175,0.6568244043030125,4.475918659444496,5,1,True,42,
permABC-SMC,569976.7441860465,60.2901271332142,1225450.0,129.62377333641052,0.7421067275608755,24.54983031815081,91.66092080518224,27.630901401003733,0.5591391473800638,10.291274561473552,0.6639382547911281,4.476752122648633,5,1,True,42,
permABC-SMC,567256.351039261,60.323576784023786,1228110.0,130.6005437374115,0.7409461766690626,24.544963266855568,91.7060744923075,27.63090140100336,0.5583076257218045,10.29721320497556,0.6638018032197488,4.478792803639695,5,1,True,42,
permABC-SMC,563224.2562929061,60.15490361700341,1230645.0,131.43846440315247,0.7390962491905186,24.54707021701752,91.60243251937356,27.6309014010032,0.5629728596923919,10.304608528937912,0.667948400688424,4.482132612894802,5,1,True,42,
permABC-SMC,864087.4125874126,92.04497053906634,1235645.0,131.62430787086487,0.7372434014635527,24.54116440988,91.5720282392382,27.63090140096167,0.5591671384373824,10.308845764762657,0.6675120053857927,4.483640502111695,5,1,True,42,
permABC-SMC,816049.3421052631,86.71756229902569,1240395.0,131.81069469451904,0.7332482156316349,24.5510705282801,91.50271881811642,27.63090140096173,0.5643107143551213,10.307680388597383,0.6705668060238983,4.483490360441431,5,1,True,42,
permABC-SMC,782977.9874213836,83.52026309607163,1244935.0,132.7972183227539,0.7276737743322438,24.54445696623343,91.55065088035283,27.630901400961505,0.5647759077348959,10.304970879341584,0.6702811221866294,4.482135370373588,5,1,True,42,
permABC-SMC,761743.9024390243,81.5937578678131,1249260.0,133.8137629032135,0.7225836190206545,24.532900891857054,91.4701426373796,27.63090140096088,0.5646690403660879,10.300837094555234,0.671558811815283,4.480720766488199,5,1,True,42,
permABC-SMC,737273.5294117646,79.21555280685423,1253365.0,134.66643977165222,0.719827293212478,24.53729825387334,91.41004981375724,27.63090140096084,0.5731336666732392,10.301452347225046,0.6748986009757141,4.480990690324329,5,1,True,42,
permABC-SMC,722571.8390804599,77.8857854591019,1257275.0,135.52126669883728,0.7160769636696721,24.56533952135425,91.40170584670808,27.63090140098316,0.5687743875765473,10.296809197414504,0.6735238771862068,4.4788107116454325,5,1,True,42,
permABC-SMC,710416.9014084507,76.90825099676428,1260990.0,136.5121455192566,0.7128604039964039,24.56787211354255,91.4821504210095,27.63090140098295,0.5647321783553998,10.301805105826984,0.6713687653502635,4.480710822480982,5,1,True,42,
permABC-SMC,706458.1005586592,76.82178300186243,1264560.0,137.51099157333374,0.7106870670825255,24.56797140683495,91.53684620357328,27.630901400982665,0.5657954922730094,10.303826199889166,0.6691577962512372,4.481155608366673,5,1,True,42,
permABC-SMC,698595.0413223141,76.22579976546864,1267950.0,138.34982657432556,0.7102227209133144,24.56497233236773,91.38418072897132,27.630901400982204,0.589803418384087,10.313275547660206,0.6772857005076576,4.486922881845574,5,1,True,42,
permABC-SMC,681592.4932975871,74.71484946181883,1271170.0,139.34319424629211,0.7074698553862638,24.55267585401029,91.45834161674097,27.63090140098168,0.5864668383715524,10.312331535881444,0.6763436780593551,4.486387332357348,5,1,True,42,
permABC-SMC,674193.1216931216,74.25539052044904,1274225.0,140.34268808364868,0.7038983681991228,24.56281221184185,91.43895016152274,27.63090140098239,0.5867121053792465,10.313851312120956,0.6752238721588579,4.4873361679405175,5,1,True,42,
permABC-SMC,663444.1558441558,73.34425232627174,1277130.0,141.18768572807312,0.7020666802229139,24.552379437673977,91.39984561095028,27.630901400981845,0.5891179095624173,10.314379229182112,0.6761806814306476,4.48816453274856,5,1,True,42,
permABC-SMC,653007.6530612245,72.46823262195198,1279895.0,142.03773593902588,0.6991406686384319,24.54586745242585,91.4140496955362,27.63090140098153,0.588922903159484,10.31590020861833,0.677306012777332,4.488878064264191,5,1,True,42,
permABC-SMC,649377.2151898734,72.35549999188773,1282520.0,142.90211248397827,0.6961208974445369,24.53898380513498,91.49734824233428,27.63090140098125,0.5859102070878037,10.314243335714613,0.6753292615275567,4.488175143567137,5,1,True,42,
permABC-SMC,1181211.009174312,131.2602493741097,1287520.0,143.07367181777954,0.6937077220154858,24.559549022129232,91.47788904138255,27.630901400984104,0.5723830236218028,10.322764469890243,0.6725433353362202,4.491375298423277,5,1,True,42,
permABC-SMC,1148684.4444444445,127.20746930440266,1292270.0,143.108402967453,0.6899900693674273,24.56222421000347,91.50009368959302,27.63090140098416,0.5752907690492236,10.329119996443447,0.6723487317606792,4.494177459439768,5,1,True,42,
permABC-SMC,1127639.1304347825,124.58230889361836,1296785.0,143.26965522766113,0.687884905293694,24.566401917360224,91.504903646664,27.630901400983955,0.5774994980695738,10.332691412437086,0.674113032010756,4.4956976556607176,5,1,True,42,
permABC-SMC,1121637.9310344823,124.37035667485202,1301100.0,144.26961374282837,0.6848600256395774,24.58552474914203,91.5001582264734,27.63090140100661,0.5769870792742189,10.332058788689448,0.6726142266585068,4.495635435202356,5,1,True,42,
permABC-SMC,1101459.9156118142,122.46939300987792,1305230.0,145.12623071670532,0.6836207139703749,24.58582841948104,91.43801297886432,27.630901401006582,0.5846177510419464,10.331920251392091,0.6753071449880421,4.49600566139052,5,1,True,42,
permABC-SMC,1060044.5344129556,118.33618198811769,1309155.0,146.14518475532532,0.6804966475904635,24.596907956724912,91.40765812539526,27.63090140100658,0.584713123379669,10.324156465854427,0.6764968598415967,4.492561490436529,5,1,True,42,
permABC-SMC,1037853.7549407112,116.32622824356017,1312885.0,147.15267872810364,0.6755572348935875,24.613609935812224,91.40748006596309,27.63090140100706,0.5929315323536882,10.332803246242698,0.6791884527709905,4.496724172096592,5,1,True,42,
permABC-SMC,1016552.1235521236,114.41010361012346,1316435.0,148.16108417510986,0.6724574782857534,24.60809188797824,91.45045659314208,27.630901401006565,0.5957140578225392,10.333316238089784,0.6808145446206797,4.497014220477819,5,1,True,42,
permABC-SMC,1011356.3218390802,114.49635823567706,1319820.0,149.4177474975586,0.6708755506177148,24.597876676652817,91.4408366514026,27.630901401006053,0.6015417145094725,10.335989675197382,0.6838888249151245,4.49782438835525,5,1,True,42,
permABC-SMC,994766.9172932332,112.35859268590023,1323040.0,149.43692827224731,0.6694948912721479,24.57257167417378,91.45627248241446,27.63090140100526,0.6044198593084493,10.333472293072116,0.6843276809294653,4.496729943238612,5,1,True,42,
permABC-SMC,993333.3333333334,112.6641859276018,1326100.0,150.4066882133484,0.6644089997810635,24.57843589932608,91.51039286450956,27.63090140100505,0.6092883247672238,10.33563666156182,0.6858850236410613,4.497832467728581,5,1,True,42,
permABC-SMC,991798.5074626864,112.8803502267866,1329010.0,151.25966930389404,0.6619309439531482,24.587969069305483,91.5078286819126,27.630901401005094,0.6130827622850532,10.342509637328549,0.6864651467478666,4.501005371990273,5,1,True,42,
permABC-SMC,990178.4386617098,112.48360087880413,1331790.0,151.29044318199158,0.6597961811199798,24.59719753217835,91.53950464553044,27.63090140100522,0.6120099263844411,10.336371183392066,0.6846859794877751,4.498369956063507,5,1,True,42,
permABC-SMC,988466.6666666667,112.82774501376682,1334430.0,152.3174557685852,0.6559574446923019,24.6226781430044,91.5748377645328,27.63090140102725,0.6086805677697068,10.33333568859434,0.6814850384855106,4.497074052762751,5,1,True,42,
permABC-SMC,986734.3173431734,112.54417729113815,1337025.0,152.4973602294922,0.6543977746425262,24.618038049784825,91.59694189775394,27.630901401027145,0.6088672471986025,10.332614665711818,0.681080333121376,4.496757804690477,5,1,True,42,
permABC-SMC,985014.7058823528,112.15148059760824,1339620.0,152.5260136127472,0.6543977746425262,24.618038049784825,91.59694189775394,27.630901401027145,0.6088672471986025,10.332614665711818,0.681080333121376,4.496757804690477,5,1,True,42,
permABC-SMC,976156.3636363636,111.04407743974166,1342215.0,152.68560647964478,0.6543977746425262,24.618038049784825,91.59694189775394,27.630901401027145,0.6088672471986025,10.332614665711818,0.681080333121376,4.496757804690477,5,1,True,42,
permABC-SMC,964021.505376344,109.468899149194,1344810.0,152.7091143131256,0.6543977746425262,24.618038049784825,91.59694189775394,27.630901401027145,0.6088672471986025,10.332614665711818,0.681080333121376,4.496757804690477,5,1,True,42,
permABC-SMC,965881.7204301076,109.4850517942914,1347405.0,152.7316472530365,0.6543977746425262,24.618038049784825,91.59694189775394,27.630901401027145,0.6088672471986025,10.332614665711818,0.681080333121376,4.496757804690477,5,1,True,42,
permABC-SMC,964285.714285714,109.20189670154024,1350000.0,152.88265538215637,0.6543977746425262,24.618038049784825,91.59694189775394,27.630901401027145,0.6088672471986025,10.332614665711818,0.681080333121376,4.496757804690477,5,1,True,42,
permABC-SMC,962701.0676156582,108.82920268591612,1352595.0,152.90502977371216,0.6543977746425262,24.618038049784825,91.59694189775394,27.630901401027145,0.6088672471986025,10.332614665711818,0.681080333121376,4.496757804690477,5,1,True,42,
permABC-SMC,964548.042704626,108.84563999243902,1355190.0,152.92812418937683,0.6543977746425262,24.618038049784825,91.59694189775394,27.630901401027145,0.6088672471986025,10.332614665711818,0.681080333121376,4.496757804690477,5,1,True,42,
permABC-SMC,962968.085106383,108.47359937978976,1357785.0,152.94777512550354,0.6543977746425262,24.618038049784825,91.59694189775394,27.630901401027145,0.6088672471986025,10.332614665711818,0.681080333121376,4.496757804690477,5,1,True,42,
permABC-SMC,958014.0845070424,107.72233580199764,1360380.0,152.96571683883667,0.6543977746425262,24.618038049784825,91.59694189775394,27.630901401027145,0.6088672471986025,10.332614665711818,0.681080333121376,4.496757804690477,5,1,True,42,
permABC-SMC,959841.5492957744,107.73384336014868,1362975.0,152.98205757141113,0.6543977746425262,24.618038049784825,91.59694189775394,27.630901401027145,0.6088672471986025,10.332614665711818,0.681080333121376,4.496757804690477,5,1,True,42,
permABC-SMC,958294.7368421054,107.36719968026146,1365570.0,152.99825954437256,0.6543977746425262,24.618038049784825,91.59694189775394,27.630901401027145,0.6088672471986025,10.332614665711818,0.681080333121376,4.496757804690477,5,1,True,42,
permABC-SMC,943562.0689655172,105.5272102355957,1368165.0,153.01445484161377,0.6543977746425262,24.618038049784825,91.59694189775394,27.630901401027145,0.6088672471986025,10.332614665711818,0.681080333121376,4.496757804690477,5,1,True,42,
permABC-SMC,942103.0927835052,105.1756506523316,1370760.0,153.03057169914246,0.6543977746425262,24.618038049784825,91.59694189775394,27.630901401027145,0.6088672471986025,10.332614665711818,0.681080333121376,4.496757804690477,5,1,True,42,
permABC-SMC,934255.1020408164,104.1134383402714,1373355.0,153.04675436019895,0.6543977746425262,24.618038049784825,91.59694189775394,27.630901401027145,0.6088672471986025,10.332614665711818,0.681080333121376,4.496757804690477,5,1,True,42,
permABC-SMC,920367.8929765888,102.46743613660936,1375950.0,153.18881702423096,0.6543977746425262,24.618038049784825,91.59694189775394,27.630901401027145,0.6088672471986025,10.332614665711818,0.681080333121376,4.496757804690477,5,1,True,42,
permABC-SMC,922103.678929766,102.47840115856567,1378545.0,153.20520973205566,0.6543977746425262,24.618038049784825,91.59694189775394,27.630901401027145,0.6088672471986025,10.332614665711818,0.681080333121376,4.496757804690477,5,1,True,42,
permABC-SMC,923839.4648829432,102.48952470096856,1381140.0,153.221839427948,0.6543977746425262,24.618038049784825,91.59694189775394,27.630901401027145,0.6088672471986025,10.332614665711818,0.681080333121376,4.496757804690477,5,1,True,42,
permABC-SMC,922490.0,102.15851068496704,1383735.0,153.23776602745056,0.6543977746425262,24.618038049784825,91.59694189775394,27.630901401027145,0.6088672471986025,10.332614665711818,0.681080333121376,4.496757804690477,5,1,True,42,
permABC-SMC,918099.3377483444,101.49223693948709,1386330.0,153.2532777786255,0.6543977746425262,24.618038049784825,91.59694189775394,27.630901401027145,0.6088672471986025,10.332614665711818,0.681080333121376,4.496757804690477,5,1,True,42,
permABC-SMC,916782.1782178218,101.16736818068098,1388925.0,153.2685627937317,0.6543977746425262,24.618038049784825,91.59694189775394,27.630901401027145,0.6088672471986025,10.332614665711818,0.681080333121376,4.496757804690477,5,1,True,42,
permABC-SMC,918495.0495049504,101.1774703614389,1391520.0,153.28386759757996,0.6543977746425262,24.618038049784825,91.59694189775394,27.630901401027145,0.6088672471986025,10.332614665711818,0.681080333121376,4.496757804690477,5,1,True,42,
permABC-SMC,920207.9207920792,101.18760338710874,1394115.0,153.29921913146973,0.6543977746425262,24.618038049784825,91.59694189775394,27.630901401027145,0.6088672471986025,10.332614665711818,0.681080333121376,4.496757804690477,5,1,True,42,
permABC-SMC,915875.4098360656,100.53410655162374,1396710.0,153.3145124912262,0.6543977746425262,24.618038049784825,91.59694189775394,27.630901401027145,0.6088672471986025,10.332614665711818,0.681080333121376,4.496757804690477,5,1,True,42,
permABC-SMC,911599.348534202,99.8891678229217,1399305.0,153.3298726081848,0.6543977746425262,24.618038049784825,91.59694189775394,27.630901401027145,0.6088672471986025,10.332614665711818,0.681080333121376,4.496757804690477,5,1,True,42,
permABC-SMC,910324.6753246754,99.57478557314192,1401900.0,153.34516978263855,0.6543977746425262,24.618038049784825,91.59694189775394,27.630901401027145,0.6088672471986025,10.332614665711818,0.681080333121376,4.496757804690477,5,1,True,42,
permABC-SMC,909058.2524271844,99.26251794142244,1404495.0,153.36059021949768,0.6543977746425262,24.618038049784825,91.59694189775394,27.630901401027145,0.6088672471986025,10.332614665711818,0.681080333121376,4.496757804690477,5,1,True,42,
permABC-SMC,907800.0,98.95219587510633,1407090.0,153.3759036064148,0.6543977746425262,24.618038049784825,91.59694189775394,27.630901401027145,0.6088672471986025,10.332614665711818,0.681080333121376,4.496757804690477,5,1,True,42,
permABC-SMC,897888.5350318472,97.70142758727832,1409685.0,153.39124131202698,0.6543977746425262,24.618038049784825,91.59694189775394,27.630901401027145,0.6088672471986025,10.332614665711818,0.681080333121376,4.496757804690477,5,1,True,42,
permABC-SMC,896685.7142857143,97.40102283538332,1412280.0,153.40661096572876,0.6543977746425262,24.618038049784825,91.59694189775394,27.630901401027145,0.6088672471986025,10.332614665711818,0.681080333121376,4.496757804690477,5,1,True,42,
permABC-SMC,892665.6151419559,96.79616873948731,1414875.0,153.4219274520874,0.6543977746425262,24.618038049784825,91.59694189775394,27.630901401027145,0.6088672471986025,10.332614665711818,0.681080333121376,4.496757804690477,5,1,True,42,
permABC-SMC,894302.8391167193,96.8058471800025,1417470.0,153.43726778030396,0.6543977746425262,24.618038049784825,91.59694189775394,27.630901401027145,0.6088672471986025,10.332614665711818,0.681080333121376,4.496757804690477,5,1,True,42,
permABC-SMC,882027.950310559,95.3122205615784,1420065.0,153.45267510414124,0.6543977746425262,24.618038049784825,91.59694189775394,27.630901401027145,0.6088672471986025,10.332614665711818,0.681080333121376,4.496757804690477,5,1,True,42,
permABC-SMC,878185.1851851852,94.73336081445952,1422660.0,153.46804451942444,0.6543977746425262,24.618038049784825,91.59694189775394,27.630901401027145,0.6088672471986025,10.332614665711818,0.681080333121376,4.496757804690477,5,1,True,42,
permABC-SMC,877080.0,94.45131654005785,1425255.0,153.483389377594,0.6543977746425262,24.618038049784825,91.59694189775394,27.630901401027145,0.6088672471986025,10.332614665711818,0.681080333121376,4.496757804690477,5,1,True,42,
permABC-SMC,878676.9230769231,94.46084374647874,1427850.0,153.49887108802795,0.6543977746425262,24.618038049784825,91.59694189775394,27.630901401027145,0.6088672471986025,10.332614665711818,0.681080333121376,4.496757804690477,5,1,True,42,
permABC-SMC,877573.6196319017,94.18048083416522,1430445.0,153.51418375968933,0.6543977746425262,24.618038049784825,91.59694189775394,27.630901401027145,0.6088672471986025,10.332614665711818,0.681080333121376,4.496757804690477,5,1,True,42,
permABC-SMC,879165.644171779,94.18991621286592,1433040.0,153.52956342697144,0.6543977746425262,24.618038049784825,91.59694189775394,27.630901401027145,0.6088672471986025,10.332614665711818,0.681080333121376,4.496757804690477,5,1,True,42,
permABC-SMC,875387.195121951,93.62490133541384,1435635.0,153.54483819007874,0.6543977746425262,24.618038049784825,91.59694189775394,27.630901401027145,0.6088672471986025,10.332614665711818,0.681080333121376,4.496757804690477,5,1,True,42,
permABC-SMC,876969.5121951218,93.63431319957826,1438230.0,153.56027364730835,0.6543977746425262,24.618038049784825,91.59694189775394,27.630901401027145,0.6088672471986025,10.332614665711818,0.681080333121376,4.496757804690477,5,1,True,42,
permABC-SMC,873227.2727272726,93.076171875,1440825.0,153.57568359375,0.6543977746425262,24.618038049784825,91.59694189775394,27.630901401027145,0.6088672471986025,10.332614665711818,0.681080333121376,4.496757804690477,5,1,True,42,
permABC-SMC,864323.3532934131,91.97064188426124,1443420.0,153.5909719467163,0.6543977746425262,24.618038049784825,91.59694189775394,27.630901401027145,0.6088672471986025,10.332614665711818,0.681080333121376,4.496757804690477,5,1,True,42,
permABC-SMC,863292.5373134328,91.70523188007412,1446015.0,153.60626339912417,0.6543977746425262,24.618038049784825,91.59694189775394,27.630901401027145,0.6088672471986025,10.332614665711818,0.681080333121376,4.496757804690477,5,1,True,42,
permABC-SMC,859709.1988130563,91.17005600066145,1448610.0,153.6215443611145,0.6543977746425262,24.618038049784825,91.59694189775394,27.630901401027145,0.6088672471986025,10.332614665711818,0.681080333121376,4.496757804690477,5,1,True,42,
permABC-SMC,848657.894736842,89.84610894967238,1451205.0,153.63684630393982,0.6543977746425262,24.618038049784825,91.59694189775394,27.630901401027145,0.6088672471986025,10.332614665711818,0.681080333121376,4.496757804690477,5,1,True,42,
permABC-SMC,850175.4385964911,89.8550520166319,1453800.0,153.65213894844055,0.6543977746425262,24.618038049784825,91.59694189775394,27.630901401027145,0.6088672471986025,10.332614665711818,0.681080333121376,4.496757804690477,5,1,True,42,
permABC-SMC,849209.9125364432,89.60200913098394,1456395.0,153.66744565963745,0.6543977746425262,24.618038049784825,91.59694189775394,27.630901401027145,0.6088672471986025,10.332614665711818,0.681080333121376,4.496757804690477,5,1,True,42,
permABC-SMC,843346.8208092486,88.83395346602953,1458990.0,153.68273949623108,0.6543977746425262,24.618038049784825,91.59694189775394,27.630901401027145,0.6088672471986025,10.332614665711818,0.681080333121376,4.496757804690477,5,1,True,42,
permABC-SMC,844846.8208092486,88.8428971946584,1461585.0,153.69821214675903,0.6543977746425262,24.618038049784825,91.59694189775394,27.630901401027145,0.6088672471986025,10.332614665711818,0.681080333121376,4.496757804690477,5,1,True,42,
permABC-SMC,846346.8208092486,88.8517958580414,1464180.0,153.71360683441162,0.6543977746425262,24.618038049784825,91.59694189775394,27.630901401027145,0.6088672471986025,10.332614665711818,0.681080333121376,4.496757804690477,5,1,True,42,
permABC-SMC,847846.8208092486,88.8607219464517,1466775.0,153.72904896736145,0.6543977746425262,24.618038049784825,91.59694189775394,27.630901401027145,0.6088672471986025,10.332614665711818,0.681080333121376,4.496757804690477,5,1,True,42,
permABC-SMC,842045.8452722064,88.10576531811908,1469370.0,153.7445604801178,0.6543977746425262,24.618038049784825,91.59694189775394,27.630901401027145,0.6088672471986025,10.332614665711818,0.681080333121376,4.496757804690477,5,1,True,42,
permABC-SMC,843532.9512893984,88.1146226024901,1471965.0,153.7600164413452,0.6543977746425262,24.618038049784825,91.59694189775394,27.630901401027145,0.6088672471986025,10.332614665711818,0.681080333121376,4.496757804690477,5,1,True,42,
permABC-SMC,842605.7142857143,87.87169851575578,1474560.0,153.77547240257263,0.6543977746425262,24.618038049784825,91.59694189775394,27.630901401027145,0.6088672471986025,10.332614665711818,0.681080333121376,4.496757804690477,5,1,True,42,
permABC-SMC,841683.7606837607,87.6301503249383,1477155.0,153.79091382026672,0.6543977746425262,24.618038049784825,91.59694189775394,27.630901401027145,0.6088672471986025,10.332614665711818,0.681080333121376,4.496757804690477,5,1,True,42,
permABC-SMC,840767.0454545456,87.3899438164451,1479750.0,153.80630111694336,0.6543977746425262,24.618038049784825,91.59694189775394,27.630901401027145,0.6088672471986025,10.332614665711818,0.681080333121376,4.496757804690477,5,1,True,42,
permABC-SMC,839855.5240793201,87.15103611392271,1482345.0,153.8215787410736,0.6543977746425262,24.618038049784825,91.59694189775394,27.630901401027145,0.6088672471986025,10.332614665711818,0.681080333121376,4.496757804690477,5,1,True,42,
permABC-SMC,831899.1596638656,86.18319268320121,1484940.0,153.83699893951416,0.6543977746425262,24.618038049784825,91.59694189775394,27.630901401027145,0.6088672471986025,10.332614665711818,0.681080333121376,4.496757804690477,5,1,True,42,
permABC-SMC,833352.9411764706,86.19186671174208,1487535.0,153.8524820804596,0.6543977746425262,24.618038049784825,91.59694189775394,27.630901401027145,0.6088672471986025,10.332614665711818,0.681080333121376,4.496757804690477,5,1,True,42,
permABC-SMC,832474.8603351956,85.95978054920388,1490130.0,153.86800718307495,0.6543977746425262,24.618038049784825,91.59694189775394,27.630901401027145,0.6088672471986025,10.332614665711818,0.681080333121376,4.496757804690477,5,1,True,42,
permABC-SMC,833924.5810055865,85.96844513323055,1492725.0,153.88351678848267,0.6543977746425262,24.618038049784825,91.59694189775394,27.630901401027145,0.6088672471986025,10.332614665711818,0.681080333121376,4.496757804690477,5,1,True,42,
permABC-SMC,833047.3537604457,85.73757493064264,1495320.0,153.89894700050354,0.6543977746425262,24.618038049784825,91.59694189775394,27.630901401027145,0.6088672471986025,10.332614665711818,0.681080333121376,4.496757804690477,5,1,True,42,
permABC-SMC,834493.0362116991,85.74616517197123,1497915.0,153.91436648368835,0.6543977746425262,24.618038049784825,91.59694189775394,27.630901401027145,0.6088672471986025,10.332614665711818,0.681080333121376,4.496757804690477,5,1,True,42,
permABC-SMC,833616.6666666667,85.51654312345717,1500510.0,153.9297776222229,0.6543977746425262,24.618038049784825,91.59694189775394,27.630901401027145,0.6088672471986025,10.332614665711818,0.681080333121376,4.496757804690477,5,1,True,42,
permABC-SMC,832745.1523545707,85.28817684036213,1503105.0,153.94515919685364,0.6543977746425262,24.618038049784825,91.59694189775394,27.630901401027145,0.6088672471986025,10.332614665711818,0.681080333121376,4.496757804690477,5,1,True,42,
permABC-SMC,831878.4530386741,85.061123226229,1505700.0,153.9606330394745,0.6543977746425262,24.618038049784825,91.59694189775394,27.630901401027145,0.6088672471986025,10.332614665711818,0.681080333121376,4.496757804690477,5,1,True,42,
permABC-SMC,831016.5289256198,84.83530246850215,1508295.0,153.97607398033142,0.6543977746425262,24.618038049784825,91.59694189775394,27.630901401027145,0.6088672471986025,10.332614665711818,0.681080333121376,4.496757804690477,5,1,True,42,
permABC-SMC,832446.2809917355,84.84380094144626,1510890.0,153.99149870872498,0.6543977746425262,24.618038049784825,91.59694189775394,27.630901401027145,0.6088672471986025,10.332614665711818,0.681080333121376,4.496757804690477,5,1,True,42,
permABC-SMC,831585.1648351649,84.61919472767758,1513485.0,154.00693440437317,0.6543977746425262,24.618038049784825,91.59694189775394,27.630901401027145,0.6088672471986025,10.332614665711818,0.681080333121376,4.496757804690477,5,1,True,42,
permABC-SMC,828459.0163934426,84.16523477418826,1516080.0,154.02237963676453,0.6543977746425262,24.618038049784825,91.59694189775394,27.630901401027145,0.6088672471986025,10.332614665711818,0.681080333121376,4.496757804690477,5,1,True,42,
permABC-SMC,827615.8038147138,83.94433042333951,1518675.0,154.037846326828,0.6543977746425262,24.618038049784825,91.59694189775394,27.630901401027145,0.6088672471986025,10.332614665711818,0.681080333121376,4.496757804690477,5,1,True,42,
permABC-SMC,824536.5853658536,83.49767106012278,1521270.0,154.0532031059265,0.6543977746425262,24.618038049784825,91.59694189775394,27.630901401027145,0.6088672471986025,10.332614665711818,0.681080333121376,4.496757804690477,5,1,True,42,
permABC-SMC,817085.7908847184,82.6105682843492,1523865.0,154.06870985031128,0.6543977746425262,24.618038049784825,91.59694189775394,27.630901401027145,0.6088672471986025,10.332614665711818,0.681080333121376,4.496757804690477,5,1,True,42,
permABC-SMC,818477.2117962466,82.61887803473996,1526460.0,154.08420753479004,0.6543977746425262,24.618038049784825,91.59694189775394,27.630901401027145,0.6088672471986025,10.332614665711818,0.681080333121376,4.496757804690477,5,1,True,42,
permABC-SMC,819868.6327077749,82.6271407406068,1529055.0,154.0996174812317,0.6543977746425262,24.618038049784825,91.59694189775394,27.630901401027145,0.6088672471986025,10.332614665711818,0.681080333121376,4.496757804690477,5,1,True,42,
permABC-SMC,821260.053619303,82.6354256903518,1531650.0,154.1150689125061,0.6543977746425262,24.618038049784825,91.59694189775394,27.630901401027145,0.6088672471986025,10.332614665711818,0.681080333121376,4.496757804690477,5,1,True,42,
permABC-SMC,820451.8716577541,82.42340840120367,1534245.0,154.13177371025083,0.6543977746425262,24.618038049784825,91.59694189775394,27.630901401027145,0.6088672471986025,10.332614665711818,0.681080333121376,4.496757804690477,5,1,True,42,
permABC-SMC,821839.5721925134,82.43179461535286,1536840.0,154.14745593070984,0.6543977746425262,24.618038049784825,91.59694189775394,27.630901401027145,0.6088672471986025,10.332614665711818,0.681080333121376,4.496757804690477,5,1,True,42,
permABC-SMC,823227.2727272727,82.44014819038105,1539435.0,154.16307711601257,0.6543977746425262,24.618038049784825,91.59694189775394,27.630901401027145,0.6088672471986025,10.332614665711818,0.681080333121376,4.496757804690477,5,1,True,42,
permABC-SMC,820228.7234042553,82.01039661752417,1542030.0,154.17954564094543,0.6543977746425262,24.618038049784825,91.59694189775394,27.630901401027145,0.6088672471986025,10.332614665711818,0.681080333121376,4.496757804690477,5,1,True,42,
permABC-SMC,821609.0425531914,82.01868736997564,1544625.0,154.1951322555542,0.6543977746425262,24.618038049784825,91.59694189775394,27.630901401027145,0.6088672471986025,10.332614665711818,0.681080333121376,4.496757804690477,5,1,True,42,
permABC-SMC,818634.9206349205,81.59298871560071,1547220.0,154.21074867248535,0.6543977746425262,24.618038049784825,91.59694189775394,27.630901401027145,0.6088672471986025,10.332614665711818,0.681080333121376,4.496757804690477,5,1,True,42,
permABC-SMC,817844.327176781,81.38584801263734,1549815.0,154.22618198394775,0.6543977746425262,24.618038049784825,91.59694189775394,27.630901401027145,0.6088672471986025,10.332614665711818,0.681080333121376,4.496757804690477,5,1,True,42,
permABC-SMC,817057.894736842,81.17982914573268,1552410.0,154.2416753768921,0.6543977746425262,24.618038049784825,91.59694189775394,27.630901401027145,0.6088672471986025,10.332614665711818,0.681080333121376,4.496757804690477,5,1,True,42,
permABC-SMC,818423.6842105263,81.18798042598524,1555005.0,154.25716280937195,0.6543977746425262,24.618038049784825,91.59694189775394,27.630901401027145,0.6088672471986025,10.332614665711818,0.681080333121376,4.496757804690477,5,1,True,42,
permABC-SMC,819789.4736842106,81.19612354981273,1557600.0,154.27263474464417,0.6543977746425262,24.618038049784825,91.59694189775394,27.630901401027145,0.6088672471986025,10.332614665711818,0.681080333121376,4.496757804690477,5,1,True,42,
permABC-SMC,819000.0,80.9911209767259,1560195.0,154.28808546066284,0.6543977746425262,24.618038049784825,91.59694189775394,27.630901401027145,0.6088672471986025,10.332614665711818,0.681080333121376,4.496757804690477,5,1,True,42,
permABC-SMC,818214.6596858638,80.78721068916519,1562790.0,154.30357241630554,0.6543977746425262,24.618038049784825,91.59694189775394,27.630901401027145,0.6088672471986025,10.332614665711818,0.681080333121376,4.496757804690477,5,1,True,42,
permABC-SMC,815304.6875,80.37446488936742,1565385.0,154.31897258758545,0.6543977746425262,24.618038049784825,91.59694189775394,27.630901401027145,0.6088672471986025,10.332614665711818,0.681080333121376,4.496757804690477,5,1,True,42,
permABC-SMC,816656.25,80.38252927362919,1567980.0,154.33445620536804,0.6543977746425262,24.618038049784825,91.59694189775394,27.630901401027145,0.6088672471986025,10.332614665711818,0.681080333121376,4.496757804690477,5,1,True,42,
permABC-SMC,815883.1168831168,80.18179063673144,1570575.0,154.349946975708,0.6543977746425262,24.618038049784825,91.59694189775394,27.630901401027145,0.6088672471986025,10.332614665711818,0.681080333121376,4.496757804690477,5,1,True,42,
permABC-SMC,815113.9896373056,79.982094072925,1573170.0,154.36544156074524,0.6543977746425262,24.618038049784825,91.59694189775394,27.630901401027145,0.6088672471986025,10.332614665711818,0.681080333121376,4.496757804690477,5,1,True,42,
permABC-SMC,814348.8372093023,79.78342731485687,1575765.0,154.38093185424805,0.6543977746425262,24.618038049784825,91.59694189775394,27.630901401027145,0.6088672471986025,10.332614665711818,0.681080333121376,4.496757804690477,5,1,True,42,
permABC-SMC,813587.6288659794,79.58575302792578,1578360.0,154.39636087417605,0.6543977746425262,24.618038049784825,91.59694189775394,27.630901401027145,0.6088672471986025,10.332614665711818,0.681080333121376,4.496757804690477,5,1,True,42,
permABC-SMC,812830.3341902314,79.38907949354471,1580955.0,154.41175961494446,0.6543977746425262,24.618038049784825,91.59694189775394,27.630901401027145,0.6088672471986025,10.332614665711818,0.681080333121376,4.496757804690477,5,1,True,42,
permABC-SMC,812076.923076923,79.19341820936936,1583550.0,154.42716550827026,0.6543977746425262,24.618038049784825,91.59694189775394,27.630901401027145,0.6088672471986025,10.332614665711818,0.681080333121376,4.496757804690477,5,1,True,42,
permABC-SMC,805149.7461928932,78.3972032179082,1586145.0,154.44249033927915,0.6543977746425262,24.618038049784825,91.59694189775394,27.630901401027145,0.6088672471986025,10.332614665711818,0.681080333121376,4.496757804690477,5,1,True,42,
permABC-SMC,804425.3164556962,78.20837189879597,1588740.0,154.46153450012207,0.6543977746425262,24.618038049784825,91.59694189775394,27.630901401027145,0.6088672471986025,10.332614665711818,0.681080333121376,4.496757804690477,5,1,True,42,
permABC-SMC,803704.5454545455,78.01900608371002,1591335.0,154.47763204574585,0.6543977746425262,24.618038049784825,91.59694189775394,27.630901401027145,0.6088672471986025,10.332614665711818,0.681080333121376,4.496757804690477,5,1,True,42,
permABC-SMC,805015.1515151515,78.02716288903747,1593930.0,154.4937825202942,0.6543977746425262,24.618038049784825,91.59694189775394,27.630901401027145,0.6088672471986025,10.332614665711818,0.681080333121376,4.496757804690477,5,1,True,42,
permABC-SMC,806325.7575757576,78.03501841997858,1596525.0,154.50933647155762,0.6543977746425262,24.618038049784825,91.59694189775394,27.630901401027145,0.6088672471986025,10.332614665711818,0.681080333121376,4.496757804690477,5,1,True,42,
permABC-SMC,803577.8894472361,77.650691037202,1599120.0,154.52487516403198,0.6543977746425262,24.618038049784825,91.59694189775394,27.630901401027145,0.6088672471986025,10.332614665711818,0.681080333121376,4.496757804690477,5,1,True,42,
permABC-SMC,804881.9095477386,77.65845952920577,1601715.0,154.5403344631195,0.6543977746425262,24.618038049784825,91.59694189775394,27.630901401027145,0.6088672471986025,10.332614665711818,0.681080333121376,4.496757804690477,5,1,True,42,
permABC-SMC,806185.929648241,77.66627534550038,1604310.0,154.55588793754578,0.6543977746425262,24.618038049784825,91.59694189775394,27.630901401027145,0.6088672471986025,10.332614665711818,0.681080333121376,4.496757804690477,5,1,True,42,
permABC-SMC,807489.9497487436,77.67403892536258,1606905.0,154.57133746147156,0.6543977746425262,24.618038049784825,91.59694189775394,27.630901401027145,0.6088672471986025,10.332614665711818,0.681080333121376,4.496757804690477,5,1,True,42,
permABC-SMC,800746.2686567163,76.90880369784227,1609500.0,154.58669543266296,0.6543977746425262,24.618038049784825,91.59694189775394,27.630901401027145,0.6088672471986025,10.332614665711818,0.681080333121376,4.496757804690477,5,1,True,42,
permABC-SMC,1204850.7462686566,115.47189648471662,1614500.0,154.73234128952026,0.6542745613711238,24.603765555426087,91.43930375372844,27.63090140100701,0.5776261600083694,10.34274205639571,0.6766343038412923,4.5007551256448135,5,1,True,42,
permABC-SMC,1177705.4545454546,113.2416000366211,1619345.0,155.707200050354,0.6519580080010398,24.605261913582407,91.4276880824823,27.630901401006923,0.5768105873605689,10.33876220089495,0.6760868969387624,4.498935586889856,5,1,True,42,
permABC-SMC,1164118.2795698924,112.32599613914353,1623945.0,156.69476461410522,0.6499455315022091,24.60125812554925,91.36047988063343,27.63090140100653,0.5763759547980416,10.330952984518367,0.6760476043828534,4.495440525342392,5,1,True,42,
permABC-SMC,1154836.879432624,111.86609674007336,1628320.0,157.73119640350342,0.6471398199443545,24.6048986634722,91.40570931315008,27.630901401006383,0.5750611716116479,10.33394126351891,0.6753113246102168,4.496696388472727,5,1,True,42,
permABC-SMC,1149672.5352112676,111.79971208035109,1632535.0,158.7555911540985,0.6457812910434207,24.60923928190389,91.40806672452774,27.630901401006263,0.579042425772297,10.337064730345926,0.6766445562664487,4.497864272306767,5,1,True,42,
permABC-SMC,1136548.611111111,110.968217253685,1636630.0,159.7942328453064,0.6444284308054987,24.616488128625964,91.4030506076714,27.630901401006223,0.5798726313180922,10.340144296247296,0.6767860674048112,4.499337612376823,5,1,True,42,
permABC-SMC,1127508.5910652922,110.4314358373688,1640525.0,160.67773914337158,0.642548602039261,24.60850233583547,91.20433013945492,27.630901401027128,0.5955252182302919,10.33952228160386,0.6853805310291655,4.4992931378908265,5,1,True,42,
permABC-SMC,1122337.8839590445,110.27528450350714,1644225.0,161.55329179763794,0.6403237060117681,24.60750378265057,91.29047057691363,27.630901401026787,0.5897093290115807,10.338368182398078,0.683336340533929,4.498654289588585,5,1,True,42,
permABC-SMC,1105865.7718120806,109.01672344079752,1647740.0,162.43491792678833,0.637814256294578,24.607548774466217,91.3199176716796,27.630901401026545,0.5918379076542097,10.337478737232365,0.6843347481870465,4.498490657525606,5,1,True,42,
permABC-SMC,1100716.6666666667,108.31293964385986,1651075.0,162.4694094657898,0.6340662668470853,24.59759148891532,91.34277679946676,27.63090140102621,0.5900225481414778,10.335565616326225,0.6836632534915543,4.497200798946949,5,1,True,42,
permABC-SMC,1099199.3355481727,108.06558900497284,1654295.0,162.63871145248413,0.6321060413077405,24.606149746507302,91.3395356137448,27.630901401026488,0.5920993366639996,10.334985991783164,0.6840572360233894,4.497036240891746,5,1,True,42,
permABC-SMC,1097692.0529801326,107.72685894113502,1657515.0,162.6675570011139,0.6321060413077405,24.606149746507302,91.33953561374484,27.630901401026488,0.5920993366639997,10.334985991783164,0.6840572360233894,4.497036240891746,5,1,True,42,
permABC-SMC,1096194.719471947,107.38826317362266,1660735.0,162.69321870803833,0.6321060413077405,24.606149746507302,91.3395356137448,27.630901401026488,0.5920993366639997,10.334985991783164,0.6840572360233894,4.497036240891746,5,1,True,42,
permABC-SMC,1084009.771986971,106.003069023356,1663955.0,162.71471095085144,0.6321060413077405,24.606149746507302,91.33953561374484,27.630901401026488,0.5920993366639997,10.334985991783164,0.6840572360233894,4.497036240891746,5,1,True,42,
permABC-SMC,1086107.4918566777,106.112012645709,1667175.0,162.88193941116333,0.6321060413077405,24.606149746507302,91.3395356137448,27.630901401026488,0.5920993366639997,10.334985991783164,0.6840572360233894,4.497036240891746,5,1,True,42,
permABC-SMC,1084672.0779220778,105.7815322628269,1670395.0,162.90355968475342,0.6321060413077405,24.606149746507302,91.33953561374484,27.630901401026488,0.5920993366639997,10.334985991783164,0.6840572360233894,4.497036240891746,5,1,True,42,
permABC-SMC,1083245.9546925563,105.4533774798742,1673615.0,162.92546820640564,0.6321060413077405,24.606149746507302,91.3395356137448,27.630901401026488,0.5920993366639997,10.334985991783164,0.6840572360233894,4.497036240891746,5,1,True,42,
permABC-SMC,1081829.0322580645,105.12585732244676,1676835.0,162.94507884979248,0.6321060413077405,24.606149746507302,91.33953561374484,27.630901401026488,0.5920993366639997,10.334985991783164,0.6840572360233894,4.497036240891746,5,1,True,42,
permABC-SMC,1080421.2218649518,104.7988387166112,1680055.0,162.96219420433044,0.6321060413077405,24.606149746507302,91.3395356137448,27.630901401026488,0.5920993366639997,10.334985991783164,0.6840572360233894,4.497036240891746,5,1,True,42,
permABC-SMC,1075575.0798722045,104.1398337854745,1683275.0,162.97883987426758,0.6321060413077405,24.606149746507302,91.33953561374484,27.630901401026488,0.5920993366639997,10.334985991783164,0.6840572360233894,4.497036240891746,5,1,True,42,
permABC-SMC,1074200.636942675,103.81873382884226,1686495.0,162.99541211128235,0.6321060413077405,24.606149746507302,91.3395356137448,27.630901401026488,0.5920993366639997,10.334985991783164,0.6840572360233894,4.497036240891746,5,1,True,42,
permABC-SMC,1059382.445141066,102.20184924086809,1689715.0,163.01194953918457,0.6321060413077405,24.606149746507302,91.33953561374484,27.630901401026488,0.5920993366639997,10.334985991783164,0.6840572360233894,4.497036240891746,5,1,True,42,
permABC-SMC,1048256.9659442723,100.94643333009893,1692935.0,163.02848982810974,0.6321060413077405,24.606149746507302,91.3395356137448,27.630901401026488,0.5920993366639997,10.334985991783164,0.6840572360233894,4.497036240891746,5,1,True,42,
permABC-SMC,1050250.773993808,100.95675058040088,1696155.0,163.0451521873474,0.6321060413077405,24.606149746507302,91.33953561374484,27.630901401026488,0.5920993366639997,10.334985991783164,0.6840572360233894,4.497036240891746,5,1,True,42,
permABC-SMC,1048996.913580247,100.65538235652592,1699375.0,163.06171941757202,0.6321060413077405,24.606149746507302,91.3395356137448,27.630901401026488,0.5920993366639997,10.334985991783164,0.6840572360233894,4.497036240891746,5,1,True,42,
permABC-SMC,1044536.8098159508,100.04802291378653,1702595.0,163.07827734947205,0.6321060413077405,24.606149746507302,91.33953561374484,27.630901401026488,0.5920993366639997,10.334985991783164,0.6840572360233894,4.497036240891746,5,1,True,42,
permABC-SMC,1040131.0975609754,99.44811637808635,1705815.0,163.09491086006165,0.6321060413077405,24.606149746507302,91.3395356137448,27.630901401026488,0.5920993366639997,10.334985991783164,0.6840572360233894,4.497036240891746,5,1,True,42,
permABC-SMC,1029539.156626506,98.2599173683718,1709035.0,163.1114628314972,0.6321060413077405,24.606149746507302,91.33953561374484,27.630901401026488,0.5920993366639997,10.334985991783164,0.6840572360233894,4.497036240891746,5,1,True,42,
permABC-SMC,1025302.3952095808,97.68145883868554,1712255.0,163.12803626060486,0.6321060413077405,24.606149746507302,91.3395356137448,27.630901401026488,0.5920993366639997,10.334985991783164,0.6840572360233894,4.497036240891746,5,1,True,42,
permABC-SMC,1021116.0714285714,97.10988444941384,1715475.0,163.14460587501526,0.6321060413077405,24.606149746507302,91.33953561374484,27.630901401026488,0.5920993366639997,10.334985991783164,0.6840572360233894,4.497036240891746,5,1,True,42,
permABC-SMC,1019997.0326409496,96.83155136221592,1718695.0,163.16116404533386,0.6321060413077405,24.606149746507302,91.3395356137448,27.630901401026488,0.5920993366639997,10.334985991783164,0.6840572360233894,4.497036240891746,5,1,True,42,
permABC-SMC,1018884.6153846151,96.55491741451284,1721915.0,163.17781043052673,0.6321060413077405,24.606149746507302,91.33953561374484,27.630901401026488,0.5920993366639997,10.334985991783164,0.6840572360233894,4.497036240891746,5,1,True,42,
permABC-SMC,1014785.2941176468,95.99669765023624,1725135.0,163.1943860054016,0.6321060413077405,24.606149746507302,91.3395356137448,27.630901401026488,0.5920993366639997,10.334985991783164,0.6840572360233894,4.497036240891746,5,1,True,42,
permABC-SMC,1010733.9181286548,95.44502280608953,1728355.0,163.2109889984131,0.6321060413077405,24.606149746507302,91.33953561374484,27.630901401026488,0.5920993366639997,10.334985991783164,0.6840572360233894,4.497036240891746,5,1,True,42,
permABC-SMC,1009664.72303207,95.1764245770068,1731575.0,163.22756814956665,0.6321060413077405,24.606149746507302,91.3395356137448,27.630901401026488,0.5920993366639997,10.334985991783164,0.6840572360233894,4.497036240891746,5,1,True,42,
permABC-SMC,1011542.274052478,95.18607489916744,1734795.0,163.24411845207214,0.6321060413077405,24.606149746507302,91.33953561374484,27.630901401026488,0.5920993366639997,10.334985991783164,0.6840572360233894,4.497036240891746,5,1,True,42,
permABC-SMC,1007544.927536232,94.6439526046532,1738015.0,163.26081824302673,0.6321060413077405,24.606149746507302,91.3395356137448,27.630901401026488,0.5920993366639997,10.334985991783164,0.6840572360233894,4.497036240891746,5,1,True,42,
permABC-SMC,1009411.5942028988,94.65354021044746,1741235.0,163.27735686302185,0.6321060413077405,24.606149746507302,91.33953561374484,27.630901401026488,0.5920993366639997,10.334985991783164,0.6840572360233894,4.497036240891746,5,1,True,42,
permABC-SMC,1005449.567723343,94.1175673811855,1744455.0,163.2939794063568,0.6321060413077405,24.606149746507302,91.3395356137448,27.630901401026488,0.5920993366639997,10.334985991783164,0.6840572360233894,4.497036240891746,5,1,True,42,
permABC-SMC,1007305.4755043228,94.12714768555392,1747675.0,163.31060123443604,0.6321060413077405,24.606149746507302,91.33953561374484,27.630901401026488,0.5920993366639997,10.334985991783164,0.6840572360233894,4.497036240891746,5,1,True,42,
permABC-SMC,1003378.223495702,93.59780437283668,1750895.0,163.32816863059998,0.6321060413077405,24.606149746507302,91.3395356137448,27.630901401026488,0.5920993366639997,10.334985991783164,0.6840572360233894,4.497036240891746,5,1,True,42,
permABC-SMC,1002351.4285714284,93.33993652888708,1754115.0,163.34488892555237,0.6321060413077405,24.606149746507302,91.33953561374484,27.630901401026488,0.5920993366639997,10.334985991783164,0.6840572360233894,4.497036240891746,5,1,True,42,
permABC-SMC,1004191.4285714284,93.3494860785348,1757335.0,163.3616006374359,0.6321060413077405,24.606149746507302,91.3395356137448,27.630901401026488,0.5920993366639997,10.334985991783164,0.6840572360233894,4.497036240891746,5,1,True,42,
permABC-SMC,1000315.3409090908,92.8285460580479,1760555.0,163.3782410621643,0.6321060413077405,24.606149746507302,91.33953561374484,27.630901401026488,0.5920993366639997,10.334985991783164,0.6840572360233894,4.497036240891746,5,1,True,42,
permABC-SMC,990884.8314606744,91.79498573367516,1763775.0,163.39507460594177,0.6321060413077405,24.606149746507302,91.3395356137448,27.630901401026488,0.5920993366639997,10.334985991783164,0.6840572360233894,4.497036240891746,5,1,True,42,
permABC-SMC,987148.0446927376,91.29144332928364,1766995.0,163.41168355941772,0.6321060413077405,24.606149746507302,91.33953561374484,27.630901401026488,0.5920993366639997,10.334985991783164,0.6840572360233894,4.497036240891746,5,1,True,42,
permABC-SMC,983452.777777778,90.79352100690208,1770215.0,163.4283378124237,0.6321060413077405,24.606149746507302,91.3395356137448,27.630901401026488,0.5920993366639997,10.334985991783164,0.6840572360233894,4.497036240891746,5,1,True,42,
permABC-SMC,974414.8351648352,89.80498340103654,1773435.0,163.44506978988647,0.6321060413077405,24.606149746507302,91.33953561374484,27.630901401026488,0.5920993366639997,10.334985991783164,0.6840572360233894,4.497036240891746,5,1,True,42,
permABC-SMC,973509.5890410958,89.5680725411193,1776655.0,163.46173238754272,0.6321060413077405,24.606149746507302,91.3395356137448,27.630901401026488,0.5920993366639997,10.334985991783164,0.6840572360233894,4.497036240891746,5,1,True,42,
permABC-SMC,962094.5945945946,88.43750051549964,1779875.0,163.60937595367432,0.6321060413077405,24.606149746507302,91.33953561374484,27.630901401026488,0.5920993366639997,10.334985991783164,0.6840572360233894,4.497036240891746,5,1,True,42,
permABC-SMC,961237.1967654986,88.20882139180227,1783095.0,163.6273636817932,0.6321060413077405,24.606149746507302,91.3395356137448,27.630901401026488,0.5920993366639997,10.334985991783164,0.6840572360233894,4.497036240891746,5,1,True,42,
permABC-SMC,957809.6514745308,87.7459866112103,1786315.0,163.64626502990723,0.6321060413077405,24.606149746507302,91.33953561374484,27.630901401026488,0.5920993366639997,10.334985991783164,0.6840572360233894,4.497036240891746,5,1,True,42,
permABC-SMC,951880.3191489362,87.05509000636162,1789535.0,163.66356921195984,0.6321060413077405,24.606149746507302,91.3395356137448,27.630901401026488,0.5920993366639997,10.334985991783164,0.6840572360233894,4.497036240891746,5,1,True,42,
permABC-SMC,951063.6604774536,86.83295528199375,1792755.0,163.68012070655823,0.6321060413077405,24.606149746507302,91.33953561374484,27.630901401026488,0.5920993366639997,10.334985991783164,0.6840572360233894,4.497036240891746,5,1,True,42,
permABC-SMC,945250.0,86.15618906523052,1795975.0,163.696759223938,0.6321060413077405,24.606149746507302,91.3395356137448,27.630901401026488,0.5920993366639997,10.334985991783164,0.6840572360233894,4.497036240891746,5,1,True,42,
permABC-SMC,944459.3175853018,85.93872438265583,1799195.0,163.71326994895935,0.6321060413077405,24.606149746507302,91.33953561374484,27.630901401026488,0.5920993366639997,10.334985991783164,0.6840572360233894,4.497036240891746,5,1,True,42,
permABC-SMC,943672.77486911,85.72240524891158,1802415.0,163.72979402542114,0.6321060413077405,24.606149746507302,91.3395356137448,27.630901401026488,0.5920993366639997,10.334985991783164,0.6840572360233894,4.497036240891746,5,1,True,42,
permABC-SMC,942890.3394255876,85.50722655054794,1805635.0,163.74633884429932,0.6321060413077405,24.606149746507302,91.33953561374484,27.630901401026488,0.5920993366639997,10.334985991783164,0.6840572360233894,4.497036240891746,5,1,True,42,
permABC-SMC,939664.9350649352,85.07165388627486,1808855.0,163.7629337310791,0.6321060413077405,24.606149746507302,91.3395356137448,27.630901401026488,0.5920993366639997,10.334985991783164,0.6840572360233894,4.497036240891746,5,1,True,42,
permABC-SMC,938898.9637305698,84.85983653389727,1812075.0,163.77948451042175,0.6321060413077405,24.606149746507302,91.33953561374484,27.630901401026488,0.5920993366639997,10.334985991783164,0.6840572360233894,4.497036240891746,5,1,True,42,
permABC-SMC,940567.3575129532,84.8684241734638,1815295.0,163.79605865478516,0.6321060413077405,24.606149746507302,91.3395356137448,27.630901401026488,0.5920993366639997,10.334985991783164,0.6840572360233894,4.497036240891746,5,1,True,42,
permABC-SMC,937378.8659793816,84.43957321422617,1818515.0,163.81277203559875,0.6321060413077405,24.606149746507302,91.33953561374484,27.630901401026488,0.5920993366639997,10.334985991783164,0.6840572360233894,4.497036240891746,5,1,True,42,
permABC-SMC,936624.678663239,84.23111665524677,1821735.0,163.82952189445496,0.6321060413077405,24.606149746507302,91.3395356137448,27.630901401026488,0.5920993366639997,10.334985991783164,0.6840572360233894,4.497036240891746,5,1,True,42,
permABC-SMC,935874.3589743588,84.02372665894336,1824955.0,163.84626698493958,0.6321060413077405,24.606149746507302,91.33953561374484,27.630901401026488,0.5920993366639997,10.334985991783164,0.6840572360233894,4.497036240891746,5,1,True,42,
permABC-SMC,937525.6410256408,84.0322304994632,1828175.0,163.86284947395325,0.6321060413077405,24.606149746507302,91.3395356137448,27.630901401026488,0.5920993366639997,10.334985991783164,0.6840572360233894,4.497036240891746,5,1,True,42,
permABC-SMC,939176.923076923,84.04075573652217,1831395.0,163.87947368621826,0.6321060413077405,24.606149746507302,91.33953561374484,27.630901401026488,0.5920993366639997,10.334985991783164,0.6840572360233894,4.497036240891746,5,1,True,42,
permABC-SMC,936028.0612244896,83.62041882106236,1834615.0,163.89602088928223,0.6321060413077405,24.606149746507302,91.3395356137448,27.630901401026488,0.5920993366639997,10.334985991783164,0.6840572360233894,4.497036240891746,5,1,True,42,
permABC-SMC,930549.3670886076,82.99370777757862,1837835.0,163.91257286071777,0.6321060413077405,24.606149746507302,91.33953561374484,27.630901401026488,0.5920993366639997,10.334985991783164,0.6840572360233894,4.497036240891746,5,1,True,42,
permABC-SMC,932179.746835443,83.00212328947043,1841055.0,163.9291934967041,0.6321060413077405,24.606149746507302,91.3395356137448,27.630901401026488,0.5920993366639997,10.334985991783164,0.6840572360233894,4.497036240891746,5,1,True,42,
permABC-SMC,933810.1265822784,83.01053614556035,1844275.0,163.9458088874817,0.6321060413077405,24.606149746507302,91.33953561374484,27.630901401026488,0.5920993366639997,10.334985991783164,0.6840572360233894,4.497036240891746,5,1,True,42,
permABC-SMC,928389.4472361808,82.39314663949324,1847495.0,163.96236181259155,0.6321060413077405,24.606149746507302,91.3395356137448,27.630901401026488,0.5920993366639997,10.334985991783164,0.6840572360233894,4.497036240891746,5,1,True,42,
permABC-SMC,923049.8753117208,81.78504018712222,1850715.0,163.97900557518005,0.6321060413077405,24.606149746507302,91.33953561374484,27.630901401026488,0.5920993366639997,10.334985991783164,0.6840572360233894,4.497036240891746,5,1,True,42,
permABC-SMC,915523.4567901233,80.98548512399931,1853935.0,163.99560737609863,0.6321060413077405,24.606149746507302,91.3395356137448,27.630901401026488,0.5920993366639997,10.334985991783164,0.6840572360233894,4.497036240891746,5,1,True,42,
permABC-SMC,910370.0980392155,80.39812223584045,1857155.0,164.0121693611145,0.6321060413077405,24.606149746507302,91.33953561374484,27.630901401026488,0.5920993366639997,10.334985991783164,0.6840572360233894,4.497036240891746,5,1,True,42,
permABC-SMC,909718.826405868,80.20966245376101,1860375.0,164.02875971794128,0.6321060413077405,24.606149746507302,91.3395356137448,27.630901401026488,0.5920993366639997,10.334985991783164,0.6840572360233894,4.497036240891746,5,1,True,42,
permABC-SMC,909070.7317073172,80.02211954535507,1863595.0,164.0453450679779,0.6321060413077405,24.606149746507302,91.33953561374484,27.630901401026488,0.5920993366639997,10.334985991783164,0.6840572360233894,4.497036240891746,5,1,True,42,
permABC-SMC,908425.790754258,79.83563822261321,1866815.0,164.0622365474701,0.6321060413077405,24.606149746507302,91.3395356137448,27.630901401026488,0.5920993366639997,10.334985991783164,0.6840572360233894,4.497036240891746,5,1,True,42,
permABC-SMC,905585.9564164648,79.45706041904107,1870035.0,164.07882976531982,0.6321060413077405,24.606149746507302,91.33953561374484,27.630901401026488,0.5920993366639997,10.334985991783164,0.6840572360233894,4.497036240891746,5,1,True,42,
permABC-SMC,904954.1062801932,79.27320164758802,1873255.0,164.0955274105072,0.6321060413077405,24.606149746507302,91.3395356137448,27.630901401026488,0.5920993366639997,10.334985991783164,0.6840572360233894,4.497036240891746,5,1,True,42,
permABC-SMC,902151.4423076924,78.9000520339379,1876475.0,164.11210823059082,0.6321060413077405,24.606149746507302,91.33953561374484,27.630901401026488,0.5920993366639997,10.334985991783164,0.6840572360233894,4.497036240891746,5,1,True,42,
permABC-SMC,903699.5192307692,78.90799412360558,1879695.0,164.1286277770996,0.6321060413077405,24.606149746507302,91.3395356137448,27.630901401026488,0.5920993366639997,10.334985991783164,0.6840572360233894,4.497036240891746,5,1,True,42,
permABC-SMC,903076.7386091128,78.72679536577037,1882915.0,164.14536833763125,0.6321060413077405,24.606149746507302,91.33953561374484,27.630901401026488,0.5920993366639997,10.334985991783164,0.6840572360233894,4.497036240891746,5,1,True,42,
permABC-SMC,904621.103117506,78.73509919328941,1886135.0,164.16268181800842,0.6321060413077405,24.606149746507302,91.3395356137448,27.630901401026488,0.5920993366639997,10.334985991783164,0.6840572360233894,4.497036240891746,5,1,True,42,
permABC-SMC,906165.4676258992,78.74316002825181,1889355.0,164.17948865890503,0.6321060413077405,24.606149746507302,91.33953561374484,27.630901401026488,0.5920993366639997,10.334985991783164,0.6840572360233894,4.497036240891746,5,1,True,42,
permABC-SMC,907709.8321342926,78.75110125370163,1892575.0,164.1960461139679,0.6321060413077405,24.606149746507302,91.3395356137448,27.630901401026488,0.5920993366639997,10.334985991783164,0.6840572360233894,4.497036240891746,5,1,True,42,
permABC-SMC,907078.947368421,78.57058413291092,1895795.0,164.2125208377838,0.6321060413077405,24.606149746507302,91.33953561374484,27.630901401026488,0.5920993366639997,10.334985991783164,0.6840572360233894,4.497036240891746,5,1,True,42,
permABC-SMC,908619.6172248804,78.57847441896867,1899015.0,164.22901153564453,0.6321060413077405,24.606149746507302,91.3395356137448,27.630901401026488,0.5920993366639997,10.334985991783164,0.6840572360233894,4.497036240891746,5,1,True,42,
permABC-SMC,905826.1904761904,78.21220454715547,1902235.0,164.2456295490265,0.6321060413077405,24.606149746507302,91.33953561374484,27.630901401026488,0.5920993366639997,10.334985991783164,0.6840572360233894,4.497036240891746,5,1,True,42,
permABC-SMC,905204.2755344418,78.03433671983008,1905455.0,164.2622787952423,0.6321060413077405,24.606149746507302,91.3395356137448,27.630901401026488,0.5920993366639997,10.334985991783164,0.6840572360233894,4.497036240891746,5,1,True,42,
permABC-SMC,906733.9667458432,78.04217202646433,1908675.0,164.2787721157074,0.6321060413077405,24.606149746507302,91.33953561374484,27.630901401026488,0.5920993366639997,10.334985991783164,0.6840572360233894,4.497036240891746,5,1,True,42,
permABC-SMC,908263.6579572448,78.04997267462578,1911895.0,164.29519248008728,0.6321060413077405,24.606149746507302,91.3395356137448,27.630901401026488,0.5920993366639997,10.334985991783164,0.6840572360233894,4.497036240891746,5,1,True,42,
permABC-SMC,909793.349168646,78.05782791554502,1915115.0,164.3117277622223,0.6321060413077405,24.606149746507302,91.33953561374484,27.630901401026488,0.5920993366639997,10.334985991783164,0.6840572360233894,4.497036240891746,5,1,True,42,
permABC-SMC,911323.0403800476,78.0657095467393,1918335.0,164.32831859588623,0.6321060413077405,24.606149746507302,91.3395356137448,27.630901401026488,0.5920993366639997,10.334985991783164,0.6840572360233894,4.497036240891746,5,1,True,42,
permABC-SMC,912852.7315914488,78.07354134222108,1921555.0,164.34480452537537,0.6321060413077405,24.606149746507302,91.33953561374484,27.630901401026488,0.5920993366639997,10.334985991783164,0.6840572360233894,4.497036240891746,5,1,True,42,
permABC-SMC,914382.4228028504,78.08140756964967,1924775.0,164.36136293411255,0.6321060413077405,24.606149746507302,91.3395356137448,27.630901401026488,0.5920993366639997,10.334985991783164,0.6840572360233894,4.497036240891746,5,1,True,42,
permABC-SMC,911581.5602836882,77.72000506696409,1927995.0,164.37781071662903,0.6321060413077405,24.606149746507302,91.33953561374484,27.630901401026488,0.5920993366639997,10.334985991783164,0.6840572360233894,4.497036240891746,5,1,True,42,
permABC-SMC,910950.4716981133,77.54455028839831,1931215.0,164.39444661140442,0.6321060413077405,24.606149746507302,91.3395356137448,27.630901401026488,0.5920993366639997,10.334985991783164,0.6840572360233894,4.497036240891746,5,1,True,42,
permABC-SMC,901834.4988344988,76.64848152018372,1934435.0,164.41099286079407,0.6321060413077405,24.606149746507302,91.33953561374484,27.630901401026488,0.5920993366639997,10.334985991783164,0.6840572360233894,4.497036240891746,5,1,True,42,
permABC-SMC,903335.6643356644,76.65619483360878,1937655.0,164.42753791809082,0.6321060413077405,24.606149746507302,91.3395356137448,27.630901401026488,0.5920993366639997,10.334985991783164,0.6840572360233894,4.497036240891746,5,1,True,42,
permABC-SMC,900638.0510440835,76.30815306838316,1940875.0,164.44406986236572,0.6321060413077405,24.606149746507302,91.33953561374484,27.630901401026488,0.5920993366639997,10.334985991783164,0.6840572360233894,4.497036240891746,5,1,True,42,
permABC-SMC,900043.9814814816,76.13917964476126,1944095.0,164.46062803268433,0.6321060413077405,24.606149746507302,91.3395356137448,27.630901401026488,0.5920993366639997,10.334985991783164,0.6840572360233894,4.497036240891746,5,1,True,42,
permABC-SMC,899452.6558891454,75.97100883378168,1947315.0,164.47723412513733,0.6321060413077405,24.606149746507302,91.33953561374484,27.630901401026488,0.5920993366639997,10.334985991783164,0.6840572360233894,4.497036240891746,5,1,True,42,
permABC-SMC,894740.8256880734,75.45588935187104,1950535.0,164.49383878707886,0.6321060413077405,24.606149746507302,91.3395356137448,27.630901401026488,0.5920993366639997,10.334985991783164,0.6840572360233894,4.497036240891746,5,1,True,42,
permABC-SMC,894167.0480549198,75.29087295794105,1953755.0,164.5105574131012,0.6321060413077405,24.606149746507302,91.33953561374484,27.630901401026488,0.5920993366639997,10.334985991783164,0.6840572360233894,4.497036240891746,5,1,True,42,
permABC-SMC,895640.7322654462,75.29847485522656,1956975.0,164.52716755867004,0.6321060413077405,24.606149746507302,91.3395356137448,27.630901401026488,0.5920993366639997,10.334985991783164,0.6840572360233894,4.497036240891746,5,1,True,42,
permABC-SMC,893027.3348519362,74.96304055824366,1960195.0,164.54387402534485,0.6321060413077405,24.606149746507302,91.33953561374484,27.630901401026488,0.5920993366639997,10.334985991783164,0.6840572360233894,4.497036240891746,5,1,True,42,
permABC-SMC,892461.3636363636,74.8002763227983,1963415.0,164.56060791015625,0.6321060413077405,24.606149746507302,91.3395356137448,27.630901401026488,0.5920993366639997,10.334985991783164,0.6840572360233894,4.497036240891746,5,1,True,42,
permABC-SMC,893925.0,74.80781013315374,1966635.0,164.57718229293823,0.6321060413077405,24.606149746507302,91.33953561374484,27.630901401026488,0.5920993366639997,10.334985991783164,0.6840572360233894,4.497036240891746,5,1,True,42,
permABC-SMC,891337.1040723983,74.47682980498577,1969855.0,164.59379386901855,0.6321060413077405,24.606149746507302,91.3395356137448,27.630901401026488,0.5920993366639997,10.334985991783164,0.6840572360233894,4.497036240891746,5,1,True,42,
permABC-SMC,886775.2808988764,73.98222066043468,1973075.0,164.61044096946716,0.6321060413077405,24.606149746507302,91.33953561374484,27.630901401026488,0.5920993366639997,10.334985991783164,0.6840572360233894,4.497036240891746,5,1,True,42,
permABC-SMC,888222.4719101124,73.9896474259623,1976295.0,164.6269655227661,0.6321060413077405,24.606149746507302,91.3395356137448,27.630901401026488,0.5920993366639997,10.334985991783164,0.6840572360233894,4.497036240891746,5,1,True,42,
permABC-SMC,887674.8878923766,73.83117034296284,1979515.0,164.64350986480713,0.6321060413077405,24.606149746507302,91.33953561374484,27.630901401026488,0.5920993366639997,10.334985991783164,0.6840572360233894,4.497036240891746,5,1,True,42,
permABC-SMC,885149.5535714285,73.50913626807076,1982735.0,164.66046524047852,0.6321060413077405,24.606149746507302,91.3395356137448,27.630901401026488,0.5920993366639997,10.334985991783164,0.6840572360233894,4.497036240891746,5,1,True,42,
permABC-SMC,884612.4721603564,73.35282805767781,1985955.0,164.6770989894867,0.6321060413077405,24.606149746507302,91.33953561374484,27.630901401026488,0.5920993366639997,10.334985991783164,0.6840572360233894,4.497036240891746,5,1,True,42,
permABC-SMC,886046.7706013364,73.36017081891508,1989175.0,164.69358348846436,0.6321060413077405,24.606149746507302,91.3395356137448,27.630901401026488,0.5920993366639997,10.334985991783164,0.6840572360233894,4.497036240891746,5,1,True,42,
permABC-SMC,885508.8888888889,73.20459376441107,1992395.0,164.71033596992493,0.6321060413077405,24.606149746507302,91.33953561374484,27.630901401026488,0.5920993366639997,10.334985991783164,0.6840572360233894,4.497036240891746,5,1,True,42,
permABC-SMC,884973.3924611973,73.04968855069112,1995615.0,164.72704768180847,0.6321060413077405,24.606149746507302,91.3395356137448,27.630901401026488,0.5920993366639997,10.334985991783164,0.6840572360233894,4.497036240891746,5,1,True,42,
permABC-SMC,882487.8587196468,72.73455866125246,1998835.0,164.74377536773682,0.6321060413077405,24.606149746507302,91.33953561374484,27.630901401026488,0.5920993366639997,10.334985991783164,0.6840572360233894,4.497036240891746,5,1,True,42,
permABC-SMC,878094.2982456139,72.26343217648956,2002055.0,164.76062536239624,0.6321060413077405,24.606149746507302,91.3395356137448,27.630901401026488,0.5920993366639997,10.334985991783164,0.6840572360233894,4.497036240891746,5,1,True,42,
permABC-SMC,879506.5789473682,72.27079157243693,2005275.0,164.77740478515625,0.6321060413077405,24.606149746507302,91.33953561374484,27.630901401026488,0.5920993366639997,10.334985991783164,0.6840572360233894,4.497036240891746,5,1,True,42,
permABC-SMC,880918.8596491226,72.27807118181595,2008495.0,164.7940022945404,0.6321060413077405,24.606149746507302,91.3395356137448,27.630901401026488,0.5920993366639997,10.334985991783164,0.6840572360233894,4.497036240891746,5,1,True,42,
permABC-SMC,882331.1403508771,72.28539439669825,2011715.0,164.81069922447205,0.6321060413077405,24.606149746507302,91.33953561374484,27.630901401026488,0.5920993366639997,10.334985991783164,0.6840572360233894,4.497036240891746,5,1,True,42,
permABC-SMC,883743.4210526315,72.29262517209638,2014935.0,164.82718539237976,0.6321060413077405,24.606149746507302,91.3395356137448,27.630901401026488,0.5920993366639997,10.334985991783164,0.6840572360233894,4.497036240891746,5,1,True,42,
permABC-SMC,883218.818380744,72.14165349497054,2018155.0,164.8436782360077,0.6321060413077405,24.606149746507302,91.33953561374484,27.630901401026488,0.5920993366639997,10.334985991783164,0.6840572360233894,4.497036240891746,5,1,True,42,
permABC-SMC,880773.4204793028,71.8344985529748,2021375.0,164.86017417907715,0.6321060413077405,24.606149746507302,91.3395356137448,27.630901401026488,0.5920993366639997,10.334985991783164,0.6840572360233894,4.497036240891746,5,1,True,42,
permABC-SMC,882176.4705882353,71.84176818997253,2024595.0,164.87685799598694,0.6321060413077405,24.606149746507302,91.33953561374484,27.630901401026488,0.5920993366639997,10.334985991783164,0.6840572360233894,4.497036240891746,5,1,True,42,
permABC-SMC,883579.5206971677,71.84900406399063,2027815.0,164.89346432685852,0.6321060413077405,24.606149746507302,91.3395356137448,27.630901401026488,0.5920993366639997,10.334985991783164,0.6840572360233894,4.497036240891746,5,1,True,42,
permABC-SMC,884982.5708061001,71.85624928775695,2031035.0,164.91009211540222,0.6321060413077405,24.606149746507302,91.33953561374484,27.630901401026488,0.5920993366639997,10.334985991783164,0.6840572360233894,4.497036240891746,5,1,True,42,
permABC-SMC,880629.8701298701,71.39689003750358,2034255.0,164.9268159866333,0.6321060413077405,24.606149746507302,91.3395356137448,27.630901401026488,0.5920993366639997,10.334985991783164,0.6840572360233894,4.497036240891746,5,1,True,42,
permABC-SMC,880118.7904967603,71.24997112200019,2037475.0,164.94368314743042,0.6321060413077405,24.606149746507302,91.33953561374484,27.630901401026488,0.5920993366639997,10.334985991783164,0.6840572360233894,4.497036240891746,5,1,True,42,
permABC-SMC,881509.7192224622,71.25715962239012,2040695.0,164.96032452583313,0.6321060413077405,24.606149746507302,91.3395356137448,27.630901401026488,0.5920993366639997,10.334985991783164,0.6840572360233894,4.497036240891746,5,1,True,42,
permABC-SMC,879103.2258064516,70.95823851964806,2043915.0,164.97790455818176,0.6321060413077405,24.606149746507302,91.33953561374484,27.630901401026488,0.5920993366639997,10.334985991783164,0.6840572360233894,4.497036240891746,5,1,True,42,
permABC-SMC,874844.017094017,70.51051804143138,2047135.0,164.99461221694946,0.6321060413077405,24.606149746507302,91.3395356137448,27.630901401026488,0.5920993366639997,10.334985991783164,0.6840572360233894,4.497036240891746,5,1,True,42,
permABC-SMC,872491.4893617023,70.21758333165597,2050355.0,165.01132082939148,0.6321060413077405,24.606149746507302,91.33953561374484,27.630901401026488,0.5920993366639997,10.334985991783164,0.6840572360233894,4.497036240891746,5,1,True,42,
permABC-SMC,870158.8983050848,69.92710818678647,2053575.0,165.02797532081604,0.6321060413077405,24.606149746507302,91.3395356137448,27.630901401026488,0.5920993366639997,10.334985991783164,0.6840572360233894,4.497036240891746,5,1,True,42,
permABC-SMC,871523.3050847457,69.93418295504684,2056795.0,165.04467177391052,0.6321060413077405,24.606149746507302,91.33953561374484,27.630901401026488,0.5920993366639997,10.334985991783164,0.6840572360233894,4.497036240891746,5,1,True,42,
permABC-SMC,872887.7118644068,69.94136521371743,2060015.0,165.06162190437317,0.6321060413077405,24.606149746507302,91.3395356137448,27.630901401026488,0.5920993366639997,10.334985991783164,0.6840572360233894,4.497036240891746,5,1,True,42,
permABC-SMC,870563.2911392405,69.65327655212789,2063235.0,165.0782654285431,0.6321060413077405,24.606149746507302,91.33953561374484,27.630901401026488,0.5920993366639997,10.334985991783164,0.6840572360233894,4.497036240891746,5,1,True,42,
permABC-SMC,871921.94092827,69.66028364398812,2066455.0,165.09487223625183,0.6321060413077405,24.606149746507302,91.3395356137448,27.630901401026488,0.5920993366639997,10.334985991783164,0.6840572360233894,4.497036240891746,5,1,True,42,
permABC-SMC,871442.105263158,69.52065397563733,2069675.0,165.11155319213867,0.6321060413077405,24.606149746507302,91.33953561374484,27.630901401026488,0.5920993366639997,10.334985991783164,0.6840572360233894,4.497036240891746,5,1,True,42,
permABC-SMC,870964.2857142857,69.3815880462903,2072895.0,165.1281795501709,0.6321060413077405,24.606149746507302,91.3395356137448,27.630901401026488,0.5920993366639997,10.334985991783164,0.6840572360233894,4.497036240891746,5,1,True,42,
permABC-SMC,870488.4696016771,69.24328214217532,2076115.0,165.1452279090881,0.6321060413077405,24.606149746507302,91.33953561374484,27.630901401026488,0.5920993366639997,10.334985991783164,0.6840572360233894,4.497036240891746,5,1,True,42,
permABC-SMC,870014.6443514647,69.10538892865681,2079335.0,165.16187953948975,0.6321060413077405,24.606149746507302,91.3395356137448,27.630901401026488,0.5920993366639997,10.334985991783164,0.6840572360233894,4.497036240891746,5,1,True,42,
permABC-SMC,871361.9246861927,69.11233409179306,2082555.0,165.17847847938538,0.6321060413077405,24.606149746507302,91.33953561374484,27.630901401026488,0.5920993366639997,10.334985991783164,0.6840572360233894,4.497036240891746,5,1,True,42,
permABC-SMC,869072.9166666666,68.8312495748202,2085775.0,165.19499897956848,0.6321060413077405,24.606149746507302,91.3395356137448,27.630901401026488,0.5920993366639997,10.334985991783164,0.6840572360233894,4.497036240891746,5,1,True,42,
permABC-SMC,868604.9896049895,68.69504119650985,2088995.0,165.2115740776062,0.6321060413077405,24.606149746507302,91.33953561374484,27.630901401026488,0.5920993366639997,10.334985991783164,0.6840572360233894,4.497036240891746,5,1,True,42,
permABC-SMC,866341.6149068323,68.41744152408702,2092215.0,165.22812128067017,0.6321060413077405,24.606149746507302,91.3395356137448,27.630901401026488,0.5920993366639997,10.334985991783164,0.6840572360233894,4.497036240891746,5,1,True,42,
permABC-SMC,864096.9072164949,68.14210262495219,2095435.0,165.24459886550903,0.6321060413077405,24.606149746507302,91.33953561374484,27.630901401026488,0.5920993366639997,10.334985991783164,0.6840572360233894,4.497036240891746,5,1,True,42,
permABC-SMC,861870.6365503081,67.86903835664785,2098655.0,165.2611083984375,0.6321060413077405,24.606149746507302,91.3395356137448,27.630901401026488,0.5920993366639997,10.334985991783164,0.6840572360233894,4.497036240891746,5,1,True,42,
permABC-SMC,861424.1803278688,67.73679881799416,2101875.0,165.27778911590576,0.6321060413077405,24.606149746507302,91.33953561374484,27.630901401026488,0.5920993366639997,10.334985991783164,0.6840572360233894,4.497036240891746,5,1,True,42,
permABC-SMC,860979.5501022495,67.60508258406126,2105095.0,165.2944269180298,0.6321060413077405,24.606149746507302,91.3395356137448,27.630901401026488,0.5920993366639997,10.334985991783164,0.6840572360233894,4.497036240891746,5,1,True,42,
permABC-SMC,862296.5235173824,67.61182080992404,2108315.0,165.31090188026428,0.6321060413077405,24.606149746507302,91.33953561374484,27.630901401026488,0.5920993366639997,10.334985991783164,0.6840572360233894,4.497036240891746,5,1,True,42,
permABC-SMC,861851.0204081633,67.48058698615249,2111535.0,165.3274381160736,0.6321060413077405,24.606149746507302,91.3395356137448,27.630901401026488,0.5920993366639997,10.334985991783164,0.6840572360233894,4.497036240891746,5,1,True,42,
permABC-SMC,863165.306122449,67.48732323549233,2114755.0,165.34394192695618,0.6321060413077405,24.606149746507302,91.33953561374484,27.630901401026488,0.5920993366639997,10.334985991783164,0.6840572360233894,4.497036240891746,5,1,True,42,
permABC-SMC,862718.9409368635,67.35660316016669,2117975.0,165.36046075820923,0.6321060413077405,24.606149746507302,91.3395356137448,27.630901401026488,0.5920993366639997,10.334985991783164,0.6840572360233894,4.497036240891746,5,1,True,42,
permABC-SMC,862274.3902439025,67.22638645792395,2121195.0,165.37691068649292,0.6321060413077405,24.606149746507302,91.33953561374484,27.630901401026488,0.5920993366639997,10.334985991783164,0.6840572360233894,4.497036240891746,5,1,True,42,
permABC-SMC,861831.6430020283,67.09673796415814,2124415.0,165.39345908164978,0.6321060413077405,24.606149746507302,91.3395356137448,27.630901401026488,0.5920993366639997,10.334985991783164,0.6840572360233894,4.497036240891746,5,1,True,42,
permABC-SMC,863137.9310344828,67.10341126633463,2127635.0,165.4099087715149,0.6321060413077405,24.606149746507302,91.33953561374484,27.630901401026488,0.5920993366639997,10.334985991783164,0.6840572360233894,4.497036240891746,5,1,True,42,
permABC-SMC,862694.3319838058,66.97424645365975,2130855.0,165.42638874053955,0.6321060413077405,24.606149746507302,91.3395356137448,27.630901401026488,0.5920993366639997,10.334985991783164,0.6840572360233894,4.497036240891746,5,1,True,42,
permABC-SMC,862252.5252525253,66.84563540449045,2134075.0,165.4429476261139,0.6321060413077405,24.606149746507302,91.33953561374484,27.630901401026488,0.5920993366639997,10.334985991783164,0.6840572360233894,4.497036240891746,5,1,True,42,
permABC-SMC,861812.5,66.7175236248201,2137295.0,165.45945858955383,0.6321060413077405,24.606149746507302,91.3395356137448,27.630901401026488,0.5920993366639997,10.334985991783164,0.6840572360233894,4.497036240891746,5,1,True,42,
permABC-SMC,863110.8870967742,66.7241713693065,2140515.0,165.47594499588013,0.6321060413077405,24.606149746507302,91.33953561374484,27.630901401026488,0.5920993366639997,10.334985991783164,0.6840572360233894,4.497036240891746,5,1,True,42,
permABC-SMC,862670.0201207243,66.5965475546762,2143735.0,165.49242067337036,0.6321060413077405,24.606149746507302,91.3395356137448,27.630901401026488,0.5920993366639997,10.334985991783164,0.6840572360233894,4.497036240891746,5,1,True,42,
permABC-SMC,863965.7947686117,66.60316628469548,2146955.0,165.50886821746826,0.6321060413077405,24.606149746507302,91.33953561374484,27.630901401026488,0.5920993366639997,10.334985991783164,0.6840572360233894,4.497036240891746,5,1,True,42,
permABC-SMC,865261.569416499,66.60981763536542,2150175.0,165.52539682388306,0.6321060413077405,24.606149746507302,91.3395356137448,27.630901401026488,0.5920993366639997,10.334985991783164,0.6840572360233894,4.497036240891746,5,1,True,42,
permABC-SMC,866557.3440643863,66.61647320753131,2153395.0,165.54193592071533,0.6321060413077405,24.606149746507302,91.33953561374484,27.630901401026488,0.5920993366639997,10.334985991783164,0.6840572360233894,4.497036240891746,5,1,True,42,
permABC-SMC,867853.1187122737,66.62315948148608,2156615.0,165.55855131149292,0.6321060413077405,24.606149746507302,91.3395356137448,27.630901401026488,0.5920993366639997,10.334985991783164,0.6840572360233894,4.497036240891746,5,1,True,42,
permABC-SMC,869148.893360161,66.62980757009096,2159835.0,165.57507181167605,0.6321060413077405,24.606149746507302,91.33953561374484,27.630901401026488,0.5920993366639997,10.334985991783164,0.6840572360233894,4.497036240891746,5,1,True,42,
permABC-SMC,870444.6680080483,66.63645076559823,2163055.0,165.5915801525116,0.6321060413077405,24.606149746507302,91.3395356137448,27.630901401026488,0.5920993366639997,10.334985991783164,0.6840572360233894,4.497036240891746,5,1,True,42,
permABC-SMC,869989.9598393574,66.50930331892756,2166275.0,165.60816526412964,0.6321060413077405,24.606149746507302,91.33953561374484,27.630901401026488,0.5920993366639997,10.334985991783164,0.6840572360233894,4.497036240891746,5,1,True,42,
permABC-SMC,871283.1325301206,66.51598401816494,2169495.0,165.6248002052307,0.6321060413077405,24.606149746507302,91.3395356137448,27.630901401026488,0.5920993366639997,10.334985991783164,0.6840572360233894,4.497036240891746,5,1,True,42,
permABC-SMC,872576.3052208836,66.52265121659121,2172715.0,165.64140152931213,0.6321060413077405,24.606149746507302,91.33953561374484,27.630901401026488,0.5920993366639997,10.334985991783164,0.6840572360233894,4.497036240891746,5,1,True,42,
permABC-SMC,872118.2364729459,66.39594477498699,2175935.0,165.65788221359253,0.6321060413077405,24.606149746507302,91.3395356137448,27.630901401026488,0.5920993366639997,10.334985991783164,0.6840572360233894,4.497036240891746,5,1,True,42,
permABC-SMC,869922.1556886227,66.13750048502239,2179155.0,165.67443871498108,0.6321060413077405,24.606149746507302,91.33953561374484,27.630901401026488,0.5920993366639997,10.334985991783164,0.6840572360233894,4.497036240891746,5,1,True,42,
permABC-SMC,871207.5848303393,66.14409006998211,2182375.0,165.69094562530518,0.6321060413077405,24.606149746507302,91.3395356137448,27.630901401026488,0.5920993366639997,10.334985991783164,0.6840572360233894,4.497036240891746,5,1,True,42,
permABC-SMC,869023.8568588468,65.88767916260373,2185595.0,165.70751309394836,0.6321060413077405,24.606149746507302,91.33953561374484,27.630901401026488,0.5920993366639997,10.334985991783164,0.6840572360233894,4.497036240891746,5,1,True,42,
permABC-SMC,870304.1749502983,65.89430378635171,2188815.0,165.72417402267456,0.6321060413077405,24.606149746507302,91.3395356137448,27.630901401026488,0.5920993366639997,10.334985991783164,0.6840572360233894,4.497036240891746,5,1,True,42,
permABC-SMC,869855.1587301587,65.77010902147444,2192035.0,165.7406747341156,0.6321060413077405,24.606149746507302,91.33953561374484,27.630901401026488,0.5920993366639997,10.334985991783164,0.6840572360233894,4.497036240891746,5,1,True,42,
permABC-SMC,871132.9365079365,65.77661519958859,2195255.0,165.75707030296326,0.6321060413077405,24.606149746507302,91.3395356137448,27.630901401026488,0.5920993366639997,10.334985991783164,0.6840572360233894,4.497036240891746,5,1,True,42,
permABC-SMC,872410.7142857143,65.78314266507587,2198475.0,165.7735195159912,0.6321060413077405,24.606149746507302,91.33953561374484,27.630901401026488,0.5920993366639997,10.334985991783164,0.6840572360233894,4.497036240891746,5,1,True,42,
permABC-SMC,871958.4158415842,65.6597406557291,2201695.0,165.79084515571594,0.6321060413077405,24.606149746507302,91.3395356137448,27.630901401026488,0.5920993366639997,10.334985991783164,0.6840572360233894,4.497036240891746,5,1,True,42,
permABC-SMC,873233.6633663366,65.66625850035412,2204915.0,165.80730271339417,0.6321060413077405,24.606149746507302,91.33953561374484,27.630901401026488,0.5920993366639997,10.334985991783164,0.6840572360233894,4.497036240891746,5,1,True,42,
permABC-SMC,871059.1715976332,65.41372737470698,2208135.0,165.8237988948822,0.6321060413077405,24.606149746507302,91.3395356137448,27.630901401026488,0.5920993366639997,10.334985991783164,0.6840572360233894,4.497036240891746,5,1,True,42,
permABC-SMC,870612.2047244095,65.2914493102727,2211355.0,165.84028124809265,0.6321060413077405,24.606149746507302,91.33953561374484,27.630901401026488,0.5920993366639997,10.334985991783164,0.6840572360233894,4.497036240891746,5,1,True,42,
permABC-SMC,871879.9212598425,65.29795015890767,2214575.0,165.8567934036255,0.6321060413077405,24.606149746507302,91.3395356137448,27.630901401026488,0.5920993366639997,10.334985991783164,0.6840572360233894,4.497036240891746,5,1,True,42,
permABC-SMC,871432.2200392927,65.17614840524371,2217795.0,165.8732976913452,0.6321060413077405,24.606149746507302,91.33953561374484,27.630901401026488,0.5920993366639997,10.334985991783164,0.6840572360233894,4.497036240891746,5,1,True,42,
permABC-SMC,872697.4459724951,65.18262346039118,2221015.0,165.88977670669556,0.6321060413077405,24.606149746507302,91.3395356137448,27.630901401026488,0.5920993366639997,10.334985991783164,0.6840572360233894,4.497036240891746,5,1,True,42,
permABC-SMC,873962.6719056974,65.18910694684402,2224235.0,165.90627717971802,0.6321060413077405,24.606149746507302,91.33953561374484,27.630901401026488,0.5920993366639997,10.334985991783164,0.6840572360233894,4.497036240891746,5,1,True,42,
permABC-SMC,873511.7647058823,65.06774032817167,2227455.0,165.92273783683777,0.6321060413077405,24.606149746507302,91.3395356137448,27.630901401026488,0.5920993366639997,10.334985991783164,0.6840572360233894,4.497036240891746,5,1,True,42,
permABC-SMC,874774.5098039216,65.07419567482144,2230675.0,165.93919897079468,0.6321060413077405,24.606149746507302,91.33953561374484,27.630901401026488,0.5920993366639997,10.334985991783164,0.6840572360233894,4.497036240891746,5,1,True,42,
permABC-SMC,872615.234375,64.82643913477659,2233895.0,165.95568418502808,0.6321060413077405,24.606149746507302,91.3395356137448,27.630901401026488,0.5920993366639997,10.334985991783164,0.6840572360233894,4.497036240891746,5,1,True,42,
permABC-SMC,873873.046875,64.8329102434218,2237115.0,165.9722502231598,0.6321060413077405,24.606149746507302,91.33953561374484,27.630901401026488,0.5920993366639997,10.334985991783164,0.6840572360233894,4.497036240891746,5,1,True,42,
permABC-SMC,873424.9512670565,64.71296955502753,2240335.0,165.98876690864563,0.6321060413077405,24.606149746507302,91.3395356137448,27.630901401026488,0.5920993366639997,10.334985991783164,0.6840572360233894,4.497036240891746,5,1,True,42,
permABC-SMC,871283.495145631,64.46805565102586,2243555.0,166.0052433013916,0.6321060413077405,24.606149746507302,91.33953561374484,27.630901401026488,0.5920993366639997,10.334985991783164,0.6840572360233894,4.497036240891746,5,1,True,42,
permABC-SMC,869158.6073500968,64.22501025393576,2246775.0,166.02165150642395,0.6321060413077405,24.606149746507302,91.3395356137448,27.630901401026488,0.5920993366639997,10.334985991783164,0.6840572360233894,4.497036240891746,5,1,True,42,
permABC-SMC,870404.2553191489,64.23137994983902,2249995.0,166.03811717033386,0.6321060413077405,24.606149746507302,91.33953561374484,27.630901401026488,0.5920993366639997,10.334985991783164,0.6840572360233894,4.497036240891746,5,1,True,42,
permABC-SMC,869967.1814671815,64.11375447129652,2253215.0,166.05462408065796,0.6321060413077405,24.606149746507302,91.3395356137448,27.630901401026488,0.5920993366639997,10.334985991783164,0.6840572360233894,4.497036240891746,5,1,True,42,
permABC-SMC,867859.6153846154,63.873531084794266,2256435.0,166.0711808204651,0.6321060413077405,24.606149746507302,91.33953561374484,27.630901401026488,0.5920993366639997,10.334985991783164,0.6840572360233894,4.497036240891746,5,1,True,42,
permABC-SMC,869098.076923077,63.87990172092731,2259655.0,166.087744474411,0.6321060413077405,24.606149746507302,91.3395356137448,27.630901401026488,0.5920993366639997,10.334985991783164,0.6840572360233894,4.497036240891746,5,1,True,42,
permABC-SMC,867001.9157088122,63.64148649676092,2262875.0,166.10427975654602,0.6321060413077405,24.606149746507302,91.33953561374484,27.630901401026488,0.5920993366639997,10.334985991783164,0.6840572360233894,4.497036240891746,5,1,True,42,
permABC-SMC,866575.5258126195,63.52610943650197,2266095.0,166.12077617645264,0.6321060413077405,24.606149746507302,91.3395356137448,27.630901401026488,0.5920993366639997,10.334985991783164,0.6840572360233894,4.497036240891746,5,1,True,42,
permABC-SMC,867806.8833652007,63.53245984983717,2269315.0,166.13738250732422,0.6321060413077405,24.606149746507302,91.33953561374484,27.630901401026488,0.5920993366639997,10.334985991783164,0.6840572360233894,4.497036240891746,5,1,True,42,
permABC-SMC,869038.240917782,63.53879521955268,2272535.0,166.15394949913025,0.6321060413077405,24.606149746507302,91.3395356137448,27.630901401026488,0.5920993366639997,10.334985991783164,0.6840572360233894,4.497036240891746,5,1,True,42,
permABC-SMC,870269.5984703632,63.54514617992861,2275755.0,166.1705572605133,0.6321060413077405,24.606149746507302,91.33953561374484,27.630901401026488,0.5920993366639997,10.334985991783164,0.6840572360233894,4.497036240891746,5,1,True,42,
permABC-SMC,869837.786259542,63.43155981020163,2278975.0,166.19068670272827,0.6321060413077405,24.606149746507302,91.3395356137448,27.630901401026488,0.5920993366639997,10.334985991783164,0.6840572360233894,4.497036240891746,5,1,True,42,
permABC-SMC,867754.752851711,63.19749781387387,2282195.0,166.20941925048828,0.6321060413077405,24.606149746507302,91.33953561374484,27.630901401026488,0.5920993366639997,10.334985991783164,0.6840572360233894,4.497036240891746,5,1,True,42,
permABC-SMC,868979.0874524715,63.20385552177864,2285415.0,166.22614002227783,0.6321060413077405,24.606149746507302,91.3395356137448,27.630901401026488,0.5920993366639997,10.334985991783164,0.6840572360233894,4.497036240891746,5,1,True,42,
permABC-SMC,868552.1821631877,63.09027653717678,2288635.0,166.24287867546082,0.6321060413077405,24.606149746507302,91.33953561374484,27.630901401026488,0.5920993366639997,10.334985991783164,0.6840572360233894,4.497036240891746,5,1,True,42,
permABC-SMC,869774.1935483869,63.09657920243843,2291855.0,166.2594861984253,0.6321060413077405,24.606149746507302,91.3395356137448,27.630901401026488,0.5920993366639997,10.334985991783164,0.6840572360233894,4.497036240891746,5,1,True,42,
permABC-SMC,869346.5909090908,62.98334914626496,2295075.0,166.27604174613953,0.6321060413077405,24.606149746507302,91.33953561374484,27.630901401026488,0.5920993366639997,10.334985991783164,0.6840572360233894,4.497036240891746,5,1,True,42,
permABC-SMC,870566.2878787878,62.98961973551548,2298295.0,166.29259610176086,0.6321060413077405,24.606149746507302,91.3395356137448,27.630901401026488,0.5920993366639997,10.334985991783164,0.6840572360233894,4.497036240891746,5,1,True,42,
permABC-SMC,871785.9848484849,62.99593891158248,2301515.0,166.30927872657776,0.6321060413077405,24.606149746507302,91.33953561374484,27.630901401026488,0.5920993366639997,10.334985991783164,0.6840572360233894,4.497036240891746,5,1,True,42,
permABC-SMC,873005.6818181819,63.00225041129372,2304735.0,166.32594108581543,0.6321060413077405,24.606149746507302,91.3395356137448,27.630901401026488,0.5920993366639997,10.334985991783164,0.6840572360233894,4.497036240891746,5,1,True,42,
permABC-SMC,872572.7788279774,62.889447239261045,2307955.0,166.34258794784546,0.6321060413077405,24.606149746507302,91.33953561374484,27.630901401026488,0.5920993366639997,10.334985991783164,0.6840572360233894,4.497036240891746,5,1,True,42,
permABC-SMC,873790.1701323251,62.89571228460013,2311175.0,166.35915899276733,0.6321060413077405,24.606149746507302,91.3395356137448,27.630901401026488,0.5920993366639997,10.334985991783164,0.6840572360233894,4.497036240891746,5,1,True,42,
permABC-SMC,868440.9005628518,62.42995127951674,2314395.0,166.3758201599121,0.6321060413077405,24.606149746507302,91.33953561374484,27.630901401026488,0.5920993366639997,10.334985991783164,0.6840572360233894,4.497036240891746,5,1,True,42,
permABC-SMC,869649.1557223265,62.43615078881355,2317615.0,166.3923418521881,0.6321060413077405,24.606149746507302,91.3395356137448,27.630901401026488,0.5920993366639997,10.334985991783164,0.6840572360233894,4.497036240891746,5,1,True,42,
permABC-SMC,869226.5917602996,62.32541437899128,2320835.0,166.40885639190674,0.6321060413077405,24.606149746507302,91.33953561374484,27.630901401026488,0.5920993366639997,10.334985991783164,0.6840572360233894,4.497036240891746,5,1,True,42,
permABC-SMC,870432.584269663,62.33161513725024,2324055.0,166.42541241645813,0.6321060413077405,24.606149746507302,91.3395356137448,27.630901401026488,0.5920993366639997,10.334985991783164,0.6840572360233894,4.497036240891746,5,1,True,42,
permABC-SMC,871638.5767790263,62.33783250444391,2327275.0,166.44201278686523,0.6321060413077405,24.606149746507302,91.33953561374484,27.630901401026488,0.5920993366639997,10.334985991783164,0.6840572360233894,4.497036240891746,5,1,True,42,
permABC-SMC,869587.6865671641,62.11139710981455,2330495.0,166.45854425430298,0.6321060413077405,24.606149746507302,91.3395356137448,27.630901401026488,0.5920993366639997,10.334985991783164,0.6840572360233894,4.497036240891746,5,1,True,42,
permABC-SMC,867552.0446096653,61.88665836717115,2333715.0,166.47511100769043,0.6321060413077405,24.606149746507302,91.33953561374484,27.630901401026488,0.5920993366639997,10.334985991783164,0.6840572360233894,4.497036240891746,5,1,True,42,
permABC-SMC,867137.2912801482,61.7780118351301,2336935.0,166.49174189567566,0.6321060413077405,24.606149746507302,91.3395356137448,27.630901401026488,0.5920993366639997,10.334985991783164,0.6840572360233894,4.497036240891746,5,1,True,42,
permABC-SMC,865121.9963031423,61.55573859012061,2340155.0,166.50827288627625,0.6321060413077405,24.606149746507302,91.33953561374484,27.630901401026488,0.5920993366639997,10.334985991783164,0.6840572360233894,4.497036240891746,5,1,True,42,
permABC-SMC,863121.5469613259,61.33512932512201,2343375.0,166.5248761177063,0.6321060413077405,24.606149746507302,91.3395356137448,27.630901401026488,0.5920993366639997,10.334985991783164,0.6840572360233894,4.497036240891746,5,1,True,42,
permABC-SMC,864307.5506445671,61.34121931718857,2346595.0,166.541410446167,0.6321060413077405,24.606149746507302,91.33953561374484,27.630901401026488,0.5920993366639997,10.334985991783164,0.6840572360233894,4.497036240891746,5,1,True,42,
permABC-SMC,860738.095238095,61.01030447544194,2349815.0,166.55813121795654,0.6321060413077405,24.606149746507302,91.3395356137448,27.630901401026488,0.5920993366639997,10.334985991783164,0.6840572360233894,4.497036240891746,5,1,True,42,
permABC-SMC,861917.5824175823,61.01634476211044,2353035.0,166.57462120056152,0.6321060413077405,24.606149746507302,91.33953561374484,27.630901401026488,0.5920993366639997,10.334985991783164,0.6840572360233894,4.497036240891746,5,1,True,42,
permABC-SMC,863097.0695970694,61.02240827930715,2356255.0,166.59117460250854,0.6321060413077405,24.606149746507302,91.3395356137448,27.630901401026488,0.5920993366639997,10.334985991783164,0.6840572360233894,4.497036240891746,5,1,True,42,
permABC-SMC,864276.5567765567,61.02854087675883,2359475.0,166.60791659355164,0.6321060413077405,24.606149746507302,91.33953561374484,27.630901401026488,0.5920993366639997,10.334985991783164,0.6840572360233894,4.497036240891746,5,1,True,42,
permABC-SMC,863873.8574040218,60.92300362735169,2362695.0,166.62441492080688,0.6321060413077405,24.606149746507302,91.3395356137448,27.630901401026488,0.5920993366639997,10.334985991783164,0.6840572360233894,4.497036240891746,5,1,True,42,
permABC-SMC,863472.6277372263,60.81789627562474,2365915.0,166.6410357952118,0.6321060413077405,24.606149746507302,91.33953561374484,27.630901401026488,0.5920993366639997,10.334985991783164,0.6840572360233894,4.497036240891746,5,1,True,42,
permABC-SMC,859940.1088929218,60.49501450221896,2369135.0,166.66376495361328,0.6321060413077405,24.606149746507302,91.3395356137448,27.630901401026488,0.5920993366639997,10.334985991783164,0.6840572360233894,4.497036240891746,5,1,True,42,
permABC-SMC,861108.89292196,60.50131429128767,2372355.0,166.68112087249756,0.6321060413077405,24.606149746507302,91.33953561374484,27.630901401026488,0.5920993366639997,10.334985991783164,0.6840572360233894,4.497036240891746,5,1,True,42,
permABC-SMC,862277.676950998,60.50738821012354,2375575.0,166.69785451889038,0.6321060413077405,24.606149746507302,91.3395356137448,27.630901401026488,0.5920993366639997,10.334985991783164,0.6840572360233894,4.497036240891746,5,1,True,42,
permABC-SMC,861882.2463768115,60.40385935617529,2378795.0,166.71465182304382,0.6321060413077405,24.606149746507302,91.33953561374484,27.630901401026488,0.5920993366639997,10.334985991783164,0.6840572360233894,4.497036240891746,5,1,True,42,
permABC-SMC,863048.9130434782,60.40996313095092,2382015.0,166.73149824142456,0.6321060413077405,24.606149746507302,91.3395356137448,27.630901401026488,0.5920993366639997,10.334985991783164,0.6840572360233894,4.497036240891746,5,1,True,42,
permABC-SMC,864215.5797101448,60.41600721469823,2385235.0,166.74817991256714,0.6321060413077405,24.606149746507302,91.33953561374484,27.630901401026488,0.5920993366639997,10.334985991783164,0.6840572360233894,4.497036240891746,5,1,True,42,
permABC-SMC,865382.2463768114,60.422042746474766,2388455.0,166.7648379802704,0.6321060413077405,24.606149746507302,91.3395356137448,27.630901401026488,0.5920993366639997,10.334985991783164,0.6840572360233894,4.497036240891746,5,1,True,42,
permABC-SMC,864981.9168173599,60.31882517161033,2391675.0,166.78155159950256,0.6321060413077405,24.606149746507302,91.33953561374484,27.630901401026488,0.5920993366639997,10.334985991783164,0.6840572360233894,4.497036240891746,5,1,True,42,
permABC-SMC,864583.0324909745,60.215953971504725,2394895.0,166.79819250106812,0.6321060413077405,24.606149746507302,91.3395356137448,27.630901401026488,0.5920993366639997,10.334985991783164,0.6840572360233894,4.497036240891746,5,1,True,42,
permABC-SMC,862631.2949640286,60.00539253083921,2398115.0,166.81499123573303,0.6321060413077405,24.606149746507302,91.33953561374484,27.630901401026488,0.5920993366639997,10.334985991783164,0.6840572360233894,4.497036240891746,5,1,True,42,
permABC-SMC,862238.7791741472,59.903626895678535,2401335.0,166.83160090446472,0.6321060413077405,24.606149746507302,91.3395356137448,27.630901401026488,0.5920993366639997,10.334985991783164,0.6840572360233894,4.497036240891746,5,1,True,42,
permABC-SMC,863394.973070018,59.909609190223456,2404555.0,166.84826159477234,0.6321060413077405,24.606149746507302,91.33953561374484,27.630901401026488,0.5920993366639997,10.334985991783164,0.6840572360233894,4.497036240891746,5,1,True,42,
permABC-SMC,864551.1669658887,59.91564216476797,2407775.0,166.86506342887878,0.6321060413077405,24.606149746507302,91.3395356137448,27.630901401026488,0.5920993366639997,10.334985991783164,0.6840572360233894,4.497036240891746,5,1,True,42,
permABC-SMC,864155.9139784946,59.81428443744618,2410995.0,166.88185358047485,0.6321060413077405,24.606149746507302,91.33953561374484,27.630901401026488,0.5920993366639997,10.334985991783164,0.6840572360233894,4.497036240891746,5,1,True,42,
permABC-SMC,865310.0358422939,59.82028609108327,2414215.0,166.89859819412231,0.6321060413077405,24.606149746507302,91.3395356137448,27.630901401026488,0.5920993366639997,10.334985991783164,0.6840572360233894,4.497036240891746,5,1,True,42,
permABC-SMC,864914.1323792485,59.719245293059366,2417435.0,166.91529059410095,0.6321060413077405,24.606149746507302,91.33953561374484,27.630901401026488,0.5920993366639997,10.334985991783164,0.6840572360233894,4.497036240891746,5,1,True,42,
permABC-SMC,864519.6428571427,59.618562545095166,2420655.0,166.93197512626648,0.6321060413077405,24.606149746507302,91.3395356137448,27.630901401026488,0.5920993366639997,10.334985991783164,0.6840572360233894,4.497036240891746,5,1,True,42,
permABC-SMC,865669.6428571426,59.62451134409223,2423875.0,166.94863176345825,0.6321060413077405,24.606149746507302,91.33953561374484,27.630901401026488,0.5920993366639997,10.334985991783164,0.6840572360233894,4.497036240891746,5,1,True,42,
permABC-SMC,863734.8754448397,59.4182375062827,2427095.0,166.96524739265442,0.6321060413077405,24.606149746507302,91.3395356137448,27.630901401026488,0.5920993366639997,10.334985991783164,0.6840572360233894,4.497036240891746,5,1,True,42,
permABC-SMC,863344.5825932506,59.31862853136623,2430315.0,166.9819393157959,0.6321060413077405,24.606149746507302,91.33953561374484,27.630901401026488,0.5920993366639997,10.334985991783164,0.6840572360233894,4.497036240891746,5,1,True,42,
permABC-SMC,862955.6737588652,59.21935164336617,2433535.0,166.9985716342926,0.6321060413077405,24.606149746507302,91.3395356137448,27.630901401026488,0.5920993366639997,10.334985991783164,0.6840572360233894,4.497036240891746,5,1,True,42,
permABC-SMC,864097.5177304964,59.22528031869983,2436755.0,167.01529049873352,0.6321060413077405,24.606149746507302,91.33953561374484,27.630901401026488,0.5920993366639997,10.334985991783164,0.6840572360233894,4.497036240891746,5,1,True,42,
permABC-SMC,865239.3617021276,59.231160126679335,2439975.0,167.03187155723572,0.6321060413077405,24.606149746507302,91.3395356137448,27.630901401026488,0.5920993366639997,10.334985991783164,0.6840572360233894,4.497036240891746,5,1,True,42,
permABC-SMC,864847.7876106197,59.13225562171599,2443195.0,167.04862213134766,0.6321060413077405,24.606149746507302,91.33953561374484,27.630901401026488,0.5920993366639997,10.334985991783164,0.6840572360233894,4.497036240891746,5,1,True,42,
permABC-SMC,865987.6106194691,59.13814046741587,2446415.0,167.06524682044983,0.6321060413077405,24.606149746507302,91.3395356137448,27.630901401026488,0.5920993366639997,10.334985991783164,0.6840572360233894,4.497036240891746,5,1,True,42,
permABC-SMC,867127.4336283187,59.144064557235865,2449635.0,167.08198237419128,0.6321060413077405,24.606149746507302,91.33953561374484,27.630901401026488,0.5920993366639997,10.334985991783164,0.6840572360233894,4.497036240891746,5,1,True,42,
permABC-SMC,868267.2566371683,59.15007692522708,2452855.0,167.09896731376648,0.6321060413077405,24.606149746507302,91.3395356137448,27.630901401026488,0.5920993366639997,10.334985991783164,0.6840572360233894,4.497036240891746,5,1,True,42,
permABC-SMC,869407.0796460178,59.15599215347156,2456075.0,167.11567783355713,0.6321060413077405,24.606149746507302,91.33953561374484,27.630901401026488,0.5920993366639997,10.334985991783164,0.6840572360233894,4.497036240891746,5,1,True,42,
permABC-SMC,867476.1904761905,58.95318404707328,2459295.0,167.13227677345276,0.6321060413077405,24.606149746507302,91.3395356137448,27.630901401026488,0.5920993366639997,10.334985991783164,0.6840572360233894,4.497036240891746,5,1,True,42,
permABC-SMC,868611.9929453263,58.95909304341311,2462515.0,167.14902877807617,0.6321060413077405,24.606149746507302,91.33953561374484,27.630901401026488,0.5920993366639997,10.334985991783164,0.6840572360233894,4.497036240891746,5,1,True,42,
permABC-SMC,869747.7954144621,58.96499354582825,2465735.0,167.1657567024231,0.6321060413077405,24.606149746507302,91.3395356137448,27.630901401026488,0.5920993366639997,10.334985991783164,0.6840572360233894,4.497036240891746,5,1,True,42,
permABC-SMC,870883.5978835978,58.97092297804629,2468955.0,167.18256664276123,0.6321060413077405,24.606149746507302,91.33953561374484,27.630901401026488,0.5920993366639997,10.334985991783164,0.6840572360233894,4.497036240891746,5,1,True,42,
permABC-SMC,870484.1549295775,58.87297014115562,2472175.0,167.19923520088196,0.6321060413077405,24.606149746507302,91.3395356137448,27.630901401026488,0.5920993366639997,10.334985991783164,0.6840572360233894,4.497036240891746,5,1,True,42,
permABC-SMC,871617.9577464788,58.87877311505063,2475395.0,167.21571564674375,0.6321060413077405,24.606149746507302,91.33953561374484,27.630901401026488,0.5920993366639997,10.334985991783164,0.6840572360233894,4.497036240891746,5,1,True,42,
permABC-SMC,872751.7605633802,58.885833830900594,2478615.0,167.2357680797577,0.6321060413077405,24.606149746507302,91.3395356137448,27.630901401026488,0.5920993366639997,10.334985991783164,0.6840572360233894,4.497036240891746,5,1,True,42,
permABC-SMC,872349.7363796135,58.78821022690705,2481835.0,167.25245809555054,0.6321060413077405,24.606149746507302,91.33953561374484,27.630901401026488,0.5920993366639997,10.334985991783164,0.6840572360233894,4.497036240891746,5,1,True,42,
permABC-SMC,873481.5465729352,58.79405211061502,2485055.0,167.2690782546997,0.6321060413077405,24.606149746507302,91.3395356137448,27.630901401026488,0.5920993366639997,10.334985991783164,0.6840572360233894,4.497036240891746,5,1,True,42,
permABC-SMC,873078.9473684211,58.69668843453391,2488275.0,167.28556203842163,0.6321060413077405,24.606149746507302,91.33953561374484,27.630901401026488,0.5920993366639997,10.334985991783164,0.6840572360233894,4.497036240891746,5,1,True,42,
permABC-SMC,874208.7719298247,58.70251839621026,2491495.0,167.30217742919922,0.6321060413077405,24.606149746507302,91.3395356137448,27.630901401026488,0.5920993366639997,10.334985991783164,0.6840572360233894,4.497036240891746,5,1,True,42,
permABC-SMC,875338.5964912282,58.70835505033795,2494715.0,167.3188118934631,0.6321060413077405,24.606149746507302,91.33953561374484,27.630901401026488,0.5920993366639997,10.334985991783164,0.6840572360233894,4.497036240891746,5,1,True,42,
permABC-SMC,876468.4210526317,58.71420048830803,2497935.0,167.33547139167786,0.6321060413077405,24.606149746507302,91.3395356137448,27.630901401026488,0.5920993366639997,10.334985991783164,0.6840572360233894,4.497036240891746,5,1,True,42,
permABC-SMC,877598.2456140353,58.72004534068861,2501155.0,167.35212922096252,0.6321060413077405,24.606149746507302,91.33953561374484,27.630901401026488,0.5920993366639997,10.334985991783164,0.6840572360233894,4.497036240891746,5,1,True,42,
permABC-SMC,877189.1418563925,58.62313769953474,2504375.0,167.36905813217163,0.6321060413077405,24.606149746507302,91.3395356137448,27.630901401026488,0.5920993366639997,10.334985991783164,0.6840572360233894,4.497036240891746,5,1,True,42,
permABC-SMC,878316.9877408057,58.629014487859465,2507595.0,167.38583636283877,0.6321060413077405,24.606149746507302,91.33953561374484,27.630901401026488,0.5920993366639997,10.334985991783164,0.6840572360233894,4.497036240891746,5,1,True,42,
permABC-SMC,879444.8336252191,58.63482856082417,2510815.0,167.40243554115295,0.6321060413077405,24.606149746507302,91.3395356137448,27.630901401026488,0.5920993366639997,10.334985991783164,0.6840572360233894,4.497036240891746,5,1,True,42,
permABC-SMC,879033.2167832167,58.538145702202,2514035.0,167.41909670829773,0.6321060413077405,24.606149746507302,91.33953561374484,27.630901401026488,0.5920993366639997,10.334985991783164,0.6840572360233894,4.497036240891746,5,1,True,42,
permABC-SMC,878623.0366492148,58.44179181736386,2517255.0,167.43573355674744,0.6321060413077405,24.606149746507302,91.3395356137448,27.630901401026488,0.5920993366639997,10.334985991783164,0.6840572360233894,4.497036240891746,5,1,True,42,
permABC-SMC,879746.9458987785,58.44762537491884,2520475.0,167.45244669914246,0.6321060413077405,24.606149746507302,91.33953561374484,27.630901401026488,0.5920993366639997,10.334985991783164,0.6840572360233894,4.497036240891746,5,1,True,42,
permABC-SMC,879336.2369337981,58.351578197412806,2523695.0,167.4690294265747,0.6321060413077405,24.606149746507302,91.3395356137448,27.630901401026488,0.5920993366639997,10.334985991783164,0.6840572360233894,4.497036240891746,5,1,True,42,
permABC-SMC,878926.9565217391,58.2558536529541,2526915.0,167.48557925224304,0.6321060413077405,24.606149746507302,91.33953561374484,27.630901401026488,0.5920993366639997,10.334985991783164,0.6840572360233894,4.497036240891746,5,1,True,42,
permABC-SMC,880046.9565217391,58.26163126074749,2530135.0,167.50218987464905,0.6321060413077405,24.606149746507302,91.3395356137448,27.630901401026488,0.5920993366639997,10.334985991783164,0.6840572360233894,4.497036240891746,5,1,True,42,
permABC-SMC,881166.9565217391,58.26746882563052,2533355.0,167.51897287368774,0.6321060413077405,24.606149746507302,91.33953561374484,27.630901401026488,0.5920993366639997,10.334985991783164,0.6840572360233894,4.497036240891746,5,1,True,42,
permABC-SMC,882286.9565217391,58.27330481487772,2536575.0,167.53575134277344,0.6321060413077405,24.606149746507302,91.3395356137448,27.630901401026488,0.5920993366639997,10.334985991783164,0.6840572360233894,4.497036240891746,5,1,True,42,
permABC-SMC,883406.9565217391,58.27915208236031,2539795.0,167.5525622367859,0.6321060413077405,24.606149746507302,91.33953561374484,27.630901401026488,0.5920993366639997,10.334985991783164,0.6840572360233894,4.497036240891746,5,1,True,42,
permABC-SMC,882991.3194444445,58.18376060989168,2543015.0,167.56923055648804,0.6321060413077405,24.606149746507302,91.3395356137448,27.630901401026488,0.5920993366639997,10.334985991783164,0.6840572360233894,4.497036240891746,5,1,True,42,
permABC-SMC,884109.375,58.1895655228032,2546235.0,167.58594870567322,0.6321060413077405,24.606149746507302,91.33953561374484,27.630901401026488,0.5920993366639997,10.334985991783164,0.6840572360233894,4.497036240891746,5,1,True,42,
permABC-SMC,882164.3598615918,57.993957740625305,2549455.0,167.6025378704071,0.6321060413077405,24.606149746507302,91.3395356137448,27.630901401026488,0.5920993366639997,10.334985991783164,0.6840572360233894,4.497036240891746,5,1,True,42,
permABC-SMC,883278.546712803,57.99970915573279,2552675.0,167.61915946006775,0.6321060413077405,24.606149746507302,91.33953561374484,27.630901401026488,0.5920993366639997,10.334985991783164,0.6840572360233894,4.497036240891746,5,1,True,42,
permABC-SMC,884392.733564014,58.00547542044036,2555895.0,167.63582396507263,0.6321060413077405,24.606149746507302,91.3395356137448,27.630901401026488,0.5920993366639997,10.334985991783164,0.6840572360233894,4.497036240891746,5,1,True,42,
permABC-SMC,885506.9204152251,58.01120117873883,2559115.0,167.65237140655518,0.6321060413077405,24.606149746507302,91.33953561374484,27.630901401026488,0.5920993366639997,10.334985991783164,0.6840572360233894,4.497036240891746,5,1,True,42,
permABC-SMC,885089.8100172712,57.91687850095654,2562335.0,167.66936326026917,0.6321060413077405,24.606149746507302,91.3395356137448,27.630901401026488,0.5920993366639997,10.334985991783164,0.6840572360233894,4.497036240891746,5,1,True,42,
permABC-SMC,884674.1379310344,57.82273530960083,2565555.0,167.6859323978424,0.6321060413077405,24.606149746507302,91.33953561374484,27.630901401026488,0.5920993366639997,10.334985991783164,0.6840572360233894,4.497036240891746,5,1,True,42,
permABC-SMC,884259.8967297763,57.7289259577372,2568775.0,167.70252990722656,0.6321060413077405,24.606149746507302,91.3395356137448,27.630901401026488,0.5920993366639997,10.334985991783164,0.6840572360233894,4.497036240891746,5,1,True,42,
permABC-SMC,883847.0790378009,57.63543455051804,2571995.0,167.71911454200745,0.6321060413077405,24.606149746507302,91.33953561374484,27.630901401026488,0.5920993366639997,10.334985991783164,0.6840572360233894,4.497036240891746,5,1,True,42,
permABC-SMC,884953.6082474228,57.641109650077695,2575215.0,167.73562908172607,0.6321060413077405,24.606149746507302,91.3395356137448,27.630901401026488,0.5920993366639997,10.334985991783164,0.6840572360233894,4.497036240891746,5,1,True,42,
permABC-SMC,886060.1374570448,57.64677778552079,2578435.0,167.75212335586548,0.6321060413077405,24.606149746507302,91.33953561374484,27.630901401026488,0.5920993366639997,10.334985991783164,0.6840572360233894,4.497036240891746,5,1,True,42,
permABC-SMC,887166.6666666669,57.6524697628218,2581655.0,167.7686870098114,0.6321060413077405,24.606149746507302,91.3395356137448,27.630901401026488,0.5920993366639997,10.334985991783164,0.6840572360233894,4.497036240891746,5,1,True,42,
permABC-SMC,886749.5711835335,57.55925726522508,2584875.0,167.7852349281311,0.6321060413077405,24.606149746507302,91.33953561374484,27.630901401026488,0.5920993366639997,10.334985991783164,0.6840572360233894,4.497036240891746,5,1,True,42,
permABC-SMC,886333.904109589,57.46636749946907,2588095.0,167.8017930984497,0.6321060413077405,24.606149746507302,91.3395356137448,27.630901401026488,0.5920993366639997,10.334985991783164,0.6840572360233894,4.497036240891746,5,1,True,42,
permABC-SMC,884407.8498293516,57.27591099592607,2591315.0,167.81841921806335,0.6321060413077405,24.606149746507302,91.33953561374484,27.630901401026488,0.5920993366639997,10.334985991783164,0.6840572360233894,4.497036240891746,5,1,True,42,
permABC-SMC,885506.8259385666,57.28158104541767,2594535.0,167.83503246307373,0.6321060413077405,24.606149746507302,91.3395356137448,27.630901401026488,0.5920993366639997,10.334985991783164,0.6840572360233894,4.497036240891746,5,1,True,42,
permABC-SMC,886605.8020477818,57.2872350647181,2597755.0,167.85159873962402,0.6321060413077405,24.606149746507302,91.33953561374484,27.630901401026488,0.5920993366639997,10.334985991783164,0.6840572360233894,4.497036240891746,5,1,True,42,
permABC-SMC,887704.7781569968,57.292968502630565,2600975.0,167.86839771270752,0.6321060413077405,24.606149746507302,91.3395356137448,27.630901401026488,0.5920993366639997,10.334985991783164,0.6840572360233894,4.497036240891746,5,1,True,42,
permABC-SMC,888803.7542662118,57.298684608407406,2604195.0,167.88514590263367,0.6321060413077405,24.606149746507302,91.33953561374484,27.630901401026488,0.5920993366639997,10.334985991783164,0.6840572360233894,4.497036240891746,5,1,True,42,
permABC-SMC,889902.7303754268,57.304407223906544,2607415.0,167.90191316604614,0.6321060413077405,24.606149746507302,91.3395356137448,27.630901401026488,0.5920993366639997,10.334985991783164,0.6840572360233894,4.497036240891746,5,1,True,42,
permABC-SMC,891001.7064846418,57.31008492232184,2610635.0,167.91854882240295,0.6321060413077405,24.606149746507302,91.33953561374484,27.630901401026488,0.5920993366639997,10.334985991783164,0.6840572360233894,4.497036240891746,5,1,True,42,
permABC-SMC,892100.6825938568,57.31577043240389,2613855.0,167.93520736694336,0.6321060413077405,24.606149746507302,91.3395356137448,27.630901401026488,0.5920993366639997,10.334985991783164,0.6840572360233894,4.497036240891746,5,1,True,42,
permABC-SMC,890161.5646258504,57.12647194765052,2617075.0,167.95182752609253,0.6321060413077405,24.606149746507302,91.33953561374484,27.630901401026488,0.5920993366639997,10.334985991783164,0.6840572360233894,4.497036240891746,5,1,True,42,
permABC-SMC,891256.8027210884,57.13212400877557,2620295.0,167.96844458580017,0.6321060413077405,24.606149746507302,91.3395356137448,27.630901401026488,0.5920993366639997,10.334985991783164,0.6840572360233894,4.497036240891746,5,1,True,42,
permABC-SMC,892352.0408163265,57.13777420472125,2623515.0,167.9850561618805,0.6321060413077405,24.606149746507302,91.33953561374484,27.630901401026488,0.5920993366639997,10.334985991783164,0.6840572360233894,4.497036240891746,5,1,True,42,
permABC-SMC,891930.39049236,57.046672484263496,2626735.0,168.002450466156,0.6321060413077405,24.606149746507302,91.3395356137448,27.630901401026488,0.5920993366639997,10.334985991783164,0.6840572360233894,4.497036240891746,5,1,True,42,
permABC-SMC,891510.1694915255,56.95566355171851,2629955.0,168.01920747756958,0.6321060413077405,24.606149746507302,91.33953561374484,27.630901401026488,0.5920993366639997,10.334985991783164,0.6840572360233894,4.497036240891746,5,1,True,42,
permABC-SMC,892601.6949152544,56.96128562345344,2633175.0,168.03579258918762,0.6321060413077405,24.606149746507302,91.3395356137448,27.630901401026488,0.5920993366639997,10.334985991783164,0.6840572360233894,4.497036240891746,5,1,True,42,
permABC-SMC,893693.2203389832,56.96698358503439,2636395.0,168.05260157585144,0.6321060413077405,24.606149746507302,91.33953561374484,27.630901401026488,0.5920993366639997,10.334985991783164,0.6840572360233894,4.497036240891746,5,1,True,42,
permABC-SMC,893270.7275803722,56.87672305228141,2639615.0,168.07071661949158,0.6321060413077405,24.606149746507302,91.3395356137448,27.630901401026488,0.5920993366639997,10.334985991783164,0.6840572360233894,4.497036240891746,5,1,True,42,
permABC-SMC,894360.4060913706,56.88248059874662,2642835.0,168.08773016929626,0.6321060413077405,24.606149746507302,91.33953561374484,27.630901401026488,0.5920993366639997,10.334985991783164,0.6840572360233894,4.497036240891746,5,1,True,42,
permABC-SMC,895450.0846023689,56.88812793208863,2646055.0,168.1044180393219,0.6321060413077405,24.606149746507302,91.3395356137448,27.630901401026488,0.5920993366639997,10.334985991783164,0.6840572360233894,4.497036240891746,5,1,True,42,
permABC-SMC,895025.3378378378,56.7976778423464,2649275.0,168.12112641334534,0.6321060413077405,24.606149746507302,91.33953561374484,27.630901401026488,0.5920993366639997,10.334985991783164,0.6840572360233894,4.497036240891746,5,1,True,42,
permABC-SMC,896113.1756756756,56.803330215247904,2652495.0,168.1378574371338,0.6321060413077405,24.606149746507302,91.3395356137448,27.630901401026488,0.5920993366639997,10.334985991783164,0.6840572360233894,4.497036240891746,5,1,True,42,
permABC-SMC,897201.0135135135,56.808947872471165,2655715.0,168.15448570251465,0.6321060413077405,24.606149746507302,91.33953561374484,27.630901401026488,0.5920993366639997,10.334985991783164,0.6840572360233894,4.497036240891746,5,1,True,42,
permABC-SMC,898288.8513513514,56.81459315725275,2658935.0,168.17119574546814,0.6321060413077405,24.606149746507302,91.3395356137448,27.630901401026488,0.5920993366639997,10.334985991783164,0.6840572360233894,4.497036240891746,5,1,True,42,
permABC-SMC,899376.6891891891,56.82020308198155,2662155.0,168.1878011226654,0.6321060413077405,24.606149746507302,91.33953561374484,27.630901401026488,0.5920993366639997,10.334985991783164,0.6840572360233894,4.497036240891746,5,1,True,42,
permABC-SMC,900464.527027027,56.82581099303993,2665375.0,168.2044005393982,0.6321060413077405,24.606149746507302,91.3395356137448,27.630901401026488,0.5920993366639997,10.334985991783164,0.6840572360233894,4.497036240891746,5,1,True,42,
permABC-SMC,898516.8350168351,56.640067887225946,2668595.0,168.22100162506104,0.6321060413077405,24.606149746507302,91.33953561374484,27.630901401026488,0.5920993366639997,10.334985991783164,0.6840572360233894,4.497036240891746,5,1,True,42,
permABC-SMC,896582.2147651006,56.4556235435025,2671815.0,168.23775815963745,0.6321060413077405,24.606149746507302,91.3395356137448,27.630901401026488,0.5920993366639997,10.334985991783164,0.6840572360233894,4.497036240891746,5,1,True,42,
permABC-SMC,896159.1289782245,56.36666144557934,2675035.0,168.25448441505432,0.6321060413077405,24.606149746507302,91.33953561374484,27.630901401026488,0.5920993366639997,10.334985991783164,0.6840572360233894,4.497036240891746,5,1,True,42,
permABC-SMC,897237.8559463987,56.37220857131421,2678255.0,168.27104258537292,0.6321060413077405,24.606149746507302,91.3395356137448,27.630901401026488,0.5920993366639997,10.334985991783164,0.6840572360233894,4.497036240891746,5,1,True,42,
permABC-SMC,898316.5829145729,56.37773572899388,2681475.0,168.28754115104675,0.6321060413077405,24.606149746507302,91.33953561374484,27.630901401026488,0.5920993366639997,10.334985991783164,0.6840572360233894,4.497036240891746,5,1,True,42,
permABC-SMC,899395.309882747,56.38327478763446,2684695.0,168.30407524108887,0.6321060413077405,24.606149746507302,91.3395356137448,27.630901401026488,0.5920993366639997,10.334985991783164,0.6840572360233894,4.497036240891746,5,1,True,42,
permABC-SMC,898968.2274247493,56.29453316181401,2687915.0,168.32065415382385,0.6321060413077405,24.606149746507302,91.33953561374484,27.630901401026488,0.5920993366639997,10.334985991783164,0.6840572360233894,4.497036240891746,5,1,True,42,
permABC-SMC,900045.1505016724,56.30012802455737,2691135.0,168.3373827934265,0.6321060413077405,24.606149746507302,91.3395356137448,27.630901401026488,0.5920993366639997,10.334985991783164,0.6840572360233894,4.497036240891746,5,1,True,42,
permABC-SMC,899617.6961602671,56.21173306180161,2694355.0,168.35414052009585,0.6321060413077405,24.606149746507302,91.33953561374484,27.630901401026488,0.5920993366639997,10.334985991783164,0.6840572360233894,4.497036240891746,5,1,True,42,
permABC-SMC,900692.8213689482,56.21737884559696,2697575.0,168.37104964256287,0.6321060413077405,24.606149746507302,91.3395356137448,27.630901401026488,0.5920993366639997,10.334985991783164,0.6840572360233894,4.497036240891746,5,1,True,42,
permABC-SMC,901767.9465776292,56.22295457652097,2700795.0,168.3877489566803,0.6321060413077405,24.606149746507302,91.33953561374484,27.630901401026488,0.5920993366639997,10.334985991783164,0.6840572360233894,4.497036240891746,5,1,True,42,
permABC-SMC,902843.0717863104,56.22860386295987,2704015.0,168.40466856956482,0.6321060413077405,24.606149746507302,91.3395356137448,27.630901401026488,0.5920993366639997,10.334985991783164,0.6840572360233894,4.497036240891746,5,1,True,42,
permABC-SMC,903918.1969949916,56.23419432090797,2707235.0,168.42141199111938,0.6321060413077405,24.606149746507302,91.33953561374484,27.630901401026488,0.5920993366639997,10.334985991783164,0.6840572360233894,4.497036240891746,5,1,True,42,
permABC-SMC,904993.3222036728,56.23974115502257,2710455.0,168.4380247592926,0.6321060413077405,24.606149746507302,91.3395356137448,27.630901401026488,0.5920993366639997,10.334985991783164,0.6840572360233894,4.497036240891746,5,1,True,42,
permABC-SMC,904558.3333333333,56.151571591695145,2713675.0,168.45471477508545,0.6321060413077405,24.606149746507302,91.33953561374484,27.630901401026488,0.5920993366639997,10.334985991783164,0.6840572360233894,4.497036240891746,5,1,True,42,
permABC-SMC,905631.6666666666,56.15709161758423,2716895.0,168.47127485275269,0.6321060413077405,24.606149746507302,91.3395356137448,27.630901401026488,0.5920993366639997,10.334985991783164,0.6840572360233894,4.497036240891746,5,1,True,42,
permABC-SMC,905196.3394342762,56.06920707245635,2720115.0,168.48796725273132,0.6321060413077405,24.606149746507302,91.33953561374484,27.630901401026488,0.5920993366639997,10.334985991783164,0.6840572360233894,4.497036240891746,5,1,True,42,
permABC-SMC,904762.4584717609,55.98160380936936,2723335.0,168.50462746620178,0.6321060413077405,24.606149746507302,91.3395356137448,27.630901401026488,0.5920993366639997,10.334985991783164,0.6840572360233894,4.497036240891746,5,1,True,42,
permABC-SMC,904330.016583748,55.8943197304139,2726555.0,168.52137398719788,0.6321060413077405,24.606149746507302,91.33953561374484,27.630901401026488,0.5920993366639997,10.334985991783164,0.6840572360233894,4.497036240891746,5,1,True,42,
permABC-SMC,903899.0066225166,55.807315513787685,2729775.0,168.5380928516388,0.6321060413077405,24.606149746507302,91.3395356137448,27.630901401026488,0.5920993366639997,10.334985991783164,0.6840572360233894,4.497036240891746,5,1,True,42,
permABC-SMC,904965.2317880796,55.81286679829982,2732995.0,168.55485773086548,0.6321060413077405,24.606149746507302,91.33953561374484,27.630901401026488,0.5920993366639997,10.334985991783164,0.6840572360233894,4.497036240891746,5,1,True,42,
permABC-SMC,906031.4569536424,55.81840663556232,2736215.0,168.5715880393982,0.6321060413077405,24.606149746507302,91.3395356137448,27.630901401026488,0.5920993366639997,10.334985991783164,0.6840572360233894,4.497036240891746,5,1,True,42,
permABC-SMC,907097.6821192052,55.82400363012656,2739435.0,168.58849096298218,0.6321060413077405,24.606149746507302,91.33953561374484,27.630901401026488,0.5920993366639997,10.334985991783164,0.6840572360233894,4.497036240891746,5,1,True,42,
permABC-SMC,908163.9072847684,55.82957441443639,2742655.0,168.6053147315979,0.6321060413077405,24.606149746507302,91.3395356137448,27.630901401026488,0.5920993366639997,10.334985991783164,0.6840572360233894,4.497036240891746,5,1,True,42,
permABC-SMC,907727.2727272728,55.74281101384439,2745875.0,168.62200331687927,0.6321060413077405,24.606149746507302,91.33953561374484,27.630901401026488,0.5920993366639997,10.334985991783164,0.6840572360233894,4.497036240891746,5,1,True,42,
permABC-SMC,908791.73553719,55.74834035447807,2749095.0,168.63872957229614,0.6321060413077405,24.606149746507302,91.3395356137448,27.630901401026488,0.5920993366639997,10.334985991783164,0.6840572360233894,4.497036240891746,5,1,True,42,
permABC-SMC,909856.1983471076,55.75386772471026,2752315.0,168.65544986724854,0.6321060413077405,24.606149746507302,91.33953561374484,27.630901401026488,0.5920993366639997,10.334985991783164,0.6840572360233894,4.497036240891746,5,1,True,42,
permABC-SMC,910920.6611570248,55.75939225756432,2755535.0,168.67216157913208,0.6321060413077405,24.606149746507302,91.3395356137448,27.630901401026488,0.5920993366639997,10.334985991783164,0.6840572360233894,4.497036240891746,5,1,True,42,
permABC-SMC,911985.1239669422,55.764926878873965,2758755.0,168.68890380859375,0.6321060413077405,24.606149746507302,91.33953561374484,27.630901401026488,0.5920993366639997,10.334985991783164,0.6840572360233894,4.497036240891746,5,1,True,42,
permABC-SMC,913049.5867768596,55.77044825908566,2761975.0,168.70560598373413,0.6321060413077405,24.606149746507302,91.3395356137448,27.630901401026488,0.5920993366639997,10.334985991783164,0.6840572360233894,4.497036240891746,5,1,True,42,
permABC-SMC,914114.0495867768,55.77597925485659,2765195.0,168.72233724594116,0.6321060413077405,24.606149746507302,91.33953561374484,27.630901401026488,0.5920993366639997,10.334985991783164,0.6840572360233894,4.497036240891746,5,1,True,42,
permABC-SMC,915178.5123966944,55.781539727833646,2768415.0,168.73915767669678,0.6321060413077405,24.606149746507302,91.3395356137448,27.630901401026488,0.5920993366639997,10.334985991783164,0.6840572360233894,4.497036240891746,5,1,True,42,
permABC-SMC,916242.9752066116,55.78707182702939,2771635.0,168.75589227676392,0.6321060413077405,24.606149746507302,91.33953561374484,27.630901401026488,0.5920993366639997,10.334985991783164,0.6840572360233894,4.497036240891746,5,1,True,42,
permABC-SMC,917307.438016529,55.79264309780657,2774855.0,168.77274537086487,0.6321060413077405,24.606149746507302,91.3395356137448,27.630901401026488,0.5920993366639997,10.334985991783164,0.6840572360233894,4.497036240891746,5,1,True,42,
permABC-SMC,918371.9008264464,55.79818946270903,2778075.0,168.78952312469482,0.6321060413077405,24.606149746507302,91.33953561374484,27.630901401026488,0.5920993366639997,10.334985991783164,0.6840572360233894,4.497036240891746,5,1,True,42,
permABC-SMC,919436.3636363636,55.80372030084784,2781295.0,168.8062539100647,0.6321060413077405,24.606149746507302,91.3395356137448,27.630901401026488,0.5920993366639997,10.334985991783164,0.6840572360233894,4.497036240891746,5,1,True,42,
permABC-SMC,920500.8264462808,55.80924388790918,2784515.0,168.8229627609253,0.6321060413077405,24.606149746507302,91.33953561374484,27.630901401026488,0.5920993366639997,10.334985991783164,0.6840572360233894,4.497036240891746,5,1,True,42,
permABC-SMC,921565.2892561984,55.81478883412259,2787735.0,168.83973622322085,0.6321060413077405,24.606149746507302,91.3395356137448,27.630901401026488,0.5920993366639997,10.334985991783164,0.6840572360233894,4.497036240891746,5,1,True,42,
permABC-SMC,922629.7520661156,55.82035245974202,2790955.0,168.8565661907196,0.6321060413077405,24.606149746507302,91.33953561374484,27.630901401026488,0.5920993366639997,10.334985991783164,0.6840572360233894,4.497036240891746,5,1,True,42,
permABC-SMC,923694.214876033,55.8258895243495,2794175.0,168.87331581115723,0.6321060413077405,24.606149746507302,91.3395356137448,27.630901401026488,0.5920993366639997,10.334985991783164,0.6840572360233894,4.497036240891746,5,1,True,42,
permABC-SMC,924758.6776859504,55.831392540419394,2797395.0,168.88996243476868,0.6321060413077405,24.606149746507302,91.33953561374484,27.630901401026488,0.5920993366639997,10.334985991783164,0.6840572360233894,4.497036240891746,5,1,True,42,
permABC-SMC,925823.1404958676,55.83692747699328,2800615.0,168.90670561790466,0.6321060413077405,24.606149746507302,91.3395356137448,27.630901401026488,0.5920993366639997,10.334985991783164,0.6840572360233894,4.497036240891746,5,1,True,42,
permABC-SMC,926887.6033057852,55.84241370524256,2803835.0,168.92330145835876,0.6321060413077405,24.606149746507302,91.33953561374484,27.630901401026488,0.5920993366639997,10.334985991783164,0.6840572360233894,4.497036240891746,5,1,True,42,
permABC-SMC,926420.792079208,55.755815568930245,2807055.0,168.94012117385864,0.6321060413077405,24.606149746507302,91.3395356137448,27.630901401026488,0.5920993366639997,10.334985991783164,0.6840572360233894,4.497036240891746,5,1,True,42,
permABC-SMC,927483.498349835,55.76131666454152,2810275.0,168.9567894935608,0.6321060413077405,24.606149746507302,91.33953561374484,27.630901401026488,0.5920993366639997,10.334985991783164,0.6840572360233894,4.497036240891746,5,1,True,42,
permABC-SMC,928546.204620462,55.76681075709882,2813495.0,168.9734365940094,0.6321060413077405,24.606149746507302,91.3395356137448,27.630901401026488,0.5920993366639997,10.334985991783164,0.6840572360233894,4.497036240891746,5,1,True,42,
permABC-SMC,929608.9108910892,55.772296587626144,2816715.0,168.9900586605072,0.6321060413077405,24.606149746507302,91.33953561374484,27.630901401026488,0.5920993366639997,10.334985991783164,0.6840572360233894,4.497036240891746,5,1,True,42,
permABC-SMC,930671.6171617162,55.77777887728348,2819935.0,169.00666999816897,0.6321060413077405,24.606149746507302,91.3395356137448,27.630901401026488,0.5920993366639997,10.334985991783164,0.6840572360233894,4.497036240891746,5,1,True,42,
permABC-SMC,931734.3234323432,55.78332088961459,2823155.0,169.02346229553223,0.6321060413077405,24.606149746507302,91.33953561374484,27.630901401026488,0.5920993366639997,10.334985991783164,0.6840572360233894,4.497036240891746,5,1,True,42,
permABC-SMC,932797.0297029704,55.78893844050543,2826375.0,169.04048347473145,0.6321060413077405,24.606149746507302,91.3395356137448,27.630901401026488,0.5920993366639997,10.334985991783164,0.6840572360233894,4.497036240891746,5,1,True,42,
permABC-SMC,932321.252059308,55.702566118570296,2829595.0,169.05728816986084,0.6321060413077405,24.606149746507302,91.33953561374484,27.630901401026488,0.5920993366639997,10.334985991783164,0.6840572360233894,4.497036240891746,5,1,True,42,
permABC-SMC,933382.2075782536,55.708116911584895,2832815.0,169.07413482666016,0.6321060413077405,24.606149746507302,91.3395356137448,27.630901401026488,0.5920993366639997,10.334985991783164,0.6840572360233894,4.497036240891746,5,1,True,42,
permABC-SMC,934443.1630971992,55.71363667483384,2836035.0,169.09088730812073,0.6321060413077405,24.606149746507302,91.33953561374484,27.630901401026488,0.5920993366639997,10.334985991783164,0.6840572360233894,4.497036240891746,5,1,True,42,
permABC-SMC,935504.118616145,55.719152510264365,2839255.0,169.10762786865234,0.6321060413077405,24.606149746507302,91.3395356137448,27.630901401026488,0.5920993366639997,10.334985991783164,0.6840572360233894,4.497036240891746,5,1,True,42,
permABC-SMC,936565.0741350908,55.7246866493288,2842475.0,169.1244239807129,0.6321060413077405,24.606149746507302,91.33953561374484,27.630901401026488,0.5920993366639997,10.334985991783164,0.6840572360233894,4.497036240891746,5,1,True,42,
permABC-SMC,937626.0296540362,55.73018048897607,2845695.0,169.14109778404236,0.6321060413077405,24.606149746507302,91.3395356137448,27.630901401026488,0.5920993366639997,10.334985991783164,0.6840572360233894,4.497036240891746,5,1,True,42,
permABC-SMC,938686.985172982,55.73567534985613,2848915.0,169.15777468681335,0.6321060413077405,24.606149746507302,91.33953561374484,27.630901401026488,0.5920993366639997,10.334985991783164,0.6840572360233894,4.497036240891746,5,1,True,42,
permABC-SMC,939747.9406919276,55.741212238393466,2852135.0,169.17457914352417,0.6321060413077405,24.606149746507302,91.3395356137448,27.630901401026488,0.5920993366639997,10.334985991783164,0.6840572360233894,4.497036240891746,5,1,True,42,
permABC-SMC,940808.8962108732,55.74688157296848,2855355.0,169.19178557395935,0.6321060413077405,24.606149746507302,91.33953561374484,27.630901401026488,0.5920993366639997,10.334985991783164,0.6840572360233894,4.497036240891746,5,1,True,42,
permABC-SMC,941869.8517298189,55.75239976509006,2858575.0,169.20853328704834,0.6321060413077405,24.606149746507302,91.3395356137448,27.630901401026488,0.5920993366639997,10.334985991783164,0.6840572360233894,4.497036240891746,5,1,True,42,
permABC-SMC,939834.1543513956,55.57478738731548,2861795.0,169.2252275943756,0.6321060413077405,24.606149746507302,91.33953561374484,27.630901401026488,0.5920993366639997,10.334985991783164,0.6840572360233894,4.497036240891746,5,1,True,42,
permABC-SMC,940891.6256157636,55.58024642894225,2865015.0,169.24185037612915,0.6321060413077405,24.606149746507302,91.3395356137448,27.630901401026488,0.5920993366639997,10.334985991783164,0.6840572360233894,4.497036240891746,5,1,True,42,
permABC-SMC,941949.0968801314,55.5857319354228,2868235.0,169.25855374336243,0.6321060413077405,24.606149746507302,91.33953561374484,27.630901401026488,0.5920993366639997,10.334985991783164,0.6840572360233894,4.497036240891746,5,1,True,42,
permABC-SMC,943006.5681444992,55.59125236298259,2871455.0,169.27536344528198,0.6321060413077405,24.606149746507302,91.3395356137448,27.630901401026488,0.5920993366639997,10.334985991783164,0.6840572360233894,4.497036240891746,5,1,True,42,
permABC-SMC,944064.039408867,55.59673011792313,2874675.0,169.29204320907593,0.6321060413077405,24.606149746507302,91.33953561374484,27.630901401026488,0.5920993366639997,10.334985991783164,0.6840572360233894,4.497036240891746,5,1,True,42,
permABC-SMC,945121.5106732348,55.602215154613376,2877895.0,169.30874514579773,0.6321060413077405,24.606149746507302,91.3395356137448,27.630901401026488,0.5920993366639997,10.334985991783164,0.6840572360233894,4.497036240891746,5,1,True,42,
permABC-SMC,946178.9819376026,55.60774043667297,2881115.0,169.3255696296692,0.6321060413077405,24.606149746507302,91.33953561374484,27.630901401026488,0.5920993366639997,10.334985991783164,0.6840572360233894,4.497036240891746,5,1,True,42,
permABC-SMC,945683.606557377,55.522076653652505,2884335.0,169.34233379364014,0.6321060413077405,24.606149746507302,91.3395356137448,27.630901401026488,0.5920993366639997,10.334985991783164,0.6840572360233894,4.497036240891746,5,1,True,42,
permABC-SMC,946739.344262295,55.52751275359607,2887555.0,169.35891389846802,0.6321060413077405,24.606149746507302,91.33953561374484,27.630901401026488,0.5920993366639997,10.334985991783164,0.6840572360233894,4.497036240891746,5,1,True,42,
permABC-SMC,947795.0819672132,55.53302131715368,2890775.0,169.37571501731873,0.6321060413077405,24.606149746507302,91.3395356137448,27.630901401026488,0.5920993366639997,10.334985991783164,0.6840572360233894,4.497036240891746,5,1,True,42,
permABC-SMC,948850.8196721312,55.538577877107215,2893995.0,169.392662525177,0.6321060413077405,24.606149746507302,91.33953561374484,27.630901401026488,0.5920993366639997,10.334985991783164,0.6840572360233894,4.497036240891746,5,1,True,42,
permABC-SMC,948351.8821603928,55.45309358649871,2897215.0,169.40920090675354,0.6321060413077405,24.606149746507302,91.3395356137448,27.630901401026488,0.5920993366639997,10.334985991783164,0.6840572360233894,4.497036240891746,5,1,True,42,
permABC-SMC,949405.8919803604,55.4585120486745,2900435.0,169.42575430870056,0.6321060413077405,24.606149746507302,91.33953561374484,27.630901401026488,0.5920993366639997,10.334985991783164,0.6840572360233894,4.497036240891746,5,1,True,42,
permABC-SMC,948906.862745098,55.373316730549135,2903655.0,169.44234919548035,0.6321060413077405,24.606149746507302,91.3395356137448,27.630901401026488,0.5920993366639997,10.334985991783164,0.6840572360233894,4.497036240891746,5,1,True,42,
permABC-SMC,949959.1503267974,55.37874877842423,2906875.0,169.45897126197815,0.6321060413077405,24.606149746507302,91.33953561374484,27.630901401026488,0.5920993366639997,10.334985991783164,0.6840572360233894,4.497036240891746,5,1,True,42,
permABC-SMC,951011.4379084968,55.384159555622176,2910095.0,169.47552824020386,0.6321060413077405,24.606149746507302,91.3395356137448,27.630901401026488,0.5920993366639997,10.334985991783164,0.6840572360233894,4.497036240891746,5,1,True,42,
permABC-SMC,950510.6035889068,55.29921548790488,2913315.0,169.49209547042847,0.6321060413077405,24.606149746507302,91.33953561374484,27.630901401026488,0.5920993366639997,10.334985991783164,0.6840572360233894,4.497036240891746,5,1,True,42,
permABC-SMC,948466.6666666667,55.12479805364841,2916535.0,169.50875401496887,0.6321060413077405,24.606149746507302,91.3395356137448,27.630901401026488,0.5920993366639997,10.334985991783164,0.6840572360233894,4.497036240891746,5,1,True,42,
permABC-SMC,947972.4025974026,55.04068623889576,2919755.0,169.52531361579895,0.6321060413077405,24.606149746507302,91.33953561374484,27.630901401026488,0.5920993366639997,10.334985991783164,0.6840572360233894,4.497036240891746,5,1,True,42,
permABC-SMC,947479.7406807132,54.95686878841159,2922975.0,169.54194021224976,0.6321060413077405,24.606149746507302,91.3395356137448,27.630901401026488,0.5920993366639997,10.334985991783164,0.6840572360233894,4.497036240891746,5,1,True,42,
permABC-SMC,948523.5008103728,54.96234762417439,2926195.0,169.558842420578,0.6321060413077405,24.606149746507302,91.33953561374484,27.630901401026488,0.5920993366639997,10.334985991783164,0.6840572360233894,4.497036240891746,5,1,True,42,
permABC-SMC,948030.7443365696,54.87879865763642,2929415.0,169.57548785209656,0.6321060413077405,24.606149746507302,91.3395356137448,27.630901401026488,0.5920993366639997,10.334985991783164,0.6840572360233894,4.497036240891746,5,1,True,42,
permABC-SMC,947539.57996769,54.79551170484701,2932635.0,169.59210872650146,0.6321060413077405,24.606149746507302,91.33953561374484,27.630901401026488,0.5920993366639997,10.334985991783164,0.6840572360233894,4.497036240891746,5,1,True,42,
permABC-SMC,948579.9676898224,54.80085536235755,2935855.0,169.60864734649658,0.6321060413077405,24.606149746507302,91.3395356137448,27.630901401026488,0.5920993366639997,10.334985991783164,0.6840572360233894,4.497036240891746,5,1,True,42,
permABC-SMC,949620.3554119548,54.80624323707791,2939075.0,169.6253228187561,0.6321060413077405,24.606149746507302,91.33953561374484,27.630901401026488,0.5920993366639997,10.334985991783164,0.6840572360233894,4.497036240891746,5,1,True,42,
permABC-SMC,949127.4193548388,54.7232457130186,2942295.0,169.64206171035767,0.6321060413077405,24.606149746507302,91.3395356137448,27.630901401026488,0.5920993366639997,10.334985991783164,0.6840572360233894,4.497036240891746,5,1,True,42,
permABC-SMC,950166.129032258,54.72861889869936,2945515.0,169.65871858596802,0.6321060413077405,24.606149746507302,91.33953561374484,27.630901401026488,0.5920993366639997,10.334985991783164,0.6840572360233894,4.497036240891746,5,1,True,42,
permABC-SMC,949673.1078904992,54.646789701280575,2948735.0,169.6782820224762,0.6321060413077405,24.606149746507302,91.3395356137448,27.630901401026488,0.5920993366639997,10.334985991783164,0.6840572360233894,4.497036240891746,5,1,True,42,
permABC-SMC,947658.1059390048,54.47710911305337,2951955.0,169.69619488716123,0.6321060413077405,24.606149746507302,91.33953561374484,27.630901401026488,0.5920993366639997,10.334985991783164,0.6840572360233894,4.497036240891746,5,1,True,42,
permABC-SMC,948691.8138041731,54.48249232137567,2955175.0,169.7129635810852,0.6321060413077405,24.606149746507302,91.3395356137448,27.630901401026488,0.5920993366639997,10.334985991783164,0.6840572360233894,4.497036240891746,5,1,True,42,
permABC-SMC,949725.521669342,54.487870401593696,2958395.0,169.72971630096436,0.6321060413077405,24.606149746507302,91.33953561374484,27.630901401026488,0.5920993366639997,10.334985991783164,0.6840572360233894,4.497036240891746,5,1,True,42,
permABC-SMC,949235.5769230768,54.40592353160565,2961615.0,169.74648141860962,0.6321060413077405,24.606149746507302,91.3395356137448,27.630901401026488,0.5920993366639997,10.334985991783164,0.6840572360233894,4.497036240891746,5,1,True,42,
permABC-SMC,950267.628205128,54.411315535887695,2964835.0,169.7633044719696,0.6321060413077405,24.606149746507302,91.33953561374484,27.630901401026488,0.5920993366639997,10.334985991783164,0.6840572360233894,4.497036240891746,5,1,True,42,
permABC-SMC,949777.6,54.329625854492186,2968055.0,169.7800807952881,0.6321060413077405,24.606149746507302,91.3395356137448,27.630901401026488,0.5920993366639997,10.334985991783164,0.6840572360233894,4.497036240891746,5,1,True,42,
permABC-SMC,949289.1373801916,54.2481710354741,2971275.0,169.79677534103394,0.6321060413077405,24.606149746507302,91.33953561374484,27.630901401026488,0.5920993366639997,10.334985991783164,0.6840572360233894,4.497036240891746,5,1,True,42,
permABC-SMC,950317.891373802,54.253526312855485,2974495.0,169.81353735923767,0.6321060413077405,24.606149746507302,91.3395356137448,27.630901401026488,0.5920993366639997,10.334985991783164,0.6840572360233894,4.497036240891746,5,1,True,42,
permABC-SMC,951346.645367412,54.258902537556125,2977715.0,169.83036494255066,0.6321060413077405,24.606149746507302,91.33953561374484,27.630901401026488,0.5920993366639997,10.334985991783164,0.6840572360233894,4.497036240891746,5,1,True,42,
permABC-SMC,952375.3993610224,54.264259719239256,2980935.0,169.84713292121887,0.6321060413077405,24.606149746507302,91.3395356137448,27.630901401026488,0.5920993366639997,10.334985991783164,0.6840572360233894,4.497036240891746,5,1,True,42,
permABC-SMC,951883.5725677832,54.18300894839152,2984155.0,169.8637330532074,0.6321060413077405,24.606149746507302,91.33953561374484,27.630901401026488,0.5920993366639997,10.334985991783164,0.6840572360233894,4.497036240891746,5,1,True,42,
permABC-SMC,952910.6858054226,54.18829050931063,2987375.0,169.88029074668884,0.6321060413077405,24.606149746507302,91.3395356137448,27.630901401026488,0.5920993366639997,10.334985991783164,0.6840572360233894,4.497036240891746,5,1,True,42,
permABC-SMC,953937.7990430624,54.19358309756436,2990595.0,169.89688301086426,0.6321060413077405,24.606149746507302,91.33953561374484,27.630901401026488,0.5920993366639997,10.334985991783164,0.6840572360233894,4.497036240891746,5,1,True,42,
permABC-SMC,953444.2675159236,54.11258571466823,2993815.0,169.91351914405823,0.6321060413077405,24.606149746507302,91.3395356137448,27.630901401026488,0.5920993366639997,10.334985991783164,0.6840572360233894,4.497036240891746,5,1,True,42,
permABC-SMC,952952.3052464228,54.03184632997255,2997035.0,169.93015670776367,0.6321060413077405,24.606149746507302,91.33953561374484,27.630901401026488,0.5920993366639997,10.334985991783164,0.6840572360233894,4.497036240891746,5,1,True,42,
permABC-SMC,949447.7848101264,53.78059322320963,3000255.0,169.9466745853424,0.6321060413077405,24.606149746507302,91.3395356137448,27.630901401026488,0.5920993366639997,10.334985991783164,0.6840572360233894,4.497036240891746,5,1,True,42,
permABC-SMC,950466.7721518988,53.78584175170222,3003475.0,169.96325993537903,0.6321060413077405,24.606149746507302,91.33953561374484,27.630901401026488,0.5920993366639997,10.334985991783164,0.6840572360233894,4.497036240891746,5,1,True,42,
permABC-SMC,951485.7594936708,53.79108484787277,3006695.0,169.97982811927795,0.6321060413077405,24.606149746507302,91.3395356137448,27.630901401026488,0.5920993366639997,10.334985991783164,0.6840572360233894,4.497036240891746,5,1,True,42,
permABC-SMC,952504.7468354432,53.79635887809946,3009915.0,169.9964940547943,0.6321060413077405,24.606149746507302,91.33953561374484,27.630901401026488,0.5920993366639997,10.334985991783164,0.6840572360233894,4.497036240891746,5,1,True,42,
permABC-SMC,952017.3775671404,53.71660741772885,3013135.0,170.01306247711182,0.6321060413077405,24.606149746507302,91.3395356137448,27.630901401026488,0.5920993366639997,10.334985991783164,0.6840572360233894,4.497036240891746,5,1,True,42,
permABC-SMC,953034.7551342812,53.72186121405772,3016355.0,170.02969074249268,0.6321060413077405,24.606149746507302,91.33953561374484,27.630901401026488,0.5920993366639997,10.334985991783164,0.6840572360233894,4.497036240891746,5,1,True,42,
permABC-SMC,954052.1327014216,53.72709828718767,3019575.0,170.04626607894895,0.6321060413077405,24.606149746507302,91.3395356137448,27.630901401026488,0.5920993366639997,10.334985991783164,0.6840572360233894,4.497036240891746,5,1,True,42,
permABC-SMC,955069.5102685624,53.7323428932901,3022795.0,170.06286525726318,0.6321060413077405,24.606149746507302,91.33953561374484,27.630901401026488,0.5920993366639997,10.334985991783164,0.6840572360233894,4.497036240891746,5,1,True,42,
permABC-SMC,956086.887835703,53.73760761242907,3026015.0,170.079528093338,0.6321060413077405,24.606149746507302,91.3395356137448,27.630901401026488,0.5920993366639997,10.334985991783164,0.6840572360233894,4.497036240891746,5,1,True,42,
permABC-SMC,955594.6372239748,53.658064532355176,3029235.0,170.09606456756592,0.6321060413077405,24.606149746507302,91.33953561374484,27.630901401026488,0.5920993366639997,10.334985991783164,0.6840572360233894,4.497036240891746,5,1,True,42,
permABC-SMC,956610.4100946372,53.66327529449944,3032455.0,170.11258268356323,0.6321060413077405,24.606149746507302,91.3395356137448,27.630901401026488,0.5920993366639997,10.334985991783164,0.6840572360233894,4.497036240891746,5,1,True,42,
permABC-SMC,957626.1829652996,53.668544645941225,3035675.0,170.12928652763367,0.6321060413077405,24.606149746507302,91.33953561374484,27.630901401026488,0.5920993366639997,10.334985991783164,0.6840572360233894,4.497036240891746,5,1,True,42,
permABC-SMC,958641.955835962,53.67378857609601,3038895.0,170.14590978622437,0.6321060413077405,24.606149746507302,91.3395356137448,27.630901401026488,0.5920993366639997,10.334985991783164,0.6840572360233894,4.497036240891746,5,1,True,42,
permABC-SMC,958146.4566929134,53.59452127471684,3042115.0,170.16260504722595,0.6321060413077405,24.606149746507302,91.33953561374484,27.630901401026488,0.5920993366639997,10.334985991783164,0.6840572360233894,4.497036240891746,5,1,True,42,
permABC-SMC,959160.62992126,53.60006384962187,3045335.0,170.18020272254944,0.6321060413077405,24.606149746507302,91.3395356137448,27.630901401026488,0.5920993366639997,10.334985991783164,0.6840572360233894,4.497036240891746,5,1,True,42,
permABC-SMC,960174.8031496065,53.60532978388268,3048555.0,170.19692206382751,0.6321060413077405,24.606149746507302,91.33953561374484,27.630901401026488,0.5920993366639997,10.334985991783164,0.6840572360233894,4.497036240891746,5,1,True,42,
permABC-SMC,959677.6729559748,53.52630187880318,3051775.0,170.21363997459412,0.6321060413077405,24.606149746507302,91.3395356137448,27.630901401026488,0.5920993366639997,10.334985991783164,0.6840572360233894,4.497036240891746,5,1,True,42,
permABC-SMC,960690.251572327,53.53151904711934,3054995.0,170.23023056983948,0.6321060413077405,24.606149746507302,91.33953561374484,27.630901401026488,0.5920993366639997,10.334985991783164,0.6840572360233894,4.497036240891746,5,1,True,42,
permABC-SMC,961702.8301886792,53.53675315964897,3058215.0,170.24687504768372,0.6321060413077405,24.606149746507302,91.3395356137448,27.630901401026488,0.5920993366639997,10.334985991783164,0.6840572360233894,4.497036240891746,5,1,True,42,
permABC-SMC,962715.4088050314,53.5419764008912,3061435.0,170.26348495483398,0.6321060413077405,24.606149746507302,91.33953561374484,27.630901401026488,0.5920993366639997,10.334985991783164,0.6840572360233894,4.497036240891746,5,1,True,42,
permABC-SMC,962215.070643642,53.46313091799078,3064655.0,170.28007197380066,0.6321060413077405,24.606149746507302,91.3395356137448,27.630901401026488,0.5920993366639997,10.334985991783164,0.6840572360233894,4.497036240891746,5,1,True,42,
permABC-SMC,963226.0596546312,53.46834333949786,3067875.0,170.29667353630066,0.6321060413077405,24.606149746507302,91.33953561374484,27.630901401026488,0.5920993366639997,10.334985991783164,0.6840572360233894,4.497036240891746,5,1,True,42,
permABC-SMC,962725.7053291536,53.38972205278642,3071095.0,170.31321334838867,0.6321060413077405,24.606149746507302,91.3395356137448,27.630901401026488,0.5920993366639997,10.334985991783164,0.6840572360233894,4.497036240891746,5,1,True,42,
permABC-SMC,963735.1097178684,53.39494947355743,3074315.0,170.3298888206482,0.6321060413077405,24.606149746507302,91.33953561374484,27.630901401026488,0.5920993366639997,10.334985991783164,0.6840572360233894,4.497036240891746,5,1,True,42,
permABC-SMC,964744.5141065832,53.40012375463887,3077535.0,170.34639477729797,0.6321060413077405,24.606149746507302,91.3395356137448,27.630901401026488,0.5920993366639997,10.334985991783164,0.6840572360233894,4.497036240891746,5,1,True,42,
permABC-SMC,965753.918495298,53.40528891751759,3080755.0,170.3628716468811,0.6321060413077405,24.606149746507302,91.33953561374484,27.630901401026488,0.5920993366639997,10.334985991783164,0.6840572360233894,4.497036240891746,5,1,True,42,
permABC-SMC,966763.3228840124,53.41047799699359,3083975.0,170.37942481040955,0.6321060413077405,24.606149746507302,91.3395356137448,27.630901401026488,0.5920993366639997,10.334985991783164,0.6840572360233894,4.497036240891746,5,1,True,42,
permABC-SMC,967772.7272727272,53.415678885289495,3087195.0,170.3960156440735,0.6321060413077405,24.606149746507302,91.33953561374484,27.630901401026488,0.5920993366639997,10.334985991783164,0.6840572360233894,4.497036240891746,5,1,True,42,
permABC-SMC,968782.131661442,53.42089322667137,3090415.0,170.4126493930817,0.6321060413077405,24.606149746507302,91.3395356137448,27.630901401026488,0.5920993366639997,10.334985991783164,0.6840572360233894,4.497036240891746,5,1,True,42,
permABC-SMC,968273.8654147104,53.34244140063839,3093635.0,170.42910027503967,0.6321060413077405,24.606149746507302,91.33953561374484,27.630901401026488,0.5920993366639997,10.334985991783164,0.6840572360233894,4.497036240891746,5,1,True,42,
permABC-SMC,969281.6901408448,53.34762698607825,3096855.0,170.44566822052002,0.6321060413077405,24.606149746507302,91.3395356137448,27.630901401026488,0.5920993366639997,10.334985991783164,0.6840572360233894,4.497036240891746,5,1,True,42,
permABC-SMC,970289.5148669796,53.35278615518728,3100075.0,170.46215176582336,0.6321060413077405,24.606149746507302,91.33953561374484,27.630901401026488,0.5920993366639997,10.334985991783164,0.6840572360233894,4.497036240891746,5,1,True,42,
permABC-SMC,971297.339593114,53.35796838261898,3103295.0,170.47870898246765,0.6321060413077405,24.606149746507302,91.3395356137448,27.630901401026488,0.5920993366639997,10.334985991783164,0.6840572360233894,4.497036240891746,5,1,True,42,
permABC-SMC,970785.9375,53.27979512512684,3106515.0,170.49534440040588,0.6321060413077405,24.606149746507302,91.33953561374484,27.630901401026488,0.5920993366639997,10.334985991783164,0.6840572360233894,4.497036240891746,5,1,True,42,
permABC-SMC,971792.1875,53.28498147428036,3109735.0,170.51194071769714,0.6321060413077405,24.606149746507302,91.3395356137448,27.630901401026488,0.5920993366639997,10.334985991783164,0.6840572360233894,4.497036240891746,5,1,True,42,
permABC-SMC,971280.8112324493,53.207039200757485,3112955.0,170.5285606384277,0.6321060413077405,24.606149746507302,91.33953561374484,27.630901401026488,0.5920993366639997,10.334985991783164,0.6840572360233894,4.497036240891746,5,1,True,42,
permABC-SMC,972285.4914196568,53.212273846178455,3116175.0,170.54533767700195,0.6321060413077405,24.606149746507302,91.3395356137448,27.630901401026488,0.5920993366639997,10.334985991783164,0.6840572360233894,4.497036240891746,5,1,True,42,
permABC-SMC,970262.830482115,53.0521362417408,3119395.0,170.56261801719666,0.6321060413077405,24.606149746507302,91.33953561374484,27.630901401026488,0.5920993366639997,10.334985991783164,0.6840572360233894,4.497036240891746,5,1,True,42,
permABC-SMC,971264.3856920684,53.05731478226871,3122615.0,170.5792670249939,0.6321060413077405,24.606149746507302,91.3395356137448,27.630901401026488,0.5920993366639997,10.334985991783164,0.6840572360233894,4.497036240891746,5,1,True,42,
permABC-SMC,972265.9409020216,53.062568445042544,3125835.0,170.59615755081177,0.6321060413077405,24.606149746507302,91.33953561374484,27.630901401026488,0.5920993366639997,10.334985991783164,0.6840572360233894,4.497036240891746,5,1,True,42,
permABC-SMC,973267.496111975,53.06772777859938,3129055.0,170.61274480819702,0.6321060413077405,24.606149746507302,91.3395356137448,27.630901401026488,0.5920993366639997,10.334985991783164,0.6840572360233894,4.497036240891746,5,1,True,42,
permABC-SMC,974269.0513219284,53.0728894852183,3132275.0,170.6293396949768,0.6321060413077405,24.606149746507302,91.33953561374484,27.630901401026488,0.5920993366639997,10.334985991783164,0.6840572360233894,4.497036240891746,5,1,True,42,
permABC-SMC,975270.6065318816,53.07804303443636,3135495.0,170.6459083557129,0.6321060413077405,24.606149746507302,91.3395356137448,27.630901401026488,0.5920993366639997,10.334985991783164,0.6840572360233894,4.497036240891746,5,1,True,42,
permABC-SMC,976272.1617418352,53.0832424875737,3138715.0,170.66262459754944,0.6321060413077405,24.606149746507302,91.33953561374484,27.630901401026488,0.5920993366639997,10.334985991783164,0.6840572360233894,4.497036240891746,5,1,True,42,
permABC-SMC,977273.7169517884,53.08843029787529,3141935.0,170.67930340766907,0.6321060413077405,24.606149746507302,91.3395356137448,27.630901401026488,0.5920993366639997,10.334985991783164,0.6840572360233894,4.497036240891746,5,1,True,42,
permABC-SMC,978275.2721617416,53.093598456256686,3145155.0,170.69591903686523,0.6321060413077405,24.606149746507302,91.33953561374484,27.630901401026488,0.5920993366639997,10.334985991783164,0.6840572360233894,4.497036240891746,5,1,True,42,
permABC-SMC,979276.8273716952,53.0987952396992,3148375.0,170.7126266956329,0.6321060413077405,24.606149746507302,91.3395356137448,27.630901401026488,0.5920993366639997,10.334985991783164,0.6840572360233894,4.497036240891746,5,1,True,42,
permABC-SMC,980278.3825816484,53.10394018656729,3151595.0,170.72916769981384,0.6321060413077405,24.606149746507302,91.33953561374484,27.630901401026488,0.5920993366639997,10.334985991783164,0.6840572360233894,4.497036240891746,5,1,True,42,
permABC-SMC,981279.9377916018,53.1091215451064,3154815.0,170.7458257675171,0.6321060413077405,24.606149746507302,91.3395356137448,27.630901401026488,0.5920993366639997,10.334985991783164,0.6840572360233894,4.497036240891746,5,1,True,42,
permABC-SMC,977719.814241486,52.867637403978286,3158035.0,170.76246881484985,0.6321060413077405,24.606149746507302,91.33953561374484,27.630901401026488,0.5920993366639997,10.334985991783164,0.6840572360233894,4.497036240891746,5,1,True,42,
permABC-SMC,978716.718266254,52.87277152294714,3161255.0,170.77905201911926,0.6321060413077405,24.606149746507302,91.3395356137448,27.630901401026488,0.5920993366639997,10.334985991783164,0.6840572360233894,4.497036240891746,5,1,True,42,
permABC-SMC,979713.6222910216,52.877947863410505,3164475.0,170.79577159881592,0.6321060413077405,24.606149746507302,91.33953561374484,27.630901401026488,0.5920993366639997,10.334985991783164,0.6840572360233894,4.497036240891746,5,1,True,42,
permABC-SMC,980710.5263157894,52.88310582423727,3167695.0,170.81243181228638,0.6321060413077405,24.606149746507302,91.3395356137448,27.630901401026488,0.5920993366639997,10.334985991783164,0.6840572360233894,4.497036240891746,5,1,True,42,
permABC-SMC,981707.4303405572,52.88830563748953,3170915.0,170.8292272090912,0.6321060413077405,24.606149746507302,91.33953561374484,27.630901401026488,0.5920993366639997,10.334985991783164,0.6840572360233894,4.497036240891746,5,1,True,42,
permABC-SMC,982704.334365325,52.89366739822246,3174135.0,170.84654569625854,0.6321060413077405,24.606149746507302,91.3395356137448,27.630901401026488,0.5920993366639997,10.334985991783164,0.6840572360233894,4.497036240891746,5,1,True,42,
permABC-SMC,983701.2383900929,52.89886366841225,3177355.0,170.86332964897156,0.6321060413077405,24.606149746507302,91.33953561374484,27.630901401026488,0.5920993366639997,10.334985991783164,0.6840572360233894,4.497036240891746,5,1,True,42,
permABC-SMC,983176.1978361668,52.82225660415484,3180575.0,170.88000011444092,0.6321060413077405,24.606149746507302,91.3395356137448,27.630901401026488,0.5920993366639997,10.334985991783164,0.6840572360233894,4.497036240891746,5,1,True,42,
permABC-SMC,984171.5610510044,52.827427597281726,3183795.0,170.89672827720642,0.6321060413077405,24.606149746507302,91.33953561374484,27.630901401026488,0.5920993366639997,10.334985991783164,0.6840572360233894,4.497036240891746,5,1,True,42,
permABC-SMC,985166.9242658422,52.832608760969336,3187015.0,170.91348934173584,0.6321060413077405,24.606149746507302,91.3395356137448,27.630901401026488,0.5920993366639997,10.334985991783164,0.6840572360233894,4.497036240891746,5,1,True,42,
permABC-SMC,986162.28748068,52.83777886969965,3190235.0,170.9302146434784,0.6321060413077405,24.606149746507302,91.33953561374484,27.630901401026488,0.5920993366639997,10.334985991783164,0.6840572360233894,4.497036240891746,5,1,True,42,
permABC-SMC,987157.6506955175,52.84293674427722,3193455.0,170.94690036773682,0.6321060413077405,24.606149746507302,91.3395356137448,27.630901401026488,0.5920993366639997,10.334985991783164,0.6840572360233894,4.497036240891746,5,1,True,42,
permABC-SMC,988153.0139103552,52.84812793112611,3196675.0,170.963693857193,0.6321060413077405,24.606149746507302,91.33953561374484,27.630901401026488,0.5920993366639997,10.334985991783164,0.6840572360233894,4.497036240891746,5,1,True,42,
permABC-SMC,989148.377125193,52.85326951806659,3199895.0,170.98032689094543,0.6321060413077405,24.606149746507302,91.3395356137448,27.630901401026488,0.5920993366639997,10.334985991783164,0.6840572360233894,4.497036240891746,5,1,True,42,
permABC-SMC,988615.7407407408,52.77686972676972,3203115.0,170.9970579147339,0.6321060413077405,24.606149746507302,91.33953561374484,27.630901401026488,0.5920993366639997,10.334985991783164,0.6840572360233894,4.497036240891746,5,1,True,42,
permABC-SMC,989609.5679012344,52.782025749300736,3206335.0,171.01376342773438,0.6321060413077405,24.606149746507302,91.3395356137448,27.630901401026488,0.5920993366639997,10.334985991783164,0.6840572360233894,4.497036240891746,5,1,True,42,
permABC-SMC,990603.3950617284,52.78719678337191,3209555.0,171.030517578125,0.6321060413077405,24.606149746507302,91.33953561374484,27.630901401026488,0.5920993366639997,10.334985991783164,0.6840572360233894,4.497036240891746,5,1,True,42,
permABC-SMC,991597.222222222,52.79237083446833,3212775.0,171.04728150367737,0.6321060413077405,24.606149746507302,91.3395356137448,27.630901401026488,0.5920993366639997,10.334985991783164,0.6840572360233894,4.497036240891746,5,1,True,42,
permABC-SMC,992591.049382716,52.79751817385356,3215995.0,171.06395888328552,0.6321060413077405,24.606149746507302,91.33953561374484,27.630901401026488,0.5920993366639997,10.334985991783164,0.6840572360233894,4.497036240891746,5,1,True,42,
permABC-SMC,992053.9291217258,52.72130334322184,3219215.0,171.08062934875488,0.6321060413077405,24.606149746507302,91.3395356137448,27.630901401026488,0.5920993366639997,10.334985991783164,0.6840572360233894,4.497036240891746,5,1,True,42,
permABC-SMC,993046.2249614792,52.726436138887806,3222435.0,171.09728527069092,0.6321060413077405,24.606149746507302,91.33953561374484,27.630901401026488,0.5920993366639997,10.334985991783164,0.6840572360233894,4.497036240891746,5,1,True,42,
permABC-SMC,994038.5208012328,52.73157025706052,3225655.0,171.11394548416138,0.6321060413077405,24.606149746507302,91.3395356137448,27.630901401026488,0.5920993366639997,10.334985991783164,0.6840572360233894,4.497036240891746,5,1,True,42,
permABC-SMC,995030.816640986,52.73672178823885,3228875.0,171.13066220283508,0.6321060413077405,24.606149746507302,91.33953561374484,27.630901401026488,0.5920993366639997,10.334985991783164,0.6840572360233894,4.497036240891746,5,1,True,42,
permABC-SMC,996023.1124807396,52.74182629695475,3232095.0,171.14722633361816,0.6321060413077405,24.606149746507302,91.3395356137448,27.630901401026488,0.5920993366639997,10.334985991783164,0.6840572360233894,4.497036240891746,5,1,True,42,
permABC-SMC,997015.4083204932,52.74710574392545,3235315.0,171.1643581390381,0.6321060413077405,24.606149746507302,91.33953561374484,27.630901401026488,0.5920993366639997,10.334985991783164,0.6840572360233894,4.497036240891746,5,1,True,42,
permABC-SMC,998007.7041602464,52.752341915536185,3238535.0,171.18134951591492,0.6321060413077405,24.606149746507302,91.3395356137448,27.630901401026488,0.5920993366639997,10.334985991783164,0.6840572360233894,4.497036240891746,5,1,True,42,
permABC-SMC,999000.0,52.757527317582,3241755.0,171.1981761455536,0.6321060413077405,24.606149746507302,91.33953561374484,27.630901401026488,0.5920993366639997,10.334985991783164,0.6840572360233894,4.497036240891746,5,1,True,42,
permABC-SMC,999992.2958397536,52.762638071468686,3244975.0,171.2147605419159,0.6321060413077405,24.606149746507302,91.3395356137448,27.630901401026488,0.5920993366639997,10.334985991783164,0.6840572360233894,4.497036240891746,5,1,True,42,
permABC-SMC,1000984.5916795068,52.76776880990192,3248195.0,171.2314097881317,0.6321060413077405,24.606149746507302,91.33953561374484,27.630901401026488,0.5920993366639997,10.334985991783164,0.6840572360233894,4.497036240891746,5,1,True,42,
permABC-SMC,1001976.8875192604,52.772925043326495,3251415.0,171.24814176559448,0.6321060413077405,24.606149746507302,91.3395356137448,27.630901401026488,0.5920993366639997,10.334985991783164,0.6840572360233894,4.497036240891746,5,1,True,42,
permABC-SMC,1002969.183359014,52.77806790473832,3254635.0,171.26483035087583,0.6321060413077405,24.606149746507302,91.33953561374484,27.630901401026488,0.5920993366639997,10.334985991783164,0.6840572360233894,4.497036240891746,5,1,True,42,
permABC-SMC,1003961.4791987672,52.78322832610097,3257855.0,171.28157591819763,0.6321060413077405,24.606149746507302,91.3395356137448,27.630901401026488,0.5920993366639997,10.334985991783164,0.6840572360233894,4.497036240891746,5,1,True,42,
permABC-SMC,1004953.7750385208,52.78837361210851,3261075.0,171.29827237129211,0.6321060413077405,24.606149746507302,91.33953561374484,27.630901401026488,0.5920993366639997,10.334985991783164,0.6840572360233894,4.497036240891746,5,1,True,42,
permABC-SMC,1005946.0708782742,52.79349634202861,3264295.0,171.3148956298828,0.6321060413077405,24.606149746507302,91.3395356137448,27.630901401026488,0.5920993366639997,10.334985991783164,0.6840572360233894,4.497036240891746,5,1,True,42,
permABC-SMC,1006938.3667180276,52.79869041384093,3267515.0,171.33175039291382,0.6321060413077405,24.606149746507302,91.33953561374484,27.630901401026488,0.5920993366639997,10.334985991783164,0.6840572360233894,4.497036240891746,5,1,True,42,
permABC-SMC,1007930.6625577812,52.80384774935448,3270735.0,171.34848594665527,0.6321060413077405,24.606149746507302,91.3395356137448,27.630901401026488,0.5920993366639997,10.334985991783164,0.6840572360233894,4.497036240891746,5,1,True,42,
permABC-SMC,1008922.9583975348,52.80924453206349,3273955.0,171.36599850654602,0.6321060413077405,24.606149746507302,91.33953561374484,27.630901401026488,0.5920993366639997,10.334985991783164,0.6840572360233894,4.497036240891746,5,1,True,42,
permABC-SMC,1009915.254237288,52.81436829059994,3277175.0,171.38262510299683,0.6321060413077405,24.606149746507302,91.3395356137448,27.630901401026488,0.5920993366639997,10.334985991783164,0.6840572360233894,4.497036240891746,5,1,True,42,
permABC-SMC,1010907.5500770416,52.819475738219744,3280395.0,171.39919877052307,0.6321060413077405,24.606149746507302,91.33953561374484,27.630901401026488,0.5920993366639997,10.334985991783164,0.6840572360233894,4.497036240891746,5,1,True,42,
permABC-SMC,1011899.845916795,52.82463057566497,3283615.0,171.41592621803284,0.6321060413077405,24.606149746507302,91.3395356137448,27.630901401026488,0.5920993366639997,10.334985991783164,0.6840572360233894,4.497036240891746,5,1,True,42,
permABC-SMC,1011333.846153846,52.74846854576698,3286835.0,171.43252277374268,0.6321060413077405,24.606149746507302,91.33953561374484,27.630901401026488,0.5920993366639997,10.334985991783164,0.6840572360233894,4.497036240891746,5,1,True,42,
permABC-SMC,1012324.6153846154,52.75355515113243,3290055.0,171.44905424118042,0.6321060413077405,24.606149746507302,91.3395356137448,27.630901401026488,0.5920993366639997,10.334985991783164,0.6840572360233894,4.497036240891746,5,1,True,42,
permABC-SMC,1013315.3846153846,52.75866845937876,3293275.0,171.46567249298096,0.6321060413077405,24.606149746507302,91.33953561374484,27.630901401026488,0.5920993366639997,10.334985991783164,0.6840572360233894,4.497036240891746,5,1,True,42,
permABC-SMC,1014306.153846154,52.76375337747427,3296495.0,171.48219847679138,0.6321060413077405,24.606149746507302,91.3395356137448,27.630901401026488,0.5920993366639997,10.334985991783164,0.6840572360233894,4.497036240891746,5,1,True,42,
permABC-SMC,1015296.9230769232,52.76884827247032,3299715.0,171.49875688552856,0.6321060413077405,24.606149746507302,91.33953561374484,27.630901401026488,0.5920993366639997,10.334985991783164,0.6840572360233894,4.497036240891746,5,1,True,42,
permABC-SMC,1016287.6923076924,52.773974271921006,3302935.0,171.5154163837433,0.6321060413077405,24.606149746507302,91.3395356137448,27.630901401026488,0.5920993366639997,10.334985991783164,0.6840572360233894,4.497036240891746,5,1,True,42,
permABC-SMC,1017278.4615384616,52.77908156468318,3306155.0,171.53201508522034,0.6321060413077405,24.606149746507302,91.33953561374484,27.630901401026488,0.5920993366639997,10.334985991783164,0.6840572360233894,4.497036240891746,5,1,True,42,
permABC-SMC,1018269.2307692308,52.784209104684685,3309375.0,171.54867959022522,0.6321060413077405,24.606149746507302,91.3395356137448,27.630901401026488,0.5920993366639997,10.334985991783164,0.6840572360233894,4.497036240891746,5,1,True,42,
permABC-SMC,1019260.0,52.7893301156851,3312595.0,171.56532287597656,0.6321060413077405,24.606149746507302,91.33953561374484,27.630901401026488,0.5920993366639997,10.334985991783164,0.6840572360233894,4.497036240891746,5,1,True,42,
permABC-SMC,1018683.56374808,52.71332157738564,3315815.0,171.58186173439026,0.6321060413077405,24.606149746507302,91.3395356137448,27.630901401026488,0.5920993366639997,10.334985991783164,0.6840572360233894,4.497036240891746,5,1,True,42,
permABC-SMC,1019672.811059908,52.71841296768774,3319035.0,171.5984342098236,0.6321060413077405,24.606149746507302,91.33953561374484,27.630901401026488,0.5920993366639997,10.334985991783164,0.6840572360233894,4.497036240891746,5,1,True,42,
permABC-SMC,1019096.625766871,52.64264111138559,3322255.0,171.6150100231171,0.6321060413077405,24.606149746507302,91.3395356137448,27.630901401026488,0.5920993366639997,10.334985991783164,0.6840572360233894,4.497036240891746,5,1,True,42,
permABC-SMC,1020084.3558282208,52.64771218680164,3325475.0,171.6315417289734,0.6321060413077405,24.606149746507302,91.33953561374484,27.630901401026488,0.5920993366639997,10.334985991783164,0.6840572360233894,4.497036240891746,5,1,True,42,
permABC-SMC,1021072.0858895704,52.652786553271696,3328695.0,171.64808416366577,0.6321060413077405,24.606149746507302,91.3395356137448,27.630901401026488,0.5920993366639997,10.334985991783164,0.6840572360233894,4.497036240891746,5,1,True,42,
permABC-SMC,1020494.6401225114,52.57725284804246,3331915.0,171.66473054885864,0.6321060413077405,24.606149746507302,91.33953561374484,27.630901401026488,0.5920993366639997,10.334985991783164,0.6840572360233894,4.497036240891746,5,1,True,42,
permABC-SMC,1021480.8575803982,52.58235150055352,3335135.0,171.68137764930725,0.6321060413077405,24.606149746507302,91.3395356137448,27.630901401026488,0.5920993366639997,10.334985991783164,0.6840572360233894,4.497036240891746,5,1,True,42,
permABC-SMC,1022467.0750382848,52.587441025247614,3338355.0,171.69799494743347,0.6321060413077405,24.606149746507302,91.33953561374484,27.630901401026488,0.5920993366639997,10.334985991783164,0.6840572360233894,4.497036240891746,5,1,True,42,
permABC-SMC,1023453.2924961715,52.592517697975424,3341575.0,171.71457028388977,0.6321060413077405,24.606149746507302,91.3395356137448,27.630901401026488,0.5920993366639997,10.334985991783164,0.6840572360233894,4.497036240891746,5,1,True,42,
permABC-SMC,1024439.5099540582,52.59760590826388,3344795.0,171.73118329048157,0.6321060413077405,24.606149746507302,91.33953561374484,27.630901401026488,0.5920993366639997,10.334985991783164,0.6840572360233894,4.497036240891746,5,1,True,42,
permABC-SMC,1025425.7274119448,52.60265446731544,3348015.0,171.7476668357849,0.6321060413077405,24.606149746507302,91.3395356137448,27.630901401026488,0.5920993366639997,10.334985991783164,0.6840572360233894,4.497036240891746,5,1,True,42,
permABC-SMC,1024842.50764526,52.52727973716339,3351235.0,171.7642047405243,0.6321060413077405,24.606149746507302,91.33953561374484,27.630901401026488,0.5920993366639997,10.334985991783164,0.6840572360233894,4.497036240891746,5,1,True,42,
permABC-SMC,1025827.2171253824,52.53233712747557,3354455.0,171.7807424068451,0.6321060413077405,24.606149746507302,91.3395356137448,27.630901401026488,0.5920993366639997,10.334985991783164,0.6840572360233894,4.497036240891746,5,1,True,42,
permABC-SMC,1026811.9266055046,52.53742083861558,3357675.0,171.79736614227295,0.6321060413077405,24.606149746507302,91.33953561374484,27.630901401026488,0.5920993366639997,10.334985991783164,0.6840572360233894,4.497036240891746,5,1,True,42,
permABC-SMC,1027796.6360856268,52.542481947382655,3360895.0,171.81391596794128,0.6321060413077405,24.606149746507302,91.3395356137448,27.630901401026488,0.5920993366639997,10.334985991783164,0.6840572360233894,4.497036240891746,5,1,True,42,
permABC-SMC,1028781.3455657492,52.54755049305954,3364115.0,171.8304901123047,0.6321060413077405,24.606149746507302,91.33953561374484,27.630901401026488,0.5920993366639997,10.334985991783164,0.6840572360233894,4.497036240891746,5,1,True,42,
permABC-SMC,1028193.8931297708,52.47239535091487,3367335.0,171.84709477424622,0.6321060413077405,24.606149746507302,91.3395356137448,27.630901401026488,0.5920993366639997,10.334985991783164,0.6840572360233894,4.497036240891746,5,1,True,42,
permABC-SMC,1029177.099236641,52.47747952701481,3370555.0,171.8637454509735,0.6321060413077405,24.606149746507302,91.33953561374484,27.630901401026488,0.5920993366639997,10.334985991783164,0.6840572360233894,4.497036240891746,5,1,True,42,
permABC-SMC,1028589.93902439,52.402564010969016,3373775.0,171.8804099559784,0.6321060413077405,24.606149746507302,91.3395356137448,27.630901401026488,0.5920993366639997,10.334985991783164,0.6840572360233894,4.497036240891746,5,1,True,42,
permABC-SMC,1029571.6463414632,52.4076322229897,3376995.0,171.89703369140625,0.6321060413077405,24.606149746507302,91.33953561374484,27.630901401026488,0.5920993366639997,10.334985991783164,0.6840572360233894,4.497036240891746,5,1,True,42,
permABC-SMC,1028984.7792998478,52.33289538634604,3380215.0,171.91356134414673,0.6321060413077405,24.606149746507302,91.3395356137448,27.630901401026488,0.5920993366639997,10.334985991783164,0.6840572360233894,4.497036240891746,5,1,True,42,
permABC-SMC,1029964.99238965,52.33793396565105,3383435.0,171.9301130771637,0.6321060413077405,24.606149746507302,91.33953561374484,27.630901401026488,0.5920993366639997,10.334985991783164,0.6840572360233894,4.497036240891746,5,1,True,42,
permABC-SMC,1029378.4194528876,52.263404025857575,3386655.0,171.9465992450714,0.6321060413077405,24.606149746507302,91.3395356137448,27.630901401026488,0.5920993366639997,10.334985991783164,0.6840572360233894,4.497036240891746,5,1,True,42,
permABC-SMC,1030357.1428571428,52.26845835479922,3389875.0,171.96322798728943,0.6321060413077405,24.606149746507302,91.33953561374484,27.630901401026488,0.5920993366639997,10.334985991783164,0.6840572360233894,4.497036240891746,5,1,True,42,
permABC-SMC,1031335.8662613982,52.27346978289016,3393095.0,171.97971558570862,0.6321060413077405,24.606149746507302,91.3395356137448,27.630901401026488,0.5920993366639997,10.334985991783164,0.6840572360233894,4.497036240891746,5,1,True,42,
permABC-SMC,1032314.5896656536,52.27849896555613,3396315.0,171.9962615966797,0.6321060413077405,24.606149746507302,91.33953561374484,27.630901401026488,0.5920993366639997,10.334985991783164,0.6840572360233894,4.497036240891746,5,1,True,42,
permABC-SMC,1031725.3414264036,52.20423272962093,3399535.0,172.01294684410095,0.6321060413077405,24.606149746507302,91.3395356137448,27.630901401026488,0.5920993366639997,10.334985991783164,0.6840572360233894,4.497036240891746,5,1,True,42,
permABC-SMC,1032702.5796661607,52.20923358645172,3402755.0,172.0294246673584,0.6321060413077405,24.606149746507302,91.33953561374484,27.630901401026488,0.5920993366639997,10.334985991783164,0.6840572360233894,4.497036240891746,5,1,True,42,
permABC-SMC,1033679.817905918,52.2142794497639,3405975.0,172.04605078697205,0.6321060413077405,24.606149746507302,91.3395356137448,27.630901401026488,0.5920993366639997,10.334985991783164,0.6840572360233894,4.497036240891746,5,1,True,42,
permABC-SMC,1034657.0561456754,52.219291377320815,3409195.0,172.0625650882721,0.6321060413077405,24.606149746507302,91.33953561374484,27.630901401026488,0.5920993366639997,10.334985991783164,0.6840572360233894,4.497036240891746,5,1,True,42,
permABC-SMC,1035634.2943854324,52.224318210561286,3412415.0,172.07912850379944,0.6321060413077405,24.606149746507302,91.3395356137448,27.630901401026488,0.5920993366639997,10.334985991783164,0.6840572360233894,4.497036240891746,5,1,True,42,
permABC-SMC,1036611.5326251896,52.22932232348799,3415635.0,172.09561705589294,0.6321060413077405,24.606149746507302,91.33953561374484,27.630901401026488,0.5920993366639997,10.334985991783164,0.6840572360233894,4.497036240891746,5,1,True,42,
permABC-SMC,1037588.7708649468,52.23432397625334,3418855.0,172.11209750175476,0.6321060413077405,24.606149746507302,91.3395356137448,27.630901401026488,0.5920993366639997,10.334985991783164,0.6840572360233894,4.497036240891746,5,1,True,42,
permABC-SMC,1038566.009104704,52.23933879811775,3422075.0,172.12862133979797,0.6321060413077405,24.606149746507302,91.33953561374484,27.630901401026488,0.5920993366639997,10.334985991783164,0.6840572360233894,4.497036240891746,5,1,True,42,
permABC-SMC,1039543.2473444614,52.24432294032281,3425295.0,172.14504408836365,0.6321060413077405,24.606149746507302,91.3395356137448,27.630901401026488,0.5920993366639997,10.334985991783164,0.6840572360233894,4.497036240891746,5,1,True,42,
permABC-SMC,1040520.4855842184,52.24955505232167,3428515.0,172.1622838973999,0.6321060413077405,24.606149746507302,91.33953561374484,27.630901401026488,0.5920993366639997,10.334985991783164,0.6840572360233894,4.497036240891746,5,1,True,42,
permABC-SMC,1041497.7238239758,52.25461379530216,3431735.0,172.17895245552063,0.6321060413077405,24.606149746507302,91.3395356137448,27.630901401026488,0.5920993366639997,10.334985991783164,0.6840572360233894,4.497036240891746,5,1,True,42,
permABC-SMC,1040895.4545454544,52.18045501997976,3434955.0,172.19550156593323,0.6321060413077405,24.606149746507302,91.33953561374484,27.630901401026488,0.5920993366639997,10.334985991783164,0.6840572360233894,4.497036240891746,5,1,True,42,
permABC-SMC,1041871.212121212,52.18549352703672,3438175.0,172.2121286392212,0.6321060413077405,24.606149746507302,91.3395356137448,27.630901401026488,0.5920993366639997,10.334985991783164,0.6840572360233894,4.497036240891746,5,1,True,42,
permABC-SMC,1042846.9696969696,52.1905062415383,3441395.0,172.22867059707642,0.6321060413077405,24.606149746507302,91.33953561374484,27.630901401026488,0.5920993366639997,10.334985991783164,0.6840572360233894,4.497036240891746,5,1,True,42,
permABC-SMC,1042243.5703479575,52.11653731053247,3444615.0,172.2451558113098,0.6321060413077405,24.606149746507302,91.3395356137448,27.630901401026488,0.5920993366639997,10.334985991783164,0.6840572360233894,4.497036240891746,5,1,True,42,
permABC-SMC,1043217.851739788,52.12154648127246,3447835.0,172.26171112060547,0.6321060413077405,24.606149746507302,91.33953561374484,27.630901401026488,0.5920993366639997,10.334985991783164,0.6840572360233894,4.497036240891746,5,1,True,42,
permABC-SMC,1042614.8036253776,52.04782154624916,3451055.0,172.27828931808472,0.6321060413077405,24.606149746507302,91.3395356137448,27.630901401026488,0.5920993366639997,10.334985991783164,0.6840572360233894,4.497036240891746,5,1,True,42,
permABC-SMC,1043587.6132930514,52.05283625968633,3454275.0,172.29488801956177,0.6321060413077405,24.606149746507302,91.33953561374484,27.630901401026488,0.5920993366639997,10.334985991783164,0.6840572360233894,4.497036240891746,5,1,True,42,
permABC-SMC,1041414.156626506,51.90102422093769,3457495.0,172.31140041351318,0.6321060413077405,24.606149746507302,91.3395356137448,27.630901401026488,0.5920993366639997,10.334985991783164,0.6840572360233894,4.497036240891746,5,1,True,42,
permABC-SMC,1042384.0361445782,51.906005948422894,3460715.0,172.32793974876404,0.6321060413077405,24.606149746507302,91.33953561374484,27.630901401026488,0.5920993366639997,10.334985991783164,0.6840572360233894,4.497036240891746,5,1,True,42,
permABC-SMC,1043353.9156626504,51.910989543041545,3463935.0,172.34448528289795,0.6321060413077405,24.606149746507302,91.3395356137448,27.630901401026488,0.5920993366639997,10.334985991783164,0.6840572360233894,4.497036240891746,5,1,True,42,
permABC-SMC,1044323.7951807228,51.91597076783697,3467155.0,172.36102294921875,0.6321060413077405,24.606149746507302,91.33953561374484,27.630901401026488,0.5920993366639997,10.334985991783164,0.6840572360233894,4.497036240891746,5,1,True,42,
permABC-SMC,1045293.6746987952,51.9209735364799,3470375.0,172.37763214111328,0.6321060413077405,24.606149746507302,91.3395356137448,27.630901401026488,0.5920993366639997,10.334985991783164,0.6840572360233894,4.497036240891746,5,1,True,42,
permABC-SMC,1046263.5542168672,51.92595389952142,3473595.0,172.39416694641113,0.6321060413077405,24.606149746507302,91.33953561374484,27.630901401026488,0.5920993366639997,10.334985991783164,0.6840572360233894,4.497036240891746,5,1,True,42,
permABC-SMC,1047233.4337349396,51.93094345460455,3476815.0,172.4107322692871,0.6321060413077405,24.606149746507302,91.3395356137448,27.630901401026488,0.5920993366639997,10.334985991783164,0.6840572360233894,4.497036240891746,5,1,True,42,
permABC-SMC,1048203.313253012,51.93594098091125,3480035.0,172.42732405662537,0.6321060413077405,24.606149746507302,91.33953561374484,27.630901401026488,0.5920993366639997,10.334985991783164,0.6840572360233894,4.497036240891746,5,1,True,42,
permABC-SMC,1049173.192771084,51.94091674793197,3483255.0,172.44384360313416,0.6321060413077405,24.606149746507302,91.3395356137448,27.630901401026488,0.5920993366639997,10.334985991783164,0.6840572360233894,4.497036240891746,5,1,True,42,
permABC-SMC,1050143.0722891565,51.945907308394645,3486475.0,172.46041226387024,0.6321060413077405,24.606149746507302,91.33953561374484,27.630901401026488,0.5920993366639997,10.334985991783164,0.6840572360233894,4.497036240891746,5,1,True,42,
permABC-SMC,1051112.9518072286,51.95087711495089,3489695.0,172.47691202163696,0.6321060413077405,24.606149746507302,91.3395356137448,27.630901401026488,0.5920993366639997,10.334985991783164,0.6840572360233894,4.497036240891746,5,1,True,42,
permABC-SMC,1052082.831325301,51.95587090699068,3492915.0,172.4934914112091,0.6321060413077405,24.606149746507302,91.33953561374484,27.630901401026488,0.5920993366639997,10.334985991783164,0.6840572360233894,4.497036240891746,5,1,True,42,
permABC-SMC,1053052.7108433736,51.96085335260413,3496135.0,172.51003313064575,0.6321060413077405,24.606149746507302,91.3395356137448,27.630901401026488,0.5920993366639997,10.334985991783164,0.6840572360233894,4.497036240891746,5,1,True,42,
permABC-SMC,1054022.5903614457,51.965949047042656,3499355.0,172.52695083618164,0.6321060413077405,24.606149746507302,91.33953561374484,27.630901401026488,0.5920993366639997,10.334985991783164,0.6840572360233894,4.497036240891746,5,1,True,42,
permABC-SMC,1054992.469879518,51.97096510105822,3502575.0,172.5436041355133,0.6321060413077405,24.606149746507302,91.3395356137448,27.630901401026488,0.5920993366639997,10.334985991783164,0.6840572360233894,4.497036240891746,5,1,True,42,
permABC-SMC,1054374.4360902256,51.89786624191399,3505795.0,172.560405254364,0.6321060413077405,24.606149746507302,91.33953561374484,27.630901401026488,0.5920993366639997,10.334985991783164,0.6840572360233894,4.497036240891746,5,1,True,42,
permABC-SMC,1055342.857142857,51.90287460958151,3509015.0,172.57705807685852,0.6321060413077405,24.606149746507302,91.3395356137448,27.630901401026488,0.5920993366639997,10.334985991783164,0.6840572360233894,4.497036240891746,5,1,True,42,
permABC-SMC,1054725.225225225,51.82992560011489,3512235.0,172.59365224838257,0.6321060413077405,24.606149746507302,91.33953561374484,27.630901401026488,0.5920993366639997,10.334985991783164,0.6840572360233894,4.497036240891746,5,1,True,42,
permABC-SMC,1055692.1921921922,51.83488792843289,3515455.0,172.61017680168152,0.6321060413077405,24.606149746507302,91.3395356137448,27.630901401026488,0.5920993366639997,10.334985991783164,0.6840572360233894,4.497036240891746,5,1,True,42,
permABC-SMC,1056659.159159159,51.83985591292739,3518675.0,172.62672019004822,0.6321060413077405,24.606149746507302,91.33953561374484,27.630901401026488,0.5920993366639997,10.334985991783164,0.6840572360233894,4.497036240891746,5,1,True,42,
permABC-SMC,1057626.1261261262,51.844850101986445,3521895.0,172.64335083961487,0.6321060413077405,24.606149746507302,91.3395356137448,27.630901401026488,0.5920993366639997,10.334985991783164,0.6840572360233894,4.497036240891746,5,1,True,42,
permABC-SMC,1058593.093093093,51.84990751134741,3525115.0,172.6601920127869,0.6321060413077405,24.606149746507302,91.33953561374484,27.630901401026488,0.5920993366639997,10.334985991783164,0.6840572360233894,4.497036240891746,5,1,True,42,
permABC-SMC,1059560.06006006,51.8548860922232,3528335.0,172.67677068710327,0.6321060413077405,24.606149746507302,91.3395356137448,27.630901401026488,0.5920993366639997,10.334985991783164,0.6840572360233894,4.497036240891746,5,1,True,42,
permABC-SMC,1060527.027027027,51.85986410032164,3531555.0,172.69334745407104,0.6321060413077405,24.606149746507302,91.33953561374484,27.630901401026488,0.5920993366639997,10.334985991783164,0.6840572360233894,4.497036240891746,5,1,True,42,
permABC-SMC,1061493.993993994,51.86481926892255,3534775.0,172.70984816551208,0.6321060413077405,24.606149746507302,91.3395356137448,27.630901401026488,0.5920993366639997,10.334985991783164,0.6840572360233894,4.497036240891746,5,1,True,42,
permABC-SMC,1062460.9609609612,51.86983121407999,3537995.0,172.72653794288635,0.6321060413077405,24.606149746507302,91.33953561374484,27.630901401026488,0.5920993366639997,10.334985991783164,0.6840572360233894,4.497036240891746,5,1,True,42,
permABC-SMC,1063427.9279279278,51.87478853059602,3541215.0,172.74304580688477,0.6321060413077405,24.606149746507302,91.3395356137448,27.630901401026488,0.5920993366639997,10.334985991783164,0.6840572360233894,4.497036240891746,5,1,True,42,
permABC-SMC,1064394.894894895,51.879812504078174,3544435.0,172.75977563858032,0.6321060413077405,24.606149746507302,91.33953561374484,27.630901401026488,0.5920993366639997,10.334985991783164,0.6840572360233894,4.497036240891746,5,1,True,42,
permABC-SMC,1063764.6176911544,51.80704775957511,3547655.0,172.77650427818298,0.6321060413077405,24.606149746507302,91.3395356137448,27.630901401026488,0.5920993366639997,10.334985991783164,0.6840572360233894,4.497036240891746,5,1,True,42,
permABC-SMC,1064730.1349325336,51.81206605959868,3550875.0,172.7932403087616,0.6321060413077405,24.606149746507302,91.33953561374484,27.630901401026488,0.5920993366639997,10.334985991783164,0.6840572360233894,4.497036240891746,5,1,True,42,
permABC-SMC,1065695.652173913,51.81716628696607,3554095.0,172.81024956703186,0.6321060413077405,24.606149746507302,91.3395356137448,27.630901401026488,0.5920993366639997,10.334985991783164,0.6840572360233894,4.497036240891746,5,1,True,42,
permABC-SMC,1066661.1694152923,51.82213068365872,3557315.0,172.82680583000183,0.6321060413077405,24.606149746507302,91.33953561374484,27.630901401026488,0.5920993366639997,10.334985991783164,0.6840572360233894,4.497036240891746,5,1,True,42,
permABC-SMC,1067626.6866566716,51.82710580382569,3560535.0,172.84339785575867,0.6321060413077405,24.606149746507302,91.3395356137448,27.630901401026488,0.5920993366639997,10.334985991783164,0.6840572360233894,4.497036240891746,5,1,True,42,
permABC-SMC,1068592.2038980508,51.83206855625227,3563755.0,172.85994863510132,0.6321060413077405,24.606149746507302,91.33953561374484,27.630901401026488,0.5920993366639997,10.334985991783164,0.6840572360233894,4.497036240891746,5,1,True,42,
permABC-SMC,1069557.7211394303,51.83704339045992,3566975.0,172.87653970718384,0.6321060413077405,24.606149746507302,91.3395356137448,27.630901401026488,0.5920993366639997,10.334985991783164,0.6840572360233894,4.497036240891746,5,1,True,42,
permABC-SMC,1070523.2383808095,51.84201193356264,3570195.0,172.8931097984314,0.6321060413077405,24.606149746507302,91.33953561374484,27.630901401026488,0.5920993366639997,10.334985991783164,0.6840572360233894,4.497036240891746,5,1,True,42,
permABC-SMC,1071488.7556221888,51.846972612784185,3573415.0,172.90965366363525,0.6321060413077405,24.606149746507302,91.3395356137448,27.630901401026488,0.5920993366639997,10.334985991783164,0.6840572360233894,4.497036240891746,5,1,True,42,
permABC-SMC,1072454.272863568,51.85193436435316,3576635.0,172.9262011051178,0.6321060413077405,24.606149746507302,91.33953561374484,27.630901401026488,0.5920993366639997,10.334985991783164,0.6840572360233894,4.497036240891746,5,1,True,42,
permABC-SMC,1073419.7901049475,51.85690526662023,3579855.0,172.94277906417847,0.6321060413077405,24.606149746507302,91.3395356137448,27.630901401026488,0.5920993366639997,10.334985991783164,0.6840572360233894,4.497036240891746,5,1,True,42,
permABC-SMC,1071173.3931240658,51.70682107386568,3583075.0,172.9593164920807,0.6321060413077405,24.606149746507302,91.33953561374484,27.630901401026488,0.5920993366639997,10.334985991783164,0.6840572360233894,4.497036240891746,5,1,True,42,
permABC-SMC,1072136.023916293,51.71177198355864,3586295.0,172.97587728500366,0.6321060413077405,24.606149746507302,91.3395356137448,27.630901401026488,0.5920993366639997,10.334985991783164,0.6840572360233894,4.497036240891746,5,1,True,42,
permABC-SMC,1073098.65470852,51.71675054838126,3589515.0,172.99253058433533,0.6321060413077405,24.606149746507302,91.33953561374484,27.630901401026488,0.5920993366639997,10.334985991783164,0.6840572360233894,4.497036240891746,5,1,True,42,
permABC-SMC,1074061.2855007474,51.72168128693585,3592735.0,173.00902390480042,0.6321060413077405,24.606149746507302,91.3395356137448,27.630901401026488,0.5920993366639997,10.334985991783164,0.6840572360233894,4.497036240891746,5,1,True,42,
permABC-SMC,1075023.9162929745,51.72661601695245,3595955.0,173.02553057670593,0.6321060413077405,24.606149746507302,91.33953561374484,27.630901401026488,0.5920993366639997,10.334985991783164,0.6840572360233894,4.497036240891746,5,1,True,42,
permABC-SMC,1075986.5470852018,51.73158724033601,3599175.0,173.04215931892395,0.6321060413077405,24.606149746507302,91.3395356137448,27.630901401026488,0.5920993366639997,10.334985991783164,0.6840572360233894,4.497036240891746,5,1,True,42,
permABC-SMC,1076949.1778774292,51.7365994474813,3602395.0,173.05892515182495,0.6321060413077405,24.606149746507302,91.33953561374484,27.630901401026488,0.5920993366639997,10.334985991783164,0.6840572360233894,4.497036240891746,5,1,True,42,
permABC-SMC,1076302.9850746267,51.66434892967565,3605615.0,173.07556891441345,0.6321060413077405,24.606149746507302,91.3395356137448,27.630901401026488,0.5920993366639997,10.334985991783164,0.6840572360233894,4.497036240891746,5,1,True,42,
permABC-SMC,1077264.1791044776,51.66930205786406,3608835.0,173.0921618938446,0.6321060413077405,24.606149746507302,91.33953561374484,27.630901401026488,0.5920993366639997,10.334985991783164,0.6840572360233894,4.497036240891746,5,1,True,42,
permABC-SMC,1076618.4798807749,51.597215663836,3612055.0,173.1086585521698,0.6321060413077405,24.606149746507302,91.3395356137448,27.630901401026488,0.5920993366639997,10.334985991783164,0.6840572360233894,4.497036240891746,5,1,True,42,
permABC-SMC,1077578.2414307003,51.60222501228888,3615275.0,173.12546491622925,0.6321060413077405,24.606149746507302,91.33953561374484,27.630901401026488,0.5920993366639997,10.334985991783164,0.6840572360233894,4.497036240891746,5,1,True,42,
permABC-SMC,1078538.0029806255,51.60720231103115,3618495.0,173.14216375350952,0.6321060413077405,24.606149746507302,91.3395356137448,27.630901401026488,0.5920993366639997,10.334985991783164,0.6840572360233894,4.497036240891746,5,1,True,42,
permABC-SMC,1079497.7645305512,51.612279596342944,3621715.0,173.1591980457306,0.6321060413077405,24.606149746507302,91.33953561374484,27.630901401026488,0.5920993366639997,10.334985991783164,0.6840572360233894,4.497036240891746,5,1,True,42,
permABC-SMC,1080457.5260804768,51.61729519839791,3624935.0,173.176025390625,0.6321060413077405,24.606149746507302,91.3395356137448,27.630901401026488,0.5920993366639997,10.334985991783164,0.6840572360233894,4.497036240891746,5,1,True,42,
permABC-SMC,1081417.2876304025,51.622294740065726,3628155.0,173.19279885292053,0.6321060413077405,24.606149746507302,91.33953561374484,27.630901401026488,0.5920993366639997,10.334985991783164,0.6840572360233894,4.497036240891746,5,1,True,42,
permABC-SMC,1082377.0491803277,51.62726322691415,3631375.0,173.209468126297,0.6321060413077405,24.606149746507302,91.3395356137448,27.630901401026488,0.5920993366639997,10.334985991783164,0.6840572360233894,4.497036240891746,5,1,True,42,
permABC-SMC,1083336.810730253,51.63228629065341,3634595.0,173.2263205051422,0.6321060413077405,24.606149746507302,91.33953561374484,27.630901401026488,0.5920993366639997,10.334985991783164,0.6840572360233894,4.497036240891746,5,1,True,42,
permABC-SMC,1084296.5722801788,51.6372541379289,3637815.0,173.24298763275146,0.6321060413077405,24.606149746507302,91.3395356137448,27.630901401026488,0.5920993366639997,10.334985991783164,0.6840572360233894,4.497036240891746,5,1,True,42,
permABC-SMC,1085256.3338301042,51.64219483888628,3641035.0,173.2595636844635,0.6321060413077405,24.606149746507302,91.33953561374484,27.630901401026488,0.5920993366639997,10.334985991783164,0.6840572360233894,4.497036240891746,5,1,True,42,
permABC-SMC,1086216.0953800296,51.64713369218851,3644255.0,173.27613353729248,0.6321060413077405,24.606149746507302,91.3395356137448,27.630901401026488,0.5920993366639997,10.334985991783164,0.6840572360233894,4.497036240891746,5,1,True,42,
permABC-SMC,1087175.8569299553,51.65204092216207,3647475.0,173.29259729385376,0.6321060413077405,24.606149746507302,91.33953561374484,27.630901401026488,0.5920993366639997,10.334985991783164,0.6840572360233894,4.497036240891746,5,1,True,42,
permABC-SMC,1086516.3690476187,51.58012573208127,3650695.0,173.3092224597931,0.6321060413077405,24.606149746507302,91.3395356137448,27.630901401026488,0.5920993366639997,10.334985991783164,0.6840572360233894,4.497036240891746,5,1,True,42,
permABC-SMC,1087474.7023809522,51.5850517011824,3653915.0,173.3257737159729,0.6321060413077405,24.606149746507302,91.33953561374484,27.630901401026488,0.5920993366639997,10.334985991783164,0.6840572360233894,4.497036240891746,5,1,True,42,
permABC-SMC,1088433.0357142854,51.589996687003534,3657135.0,173.3423888683319,0.6321060413077405,24.606149746507302,91.3395356137448,27.630901401026488,0.5920993366639997,10.334985991783164,0.6840572360233894,4.497036240891746,5,1,True,42,
permABC-SMC,1089391.3690476187,51.594983892781386,3660355.0,173.35914587974548,0.6321060413077405,24.606149746507302,91.33953561374484,27.630901401026488,0.5920993366639997,10.334985991783164,0.6840572360233894,4.497036240891746,5,1,True,42,
permABC-SMC,1090349.7023809522,51.5999647833052,3663575.0,173.37588167190552,0.6321060413077405,24.606149746507302,91.3395356137448,27.630901401026488,0.5920993366639997,10.334985991783164,0.6840572360233894,4.497036240891746,5,1,True,42,
permABC-SMC,1088069.7329376854,51.45182906696987,3666795.0,173.39266395568848,0.6321060413077405,24.606149746507302,91.33953561374484,27.630901401026488,0.5920993366639997,10.334985991783164,0.6840572360233894,4.497036240891746,5,1,True,42,
permABC-SMC,1089025.2225519288,51.456745937245536,3670015.0,173.40923380851746,0.6321060413077405,24.606149746507302,91.3395356137448,27.630901401026488,0.5920993366639997,10.334985991783164,0.6840572360233894,4.497036240891746,5,1,True,42,
permABC-SMC,1089980.712166172,51.46166160481619,3673235.0,173.4257996082306,0.6321060413077405,24.606149746507302,91.33953561374484,27.630901401026488,0.5920993366639997,10.334985991783164,0.6840572360233894,4.497036240891746,5,1,True,42,
permABC-SMC,1090936.2017804154,51.46658073900715,3676455.0,173.4423770904541,0.6321060413077405,24.606149746507302,91.3395356137448,27.630901401026488,0.5920993366639997,10.334985991783164,0.6840572360233894,4.497036240891746,5,1,True,42,
permABC-SMC,1090274.0740740742,51.395237604777016,3679675.0,173.45892691612244,0.6321060413077405,24.606149746507302,91.33953561374484,27.630901401026488,0.5920993366639997,10.334985991783164,0.6840572360233894,4.497036240891746,5,1,True,42,
permABC-SMC,1091228.148148148,51.40015065228498,3682895.0,173.4755084514618,0.6321060413077405,24.606149746507302,91.3395356137448,27.630901401026488,0.5920993366639997,10.334985991783164,0.6840572360233894,4.497036240891746,5,1,True,42,
permABC-SMC,1090566.568047337,51.32904137380024,3686115.0,173.49215984344482,0.6321060413077405,24.606149746507302,91.33953561374484,27.630901401026488,0.5920993366639997,10.334985991783164,0.6840572360233894,4.497036240891746,5,1,True,42,
permABC-SMC,1089906.9423929097,51.25811744475821,3689335.0,173.5087275505066,0.6321060413077405,24.606149746507302,91.3395356137448,27.630901401026488,0.5920993366639997,10.334985991783164,0.6840572360233894,4.497036240891746,5,1,True,42,
permABC-SMC,1089200.5899705014,51.23726449533199,3692390.0,173.69432663917542,0.6320998654045538,24.562929286495176,90.88458655055616,27.630901401025508,0.61414826213752,10.330666070669976,0.6943857248276045,4.49574689807546,5,1,True,42,
permABC-SMC,1090056.04719764,51.24257124279101,3695290.0,173.71231651306152,0.6307272366805639,24.56387192542033,90.87554698745522,27.63090140102567,0.6173102062456735,10.330185804511832,0.6948596779886149,4.4957161498345775,5,1,True,42,
permABC-SMC,1090868.7315634217,51.286389131461625,3698045.0,173.8608591556549,0.6286504169908332,24.56318012286656,90.87175563899736,27.630901401025984,0.6167731283597708,10.328706356559328,0.6954160360783586,4.49514168940853,5,1,True,42,
permABC-SMC,1091640.1179941003,51.54164203148676,3700660.0,174.7261664867401,0.6271625665983244,24.566376055529343,90.84457049860691,27.63090140102637,0.6198234019984381,10.329896822130312,0.6968042681751908,4.4957561845305145,5,1,True,42,
permABC-SMC,1604181.8181818184,75.65681346051105,3705660.0,174.76723909378052,0.6255089244549407,24.56928964514463,90.83949030151936,27.63090140100592,0.6219160967694278,10.328824868307592,0.6974193240614474,4.495629196918914,5,1,True,42,
permABC-SMC,1595879.5698924733,75.18162952956332,3710420.0,174.79728865623474,0.6222461941692046,24.569506417384687,90.8774808698284,27.63090140100568,0.6187130275532513,10.331184983042316,0.6967743095067329,4.496386223676459,5,1,True,42,
permABC-SMC,1587583.333333333,75.1285260559147,3714945.0,175.80075097084045,0.6204619652953283,24.569499959044165,90.90489172230636,27.63090140100539,0.6169516346993713,10.331222781856836,0.6959882513927729,4.496261164785802,5,1,True,42,
permABC-SMC,1579295.1167728235,75.02625601053745,3719240.0,176.68683290481567,0.6178603553664233,24.57294193171409,90.87933325201072,27.63090140100536,0.6190267408654175,10.329186957228414,0.6960108884683158,4.495257967561249,5,1,True,42,
permABC-SMC,1564420.168067227,74.66733956537327,3723320.0,177.70826816558838,0.6155279455877476,24.573366341273857,90.86377675893272,27.630901401005623,0.6208293981129379,10.328274192391833,0.6963310015991944,4.49501724471701,5,1,True,42,
permABC-SMC,1559500.0000000002,74.3701991675788,3727205.0,177.7447760105133,0.6135295763958862,24.570360501691173,90.76938501740578,27.630901401026662,0.6341440418883939,10.328421601082846,0.701902282806836,4.495359884077484,5,1,True,42,
permABC-SMC,1551307.6923076925,74.32815537878976,3730895.0,178.75921368598938,0.6121646491949677,24.57290754567296,90.75927187383472,27.630901401026563,0.6381958915084377,10.326223873443851,0.7030934950717689,4.494481580533859,5,1,True,42,
permABC-SMC,1549543.5684647302,74.53955792787164,3734400.0,179.64033460617063,0.6096433754041408,24.57527749651265,90.72682951648116,27.63090140102655,0.6400573032112866,10.32457379640981,0.7041217390662766,4.493956029754352,5,1,True,42,
permABC-SMC,1547714.2857142857,74.7531101076746,3737730.0,180.52876091003412,0.6074458919013119,24.57545809763702,90.74087902328498,27.63090140102632,0.6413585864718627,10.3218479213099,0.7034253818182111,4.49267590798805,5,1,True,42,
permABC-SMC,1542635.0515463916,74.80587703665508,3740890.0,181.4042518138885,0.6048212506565537,24.57788353741692,90.74533886714798,27.63090140102632,0.6425985431419761,10.323244798490098,0.7034110611437485,4.493062025013455,5,1,True,42,
permABC-SMC,1543874.2268041235,75.16828841769818,3743895.0,182.2830994129181,0.6028480730081376,24.570339825424064,90.70100230706092,27.630901401025888,0.6465999691551951,10.31769424309835,0.7052616774408922,4.490744202050282,5,1,True,42,
permABC-SMC,1538708.4188911703,74.87302198547111,3746755.0,182.3158085346222,0.6000417701849753,24.578241191839894,90.71864926299617,27.630901401026115,0.6478384396305751,10.32146248368175,0.705767100631992,4.4927222926473815,5,1,True,42,
permABC-SMC,1536668.0327868853,74.73057098075991,3749470.0,182.3425931930542,0.5987847871577473,24.587013545692653,90.68854119457072,27.630901401047755,0.6510545903169298,10.32463404580906,0.7073924147037869,4.494445649723254,5,1,True,42,
permABC-SMC,1537723.3606557376,74.74064133206352,3752045.0,182.36716485023496,0.5969165022817576,24.58595456321995,90.72626737428664,27.63090140104748,0.6525452430986702,10.327431039195,0.7081298547762955,4.495658019368318,5,1,True,42,
permABC-SMC,3143970.711297072,152.62955063057746,3757045.0,182.39231300354004,0.5946664016045194,24.58682857673012,90.71193568688864,27.63090140104737,0.6558495235301507,10.332571351154057,0.7101377032561736,4.498045230001559,5,1,True,42,
permABC-SMC,3121834.024896265,152.2033889263992,3761810.0,183.40508365631104,0.5934989537288703,24.60320600636792,90.6325755077814,27.630901401048327,0.6763765057298884,10.34008381951475,0.7172823651590805,4.502340446661439,5,1,True,42,
permABC-SMC,3099864.1975308647,150.98084814754537,3766335.0,183.4417304992676,0.5910975680821122,24.60385548891266,90.6577575576336,27.63090140104811,0.6770917635232608,10.333671062131437,0.7170271093286376,4.49942502466404,5,1,True,42,
permABC-SMC,3103403.2921810704,151.00487995540166,3770635.0,183.470929145813,0.5888005061293,24.59940712339892,90.59662419533842,27.630901401047783,0.6837164191472551,10.33150019570994,0.719471221276718,4.498690884768285,5,1,True,42,
permABC-SMC,3106777.7777777785,151.7047803588365,3774735.0,184.3213081359864,0.5869635323634059,24.60087849033925,90.5726956593333,27.630901401047574,0.6912490629989161,10.3338536949998,0.7216765157899319,4.500118474490716,5,1,True,42,
permABC-SMC,3109991.7695473256,152.56392259166077,3778640.0,185.3651659488678,0.5841304291733822,24.645395069236784,90.5393724626108,27.630901401092,0.6945973671545733,10.33061579712368,0.7213808640716233,4.498601828650803,5,1,True,42,
permABC-SMC,3100299.180327869,152.7857614345238,3782365.0,186.39862895011905,0.5826388125084786,24.64291734695947,90.5250621548926,27.63090140109184,0.6966231738441174,10.331682736801396,0.7220271660567723,4.499012337886512,5,1,True,42,
permABC-SMC,3103200.8196721314,152.8149221764236,3785905.0,186.4342050552368,0.5808895410639918,24.655507525026373,90.48291685976072,27.630901401113896,0.7076540968485527,10.33064928808862,0.7251345685147259,4.498890909789699,5,1,True,42,
permABC-SMC,3105967.213114754,153.65012551917405,3789280.0,187.4531531333924,0.5786613704244822,24.651789898536613,90.5123681565524,27.630901401113768,0.7150391131214993,10.33271220055459,0.7277638012283234,4.499849001080461,5,1,True,42,
permABC-SMC,3095914.285714285,153.7425591994305,3792495.0,188.3346350193024,0.5767783608476094,24.65538811842876,90.5685934365492,27.630901401113807,0.7095848208954958,10.329240953354516,0.7248687652805607,4.4981497130757,5,1,True,42,
permABC-SMC,3098416.3265306125,154.59819910477617,3795560.0,189.38279390335083,0.5750892133739591,24.6609915623359,90.464159754333,27.630901401113903,0.7207888900477233,10.325187570778091,0.7291415935238639,4.496906167544111,5,1,True,42,
permABC-SMC,3100791.836734694,154.62559583235762,3798470.0,189.4163548946381,0.5723943413772337,24.66041316219185,90.53301828554478,27.6309014011138,0.7211844490952798,10.324663770760267,0.7284965866830824,4.49659840698128,5,1,True,42,
permABC-SMC,3090430.894308944,154.70382353154625,3801230.0,190.28570294380188,0.5710832168920116,24.67617614733493,90.51883182107868,27.630901401114173,0.7209315801154298,10.323381058002266,0.7291276199741983,4.4960432760109805,5,1,True,42,
permABC-SMC,3092560.975609756,155.54739149605356,3803850.0,191.32329154014587,0.5686262232057436,24.6758962571678,90.4691788928791,27.630901401114347,0.7324117937186736,10.323183512948406,0.7303738065089083,4.496184677338496,5,1,True,42,
permABC-SMC,6193252.032520325,311.3765034249158,3808850.0,191.49654960632324,0.5675694824832269,24.672005687536345,90.40453384607262,27.63090140109356,0.7237471298635707,10.311286578529106,0.7289284451732556,4.490888099673913,5,1,True,42,
permABC-SMC,6151000.0,309.15756494768203,3813620.0,191.67769026756287,0.5648165191939072,24.67823781279412,90.47260804516182,27.63090140109349,0.7173023617955815,10.306494105637904,0.7264117103145936,4.488279852161253,5,1,True,42,
permABC-SMC,6109056.0,306.9524845123291,3818160.0,191.8453028202057,0.5629016075819335,24.71996620940939,90.35273706857674,27.63090140111669,0.721355504218262,10.309640021027388,0.7299428191328352,4.490051475461688,5,1,True,42,
permABC-SMC,6116000.0,308.57131042480466,3822500.0,192.85706901550293,0.5615718790788045,24.72488067407821,90.37509345087602,27.630901401116745,0.7268740728639306,10.307548300952398,0.7301008038488105,4.48900945702318,5,1,True,42,
permABC-SMC,6074000.0,307.7648344494048,3826620.0,193.891845703125,0.5604076258084901,24.745850997723288,90.3248925083464,27.63090140111733,0.732106640810632,10.303238096390068,0.7315238979489971,4.487268056216335,5,1,True,42,
permABC-SMC,6080214.285714285,308.04863846491253,3830535.0,194.0706422328949,0.5572415169175271,24.7687489845878,90.29291980452304,27.630901401139884,0.7348150153217408,10.313192794969115,0.7331201798187428,4.491775777571083,5,1,True,42,
permABC-SMC,6038188.976377953,305.6757172261636,3834250.0,194.1040804386139,0.5547282337869532,24.796222467840927,90.32762183702346,27.63090140114079,0.73486389566911,10.30859010414895,0.7315267199993597,4.489344196269994,5,1,True,42,
permABC-SMC,6043779.527559055,305.9262136774739,3837800.0,194.26314568519592,0.5526301697475459,24.798787073783235,90.34814306274204,27.630901401140623,0.7423045688227518,10.308549277939653,0.7318679807319068,4.489289857989094,5,1,True,42,
permABC-SMC,6049094.488188976,305.9650676456962,3841175.0,194.2878179550171,0.5505306067100844,24.820898418670563,90.36008990129515,27.630901401140942,0.7459819295153902,10.314396789023707,0.735906361897305,4.492416305800875,5,1,True,42,
permABC-SMC,6054212.598425197,307.3273174406037,3844425.0,195.15284657478333,0.5498452529724625,24.83952697592477,90.361787490107,27.63090140114258,0.743345401168164,10.32713059759349,0.7351588005216121,4.4979602962198,5,1,True,42,
permABC-SMC,6011835.9375,304.977098852396,3847575.0,195.18534326553345,0.5489283224773965,24.843607532191903,90.43676422155974,27.63090140114245,0.7349691410722234,10.328272617096632,0.7324448425609407,4.498205908220764,5,1,True,42,
permABC-SMC,6016757.8125,305.0187144428492,3850725.0,195.21197724342343,0.5489283224773965,24.843607532191903,90.43676422155974,27.63090140114245,0.7349691410722234,10.328272617096632,0.7324448425609407,4.498205908220764,5,1,True,42,
permABC-SMC,5929038.461538462,300.36037628467267,3853875.0,195.23424458503723,0.5489283224773965,24.843607532191903,90.43676422155974,27.63090140114245,0.7349691410722234,10.328272617096632,0.7324448425609407,4.498205908220764,5,1,True,42,
permABC-SMC,5933884.615384615,300.3899258833665,3857025.0,195.25345182418823,0.5489283224773965,24.843607532191903,90.43676422155974,27.63090140114245,0.7349691410722234,10.328272617096632,0.7324448425609407,4.498205908220764,5,1,True,42,
permABC-SMC,5938730.76923077,300.4156890282264,3860175.0,195.2701978683472,0.5489283224773965,24.843607532191903,90.43676422155974,27.63090140114245,0.7349691410722234,10.328272617096632,0.7324448425609407,4.498205908220764,5,1,True,42,
permABC-SMC,5943576.923076923,300.44077946589545,3863325.0,195.28650665283203,0.5489283224773965,24.843607532191903,90.43676422155974,27.63090140114245,0.7349691410722234,10.328272617096632,0.7324448425609407,4.498205908220764,5,1,True,42,
permABC-SMC,5948423.076923077,300.46577563652625,3866475.0,195.3027541637421,0.5489283224773965,24.843607532191903,90.43676422155974,27.63090140114245,0.7349691410722234,10.328272617096632,0.7324448425609407,4.498205908220764,5,1,True,42,
permABC-SMC,5907824.427480916,298.1969360176844,3869625.0,195.31899309158325,0.5489283224773965,24.843607532191903,90.43676422155974,27.63090140114245,0.7349691410722234,10.328272617096632,0.7324448425609407,4.498205908220764,5,1,True,42,
permABC-SMC,5912633.587786259,298.2217413778524,3872775.0,195.3352406024933,0.5489283224773965,24.843607532191903,90.43676422155974,27.63090140114245,0.7349691410722234,10.328272617096632,0.7324448425609407,4.498205908220764,5,1,True,42,
permABC-SMC,5917442.748091603,298.2465856857882,3875925.0,195.35151362419128,0.5489283224773965,24.843607532191903,90.43676422155974,27.63090140114245,0.7349691410722234,10.328272617096632,0.7324448425609407,4.498205908220764,5,1,True,42,
permABC-SMC,5922251.908396946,298.27152972912967,3879075.0,195.36785197258,0.5489283224773965,24.843607532191903,90.43676422155974,27.63090140114245,0.7349691410722234,10.328272617096632,0.7324448425609407,4.498205908220764,5,1,True,42,
permABC-SMC,5927061.06870229,298.29645520858185,3882225.0,195.3841781616211,0.5489283224773965,24.843607532191903,90.43676422155974,27.63090140114245,0.7349691410722234,10.328272617096632,0.7324448425609407,4.498205908220764,5,1,True,42,
permABC-SMC,5931870.229007633,298.32154703504256,3885375.0,195.40061330795288,0.5489283224773965,24.843607532191903,90.43676422155974,27.63090140114245,0.7349691410722234,10.328272617096632,0.7324448425609407,4.498205908220764,5,1,True,42,
permABC-SMC,5847406.015037593,293.8601267965216,3888525.0,195.4169843196869,0.5489283224773965,24.843607532191903,90.43676422155974,27.63090140114245,0.7349691410722234,10.328272617096632,0.7324448425609407,4.498205908220764,5,1,True,42,
permABC-SMC,5852142.857142857,293.8846767396855,3891675.0,195.43331003189087,0.5489283224773965,24.843607532191903,90.43676422155974,27.63090140114245,0.7349691410722234,10.328272617096632,0.7324448425609407,4.498205908220764,5,1,True,42,
permABC-SMC,5856879.69924812,293.90917075307743,3894825.0,195.4495985507965,0.5489283224773965,24.843607532191903,90.43676422155974,27.63090140114245,0.7349691410722234,10.328272617096632,0.7324448425609407,4.498205908220764,5,1,True,42,
permABC-SMC,5861616.541353384,293.9337167524754,3897975.0,195.4659216403961,0.5489283224773965,24.843607532191903,90.43676422155974,27.63090140114245,0.7349691410722234,10.328272617096632,0.7324448425609407,4.498205908220764,5,1,True,42,
permABC-SMC,5822574.626865671,291.7646087817292,3901125.0,195.4822878837585,0.5489283224773965,24.843607532191903,90.43676422155974,27.63090140114245,0.7349691410722234,10.328272617096632,0.7324448425609407,4.498205908220764,5,1,True,42,
permABC-SMC,5827276.119402985,291.7894833123506,3904275.0,195.4989538192749,0.5489283224773965,24.843607532191903,90.43676422155974,27.63090140114245,0.7349691410722234,10.328272617096632,0.7324448425609407,4.498205908220764,5,1,True,42,
permABC-SMC,5788777.777777777,289.65230694523564,3907425.0,195.5153071880341,0.5489283224773965,24.843607532191903,90.43676422155974,27.63090140114245,0.7349691410722234,10.328272617096632,0.7324448425609407,4.498205908220764,5,1,True,42,
permABC-SMC,5793444.444444444,289.6765281535961,3910575.0,195.53165650367737,0.5489283224773965,24.843607532191903,90.43676422155974,27.63090140114245,0.7349691410722234,10.328272617096632,0.7324448425609407,4.498205908220764,5,1,True,42,
permABC-SMC,5798111.111111111,289.7007207517271,3913725.0,195.54798650741577,0.5489283224773965,24.843607532191903,90.43676422155974,27.63090140114245,0.7349691410722234,10.328272617096632,0.7324448425609407,4.498205908220764,5,1,True,42,
permABC-SMC,5760110.294117647,287.5945648726295,3916875.0,195.5643041133881,0.5489283224773965,24.843607532191903,90.43676422155974,27.63090140114245,0.7349691410722234,10.328272617096632,0.7324448425609407,4.498205908220764,5,1,True,42,
permABC-SMC,5764742.647058823,287.6184740487267,3920025.0,195.58056235313416,0.5489283224773965,24.843607532191903,90.43676422155974,27.63090140114245,0.7349691410722234,10.328272617096632,0.7324448425609407,4.498205908220764,5,1,True,42,
permABC-SMC,5769375.0,287.6424849033356,3923175.0,195.5968897342682,0.5489283224773965,24.843607532191903,90.43676422155974,27.63090140114245,0.7349691410722234,10.328272617096632,0.7324448425609407,4.498205908220764,5,1,True,42,
permABC-SMC,5731861.313868613,285.56673961834315,3926325.0,195.61321663856504,0.5489283224773965,24.843607532191903,90.43676422155974,27.63090140114245,0.7349691410722234,10.328272617096632,0.7324448425609407,4.498205908220764,5,1,True,42,
permABC-SMC,5694891.304347825,283.5209155428237,3929475.0,195.6294317245484,0.5489283224773965,24.843607532191903,90.43676422155974,27.63090140114245,0.7349691410722234,10.328272617096632,0.7324448425609407,4.498205908220764,5,1,True,42,
permABC-SMC,5699456.521739129,283.54468241981834,3932625.0,195.64583086967468,0.5489283224773965,24.843607532191903,90.43676422155974,27.63090140114245,0.7349691410722234,10.328272617096632,0.7324448425609407,4.498205908220764,5,1,True,42,
permABC-SMC,5662985.611510791,281.5281483766843,3935775.0,195.66206312179563,0.5489283224773965,24.843607532191903,90.43676422155974,27.63090140114245,0.7349691410722234,10.328272617096632,0.7324448425609407,4.498205908220764,5,1,True,42,
permABC-SMC,5627035.714285714,279.54097373144964,3938925.0,195.6786816120148,0.5489283224773965,24.843607532191903,90.43676422155974,27.63090140114245,0.7349691410722234,10.328272617096632,0.7324448425609407,4.498205908220764,5,1,True,42,
permABC-SMC,5631535.714285714,279.564254283905,3942075.0,195.69497799873352,0.5489283224773965,24.843607532191903,90.43676422155974,27.63090140114245,0.7349691410722234,10.328272617096632,0.7324448425609407,4.498205908220764,5,1,True,42,
permABC-SMC,5636035.714285714,279.5876012529645,3945225.0,195.7113208770752,0.5489283224773965,24.843607532191903,90.43676422155974,27.63090140114245,0.7349691410722234,10.328272617096632,0.7324448425609407,4.498205908220764,5,1,True,42,
permABC-SMC,5640535.714285714,279.6108766964504,3948375.0,195.7276136875153,0.5489283224773965,24.843607532191903,90.43676422155974,27.63090140114245,0.7349691410722234,10.328272617096632,0.7324448425609407,4.498205908220764,5,1,True,42,
permABC-SMC,5645035.714285714,279.634153502328,3951525.0,195.74390745162964,0.5489283224773965,24.843607532191903,90.43676422155974,27.63090140114245,0.7349691410722234,10.328272617096632,0.7324448425609407,4.498205908220764,5,1,True,42,
permABC-SMC,5649535.714285714,279.6574013573782,3954675.0,195.7601809501648,0.5489283224773965,24.843607532191903,90.43676422155974,27.63090140114245,0.7349691410722234,10.328272617096632,0.7324448425609407,4.498205908220764,5,1,True,42,
permABC-SMC,5654035.714285714,279.6806597709655,3957825.0,195.7764618396759,0.5489283224773965,24.843607532191903,90.43676422155974,27.63090140114245,0.7349691410722234,10.328272617096632,0.7324448425609407,4.498205908220764,5,1,True,42,
permABC-SMC,5658535.714285714,279.7039249965122,3960975.0,195.7927474975586,0.5489283224773965,24.843607532191903,90.43676422155974,27.63090140114245,0.7349691410722234,10.328272617096632,0.7324448425609407,4.498205908220764,5,1,True,42,
permABC-SMC,5663035.714285714,279.7271851130894,3964125.0,195.8090295791626,0.5489283224773965,24.843607532191903,90.43676422155974,27.63090140114245,0.7349691410722234,10.328272617096632,0.7324448425609407,4.498205908220764,5,1,True,42,
permABC-SMC,5667535.714285714,279.75050381251737,3967275.0,195.8253526687622,0.5489283224773965,24.843607532191903,90.43676422155974,27.63090140114245,0.7349691410722234,10.328272617096632,0.7324448425609407,4.498205908220764,5,1,True,42,
permABC-SMC,5672035.714285714,279.7737138611929,3970425.0,195.84159970283508,0.5489283224773965,24.843607532191903,90.43676422155974,27.63090140114245,0.7349691410722234,10.328272617096632,0.7324448425609407,4.498205908220764,5,1,True,42,
permABC-SMC,5676535.714285714,279.7970185961042,3973575.0,195.8579130172729,0.5489283224773965,24.843607532191903,90.43676422155974,27.63090140114245,0.7349691410722234,10.328272617096632,0.7324448425609407,4.498205908220764,5,1,True,42,
permABC-SMC,5681035.714285714,279.8204851150512,3976725.0,195.8743395805359,0.5489283224773965,24.843607532191903,90.43676422155974,27.63090140114245,0.7349691410722234,10.328272617096632,0.7324448425609407,4.498205908220764,5,1,True,42,
permABC-SMC,5685535.714285714,279.84378814697266,3979875.0,195.8906517028809,0.5489283224773965,24.843607532191903,90.43676422155974,27.63090140114245,0.7349691410722234,10.328272617096632,0.7324448425609407,4.498205908220764,5,1,True,42,
permABC-SMC,5690035.714285714,279.86703702381675,3983025.0,195.90692591667167,0.5489283224773965,24.843607532191903,90.43676422155974,27.63090140114245,0.7349691410722234,10.328272617096632,0.7324448425609407,4.498205908220764,5,1,True,42,
permABC-SMC,5694535.714285714,279.8903822898864,3986175.0,195.92326760292053,0.5489283224773965,24.843607532191903,90.43676422155974,27.63090140114245,0.7349691410722234,10.328272617096632,0.7324448425609407,4.498205908220764,5,1,True,42,
permABC-SMC,5699035.714285714,279.9138375691005,3989325.0,195.9396862983704,0.5489283224773965,24.843607532191903,90.43676422155974,27.63090140114245,0.7349691410722234,10.328272617096632,0.7324448425609407,4.498205908220764,5,1,True,42,
permABC-SMC,5703535.714285714,279.9371000698634,3992475.0,195.9559700489044,0.5489283224773965,24.843607532191903,90.43676422155974,27.63090140114245,0.7349691410722234,10.328272617096632,0.7324448425609407,4.498205908220764,5,1,True,42,
permABC-SMC,5708035.714285714,279.9604112761361,3995625.0,195.9722878932953,0.5489283224773965,24.843607532191903,90.43676422155974,27.63090140114245,0.7349691410722234,10.328272617096632,0.7324448425609407,4.498205908220764,5,1,True,42,
permABC-SMC,5712535.714285714,279.9837344033377,3998775.0,195.98861408233645,0.5489283224773965,24.843607532191903,90.43676422155974,27.63090140114245,0.7349691410722234,10.328272617096632,0.7324448425609407,4.498205908220764,5,1,True,42,
permABC-SMC,5717035.714285714,280.0071433612278,4001925.0,196.0050003528595,0.5489283224773965,24.843607532191903,90.43676422155974,27.63090140114245,0.7349691410722234,10.328272617096632,0.7324448425609407,4.498205908220764,5,1,True,42,
permABC-SMC,5680957.44680851,278.0443938911384,4005075.0,196.02129769325256,0.5489283224773965,24.843607532191903,90.43676422155974,27.63090140114245,0.7349691410722234,10.328272617096632,0.7324448425609407,4.498205908220764,5,1,True,42,
permABC-SMC,5645387.3239436615,276.1093223598641,4008225.0,196.0376188755036,0.5489283224773965,24.843607532191903,90.43676422155974,27.63090140114245,0.7349691410722234,10.328272617096632,0.7324448425609407,4.498205908220764,5,1,True,42,
permABC-SMC,5649823.943661972,276.1322333779134,4011375.0,196.05388569831848,0.5489283224773965,24.843607532191903,90.43676422155974,27.63090140114245,0.7349691410722234,10.328272617096632,0.7324448425609407,4.498205908220764,5,1,True,42,
permABC-SMC,5654260.563380281,276.1554499747048,4014525.0,196.0703694820404,0.5489283224773965,24.843607532191903,90.43676422155974,27.63090140114245,0.7349691410722234,10.328272617096632,0.7324448425609407,4.498205908220764,5,1,True,42,
permABC-SMC,5658697.183098591,276.1785869867029,4017675.0,196.08679676055908,0.5489283224773965,24.843607532191903,90.43676422155974,27.63090140114245,0.7349691410722234,10.328272617096632,0.7324448425609407,4.498205908220764,5,1,True,42,
permABC-SMC,5663133.802816901,276.2028815041125,4020825.0,196.10404586791992,0.5489283224773965,24.843607532191903,90.43676422155974,27.63090140114245,0.7349691410722234,10.328272617096632,0.7324448425609407,4.498205908220764,5,1,True,42,
permABC-SMC,5667570.422535211,276.2259254992848,4023975.0,196.1204071044922,0.5489283224773965,24.843607532191903,90.43676422155974,27.63090140114245,0.7349691410722234,10.328272617096632,0.7324448425609407,4.498205908220764,5,1,True,42,
permABC-SMC,5672007.042253521,276.248823756903,4027125.0,196.13666486740112,0.5489283224773965,24.843607532191903,90.43676422155974,27.63090140114245,0.7349691410722234,10.328272617096632,0.7324448425609407,4.498205908220764,5,1,True,42,
permABC-SMC,5636748.251748252,274.33988697878965,4030275.0,196.1530191898346,0.5489283224773965,24.843607532191903,90.43676422155974,27.63090140114245,0.7349691410722234,10.328272617096632,0.7324448425609407,4.498205908220764,5,1,True,42,
permABC-SMC,5641153.846153846,274.3626021005057,4033425.0,196.1692605018616,0.5489283224773965,24.843607532191903,90.43676422155974,27.63090140114245,0.7349691410722234,10.328272617096632,0.7324448425609407,4.498205908220764,5,1,True,42,
permABC-SMC,5645559.44055944,274.385619663692,4036575.0,196.1857180595398,0.5489283224773965,24.843607532191903,90.43676422155974,27.63090140114245,0.7349691410722234,10.328272617096632,0.7324448425609407,4.498205908220764,5,1,True,42,
permABC-SMC,5649965.034965035,274.40836612994855,4039725.0,196.2019817829132,0.5489283224773965,24.843607532191903,90.43676422155974,27.63090140114245,0.7349691410722234,10.328272617096632,0.7324448425609407,4.498205908220764,5,1,True,42,
permABC-SMC,5615104.166666667,272.52543965975445,4042875.0,196.2183165550232,0.5489283224773965,24.843607532191903,90.43676422155974,27.63090140114245,0.7349691410722234,10.328272617096632,0.7324448425609407,4.498205908220764,5,1,True,42,
permABC-SMC,5619479.166666667,272.5480669074588,4046025.0,196.2346081733704,0.5489283224773965,24.843607532191903,90.43676422155974,27.63090140114245,0.7349691410722234,10.328272617096632,0.7324448425609407,4.498205908220764,5,1,True,42,
permABC-SMC,5623854.166666667,272.5708951552709,4049175.0,196.25104451179504,0.5489283224773965,24.843607532191903,90.43676422155974,27.63090140114245,0.7349691410722234,10.328272617096632,0.7324448425609407,4.498205908220764,5,1,True,42,
permABC-SMC,5589413.793103448,270.7136094981226,4052325.0,196.2673668861389,0.5489283224773965,24.843607532191903,90.43676422155974,27.63090140114245,0.7349691410722234,10.328272617096632,0.7324448425609407,4.498205908220764,5,1,True,42,
permABC-SMC,5555445.205479452,268.8817915851123,4055475.0,196.283707857132,0.5489283224773965,24.843607532191903,90.43676422155974,27.63090140114245,0.7349691410722234,10.328272617096632,0.7324448425609407,4.498205908220764,5,1,True,42,
permABC-SMC,5559760.273972603,268.90435839352546,4058625.0,196.3001816272736,0.5489283224773965,24.843607532191903,90.43676422155974,27.63090140114245,0.7349691410722234,10.328272617096632,0.7324448425609407,4.498205908220764,5,1,True,42,
permABC-SMC,5526224.489795918,267.0973232814244,4061775.0,196.31653261184687,0.5489283224773965,24.843607532191903,90.43676422155974,27.63090140114245,0.7349691410722234,10.328272617096632,0.7324448425609407,4.498205908220764,5,1,True,42,
permABC-SMC,5530510.204081633,267.1196765640155,4064925.0,196.3329622745514,0.5489283224773965,24.843607532191903,90.43676422155974,27.63090140114245,0.7349691410722234,10.328272617096632,0.7324448425609407,4.498205908220764,5,1,True,42,
permABC-SMC,5497398.6486486485,265.33692881867694,4068075.0,196.34932732582087,0.5489283224773965,24.843607532191903,90.43676422155974,27.63090140114245,0.7349691410722234,10.328272617096632,0.7324448425609407,4.498205908220764,5,1,True,42,
permABC-SMC,5501655.405405405,265.35895869538587,4071225.0,196.3656294345856,0.5489283224773965,24.843607532191903,90.43676422155974,27.63090140114245,0.7349691410722234,10.328272617096632,0.7324448425609407,4.498205908220764,5,1,True,42,
permABC-SMC,5468959.731543624,263.59989371075727,4074375.0,196.38192081451416,0.5489283224773965,24.843607532191903,90.43676422155974,27.63090140114245,0.7349691410722234,10.328272617096632,0.7324448425609407,4.498205908220764,5,1,True,42,
permABC-SMC,5473187.919463088,263.62179429739115,4077525.0,196.3982367515564,0.5489283224773965,24.843607532191903,90.43676422155974,27.63090140114245,0.7349691410722234,10.328272617096632,0.7324448425609407,4.498205908220764,5,1,True,42,
permABC-SMC,5477416.107382551,263.64364848040896,4080675.0,196.41451811790463,0.5489283224773965,24.843607532191903,90.43676422155974,27.63090140114245,0.7349691410722234,10.328272617096632,0.7324448425609407,4.498205908220764,5,1,True,42,
permABC-SMC,5481644.295302013,263.6655609079656,4083825.0,196.43084287643435,0.5489283224773965,24.843607532191903,90.43676422155974,27.63090140114245,0.7349691410722234,10.328272617096632,0.7324448425609407,4.498205908220764,5,1,True,42,
permABC-SMC,5449300.0,261.92950280507404,4086975.0,196.4471271038056,0.5489283224773965,24.843607532191903,90.43676422155974,27.63090140114245,0.7349691410722234,10.328272617096632,0.7324448425609407,4.498205908220764,5,1,True,42,
permABC-SMC,5453500.0,261.95129140218097,4090125.0,196.4634685516357,0.5489283224773965,24.843607532191903,90.43676422155974,27.63090140114245,0.7349691410722234,10.328272617096632,0.7324448425609407,4.498205908220764,5,1,True,42,
permABC-SMC,5457700.0,261.97309080759686,4093275.0,196.47981810569763,0.5489283224773965,24.843607532191903,90.43676422155974,27.63090140114245,0.7349691410722234,10.328272617096632,0.7324448425609407,4.498205908220764,5,1,True,42,
permABC-SMC,5461900.0,261.9950199127197,4096425.0,196.4962649345398,0.5489283224773965,24.843607532191903,90.43676422155974,27.63090140114245,0.7349691410722234,10.328272617096632,0.7324448425609407,4.498205908220764,5,1,True,42,
permABC-SMC,5466100.0,262.0168863932292,4099575.0,196.51266479492188,0.5489283224773965,24.843607532191903,90.43676422155974,27.63090140114245,0.7349691410722234,10.328272617096632,0.7324448425609407,4.498205908220764,5,1,True,42,
permABC-SMC,5398322.368421053,258.5907660032574,4102725.0,196.5289821624756,0.5489283224773965,24.843607532191903,90.43676422155974,27.63090140114245,0.7349691410722234,10.328272617096632,0.7324448425609407,4.498205908220764,5,1,True,42,
permABC-SMC,5402467.105263158,258.6123604523508,4105875.0,196.54539394378665,0.5489283224773965,24.843607532191903,90.43676422155974,27.63090140114245,0.7349691410722234,10.328272617096632,0.7324448425609407,4.498205908220764,5,1,True,42,
permABC-SMC,5406611.842105263,258.6340929332532,4109025.0,196.5619106292725,0.5489283224773965,24.843607532191903,90.43676422155974,27.63090140114245,0.7349691410722234,10.328272617096632,0.7324448425609407,4.498205908220764,5,1,True,42,
permABC-SMC,5410756.578947368,258.6554960200661,4112175.0,196.57817697525024,0.5489283224773965,24.843607532191903,90.43676422155974,27.63090140114245,0.7349691410722234,10.328272617096632,0.7324448425609407,4.498205908220764,5,1,True,42,
permABC-SMC,5414901.315789473,258.6769954154366,4115325.0,196.5945165157318,0.5489283224773965,24.843607532191903,90.43676422155974,27.63090140114245,0.7349691410722234,10.328272617096632,0.7324448425609407,4.498205908220764,5,1,True,42,
permABC-SMC,5348668.831168831,255.33886420262328,4118475.0,196.6109254360199,0.5489283224773965,24.843607532191903,90.43676422155974,27.63090140114245,0.7349691410722234,10.328272617096632,0.7324448425609407,4.498205908220764,5,1,True,42,
permABC-SMC,5318225.806451613,253.71261935080253,4121625.0,196.62727999687195,0.5489283224773965,24.843607532191903,90.43676422155974,27.63090140114245,0.7349691410722234,10.328272617096632,0.7324448425609407,4.498205908220764,5,1,True,42,
permABC-SMC,5288173.076923077,252.1071962821178,4124775.0,196.64361310005188,0.5489283224773965,24.843607532191903,90.43676422155974,27.63090140114245,0.7349691410722234,10.328272617096632,0.7324448425609407,4.498205908220764,5,1,True,42,
permABC-SMC,5258503.184713376,250.52223387797167,4127925.0,196.65995359420776,0.5489283224773965,24.843607532191903,90.43676422155974,27.63090140114245,0.7349691410722234,10.328272617096632,0.7324448425609407,4.498205908220764,5,1,True,42,
permABC-SMC,5262515.923566879,250.5430671060161,4131075.0,196.67630767822263,0.5489283224773965,24.843607532191903,90.43676422155974,27.63090140114245,0.7349691410722234,10.328272617096632,0.7324448425609407,4.498205908220764,5,1,True,42,
permABC-SMC,5266528.662420382,250.56378401009133,4134225.0,196.69257044792167,0.5489283224773965,24.843607532191903,90.43676422155974,27.63090140114245,0.7349691410722234,10.328272617096632,0.7324448425609407,4.498205908220764,5,1,True,42,
permABC-SMC,5270541.401273886,250.5845774510864,4137375.0,196.7088932991028,0.5489283224773965,24.843607532191903,90.43676422155974,27.63090140114245,0.7349691410722234,10.328272617096632,0.7324448425609407,4.498205908220764,5,1,True,42,
permABC-SMC,5274554.140127389,250.60534112772365,4140525.0,196.72519278526303,0.5489283224773965,24.843607532191903,90.43676422155974,27.63090140114245,0.7349691410722234,10.328272617096632,0.7324448425609407,4.498205908220764,5,1,True,42,
permABC-SMC,5278566.878980892,250.62611756051425,4143675.0,196.7415022850037,0.5489283224773965,24.843607532191903,90.43676422155974,27.63090140114245,0.7349691410722234,10.328272617096632,0.7324448425609407,4.498205908220764,5,1,True,42,
permABC-SMC,5282579.617834396,250.64697326368585,4146825.0,196.7578740119934,0.5489283224773965,24.843607532191903,90.43676422155974,27.63090140114245,0.7349691410722234,10.328272617096632,0.7324448425609407,4.498205908220764,5,1,True,42,
permABC-SMC,5286592.356687898,250.6677500001944,4149975.0,196.7741837501526,0.5489283224773965,24.843607532191903,90.43676422155974,27.63090140114245,0.7349691410722234,10.328272617096632,0.7324448425609407,4.498205908220764,5,1,True,42,
permABC-SMC,5290605.095541401,250.6886658395172,4153125.0,196.790602684021,0.5489283224773965,24.843607532191903,90.43676422155974,27.63090140114245,0.7349691410722234,10.328272617096632,0.7324448425609407,4.498205908220764,5,1,True,42,
permABC-SMC,5261107.594936709,249.12265765516065,4156275.0,196.8068995475769,0.5489283224773965,24.843607532191903,90.43676422155974,27.63090140114245,0.7349691410722234,10.328272617096632,0.7324448425609407,4.498205908220764,5,1,True,42,
permABC-SMC,5265094.936708861,249.1432437413856,4159425.0,196.82316255569452,0.5489283224773965,24.843607532191903,90.43676422155974,27.63090140114245,0.7349691410722234,10.328272617096632,0.7324448425609407,4.498205908220764,5,1,True,42,
permABC-SMC,5269082.278481012,249.1639110106456,4162575.0,196.83948969841003,0.5489283224773965,24.843607532191903,90.43676422155974,27.63090140114245,0.7349691410722234,10.328272617096632,0.7324448425609407,4.498205908220764,5,1,True,42,
permABC-SMC,5273069.620253164,249.1846374318569,4165725.0,196.855863571167,0.5489283224773965,24.843607532191903,90.43676422155974,27.63090140114245,0.7349691410722234,10.328272617096632,0.7324448425609407,4.498205908220764,5,1,True,42,
permABC-SMC,5277056.962025316,249.20527391795872,4168875.0,196.87216639518732,0.5489283224773965,24.843607532191903,90.43676422155974,27.63090140114245,0.7349691410722234,10.328272617096632,0.7324448425609407,4.498205908220764,5,1,True,42,
permABC-SMC,5281044.303797469,249.22641289385052,4172025.0,196.888866186142,0.5489283224773965,24.843607532191903,90.43676422155974,27.63090140114245,0.7349691410722234,10.328272617096632,0.7324448425609407,4.498205908220764,5,1,True,42,
permABC-SMC,5285031.645569621,249.2474966411349,4175175.0,196.90552234649653,0.5489283224773965,24.843607532191903,90.43676422155974,27.63090140114245,0.7349691410722234,10.328272617096632,0.7324448425609407,4.498205908220764,5,1,True,42,
permABC-SMC,5289018.987341772,249.2682816107062,4178325.0,196.92194247245789,0.5489283224773965,24.843607532191903,90.43676422155974,27.63090140114245,0.7349691410722234,10.328272617096632,0.7324448425609407,4.498205908220764,5,1,True,42,
permABC-SMC,5226843.75,246.17291688919067,4181475.0,196.9383335113525,0.5489283224773965,24.843607532191903,90.43676422155974,27.63090140114245,0.7349691410722234,10.328272617096632,0.7324448425609407,4.498205908220764,5,1,True,42,
permABC-SMC,5198291.925465838,244.66426091164536,4184625.0,196.9547300338745,0.5489283224773965,24.843607532191903,90.43676422155974,27.63090140114245,0.7349691410722234,10.328272617096632,0.7324448425609407,4.498205908220764,5,1,True,42,
permABC-SMC,5170092.592592592,243.17427476247155,4187775.0,196.971162557602,0.5489283224773965,24.843607532191903,90.43676422155974,27.63090140114245,0.7349691410722234,10.328272617096632,0.7324448425609407,4.498205908220764,5,1,True,42,
permABC-SMC,5173981.481481481,243.19449148060363,4190925.0,196.9875380992889,0.5489283224773965,24.843607532191903,90.43676422155974,27.63090140114245,0.7349691410722234,10.328272617096632,0.7324448425609407,4.498205908220764,5,1,True,42,
permABC-SMC,5177870.37037037,243.21467964737505,4194075.0,197.00389051437372,0.5489283224773965,24.843607532191903,90.43676422155974,27.63090140114245,0.7349691410722234,10.328272617096632,0.7324448425609407,4.498205908220764,5,1,True,42,
permABC-SMC,5181759.259259259,243.23510034584703,4197225.0,197.0204312801361,0.5489283224773965,24.843607532191903,90.43676422155974,27.63090140114245,0.7349691410722234,10.328272617096632,0.7324448425609407,4.498205908220764,5,1,True,42,
permABC-SMC,5153834.35582822,241.7630956216824,4200375.0,197.0369229316712,0.5489283224773965,24.843607532191903,90.43676422155974,27.63090140114245,0.7349691410722234,10.328272617096632,0.7324448425609407,4.498205908220764,5,1,True,42,
permABC-SMC,5157699.386503067,241.7832003049324,4203525.0,197.0533082485199,0.5489283224773965,24.843607532191903,90.43676422155974,27.63090140114245,0.7349691410722234,10.328272617096632,0.7324448425609407,4.498205908220764,5,1,True,42,
permABC-SMC,5161564.417177913,241.8034848991347,4206675.0,197.0698401927948,0.5489283224773965,24.843607532191903,90.43676422155974,27.63090140114245,0.7349691410722234,10.328272617096632,0.7324448425609407,4.498205908220764,5,1,True,42,
permABC-SMC,5133932.926829267,240.34917616262663,4209825.0,197.08632445335388,0.5489283224773965,24.843607532191903,90.43676422155974,27.63090140114245,0.7349691410722234,10.328272617096632,0.7324448425609407,4.498205908220764,5,1,True,42,
permABC-SMC,5137774.390243902,240.36916726973,4212975.0,197.1027171611786,0.5489283224773965,24.843607532191903,90.43676422155974,27.63090140114245,0.7349691410722234,10.328272617096632,0.7324448425609407,4.498205908220764,5,1,True,42,
permABC-SMC,5141615.853658536,240.38917320530587,4216125.0,197.11912202835083,0.5489283224773965,24.843607532191903,90.43676422155974,27.63090140114245,0.7349691410722234,10.328272617096632,0.7324448425609407,4.498205908220764,5,1,True,42,
permABC-SMC,5145457.31707317,240.4091907710564,4219275.0,197.13553643226624,0.5489283224773965,24.843607532191903,90.43676422155974,27.63090140114245,0.7349691410722234,10.328272617096632,0.7324448425609407,4.498205908220764,5,1,True,42,
permABC-SMC,5149298.780487804,240.4292818976612,4222425.0,197.15201115608207,0.5489283224773965,24.843607532191903,90.43676422155974,27.63090140114245,0.7349691410722234,10.328272617096632,0.7324448425609407,4.498205908220764,5,1,True,42,
permABC-SMC,5153140.243902438,240.4493084767969,4225575.0,197.1684329509735,0.5489283224773965,24.843607532191903,90.43676422155974,27.63090140114245,0.7349691410722234,10.328272617096632,0.7324448425609407,4.498205908220764,5,1,True,42,
permABC-SMC,5156981.707317073,240.46936296835176,4228725.0,197.1848776340485,0.5489283224773965,24.843607532191903,90.43676422155974,27.63090140114245,0.7349691410722234,10.328272617096632,0.7324448425609407,4.498205908220764,5,1,True,42,
permABC-SMC,5160823.170731707,240.48937152071696,4231875.0,197.20128464698792,0.5489283224773965,24.843607532191903,90.43676422155974,27.63090140114245,0.7349691410722234,10.328272617096632,0.7324448425609407,4.498205908220764,5,1,True,42,
permABC-SMC,5164664.634146341,240.5093867604325,4235025.0,197.2176971435547,0.5489283224773965,24.843607532191903,90.43676422155974,27.63090140114245,0.7349691410722234,10.328272617096632,0.7324448425609407,4.498205908220764,5,1,True,42,
permABC-SMC,5168506.097560975,240.52935896850207,4238175.0,197.23407435417167,0.5489283224773965,24.843607532191903,90.43676422155974,27.63090140114245,0.7349691410722234,10.328272617096632,0.7324448425609407,4.498205908220764,5,1,True,42,
permABC-SMC,5172347.560975608,240.5494070634609,4241325.0,197.250513792038,0.5489283224773965,24.843607532191903,90.43676422155974,27.63090140114245,0.7349691410722234,10.328272617096632,0.7324448425609407,4.498205908220764,5,1,True,42,
permABC-SMC,5176189.024390244,240.56941009149315,4244475.0,197.2669162750244,0.5489283224773965,24.843607532191903,90.43676422155974,27.63090140114245,0.7349691410722234,10.328272617096632,0.7324448425609407,4.498205908220764,5,1,True,42,
permABC-SMC,5180030.487804878,240.58936572656395,4247625.0,197.28327989578247,0.5489283224773965,24.843607532191903,90.43676422155974,27.63090140114245,0.7349691410722234,10.328272617096632,0.7324448425609407,4.498205908220764,5,1,True,42,
permABC-SMC,5183871.951219511,240.6093812570339,4250775.0,197.29969263076785,0.5489283224773965,24.843607532191903,90.43676422155974,27.63090140114245,0.7349691410722234,10.328272617096632,0.7324448425609407,4.498205908220764,5,1,True,42,
permABC-SMC,5187713.414634146,240.62933572908724,4253925.0,197.3160552978516,0.5489283224773965,24.843607532191903,90.43676422155974,27.63090140114245,0.7349691410722234,10.328272617096632,0.7324448425609407,4.498205908220764,5,1,True,42,
permABC-SMC,5191554.878048779,240.6493890576246,4257075.0,197.3324990272522,0.5489283224773965,24.843607532191903,90.43676422155974,27.63090140114245,0.7349691410722234,10.328272617096632,0.7324448425609407,4.498205908220764,5,1,True,42,
permABC-SMC,5195396.341463414,240.6692807267352,4260225.0,197.34881019592285,0.5489283224773965,24.843607532191903,90.43676422155974,27.63090140114245,0.7349691410722234,10.328272617096632,0.7324448425609407,4.498205908220764,5,1,True,42,
permABC-SMC,5199237.804878049,240.68932126208043,4263375.0,197.365243434906,0.5489283224773965,24.843607532191903,90.43676422155974,27.63090140114245,0.7349691410722234,10.328272617096632,0.7324448425609407,4.498205908220764,5,1,True,42,
permABC-SMC,5203079.268292682,240.70924927548663,4266525.0,197.38158440589905,0.5489283224773965,24.843607532191903,90.43676422155974,27.63090140114245,0.7349691410722234,10.328272617096632,0.7324448425609407,4.498205908220764,5,1,True,42,
permABC-SMC,5206920.731707316,240.72919938622448,4269675.0,197.3979434967041,0.5489283224773965,24.843607532191903,90.43676422155974,27.63090140114245,0.7349691410722234,10.328272617096632,0.7324448425609407,4.498205908220764,5,1,True,42,
permABC-SMC,5147981.927710842,237.8485705479081,4272825.0,197.4143135547638,0.5489283224773965,24.843607532191903,90.43676422155974,27.63090140114245,0.7349691410722234,10.328272617096632,0.7324448425609407,4.498205908220764,5,1,True,42,
permABC-SMC,5120928.143712574,236.44399642944333,4275975.0,197.4307370185852,0.5489283224773965,24.843607532191903,90.43676422155974,27.63090140114245,0.7349691410722234,10.328272617096632,0.7324448425609407,4.498205908220764,5,1,True,42,
permABC-SMC,5124700.598802395,236.46352448149352,4279125.0,197.44704294204712,0.5489283224773965,24.843607532191903,90.43676422155974,27.63090140114245,0.7349691410722234,10.328272617096632,0.7324448425609407,4.498205908220764,5,1,True,42,
permABC-SMC,5128473.053892215,236.48306338373047,4282275.0,197.46335792541504,0.5489283224773965,24.843607532191903,90.43676422155974,27.63090140114245,0.7349691410722234,10.328272617096632,0.7324448425609407,4.498205908220764,5,1,True,42,
permABC-SMC,5071508.875739644,233.70440358946303,4285425.0,197.4802210330963,0.5489283224773965,24.843607532191903,90.43676422155974,27.63090140114245,0.7349691410722234,10.328272617096632,0.7324448425609407,4.498205908220764,5,1,True,42,
permABC-SMC,5075236.686390532,233.72394290901497,4288575.0,197.49673175811768,0.5489283224773965,24.843607532191903,90.43676422155974,27.63090140114245,0.7349691410722234,10.328272617096632,0.7324448425609407,4.498205908220764,5,1,True,42,
permABC-SMC,5078964.497041419,233.74342043724283,4291725.0,197.5131902694702,0.5489283224773965,24.843607532191903,90.43676422155974,27.63090140114245,0.7349691410722234,10.328272617096632,0.7324448425609407,4.498205908220764,5,1,True,42,
permABC-SMC,5082692.307692307,233.7629620140121,4294875.0,197.5297029018402,0.5489283224773965,24.843607532191903,90.43676422155974,27.63090140114245,0.7349691410722234,10.328272617096632,0.7324448425609407,4.498205908220764,5,1,True,42,
permABC-SMC,5086420.118343194,233.78235687165568,4298025.0,197.54609155654907,0.5489283224773965,24.843607532191903,90.43676422155974,27.63090140114245,0.7349691410722234,10.328272617096632,0.7324448425609407,4.498205908220764,5,1,True,42,
permABC-SMC,5090147.928994083,233.80172831066963,4301175.0,197.56246042251587,0.5489283224773965,24.843607532191903,90.43676422155974,27.63090140114245,0.7349691410722234,10.328272617096632,0.7324448425609407,4.498205908220764,5,1,True,42,
permABC-SMC,5093875.73964497,233.8213565081534,4304325.0,197.57904624938965,0.5489283224773965,24.843607532191903,90.43676422155974,27.63090140114245,0.7349691410722234,10.328272617096632,0.7324448425609407,4.498205908220764,5,1,True,42,
permABC-SMC,5097603.550295858,233.84080836053428,4307475.0,197.5954830646515,0.5489283224773965,24.843607532191903,90.43676422155974,27.63090140114245,0.7349691410722234,10.328272617096632,0.7324448425609407,4.498205908220764,5,1,True,42,
permABC-SMC,5101331.360946745,233.860213657808,4310625.0,197.61188054084772,0.5489283224773965,24.843607532191903,90.43676422155974,27.63090140114245,0.7349691410722234,10.328272617096632,0.7324448425609407,4.498205908220764,5,1,True,42,
permABC-SMC,5105059.171597633,233.87961218342977,4313775.0,197.62827229499817,0.5489283224773965,24.843607532191903,90.43676422155974,27.63090140114245,0.7349691410722234,10.328272617096632,0.7324448425609407,4.498205908220764,5,1,True,42,
permABC-SMC,5108786.98224852,233.8991972116324,4316925.0,197.6448216438293,0.5489283224773965,24.843607532191903,90.43676422155974,27.63090140114245,0.7349691410722234,10.328272617096632,0.7324448425609407,4.498205908220764,5,1,True,42,
permABC-SMC,5082441.176470587,232.5426477544448,4320075.0,197.66125059127808,0.5489283224773965,24.843607532191903,90.43676422155974,27.63090140114245,0.7349691410722234,10.328272617096632,0.7324448425609407,4.498205908220764,5,1,True,42,
permABC-SMC,5086147.058823529,232.5619619032916,4323225.0,197.67766761779785,0.5489283224773965,24.843607532191903,90.43676422155974,27.63090140114245,0.7349691410722234,10.328272617096632,0.7324448425609407,4.498205908220764,5,1,True,42,
permABC-SMC,5089852.94117647,232.58136104134948,4326375.0,197.6941568851471,0.5489283224773965,24.843607532191903,90.43676422155974,27.63090140114245,0.7349691410722234,10.328272617096632,0.7324448425609407,4.498205908220764,5,1,True,42,
permABC-SMC,5093558.823529411,232.6006729462567,4329525.0,197.71057200431824,0.5489283224773965,24.843607532191903,90.43676422155974,27.63090140114245,0.7349691410722234,10.328272617096632,0.7324448425609407,4.498205908220764,5,1,True,42,
permABC-SMC,5097264.705882352,232.62014641481284,4332675.0,197.7271244525909,0.5489283224773965,24.843607532191903,90.43676422155974,27.63090140114245,0.7349691410722234,10.328272617096632,0.7324448425609407,4.498205908220764,5,1,True,42,
permABC-SMC,5100970.5882352935,232.63960080988264,4335825.0,197.74366068840027,0.5489283224773965,24.843607532191903,90.43676422155974,27.63090140114245,0.7349691410722234,10.328272617096632,0.7324448425609407,4.498205908220764,5,1,True,42,
permABC-SMC,5104676.470588234,232.659010887146,4338975.0,197.7601592540741,0.5489283224773965,24.843607532191903,90.43676422155974,27.63090140114245,0.7349691410722234,10.328272617096632,0.7324448425609407,4.498205908220764,5,1,True,42,
permABC-SMC,5108382.352941176,232.67834579243376,4342125.0,197.77659392356875,0.5489283224773965,24.843607532191903,90.43676422155974,27.63090140114245,0.7349691410722234,10.328272617096632,0.7324448425609407,4.498205908220764,5,1,True,42,
permABC-SMC,5082192.982456139,231.3369600396407,4345275.0,197.7931008338928,0.5489283224773965,24.843607532191903,90.43676422155974,27.63090140114245,0.7349691410722234,10.328272617096632,0.7324448425609407,4.498205908220764,5,1,True,42,
permABC-SMC,5085877.192982455,231.35614562452884,4348425.0,197.80950450897217,0.5489283224773965,24.843607532191903,90.43676422155974,27.63090140114245,0.7349691410722234,10.328272617096632,0.7324448425609407,4.498205908220764,5,1,True,42,
permABC-SMC,5059970.930232559,230.0301684889683,4351575.0,197.8259449005127,0.5489283224773965,24.843607532191903,90.43676422155974,27.63090140114245,0.7349691410722234,10.328272617096632,0.7324448425609407,4.498205908220764,5,1,True,42,
permABC-SMC,5063633.720930233,230.0493060156357,4354725.0,197.84240317344663,0.5489283224773965,24.843607532191903,90.43676422155974,27.63090140114245,0.7349691410722234,10.328272617096632,0.7324448425609407,4.498205908220764,5,1,True,42,
permABC-SMC,5067296.511627908,230.06856801897985,4357875.0,197.85896849632263,0.5489283224773965,24.843607532191903,90.43676422155974,27.63090140114245,0.7349691410722234,10.328272617096632,0.7324448425609407,4.498205908220764,5,1,True,42,
permABC-SMC,5070959.302325582,230.08776681367743,4361025.0,197.87547945976257,0.5489283224773965,24.843607532191903,90.43676422155974,27.63090140114245,0.7349691410722234,10.328272617096632,0.7324448425609407,4.498205908220764,5,1,True,42,
permABC-SMC,5045289.017341041,228.77684108094672,4364175.0,197.8919675350189,0.5489283224773965,24.843607532191903,90.43676422155974,27.63090140114245,0.7349691410722234,10.328272617096632,0.7324448425609407,4.498205908220764,5,1,True,42,
permABC-SMC,5048930.63583815,228.7958776330672,4367325.0,197.90843415260315,0.5489283224773965,24.843607532191903,90.43676422155974,27.63090140114245,0.7349691410722234,10.328272617096632,0.7324448425609407,4.498205908220764,5,1,True,42,
permABC-SMC,5052572.25433526,228.81490922387624,4370475.0,197.92489647865293,0.5489283224773965,24.843607532191903,90.43676422155974,27.63090140114245,0.7349691410722234,10.328272617096632,0.7324448425609407,4.498205908220764,5,1,True,42,
permABC-SMC,5056213.87283237,228.83388541337385,4373625.0,197.9413108825684,0.5489283224773965,24.843607532191903,90.43676422155974,27.63090140114245,0.7349691410722234,10.328272617096632,0.7324448425609407,4.498205908220764,5,1,True,42,
permABC-SMC,5059855.49132948,228.85297709117737,4376775.0,197.9578251838684,0.5489283224773965,24.843607532191903,90.43676422155974,27.63090140114245,0.7349691410722234,10.328272617096632,0.7324448425609407,4.498205908220764,5,1,True,42,
permABC-SMC,5063497.10982659,228.8720183289809,4379925.0,197.97429585456848,0.5489283224773965,24.843607532191903,90.43676422155974,27.63090140114245,0.7349691410722234,10.328272617096632,0.7324448425609407,4.498205908220764,5,1,True,42,
permABC-SMC,5067138.728323699,228.8910311770577,4383075.0,197.9907419681549,0.5489283224773965,24.843607532191903,90.43676422155974,27.63090140114245,0.7349691410722234,10.328272617096632,0.7324448425609407,4.498205908220764,5,1,True,42,
permABC-SMC,5070780.34682081,228.9099533433859,4386225.0,198.0071096420288,0.5489283224773965,24.843607532191903,90.43676422155974,27.63090140114245,0.7349691410722234,10.328272617096632,0.7324448425609407,4.498205908220764,5,1,True,42,
permABC-SMC,5045258.620689656,227.613500342972,4389375.0,198.0237452983856,0.5489283224773965,24.843607532191903,90.43676422155974,27.63090140114245,0.7349691410722234,10.328272617096632,0.7324448425609407,4.498205908220764,5,1,True,42,
permABC-SMC,5048879.310344828,227.6324570864097,4392525.0,198.0402376651764,0.5489283224773965,24.843607532191903,90.43676422155974,27.63090140114245,0.7349691410722234,10.328272617096632,0.7324448425609407,4.498205908220764,5,1,True,42,
permABC-SMC,4995085.227272728,225.06440688263288,4395675.0,198.0566780567169,0.5489283224773965,24.843607532191903,90.43676422155974,27.63090140114245,0.7349691410722234,10.328272617096632,0.7324448425609407,4.498205908220764,5,1,True,42,
permABC-SMC,4998664.772727273,225.0830111178485,4398825.0,198.0730497837067,0.5489283224773965,24.843607532191903,90.43676422155974,27.63090140114245,0.7349691410722234,10.328272617096632,0.7324448425609407,4.498205908220764,5,1,True,42,
permABC-SMC,5002244.318181819,225.10163784027105,4401975.0,198.08944129943848,0.5489283224773965,24.843607532191903,90.43676422155974,27.63090140114245,0.7349691410722234,10.328272617096632,0.7324448425609407,4.498205908220764,5,1,True,42,
permABC-SMC,4977542.372881356,223.84840755139368,4405125.0,198.1058406829834,0.5489283224773965,24.843607532191903,90.43676422155974,27.63090140114245,0.7349691410722234,10.328272617096632,0.7324448425609407,4.498205908220764,5,1,True,42,
permABC-SMC,4981101.694915255,223.86687919918427,4408275.0,198.12218809127808,0.5489283224773965,24.843607532191903,90.43676422155974,27.63090140114245,0.7349691410722234,10.328272617096632,0.7324448425609407,4.498205908220764,5,1,True,42,
permABC-SMC,4984661.016949153,223.88534518958485,4411425.0,198.1385304927826,0.5489283224773965,24.843607532191903,90.43676422155974,27.63090140114245,0.7349691410722234,10.328272617096632,0.7324448425609407,4.498205908220764,5,1,True,42,
permABC-SMC,4988220.338983052,223.9038629046941,4414575.0,198.1549186706543,0.5489283224773965,24.843607532191903,90.43676422155974,27.63090140114245,0.7349691410722234,10.328272617096632,0.7324448425609407,4.498205908220764,5,1,True,42,
permABC-SMC,4963735.95505618,222.66443659750263,4417725.0,198.1713485717773,0.5489283224773965,24.843607532191903,90.43676422155974,27.63090140114245,0.7349691410722234,10.328272617096632,0.7324448425609407,4.498205908220764,5,1,True,42,
permABC-SMC,4939525.139664805,221.43889485790743,4420875.0,198.18781089782715,0.5489283224773965,24.843607532191903,90.43676422155974,27.63090140114245,0.7349691410722234,10.328272617096632,0.7324448425609407,4.498205908220764,5,1,True,42,
permABC-SMC,4943044.69273743,221.4572975755404,4424025.0,198.20428133010864,0.5489283224773965,24.843607532191903,90.43676422155974,27.63090140114245,0.7349691410722234,10.328272617096632,0.7324448425609407,4.498205908220764,5,1,True,42,
permABC-SMC,4946564.245810055,221.4755537789627,4427175.0,198.22062063217163,0.5489283224773965,24.843607532191903,90.43676422155974,27.63090140114245,0.7349691410722234,10.328272617096632,0.7324448425609407,4.498205908220764,5,1,True,42,
permABC-SMC,4950083.798882682,221.4938435474588,4430325.0,198.2369899749756,0.5489283224773965,24.843607532191903,90.43676422155974,27.63090140114245,0.7349691410722234,10.328272617096632,0.7324448425609407,4.498205908220764,5,1,True,42,
permABC-SMC,4926083.333333334,220.28163088692563,4433475.0,198.25346779823303,0.5489283224773965,24.843607532191903,90.43676422155974,27.63090140114245,0.7349691410722234,10.328272617096632,0.7324448425609407,4.498205908220764,5,1,True,42,
permABC-SMC,4929583.333333334,220.2997997072008,4436625.0,198.2698197364807,0.5489283224773965,24.843607532191903,90.43676422155974,27.63090140114245,0.7349691410722234,10.328272617096632,0.7324448425609407,4.498205908220764,5,1,True,42,
permABC-SMC,4933083.333333334,220.3180707825555,4439775.0,198.2862637043,0.5489283224773965,24.843607532191903,90.43676422155974,27.63090140114245,0.7349691410722234,10.328272617096632,0.7324448425609407,4.498205908220764,5,1,True,42,
permABC-SMC,4936583.333333334,220.3362658288744,4442925.0,198.3026392459869,0.5489283224773965,24.843607532191903,90.43676422155974,27.63090140114245,0.7349691410722234,10.328272617096632,0.7324448425609407,4.498205908220764,5,1,True,42,
permABC-SMC,4940083.333333334,220.35448153813684,4446075.0,198.31903338432312,0.5489283224773965,24.843607532191903,90.43676422155974,27.63090140114245,0.7349691410722234,10.328272617096632,0.7324448425609407,4.498205908220764,5,1,True,42,
permABC-SMC,4916270.718232045,219.15519250690608,4449225.0,198.33544921875,0.5489283224773965,24.843607532191903,90.43676422155974,27.63090140114245,0.7349691410722234,10.328272617096632,0.7324448425609407,4.498205908220764,5,1,True,42,
permABC-SMC,4919751.381215469,219.17334999168776,4452375.0,198.35188174247745,0.5489283224773965,24.843607532191903,90.43676422155974,27.63090140114245,0.7349691410722234,10.328272617096632,0.7324448425609407,4.498205908220764,5,1,True,42,
permABC-SMC,4896181.318681319,217.98714543436915,4455525.0,198.36830234527588,0.5489283224773965,24.843607532191903,90.43676422155974,27.63090140114245,0.7349691410722234,10.328272617096632,0.7324448425609407,4.498205908220764,5,1,True,42,
permABC-SMC,4899642.857142858,218.00509468539727,4458675.0,198.38463616371155,0.5489283224773965,24.843607532191903,90.43676422155974,27.63090140114245,0.7349691410722234,10.328272617096632,0.7324448425609407,4.498205908220764,5,1,True,42,
permABC-SMC,4903104.395604396,218.02305965633184,4461825.0,198.400984287262,0.5489283224773965,24.843607532191903,90.43676422155974,27.63090140114245,0.7349691410722234,10.328272617096632,0.7324448425609407,4.498205908220764,5,1,True,42,
permABC-SMC,4906565.934065935,218.0410628790384,4464975.0,198.41736721992493,0.5489283224773965,24.843607532191903,90.43676422155974,27.63090140114245,0.7349691410722234,10.328272617096632,0.7324448425609407,4.498205908220764,5,1,True,42,
permABC-SMC,4910027.472527473,218.05942818358707,4468125.0,198.4340796470642,0.5489283224773965,24.843607532191903,90.43676422155974,27.63090140114245,0.7349691410722234,10.328272617096632,0.7324448425609407,4.498205908220764,5,1,True,42,
permABC-SMC,4913489.010989011,218.07747044406096,4471275.0,198.45049810409543,0.5489283224773965,24.843607532191903,90.43676422155974,27.63090140114245,0.7349691410722234,10.328272617096632,0.7324448425609407,4.498205908220764,5,1,True,42,
permABC-SMC,4916950.54945055,218.09559680603363,4474425.0,198.4669930934906,0.5489283224773965,24.843607532191903,90.43676422155974,27.63090140114245,0.7349691410722234,10.328272617096632,0.7324448425609407,4.498205908220764,5,1,True,42,
permABC-SMC,4920412.087912088,218.11361627264336,4477575.0,198.48339080810547,0.5489283224773965,24.843607532191903,90.43676422155974,27.63090140114245,0.7349691410722234,10.328272617096632,0.7324448425609407,4.498205908220764,5,1,True,42,
permABC-SMC,4923873.626373627,218.13181180220383,4480725.0,198.4999487400055,0.5489283224773965,24.843607532191903,90.43676422155974,27.63090140114245,0.7349691410722234,10.328272617096632,0.7324448425609407,4.498205908220764,5,1,True,42,
permABC-SMC,4900409.836065574,216.95785913311067,4483875.0,198.51644110679624,0.5489283224773965,24.843607532191903,90.43676422155974,27.63090140114245,0.7349691410722234,10.328272617096632,0.7324448425609407,4.498205908220764,5,1,True,42,
permABC-SMC,4877201.086956522,215.79665049262672,4487025.0,198.53291845321647,0.5489283224773965,24.843607532191903,90.43676422155974,27.63090140114245,0.7349691410722234,10.328272617096632,0.7324448425609407,4.498205908220764,5,1,True,42,
permABC-SMC,4880625.000000001,215.8144816108372,4490175.0,198.5493230819702,0.5489283224773965,24.843607532191903,90.43676422155974,27.63090140114245,0.7349691410722234,10.328272617096632,0.7324448425609407,4.498205908220764,5,1,True,42,
permABC-SMC,4884048.913043479,215.83254181820416,4493325.0,198.5659384727478,0.5489283224773965,24.843607532191903,90.43676422155974,27.63090140114245,0.7349691410722234,10.328272617096632,0.7324448425609407,4.498205908220764,5,1,True,42,
permABC-SMC,4861054.054054054,214.683628597775,4496475.0,198.5823564529419,0.5489283224773965,24.843607532191903,90.43676422155974,27.63090140114245,0.7349691410722234,10.328272617096632,0.7324448425609407,4.498205908220764,5,1,True,42,
permABC-SMC,4838306.451612904,213.54701877922145,4499625.0,198.5987274646759,0.5489283224773965,24.843607532191903,90.43676422155974,27.63090140114245,0.7349691410722234,10.328272617096632,0.7324448425609407,4.498205908220764,5,1,True,42,
permABC-SMC,4841693.548387097,213.56468636502504,4502775.0,198.61515831947327,0.5489283224773965,24.843607532191903,90.43676422155974,27.63090140114245,0.7349691410722234,10.328272617096632,0.7324448425609407,4.498205908220764,5,1,True,42,
permABC-SMC,4845080.645161291,213.582298832555,4505925.0,198.63153791427607,0.5489283224773965,24.843607532191903,90.43676422155974,27.63090140114245,0.7349691410722234,10.328272617096632,0.7324448425609407,4.498205908220764,5,1,True,42,
permABC-SMC,4848467.741935485,213.599903352799,4509075.0,198.64791011810303,0.5489283224773965,24.843607532191903,90.43676422155974,27.63090140114245,0.7349691410722234,10.328272617096632,0.7324448425609407,4.498205908220764,5,1,True,42,
permABC-SMC,4851854.838709678,213.6176214423231,4512225.0,198.66438794136047,0.5489283224773965,24.843607532191903,90.43676422155974,27.63090140114245,0.7349691410722234,10.328272617096632,0.7324448425609407,4.498205908220764,5,1,True,42,
permABC-SMC,4829278.07486631,212.49285024755144,4515375.0,198.68081498146057,0.5489283224773965,24.843607532191903,90.43676422155974,27.63090140114245,0.7349691410722234,10.328272617096632,0.7324448425609407,4.498205908220764,5,1,True,42,
permABC-SMC,4806941.489361702,211.38009847478665,4518525.0,198.69729256629944,0.5489283224773965,24.843607532191903,90.43676422155974,27.63090140114245,0.7349691410722234,10.328272617096632,0.7324448425609407,4.498205908220764,5,1,True,42,
permABC-SMC,4810292.55319149,211.39746777554777,4521675.0,198.7136197090149,0.5489283224773965,24.843607532191903,90.43676422155974,27.63090140114245,0.7349691410722234,10.328272617096632,0.7324448425609407,4.498205908220764,5,1,True,42,
permABC-SMC,4788174.603174603,210.29626856405264,4524825.0,198.72997379302976,0.5489283224773965,24.843607532191903,90.43676422155974,27.63090140114245,0.7349691410722234,10.328272617096632,0.7324448425609407,4.498205908220764,5,1,True,42,
permABC-SMC,4791507.936507936,210.3136481431426,4527975.0,198.74639749526972,0.5489283224773965,24.843607532191903,90.43676422155974,27.63090140114245,0.7349691410722234,10.328272617096632,0.7324448425609407,4.498205908220764,5,1,True,42,
permABC-SMC,4794841.26984127,210.3310178827356,4531125.0,198.7628118991852,0.5489283224773965,24.843607532191903,90.43676422155974,27.63090140114245,0.7349691410722234,10.328272617096632,0.7324448425609407,4.498205908220764,5,1,True,42,
permABC-SMC,4772921.052631579,209.24138922440372,4534275.0,198.7793197631836,0.5489283224773965,24.843607532191903,90.43676422155974,27.63090140114245,0.7349691410722234,10.328272617096632,0.7324448425609407,4.498205908220764,5,1,True,42,
permABC-SMC,4776236.842105263,209.2586426985891,4537425.0,198.79571056365967,0.5489283224773965,24.843607532191903,90.43676422155974,27.63090140114245,0.7349691410722234,10.328272617096632,0.7324448425609407,4.498205908220764,5,1,True,42,
permABC-SMC,4779552.631578947,209.27605403097053,4540575.0,198.812251329422,0.5489283224773965,24.843607532191903,90.43676422155974,27.63090140114245,0.7349691410722234,10.328272617096632,0.7324448425609407,4.498205908220764,5,1,True,42,
permABC-SMC,4782868.421052632,209.2934189344708,4543725.0,198.8287479877472,0.5489283224773965,24.843607532191903,90.43676422155974,27.63090140114245,0.7349691410722234,10.328272617096632,0.7324448425609407,4.498205908220764,5,1,True,42,
permABC-SMC,4786184.210526316,209.3107577374107,4546875.0,198.84521985054016,0.5489283224773965,24.843607532191903,90.43676422155974,27.63090140114245,0.7349691410722234,10.328272617096632,0.7324448425609407,4.498205908220764,5,1,True,42,
permABC-SMC,4789500.0,209.3280029296875,4550025.0,198.86160278320312,0.5489283224773965,24.843607532191903,90.43676422155974,27.63090140114245,0.7349691410722234,10.328272617096632,0.7324448425609407,4.498205908220764,5,1,True,42,
permABC-SMC,4792815.7894736845,209.34524536132807,4553175.0,198.8779830932617,0.5489283224773965,24.843607532191903,90.43676422155974,27.63090140114245,0.7349691410722234,10.328272617096632,0.7324448425609407,4.498205908220764,5,1,True,42,
permABC-SMC,4796131.578947368,209.36273097991943,4556325.0,198.89459443092343,0.5489283224773965,24.843607532191903,90.43676422155974,27.63090140114245,0.7349691410722234,10.328272617096632,0.7324448425609407,4.498205908220764,5,1,True,42,
permABC-SMC,4799447.368421053,209.3799488168013,4559475.0,198.9109513759613,0.5489283224773965,24.843607532191903,90.43676422155974,27.63090140114245,0.7349691410722234,10.328272617096632,0.7324448425609407,4.498205908220764,5,1,True,42,
permABC-SMC,4802763.157894737,209.39723617152168,4562625.0,198.9273743629456,0.5489283224773965,24.843607532191903,90.43676422155974,27.63090140114245,0.7349691410722234,10.328272617096632,0.7324448425609407,4.498205908220764,5,1,True,42,
permABC-SMC,4806078.947368421,209.41455765774376,4565775.0,198.94382977485657,0.5489283224773965,24.843607532191903,90.43676422155974,27.63090140114245,0.7349691410722234,10.328272617096632,0.7324448425609407,4.498205908220764,5,1,True,42,
permABC-SMC,4809394.736842105,209.431784780402,4568925.0,198.96019554138184,0.5489283224773965,24.843607532191903,90.43676422155974,27.63090140114245,0.7349691410722234,10.328272617096632,0.7324448425609407,4.498205908220764,5,1,True,42,
permABC-SMC,4812710.526315789,209.4490375016865,4572075.0,198.97658562660217,0.5489283224773965,24.843607532191903,90.43676422155974,27.63090140114245,0.7349691410722234,10.328272617096632,0.7324448425609407,4.498205908220764,5,1,True,42,
permABC-SMC,4816026.315789473,209.4663625014456,4575225.0,198.9930443763733,0.5489283224773965,24.843607532191903,90.43676422155974,27.63090140114245,0.7349691410722234,10.328272617096632,0.7324448425609407,4.498205908220764,5,1,True,42,
permABC-SMC,4819342.105263158,209.4836167285317,4578375.0,199.0094358921051,0.5489283224773965,24.843607532191903,90.43676422155974,27.63090140114245,0.7349691410722234,10.328272617096632,0.7324448425609407,4.498205908220764,5,1,True,42,
permABC-SMC,4797408.37696335,208.404069171526,4581525.0,199.02588605880737,0.5489283224773965,24.843607532191903,90.43676422155974,27.63090140114245,0.7349691410722234,10.328272617096632,0.7324448425609407,4.498205908220764,5,1,True,42,
permABC-SMC,4775703.125,207.3356839517752,4584675.0,199.04225659370425,0.5489283224773965,24.843607532191903,90.43676422155974,27.63090140114245,0.7349691410722234,10.328272617096632,0.7324448425609407,4.498205908220764,5,1,True,42,
permABC-SMC,4778984.375,207.35278725624084,4587825.0,199.0586757659912,0.5489283224773965,24.843607532191903,90.43676422155974,27.63090140114245,0.7349691410722234,10.328272617096632,0.7324448425609407,4.498205908220764,5,1,True,42,
permABC-SMC,4782265.625,207.36986473202705,4590975.0,199.075070142746,0.5489283224773965,24.843607532191903,90.43676422155974,27.63090140114245,0.7349691410722234,10.328272617096632,0.7324448425609407,4.498205908220764,5,1,True,42,
permABC-SMC,4760751.295336787,206.3122924745392,4594125.0,199.0913622379303,0.5489283224773965,24.843607532191903,90.43676422155974,27.63090140114245,0.7349691410722234,10.328272617096632,0.7324448425609407,4.498205908220764,5,1,True,42,
permABC-SMC,4764015.54404145,206.32926688910763,4597275.0,199.1077425479889,0.5489283224773965,24.843607532191903,90.43676422155974,27.63090140114245,0.7349691410722234,10.328272617096632,0.7324448425609407,4.498205908220764,5,1,True,42,
permABC-SMC,4767279.792746114,206.34619683181683,4600425.0,199.12407994270325,0.5489283224773965,24.843607532191903,90.43676422155974,27.63090140114245,0.7349691410722234,10.328272617096632,0.7324448425609407,4.498205908220764,5,1,True,42,
permABC-SMC,4745953.608247423,205.2994976338652,4603575.0,199.14051270484924,0.5489283224773965,24.843607532191903,90.43676422155974,27.63090140114245,0.7349691410722234,10.328272617096632,0.7324448425609407,4.498205908220764,5,1,True,42,
permABC-SMC,4749201.030927835,205.31655390238024,4606725.0,199.15705728530884,0.5489283224773965,24.843607532191903,90.43676422155974,27.63090140114245,0.7349691410722234,10.328272617096632,0.7324448425609407,4.498205908220764,5,1,True,42,
permABC-SMC,4728076.923076923,204.2804886744572,4609875.0,199.17347645759585,0.5489283224773965,24.843607532191903,90.43676422155974,27.63090140114245,0.7349691410722234,10.328272617096632,0.7324448425609407,4.498205908220764,5,1,True,42,
permABC-SMC,4731307.692307691,204.29734890277567,4613025.0,199.1899151802063,0.5489283224773965,24.843607532191903,90.43676422155974,27.63090140114245,0.7349691410722234,10.328272617096632,0.7324448425609407,4.498205908220764,5,1,True,42,
permABC-SMC,4710382.653061224,203.2716884904978,4616175.0,199.20625472068787,0.5489283224773965,24.843607532191903,90.43676422155974,27.63090140114245,0.7349691410722234,10.328272617096632,0.7324448425609407,4.498205908220764,5,1,True,42,
permABC-SMC,4642537.688442211,200.3609424859435,4619325.0,199.3591377735138,0.5489283224773965,24.843607532191903,90.43676422155974,27.63090140114245,0.7349691410722234,10.328272617096632,0.7324448425609407,4.498205908220764,5,1,True,42,
permABC-SMC,4645703.517587939,200.3775654126651,4622475.0,199.3756775856018,0.5489283224773965,24.843607532191903,90.43676422155974,27.63090140114245,0.7349691410722234,10.328272617096632,0.7324448425609407,4.498205908220764,5,1,True,42,
permABC-SMC,4648869.346733668,200.3946603842117,4625625.0,199.39268708229065,0.5489283224773965,24.843607532191903,90.43676422155974,27.63090140114245,0.7349691410722234,10.328272617096632,0.7324448425609407,4.498205908220764,5,1,True,42,
permABC-SMC,4652035.1758793965,200.41131925343268,4628775.0,199.4092626571656,0.5489283224773965,24.843607532191903,90.43676422155974,27.63090140114245,0.7349691410722234,10.328272617096632,0.7324448425609407,4.498205908220764,5,1,True,42,
permABC-SMC,4655201.005025125,200.42758778711053,4631925.0,199.42544984817505,0.5489283224773965,24.843607532191903,90.43676422155974,27.63090140114245,0.7349691410722234,10.328272617096632,0.7324448425609407,4.498205908220764,5,1,True,42,
permABC-SMC,4635075.0,199.44169092178345,4635075.0,199.44169092178345,0.5489283224773965,24.843607532191903,90.43676422155974,27.63090140114245,0.7349691410722234,10.328272617096632,0.7324448425609407,4.498205908220764,5,1,True,42,
permABC-SMC,4615149.253731342,198.4657173726096,4638225.0,199.45804595947263,0.5489283224773965,24.843607532191903,90.43676422155974,27.63090140114245,0.7349691410722234,10.328272617096632,0.7324448425609407,4.498205908220764,5,1,True,42,
permABC-SMC,4618283.582089552,198.4818439578536,4641375.0,199.4742531776428,0.5489283224773965,24.843607532191903,90.43676422155974,27.63090140114245,0.7349691410722234,10.328272617096632,0.7324448425609407,4.498205908220764,5,1,True,42,
permABC-SMC,4621417.9104477605,198.49798572597217,4644525.0,199.49047565460205,0.5489283224773965,24.843607532191903,90.43676422155974,27.63090140114245,0.7349691410722234,10.328272617096632,0.7324448425609407,4.498205908220764,5,1,True,42,
permABC-SMC,4624552.23880597,198.5141903606813,4647675.0,199.5067613124848,0.5489283224773965,24.843607532191903,90.43676422155974,27.63090140114245,0.7349691410722234,10.328272617096632,0.7324448425609407,4.498205908220764,5,1,True,42,
permABC-SMC,4604777.227722772,197.5475233380157,4650825.0,199.52299857139587,0.5489283224773965,24.843607532191903,90.43676422155974,27.63090140114245,0.7349691410722234,10.328272617096632,0.7324448425609407,4.498205908220764,5,1,True,42,
permABC-SMC,4607896.03960396,197.5635877930292,4653975.0,199.53922367095947,0.5489283224773965,24.843607532191903,90.43676422155974,27.63090140114245,0.7349691410722234,10.328272617096632,0.7324448425609407,4.498205908220764,5,1,True,42,
permABC-SMC,4588300.492610837,196.6065042711831,4657125.0,199.55560183525083,0.5489283224773965,24.843607532191903,90.43676422155974,27.63090140114245,0.7349691410722234,10.328272617096632,0.7324448425609407,4.498205908220764,5,1,True,42,
permABC-SMC,4591403.9408867,196.6225971729297,4660275.0,199.57193613052368,0.5489283224773965,24.843607532191903,90.43676422155974,27.63090140114245,0.7349691410722234,10.328272617096632,0.7324448425609407,4.498205908220764,5,1,True,42,
permABC-SMC,4594507.389162561,196.6386428607508,4663425.0,199.5882225036621,0.5489283224773965,24.843607532191903,90.43676422155974,27.63090140114245,0.7349691410722234,10.328272617096632,0.7324448425609407,4.498205908220764,5,1,True,42,
permABC-SMC,4597610.837438423,196.65465566325068,4666575.0,199.60447549819943,0.5489283224773965,24.843607532191903,90.43676422155974,27.63090140114245,0.7349691410722234,10.328272617096632,0.7324448425609407,4.498205908220764,5,1,True,42,
permABC-SMC,4578161.764705882,195.7066175984401,4669725.0,199.6207499504089,0.5489283224773965,24.843607532191903,90.43676422155974,27.63090140114245,0.7349691410722234,10.328272617096632,0.7324448425609407,4.498205908220764,5,1,True,42,
permABC-SMC,4581250.0,195.7225201176662,4672875.0,199.6369705200196,0.5489283224773965,24.843607532191903,90.43676422155974,27.63090140114245,0.7349691410722234,10.328272617096632,0.7324448425609407,4.498205908220764,5,1,True,42,
permABC-SMC,4584338.235294118,195.7384347915649,4676025.0,199.65320348739624,0.5489283224773965,24.843607532191903,90.43676422155974,27.63090140114245,0.7349691410722234,10.328272617096632,0.7324448425609407,4.498205908220764,5,1,True,42,
permABC-SMC,4587426.470588235,195.7544109400581,4679175.0,199.66949915885925,0.5489283224773965,24.843607532191903,90.43676422155974,27.63090140114245,0.7349691410722234,10.328272617096632,0.7324448425609407,4.498205908220764,5,1,True,42,
permABC-SMC,4568121.951219512,194.8154067993164,4682325.0,199.6857919692993,0.5489283224773965,24.843607532191903,90.43676422155974,27.63090140114245,0.7349691410722234,10.328272617096632,0.7324448425609407,4.498205908220764,5,1,True,42,
permABC-SMC,4571195.12195122,194.83124616669448,4685475.0,199.70202732086184,0.5489283224773965,24.843607532191903,90.43676422155974,27.63090140114245,0.7349691410722234,10.328272617096632,0.7324448425609407,4.498205908220764,5,1,True,42,
permABC-SMC,4552063.106796117,193.9013379291424,4688625.0,199.7183780670166,0.5489283224773965,24.843607532191903,90.43676422155974,27.63090140114245,0.7349691410722234,10.328272617096632,0.7324448425609407,4.498205908220764,5,1,True,42,
permABC-SMC,4555121.359223301,193.9170855920292,4691775.0,199.73459815979004,0.5489283224773965,24.843607532191903,90.43676422155974,27.63090140114245,0.7349691410722234,10.328272617096632,0.7324448425609407,4.498205908220764,5,1,True,42,
permABC-SMC,4558179.611650486,193.9330999133656,4694925.0,199.7510929107666,0.5489283224773965,24.843607532191903,90.43676422155974,27.63090140114245,0.7349691410722234,10.328272617096632,0.7324448425609407,4.498205908220764,5,1,True,42,
permABC-SMC,4561237.86407767,193.9491311323296,4698075.0,199.76760506629944,0.5489283224773965,24.843607532191903,90.43676422155974,27.63090140114245,0.7349691410722234,10.328272617096632,0.7324448425609407,4.498205908220764,5,1,True,42,
permABC-SMC,4564296.116504855,193.9650477714909,4701225.0,199.7839992046356,0.5489283224773965,24.843607532191903,90.43676422155974,27.63090140114245,0.7349691410722234,10.328272617096632,0.7324448425609407,4.498205908220764,5,1,True,42,
permABC-SMC,4545289.855072464,193.04387235411124,4704375.0,199.8004078865052,0.5489283224773965,24.843607532191903,90.43676422155974,27.63090140114245,0.7349691410722234,10.328272617096632,0.7324448425609407,4.498205908220764,5,1,True,42,
permABC-SMC,4548333.333333333,193.0597130227204,4707525.0,199.8168029785156,0.5489283224773965,24.843607532191903,90.43676422155974,27.63090140114245,0.7349691410722234,10.328272617096632,0.7324448425609407,4.498205908220764,5,1,True,42,
permABC-SMC,4551376.811594203,193.0754928773152,4710675.0,199.83313512802124,0.5489283224773965,24.843607532191903,90.43676422155974,27.63090140114245,0.7349691410722234,10.328272617096632,0.7324448425609407,4.498205908220764,5,1,True,42,
permABC-SMC,4510837.3205741625,191.2434742211155,4713825.0,199.84943056106567,0.5489283224773965,24.843607532191903,90.43676422155974,27.63090140114245,0.7349691410722234,10.328272617096632,0.7324448425609407,4.498205908220764,5,1,True,42,
permABC-SMC,4513851.674641149,191.2591683237176,4716975.0,199.8658308982849,0.5489283224773965,24.843607532191903,90.43676422155974,27.63090140114245,0.7349691410722234,10.328272617096632,0.7324448425609407,4.498205908220764,5,1,True,42,
permABC-SMC,4516866.028708134,191.27478394211764,4720125.0,199.8821492195129,0.5489283224773965,24.843607532191903,90.43676422155974,27.63090140114245,0.7349691410722234,10.328272617096632,0.7324448425609407,4.498205908220764,5,1,True,42,
permABC-SMC,4498357.142857143,190.37947949909028,4723275.0,199.8984534740448,0.5489283224773965,24.843607532191903,90.43676422155974,27.63090140114245,0.7349691410722234,10.328272617096632,0.7324448425609407,4.498205908220764,5,1,True,42,
permABC-SMC,4501357.142857143,190.3951899210612,4726425.0,199.91494941711423,0.5489283224773965,24.843607532191903,90.43676422155974,27.63090140114245,0.7349691410722234,10.328272617096632,0.7324448425609407,4.498205908220764,5,1,True,42,
permABC-SMC,4483009.478672986,189.5083264716993,4729575.0,199.9312844276428,0.5489283224773965,24.843607532191903,90.43676422155974,27.63090140114245,0.7349691410722234,10.328272617096632,0.7324448425609407,4.498205908220764,5,1,True,42,
permABC-SMC,4485995.260663507,189.52374322719484,4732725.0,199.94754910469047,0.5489283224773965,24.843607532191903,90.43676422155974,27.63090140114245,0.7349691410722234,10.328272617096632,0.7324448425609407,4.498205908220764,5,1,True,42,
permABC-SMC,4488981.042654028,189.5391758019325,4735875.0,199.9638304710388,0.5489283224773965,24.843607532191903,90.43676422155974,27.63090140114245,0.7349691410722234,10.328272617096632,0.7324448425609407,4.498205908220764,5,1,True,42,
permABC-SMC,4491966.82464455,189.55471639949565,4739025.0,199.9802258014679,0.5489283224773965,24.843607532191903,90.43676422155974,27.63090140114245,0.7349691410722234,10.328272617096632,0.7324448425609407,4.498205908220764,5,1,True,42,
permABC-SMC,4494952.606635071,189.5700888611129,4742175.0,199.9964437484741,0.5489283224773965,24.843607532191903,90.43676422155974,27.63090140114245,0.7349691410722234,10.328272617096632,0.7324448425609407,4.498205908220764,5,1,True,42,
permABC-SMC,4497938.388625593,189.58559397837564,4745325.0,200.01280164718628,0.5489283224773965,24.843607532191903,90.43676422155974,27.63090140114245,0.7349691410722234,10.328272617096632,0.7324448425609407,4.498205908220764,5,1,True,42,
permABC-SMC,4500924.170616114,189.6010202254164,4748475.0,200.0290763378144,0.5489283224773965,24.843607532191903,90.43676422155974,27.63090140114245,0.7349691410722234,10.328272617096632,0.7324448425609407,4.498205908220764,5,1,True,42,
permABC-SMC,4503909.952606635,189.61658003205932,4751625.0,200.04549193382263,0.5489283224773965,24.843607532191903,90.43676422155974,27.63090140114245,0.7349691410722234,10.328272617096632,0.7324448425609407,4.498205908220764,5,1,True,42,
permABC-SMC,4506895.734597157,189.6321486522801,4754775.0,200.06191682815552,0.5489283224773965,24.843607532191903,90.43676422155974,27.63090140114245,0.7349691410722234,10.328272617096632,0.7324448425609407,4.498205908220764,5,1,True,42,
permABC-SMC,4488608.490566038,188.75302526186096,4757925.0,200.07820677757263,0.5489283224773965,24.843607532191903,90.43676422155974,27.63090140114245,0.7349691410722234,10.328272617096632,0.7324448425609407,4.498205908220764,5,1,True,42,
permABC-SMC,4491580.188679245,188.768445095926,4761075.0,200.09455180168152,0.5489283224773965,24.843607532191903,90.43676422155974,27.63090140114245,0.7349691410722234,10.328272617096632,0.7324448425609407,4.498205908220764,5,1,True,42,
permABC-SMC,4473450.704225352,187.8974742173029,4764225.0,200.1108100414276,0.5489283224773965,24.843607532191903,90.43676422155974,27.63090140114245,0.7349691410722234,10.328272617096632,0.7324448425609407,4.498205908220764,5,1,True,42,
permABC-SMC,4476408.450704225,187.9127688251191,4767375.0,200.12709879875183,0.5489283224773965,24.843607532191903,90.43676422155974,27.63090140114245,0.7349691410722234,10.328272617096632,0.7324448425609407,4.498205908220764,5,1,True,42,
permABC-SMC,4458434.579439252,187.04987530396363,4770525.0,200.1433665752411,0.5489283224773965,24.843607532191903,90.43676422155974,27.63090140114245,0.7349691410722234,10.328272617096632,0.7324448425609407,4.498205908220764,5,1,True,42,
permABC-SMC,4461378.504672897,187.0651211694022,4773675.0,200.1596796512604,0.5489283224773965,24.843607532191903,90.43676422155974,27.63090140114245,0.7349691410722234,10.328272617096632,0.7324448425609407,4.498205908220764,5,1,True,42,
permABC-SMC,4464322.429906542,187.0803367311709,4776825.0,200.1759603023529,0.5489283224773965,24.843607532191903,90.43676422155974,27.63090140114245,0.7349691410722234,10.328272617096632,0.7324448425609407,4.498205908220764,5,1,True,42,
permABC-SMC,4467266.355140187,187.09561802516475,4779975.0,200.19231128692627,0.5489283224773965,24.843607532191903,90.43676422155974,27.63090140114245,0.7349691410722234,10.328272617096632,0.7324448425609407,4.498205908220764,5,1,True,42,
permABC-SMC,4470210.280373831,187.1110178599848,4783125.0,200.2087891101837,0.5489283224773965,24.843607532191903,90.43676422155974,27.63090140114245,0.7349691410722234,10.328272617096632,0.7324448425609407,4.498205908220764,5,1,True,42,
permABC-SMC,4473154.205607477,187.12634126716685,4786275.0,200.22518515586853,0.5489283224773965,24.843607532191903,90.43676422155974,27.63090140114245,0.7349691410722234,10.328272617096632,0.7324448425609407,4.498205908220764,5,1,True,42,
permABC-SMC,4476098.130841122,187.14166066356907,4789425.0,200.2415769100189,0.5489283224773965,24.843607532191903,90.43676422155974,27.63090140114245,0.7349691410722234,10.328272617096632,0.7324448425609407,4.498205908220764,5,1,True,42,
permABC-SMC,4437569.444444444,185.4243587564539,4792575.0,200.2583074569702,0.5489283224773965,24.843607532191903,90.43676422155974,27.63090140114245,0.7349691410722234,10.328272617096632,0.7324448425609407,4.498205908220764,5,1,True,42,
permABC-SMC,4440486.111111111,185.4396822275939,4795725.0,200.2748568058014,0.5489283224773965,24.843607532191903,90.43676422155974,27.63090140114245,0.7349691410722234,10.328272617096632,0.7324448425609407,4.498205908220764,5,1,True,42,
permABC-SMC,4443402.777777777,185.4553288883633,4798875.0,200.2917551994324,0.5489283224773965,24.843607532191903,90.43676422155974,27.63090140114245,0.7349691410722234,10.328272617096632,0.7324448425609407,4.498205908220764,5,1,True,42,
permABC-SMC,4446319.444444444,185.47059098879487,4802025.0,200.30823826789856,0.5489283224773965,24.843607532191903,90.43676422155974,27.63090140114245,0.7349691410722234,10.328272617096632,0.7324448425609407,4.498205908220764,5,1,True,42,
permABC-SMC,4449236.111111111,185.4858387399603,4805175.0,200.3247058391571,0.5489283224773965,24.843607532191903,90.43676422155974,27.63090140114245,0.7349691410722234,10.328272617096632,0.7324448425609407,4.498205908220764,5,1,True,42,
permABC-SMC,4452152.777777777,185.50105116985463,4808325.0,200.341135263443,0.5489283224773965,24.843607532191903,90.43676422155974,27.63090140114245,0.7349691410722234,10.328272617096632,0.7324448425609407,4.498205908220764,5,1,True,42,
permABC-SMC,4455069.444444444,185.516228278478,4811475.0,200.35752654075625,0.5489283224773965,24.843607532191903,90.43676422155974,27.63090140114245,0.7349691410722234,10.328272617096632,0.7324448425609407,4.498205908220764,5,1,True,42,
permABC-SMC,4437442.396313364,184.6764931481005,4814625.0,200.3739950656891,0.5489283224773965,24.843607532191903,90.43676422155974,27.63090140114245,0.7349691410722234,10.328272617096632,0.7324448425609407,4.498205908220764,5,1,True,42,
permABC-SMC,4440345.622119816,184.6918840012792,4817775.0,200.390694141388,0.5489283224773965,24.843607532191903,90.43676422155974,27.63090140114245,0.7349691410722234,10.328272617096632,0.7324448425609407,4.498205908220764,5,1,True,42,
permABC-SMC,4402671.232876712,183.02082688841105,4820925.0,200.4078054428101,0.5489283224773965,24.843607532191903,90.43676422155974,27.63090140114245,0.7349691410722234,10.328272617096632,0.7324448425609407,4.498205908220764,5,1,True,42,
permABC-SMC,4405547.94520548,183.0359598273012,4824075.0,200.4243760108948,0.5489283224773965,24.843607532191903,90.43676422155974,27.63090140114245,0.7349691410722234,10.328272617096632,0.7324448425609407,4.498205908220764,5,1,True,42,
permABC-SMC,4408424.657534246,183.0508382353064,4827225.0,200.4406678676605,0.5489283224773965,24.843607532191903,90.43676422155974,27.63090140114245,0.7349691410722234,10.328272617096632,0.7324448425609407,4.498205908220764,5,1,True,42,
permABC-SMC,4411301.369863014,183.0658618717977,4830375.0,200.45711874961853,0.5489283224773965,24.843607532191903,90.43676422155974,27.63090140114245,0.7349691410722234,10.328272617096632,0.7324448425609407,4.498205908220764,5,1,True,42,
permABC-SMC,4414178.082191781,183.08081039010665,4833525.0,200.47348737716675,0.5489283224773965,24.843607532191903,90.43676422155974,27.63090140114245,0.7349691410722234,10.328272617096632,0.7324448425609407,4.498205908220764,5,1,True,42,
permABC-SMC,4417054.794520548,183.0956709439352,4836675.0,200.489759683609,0.5489283224773965,24.843607532191903,90.43676422155974,27.63090140114245,0.7349691410722234,10.328272617096632,0.7324448425609407,4.498205908220764,5,1,True,42,
permABC-SMC,4419931.506849315,183.1107198375545,4839825.0,200.5062382221222,0.5489283224773965,24.843607532191903,90.43676422155974,27.63090140114245,0.7349691410722234,10.328272617096632,0.7324448425609407,4.498205908220764,5,1,True,42,
permABC-SMC,4422808.219178082,183.12558387512487,4842975.0,200.5225143432617,0.5489283224773965,24.843607532191903,90.43676422155974,27.63090140114245,0.7349691410722234,10.328272617096632,0.7324448425609407,4.498205908220764,5,1,True,42,
permABC-SMC,4425684.931506849,183.1404233087688,4846125.0,200.5387635231018,0.5489283224773965,24.843607532191903,90.43676422155974,27.63090140114245,0.7349691410722234,10.328272617096632,0.7324448425609407,4.498205908220764,5,1,True,42,
permABC-SMC,4428561.643835616,183.15535506157028,4849275.0,200.55511379241943,0.5489283224773965,24.843607532191903,90.43676422155974,27.63090140114245,0.7349691410722234,10.328272617096632,0.7324448425609407,4.498205908220764,5,1,True,42,
permABC-SMC,4431438.356164384,183.1702404370591,4852425.0,200.5714132785797,0.5489283224773965,24.843607532191903,90.43676422155974,27.63090140114245,0.7349691410722234,10.328272617096632,0.7324448425609407,4.498205908220764,5,1,True,42,
permABC-SMC,4434315.068493151,183.1851181918628,4855575.0,200.5877044200897,0.5489283224773965,24.843607532191903,90.43676422155974,27.63090140114245,0.7349691410722234,10.328272617096632,0.7324448425609407,4.498205908220764,5,1,True,42,
permABC-SMC,4417022.727272727,182.3676078969782,4858725.0,200.60436868667605,0.5489283224773965,24.843607532191903,90.43676422155974,27.63090140114245,0.7349691410722234,10.328272617096632,0.7324448425609407,4.498205908220764,5,1,True,42,
permABC-SMC,4399886.877828054,181.5575165985936,4861875.0,200.62105584144592,0.5489283224773965,24.843607532191903,90.43676422155974,27.63090140114245,0.7349691410722234,10.328272617096632,0.7324448425609407,4.498205908220764,5,1,True,42,
permABC-SMC,4402737.556561086,181.57235378593344,4865025.0,200.6374509334564,0.5489283224773965,24.843607532191903,90.43676422155974,27.63090140114245,0.7349691410722234,10.328272617096632,0.7324448425609407,4.498205908220764,5,1,True,42,
permABC-SMC,4405588.235294118,181.5872744737168,4868175.0,200.65393829345703,0.5489283224773965,24.843607532191903,90.43676422155974,27.63090140114245,0.7349691410722234,10.328272617096632,0.7324448425609407,4.498205908220764,5,1,True,42,
permABC-SMC,4388581.081081081,180.7841661814097,4871325.0,200.67042446136475,0.5489283224773965,24.843607532191903,90.43676422155974,27.63090140114245,0.7349691410722234,10.328272617096632,0.7324448425609407,4.498205908220764,5,1,True,42,
permABC-SMC,4391418.918918919,180.79893052040995,4874475.0,200.68681287765503,0.5489283224773965,24.843607532191903,90.43676422155974,27.63090140114245,0.7349691410722234,10.328272617096632,0.7324448425609407,4.498205908220764,5,1,True,42,
permABC-SMC,4394256.756756756,180.81367015838623,4877625.0,200.70317387580872,0.5489283224773965,24.843607532191903,90.43676422155974,27.63090140114245,0.7349691410722234,10.328272617096632,0.7324448425609407,4.498205908220764,5,1,True,42,
permABC-SMC,4397094.594594595,180.8284924910949,4880775.0,200.71962666511536,0.5489283224773965,24.843607532191903,90.43676422155974,27.63090140114245,0.7349691410722234,10.328272617096632,0.7324448425609407,4.498205908220764,5,1,True,42,
permABC-SMC,4399932.432432433,180.8434179237297,4883925.0,200.73619389534,0.5489283224773965,24.843607532191903,90.43676422155974,27.63090140114245,0.7349691410722234,10.328272617096632,0.7324448425609407,4.498205908220764,5,1,True,42,
permABC-SMC,4383026.905829596,180.0472306563715,4887075.0,200.75266218185425,0.5489283224773965,24.843607532191903,90.43676422155974,27.63090140114245,0.7349691410722234,10.328272617096632,0.7324448425609407,4.498205908220764,5,1,True,42,
permABC-SMC,4385852.01793722,180.06192066209732,4890225.0,200.76904153823853,0.5489283224773965,24.843607532191903,90.43676422155974,27.63090140114245,0.7349691410722234,10.328272617096632,0.7324448425609407,4.498205908220764,5,1,True,42,
permABC-SMC,4388677.130044843,180.07668080351277,4893375.0,200.78549909591675,0.5489283224773965,24.843607532191903,90.43676422155974,27.63090140114245,0.7349691410722234,10.328272617096632,0.7324448425609407,4.498205908220764,5,1,True,42,
permABC-SMC,4391502.242152466,180.09164664777404,4896525.0,200.80218601226807,0.5489283224773965,24.843607532191903,90.43676422155974,27.63090140114245,0.7349691410722234,10.328272617096632,0.7324448425609407,4.498205908220764,5,1,True,42,
permABC-SMC,4374709.821428572,179.30220322949543,4899675.0,200.8184676170349,0.5489283224773965,24.843607532191903,90.43676422155974,27.63090140114245,0.7349691410722234,10.328272617096632,0.7324448425609407,4.498205908220764,5,1,True,42,
permABC-SMC,4377522.321428572,179.31678146123886,4902825.0,200.83479523658752,0.5489283224773965,24.843607532191903,90.43676422155974,27.63090140114245,0.7349691410722234,10.328272617096632,0.7324448425609407,4.498205908220764,5,1,True,42,
permABC-SMC,4380334.821428572,179.3313863021987,4905975.0,200.85115265846247,0.5489283224773965,24.843607532191903,90.43676422155974,27.63090140114245,0.7349691410722234,10.328272617096632,0.7324448425609407,4.498205908220764,5,1,True,42,
permABC-SMC,4383147.321428572,179.34596283095226,4909125.0,200.8674783706665,0.5489283224773965,24.843607532191903,90.43676422155974,27.63090140114245,0.7349691410722234,10.328272617096632,0.7324448425609407,4.498205908220764,5,1,True,42,
permABC-SMC,4385959.821428572,179.36053425073624,4912275.0,200.88379836082456,0.5489283224773965,24.843607532191903,90.43676422155974,27.63090140114245,0.7349691410722234,10.328272617096632,0.7324448425609407,4.498205908220764,5,1,True,42,
permABC-SMC,4388772.321428572,179.37509971005574,4915425.0,200.90011167526245,0.5489283224773965,24.843607532191903,90.43676422155974,27.63090140114245,0.7349691410722234,10.328272617096632,0.7324448425609407,4.498205908220764,5,1,True,42,
permABC-SMC,4391584.821428572,179.38968815973826,4918575.0,200.9164507389069,0.5489283224773965,24.843607532191903,90.43676422155974,27.63090140114245,0.7349691410722234,10.328272617096632,0.7324448425609407,4.498205908220764,5,1,True,42,
permABC-SMC,4355508.849557521,177.81679967863369,4921725.0,200.93298363685608,0.5489283224773965,24.843607532191903,90.43676422155974,27.63090140114245,0.7349691410722234,10.328272617096632,0.7324448425609407,4.498205908220764,5,1,True,42,
permABC-SMC,4358296.46017699,177.831260081941,4924875.0,200.94932389259336,0.5489283224773965,24.843607532191903,90.43676422155974,27.63090140114245,0.7349691410722234,10.328272617096632,0.7324448425609407,4.498205908220764,5,1,True,42,
permABC-SMC,4361084.070796459,177.84577808548914,4928025.0,200.9657292366028,0.5489283224773965,24.843607532191903,90.43676422155974,27.63090140114245,0.7349691410722234,10.328272617096632,0.7324448425609407,4.498205908220764,5,1,True,42,
permABC-SMC,4363871.681415928,177.86027414608844,4931175.0,200.98210978508,0.5489283224773965,24.843607532191903,90.43676422155974,27.63090140114245,0.7349691410722234,10.328272617096632,0.7324448425609407,4.498205908220764,5,1,True,42,
permABC-SMC,4347422.907488987,177.0911361677531,4934325.0,200.99843955039972,0.5489283224773965,24.843607532191903,90.43676422155974,27.63090140114245,0.7349691410722234,10.328272617096632,0.7324448425609407,4.498205908220764,5,1,True,42,
permABC-SMC,4350198.237885463,177.10547804307308,4937475.0,201.014717578888,0.5489283224773965,24.843607532191903,90.43676422155974,27.63090140114245,0.7349691410722234,10.328272617096632,0.7324448425609407,4.498205908220764,5,1,True,42,
permABC-SMC,4352973.568281938,177.11991381540173,4940625.0,201.03110218048096,0.5489283224773965,24.843607532191903,90.43676422155974,27.63090140114245,0.7349691410722234,10.328272617096632,0.7324448425609407,4.498205908220764,5,1,True,42,
permABC-SMC,4355748.898678414,177.13436639256415,4943775.0,201.0475058555603,0.5489283224773965,24.843607532191903,90.43676422155974,27.63090140114245,0.7349691410722234,10.328272617096632,0.7324448425609407,4.498205908220764,5,1,True,42,
permABC-SMC,4358524.22907489,177.14869650450046,4946925.0,201.06377053260803,0.5489283224773965,24.843607532191903,90.43676422155974,27.63090140114245,0.7349691410722234,10.328272617096632,0.7324448425609407,4.498205908220764,5,1,True,42,
permABC-SMC,4361299.559471366,177.16306211664815,4950075.0,201.08007550239563,0.5489283224773965,24.843607532191903,90.43676422155974,27.63090140114245,0.7349691410722234,10.328272617096632,0.7324448425609407,4.498205908220764,5,1,True,42,
permABC-SMC,4344934.210526315,176.40040234515538,4953225.0,201.0964586734772,0.5489283224773965,24.843607532191903,90.43676422155974,27.63090140114245,0.7349691410722234,10.328272617096632,0.7324448425609407,4.498205908220764,5,1,True,42,
permABC-SMC,4347697.368421052,176.41474970600058,4956375.0,201.1128146648407,0.5489283224773965,24.843607532191903,90.43676422155974,27.63090140114245,0.7349691410722234,10.328272617096632,0.7324448425609407,4.498205908220764,5,1,True,42,
permABC-SMC,4350460.526315788,176.429117562478,4959525.0,201.12919402122492,0.5489283224773965,24.843607532191903,90.43676422155974,27.63090140114245,0.7349691410722234,10.328272617096632,0.7324448425609407,4.498205908220764,5,1,True,42,
permABC-SMC,4353223.684210526,176.44345153842053,4962675.0,201.14553475379944,0.5489283224773965,24.843607532191903,90.43676422155974,27.63090140114245,0.7349691410722234,10.328272617096632,0.7324448425609407,4.498205908220764,5,1,True,42,
permABC-SMC,4336965.065502184,175.68730370967148,4965825.0,201.16196274757385,0.5489283224773965,24.843607532191903,90.43676422155974,27.63090140114245,0.7349691410722234,10.328272617096632,0.7324448425609407,4.498205908220764,5,1,True,42,
permABC-SMC,4339716.15720524,175.70157217667094,4968975.0,201.1783001422882,0.5489283224773965,24.843607532191903,90.43676422155974,27.63090140114245,0.7349691410722234,10.328272617096632,0.7324448425609407,4.498205908220764,5,1,True,42,
permABC-SMC,4342467.248908297,175.715943507232,4972125.0,201.19475531578064,0.5489283224773965,24.843607532191903,90.43676422155974,27.63090140114245,0.7349691410722234,10.328272617096632,0.7324448425609407,4.498205908220764,5,1,True,42,
permABC-SMC,4345218.3406113535,175.7302048945531,4975275.0,201.2110846042633,0.5489283224773965,24.843607532191903,90.43676422155974,27.63090140114245,0.7349691410722234,10.328272617096632,0.7324448425609407,4.498205908220764,5,1,True,42,
permABC-SMC,4347969.432314411,175.74444587574257,4978425.0,201.2273905277252,0.5489283224773965,24.843607532191903,90.43676422155974,27.63090140114245,0.7349691410722234,10.328272617096632,0.7324448425609407,4.498205908220764,5,1,True,42,
permABC-SMC,4350720.524017467,175.75878867936447,4981575.0,201.24381303787231,0.5489283224773965,24.843607532191903,90.43676422155974,27.63090140114245,0.7349691410722234,10.328272617096632,0.7324448425609407,4.498205908220764,5,1,True,42,
permABC-SMC,4353471.615720524,175.77307984297974,4984725.0,201.2601764202118,0.5489283224773965,24.843607532191903,90.43676422155974,27.63090140114245,0.7349691410722234,10.328272617096632,0.7324448425609407,4.498205908220764,5,1,True,42,
permABC-SMC,4337282.608695651,175.023136553557,4987875.0,201.27660703659052,0.5489283224773965,24.843607532191903,90.43676422155974,27.63090140114245,0.7349691410722234,10.328272617096632,0.7324448425609407,4.498205908220764,5,1,True,42,
permABC-SMC,4321233.7662337655,174.27964705925484,4991025.0,201.29299235343933,0.5489283224773965,24.843607532191903,90.43676422155974,27.63090140114245,0.7349691410722234,10.328272617096632,0.7324448425609407,4.498205908220764,5,1,True,42,
permABC-SMC,4305323.275862068,173.54255072001752,4994175.0,201.3093588352204,0.5489283224773965,24.843607532191903,90.43676422155974,27.63090140114245,0.7349691410722234,10.328272617096632,0.7324448425609407,4.498205908220764,5,1,True,42,
permABC-SMC,4289549.356223176,172.81173513682614,4997325.0,201.32567143440247,0.5489283224773965,24.843607532191903,90.43676422155974,27.63090140114245,0.7349691410722234,10.328272617096632,0.7324448425609407,4.498205908220764,5,1,True,42,
permABC-SMC,4292253.218884121,172.82624694922453,5000475.0,201.34257769584656,0.5489283224773965,24.843607532191903,90.43676422155974,27.63090140114245,0.7349691410722234,10.328272617096632,0.7324448425609407,4.498205908220764,5,1,True,42,
permABC-SMC,5440733.695652175,218.8753786294357,5005475.0,201.3653483390808,0.5489283224773965,24.84863992170144,90.45474287810542,27.63090140114281,0.735681952908551,10.328987815442058,0.7318989956715738,4.498565624211675,5,1,True,42,
permABC-SMC-OS,2242.609582059124,2.065279189721281,11000.0,2.026038885116577,13.611387528796708,23.94536605376752,1274.5577902797208,27.630901400380544,5.981190896534779,9.947679774517283,5.556761858551247,7.095850988181856,5,1,True,42,7.0
permABC-SMC-OS,7042.710472279261,2.0309045329475794,34298.0,1.9781010150909424,11.037045392107071,23.91781312589149,981.3360978296072,27.630901400275683,6.025186971896611,9.965267486827736,4.668344152209092,6.439907155275345,5,1,True,42,10.0
permABC-SMC-OS,33759.40170940171,12.685867711010143,157994.0,11.873972177505491,7.183768585402882,23.96155738725484,497.4115906635493,27.630901400402763,4.406061417742489,9.953748198631487,3.0015371419889534,5.193010699390291,5,1,True,42,25.0
permABC-SMC-OS,50195.81497797357,15.945622574390296,227889.0,14.478625297546388,6.034451110268583,23.924198556031666,396.6724438059052,27.630901400398717,3.5814023596759563,9.97005612468088,2.4523118475545496,4.91149098398071,5,1,True,42,35.0
permABC-SMC-OS,75381.5107102593,19.077622500723887,334317.0,16.92185115814209,4.86825716254435,23.92377969289485,282.1320108834612,27.630901400254093,2.1145756551499257,9.910111092336924,1.7854499179834051,4.604144819451153,5,1,True,42,50.0
permABC-SMC-OS,121802.36127508854,24.21743388440561,515833.0,20.512166500091556,3.852462778955092,23.939027970574585,222.3007630987268,27.630901400359527,1.057106500847204,10.027206920253118,1.211480947343672,4.479492319830862,5,1,True,42,75.0
permABC-SMC-OS,181507.752956636,30.78350162380785,690637.0,23.426244735717773,3.085336111688528,24.05489455009477,174.34001656274148,27.630901400492903,0.5093228565969931,10.03886167765623,0.807113439471367,4.398907538568866,5,1,True,42,100.0
permABC-SMC-OS,239565.7681940701,35.07871737056023,888789.0,26.02840828895569,2.6135486296388395,24.072463101280142,152.63547408399938,27.63090140055886,0.2336438770960644,10.111730733489576,0.5069567458723123,4.389461367834705,5,1,True,42,125.0
permABC-SMC-UM,10848.101265822785,10.211953633948218,12855.0,2.4202330112457275,2.448920722912812,26.052535915675215,149.62474405810298,27.630901401037548,1.7743353479154345,10.077574210529338,1.290064644596622,4.535221468606149,5,1,True,42,
permABC-SMC-UM,11122.27074235808,7.073986478247497,12735.0,1.6199429035186768,2.4256091383919838,25.796968867722377,159.66810976064443,27.63090140105258,1.6761841313050363,10.337724071441222,1.129562208684098,4.605181969647333,5,1,True,42,
permABC-SMC-UM,7258.215962441315,6.8270421363938025,7730.0,1.45415997505188,4.667302144591108,24.68194162325076,277.45809426878003,27.630901400865163,2.476633572808775,10.150932546467796,1.6956752494484273,4.674529805150263,5,1,True,42,
permABC-SMC-UM,2262.443438914027,0.6761599450089812,5000.0,0.2988626956939697,8.346728575113806,24.022166269758543,685.2195264621009,27.630901400531588,5.641090711859415,9.99286131756816,3.784395159600481,5.696945514280769,5,1,True,42,
permABC-SMC-UM,1025.6410256410256,0.2999454889542017,5000.0,0.2924468517303467,18.376647006118304,23.93518109592292,1818.029254342668,27.63090140029883,6.582509000709235,10.002628542212818,6.802824278161344,8.045475640739141,5,1,True,42,
ABC-PMC,4878.612716763006,63.376182765629935,8440.0,21.92815923690796,30.32226166343768,24.10445199091167,5273.0046359567095,27.63090140043277,9.344418873650595,9.92775559824524,13.2348608683,13.764027700586047,5,1,True,42,
ABC-PMC,9619.946091644206,176.90153199064764,17845.0,65.63046836853027,27.91163926881919,23.97608030765406,5321.6382401075025,27.630901400382534,7.860034910801626,9.939651303401101,12.580520929360386,13.440884947604099,5,1,True,42,
ABC-PMC,13900.0,318.65636348724365,27800.0,127.46254539489746,26.521230205381965,23.971572340195376,5270.898785598723,27.630901400360475,7.99969367180626,9.9791198775393,12.569238324802148,13.17001649428945,5,1,True,42,
ABC-PMC,20530.34300791557,534.6311132637366,38905.0,202.62519192695618,25.788567640154024,24.042539478257012,4891.476872310281,27.630901400531172,8.15481666632466,9.972964426424461,12.180949434377245,13.076303922029291,5,1,True,42,
ABC-PMC,24283.618581907092,722.366332424882,49660.0,295.44782996177673,25.139620745137837,23.99560342977783,4633.4064064123895,27.63090140044489,7.948064445454868,9.947907608861343,11.86007372085665,12.688045577587026,5,1,True,42,
ABC-PMC,30618.32061068702,1036.5491884051996,60165.0,407.3638310432434,24.419940498439658,23.998938119123416,4731.548241722268,27.63090140046589,7.284616344052334,10.008860343406909,11.684627753424355,12.521413259327725,5,1,True,42,
ABC-PMC,35693.069306930694,1337.9719210143137,72100.0,540.5406560897827,23.31405122976902,24.036984098680957,4220.450308310659,27.630901400385724,8.085341110531704,9.998880971547141,11.31124191293207,11.973645500958638,5,1,True,42,
ABC-PMC,41135.467980295565,1701.3452546349888,83505.0,690.7461733818054,22.727691732885997,23.992052991739943,4038.367092324683,27.630901400360536,7.320895054150766,9.967245872453901,10.964538134141048,11.909973340313986,5,1,True,42,
ABC-PMC,44969.339622641506,2021.5758096497013,95335.0,857.1481432914734,21.76956529661931,24.029173605083013,3887.8529977919106,27.630901400343884,7.9476049012250325,10.004956666424915,10.686438098677135,11.521350437725703,5,1,True,42,
ABC-PMC,51056.87203791469,2482.628298596748,107730.0,1047.6691420078278,21.182326886257503,24.047880326153035,3727.3721381732853,27.63090140042905,7.782593411266428,10.01700360500734,10.388942031035485,11.18631471233799,5,1,True,42,
ABC-PMC,55524.13793103448,2889.748484512855,120765.0,1257.040590763092,20.527227184846787,23.912592001647354,3572.8802037859855,27.630901400313306,8.198959024384536,9.917654885814045,10.351772579244528,11.11622504829573,5,1,True,42,
ABC-PMC,68060.91370558376,3784.1243320310177,134080.0,1490.944986820221,20.303781924255425,24.039018452516284,3491.093672930833,27.630901400408977,8.648888683372226,10.012384275661365,10.156217821257913,11.007862299471466,5,1,True,42,
ABC-PMC,67970.04608294931,4000.983262941035,147495.0,1736.4267361164093,19.870007161600878,24.025058311617734,3435.697563314553,27.630901400468584,7.96253607730692,10.004803206221654,10.035306479033451,10.710234957265211,5,1,True,42,
ABC-PMC,76366.66666666666,4753.934050173987,160370.0,1996.6523010730743,19.625192346818306,24.057959138912743,3262.2408302811846,27.630901400429277,7.467216373328742,9.99865246184704,9.795086252732395,10.621723715331367,5,1,True,42,
ABC-PMC,80928.07424593967,5271.381200051363,174400.0,2271.9652972221375,19.352688084781132,24.033556634544006,3324.5639286453484,27.630901400388396,7.9145325200682795,10.007755541261332,9.96709433605,10.754518761133456,5,1,True,42,
ABC-PMC,88889.67136150235,6022.585622581518,189335.0,2565.6214752197266,19.08452588604038,23.987050333406863,3201.715438307544,27.630901400403296,7.457541523222669,10.03527684238192,9.556199388373823,10.346179637129804,5,1,True,42,
ABC-PMC,99916.04938271605,7089.556752899547,202330.0,2871.2704849243164,18.88631083242875,23.99406527435423,3016.6298300796716,27.630901400442767,8.036985208348955,9.953766208654152,9.36640573263696,10.245060634379277,5,1,True,42,
ABC-PMC,108476.30922693267,7958.340409985207,217495.0,3191.294504404068,17.941995290807313,24.056788222576845,2898.72828232728,27.63090140034606,8.451508509673536,9.998290151840601,9.13596110728275,9.952986656629799,5,1,True,42,
ABC-PMC,105938.21510297482,8074.797525013066,231475.0,3528.68651843071,17.69133767349568,24.043241173027354,2877.928528220359,27.63090140042991,8.263588222357658,10.047613567597326,9.114530772653527,9.944292811970861,5,1,True,42,
ABC-PMC,115320.09345794392,9067.408351697655,246785.0,3880.850774526596,17.46754274586915,23.96221723108755,2788.9216575388423,27.630901400382427,7.6809359095188965,9.997793351623251,8.896642790950628,9.701282757773013,5,1,True,42,
ABC-PMC,129244.49877750612,10394.014731596035,264305.0,4251.152025222778,16.59416560857569,24.039030245301298,2563.091897530595,27.630901400386094,7.751511847922823,10.03442870133735,8.570373310291727,9.366048457873914,5,1,True,42,
ABC-PMC,122598.68421052632,10161.138063982913,279525.0,4633.4789571762085,16.414985476932955,23.99571793545707,2532.9404643506705,27.630901400423173,6.951287643091784,10.001844993593206,8.443070438093603,9.368231830754656,5,1,True,42,
ABC-PMC,138804.70588235295,11851.99192944695,294960.0,5037.096570014954,16.23164992173953,23.9921307437582,2379.3152799789254,27.630901400361175,8.093715767371673,9.97871439567335,8.14816954349418,9.159904327087105,5,1,True,42,
ABC-PMC,139185.68232662193,12205.9739142723,311080.0,5456.070339679718,16.016517437900905,23.953881285520097,2406.548808871421,27.63090140036223,7.221751051209681,10.009363698840547,8.127948781459526,9.02048249684917,5,1,True,42,
ABC-PMC,155703.08788598576,13977.119019931966,327755.0,5884.367107391357,15.767315076935958,24.000025959303645,2164.5797146850628,27.630901400341877,7.288075103633711,9.973051964234134,7.9084125237317835,8.791667452356,5,1,True,42,
ABC-PMC,158875.0,14640.616705572163,343170.0,6324.746416807175,15.539376644296087,24.00581179976497,2288.20313886034,27.63090140032314,7.422299118779435,10.025621668862618,7.899947442990357,8.944936862060715,5,1,True,42,
ABC-PMC,158535.3982300885,14987.640677300175,358290.0,6774.413586139679,15.329624178183865,24.018139616411382,2125.9230887769168,27.630901400404234,7.012290237510851,10.001212651827156,7.719934736349892,8.709206360014864,5,1,True,42,
ABC-PMC,172546.08294930877,16667.690312807463,374425.0,7233.777595758438,15.154573714285943,23.975326886785936,2045.682500374625,27.630901400422502,7.335865524167541,9.951228098427071,7.73762254902889,8.658281243924003,5,1,True,42,
ABC-PMC,182284.38228438227,17982.577546215278,391000.0,7714.525767326355,14.956303346923653,24.039125931917333,1990.0455976297576,27.630901400469078,7.337439171386831,9.990276558497191,7.595360598803093,8.54827400236839,5,1,True,42,
ABC-PMC,180578.02197802198,18032.42351615822,410815.0,8204.75269985199,14.208488179577468,24.010941195292407,1956.0275019296153,27.630901400406366,7.366132359979872,10.002399105914508,7.361794555433178,8.345885427298004,5,1,True,42,
ABC-PMC,191128.3185840708,19256.473326050073,431950.0,8703.925943374634,13.498063770598595,24.011674540897804,1692.4007033185992,27.630901400467145,7.530269280741595,9.994996911876132,6.906590829317762,7.933856257022587,5,1,True,42,
ABC-PMC,210786.54292343388,21381.576492172382,454245.0,9215.459468126297,12.823160582068665,23.94555397367471,1606.082186287867,27.630901400358585,6.861882831122196,9.973131692016823,6.488306261219018,7.645263359389066,5,1,True,42,
ABC-PMC,211717.4887892377,21836.271063629287,472130.0,9738.976894378662,12.693592630790878,23.960048759482838,1534.4810155865189,27.630901400399132,7.244567467621051,9.986495424672617,6.444624336818434,7.498936919023616,5,1,True,42,
ABC-PMC,214106.98689956332,22439.171645318576,490305.0,10277.140613555908,12.530513272487623,23.97170738309873,1469.5803224292222,27.63090140036088,7.558284431327278,9.99154986298087,6.3092218791938475,7.355984832181192,5,1,True,42,
ABC-PMC,226564.44444444444,24066.93229463365,509770.0,10830.119532585144,12.303068358926767,23.94286219131951,1511.815952295759,27.63090140034016,7.1377191604382135,9.999686386744978,6.305577152393112,7.432576196801103,5,1,True,42,
ABC-PMC,244401.84757505773,26311.084122911063,529130.0,11392.69942522049,12.150975490503479,24.087300437551228,1439.9227255063242,27.630901400452473,7.232395796228699,10.026674822992062,6.24042915027911,7.323798825636486,5,1,True,42,
ABC-PMC,245142.22222222222,26593.512744903564,551570.0,11967.080735206604,11.543426715978304,24.06136638088853,1333.1495237932377,27.630901400491496,6.557465978638658,10.018230826651518,5.892779204677239,7.160730047239812,5,1,True,42,
ABC-PMC,581715.7360406092,63723.442489120556,572990.0,12553.51817035675,10.966255380179389,26.183124085114724,513.0430281981592,27.630901400631515,11.81994990771572,5.749661943999707,6.092477486163244,6.449043791887226,5,1,True,42,
ABC-PMC,649397.7900552487,72645.43460087224,587705.0,13148.823662757874,10.659494894493474,24.158408158432223,1020.0608020783711,27.63090140047579,7.651353856493715,9.942092669030872,5.215148167187446,6.499186960646725,5,1,True,42,
ABC-PMC,263036.717062635,29704.08806893532,608930.0,13752.992775917053,10.1265201497688,24.0521556563167,985.0931193356794,27.630901400447915,6.039993115822883,10.01911707097773,4.922727766396178,6.363716815010442,5,1,True,42,
ABC-PMC,261761.90476190476,29743.91577999044,632155.0,14366.311321735382,9.62019414228036,23.9853669689455,923.6213852802821,27.630901400422978,6.654493281703648,9.973564321373146,4.747604927587873,6.219505884239446,5,1,True,42,
ABC-PMC,276082.2784810127,31634.739515147634,654315.0,14994.866530179977,9.519116943302917,23.970558175400818,853.17757635974,27.630901400361694,6.081900014721699,9.96352609561335,4.500058462787256,6.089789491900311,5,1,True,42,
ABC-PMC,293168.83116883115,33836.684808070524,677220.0,15632.548381328583,9.043161096137771,23.953060701882524,865.5293657044024,27.63090140035879,6.2077491108464855,10.005051468874775,4.38640771838606,6.02960682803639,5,1,True,42,
ABC-PMC,293321.503131524,33986.48238480713,702505.0,16279.525062322617,8.591003041330882,23.993142200203494,765.6908439036433,27.63090140036247,5.987230340045956,9.982940738747555,4.172030961195711,5.850532605069793,5,1,True,42,
ABC-PMC,304111.11111111107,35498.40809414222,725305.0,16932.740660905838,8.491238423820997,23.97762514046304,715.0929893268534,27.63090140036208,6.286417672498548,9.932722975858024,4.088344142691449,5.7577669094323705,5,1,True,42,
ABC-PMC,313732.7766179541,36720.51451450101,751390.0,17589.126452445984,8.066676502629948,24.02478691462118,673.4439058449152,27.630901400387803,5.662362441156307,10.010591582143084,3.780722947067266,5.578306852227802,5,1,True,42,
ABC-PMC,333101.07526881725,39244.35051487338,774460.0,18248.622989416122,7.974552136903956,23.985352532982382,652.757152995584,27.630901400403808,5.883342680872591,9.977146668137237,3.71660221494786,5.5528916724379656,5,1,True,42,
ABC-PMC,327040.9836065574,38764.81862390628,797980.0,18917.231488466263,7.889929770193838,24.04545903625048,636.4626282496056,27.6309014003854,5.612728960340964,9.955173776065013,3.7149588251922423,5.531858796614468,5,1,True,42,
ABC-PMC,341728.7784679089,40563.32044078203,825275.0,19592.08377289772,7.495433281684146,24.026522769552464,568.2804969617052,27.63090140046799,5.157086900659471,9.959832889844023,3.4204887460484747,5.367245006936406,5,1,True,42,
ABC-PMC,353392.4843423799,42317.50536412934,846375.0,20270.085069417953,7.38766316783655,24.010915057706047,588.1418623996086,27.63090140042662,4.988366792341013,9.995253902285867,3.4055905340657717,5.362486238385153,5,1,True,42,
ABC-PMC,359240.7407407408,43123.57275279952,872955.0,20958.056357860565,7.018280009444722,23.98344931071697,559.59585629525,27.63090140038394,4.952909794701539,10.042172696259145,3.1844481672764138,5.286717743984383,5,1,True,42,
ABC-PMC,355053.4653465347,42875.51958490126,896510.0,21652.137390375137,6.920660066958433,24.01239918907203,511.0223707698842,27.63090140040497,4.616007289208772,10.006729605236252,3.0616574661059683,5.203305248951359,5,1,True,42,
ABC-PMC,367890.438247012,44520.65596874966,923405.0,22349.369296312332,6.574627063610511,23.97159586342503,478.4656441797616,27.630901400381294,4.546847537733149,9.990812516191045,2.8789644585453344,5.091905796417852,5,1,True,42,
ABC-PMC,410835.14099783084,50005.99478692657,946975.0,23052.763596773148,6.494657583287935,24.037505251992776,445.8565970975302,27.630901400427938,4.571098425283823,9.958965188867193,2.838160156822125,5.0732709728124314,5,1,True,42,
ABC-PMC,394178.8617886179,48303.743910498735,969680.0,23765.442003965378,6.429169262773963,23.97019338177151,465.559039488252,27.63090140046555,4.11633028321066,10.00253130321073,2.805045308464428,5.060317338151971,5,1,True,42,
ABC-PMC,418225.2631578947,51546.24899663423,993285.0,24484.46827340126,6.357406514729347,23.947742824801132,457.125691333308,27.630901400399473,4.357962843350187,9.917978130895444,2.798078851929591,5.050051354375889,5,1,True,42,
ABC-PMC,449279.12087912083,55406.38200896126,1022110.0,25209.903814077377,6.03953618899288,24.027410757792058,415.31786484117634,27.63090140042765,3.9101662199765244,10.0425860092341,2.5436811020085894,4.932965547422733,5,1,True,42,
ABC-PMC,209133.0,25938.585735082626,1045665.0,25938.585735082626,5.971752613590597,23.976113026053312,401.16521728995036,27.630901400211187,3.8118964652394447,9.981474678539538,2.5388745453768164,4.920810913428269,5,1,True,42,
ABC-PMC,433595.1417004048,53982.78178956344,1070980.0,26667.494204044342,5.879148572005612,24.000751638860407,395.8018191332727,27.63090140036395,3.7640961224862695,9.998767334931856,2.4655895271505774,4.908294082152054,5,1,True,42,
ABC-PMC,219235.0,27402.690767526627,1096175.0,27402.690767526627,5.810066009491572,23.956797577471733,402.13234483185124,27.63090140022713,3.5672428694123766,10.038337765171446,2.405748381936129,4.889904780381151,5,1,True,42,
ABC-PMC,444867.0634920635,55835.55065781351,1121065.0,28141.11753153801,5.72167595952154,23.998196762463575,389.84232676418554,27.630901400425792,3.534963099945183,10.01403187453961,2.415241722282876,4.881703380372669,5,1,True,42,
ABC-PMC,230367.0,28882.64090156555,1151835.0,28882.64090156555,5.435592161545463,23.954447916269956,349.36766255726207,27.630901400203715,3.098581258448847,9.963410613621027,2.2229649933818214,4.776696181692767,5,1,True,42,
ABC-PMC,475812.5,59738.733844410985,1180015.0,29630.41198682785,5.372595291305714,23.970054033506685,351.38341862152515,27.630901400403115,3.0370192269913625,10.01180520163596,2.17168793250327,4.778242036213264,5,1,True,42,
ABC-PMC,504512.55230125523,63565.32352888434,1205785.0,30384.224646806717,5.313216616777916,24.0025296929002,348.29516358397905,27.630901400466627,2.912535914353132,10.025307373089738,2.1270125098928583,4.77556107486926,5,1,True,42,
ABC-PMC,246387.0,31147.35549712181,1231935.0,31147.35549712181,5.231484459049484,23.991892872511166,327.20985482773256,27.630901400292352,2.7760277310044295,9.990927053725974,2.0795694330126486,4.729482928923979,5,1,True,42,
ABC-PMC,251701.0,31913.694093942642,1258505.0,31913.694093942642,5.158752331037408,24.01201183816397,336.85867043985706,27.63090140029443,2.7285046420885277,10.055443897084157,2.053024832342701,4.752251199282944,5,1,True,42,
ABC-PMC,256855.00000000003,32680.283045530316,1284275.0,32680.28304553032,5.081294674325548,23.993411187583344,323.0204548931821,27.63090140028913,2.597008724084419,10.024190861996976,1.9973822978027307,4.721380352375057,5,1,True,42,
ABC-PMC,261961.0,33450.107716560364,1309805.0,33450.107716560364,5.013251080344683,23.96704691644692,317.29036775788785,27.630901400306744,2.489717546227392,10.020547032467801,1.9520849903983628,4.6845134267966,5,1,True,42,
ABC-PMC,267266.0,34220.18658661842,1336330.0,34220.18658661842,4.950159238628884,23.95864879184634,314.0190362614096,27.630901400267646,2.449665874441179,10.002229588162967,1.9373338163799307,4.6829319026537455,5,1,True,42,
ABC-PMC,272690.0,34996.28668856621,1363450.0,34996.28668856621,4.883867273922653,23.9328721441778,304.0125028073743,27.630901400207218,2.3367950713951684,9.985721880668754,1.8877567692603197,4.659138752909817,5,1,True,42,
ABC-PMC,278066.0,35772.627680301666,1390330.0,35772.627680301666,4.8100879434873915,23.949692615762206,302.2587824455517,27.630901400187344,2.276290913066773,10.010353238959228,1.8553610992247573,4.651316885616726,5,1,True,42,
ABC-PMC,283537.0,36549.2340259552,1417685.0,36549.2340259552,4.74058394339883,23.983363904331533,293.36187946665643,27.630901400291204,2.1507513347052845,10.029978595403772,1.7926444422486771,4.651010218776107,5,1,True,42,
ABC-PMC,289056.0,37326.102581977844,1445280.0,37326.102581977844,4.674751150446067,24.0016972048072,292.06908460873547,27.630901400277214,2.0286299009042708,10.055049670366152,1.7413858887945117,4.638951819295599,5,1,True,42,
ABC-PMC,294515.0,38103.27515292168,1472575.0,38103.27515292168,4.598011116258442,23.97655845154717,277.61058468580006,27.630901400270112,1.966304715067351,9.989997782931061,1.7237878271994873,4.609583793164237,5,1,True,42,
ABC-PMC,299883.0,38880.6721367836,1499415.0,38880.6721367836,4.5328471634784755,23.99910070477864,282.8798000015612,27.63090140031419,1.9358062824872566,10.05032031169125,1.6977810357344776,4.624881201373333,5,1,True,42,
ABC-PMC,305630.0,39661.2019674778,1528150.0,39661.2019674778,4.486035924664886,23.95653092219412,269.0767841326817,27.630901400226392,1.825350037708419,9.985771405482355,1.6393620132056341,4.578966235833707,5,1,True,42,
ABC-PMC,311454.0,40445.104931116104,1557270.0,40445.104931116104,4.414713240337824,24.01737092396608,266.5680292907165,27.63090140029152,1.7324031380080158,10.041131674354808,1.5901089591903563,4.579964349554549,5,1,True,42,
ABC-PMC,316832.0,41235.31403660774,1584160.0,41235.31403660774,4.354905654876357,23.937260010460296,265.193031416272,27.630901400303454,1.6535925783255898,10.014002415209685,1.551959075765665,4.5580259059134915,5,1,True,42,
ABC-PMC,323341.0,42025.81507205963,1616705.0,42025.81507205963,4.137160372132539,23.983967912206186,246.1047249415094,27.630901400273988,1.433312843914093,10.02898539192641,1.435454939685083,4.532499655404869,5,1,True,42,
ABC-PMC,328889.0,42816.57583236694,1644445.0,42816.57583236694,4.082480601895799,23.99031116780949,240.33548320780733,27.630901400313146,1.3663739652222304,10.015068846393572,1.396275196690337,4.520139561551297,5,1,True,42,
ABC-PMC,334674.0,43613.71565055847,1673370.0,43613.71565055847,4.040324125464917,24.003249060368894,238.02296471236912,27.63090140031192,1.3302741931512818,10.036391032365382,1.3785585860974732,4.521018868595485,5,1,True,42,
ABC-PMC,340559.0,44411.148715019226,1702795.0,44411.148715019226,3.9795993973552086,24.005238618883496,234.57743941144037,27.630901400313178,1.266701139306797,10.033439987325716,1.3463204582248864,4.518366772503858,5,1,True,42,
ABC-PMC,346508.0,45211.756516218185,1732540.0,45211.756516218185,3.922581898628101,23.980359867167785,228.4897654902416,27.630901400271767,1.1795749719880029,10.020707346279558,1.2909096784307743,4.486136328228956,5,1,True,42,
ABC-PMC,352194.0,46015.74973511696,1760970.0,46015.74973511696,3.8755100220149363,24.016152103893127,231.46084433858758,27.63090140039633,1.1710456483951341,10.075198005389538,1.2863934509476165,4.5141468192866645,5,1,True,42,
ABC-PMC,358066.0,46820.02514886856,1790330.0,46820.02514886856,3.82788528844236,24.007818309696606,220.39785539883405,27.630901400352496,1.1123498546570307,10.020918847907366,1.245776645075006,4.476810735057112,5,1,True,42,
ABC-PMC,364055.0,47624.57519698143,1820275.0,47624.57519698143,3.7800038207670954,24.02723117868632,219.75699859784567,27.630901400315082,1.0419562345969315,10.062990812557937,1.198428855644698,4.4837196987117665,5,1,True,42,
ABC-PMC,369963.0,48432.47149062157,1849815.0,48432.47149062157,3.729218838188444,23.988470696338762,214.80189846411855,27.630901400268893,1.0078428202377316,10.021835700220377,1.1836518586852096,4.465603527787573,5,1,True,42,
ABC-PMC,375684.0,49240.64453840256,1878420.0,49240.64453840256,3.686301036573917,24.054593697120126,206.0197478544947,27.630901400294057,0.9715350282091201,9.997011116118795,1.1580603093525548,4.449460462518534,5,1,True,42,
ABC-PMC,381588.0,50049.08038377762,1907940.0,50049.08038377762,3.634540741846824,23.96933257072155,218.73027008473272,27.630901400247733,0.9798400047185121,10.056463009040899,1.1639009040588462,4.46966456756158,5,1,True,42,
ABC-PMC,389020.0,50857.850999355316,1945100.0,50857.850999355316,3.4528137047544827,23.999240743003686,195.2570231170501,27.630901400291382,0.7487854565330939,10.01635545610998,0.9999298165623169,4.425590816389451,5,1,True,42,
ABC-PMC,394906.0,51669.95698904991,1974530.0,51669.95698904991,3.404523917200888,24.020394810021916,195.0907822717484,27.630901400354556,0.7354179512113739,10.059099298310684,0.9941874179032963,4.439154545117503,5,1,True,42,
ABC-PMC,400617.0,52482.3187391758,2003085.0,52482.3187391758,3.359007264799011,23.98809987439083,193.24704383169473,27.630901400390478,0.7011198652131286,10.030902037927229,0.9686329730015973,4.419581395786521,5,1,True,42,
ABC-PMC,406786.0,53297.89942908287,2033930.0,53297.89942908287,3.3147809738663185,23.97749644655184,190.520460893237,27.630901400329627,0.6602184782934011,10.031201253147362,0.9427757886924066,4.423421413003634,5,1,True,42,
ABC-PMC,414118.0,54113.8484210968,2070590.0,54113.8484210968,3.1490419251730026,24.002089396309195,181.61189540363264,27.630901400292654,0.5201648334310688,10.070467382422539,0.8233617111431764,4.416737180386861,5,1,True,42,
ABC-PMC,420319.0,54930.14171719551,2101595.0,54930.14171719551,3.110197630817957,24.010848441449816,176.60434780476714,27.630901400295244,0.5051375551459631,10.043082504551384,0.8019095822156153,4.397273595725823,5,1,True,42,
ABC-PMC,426366.0,55746.746312618256,2131830.0,55746.746312618256,3.069767411849012,24.034911163999595,170.92141654331954,27.630901400316116,0.45454814534395427,10.036880632209101,0.7581494968695466,4.387904030196365,5,1,True,42,
ABC-PMC,432110.0,56563.65571022034,2160550.0,56563.65571022034,3.029036556190938,23.991100059690453,170.25083067098768,27.630901400372153,0.44064791047865165,10.022097616163778,0.7453073059393865,4.381666154409595,5,1,True,42,
ABC-PMC,438382.0,57383.86584687233,2191910.0,57383.86584687233,2.979476719381957,24.015697041112066,166.57670685124202,27.630901400332803,0.41367360075695914,10.02582678382031,0.7079286083244654,4.373599288035565,5,1,True,42,
ABC-PMC,444506.0,58204.39210152626,2222530.0,58204.39210152626,2.9362352027495615,24.004655270252922,166.21721159392342,27.630901400357608,0.40869845100827246,10.029720945072912,0.7031322975937412,4.378192623877792,5,1,True,42,
ABC-PMC,450579.0,59025.2942135334,2252895.0,59025.2942135334,2.9014973889413995,23.996120993884013,165.31624015593252,27.63090140037234,0.3688305639388959,10.05694008778234,0.6719337778738369,4.3827415802546605,5,1,True,42,
ABC-PMC,456912.0,59846.5054461956,2284560.0,59846.5054461956,2.8679704226458207,24.006344372643422,163.18197189742256,27.630901400313135,0.3557862465039664,10.046559490501696,0.6528874011458636,4.375737669024205,5,1,True,42,
ABC-PMC,463346.0,60668.04609179497,2316730.0,60668.04609179497,2.8261996170868304,23.99612929492711,160.0490681705947,27.630901400314247,0.31798417957753006,10.050389118522142,0.6084327739468642,4.37398493973376,5,1,True,42,
ABC-PMC,469570.0,61492.89891290665,2347850.0,61492.89891290665,2.7818352882023216,24.01904283181313,160.90576260319114,27.630901400355377,0.3053257559975716,10.078390464492415,0.6018850113826812,4.385133088547202,5,1,True,42,
ABC-PMC,476021.0,62318.04360795021,2380105.0,62318.04360795021,2.7458737400708544,24.031656387439057,155.31283508774555,27.6309014003561,0.27326505294478015,10.05875917745089,0.5689448642763814,4.373895785650728,5,1,True,42,
ABC-PMC,482263.0,63143.47747039795,2411315.0,63143.47747039795,2.7166710429745873,24.010774034475155,155.31742550327965,27.630901400355643,0.2700373475727686,10.0537156616741,0.5594841936750974,4.36951798182542,5,1,True,42,
ABC-PMC,488761.0,63969.225492715836,2443805.0,63969.225492715836,2.6787065657765954,24.009919034758035,155.1483796729819,27.630901400354105,0.24796676495221276,10.075697580278174,0.5335998871545312,4.375333323930738,5,1,True,42,
ABC-PMC,494998.0,64795.25037574769,2474990.0,64795.25037574768,2.6434275319723093,24.001253689183653,152.81239437226634,27.630901400353697,0.23083987301067496,10.069128815890997,0.509746049802444,4.369173275415827,5,1,True,42,
ABC-PMC,501523.0,65621.58193302155,2507615.0,65621.58193302155,2.6094812606595883,24.043837614267765,149.98707905729663,27.630901400376086,0.20925874637408057,10.077066739308538,0.4820230024194327,4.370181916686008,5,1,True,42,
ABC-PMC,509141.0,66448.24980020523,2545705.0,66448.24980020523,2.4790071976266086,24.029655898230388,144.4535135818033,27.630901400354993,0.16513936334553508,10.058121159666932,0.4231942082041812,4.353950938623093,5,1,True,42,
ABC-PMC,515711.0,67275.2616007328,2578555.0,67275.2616007328,2.4539142336341753,24.03269791419691,145.84317435230975,27.630901400396226,0.16680752646972788,10.091733447486197,0.42394554203292084,4.373325835673264,5,1,True,42,
ABC-PMC,522947.0,68105.66765832901,2614735.0,68105.66765832901,2.4248296374924556,23.9959239303874,142.34596013744166,27.630901400376672,0.14634246630061482,10.059480805068878,0.38660175954277975,4.351736696437321,5,1,True,42,
ABC-PMC,529636.0,68936.39267921448,2648180.0,68936.39267921448,2.396111625250251,24.010415750247557,138.9299943535882,27.630901400375492,0.13925090166935877,10.035191893991984,0.36967300066827236,4.343966007940951,5,1,True,42,
ABC-PMC,536231.0,69767.45369529724,2681155.0,69767.45369529724,2.36735523769845,24.04993259550707,138.84136004800231,27.6309014003991,0.12533754148301202,10.074376439029146,0.34611422089620075,4.3586338790741355,5,1,True,42,
ABC-PMC,543204.0,70598.84397816658,2716020.0,70598.84397816658,2.3299983325285836,24.040732774468857,137.4974870366183,27.630901400439928,0.11242210522115573,10.081537139453179,0.32427380465425626,4.359489359232583,5,1,True,42,
ABC-PMC,550183.0,71430.5352203846,2750915.0,71430.5352203846,2.297101293171079,24.089865949869903,136.41944970924482,27.630901400402237,0.10922708295219388,10.078954925185533,0.3200415074043616,4.356387434924191,5,1,True,42,
ABC-PMC,556793.0,72262.5620059967,2783965.0,72262.5620059967,2.2670918928857238,24.02999991534151,137.00239554226206,27.630901400415507,0.09960658427615386,10.09883784504402,0.3010653737806603,4.36183526216105,5,1,True,42,
ABC-PMC,563990.0,73094.95483088493,2819950.0,73094.95483088493,2.2363201021782966,24.045497823828107,133.4151995891856,27.630901400415564,0.08552814792613472,10.085447955034923,0.2607505110535989,4.357111796828678,5,1,True,42,
ABC-PMC,571996.0,73927.78409218788,2859980.0,73927.78409218788,2.124504097069382,24.052604438500246,129.45272685627614,27.63090140043957,0.07203058118095844,10.09080001301354,0.21133991964474402,4.355754613586927,5,1,True,42,
ABC-PMC,579111.0,74760.9512758255,2895555.0,74760.9512758255,2.091725959178082,24.019591845866074,128.49969898303362,27.630901400392865,0.055270757635951906,10.098816954375838,0.18847396775948405,4.3582634225725485,5,1,True,42,
ABC-PMC,586025.0,75594.46939921379,2930125.0,75594.46939921379,2.061870107175823,24.02962195545011,127.9430663690836,27.63090140039558,0.0587228623549708,10.071946472584907,0.2014990281540474,4.347753077182634,5,1,True,42,
ABC-PMC,593577.0,76428.33653140068,2967885.0,76428.33653140068,2.0323440767579113,24.077874594167078,125.93146910093785,27.63090140037924,0.048177622778603796,10.113855768450655,0.16341946131134785,4.365681041169253,5,1,True,42,
ABC-PMC,600827.0,77262.60929632187,3004135.0,77262.60929632187,2.0112438745143963,24.068290413431463,125.85898528859607,27.630901400399296,0.04452367814367273,10.09845873226458,0.15722490626735225,4.356117670258371,5,1,True,42,
ABC-PMC,608378.0,78097.24261403084,3041890.0,78097.24261403084,1.9882957501297096,24.09322633016309,125.02316899319412,27.630901400443147,0.04407784745414214,10.11148052794584,0.1475492612563893,4.363569298472691,5,1,True,42,
ABC-PMC,615713.0,78932.29537153244,3078565.0,78932.29537153244,1.9679739443870834,24.079687442105794,122.71162305718047,27.630901400503507,0.03788131281605217,10.094377511085103,0.13006928957416997,4.355249629492682,5,1,True,42,
ABC-PMC,623070.0,79767.73690128326,3115350.0,79767.73690128326,1.9434210922154778,24.09239866904916,122.3059487460426,27.630901400460584,0.037074004758933965,10.11543130315497,0.11914918371537712,4.364921588307711,5,1,True,42,
ABC-PMC,630143.0,80603.56905460358,3150715.0,80603.56905460358,1.9235397018001057,24.072851216147413,122.27404697294874,27.630901400503213,0.031575063643690456,10.120299078173165,0.12072903013632022,4.36492570244769,5,1,True,42,
ABC-PMC,639115.0,81439.89480495453,3195575.0,81439.89480495453,1.8273627167101003,24.08544120344807,119.04171778847159,27.63090140043973,0.028555981557071376,10.124883045516652,0.0953962862823671,4.364586601690972,5,1,True,42,
ABC-PMC,646849.0,82276.65071058273,3234245.0,82276.65071058273,1.8047935562626178,24.071497840112087,117.90898434125103,27.630901400480404,0.026635432024567397,10.110987757778688,0.08764299086908438,4.36054664909499,5,1,True,42,
ABC-PMC,654716.0,83113.82581067085,3273580.0,83113.82581067085,1.7849567762487657,24.12021603337402,117.52343345040366,27.630901400505007,0.02726509382364317,10.127362857701899,0.1001179396084472,4.366818360839077,5,1,True,42,
ABC-PMC,662846.0,83951.4293050766,3314230.0,83951.4293050766,1.764265405567194,24.14613510810505,117.703040831225,27.630901400507298,0.03287705021121275,10.163190992355723,0.10190764096087135,4.383531474351362,5,1,True,42,
ABC-PMC,671014.0,84789.47551321983,3355070.0,84789.47551321983,1.7430083463676085,24.12217763512789,115.67151591062536,27.630901400525097,0.03270393217818673,10.148439217664324,0.10652671575077437,4.375546694501758,5,1,True,42,
ABC-PMC,678762.0,85627.90638709068,3393810.0,85627.90638709068,1.7253396302582575,24.133502014770258,115.06722401458724,27.630901400528803,0.028425053767064,10.11800589155257,0.10507471765004243,4.362682811509939,5,1,True,42,
ABC-PMC,686660.0,86466.79484033585,3433300.0,86466.79484033585,1.7025162922022399,24.116212787737894,114.49995075234136,27.630901400546943,0.032435061734700156,10.152591507438938,0.11756714526499876,4.377721297301468,5,1,True,42,
ABC-PMC,696376.0,87306.21052503586,3481880.0,87306.21052503586,1.6173904775921277,24.12616021237168,112.44845228931592,27.630901400527996,0.03591828712398325,10.151175556177137,0.14389893139836815,4.376319710280081,5,1,True,42,
ABC-PMC,704593.0,88146.0829384327,3522965.0,88146.0829384327,1.6004893889910767,24.145695105898096,111.8674563323033,27.63090140052942,0.036384057275529895,10.16826822340936,0.15001263627371203,4.383974523165408,5,1,True,42,
ABC-PMC,715564.0,88989.60083675385,3577820.0,88989.60083675385,1.5204649195415227,24.172044750373658,109.30788734680668,27.63090140059277,0.05587531711960407,10.176990610461559,0.2013859295778199,4.389821809265613,5,1,True,42,
ABC-PMC,724296.0,89833.63472414017,3621480.0,89833.63472414017,1.5044535554276692,24.124844283137733,108.53918971142096,27.630901400546172,0.060140570814672376,10.151581211473204,0.21261791135705382,4.379635865185078,5,1,True,42,
ABC-PMC,736298.0,90678.40710568428,3681490.0,90678.40710568428,1.4292308776562856,24.157443900147882,107.18108351797684,27.630901400572636,0.07082419918287496,10.17453946352172,0.24371463957163164,4.390315302515336,5,1,True,42,
ABC-PMC,749658.0,91524.04384541512,3748290.0,91524.04384541512,1.3577693337734713,24.140224539303336,104.95160292503118,27.630901400528906,0.09987213120671863,10.17400066067131,0.2892339748568169,4.391098243391414,5,1,True,42,
ABC-PMC,763185.0,92370.58839130402,3815925.0,92370.58839130402,1.2898808670847977,24.1936142760884,102.54768702822378,27.63090140057241,0.1256585332484929,10.188729016347553,0.3361489746191126,4.400979431219336,5,1,True,42,
ABC-PMC,776604.0,93218.17016077042,3883020.0,93218.17016077042,1.2253868237305576,24.235402664498146,101.65049399664623,27.63090140059887,0.14901628285229507,10.213569734595358,0.3619600007929593,4.414428356415124,5,1,True,42,
ABC-PMC,790694.0,94066.86558151245,3953470.0,94066.86558151245,1.1641174825440297,24.202472081948976,99.90452282052108,27.630901400614523,0.1946112229770263,10.227664246480325,0.4132753149744793,4.422389194893408,5,1,True,42,
ABC-PMC,806046.0,94916.63417887688,4030230.0,94916.63417887688,1.1059116084168281,24.253039742352435,99.16661245221556,27.63090140066365,0.20274962452556963,10.23511306783057,0.4305498419195201,4.427308075903526,5,1,True,42,
ABC-PMC,825520.0,95768.00368666649,4127600.0,95768.00368666649,1.0506160279959866,24.2474429595051,98.09806988730001,27.63090140062007,0.23421503975358976,10.25268878282928,0.4594023637954792,4.437187668854132,5,1,True,42,
ABC-PMC,848687.0,96621.52807879448,4243435.0,96621.52807879448,0.9980852265961873,24.261838191102015,96.9554466053326,27.63090140062208,0.27692447545312004,10.263692667936997,0.49749989414135876,4.445453402526416,5,1,True,42,
ABC-PMC,874387.0,97478.02694869041,4371935.0,97478.02694869041,0.9481809652663779,24.323807729605637,95.43788443386632,27.63090140072517,0.3401231511229972,10.280332358931162,0.5444492209671538,4.456739760290558,5,1,True,42,
ABC-PMC,901185.0,98337.5947227478,4505925.0,98337.5947227478,0.9007719170030589,24.317022888330012,95.25261383894343,27.63090140068824,0.3410928762801687,10.267764388858115,0.540919603327125,4.450693095245137,5,1,True,42,
ABC-PMC,943335.0,99202.01649594307,4716675.0,99202.01649594307,0.8557333211529059,24.302004355560044,94.26303635667183,27.63090140073091,0.3904285177437368,10.269285234350248,0.5780420208119107,4.454736974779382,5,1,True,42,
ABC-PMC,992557.0,100075.29928612709,4962785.0,100075.29928612709,0.8129466550952605,24.38854615065815,93.51439376620834,27.630901400736473,0.42765045164191556,10.279291702537632,0.5916450317752686,4.460477748331778,5,1,True,42,
ABC-PMC,1062029.0,100963.0899567604,5310145.0,100963.0899567604,0.7722993223404975,24.396002358033762,93.1054718645173,27.63090140075697,0.449583728518117,10.304768010353165,0.6169850498335382,4.474173661825309,5,1,True,42,
ABC-PMC,1162403.0,101879.09817767143,5812015.0,101879.09817767143,0.7336843562234726,24.428218904634175,92.02174547671068,27.6309014007599,0.5162723285708319,10.293673535767306,0.6460847296863573,4.473279765036711,5,1,True,42,
