method,n_sim,time,n_sim_raw,time_raw,epsilon,kl_sigma2,score_joint,kl_sigma2_true_vs_abc,kl_mu_avg,w2_sigma2,w2_mu_avg,sw2_joint,K,K_outliers,include_osum,seed
ABC-Vanilla,1000.0,0.001680769920349121,1000000.0,1.680769920349121,117.73376144665158,23.943832735366243,3777.169793407477,27.62499966031112,8.555427784613741,9.946295525784834,17.16242655855781,16.46384341287124,2,1,False,42
ABC-Vanilla,2154.4346900318833,0.003621109022362272,464158.8833612779,0.7801442894164721,39.24554422753508,23.898095852512725,3695.765450434698,27.624999660223647,8.482768946251225,9.91277332872085,17.14676362430316,16.49910122095107,2,1,False,42
ABC-Vanilla,4641.588833612778,0.007801442894164719,215443.4690031884,0.36211090223622727,28.804483126936383,23.921386143782996,3854.038129438155,27.624999660290936,8.565650008134572,9.946369896145407,17.144180035665038,16.72947635889042,2,1,False,42
ABC-Vanilla,10000.0,0.016807699203491212,100000.0,0.1680769920349121,21.654574926458864,23.928200915701435,3888.3332222969048,27.62499966030918,7.975544865016868,9.939351369083058,17.18948429317797,16.64044960300599,2,1,False,42
ABC-Vanilla,21544.346900318837,0.036211090223622726,46415.88833612779,0.07801442894164722,16.14610193114218,23.9521922959429,3835.675112223998,27.624999660250523,8.043209080655128,9.933068738705764,17.351879299890033,16.797245706887093,2,1,False,42
ABC-Vanilla,46415.88833612777,0.07801442894164717,21544.346900318847,0.03621109022362274,11.850988754052231,23.928927640176973,3893.5259526781983,27.624999660307978,8.317729342834365,9.950334085657195,17.397750899715987,16.7679548919898,2,1,False,42
ABC-Vanilla,100000.0,0.1680769920349121,10000.0,0.016807699203491212,8.474954318468921,23.972235898027712,3950.0257951301774,27.624999660333074,9.025586313522803,9.973682291528938,17.303714143055196,16.69368048133518,2,1,False,42
ABC-Vanilla,215443.4690031882,0.362110902236227,4641.588833612783,0.007801442894164726,5.9969318246744985,23.969883551264306,3928.379608332947,27.624999660333525,9.45335528952889,9.968622713549689,17.271900127735933,16.76944853869459,2,1,False,42
ABC-Vanilla,464158.8833612778,0.780144289416472,2154.434690031884,0.0036211090223622735,4.2499292423988155,23.934700759856362,3757.8572837405254,27.62499966024821,8.608551456030238,9.947645776319835,17.01721401306897,16.521411774767238,2,1,False,42
ABC-Vanilla,1000000.0,1.680769920349121,1000.0,0.001680769920349121,3.024016067598793,23.930094993197674,3663.3400957903036,27.62499966032962,8.685569359476105,9.952425765574505,16.931312916430294,16.40731816124699,2,1,False,42
permABC-Vanilla,1000.0,0.0041710703372955325,1000000.0,4.171070337295532,100.56543936571279,23.920159261481505,2308.353039215305,27.624999660228504,9.328526871812656,9.934859345313473,13.224740770280944,13.422274621956525,2,1,False,42
permABC-Vanilla,2154.4346900318833,0.008986298629232484,464158.8833612779,1.9360393501804432,29.64898575803225,23.957615525983233,1049.4985110470452,27.62499966020918,8.518230107160296,9.953098718737639,8.850368899444005,9.704277101350549,2,1,False,42
permABC-Vanilla,4641.588833612778,0.019360393501804428,215443.4690031884,0.8986298629232485,22.29458409128973,23.96104115876104,610.5577533653377,27.62499966023026,7.757900268676045,9.98513629285982,6.4476343706212855,8.114268132239962,2,1,False,42
permABC-Vanilla,10000.0,0.04171070337295532,100000.0,0.41710703372955327,16.673796006452896,23.91681671085224,343.6511579579903,27.624999660226617,7.352438697155554,9.956229480419973,4.5479688582851425,7.054540039080163,2,1,False,42
permABC-Vanilla,21544.346900318837,0.08986298629232485,46415.88833612779,0.19360393501804432,12.250949689842459,23.924696933197946,196.9436094965927,27.624999660330325,5.273680702044167,9.949062525715549,3.0080127012406663,6.430846106774735,2,1,False,42
permABC-Vanilla,46415.88833612777,0.1936039350180442,21544.346900318847,0.08986298629232488,8.796054457713414,23.991193391795612,115.60138685468625,27.62499965771803,2.065496621652987,9.985023112707092,1.8009510981576742,6.1184109725725015,2,1,False,42
permABC-Vanilla,100000.0,0.4171070337295532,10000.0,0.04171070337295532,6.229874578292783,23.962051663046406,76.9911735972207,27.62499966031259,0.718540639931701,9.953874382074018,0.9983941202730382,5.964714826736766,2,1,False,42
permABC-Vanilla,215443.4690031882,0.8986298629232478,4641.588833612783,0.019360393501804445,4.368414710870551,23.991930487229517,55.16547213840138,27.624999660357958,0.12224311394230267,9.95957306895498,0.34362520676942876,5.91100795310639,2,1,False,42
permABC-Vanilla,464158.8833612778,1.9360393501804427,2154.434690031884,0.008986298629232487,3.118021128471398,24.014456491148437,46.27985244255167,27.624999660399787,0.04787451332828151,9.99976001032605,0.1436882471429497,5.928228408679506,2,1,False,42
permABC-Vanilla,1000000.0,4.171070337295532,1000.0,0.0041710703372955325,2.2826913630070997,24.040526663735612,41.88035185874725,27.62499966044397,0.132058369218159,10.055849843501504,0.34272504506472556,5.964464764514258,2,1,False,42
ABC-SMC,950.0,0.3301962614059448,1900.0,0.6603925228118896,66.09316074750198,23.955373470370922,3322.173476524035,27.624999660292495,7.877912492137978,9.937284159386751,16.296117234884907,15.74811804263191,2,1,False,42
ABC-SMC,1852.0,0.4903610944747925,3704.0,0.980722188949585,59.643540111893806,23.956626380406846,3107.98189480001,27.62499966029261,7.873592172625006,9.940962386183958,15.697672426747836,15.254662954339237,2,1,False,42
ABC-SMC,2708.0,0.6500946283340454,5416.0,1.3001892566680908,56.14877309995414,23.953420127712178,2890.7870897956013,27.62499966029211,7.912527119080801,9.933725167029216,15.20423914997335,14.825301894619626,2,1,False,42
ABC-SMC,3521.0,0.8144110441207886,7042.0,1.6288220882415771,53.66440754984454,23.956189563732476,2741.9920776889767,27.624999660312437,7.839000596488054,9.938198055651947,14.764610715846398,14.463773873230588,2,1,False,42
ABC-SMC,4293.0,0.9787955284118652,8586.0,1.9575910568237305,51.41181534783243,23.953894384724677,2581.819825558637,27.624999660332293,7.867937039160934,9.933039159401233,14.371533753272193,14.119710107164902,2,1,False,42
ABC-SMC,5026.0,1.1395132541656494,10052.0,2.279026508331299,49.431677705179666,23.961458946863388,2462.884554293739,27.62499966035313,7.890028863167155,9.937475361929488,14.009061918654439,13.810440155831897,2,1,False,42
ABC-SMC,5722.0,1.288842797279358,11444.0,2.577685594558716,47.87599051036751,23.96578321882359,2336.69995358833,27.624999660394288,7.922526278093796,9.936856585524678,13.680822066090887,13.52309671695302,2,1,False,42
ABC-SMC,6383.0,1.4514557123184204,12766.0,2.902911424636841,46.212757785258816,23.965288349267226,2212.856231798756,27.62499966039415,7.878790046891799,9.934021171936454,13.33887507886681,13.251025753466287,2,1,False,42
ABC-SMC,7011.0,1.6219329833984375,14022.0,3.243865966796875,45.08869680120786,23.976606226545396,2110.207635475217,27.624999660435947,7.893473558693078,9.935685127771293,13.030953556436362,12.993306926778963,2,1,False,42
ABC-SMC,7607.0,1.7799962759017944,15214.0,3.559992551803589,43.80351429192605,23.97495768502572,2016.3175144737984,27.624999660456275,7.918950294269818,9.936464968174635,12.741611739415035,12.743920466022137,2,1,False,42
ABC-SMC,8173.0,1.9305843114852905,16346.0,3.861168622970581,42.15668109337505,23.983027484618354,1918.813922088164,27.62499966047762,7.933354480195044,9.935300816414415,12.43595334969582,12.519310545029995,2,1,False,42
ABC-SMC,8710.0,2.085501194000244,17420.0,4.171002388000488,41.073866839751126,23.993177538051256,1859.570233618626,27.624999660498816,7.954566238987551,9.947376961381606,12.155523572246691,12.314271778249886,2,1,False,42
ABC-SMC,9220.0,2.2341649532318115,18440.0,4.468329906463623,40.1757159505081,23.99617875802805,1801.349822881863,27.62499966049921,7.9457478460397715,9.955068592026448,11.915231478446199,12.113542605828473,2,1,False,42
ABC-SMC,14558.404558404558,3.32297864462915,20440.0,4.665462017059326,39.05849895364683,23.968771482513674,1766.415711678902,27.624999660273627,8.961358314038064,9.956654241279923,11.662445510916044,11.872429253278009,2,1,False,42
ABC-SMC,13639.804639804639,3.043955790108668,22342.0,4.985999584197998,38.26361987959556,23.969892620826037,1697.8117582552663,27.624999660272994,8.967310109258364,9.955064775672218,11.442482252636678,11.692406959728283,2,1,False,42
ABC-SMC,13706.015891032917,3.003075093064757,24150.0,5.2914183139801025,37.550984788963824,23.97016300405833,1649.2008416536437,27.624999660272863,8.907146144264404,9.959744096309253,11.193602556882553,11.515612732244982,2,1,False,42
ABC-SMC,14165.388828039431,3.073719218944537,25866.0,5.612611293792725,36.939999259000324,23.963680596942446,1584.635856598119,27.624999660271843,8.892849051335265,9.954979010901944,10.943729698189347,11.33291601968391,2,1,False,42
ABC-SMC,14672.358591248665,3.1685495834594857,27496.0,5.937861919403076,36.36387403998742,23.965352150522136,1520.00872388447,27.624999660291813,8.839799381900406,9.951806344978078,10.742011673883084,11.15112191613963,2,1,False,42
ABC-SMC,15286.315789473685,3.300127355675948,29044.0,6.270241975784302,35.54994019025787,23.96435967319401,1456.34445407273,27.624999660291415,8.85123834528946,9.949329470712396,10.50359042227533,10.981200942974253,2,1,False,42
ABC-SMC,16059.999999999998,3.4791903746755497,30514.0,6.610461711883545,34.81972729193971,23.966860517541168,1388.143986073175,27.624999660291163,8.90203411685271,9.94764848807292,10.29727920471192,10.810397678658944,2,1,False,42
ABC-SMC,16741.86778593914,3.63786585808801,31910.0,6.933772325515747,34.061312984822194,23.96244401076414,1322.7137921388091,27.62499966029045,8.840934415013233,9.940205171247241,10.069891501437128,10.640324763382264,2,1,False,42
ABC-SMC,17401.047120418847,3.8028899287678186,33236.0,7.263519763946533,33.339461185458305,23.952296492249413,1272.8885617966303,27.624999660289358,8.856256127375799,9.934942580541712,9.884566269504234,10.475946883748664,2,1,False,42
ABC-SMC,18059.685863874347,3.9629677827445624,34494.0,7.569268465042114,32.83571753510161,23.950802142643063,1227.1665074755588,27.624999660288854,8.80081477789816,9.9341351216784,9.672999751568153,10.314012195489981,2,1,False,42
ABC-SMC,18684.8167539267,4.13738183326122,35688.0,7.902399301528931,32.2700885236226,23.965941095295577,1169.5669144920976,27.62499966033135,8.747987531760288,9.932959610156137,9.458072169339102,10.159341690944899,2,1,False,42
ABC-SMC,19258.36820083682,4.302230963647116,36822.0,8.225865602493286,31.490133878817286,23.971734089528237,1125.754716535123,27.624999660331447,8.753648996224568,9.936112137929781,9.247072324353155,10.013668866464768,2,1,False,42
ABC-SMC,19800.417972831765,4.470161136041241,37898.0,8.555888414382935,30.753656040055137,23.97549122390204,1081.2300509736765,27.62499966033134,8.695385828783083,9.933821885021338,9.04688666707673,9.871691672927328,2,1,False,42
ABC-SMC,20334.37826541275,4.643024571138739,38920.0,8.886749029159546,30.09389858737633,23.979314595663293,1040.0181452716904,27.624999660372783,8.680933845160558,9.934616888458116,8.860349569303628,9.732741952758191,2,1,False,42
ABC-SMC,28575.41899441341,6.223033759847033,40920.0,8.911384344100952,29.55125618437316,23.927113694208046,1000.237358345592,27.62499966024836,8.016617261556606,9.929571006005048,8.676701442015633,9.632325704571054,2,1,False,42
ABC-SMC,26141.63614163614,5.453567365150312,42820.0,8.932943344116211,28.84106482868029,23.923301575374445,965.467628706163,27.62499966024792,7.963517002486816,9.93091960700779,8.502880980229534,9.504496803157508,2,1,False,42
ABC-SMC,25765.588914549655,5.353127285734885,44626.0,9.271616458892822,28.238644558478207,23.929611929243446,938.6652094988638,27.624999660268138,7.980501006586291,9.938143512058863,8.341281948812071,9.378800922895831,2,1,False,42
ABC-SMC,25744.444444444445,5.333073139190674,46340.0,9.599531650543213,27.68865599766701,23.93624750814752,910.7297321567689,27.624999660288854,7.950210121319266,9.945202283100118,8.163895276236763,9.261366185389281,2,1,False,42
ABC-SMC,26126.36165577342,5.410182190356951,47968.0,9.933094501495361,27.076289803199675,23.946427523837215,878.2015594122452,27.624999660310145,7.951729087821507,9.951401273651559,8.006463106388008,9.149258857362947,2,1,False,42
ABC-SMC,26793.290043290042,5.556190426731522,49514.0,10.267839908599854,26.55926410447517,23.95645138008244,846.7157717622742,27.624999660351897,7.8968299936867234,9.954286658916326,7.848975115069071,9.039164382667371,2,1,False,42
ABC-SMC,27350.858369098714,5.68638223946862,50982.0,10.599416494369507,25.865021278624567,23.954564742871778,821.2365188763147,27.624999660351577,7.823558506010006,9.956287270220532,7.679236928799467,8.938429300389714,2,1,False,42
ABC-SMC,27948.772678762005,5.840712830249375,52376.0,10.945495843887329,25.290853010742456,23.956710194222254,797.1902158172129,27.62499966037258,7.850610441051878,9.957594273268908,7.534411663297616,8.835804440437336,2,1,False,42
ABC-SMC,28655.28281750267,6.0210481142921415,53700.0,11.283444166183472,24.756453554244032,23.95534971858083,776.0004722006985,27.624999660372307,7.869298739326375,9.961006457807128,7.393406858184262,8.741669369469074,2,1,False,42
ABC-SMC,29263.045793397232,6.0192459561446485,54956.0,11.304143905639648,24.403225788205415,23.94596891905175,754.0419996903834,27.62499966037178,7.875779822576988,9.958036196529523,7.246560117097644,8.649053798123452,2,1,False,42
ABC-SMC,29865.957446808512,6.022499977274144,56148.0,11.32229995727539,23.99704965712035,23.94655884948963,724.9692612129525,27.62499966039221,7.775898429957188,9.953567318051821,7.094981659728452,8.550639644484045,2,1,False,42
ABC-SMC,30435.706695005316,6.023579398833223,57280.0,11.336376428604126,23.583099852717197,23.945142528395976,704.3986626201681,27.624999660392152,7.856498930823614,9.95468431358974,6.958711910247352,8.462473335136599,2,1,False,42
ABC-SMC,30973.460721868363,6.023340670672698,58354.0,11.347973823547363,23.165668206926817,23.953319068344904,684.4812045904939,27.624999660392916,7.831553855707565,9.961634724339891,6.799760162965706,8.375247706413207,2,1,False,42
ABC-SMC,31481.442205726406,6.022462030736412,59374.0,11.358363389968872,22.764534935747093,23.950866017968096,659.1561463997857,27.624999660392895,7.830776078789244,9.958400317198292,6.66171625719236,8.281946803313808,2,1,False,42
ABC-SMC,44798.5401459854,8.300182941186167,61374.0,11.371250629425049,22.46864355626232,23.95904283216784,631.1266314361492,27.62499966024991,8.003078961129138,9.948544424636212,6.656088903911096,8.2457098080555,2,1,False,42
ABC-SMC,40048.101265822785,7.204357430904727,63276.0,11.382884740829468,22.109913054449482,23.95427273861892,601.2239854739129,27.624999660249205,8.032995616385476,9.934590789225842,6.5400638518469565,8.156926034974152,2,1,False,42
ABC-SMC,38238.5428907168,6.694893719306704,65082.0,11.39470911026001,21.83143735855876,23.942593927209664,581.8088738089389,27.624999660247884,7.962406487944095,9.929747677618492,6.423057759700829,8.06550463603884,2,1,False,42
ABC-SMC,37738.98305084746,6.444116770210913,66798.0,11.406086683273315,21.34109452528571,23.93933438799494,562.7625583421386,27.624999660246978,7.965473774221536,9.928113166102062,6.292918483711275,7.989164250757271,2,1,False,42
ABC-SMC,37932.37250554324,6.496369970875675,68430.0,11.719451427459717,20.998899337932404,23.941760014100105,547.4279559720287,27.624999660247035,7.917119742454136,9.93185291131233,6.176749888763272,7.913595728213384,2,1,False,42
ABC-SMC,38324.205914567356,6.610265175066276,69980.0,12.07034420967102,20.648425237120957,23.939402116444473,526.9407539838552,27.62499966024685,7.8880867213550445,9.926610027867623,6.057461563280064,7.8315836366331375,2,1,False,42
ABC-SMC,38706.392199349946,6.718742240418075,71452.0,12.402798175811768,20.36615121443004,23.937544483810523,511.2825617072756,27.624999660266916,7.823656847722095,9.931000146257109,5.931898364116716,7.758084678525157,2,1,False,42
ABC-SMC,39251.0775862069,6.863782118106711,72850.0,12.739179611206055,19.93916642201292,23.9403401939148,486.53463172866384,27.624999660266617,7.7407162465615045,9.920063325556137,5.803738126619491,7.680123745461375,2,1,False,42
ABC-SMC,39795.0643776824,7.020146166306197,74178.0,13.085552453994751,19.611708900446196,23.935797834034215,472.0291115950861,27.62499966026574,7.698941238466947,9.92071151502527,5.679426790242468,7.609805522907409,2,1,False,42
ABC-SMC,40427.65273311897,7.199851518530809,75438.0,13.434922933578491,19.33941653206865,23.933069494344902,454.37664945555247,27.624999660265175,7.599706058924547,9.91845817167017,5.564538665951595,7.534786633819272,2,1,False,42
ABC-SMC,40936.96581196581,7.355782211336315,76634.0,13.770024299621582,18.989951075786774,23.93454691466723,443.49423716977435,27.62499966026497,7.511987414242009,9.92675752903152,5.436974173442802,7.470785517299677,2,1,False,42
ABC-SMC,41500.53361792956,7.528715861390723,77772.0,14.108813524246216,18.695856622221157,23.935296525488194,423.1647661158586,27.624999660264915,7.490576579138734,9.919372755248808,5.324578431418427,7.406011681395828,2,1,False,42
ABC-SMC,42076.84098185699,7.6996290314795495,78852.0,14.429104804992676,18.36697933980794,23.936122174877866,409.38005389631724,27.624999660264635,7.506111294769863,9.921120426271266,5.200975475134022,7.3394886918333295,2,1,False,42
ABC-SMC,42624.33297758805,7.880711250142329,79878.0,14.768452882766724,18.08308377532874,23.93935649394709,398.3066113202352,27.62499966026483,7.4606330019089535,9.929294335892559,5.077173187464674,7.285441712844258,2,1,False,42
ABC-SMC,60830.609212481424,10.990380355188785,81878.0,14.793051958084106,17.627025507413304,23.90579805524659,378.8328169123316,27.624999660206097,7.448034555042629,9.925171928468034,4.914587906043644,7.210389706877226,2,1,False,42
ABC-SMC,53226.17534942821,9.411772748566642,83778.0,14.814130306243896,17.369811543858898,23.917875543765682,369.86354184410004,27.62499966022845,7.341655051968402,9.940952380753984,4.779137649392133,7.162222165917083,2,1,False,42
ABC-SMC,50520.66115702479,8.755665461597644,85582.0,14.832097291946411,17.005534215327952,23.912800980374882,354.29154833455584,27.624999660227413,7.264448780506022,9.93466781050035,4.65632643511036,7.095321618257275,2,1,False,42
ABC-SMC,49825.34246575342,8.4739429493473,87294.0,14.84634804725647,16.751629234155807,23.91293339149507,341.4707105774005,27.624999660226692,7.243986293485513,9.933396964545338,4.537683862519308,7.042421754901262,2,1,False,42
ABC-SMC,49731.54362416107,8.31098897878489,88920.0,14.860048294067383,16.425045526214586,23.932588547443615,326.02599460384494,27.624999660249568,7.16602260017452,9.937760134148418,4.422769006127357,6.98584694445226,2,1,False,42
ABC-SMC,49650.93304061471,8.162592428314175,90464.0,14.872243404388428,16.061778474131764,23.94361291163753,314.59320460159574,27.624999660291156,7.069333420666256,9.94408725994903,4.3056571816086,6.935678164041419,2,1,False,42
ABC-SMC,49853.57917570499,8.071417275840446,91930.0,14.88369345664978,15.685851563574658,23.953202780410763,303.2106727019066,27.624999660312426,7.065436439044069,9.949353138055224,4.188376195187861,6.887219385458495,2,1,False,42
ABC-SMC,50389.848812095035,8.042408889622205,93322.0,14.894541263580322,15.380291344885702,23.95084261724235,290.8519924870681,27.62499966033246,6.870734065309108,9.946519424823016,4.073102833441562,6.837734117368434,2,1,False,42
ABC-SMC,50993.534482758616,8.030846072682019,94644.0,14.905250310897827,15.055855058745346,23.9559024757582,283.72199693303895,27.624999660352895,6.6829121098001245,9.954318107808755,3.9641838677955046,6.793245569002203,2,1,False,42
ABC-SMC,51393.35476956056,7.993485894361621,95900.0,14.915844678878784,14.747707694934926,23.964166165363775,273.9611516847781,27.624999660373458,6.555221642143271,9.957031139133417,3.851690516119715,6.750459783920421,2,1,False,42
ABC-SMC,51810.03201707578,7.964959521176594,97092.0,14.926334142684937,14.466856869227101,23.9670651270661,262.4823816686789,27.62499966037321,6.405307080701537,9.953902627257497,3.738334933396958,6.703829895461478,2,1,False,42
ABC-SMC,52302.4494142705,7.953504403940024,98224.0,14.936681270599365,14.220585561619197,23.966102139571476,253.2357554843453,27.624999660372996,6.304582245728145,9.950076826595923,3.6303042855861665,6.658148999142388,2,1,False,42
ABC-SMC,52874.33439829606,7.958963656196959,99298.0,14.94693374633789,13.813924475083075,23.97513958121711,245.01360837181142,27.624999660394078,6.164555800630087,9.957325499384334,3.5165630370987264,6.620393288372151,2,1,False,42
ABC-SMC,53417.46538871139,7.964384568511996,100318.0,14.957114219665527,13.515066110251713,23.984792267297983,235.6064087590637,27.62499966041517,5.9536758268537024,9.960169833727068,3.419038306659669,6.577481768351542,2,1,False,42
ABC-SMC,75013.19648093842,10.974907630349884,102318.0,14.969774007797241,13.252550120473524,23.97660752331778,219.11598030351382,27.624999660354046,5.791635286762876,9.98452541350083,3.3024382041892038,6.551243648663857,2,1,False,42
ABC-SMC,65794.19191919192,9.457989925085897,104218.0,14.98145604133606,12.98655017688267,23.970091630051026,211.68510543419282,27.624999660353396,5.657728676243369,9.985400103105356,3.2001160389579795,6.513934296302523,2,1,False,42
ABC-SMC,62660.75650118203,8.861036306295553,106022.0,14.992873430252075,12.727804857522733,23.978207922754265,201.79142903320945,27.624999660354558,5.450963782807034,9.987159225264902,3.0895596195709336,6.4804272639621985,2,1,False,42
ABC-SMC,60935.52036199095,8.48645093214458,107734.0,15.004045248031616,12.407558163269261,23.9929032953086,195.70273973199795,27.624999660355716,5.162138451185669,10.002820521151618,2.9899741241667037,6.458016806200286,2,1,False,42
ABC-SMC,60353.20088300221,8.286500082373882,109360.0,15.015138149261475,12.166988458248964,23.99276932953729,187.40685570022148,27.624999660355265,4.884095856822328,9.999846894983763,2.888211110542386,6.424638745192424,2,1,False,42
ABC-SMC,60208.46905537459,8.15749983834133,110904.0,15.026114702224731,11.86298661773633,24.00017945864246,180.69121856997822,27.624999660355964,4.600490661607308,10.004109451802027,2.7921384270029517,6.397572791057965,2,1,False,42
ABC-SMC,60609.49298813377,8.110565017856569,112370.0,15.036987543106079,11.590783327283894,23.998089859487173,174.20408067875877,27.624999660376442,4.349544529125014,10.004861250217706,2.7050295491792746,6.367710462261813,2,1,False,42
ABC-SMC,60640.724946695096,8.02119314543474,113762.0,15.047758340835571,11.309533754578348,23.99507139429324,167.44528905448152,27.624999660396593,4.078714783467365,10.003226934861255,2.6135065841744103,6.33748097415445,2,1,False,42
ABC-SMC,61345.4157782516,8.026849867692635,115084.0,15.058370351791382,11.047208487573144,23.995157174826048,160.25701972647818,27.62499966039619,3.8094169456254843,10.00004284114945,2.5164347585843143,6.306744776485698,2,1,False,42
ABC-SMC,61948.881789137384,8.023922689679585,116340.0,15.068926811218262,10.802737032710146,23.98717577513999,155.33280374604664,27.624999660395307,3.575804813586445,10.002321264632648,2.435661848689789,6.287536394047977,2,1,False,42
ABC-SMC,62583.59957401491,8.029514227431422,117532.0,15.079427719116211,10.565070495421912,23.987298009868006,149.47500913887677,27.62499966039506,3.343087668596309,10.002479358671094,2.348138519030091,6.260567667955199,2,1,False,42
ABC-SMC,63119.14893617021,8.026515422983373,118664.0,15.08984899520874,10.240674323825038,23.99661744392114,144.4541971104891,27.62499966039539,3.1247737960604596,10.010242680119587,2.2590059746907114,6.242735326864625,2,1,False,42
ABC-SMC,63622.74176408076,8.02347257210775,119738.0,15.100175380706787,9.931706035110022,23.997661856863356,139.57099580608718,27.624999660395055,2.918093906657222,10.013575653993454,2.1790080660714914,6.219185689704842,2,1,False,42
ABC-SMC,64164.718384697124,8.02890223220355,120758.0,15.11039400100708,9.625915038782523,23.99024626419182,134.97214282346948,27.62499966039464,2.7267201089498307,10.013348171380098,2.0955763551514783,6.1990205163428795,2,1,False,42
ABC-SMC,87684.28571428572,10.802132402147565,122758.0,15.122985363006592,9.36858188575524,23.974445473720003,132.87099846518518,27.6249996603537,2.6363918466795613,9.992853994586746,2.054015432193882,6.185329076842329,2,1,False,42
ABC-SMC,78106.51629072681,9.482794686367637,124658.0,15.134540319442749,9.148195452993336,23.978823831605446,128.0059694420375,27.62499966037428,2.46718279682836,9.988050098141935,1.9815096321214767,6.165677707232249,2,1,False,42
ABC-SMC,73100.57803468208,8.754870519472686,126464.0,15.145925998687744,8.879699755665142,23.973248461704415,123.65806936240892,27.62499966037401,2.3110927048649366,9.986204684999962,1.9104239053576615,6.146575593251539,2,1,False,42
ABC-SMC,70738.41059602649,8.364870848245179,128178.0,15.157145977020264,8.74502997672162,23.978310995893537,118.75379475497695,27.624999660394455,2.164792359846805,9.9810753643129,1.8400701673832542,6.127253072067514,2,1,False,42
ABC-SMC,70470.14115092291,8.234648440482173,129806.0,15.168222427368164,8.499506169059252,23.982824080788937,114.87333896343993,27.624999660394423,2.022812496642226,9.977813938184786,1.7752678343628823,6.111063854585977,2,1,False,42
ABC-SMC,70619.35483870968,8.160870946863646,131352.0,15.179219961166382,8.328628583358608,23.98477550796462,112.0643989516239,27.624999660395186,1.8951063257225513,9.98253018084979,1.7094989900859294,6.099364527960317,2,1,False,42
ABC-SMC,70799.57356076759,8.097074941785605,132820.0,15.190112590789795,8.161206199011072,23.984564530082636,108.36348347822421,27.62499966039492,1.7797521192815573,9.976361515231373,1.6478657843940143,6.0848385456235,2,1,False,42
ABC-SMC,71390.4255319149,8.085558515913943,134214.0,15.200850009918213,8.021328415032828,23.98529399749052,105.53709811371061,27.62499966039463,1.6718667640280438,9.977446585211437,1.5859890998069237,6.073071471508471,2,1,False,42
ABC-SMC,72094.68085106382,8.091225395811366,135538.0,15.211503744125366,7.832630502771652,23.97980349028988,102.95148728374268,27.62499966039384,1.5584482263965378,9.978346846060198,1.5232983043945016,6.059927219640543,2,1,False,42
ABC-SMC,72531.28313891834,8.071074809401058,136794.0,15.222047090530396,7.6484319705417185,23.98711566482305,98.97629620736008,27.624999660435545,1.4473224934962134,9.971470192745457,1.460936021456247,6.044023793278411,2,1,False,42
ABC-SMC,73085.80508474576,8.068054156788325,137986.0,15.232486248016357,7.460719979174995,23.984882851553735,96.4397431006106,27.624999660435325,1.3472199609260262,9.969453665571312,1.4064397854141237,6.031887873989939,2,1,False,42
ABC-SMC,73607.4074074074,8.065012901548355,139118.0,15.242874383926392,7.317183315756116,23.981978155071452,93.756687254051,27.62499966043494,1.2530404345479886,9.96783960938755,1.350591251182585,6.021555584489258,2,1,False,42
ABC-SMC,74175.66137566138,8.070493122887989,140192.0,15.2532320022583,7.160678576858011,23.97813364032823,91.30854588221894,27.624999660434792,1.1749386337596441,9.965330673812048,1.3007275123549862,6.012439292988312,2,1,False,42
ABC-SMC,74715.34391534392,8.075937266072268,141212.0,15.263521432876587,7.0310393722765285,23.992549122884455,88.78594266830964,27.624999660456304,1.08433402668228,9.96640401865685,1.2446189660394984,6.004586676513225,2,1,False,42
ABC-SMC,105458.0265095729,11.249059781059074,143212.0,15.276223182678223,6.916305338586301,23.990981301889967,85.99787173262858,27.62499966037559,0.9939524530172793,9.98378620794663,1.1921784389444832,6.007989015933974,2,1,False,42
ABC-SMC,90695.0,9.554930329322815,145112.0,15.287888526916504,6.785305525614209,24.006248610007567,83.07941773115081,27.62499966037672,0.9071018158656343,9.98286502678272,1.1335055717549039,6.001216808392164,2,1,False,42
ABC-SMC,85615.38461538461,8.915664015950023,146916.0,15.29927945137024,6.6339393193955045,24.011124771251115,80.76972696015942,27.624999660397368,0.837292201197799,9.984212151090947,1.0772197067575595,5.994607526186708,2,1,False,42
ABC-SMC,84065.6108597285,8.659782317968515,148628.0,15.310495138168335,6.479029855245022,24.022685023239017,78.78945145321882,27.624999660419068,0.7749118590419937,9.990767944207548,1.026891809926509,5.992738965931083,2,1,False,42
ABC-SMC,82830.20948180815,8.446327380860653,150254.0,15.321637868881226,6.281932998481439,24.023142540521363,76.2439338585574,27.624999660419274,0.7074221191687529,9.985306770367504,0.9751692387578593,5.983763201204638,2,1,False,42
ABC-SMC,82319.95661605206,8.314888285969964,151798.0,15.332653999328613,6.132451575472851,24.021310245092955,74.45370452591399,27.624999660418748,0.644041077990307,9.988074176664457,0.9231516609886852,5.978705894757587,2,1,False,42
ABC-SMC,82223.17596566523,8.231519373701367,153264.0,15.343552112579346,5.958591580527521,24.01432179970795,72.84399438075718,27.6249996604184,0.5893597631473135,9.98527691390585,0.8746356744547836,5.9709031236122945,2,1,False,42
ABC-SMC,82792.29122055676,8.219696342051666,154656.0,15.354392766952515,5.772198741247513,24.013020375083848,71.19941397685857,27.624999660418162,0.5437752089260838,9.985403178865965,0.8377792602447427,5.967151449406216,2,1,False,42
ABC-SMC,83232.65741728921,8.199093181524612,155978.0,15.365100622177124,5.632037001511961,24.020015448346108,69.29662103424089,27.62499966041896,0.495236160819976,9.98156061611135,0.7894307159037791,5.960595341310535,2,1,False,42
ABC-SMC,83813.43283582089,8.195997428284016,157234.0,15.375691175460815,5.517089544447836,24.01704348130776,67.9688500201764,27.624999660418567,0.454894430057436,9.982742391395808,0.7527506675029407,5.95745810100509,2,1,False,42
ABC-SMC,84448.82729211087,8.201599248182545,158426.0,15.386200189590454,5.393331323211165,24.02486500188752,66.39305988894739,27.624999660419146,0.41621295931594143,9.979907175532977,0.7138019911838352,5.952199614748618,2,1,False,42
ABC-SMC,85052.23880597015,8.207186707047258,159558.0,15.396682262420654,5.298892813446487,24.016256011133315,64.86818210585619,27.62499966041839,0.37756960710764437,9.974987908371844,0.6666786425089473,5.944947522658522,2,1,False,42
ABC-SMC,85533.54632587859,8.203945474756665,160632.0,15.407009601593018,5.205563351568035,24.017203825720536,63.546433046274316,27.624999660438775,0.33244801144172265,9.97589270727205,0.6235305762551361,5.943215899478045,2,1,False,42
ABC-SMC,86076.67731629392,8.209409678198151,161652.0,15.417271375656128,5.077836446743382,24.01943599030446,62.12061652762549,27.624999660438498,0.30018781223149493,9.973530068718205,0.5833290652402077,5.93905824615834,2,1,False,42
ABC-SMC,117735.25179856115,11.100618273234195,163652.0,15.429859399795532,4.956432987090849,23.973855281839942,61.74981981364089,27.624999660312746,0.26768497886672,9.981267211414126,0.5442614523797794,5.937709095571268,2,1,False,42
ABC-SMC,102320.14833127317,9.543637704790301,165554.0,15.441605806350708,4.828588140865844,23.96707129422689,60.36594736112295,27.62499966031174,0.23968284166339007,9.973795787673222,0.504104181473362,5.929826480666792,2,1,False,42
ABC-SMC,95092.04545454546,8.780153773047708,167362.0,15.453070640563965,4.69542339549374,23.962180282777858,59.36351348674792,27.624999660310934,0.2139654269741669,9.970155044264194,0.46943214703353314,5.924455206162159,2,1,False,42
ABC-SMC,93002.200220022,8.50625242730572,169078.0,15.464366912841797,4.598461658650302,23.95581318338246,58.47147864560094,27.624999660309978,0.19167292548986298,9.969447838944683,0.4371595185576046,5.921839755226056,2,1,False,42
ABC-SMC,92474.53954496208,8.383334780824274,170708.0,15.475636005401611,4.5007729012597055,23.9751329905344,57.54404457172157,27.624999660312156,0.17269196802276693,9.976355802562766,0.40865819493845806,5.924162366850928,2,1,False,42
ABC-SMC,92018.1623931624,8.27283571418534,172258.0,15.486748456954956,4.392524751058959,23.97163319714453,56.77295535830467,27.624999660311413,0.15501268169289095,9.977291587812562,0.3784473641880034,5.92332856928305,2,1,False,42
ABC-SMC,92018.00847457627,8.20849886385061,173730.0,15.497645854949951,4.295702484935829,23.971019037986473,55.81291530152245,27.62499966031117,0.13908194133594814,9.971928694738237,0.34750712346979773,5.918662011716544,2,1,False,42
ABC-SMC,92367.08860759494,8.179570174921414,175128.0,15.508465051651001,4.178409613742579,23.973592777020855,55.265158052005425,27.62499966033215,0.12539850289848106,9.981981865514038,0.3184104843203372,5.922951678763237,2,1,False,42
ABC-SMC,93067.5105485232,8.185252232893609,176456.0,15.519238233566284,4.104625300591822,23.971122101904168,54.47732698046572,27.62499966033135,0.11387926398861684,9.977946941716139,0.29417889926379676,5.9187649482741165,2,1,False,42
ABC-SMC,93634.35194942045,8.348780135585837,177718.0,15.845984697341919,4.016878359861214,23.984057719405463,53.6724204693748,27.6249996603737,0.10201392767413887,9.988822084112615,0.2693938505563796,5.925218440884024,2,1,False,42
ABC-SMC,94166.31578947368,8.525878755669845,178916.0,16.199169635772705,3.942086249308465,23.99896235390198,52.87784436645609,27.624999660395524,0.09321128798909048,9.990963564445716,0.24820572170842964,5.925715435142468,2,1,False,42
ABC-SMC,94765.26315789473,8.536445969029476,180054.0,16.219247341156006,3.8464786954095733,24.008607777291537,52.041018502242636,27.624999660396536,0.08237580544313178,9.988072371010718,0.2250097042164696,5.92368847389284,2,1,False,42
ABC-SMC,95233.4384858044,8.537524631472166,181134.0,16.23837184906006,3.766952690589572,24.010060281330702,51.32944236861759,27.624999660396128,0.0780783805764264,9.984291776739262,0.20528681652696754,5.920754994283452,2,1,False,42
ABC-SMC,95672.26890756302,8.536607027053833,182160.0,16.253699779510498,3.7011209460497234,24.02988052058486,50.61546200919928,27.624999660459647,0.0709820324857183,9.983925372756831,0.1897224668451946,5.921007900592186,2,1,False,42
ABC-SMC,132298.85057471265,11.689793618246057,184160.0,16.27219271659851,3.66532054633277,23.97365095505075,49.82300525583095,27.624999660373167,0.04695750440155791,9.974334231909566,0.14969969178907722,5.914184849910553,2,1,False,42
ABC-SMC,115280.04956629493,10.091422363432514,186062.0,16.287555694580078,3.5822292957960724,23.975297950346942,49.19759075984342,27.624999660393804,0.0422450704133518,9.972964720054026,0.13083322381353074,5.9126710936826035,2,1,False,42
ABC-SMC,108094.36133486767,9.379305417024636,187868.0,16.30123281478882,3.4718202169006407,23.985693503512294,48.656062668994075,27.624999660395623,0.04025442619341758,9.984063731833896,0.12376717716878816,5.919014809475201,2,1,False,42
ABC-SMC,105089.80044345898,9.042989916917755,189582.0,16.31355381011963,3.3856951956657095,23.990374387592382,48.15847902159064,27.624999660416957,0.04115605649416781,9.991134041980448,0.12082230263888834,5.923689962792514,2,1,False,42
ABC-SMC,102911.73304628633,8.786176198008757,191210.0,16.32471537590027,3.3168036416949764,23.994226615320684,47.774157212301525,27.624999660417508,0.03732465927035999,10.00066877558492,0.11719449434050774,5.929497158469655,2,1,False,42
ABC-SMC,102529.78723404255,8.689152053061953,192756.0,16.33560585975647,3.2565287189263246,23.994876826137045,47.23832748607155,27.624999660417558,0.0409021782354381,10.003158920558386,0.12290087775861688,5.930296834695536,2,1,False,42
ABC-SMC,102872.8813559322,8.658095562862139,194224.0,16.346484422683716,3.177045210352972,24.01411428319779,46.89266604385674,27.624999660480654,0.04418385372551155,10.0205963061592,0.13382758867048,5.941833174402099,2,1,False,42
ABC-SMC,103282.9989440338,8.636310838217971,195618.0,16.35717272758484,3.0905259689317446,24.011472534782023,46.47267660255263,27.624999660480253,0.04594339189592661,10.021674376171266,0.14231054722164388,5.9419428033240065,2,1,False,42
ABC-SMC,103544.68980021031,8.605539861412328,196942.0,16.36773681640625,3.0374390547021632,24.034379550102116,45.94272086957729,27.624999660523514,0.04788614292290473,10.025269613873707,0.15711419541503568,5.945014155432107,2,1,False,42
ABC-SMC,104205.04731861199,8.61107814199165,198198.0,16.378270626068115,2.9683610657503126,24.04046691370438,45.56479719071935,27.62499966052353,0.05078885941684337,10.028537301341304,0.16980923013136706,5.946925490386911,2,1,False,42
ABC-SMC,104721.63865546219,8.607539684832597,199390.0,16.388755559921265,2.909902351370825,24.03610098859798,45.307817879957966,27.624999660523002,0.05426172316803087,10.033286639606963,0.18581435730152596,5.94944482725222,2,1,False,42
ABC-SMC,105205.66631689403,8.603957992785874,200522.0,16.399143934249878,2.842988089022129,24.03261185989016,44.93538264413252,27.624999660522572,0.05844756718426541,10.03500524220167,0.2033662684337003,5.95001874116268,2,1,False,42
ABC-SMC,105769.1500524659,8.609359436995836,201596.0,16.409439086914062,2.7832055765833696,24.035173584149618,44.52706023671786,27.62499966052282,0.0681003863863095,10.037775379796992,0.22470164829011993,5.9519756794241845,2,1,False,42
ABC-SMC,106192.87211740042,8.605683249747479,202616.0,16.41964364051819,2.691844295229225,24.038968010549528,44.22129174897533,27.624999660522878,0.07347453898259898,10.039561901885618,0.2390437055509133,5.9528610066236745,2,1,False,42
ABC-SMC,149792.09370424598,12.029415866466428,204616.0,16.43218207359314,2.6248774889928113,24.03401054901597,43.79065837733337,27.62499966046461,0.07451851068899423,10.063155536072955,0.24009181515881478,5.9678307960472825,2,1,False,42
ABC-SMC,130047.85894206549,10.35504872612749,206516.0,16.443817377090454,2.5760177411534424,24.04193805542039,43.569271917184125,27.62499966048521,0.08182963960171104,10.06909571530106,0.253892366616061,5.971718241916118,2,1,False,42
ABC-SMC,121824.56140350876,9.622874733997367,208320.0,16.455115795135498,2.5325323566385465,24.049084222892922,43.268029511254845,27.624999660485635,0.08674420357533241,10.070592217581504,0.2648940629986605,5.972562708053592,2,1,False,42
ABC-SMC,117467.56152125279,9.20932471618823,210032.0,16.466272592544556,2.479666307627935,24.045812505952547,42.97471490370302,27.62499966048505,0.09407021327545176,10.07223293443814,0.2811856276239401,5.97375045707005,2,1,False,42
ABC-SMC,116040.57017543861,9.033633297995516,211658.0,16.477347135543823,2.417233047221331,24.063184602635147,42.644921506472684,27.624999660527557,0.10059365783250748,10.077820864996523,0.2912924677151051,5.97835874038701,2,1,False,42
ABC-SMC,115119.87041036718,8.90297766123168,213202.0,16.488314628601074,2.356248793484037,24.074548634081513,42.38540042565198,27.62499966054889,0.11376328480055156,10.07743717643405,0.309533848117025,5.978345939505344,2,1,False,42
ABC-SMC,115288.9366272825,8.8610139492375,214668.0,16.499207973480225,2.3080884855943173,24.07294901947603,42.20271651221851,27.624999660548585,0.12156924143579184,10.080355185541265,0.31918527470087743,5.980243340236796,2,1,False,42
ABC-SMC,115293.48986125932,8.809985829519233,216060.0,16.509913444519043,2.2728379747452014,24.072997224034584,41.99752530299227,27.62499966056898,0.12915765509244584,10.084369082949188,0.3323314329009164,5.983148087790753,2,1,False,42
ABC-SMC,115875.26652452025,8.806322810492281,217382.0,16.52066159248352,2.2251192155779553,24.07540578086769,41.870007734399195,27.624999660569156,0.1402752199749362,10.09647421850249,0.344269099984744,5.990497703074045,2,1,False,42
ABC-SMC,116420.6602768903,8.802531118464037,218638.0,16.531153440475464,2.1815716710555715,24.078667543653516,41.54017784696386,27.624999660589832,0.16015488798008312,10.092541846455763,0.3672120473454219,5.988846527123752,2,1,False,42
ABC-SMC,117055.37806176784,8.808115546822675,219830.0,16.541640996932983,2.134686294876793,24.083426200362315,41.33671106647167,27.624999660590248,0.17321405458651395,10.104130168816571,0.382011420994125,5.996601886525005,2,1,False,42
ABC-SMC,117532.97872340426,8.804243929842686,220962.0,16.551978588104248,2.1047403830299114,24.109830105420286,41.05351022928357,27.62499966061321,0.18721574266191604,10.110377120811838,0.39670697184324966,6.001278627909699,2,1,False,42
ABC-SMC,118104.25531914893,8.80970485666965,222036.0,16.56224513053894,2.0611233894353482,24.11206276691162,40.82765993076295,27.624999660612996,0.19567668684345357,10.110670349588233,0.40989373435259224,6.002397607612407,2,1,False,42
ABC-SMC,118646.8085106383,8.815097935656285,223056.0,16.572384119033813,2.0179824869267073,24.127107340352165,40.641488440376804,27.624999660614456,0.20775795758538534,10.125550376912917,0.42142665932076606,6.011558112297351,2,1,False,42
ABC-SMC,168455.08982035928,12.413863650339092,225056.0,16.584921836853027,1.975452241425573,24.099636928913633,40.48586968616028,27.624999660550206,0.21160421285200942,10.116039893883784,0.432597011463145,6.005370967121774,2,1,False,42
ABC-SMC,145671.37355584084,10.65247080292414,226956.0,16.59654951095581,1.945372694390783,24.10897297922037,40.303145829448596,27.624999660550834,0.22367308834525618,10.117665921344496,0.4452096157734263,6.0070135756984095,2,1,False,42
ABC-SMC,135202.12765957447,9.81549309218747,228762.0,16.6078143119812,1.911085091021958,24.117552932035203,40.13720922233519,27.6249996605511,0.23423142252511267,10.124622712105626,0.45574175070179657,6.011709500736935,2,1,False,42
ABC-SMC,129480.89887640449,9.336517500073723,230476.0,16.619001150131226,1.882934918385358,24.12070910068744,40.017876324403346,27.624999660550948,0.241034504794793,10.126244731771925,0.46436984571324785,6.0126080548085765,2,1,False,42
ABC-SMC,127810.57268722466,9.157531849613274,232104.0,16.630077838897705,1.844207303225509,24.127419889610373,39.90294846020712,27.6249996605717,0.24834385789598634,10.130358458158979,0.4718213329527804,6.015529040838461,2,1,False,42
ABC-SMC,126708.24295010846,9.024425856203424,233650.0,16.64104127883911,1.8209196358294932,24.128626141346427,39.76179462027113,27.624999660571717,0.2582777599276248,10.125806431683504,0.4819325959544738,6.013194629313416,2,1,False,42
ABC-SMC,126136.2660944206,8.933396682207166,235118.0,16.651851415634155,1.787716115375456,24.128606716932367,39.618230287542374,27.624999660571717,0.27009095194415467,10.132198625999976,0.49268049442549294,6.017446785446157,2,1,False,42
ABC-SMC,125670.56323060574,8.853641883979822,236512.0,16.662554025650024,1.7589995426298968,24.12962864630468,39.47286225197505,27.624999660571593,0.2835514876117098,10.135027377905178,0.5050494236587084,6.019589609142169,2,1,False,42
ABC-SMC,126106.04453870625,8.840517047101342,237836.0,16.67321515083313,1.722468144148003,24.13846073408855,39.31681912547977,27.624999660572094,0.2944333265432064,10.135118798936642,0.5144898585761131,6.020223344879586,2,1,False,42
ABC-SMC,126772.00424178154,8.846126330872229,239092.0,16.683794260025024,1.6993698838125655,24.151023929903424,39.17051355376764,27.62499966059407,0.3036959562065166,10.136691182498202,0.5240780088573209,6.021995463421696,2,1,False,42
ABC-SMC,127404.02969247084,8.851677084525342,240284.0,16.694262981414795,1.6695065849753359,24.148397256448057,39.081566011921126,27.624999660593577,0.31505674137519823,10.139303258939034,0.5325628691981913,6.023878139859035,2,1,False,42
ABC-SMC,127733.33333333333,8.838446808870508,241416.0,16.70466446876526,1.6434390173259437,24.149799037266504,38.99015193813888,27.624999660593545,0.32964805169280953,10.14572209673785,0.5404331323311223,6.028103168667921,2,1,False,42
ABC-SMC,128301.5873015873,8.843877201988583,242490.0,16.714927911758423,1.6212545388803143,24.165233991273702,38.87454140939808,27.62499966061526,0.3389906971365102,10.152775814931935,0.5486722726202744,6.0333796197657605,2,1,False,42
ABC-SMC,128841.26984126985,8.84926092057001,243510.0,16.72510313987732,1.591302712421121,24.173837674463527,38.78826987940136,27.624999660615984,0.3470927369954655,10.161735831039527,0.5556121905291183,6.039085236656245,2,1,False,42
ABC-SMC,188274.53987730062,12.83562384500094,245510.0,16.737653493881226,1.5599159014362238,24.191512100729334,38.66957841372721,27.624999660598164,0.3577056302998826,10.158238953299874,0.5557478947033798,6.037908943551978,2,1,False,42
ABC-SMC,164720.3728362184,11.151398863201928,247410.0,16.749401092529297,1.5373584243566492,24.18831668511534,38.571478083535375,27.624999660598323,0.3669961821382941,10.163674874265102,0.5646935097434824,6.0418980049460815,2,1,False,42
ABC-SMC,154407.6827757125,10.384562881167199,249214.0,16.760684490203857,1.5105764664659627,24.194865840264356,38.486848239790916,27.62499966059932,0.37401668449602643,10.160839910866894,0.5693577846070845,6.04044939059345,2,1,False,42
ABC-SMC,147603.5294117647,9.865988843581256,250926.0,16.772181034088135,1.4903156112497429,24.197634317931218,38.42406061811551,27.62499966061998,0.3858029452943753,10.165565477238832,0.5744476909226425,6.043466300280702,2,1,False,42
ABC-SMC,143332.57661748014,9.52510571236237,252552.0,16.783236265182495,1.4713021989661874,24.194611877316994,38.35349384278094,27.624999660619448,0.3975576217578116,10.16483569042714,0.5796736741885846,6.043353292771705,2,1,False,42
ABC-SMC,142111.85682326622,9.392712340258912,254096.0,16.794169664382935,1.4497609030987306,24.20789504076771,38.23632776477585,27.624999660640896,0.4118321739109677,10.16476271252097,0.5884748973467095,6.043964212095568,2,1,False,42
ABC-SMC,141194.47513812158,9.284532531190314,255562.0,16.805003881454468,1.4274607615769859,24.209918751580098,38.14346712392725,27.62499966064066,0.4287433537761333,10.167760067275855,0.5969140313004402,6.04616278892693,2,1,False,42
ABC-SMC,141029.63776070252,9.229230043262604,256956.0,16.815657138824463,1.404279495677322,24.212149365397472,38.076947541427415,27.624999660641034,0.43785649043626773,10.164054750928619,0.602809560646903,6.044275617427721,2,1,False,42
ABC-SMC,140369.56521739133,9.1447070888851,258280.0,16.826261043548584,1.3841775116437645,24.214132130909405,38.042676490424185,27.624999660640782,0.4416696119487399,10.169557005358712,0.6066312729470897,6.047812603027165,2,1,False,42
ABC-SMC,140593.71614301193,9.120663480665677,259536.0,16.836744785308838,1.3651762436178176,24.214245512979772,37.98492605554921,27.62499966064047,0.4563192965158901,10.169277838183485,0.6140123509963425,6.04816546409598,2,1,False,42
ABC-SMC,141086.5800865801,9.116439850299388,260728.0,16.84718084335327,1.344627069847555,24.214639226702275,37.92456048642558,27.624999660640682,0.4651682334938976,10.168157553263903,0.6180379466751486,6.047605611085764,2,1,False,42
ABC-SMC,141393.08855291578,9.10230769451957,261860.0,16.857473850250244,1.326468661050098,24.239463763344002,37.826721787064706,27.62499966066332,0.4718828928083376,10.172262498839807,0.6220948797111675,6.050559680586147,2,1,False,42
ABC-SMC,141819.8489751888,9.098002439949505,262934.0,16.867696523666382,1.3076702747890865,24.232107350800483,37.81418957434992,27.62499966066262,0.47973750310685515,10.1723495327279,0.6258662785603945,6.050545869912199,2,1,False,42
ABC-SMC,142063.50914962325,9.083900692901775,263954.0,16.8778874874115,1.2894543749748824,24.247718127673824,37.72131221329815,27.624999660684683,0.48883513564384173,10.172069913215074,0.6335061124183928,6.0506581376002675,2,1,False,42
ABC-SMC,224244.51939291737,14.241510860835522,265954.0,16.890431880950928,1.2681303933454358,24.222406297156283,37.724109844835915,27.624999660620457,0.4888824966233446,10.195159119700385,0.6387914802396177,6.0645181475583865,2,1,False,42
ABC-SMC,199001.48588410104,12.55732464754918,267856.0,16.902158975601196,1.2522074238151686,24.242648901560045,37.61061746892676,27.624999660622084,0.5010500536630835,10.19989486403486,0.6448458847913934,6.068072806144302,2,1,False,42
ABC-SMC,182945.72591587517,11.474534161540513,269662.0,16.913463354110718,1.2342204810697133,24.238889883914638,37.59290085054431,27.624999660621523,0.5043255453580451,10.204239310723437,0.6470636441600526,6.070643686333653,2,1,False,42
ABC-SMC,171756.96202531646,10.711797128749799,271376.0,16.924639463424683,1.2161639536891624,24.245076781796826,37.502034786881914,27.624999660621725,0.5167041167352222,10.204969643559982,0.6552559378486721,6.071376714240034,2,1,False,42
ABC-SMC,165658.98058252427,10.276530263493362,273006.0,16.93572187423706,1.1983733390130324,24.25364204911064,37.48630749089684,27.624999660622517,0.5154266411126417,10.207089931776963,0.6553642222191625,6.0728924371000135,2,1,False,42
ABC-SMC,163230.677764566,10.075368580721788,274554.0,16.946769952774048,1.1816615589317503,24.276652340113223,37.41449042836097,27.62499966064478,0.5227798276530189,10.21336950943085,0.6596664298054733,6.077321155453812,2,1,False,42
ABC-SMC,160106.72853828306,9.83619952699701,276024.0,16.957607984542847,1.1637170481024506,24.281098019863776,37.38323810565162,27.624999660644615,0.5300707313395985,10.218687165044784,0.6642260177530328,6.080715575358091,2,1,False,42
ABC-SMC,159253.73134328358,9.74072777718545,277420.0,16.968347787857056,1.1486586099023788,24.28876668032875,37.35051625700276,27.624999660644647,0.537102746179702,10.221301971504962,0.6677141450903064,6.082466603630801,2,1,False,42
ABC-SMC,158920.18244013685,9.680130734546971,278746.0,16.978949308395386,1.1356105848955302,24.294023352096577,37.26960448962359,27.624999660644992,0.5557361833637751,10.227004115567414,0.6757145940758245,6.086427389898971,2,1,False,42
ABC-SMC,158912.59931895573,9.64215191484986,280004.0,16.989471673965454,1.120825769240386,24.30458340588433,37.197008827682744,27.624999660645692,0.57210003463522,10.226480030962252,0.6816294721016648,6.086613435140243,2,1,False,42
ABC-SMC,158154.1057367829,9.561258306385293,281198.0,16.99991726875305,1.1053641552428897,24.312430424393966,37.16970783092225,27.62499966064563,0.583773546561063,10.226777569064426,0.6841444103745365,6.086966580831676,2,1,False,42
ABC-SMC,157903.80313199107,9.513588959738712,282332.0,17.010297060012817,1.0915601282446423,24.310143410093186,37.159610864536106,27.624999660645532,0.583899310481398,10.225616204956772,0.6836493940322035,6.086139150811916,2,1,False,42
ABC-SMC,158151.7857142857,9.498082766575473,283408.0,17.020564317703247,1.0781623755633827,24.308071437828957,37.144362555705385,27.62499966064508,0.5863075581781382,10.227951272299501,0.6853528867098242,6.087604740818431,2,1,False,42
ABC-SMC,158545.15050167227,9.493200808198688,284430.0,17.030802249908447,1.064989716387798,24.328924360517767,37.11135238199343,27.624999660687834,0.5893417679758022,10.235982298967539,0.6862648400715002,6.092718389454276,2,1,False,42
ABC-SMC,264234.31734317343,15.722559386953657,286430.0,17.043254375457764,1.0547098781083246,24.332944197390006,37.11336123875508,27.624999660710923,0.5822484584772974,10.229049826795361,0.6816499438019941,6.087922254227557,2,1,False,42
ABC-SMC,231778.13504823152,13.709829551230674,288332.0,17.055027961730957,1.0394173666755935,24.340087225452773,37.08655739558972,27.624999660711612,0.5880350304740521,10.232495345210511,0.6835553928238435,6.089967410762663,2,1,False,42
ABC-SMC,218477.4096385542,12.851163385862327,290138.0,17.06634497642517,1.023203245202052,24.35190268405473,37.051247674939425,27.624999660712007,0.5924624914456207,10.23226732988217,0.6842690087379102,6.089827566766394,2,1,False,42
ABC-SMC,209965.4676258993,12.285970955443895,291852.0,17.077499628067017,1.0131881079370806,24.346016687877786,37.06093680094857,27.62499966071137,0.5924927435787641,10.225324662375598,0.6838846514645756,6.085629305446463,2,1,False,42
ABC-SMC,201015.0684931507,11.704557562527592,293482.0,17.088654041290283,0.995626828699537,24.344511500798625,37.03261700802267,27.62499966071143,0.6007683692035738,10.223271464760709,0.6866345513234775,6.084438426219493,2,1,False,42
ABC-SMC,195643.23607427056,11.339296554696972,295030.0,17.099659204483032,0.9862290922920329,24.342663995657627,37.01766256237437,27.62499966071117,0.6061942949774849,10.223525683193298,0.6888251087194222,6.084816527501683,2,1,False,42
ABC-SMC,191538.75968992247,11.05331512076602,296502.0,17.1105318069458,0.9751365350111074,24.354878640737034,36.966139306976835,27.624999660712106,0.6173813915929454,10.227627116087275,0.6935130465203114,6.087560532896641,2,1,False,42
ABC-SMC,190229.88505747126,10.933094554477266,297900.0,17.1212260723114,0.966237705530414,24.346612898770843,36.96625627655461,27.624999660711623,0.6234422123997525,10.226606964039616,0.6950092191855755,6.086888320096947,2,1,False,42
ABC-SMC,188193.7106918239,10.774786517305195,299228.0,17.13191056251526,0.9543435463583873,24.35569081774255,36.95938799012015,27.6249996607124,0.6226946050471045,10.236181733606124,0.6946408188035527,6.092723402245088,2,1,False,42
ABC-SMC,187104.60772104608,10.674013592683215,300490.0,17.142465829849243,0.9458557581977335,24.353126037884955,36.96894144619306,27.6249996607126,0.6227499471952691,10.235043265045112,0.6944854760825933,6.09232581896607,2,1,False,42
ABC-SMC,184857.84313725488,10.510361662098006,301688.0,17.152910232543945,0.9394492824919671,24.35721451122624,36.93821409088032,27.624999660712717,0.6317014724114224,10.236432577228507,0.6982853894600489,6.093538516012331,2,1,False,42
ABC-SMC,184200.7299270073,10.439950329253854,302826.0,17.163278341293335,0.9333037356530307,24.370503524552568,36.95933099184862,27.624999660734176,0.6264424969308311,10.238637502099719,0.6957460367429094,6.094607865661035,2,1,False,42
ABC-SMC,183297.94933655005,10.540933028061225,303908.0,17.476866960525513,0.9258828841439392,24.399448828585754,36.80192093081491,27.624999660756618,0.6538350424986936,10.26359977132968,0.7107104056819304,6.112735891146131,2,1,False,42
ABC-SMC,183475.33092659447,10.706050157833902,304936.0,17.793455362319946,0.9148714843334608,24.4142726257316,36.805313092838404,27.624999660777917,0.6455245616591845,10.270087125780712,0.7083623610674281,6.116425729807391,2,1,False,42
ABC-SMC,316428.86597938143,18.365547829067584,306936.0,17.814581394195557,0.9091597939795416,24.389385732485916,36.79681973653077,27.624999660736695,0.648184055023974,10.266380136560048,0.7102556664744153,6.114305018890327,2,1,False,42
ABC-SMC,294690.83969465643,17.016557564262214,308836.0,17.8333523273468,0.901499695095091,24.40811141041115,36.76754786050451,27.624999660758228,0.6480259288428911,10.267001253793145,0.7097572046967922,6.114731977195208,2,1,False,42
ABC-SMC,277853.3094812165,15.96635356145596,310640.0,17.850383281707764,0.8923707228091696,24.408308782143003,36.779717149594916,27.624999660779,0.6429374627574316,10.26345768480698,0.7084927560468582,6.112411562255695,2,1,False,42
ABC-SMC,268345.3608247423,15.34826280325139,312354.0,17.86537790298462,0.8836204375614796,24.416187242040046,36.790947353433594,27.62499966077967,0.6354401477789806,10.264329115038947,0.705494182053906,6.112819216978624,2,1,False,42
ABC-SMC,260782.39202657808,14.849545551692925,313982.0,17.87885284423828,0.8755346295916444,24.43347583968702,36.79101528484765,27.624999660801453,0.6282817678944208,10.258647289224635,0.7024308820311758,6.109276788749097,2,1,False,42
ABC-SMC,252826.92307692306,14.335783819357554,315528.0,17.891058206558228,0.8684394593601331,24.43552878504795,36.77962348693963,27.624999660801453,0.633955902933961,10.26195959042152,0.7034647949045739,6.111472219237465,2,1,False,42
ABC-SMC,245352.94117647057,13.856127904295553,316996.0,17.902117252349854,0.8634029813872235,24.43905887624375,36.7811497530423,27.62499966080148,0.6331263559405713,10.265571866004253,0.7026866676526515,6.113516747802201,2,1,False,42
ABC-SMC,240475.83081570998,13.52941287608305,318390.0,17.91294264793396,0.8555602706820296,24.445376504302658,36.76936357656559,27.624999660822603,0.636372155270803,10.266662343201917,0.7055643644460947,6.1144089717860455,2,1,False,42
ABC-SMC,239309.88023952098,13.415858417214034,319718.0,17.92358684539795,0.8495158692145568,24.475727761815428,36.70078600143045,27.62499966086692,0.6437760118606053,10.271621882272633,0.7083236635086354,6.117833726000907,2,1,False,42
ABC-SMC,236712.38938053098,13.441419003635733,320982.0,18.226564168930054,0.839532666275438,24.478993266651585,36.67995143898241,27.624999660888133,0.6515364947586793,10.274921141465521,0.7110240486552486,6.120084016814404,2,1,False,42
ABC-SMC,234826.5306122449,13.533969140956424,322182.0,18.568605661392212,0.8336675966715891,24.484357082851602,36.646184716677354,27.624999660888697,0.6593191700684453,10.274571134036943,0.7138411716529525,6.120318441623869,2,1,False,42
ABC-SMC,234291.3043478261,13.669636456862738,323322.0,18.86409831047058,0.8284052088155495,24.480162601183743,36.65777284345953,27.624999660888317,0.656730832170702,10.27262400348439,0.7132468651555419,6.118752642927243,2,1,False,42
ABC-SMC,233048.85057471265,13.561825985195993,324404.0,18.878061771392822,0.8212610706773135,24.477944818418486,36.6757048059648,27.624999660888143,0.6537814761367935,10.270635068183392,0.7112908503732166,6.1174702196096735,2,1,False,42
ABC-SMC,231789.1737891738,13.454980490214465,325432.0,18.89079260826111,0.8133298862476095,24.48877198424993,36.680369275840285,27.624999660888868,0.6514851155153492,10.26967354748918,0.7091715390787803,6.116855835233708,2,1,False,42
ABC-SMC,416580.15267175576,24.0521273236845,327432.0,18.904972076416016,0.8063175095521993,24.488695813569727,36.63461056079504,27.624999660848307,0.6563908553296498,10.280799819119478,0.7118963548719315,6.123550014136262,2,1,False,42
ABC-SMC,397743.961352657,22.84647502760956,329332.0,18.916881322860718,0.8005845791978667,24.477828406123358,36.651078320270585,27.624999660847617,0.6546951147326501,10.278219113085468,0.710655087642011,6.121869797819646,2,1,False,42
ABC-SMC,377150.3416856492,21.558177498315622,331138.0,18.928079843521118,0.7943117585922798,24.478511754596788,36.65413227933114,27.624999660868408,0.6606103967968706,10.278368620371749,0.7112344419204151,6.121764156207047,2,1,False,42
ABC-SMC,363384.27947598253,20.965899702763455,332860.0,19.204764127731323,0.7891195714922955,24.508780093407708,36.59687414875303,27.62499966091212,0.6723424229547345,10.276444383570613,0.7158533354352186,6.121097473625743,2,1,False,42
ABC-SMC,351363.44537815126,20.520734185932064,334498.0,19.535738945007324,0.7837865084235388,24.506781623879867,36.59358319823531,27.624999660911733,0.6697563872792418,10.279735161176703,0.7164711918219391,6.123198753843701,2,1,False,42
ABC-SMC,340139.6761133603,20.121869046678427,336058.0,19.880406618118286,0.7775524975223336,24.500148495792445,36.617136893606144,27.624999660911257,0.6662445154422567,10.274716723091206,0.7151793321131963,6.120178568226406,2,1,False,42
ABC-SMC,335528.8270377733,20.101726410640165,337542.0,20.222336769104004,0.7721155046871495,24.502565209564903,36.63107417394312,27.624999660911186,0.6622667360768124,10.271710827512518,0.7132101106021197,6.118204167501019,2,1,False,42
ABC-SMC,330364.522417154,20.040599923384814,338954.0,20.561655521392822,0.7675616928342853,24.520868931902147,36.61491128665753,27.624999660912508,0.6654751353786221,10.272431697043062,0.7129692373066586,6.118795598499682,2,1,False,42
ABC-SMC,326579.6545105566,20.06537237002616,340296.0,20.90811800956726,0.7620522976475713,24.52591521310326,36.58961400443505,27.624999660912717,0.6724426253078926,10.266399911876526,0.7161866333469731,6.115429319385829,2,1,False,42
ABC-SMC,323456.4393939394,20.122928827097923,341570.0,21.249812841415405,0.7559685573514947,24.531464593529385,36.581616309498,27.624999660912625,0.6729303277801968,10.263986504562519,0.7162894890565077,6.113879805706696,2,1,False,42
ABC-SMC,319162.0111731843,20.087924083517915,342780.0,21.574430465698242,0.7510521935321088,24.528546419762158,36.564608388545324,27.624999660912216,0.683122129611159,10.269653320904569,0.7185014562386093,6.117230642535536,2,1,False,42
ABC-SMC,317865.06469500926,20.226776930408867,343930.0,21.885372638702393,0.7422873860160075,24.532665063582556,36.576439960182775,27.624999660912202,0.6763234648711602,10.268265495872255,0.7159348167035324,6.11618360661305,2,1,False,42
ABC-SMC,314227.68670309655,20.25078728333631,345022.0,22.23536443710327,0.7377001152092284,24.531127276060392,36.55866564208495,27.624999660911897,0.6854547290796293,10.268792162764585,0.7191557304124105,6.116461839875248,2,1,False,42
ABC-SMC,312326.71480144403,20.380350226529668,346058.0,22.581428050994873,0.7331956488924295,24.53346239811785,36.58694606804016,27.624999660911776,0.6819045860821624,10.268337994555312,0.7173034498484769,6.115799302365844,2,1,False,42
ABC-SMC,572463.8157894736,37.17181439462461,348058.0,22.600463151931763,0.7284747820215444,24.517994973594888,36.60093290043589,27.624999660890506,0.6806796214251751,10.273748494496152,0.7180057777032454,6.1188251199848445,2,1,False,42
ABC-SMC,555488.888888889,35.89833085499112,349958.0,22.61594843864441,0.7245700203014813,24.510986551152687,36.633481434726626,27.62499966088991,0.6720239350852203,10.272159286539582,0.7147215639711668,6.1176271873755645,2,1,False,42
ABC-SMC,544532.5077399381,35.50421195133552,351768.0,22.935720920562744,0.7190284070170838,24.529461626379845,36.630125291843285,27.62499966093259,0.6652098652662256,10.277679848154346,0.711722129121374,6.120939927073629,2,1,False,42
ABC-SMC,535584.8484848485,35.26650197578199,353486.0,23.275891304016113,0.7155619558779202,24.523512548404458,36.63320556593236,27.624999660932154,0.6721995030172165,10.27913468182267,0.7129580979398343,6.121514123717729,2,1,False,42
ABC-SMC,526881.3056379822,34.56561254110817,355118.0,23.29722285270691,0.7132480950949689,24.51740160026762,36.54100770716588,27.624999660931707,0.7059191625777506,10.289853041883466,0.7295399286521995,6.128797311382076,2,1,False,42
ABC-SMC,518421.511627907,34.35960862525673,356674.0,23.639410734176636,0.7078065015767062,24.522687441877288,36.55673282788072,27.62499966093166,0.7012400869242623,10.287630828950444,0.7269739013136304,6.127333295652047,2,1,False,42
ABC-SMC,511671.4285714286,34.208810329437256,358170.0,23.94616723060608,0.7057209046026445,24.52346067690707,36.53582170082475,27.62499966093156,0.7119033523801781,10.286964344159399,0.7289968865033363,6.127439996806513,2,1,False,42
ABC-SMC,493942.3076923077,33.36474004682604,359590.0,24.289530754089355,0.7028391213786352,24.50611421093685,36.484246471572085,27.62499966093086,0.7205262614041994,10.284682406363483,0.739135175637736,6.126796161399639,2,1,False,42
ABC-SMC,486439.35309973045,33.182184329894035,360938.0,24.621180772781372,0.6998820253695153,24.524074182201193,36.49417320495492,27.62499966093183,0.7209728300332805,10.282150115060633,0.7384712425057431,6.125311629053078,2,1,False,42
ABC-SMC,482960.0,33.2893279393514,362220.0,24.96699595451355,0.6973198537016907,24.53536308567619,36.50124631447293,27.624999660932637,0.7237702851131135,10.283367823376409,0.7394599845333065,6.1261734375431764,2,1,False,42
ABC-SMC,480738.09523809527,33.464081388301956,363438.0,25.298845529556274,0.6913201274086648,24.533816484827756,36.53705396026669,27.62499966093229,0.7164055473434894,10.284309595986656,0.7365429061382891,6.126416634306701,2,1,False,42
ABC-SMC,477222.51308900525,33.56108116229791,364598.0,25.640666007995605,0.6881356332850753,24.551839578650526,36.514368430998765,27.62499966095451,0.7231106595589811,10.286735397465955,0.7362783169124454,6.128408243238669,2,1,False,42
ABC-SMC,474935.06493506493,33.740061289304265,365700.0,25.979847192764282,0.6853705612548014,24.559238714787604,36.53054821393287,27.624999660954607,0.7196836493927581,10.288188816078504,0.7320632166722363,6.129146298135254,2,1,False,42
ABC-SMC,471395.88688946015,33.82399180248035,366746.0,26.315065622329712,0.6807474248795997,24.599467550703814,36.511961924149645,27.624999660977615,0.7264675602760142,10.294545722872886,0.7327256330699381,6.133487113611154,2,1,False,42
ABC-SMC,787918.8034188035,56.276881796681984,368746.0,26.337580680847168,0.6768140363358826,24.60724880154393,36.48497037482888,27.624999660998615,0.7324653705732428,10.300041958979659,0.7336200607751144,6.136942722766655,2,1,False,42
ABC-SMC,775418.410041841,55.79807319401697,370650.0,26.671478986740112,0.6709262783119516,24.614261646375006,36.48684540922619,27.624999660999016,0.7270502434398869,10.296441809923367,0.7323544903855108,6.134659727413177,2,1,False,42
ABC-SMC,766382.7160493827,55.58377381705453,372462.0,27.0137140750885,0.6669127574401195,24.6204435227191,36.52428860785147,27.624999660999617,0.719665637911745,10.29370801259962,0.728568312570379,6.132907027756842,2,1,False,42
ABC-SMC,748376.0,54.70814609527588,374188.0,27.35407304763794,0.662513412855282,24.61210627113242,36.53140132743818,27.624999660999336,0.7289590615274251,10.298517632721607,0.7324448983372414,6.136140067742797,2,1,False,42
ABC-SMC,748697.2111553785,55.193924808882144,375846.0,27.707350254058838,0.6620820167631265,24.620900933264366,36.53836873331732,27.624999661021175,0.7301450405192896,10.29816471095731,0.7322834541593993,6.13621639042976,2,1,False,42
ABC-SMC,728613.8996138996,54.16799235988308,377422.0,28.059020042419434,0.660218211454608,24.629917044917512,36.53708541605257,27.624999661043187,0.7264169052791141,10.292332838472921,0.7317057996665346,6.132781655063203,2,1,False,42
ABC-SMC,720391.6349809886,53.98336472166809,378926.0,28.395249843597412,0.6541576765036452,24.633370634861862,36.55463962808071,27.62499966104319,0.7283098880414483,10.29059162033267,0.7348747102740398,6.132178179453387,2,1,False,42
ABC-SMC,709630.5970149253,53.61649972289356,380362.0,28.738443851470947,0.6526835512251946,24.642400435226534,36.575782554268514,27.624999661043294,0.7232605550422093,10.286242601743457,0.7324224870644609,6.129449417232791,2,1,False,42
ABC-SMC,709535.31598513,54.053551645527094,381730.0,29.08081078529358,0.6518406642847225,24.61743219017537,36.40292680391591,27.6249996610427,0.7768252251999106,10.291099634152337,0.7508492321071432,6.133052698177284,2,1,False,42
ABC-SMC,696432.7272727272,53.49642753601074,383038.0,29.423035144805908,0.6495622785133406,24.634239139243924,36.2678084322612,27.624999661064418,0.8029085767103477,10.285543451934894,0.7653933525504151,6.131422585947026,2,1,False,42
ABC-SMC,691169.0647482014,53.52484236518256,384290.0,29.759812355041504,0.6483875165640773,24.63830794918068,36.24380232763244,27.62499966106436,0.8078906193370852,10.292357839811686,0.7670026519949997,6.135305522392487,2,1,False,42
ABC-SMC,685903.9145907473,53.57159668864728,385478.0,30.107237339019775,0.6450012138164286,24.638265702885224,36.241201500184424,27.62499966106428,0.8034110769434826,10.28923835850038,0.7668187152895274,6.133397390152003,2,1,False,42
ABC-SMC,678270.1754385965,53.40732356958222,386614.0,30.442174434661865,0.6424423907251606,24.67390130478845,36.242186897051184,27.624999661065555,0.7923501193880225,10.29643996682177,0.7630466394592972,6.137617677036477,2,1,False,42
ABC-SMC,675421.6027874565,53.63044381557026,387692.0,30.78387475013733,0.6377052831945059,24.669218363793348,36.2683990156747,27.6249996610654,0.7846830031597009,10.29594925609768,0.7593575865837728,6.136988106183636,2,1,False,42
ABC-SMC,674857.6388888889,53.47564236985313,388718.0,30.8019700050354,0.6355400354096806,24.701346043776017,36.2625416980751,27.624999661087756,0.7931406091314779,10.295699209273975,0.7618715204772217,6.137603742278145,2,1,False,42
ABC-SMC,1205919.7530864198,95.13919515374266,390718.0,30.825099229812622,0.6339727640964742,24.669005019447905,36.253212285798455,27.624999661044402,0.7989452800863428,10.292642746938737,0.7669657073854156,6.136225166230282,2,1,False,42
ABC-SMC,1175556.8862275449,93.33583480583692,392636.0,31.174168825149536,0.632382601327635,24.648634330637332,36.27774495916986,27.624999661043873,0.7909205673914037,10.290374114500953,0.7659941137232595,6.134876542980869,2,1,False,42
ABC-SMC,1146686.046511628,91.62002108817876,394460.0,31.517287254333496,0.6277193753794489,24.649464281857334,36.24925746913708,27.624999661043766,0.8118318320720077,10.291910353048927,0.7750115497157368,6.136561127588962,2,1,False,42
ABC-SMC,1145098.2658959539,92.10545272496394,396204.0,31.868486642837524,0.6252859961302241,24.667811687275535,36.19975804430448,27.62499966104444,0.8223962100138088,10.295398739002168,0.7807838977416282,6.138927121529609,2,1,False,42
ABC-SMC,1123932.2033898304,91.01908489809198,397872.0,32.22075605392456,0.6225271410789102,24.69010548365146,36.21048240652828,27.624999661066948,0.811215785413135,10.304274593758926,0.7757946162508823,6.143945730401673,2,1,False,42
ABC-SMC,1115832.402234637,90.99098557200512,399468.0,32.57477283477783,0.6199049308075117,24.67758118025354,36.24597087454362,27.62499966106657,0.803752184020347,10.299880863208784,0.7742711322317379,6.141388240842616,2,1,False,42
ABC-SMC,1113911.111111111,91.46227505471971,401008.0,32.9264190196991,0.6191994060563953,24.696803251567765,36.2201888881246,27.624999661066962,0.8087926158555592,10.310186146005185,0.7731165790202795,6.147572652463729,2,1,False,42
ABC-SMC,1111828.729281768,91.91472622571071,402482.0,33.273130893707275,0.6187790705866593,24.685449320428297,36.22736754267056,27.624999661066553,0.7973202949146005,10.312546039752233,0.7696575093606257,6.1484258166216765,2,1,False,42
ABC-SMC,1109565.934065934,92.39731516156878,403882.0,33.632622718811035,0.6115302421050359,24.71294457421663,36.20676054067174,27.62499966106803,0.8068999111462296,10.323505293873747,0.7686260128462097,6.155417428268743,2,1,False,42
ABC-SMC,1095183.783783784,91.83450969489846,405218.0,33.97876858711243,0.6083551063071251,24.711138276771937,36.23313125723744,27.62499966106786,0.8007030825141895,10.322781291478481,0.7656349507824061,6.154795572103328,2,1,False,42
ABC-SMC,1086871.6577540105,91.7827260685477,406490.0,34.32673954963684,0.6021680485772948,24.703726362131018,36.271943749209456,27.624999661067545,0.7932992736682241,10.32026022927266,0.762827857085212,6.1531059688439695,2,1,False,42
ABC-SMC,1078576.7195767197,91.70855794634137,407702.0,34.66583490371704,0.5982392159280366,24.709508610970907,36.27663564062021,27.624999661089152,0.7936807826498464,10.319695725595583,0.762088386156614,6.152954299445222,2,1,False,42
ABC-SMC,1075931.5789473685,92.1236609157763,408854.0,35.006991147994995,0.5926337503317738,24.714825519512537,36.265325621964855,27.62499966108906,0.8046809465535205,10.321149699636258,0.7700213479033831,6.154557400043622,2,1,False,42
ABC-SMC,1073246.0732984294,92.61157999488071,409980.0,35.377623558044434,0.591567002825326,24.733879153408786,36.25799510453386,27.624999661089788,0.8054536971001609,10.326565634788233,0.7693977590683996,6.157820721678344,2,1,False,42
ABC-SMC,1059407.2164948455,92.09050775803242,411050.0,35.73111701011658,0.5893701036838194,24.746844275778464,36.28031395618065,27.624999661090452,0.8007482053999917,10.334369891900668,0.7647006120424455,6.162235429563195,2,1,False,42
ABC-SMC,1051265.306122449,91.18753914930383,412096.0,35.7455153465271,0.5857572092440668,24.74510194716958,36.30485633271631,27.624999661090307,0.7933335376171229,10.332818714221581,0.7629207674666768,6.161289171967509,2,1,False,42
ABC-SMC,1048477.1573604061,91.4506549157467,413100.0,36.0315580368042,0.5846981432552033,24.74777301395261,36.292111907063756,27.624999661090225,0.8237035418359558,10.333973591638935,0.7666178895648184,6.161573452558835,2,1,False,42
ABC-SMC,2096464.6464646466,182.05363822705817,415100.0,36.04662036895752,0.5827600790540554,24.61986257045301,36.32518630871238,27.624999660940244,0.7936370160491177,10.317526400300883,0.7596642372008793,6.150874706801245,2,1,False,42
ABC-SMC,2085179.9999999998,181.83322668075562,417036.0,36.36664533615112,0.580160380567177,24.65042715796207,36.32456180627157,27.62499966094135,0.788467212975744,10.327347436889397,0.7585796593842813,6.156546663612558,2,1,False,42
ABC-SMC,2013884.6153846155,176.50136810082657,418888.0,36.712284564971924,0.5769079865185527,24.663764052875997,36.303502357568064,27.624999660941473,0.8073170161954697,10.31895669518917,0.7613658436936741,6.15229140723666,2,1,False,42
ABC-SMC,2003276.1904761905,176.47639569782075,420688.0,37.06004309654236,0.575451506936326,24.667965287307858,36.292554163650294,27.62499966094134,0.8188748636019667,10.319348901675276,0.7647301138582453,6.15300275045574,2,1,False,42
ABC-SMC,2011419.0476190476,178.1213260832287,422398.0,37.40547847747803,0.5725563325947317,24.659553941515682,36.37318798218526,27.62499966094069,0.7995683601149537,10.314758064308164,0.7587901635119597,6.1498802015330165,2,1,False,42
ABC-SMC,2000103.7735849055,178.10519686285056,424022.0,37.758301734924316,0.5691397322319027,24.66762966706368,36.3347564723675,27.624999660940865,0.8172030715647112,10.32439325841595,0.7619184774079935,6.155420388031633,2,1,False,42
ABC-SMC,1988663.5514018692,178.06241334041704,425574.0,38.10535645484924,0.5648167481564812,24.65791029770795,36.38443119092243,27.62499966094024,0.8102382139047388,10.326606612916894,0.757199709139905,6.156505008805165,2,1,False,42
ABC-SMC,1977074.0740740742,176.48915780915152,427048.0,38.12165808677673,0.557516637925946,24.678007360694696,36.40901113919852,27.62499966096159,0.8107579711239992,10.327335174757678,0.7577265830042541,6.157424933809248,2,1,False,42
ABC-SMC,1965577.9816513762,176.44393553427602,428496.0,38.46477794647217,0.5546129847779933,24.694584154078385,36.41182191864759,27.62499966096211,0.8078041013752157,10.332196757352579,0.7558826233769638,6.160347860630519,2,1,False,42
ABC-SMC,1954290.909090909,174.91530071605334,429944.0,38.48136615753174,0.5546129847779933,24.694584154078385,36.41182191864759,27.62499966096211,0.8078041013752157,10.332196757352579,0.7558826233769638,6.160347860630519,2,1,False,42
ABC-SMC,1925857.142857143,171.85867897101812,431392.0,38.49634408950806,0.5546129847779933,24.694584154078385,36.41182191864759,27.62499966096211,0.8078041013752157,10.332196757352579,0.7558826233769638,6.160347860630519,2,1,False,42
ABC-SMC,1915221.2389380531,170.39801061680888,432840.0,38.509950399398804,0.5546129847779933,24.694584154078385,36.41182191864759,27.62499966096211,0.8078041013752157,10.332196757352579,0.7558826233769638,6.160347860630519,2,1,False,42
ABC-SMC,1904771.9298245613,168.95778241910435,434288.0,38.522374391555786,0.5546129847779933,24.694584154078385,36.41182191864759,27.62499966096211,0.8078041013752157,10.332196757352579,0.7558826233769638,6.160347860630519,2,1,False,42
ABC-SMC,1894504.3478260871,167.53946490909743,435736.0,38.53407692909241,0.5546129847779933,24.694584154078385,36.41182191864759,27.62499966096211,0.8078041013752157,10.332196757352579,0.7558826233769638,6.160347860630519,2,1,False,42
ABC-SMC,1868307.6923076925,164.7211883822058,437184.0,38.54475808143616,0.5546129847779933,24.694584154078385,36.41182191864759,27.62499966096211,0.8078041013752157,10.332196757352579,0.7558826233769638,6.160347860630519,2,1,False,42
ABC-SMC,1874495.7264957265,164.7673570192777,438632.0,38.555561542510986,0.5546129847779933,24.694584154078385,36.41182191864759,27.62499966096211,0.8078041013752157,10.332196757352579,0.7558826233769638,6.160347860630519,2,1,False,42
ABC-SMC,1880683.7606837607,164.813106895512,440080.0,38.566267013549805,0.5546129847779933,24.694584154078385,36.41182191864759,27.62499966096211,0.8078041013752157,10.332196757352579,0.7558826233769638,6.160347860630519,2,1,False,42
ABC-SMC,1886871.794871795,164.85897292438736,441528.0,38.57699966430664,0.5546129847779933,24.694584154078385,36.41182191864759,27.62499966096211,0.8078041013752157,10.332196757352579,0.7558826233769638,6.160347860630519,2,1,False,42
ABC-SMC,1877016.9491525423,163.50735648203704,442976.0,38.58773612976074,0.5546129847779933,24.694584154078385,36.41182191864759,27.62499966096211,0.8078041013752157,10.332196757352579,0.7558826233769638,6.160347860630519,2,1,False,42
ABC-SMC,1883152.5423728812,163.55287220518468,444424.0,38.598477840423584,0.5546129847779933,24.694584154078385,36.41182191864759,27.62499966096211,0.8078041013752157,10.332196757352579,0.7558826233769638,6.160347860630519,2,1,False,42
ABC-SMC,1889288.1355932204,163.59837176436085,445872.0,38.60921573638916,0.5546129847779933,24.694584154078385,36.41182191864759,27.62499966096211,0.8078041013752157,10.332196757352579,0.7558826233769638,6.160347860630519,2,1,False,42
ABC-SMC,1863833.3333333333,160.91643273830414,447320.0,38.61994385719299,0.5546129847779933,24.694584154078385,36.41182191864759,27.62499966096211,0.8078041013752157,10.332196757352579,0.7558826233769638,6.160347860630519,2,1,False,42
ABC-SMC,1854413.2231404958,159.63102864825035,448768.0,38.63070893287659,0.5546129847779933,24.694584154078385,36.41182191864759,27.62499966096211,0.8078041013752157,10.332196757352579,0.7558826233769638,6.160347860630519,2,1,False,42
ABC-SMC,1860396.694214876,159.67542869000394,450216.0,38.64145374298096,0.5546129847779933,24.694584154078385,36.41182191864759,27.62499966096211,0.8078041013752157,10.332196757352579,0.7558826233769638,6.160347860630519,2,1,False,42
ABC-SMC,1836032.5203252032,157.1230820524014,451664.0,38.65227818489075,0.5546129847779933,24.694584154078385,36.41182191864759,27.62499966096211,0.8078041013752157,10.332196757352579,0.7558826233769638,6.160347860630519,2,1,False,42
ABC-SMC,1841918.699186992,157.16686675219032,453112.0,38.66304922103882,0.5546129847779933,24.694584154078385,36.41182191864759,27.62499966096211,0.8078041013752157,10.332196757352579,0.7558826233769638,6.160347860630519,2,1,False,42
ABC-SMC,1832903.2258064516,155.94268710382522,454560.0,38.67378640174866,0.5546129847779933,24.694584154078385,36.41182191864759,27.62499966096211,0.8078041013752157,10.332196757352579,0.7558826233769638,6.160347860630519,2,1,False,42
ABC-SMC,1838741.935483871,155.98576588015402,456008.0,38.6844699382782,0.5546129847779933,24.694584154078385,36.41182191864759,27.62499966096211,0.8078041013752157,10.332196757352579,0.7558826233769638,6.160347860630519,2,1,False,42
ABC-SMC,1829824.0,154.78103923797607,457456.0,38.69525980949402,0.5546129847779933,24.694584154078385,36.41182191864759,27.62499966096211,0.8078041013752157,10.332196757352579,0.7558826233769638,6.160347860630519,2,1,False,42
ABC-SMC,1806708.661417323,152.38605052467406,458904.0,38.70605683326721,0.5546129847779933,24.694584154078385,36.41182191864759,27.62499966096211,0.8078041013752157,10.332196757352579,0.7558826233769638,6.160347860630519,2,1,False,42
ABC-SMC,1812409.4488188976,152.4281971097931,460352.0,38.71676206588745,0.5546129847779933,24.694584154078385,36.41182191864759,27.62499966096211,0.8078041013752157,10.332196757352579,0.7558826233769638,6.160347860630519,2,1,False,42
ABC-SMC,1803906.25,151.27968788146973,461800.0,38.72760009765625,0.5546129847779933,24.694584154078385,36.41182191864759,27.62499966096211,0.8078041013752157,10.332196757352579,0.7558826233769638,6.160347860630519,2,1,False,42
ABC-SMC,1809562.5,151.3216719031334,463248.0,38.73834800720215,0.5546129847779933,24.694584154078385,36.41182191864759,27.62499966096211,0.8078041013752157,10.332196757352579,0.7558826233769638,6.160347860630519,2,1,False,42
ABC-SMC,1815218.75,151.36361867189407,464696.0,38.74908638000488,0.5546129847779933,24.694584154078385,36.41182191864759,27.62499966096211,0.8078041013752157,10.332196757352579,0.7558826233769638,6.160347860630519,2,1,False,42
ABC-SMC,1792861.5384615385,149.07658191827628,466144.0,38.75991129875183,0.5546129847779933,24.694584154078385,36.41182191864759,27.62499966096211,0.8078041013752157,10.332196757352579,0.7558826233769638,6.160347860630519,2,1,False,42
ABC-SMC,1771181.8181818184,146.85876170794168,467592.0,38.770713090896606,0.5546129847779933,24.694584154078385,36.41182191864759,27.62499966096211,0.8078041013752157,10.332196757352579,0.7558826233769638,6.160347860630519,2,1,False,42
ABC-SMC,1763308.2706766918,145.795302283495,469040.0,38.78155040740967,0.5546129847779933,24.694584154078385,36.41182191864759,27.62499966096211,0.8078041013752157,10.332196757352579,0.7558826233769638,6.160347860630519,2,1,False,42
ABC-SMC,1768751.8796992481,145.83609426828255,470488.0,38.79240107536316,0.5546129847779933,24.694584154078385,36.41182191864759,27.62499966096211,0.8078041013752157,10.332196757352579,0.7558826233769638,6.160347860630519,2,1,False,42
ABC-SMC,1747911.111111111,143.71583108548765,471936.0,38.803274393081665,0.5546129847779933,24.694584154078385,36.41182191864759,27.62499966096211,0.8078041013752157,10.332196757352579,0.7558826233769638,6.160347860630519,2,1,False,42
ABC-SMC,1753274.0740740742,143.75596046447754,473384.0,38.814109325408936,0.5546129847779933,24.694584154078385,36.41182191864759,27.62499966096211,0.8078041013752157,10.332196757352579,0.7558826233769638,6.160347860630519,2,1,False,42
ABC-SMC,1745705.8823529412,142.73863855530234,474832.0,38.824909687042236,0.5546129847779933,24.694584154078385,36.41182191864759,27.62499966096211,0.8078041013752157,10.332196757352579,0.7558826233769638,6.160347860630519,2,1,False,42
ABC-SMC,1738248.1751824818,142.29491679337772,476280.0,38.9888072013855,0.5546129847779933,24.694584154078385,36.41182191864759,27.62499966096211,0.8078041013752157,10.332196757352579,0.7558826233769638,6.160347860630519,2,1,False,42
ABC-SMC,1730898.5507246377,141.30311686059702,477728.0,38.99966025352478,0.5546129847779933,24.694584154078385,36.41182191864759,27.62499966096211,0.8078041013752157,10.332196757352579,0.7558826233769638,6.160347860630519,2,1,False,42
ABC-SMC,1723654.6762589929,140.32526239216756,479176.0,39.01042294502258,0.5546129847779933,24.694584154078385,36.41182191864759,27.62499966096211,0.8078041013752157,10.332196757352579,0.7558826233769638,6.160347860630519,2,1,False,42
ABC-SMC,1728863.309352518,140.36385618525443,480624.0,39.02115201950073,0.5546129847779933,24.694584154078385,36.41182191864759,27.62499966096211,0.8078041013752157,10.332196757352579,0.7558826233769638,6.160347860630519,2,1,False,42
ABC-SMC,1721685.7142857143,139.39986399241855,482072.0,39.0319619178772,0.5546129847779933,24.694584154078385,36.41182191864759,27.62499966096211,0.8078041013752157,10.332196757352579,0.7558826233769638,6.160347860630519,2,1,False,42
ABC-SMC,1714609.929078014,138.44930111093723,483520.0,39.0427029132843,0.5546129847779933,24.694584154078385,36.41182191864759,27.62499966096211,0.8078041013752157,10.332196757352579,0.7558826233769638,6.160347860630519,2,1,False,42
ABC-SMC,1695692.3076923075,136.55065406452528,484968.0,39.053487062454224,0.5546129847779933,24.694584154078385,36.41182191864759,27.62499966096211,0.8078041013752157,10.332196757352579,0.7558826233769638,6.160347860630519,2,1,False,42
ABC-SMC,1677296.551724138,134.70441226301523,486416.0,39.064279556274414,0.5546129847779933,24.694584154078385,36.41182191864759,27.62499966096211,0.8078041013752157,10.332196757352579,0.7558826233769638,6.160347860630519,2,1,False,42
ABC-SMC,1670767.1232876712,133.81887625341545,487864.0,39.075111865997314,0.5546129847779933,24.694584154078385,36.41182191864759,27.62499966096211,0.8078041013752157,10.332196757352579,0.7558826233769638,6.160347860630519,2,1,False,42
ABC-SMC,1675726.02739726,133.85614956894966,489312.0,39.0859956741333,0.5546129847779933,24.694584154078385,36.41182191864759,27.62499966096211,0.8078041013752157,10.332196757352579,0.7558826233769638,6.160347860630519,2,1,False,42
ABC-SMC,1669251.700680272,132.9821453613489,490760.0,39.09675073623657,0.5546129847779933,24.694584154078385,36.41182191864759,27.62499966096211,0.8078041013752157,10.332196757352579,0.7558826233769638,6.160347860630519,2,1,False,42
ABC-SMC,1662864.8648648649,132.12050779445752,492208.0,39.107670307159424,0.5546129847779933,24.694584154078385,36.41182191864759,27.62499966096211,0.8078041013752157,10.332196757352579,0.7558826233769638,6.160347860630519,2,1,False,42
ABC-SMC,1667756.7567567567,132.15679494110313,493656.0,39.11841130256653,0.5546129847779933,24.694584154078385,36.41182191864759,27.62499966096211,0.8078041013752157,10.332196757352579,0.7558826233769638,6.160347860630519,2,1,False,42
ABC-SMC,1661422.8187919464,131.30599140320848,495104.0,39.12918543815613,0.5546129847779933,24.694584154078385,36.41182191864759,27.62499966096211,0.8078041013752157,10.332196757352579,0.7558826233769638,6.160347860630519,2,1,False,42
ABC-SMC,1633394.7368421052,128.7498889785064,496552.0,39.13996624946594,0.5546129847779933,24.694584154078385,36.41182191864759,27.62499966096211,0.8078041013752157,10.332196757352579,0.7558826233769638,6.160347860630519,2,1,False,42
ABC-SMC,1616883.1168831168,127.11279732840403,498000.0,39.15074157714844,0.5546129847779933,24.694584154078385,36.41182191864759,27.62499966096211,0.8078041013752157,10.332196757352579,0.7558826233769638,6.160347860630519,2,1,False,42
ABC-SMC,1611122.5806451612,126.32749157567177,499448.0,39.16152238845825,0.5546129847779933,24.694584154078385,36.41182191864759,27.62499966096211,0.8078041013752157,10.332196757352579,0.7558826233769638,6.160347860630519,2,1,False,42
ABC-SMC,1605435.8974358975,125.55341155101091,500896.0,39.172664403915405,0.5546129847779933,24.694584154078385,36.41182191864759,27.62499966096211,0.8078041013752157,10.332196757352579,0.7558826233769638,6.160347860630519,2,1,False,42
ABC-SMC,1599821.6560509554,124.78791680305628,502344.0,39.18340587615967,0.5546129847779933,24.694584154078385,36.41182191864759,27.62499966096211,0.8078041013752157,10.332196757352579,0.7558826233769638,6.160347860630519,2,1,False,42
ABC-SMC,1604433.1210191082,124.82193321179433,503792.0,39.19408702850342,0.5546129847779933,24.694584154078385,36.41182191864759,27.62499966096211,0.8078041013752157,10.332196757352579,0.7558826233769638,6.160347860630519,2,1,False,42
ABC-SMC,1609044.585987261,124.85617740898375,505240.0,39.2048397064209,0.5546129847779933,24.694584154078385,36.41182191864759,27.62499966096211,0.8078041013752157,10.332196757352579,0.7558826233769638,6.160347860630519,2,1,False,42
ABC-SMC,1603443.0379746836,124.10001437875289,506688.0,39.21560454368591,0.5546129847779933,24.694584154078385,36.41182191864759,27.62499966096211,0.8078041013752157,10.332196757352579,0.7558826233769638,6.160347860630519,2,1,False,42
ABC-SMC,1608025.3164556962,124.13389999655229,508136.0,39.22631239891052,0.5546129847779933,24.694584154078385,36.41182191864759,27.62499966096211,0.8078041013752157,10.332196757352579,0.7558826233769638,6.160347860630519,2,1,False,42
ABC-SMC,1602465.4088050316,123.38689063330116,509584.0,39.23703122138977,0.5546129847779933,24.694584154078385,36.41182191864759,27.62499966096211,0.8078041013752157,10.332196757352579,0.7558826233769638,6.160347860630519,2,1,False,42
ABC-SMC,1607018.8679245282,123.4205203986018,511032.0,39.24772548675537,0.5546129847779933,24.694584154078385,36.41182191864759,27.62499966096211,0.8078041013752157,10.332196757352579,0.7558826233769638,6.160347860630519,2,1,False,42
ABC-SMC,1601500.0,122.68291935324669,512480.0,39.25853419303894,0.5546129847779933,24.694584154078385,36.41182191864759,27.62499966096211,0.8078041013752157,10.332196757352579,0.7558826233769638,6.160347860630519,2,1,False,42
ABC-SMC,1586197.5308641975,121.20143866833345,513928.0,39.26926612854004,0.5546129847779933,24.694584154078385,36.41182191864759,27.62499966096211,0.8078041013752157,10.332196757352579,0.7558826233769638,6.160347860630519,2,1,False,42
ABC-SMC,1580907.9754601228,120.49098029458449,515376.0,39.280059576034546,0.5546129847779933,24.694584154078385,36.41182191864759,27.62499966096211,0.8078041013752157,10.332196757352579,0.7558826233769638,6.160347860630519,2,1,False,42
ABC-SMC,1585349.693251534,120.52425285058519,516824.0,39.29090642929077,0.5546129847779933,24.694584154078385,36.41182191864759,27.62499966096211,0.8078041013752157,10.332196757352579,0.7558826233769638,6.160347860630519,2,1,False,42
ABC-SMC,1589791.4110429448,120.55736231657625,518272.0,39.30170011520386,0.5546129847779933,24.694584154078385,36.41182191864759,27.62499966096211,0.8078041013752157,10.332196757352579,0.7558826233769638,6.160347860630519,2,1,False,42
ABC-SMC,1594233.1288343556,120.59031820004704,519720.0,39.31244373321533,0.5546129847779933,24.694584154078385,36.41182191864759,27.62499966096211,0.8078041013752157,10.332196757352579,0.7558826233769638,6.160347860630519,2,1,False,42
ABC-SMC,1579296.9696969697,119.16116945671313,521168.0,39.32318592071533,0.5546129847779933,24.694584154078385,36.41182191864759,27.62499966096211,0.8078041013752157,10.332196757352579,0.7558826233769638,6.160347860630519,2,1,False,42
ABC-SMC,1583684.8484848486,119.19392383459842,522616.0,39.33399486541748,0.5546129847779933,24.694584154078385,36.41182191864759,27.62499966096211,0.8078041013752157,10.332196757352579,0.7558826233769638,6.160347860630519,2,1,False,42
ABC-SMC,1578506.0240963856,118.50848111761623,524064.0,39.344815731048584,0.5546129847779933,24.694584154078385,36.41182191864759,27.62499966096211,0.8078041013752157,10.332196757352579,0.7558826233769638,6.160347860630519,2,1,False,42
ABC-SMC,1582867.469879518,118.5410554150501,525512.0,39.35563039779663,0.5546129847779933,24.694584154078385,36.41182191864759,27.62499966096211,0.8078041013752157,10.332196757352579,0.7558826233769638,6.160347860630519,2,1,False,42
ABC-SMC,1587228.9156626507,118.5737029615655,526960.0,39.366469383239746,0.5546129847779933,24.694584154078385,36.41182191864759,27.62499966096211,0.8078041013752157,10.332196757352579,0.7558826233769638,6.160347860630519,2,1,False,42
ABC-SMC,1582059.880239521,117.89594082061403,528408.0,39.37724423408508,0.5546129847779933,24.694584154078385,36.41182191864759,27.62499966096211,0.8078041013752157,10.332196757352579,0.7558826233769638,6.160347860630519,2,1,False,42
ABC-SMC,1576952.380952381,117.22610961823236,529856.0,39.387972831726074,0.5546129847779933,24.694584154078385,36.41182191864759,27.62499966096211,0.8078041013752157,10.332196757352579,0.7558826233769638,6.160347860630519,2,1,False,42
ABC-SMC,1581261.9047619049,117.25846287750062,531304.0,39.39884352684021,0.5546129847779933,24.694584154078385,36.41182191864759,27.62499966096211,0.8078041013752157,10.332196757352579,0.7558826233769638,6.160347860630519,2,1,False,42
ABC-SMC,1576189.349112426,116.59661623147818,532752.0,39.409656286239624,0.5546129847779933,24.694584154078385,36.41182191864759,27.62499966096211,0.8078041013752157,10.332196757352579,0.7558826233769638,6.160347860630519,2,1,False,42
ABC-SMC,1571176.4705882354,115.94261632246129,534200.0,39.42048954963684,0.5546129847779933,24.694584154078385,36.41182191864759,27.62499966096211,0.8078041013752157,10.332196757352579,0.7558826233769638,6.160347860630519,2,1,False,42
ABC-SMC,1575435.2941176472,115.97445291631361,535648.0,39.43131399154663,0.5546129847779933,24.694584154078385,36.41182191864759,27.62499966096211,0.8078041013752157,10.332196757352579,0.7558826233769638,6.160347860630519,2,1,False,42
ABC-SMC,1579694.1176470588,116.00621027104995,537096.0,39.44211149215698,0.5546129847779933,24.694584154078385,36.41182191864759,27.62499966096211,0.8078041013752157,10.332196757352579,0.7558826233769638,6.160347860630519,2,1,False,42
ABC-SMC,1583952.9411764706,116.03807771907134,538544.0,39.45294642448425,0.5546129847779933,24.694584154078385,36.41182191864759,27.62499966096211,0.8078041013752157,10.332196757352579,0.7558826233769638,6.160347860630519,2,1,False,42
ABC-SMC,1588211.7647058824,116.06969482758466,539992.0,39.463696241378784,0.5546129847779933,24.694584154078385,36.41182191864759,27.62499966096211,0.8078041013752157,10.332196757352579,0.7558826233769638,6.160347860630519,2,1,False,42
ABC-SMC,1592470.5882352942,116.10131193609799,541440.0,39.474446058273315,0.5546129847779933,24.694584154078385,36.41182191864759,27.62499966096211,0.8078041013752157,10.332196757352579,0.7558826233769638,6.160347860630519,2,1,False,42
ABC-SMC,1578162.7906976743,114.78256347567536,542888.0,39.485201835632324,0.5546129847779933,24.694584154078385,36.41182191864759,27.62499966096211,0.8078041013752157,10.332196757352579,0.7558826233769638,6.160347860630519,2,1,False,42
ABC-SMC,1582372.0930232557,114.81385383495065,544336.0,39.49596571922302,0.5546129847779933,24.694584154078385,36.41182191864759,27.62499966096211,0.8078041013752157,10.332196757352579,0.7558826233769638,6.160347860630519,2,1,False,42
ABC-SMC,1577410.4046242773,114.18158677272025,545784.0,39.506829023361206,0.5546129847779933,24.694584154078385,36.41182191864759,27.62499966096211,0.8078041013752157,10.332196757352579,0.7558826233769638,6.160347860630519,2,1,False,42
ABC-SMC,1572505.7471264368,113.55643505337594,547232.0,39.51763939857483,0.5546129847779933,24.694584154078385,36.41182191864759,27.62499966096211,0.8078041013752157,10.332196757352579,0.7558826233769638,6.160347860630519,2,1,False,42
ABC-SMC,1558750.0,112.29659278284419,548680.0,39.52840065956116,0.5546129847779933,24.694584154078385,36.41182191864759,27.62499966096211,0.8078041013752157,10.332196757352579,0.7558826233769638,6.160347860630519,2,1,False,42
ABC-SMC,1554033.8983050848,111.69263602650098,550128.0,39.53919315338135,0.5546129847779933,24.694584154078385,36.41182191864759,27.62499966096211,0.8078041013752157,10.332196757352579,0.7558826233769638,6.160347860630519,2,1,False,42
ABC-SMC,1540715.0837988828,110.47491547781661,551576.0,39.55001974105835,0.5546129847779933,24.694584154078385,36.41182191864759,27.62499966096211,0.8078041013752157,10.332196757352579,0.7558826233769638,6.160347860630519,2,1,False,42
ABC-SMC,1536177.7777777778,109.89124510023329,553024.0,39.560848236083984,0.5546129847779933,24.694584154078385,36.41182191864759,27.62499966096211,0.8078041013752157,10.332196757352579,0.7558826233769638,6.160347860630519,2,1,False,42
ABC-SMC,1531690.6077348066,109.31401160540501,554472.0,39.571672201156616,0.5546129847779933,24.694584154078385,36.41182191864759,27.62499966096211,0.8078041013752157,10.332196757352579,0.7558826233769638,6.160347860630519,2,1,False,42
ABC-SMC,1535690.6077348066,109.34395289552805,555920.0,39.58251094818115,0.5546129847779933,24.694584154078385,36.41182191864759,27.62499966096211,0.8078041013752157,10.332196757352579,0.7558826233769638,6.160347860630519,2,1,False,42
ABC-SMC,1539690.6077348066,109.37386257213782,557368.0,39.59333825111389,0.5546129847779933,24.694584154078385,36.41182191864759,27.62499966096211,0.8078041013752157,10.332196757352579,0.7558826233769638,6.160347860630519,2,1,False,42
ABC-SMC,1543690.6077348066,109.40385786867931,558816.0,39.604196548461914,0.5546129847779933,24.694584154078385,36.41182191864759,27.62499966096211,0.8078041013752157,10.332196757352579,0.7558826233769638,6.160347860630519,2,1,False,42
ABC-SMC,1547690.6077348066,109.43396776420636,560264.0,39.6150963306427,0.5546129847779933,24.694584154078385,36.41182191864759,27.62499966096211,0.8078041013752157,10.332196757352579,0.7558826233769638,6.160347860630519,2,1,False,42
ABC-SMC,1551690.6077348066,109.46381684824905,561712.0,39.62590169906616,0.5546129847779933,24.694584154078385,36.41182191864759,27.62499966096211,0.8078041013752157,10.332196757352579,0.7558826233769638,6.160347860630519,2,1,False,42
ABC-SMC,1555690.6077348066,109.49398865357287,563160.0,39.636823892593384,0.5546129847779933,24.694584154078385,36.41182191864759,27.62499966096211,0.8078041013752157,10.332196757352579,0.7558826233769638,6.160347860630519,2,1,False,42
ABC-SMC,1559690.6077348066,109.52399448795214,564608.0,39.64768600463867,0.5546129847779933,24.694584154078385,36.41182191864759,27.62499966096211,0.8078041013752157,10.332196757352579,0.7558826233769638,6.160347860630519,2,1,False,42
ABC-SMC,1555098.901098901,108.95218495484237,566056.0,39.65859532356262,0.5546129847779933,24.694584154078385,36.41182191864759,27.62499966096211,0.8078041013752157,10.332196757352579,0.7558826233769638,6.160347860630519,2,1,False,42
ABC-SMC,1550557.3770491804,108.38644621802159,567504.0,39.6694393157959,0.5546129847779933,24.694584154078385,36.41182191864759,27.62499966096211,0.8078041013752157,10.332196757352579,0.7558826233769638,6.160347860630519,2,1,False,42
ABC-SMC,1554513.6612021858,108.41601859024965,568952.0,39.68026280403137,0.5546129847779933,24.694584154078385,36.41182191864759,27.62499966096211,0.8078041013752157,10.332196757352579,0.7558826233769638,6.160347860630519,2,1,False,42
ABC-SMC,1558469.9453551911,108.44554731754657,570400.0,39.691070318222046,0.5546129847779933,24.694584154078385,36.41182191864759,27.62499966096211,0.8078041013752157,10.332196757352579,0.7558826233769638,6.160347860630519,2,1,False,42
ABC-SMC,1562426.2295081967,108.47494380721628,571848.0,39.70182943344116,0.5546129847779933,24.694584154078385,36.41182191864759,27.62499966096211,0.8078041013752157,10.332196757352579,0.7558826233769638,6.160347860630519,2,1,False,42
ABC-SMC,1557869.5652173914,107.91486307330754,573296.0,39.71266961097717,0.5546129847779933,24.694584154078385,36.41182191864759,27.62499966096211,0.8078041013752157,10.332196757352579,0.7558826233769638,6.160347860630519,2,1,False,42
ABC-SMC,1553362.1621621621,107.36079409315779,574744.0,39.723493814468384,0.5546129847779933,24.694584154078385,36.41182191864759,27.62499966096211,0.8078041013752157,10.332196757352579,0.7558826233769638,6.160347860630519,2,1,False,42
ABC-SMC,1557275.6756756757,107.38997846036344,576192.0,39.73429203033447,0.5546129847779933,24.694584154078385,36.41182191864759,27.62499966096211,0.8078041013752157,10.332196757352579,0.7558826233769638,6.160347860630519,2,1,False,42
ABC-SMC,1544491.9786096257,106.27031390042228,577640.0,39.745097398757935,0.5546129847779933,24.694584154078385,36.41182191864759,27.62499966096211,0.8078041013752157,10.332196757352579,0.7558826233769638,6.160347860630519,2,1,False,42
ABC-SMC,1548363.6363636362,106.29924605874454,579088.0,39.75591802597046,0.5546129847779933,24.694584154078385,36.41182191864759,27.62499966096211,0.8078041013752157,10.332196757352579,0.7558826233769638,6.160347860630519,2,1,False,42
ABC-SMC,1552235.294117647,106.32805837029443,580536.0,39.76669383049011,0.5546129847779933,24.694584154078385,36.41182191864759,27.62499966096211,0.8078041013752157,10.332196757352579,0.7558826233769638,6.160347860630519,2,1,False,42
ABC-SMC,1539640.2116402118,105.23148251589014,581984.0,39.77750039100647,0.5546129847779933,24.694584154078385,36.41182191864759,27.62499966096211,0.8078041013752157,10.332196757352579,0.7558826233769638,6.160347860630519,2,1,False,42
ABC-SMC,1543470.8994708995,105.26010977528082,583432.0,39.78832149505615,0.5546129847779933,24.694584154078385,36.41182191864759,27.62499966096211,0.8078041013752157,10.332196757352579,0.7558826233769638,6.160347860630519,2,1,False,42
ABC-SMC,1547301.5873015872,105.28900068272989,584880.0,39.7992422580719,0.5546129847779933,24.694584154078385,36.41182191864759,27.62499966096211,0.8078041013752157,10.332196757352579,0.7558826233769638,6.160347860630519,2,1,False,42
ABC-SMC,1551132.275132275,105.31755856105259,586328.0,39.81003713607788,0.5546129847779933,24.694584154078385,36.41182191864759,27.62499966096211,0.8078041013752157,10.332196757352579,0.7558826233769638,6.160347860630519,2,1,False,42
ABC-SMC,1546778.9473684211,104.79188969260768,587776.0,39.82091808319092,0.5546129847779933,24.694584154078385,36.41182191864759,27.62499966096211,0.8078041013752157,10.332196757352579,0.7558826233769638,6.160347860630519,2,1,False,42
ABC-SMC,1550589.4736842106,104.82021256497032,589224.0,39.83168077468872,0.5546129847779933,24.694584154078385,36.41182191864759,27.62499966096211,0.8078041013752157,10.332196757352579,0.7558826233769638,6.160347860630519,2,1,False,42
ABC-SMC,1554400.0,104.84855739693892,590672.0,39.84245181083679,0.5546129847779933,24.694584154078385,36.41182191864759,27.62499966096211,0.8078041013752157,10.332196757352579,0.7558826233769638,6.160347860630519,2,1,False,42
ABC-SMC,1558210.5263157894,104.87690285632485,592120.0,39.85322308540344,0.5546129847779933,24.694584154078385,36.41182191864759,27.62499966096211,0.8078041013752157,10.332196757352579,0.7558826233769638,6.160347860630519,2,1,False,42
ABC-SMC,1562021.0526315789,104.90528784300152,593568.0,39.864009380340576,0.5546129847779933,24.694584154078385,36.41182191864759,27.62499966096211,0.8078041013752157,10.332196757352579,0.7558826233769638,6.160347860630519,2,1,False,42
ABC-SMC,1565831.5789473683,104.93376631485789,595016.0,39.874831199645996,0.5546129847779933,24.694584154078385,36.41182191864759,27.62499966096211,0.8078041013752157,10.332196757352579,0.7558826233769638,6.160347860630519,2,1,False,42
ABC-SMC,1561424.0837696334,104.41274730322873,596464.0,39.885669469833374,0.5546129847779933,24.694584154078385,36.41182191864759,27.62499966096211,0.8078041013752157,10.332196757352579,0.7558826233769638,6.160347860630519,2,1,False,42
ABC-SMC,1565214.6596858639,104.44110538322889,597912.0,39.89650225639343,0.5546129847779933,24.694584154078385,36.41182191864759,27.62499966096211,0.8078041013752157,10.332196757352579,0.7558826233769638,6.160347860630519,2,1,False,42
ABC-SMC,1569005.2356020943,104.46957705532694,599360.0,39.90737843513489,0.5546129847779933,24.694584154078385,36.41182191864759,27.62499966096211,0.8078041013752157,10.332196757352579,0.7558826233769638,6.160347860630519,2,1,False,42
ABC-SMC,1572795.8115183245,104.49798881071399,600808.0,39.91823172569275,0.5546129847779933,24.694584154078385,36.41182191864759,27.62499966096211,0.8078041013752157,10.332196757352579,0.7558826233769638,6.160347860630519,2,1,False,42
ABC-SMC,1576586.387434555,104.52630195318092,602256.0,39.92904734611511,0.5546129847779933,24.694584154078385,36.41182191864759,27.62499966096211,0.8078041013752157,10.332196757352579,0.7558826233769638,6.160347860630519,2,1,False,42
ABC-SMC,1580376.9633507854,104.55460885432379,603704.0,39.939860582351685,0.5546129847779933,24.694584154078385,36.41182191864759,27.62499966096211,0.8078041013752157,10.332196757352579,0.7558826233769638,6.160347860630519,2,1,False,42
ABC-SMC,1575916.6666666667,104.0386650711298,605152.0,39.95084738731384,0.5546129847779933,24.694584154078385,36.41182191864759,27.62499966096211,0.8078041013752157,10.332196757352579,0.7558826233769638,6.160347860630519,2,1,False,42
ABC-SMC,1579687.5,104.06698286533356,606600.0,39.961721420288086,0.5546129847779933,24.694584154078385,36.41182191864759,27.62499966096211,0.8078041013752157,10.332196757352579,0.7558826233769638,6.160347860630519,2,1,False,42
ABC-SMC,1583458.3333333333,104.09515475233395,608048.0,39.97253942489624,0.5546129847779933,24.694584154078385,36.41182191864759,27.62499966096211,0.8078041013752157,10.332196757352579,0.7558826233769638,6.160347860630519,2,1,False,42
ABC-SMC,1587229.1666666667,104.1230745613575,609496.0,39.98326063156128,0.5546129847779933,24.694584154078385,36.41182191864759,27.62499966096211,0.8078041013752157,10.332196757352579,0.7558826233769638,6.160347860630519,2,1,False,42
ABC-SMC,1591000.0,104.1511669754982,610944.0,39.99404811859131,0.5546129847779933,24.694584154078385,36.41182191864759,27.62499966096211,0.8078041013752157,10.332196757352579,0.7558826233769638,6.160347860630519,2,1,False,42
ABC-SMC,1594770.8333333333,104.17932644486427,612392.0,40.00486135482788,0.5546129847779933,24.694584154078385,36.41182191864759,27.62499966096211,0.8078041013752157,10.332196757352579,0.7558826233769638,6.160347860630519,2,1,False,42
ABC-SMC,1598541.6666666667,104.20739899079005,613840.0,40.01564121246338,0.5546129847779933,24.694584154078385,36.41182191864759,27.62499966096211,0.8078041013752157,10.332196757352579,0.7558826233769638,6.160347860630519,2,1,False,42
ABC-SMC,1602312.5,104.23546594878037,615288.0,40.026418924331665,0.5546129847779933,24.694584154078385,36.41182191864759,27.62499966096211,0.8078041013752157,10.332196757352579,0.7558826233769638,6.160347860630519,2,1,False,42
ABC-SMC,1589525.7731958763,103.18887848215006,616736.0,40.03728485107422,0.5546129847779933,24.694584154078385,36.41182191864759,27.62499966096211,0.8078041013752157,10.332196757352579,0.7558826233769638,6.160347860630519,2,1,False,42
ABC-SMC,1585087.1794871795,102.68744199703902,618184.0,40.048102378845215,0.5546129847779933,24.694584154078385,36.41182191864759,27.62499966096211,0.8078041013752157,10.332196757352579,0.7558826233769638,6.160347860630519,2,1,False,42
ABC-SMC,1588800.0,102.71531374026567,619632.0,40.05897235870361,0.5546129847779933,24.694584154078385,36.41182191864759,27.62499966096211,0.8078041013752157,10.332196757352579,0.7558826233769638,6.160347860630519,2,1,False,42
ABC-SMC,1584387.7551020407,102.2190548935715,621080.0,40.06986951828003,0.5546129847779933,24.694584154078385,36.41182191864759,27.62499966096211,0.8078041013752157,10.332196757352579,0.7558826233769638,6.160347860630519,2,1,False,42
ABC-SMC,1588081.6326530613,102.24663603062533,622528.0,40.08068132400513,0.5546129847779933,24.694584154078385,36.41182191864759,27.62499966096211,0.8078041013752157,10.332196757352579,0.7558826233769638,6.160347860630519,2,1,False,42
ABC-SMC,1583695.4314720812,101.7551337401879,623976.0,40.09152269363403,0.5546129847779933,24.694584154078385,36.41182191864759,27.62499966096211,0.8078041013752157,10.332196757352579,0.7558826233769638,6.160347860630519,2,1,False,42
ABC-SMC,1579353.5353535353,101.28164472001971,625424.0,40.10753130912781,0.5546129847779933,24.694584154078385,36.41182191864759,27.62499966096211,0.8078041013752157,10.332196757352579,0.7558826233769638,6.160347860630519,2,1,False,42
ABC-SMC,1583010.101010101,101.31162886667732,626872.0,40.119405031204224,0.5546129847779933,24.694584154078385,36.41182191864759,27.62499966096211,0.8078041013752157,10.332196757352579,0.7558826233769638,6.160347860630519,2,1,False,42
ABC-SMC,1570800.0,100.32570481300354,628320.0,40.130281925201416,0.5546129847779933,24.694584154078385,36.41182191864759,27.62499966096211,0.8078041013752157,10.332196757352579,0.7558826233769638,6.160347860630519,2,1,False,42
ABC-SMC,1574420.0,100.35287141799927,629768.0,40.14114856719971,0.5546129847779933,24.694584154078385,36.41182191864759,27.62499966096211,0.8078041013752157,10.332196757352579,0.7558826233769638,6.160347860630519,2,1,False,42
ABC-SMC,1578040.0,100.38018047809601,631216.0,40.1520721912384,0.5546129847779933,24.694584154078385,36.41182191864759,27.62499966096211,0.8078041013752157,10.332196757352579,0.7558826233769638,6.160347860630519,2,1,False,42
ABC-SMC,1581660.0,100.40751278400421,632664.0,40.163005113601685,0.5546129847779933,24.694584154078385,36.41182191864759,27.62499966096211,0.8078041013752157,10.332196757352579,0.7558826233769638,6.160347860630519,2,1,False,42
ABC-SMC,1585280.0,100.43455421924591,634112.0,40.173821687698364,0.5546129847779933,24.694584154078385,36.41182191864759,27.62499966096211,0.8078041013752157,10.332196757352579,0.7558826233769638,6.160347860630519,2,1,False,42
ABC-SMC,1588900.0,100.4616630077362,635560.0,40.18466520309448,0.5546129847779933,24.694584154078385,36.41182191864759,27.62499966096211,0.8078041013752157,10.332196757352579,0.7558826233769638,6.160347860630519,2,1,False,42
ABC-SMC,1592520.0,100.48884093761444,637008.0,40.195536375045776,0.5546129847779933,24.694584154078385,36.41182191864759,27.62499966096211,0.8078041013752157,10.332196757352579,0.7558826233769638,6.160347860630519,2,1,False,42
ABC-SMC,1588199.0049751243,100.01606727713968,638456.0,40.206459045410156,0.5546129847779933,24.694584154078385,36.41182191864759,27.62499966096211,0.8078041013752157,10.332196757352579,0.7558826233769638,6.160347860630519,2,1,False,42
ABC-SMC,1568392.1568627453,98.57193745818793,639904.0,40.217350482940674,0.5546129847779933,24.694584154078385,36.41182191864759,27.62499966096211,0.8078041013752157,10.332196757352579,0.7558826233769638,6.160347860630519,2,1,False,42
ABC-SMC,1564273.1707317072,98.11757308680836,641352.0,40.22820496559143,0.5546129847779933,24.694584154078385,36.41182191864759,27.62499966096211,0.8078041013752157,10.332196757352579,0.7558826233769638,6.160347860630519,2,1,False,42
ABC-SMC,1560194.1747572816,97.66770219339908,642800.0,40.23909330368042,0.5546129847779933,24.694584154078385,36.41182191864759,27.62499966096211,0.8078041013752157,10.332196757352579,0.7558826233769638,6.160347860630519,2,1,False,42
ABC-SMC,1556154.5893719806,97.2221018611521,644248.0,40.24995017051697,0.5546129847779933,24.694584154078385,36.41182191864759,27.62499966096211,0.8078041013752157,10.332196757352579,0.7558826233769638,6.160347860630519,2,1,False,42
ABC-SMC,1559652.1739130435,97.24829450321658,645696.0,40.260793924331665,0.5546129847779933,24.694584154078385,36.41182191864759,27.62499966096211,0.8078041013752157,10.332196757352579,0.7558826233769638,6.160347860630519,2,1,False,42
ABC-SMC,1563149.7584541063,97.27437254311381,647144.0,40.27159023284912,0.5546129847779933,24.694584154078385,36.41182191864759,27.62499966096211,0.8078041013752157,10.332196757352579,0.7558826233769638,6.160347860630519,2,1,False,42
ABC-SMC,1566647.342995169,97.30062910900024,648592.0,40.2824604511261,0.5546129847779933,24.694584154078385,36.41182191864759,27.62499966096211,0.8078041013752157,10.332196757352579,0.7558826233769638,6.160347860630519,2,1,False,42
ABC-SMC,1562596.1538461538,96.85916510912088,650040.0,40.29341268539429,0.5546129847779933,24.694584154078385,36.41182191864759,27.62499966096211,0.8078041013752157,10.332196757352579,0.7558826233769638,6.160347860630519,2,1,False,42
ABC-SMC,1558583.732057416,96.42180757659474,651488.0,40.3043155670166,0.5546129847779933,24.694584154078385,36.41182191864759,27.62499966096211,0.8078041013752157,10.332196757352579,0.7558826233769638,6.160347860630519,2,1,False,42
ABC-SMC,1562047.8468899522,96.44787049179442,652936.0,40.31520986557007,0.5546129847779933,24.694584154078385,36.41182191864759,27.62499966096211,0.8078041013752157,10.332196757352579,0.7558826233769638,6.160347860630519,2,1,False,42
ABC-SMC,1565511.961722488,96.47412505446438,654384.0,40.32618427276611,0.5546129847779933,24.694584154078385,36.41182191864759,27.62499966096211,0.8078041013752157,10.332196757352579,0.7558826233769638,6.160347860630519,2,1,False,42
ABC-SMC,1568976.076555024,96.50003738950883,655832.0,40.3370156288147,0.5546129847779933,24.694584154078385,36.41182191864759,27.62499966096211,0.8078041013752157,10.332196757352579,0.7558826233769638,6.160347860630519,2,1,False,42
ABC-SMC,1572440.1913875598,96.52596455441707,657280.0,40.34785318374634,0.5546129847779933,24.694584154078385,36.41182191864759,27.62499966096211,0.8078041013752157,10.332196757352579,0.7558826233769638,6.160347860630519,2,1,False,42
ABC-SMC,1568400.0,96.09209242321195,658728.0,40.35867881774902,0.5546129847779933,24.694584154078385,36.41182191864759,27.62499966096211,0.8078041013752157,10.332196757352579,0.7558826233769638,6.160347860630519,2,1,False,42
ABC-SMC,1571847.619047619,96.11784446807135,660176.0,40.369494676589966,0.5546129847779933,24.694584154078385,36.41182191864759,27.62499966096211,0.8078041013752157,10.332196757352579,0.7558826233769638,6.160347860630519,2,1,False,42
ABC-SMC,1567829.383886256,95.6878475668306,661624.0,40.380271673202515,0.5546129847779933,24.694584154078385,36.41182191864759,27.62499966096211,0.8078041013752157,10.332196757352579,0.7558826233769638,6.160347860630519,2,1,False,42
ABC-SMC,1571260.663507109,95.71360976775111,663072.0,40.39114332199097,0.5546129847779933,24.694584154078385,36.41182191864759,27.62499966096211,0.8078041013752157,10.332196757352579,0.7558826233769638,6.160347860630519,2,1,False,42
ABC-SMC,1574691.943127962,95.73943524564046,664520.0,40.40204167366028,0.5546129847779933,24.694584154078385,36.41182191864759,27.62499966096211,0.8078041013752157,10.332196757352579,0.7558826233769638,6.160347860630519,2,1,False,42
ABC-SMC,1578123.222748815,95.76490196571531,665968.0,40.41278862953186,0.5546129847779933,24.694584154078385,36.41182191864759,27.62499966096211,0.8078041013752157,10.332196757352579,0.7558826233769638,6.160347860630519,2,1,False,42
ABC-SMC,1581554.502369668,95.79066360166287,667416.0,40.42366003990173,0.5546129847779933,24.694584154078385,36.41182191864759,27.62499966096211,0.8078041013752157,10.332196757352579,0.7558826233769638,6.160347860630519,2,1,False,42
ABC-SMC,1584985.7819905211,95.81620094335474,668864.0,40.4344367980957,0.5546129847779933,24.694584154078385,36.41182191864759,27.62499966096211,0.8078041013752157,10.332196757352579,0.7558826233769638,6.160347860630519,2,1,False,42
ABC-SMC,1588417.0616113746,95.84178404785446,670312.0,40.44523286819458,0.5546129847779933,24.694584154078385,36.41182191864759,27.62499966096211,0.8078041013752157,10.332196757352579,0.7558826233769638,6.160347860630519,2,1,False,42
ABC-SMC,1576901.408450704,94.96746768414134,671760.0,40.456141233444214,0.5546129847779933,24.694584154078385,36.41182191864759,27.62499966096211,0.8078041013752157,10.332196757352579,0.7558826233769638,6.160347860630519,2,1,False,42
ABC-SMC,1572915.8878504673,94.54899190742279,673208.0,40.46696853637695,0.5546129847779933,24.694584154078385,36.41182191864759,27.62499966096211,0.8078041013752157,10.332196757352579,0.7558826233769638,6.160347860630519,2,1,False,42
ABC-SMC,1554506.9124423962,93.26678157402074,674656.0,40.477783203125,0.5546129847779933,24.694584154078385,36.41182191864759,27.62499966096211,0.8078041013752157,10.332196757352579,0.7558826233769638,6.160347860630519,2,1,False,42
ABC-SMC,1550697.2477064221,92.86375494178283,676104.0,40.48859715461731,0.5546129847779933,24.694584154078385,36.41182191864759,27.62499966096211,0.8078041013752157,10.332196757352579,0.7558826233769638,6.160347860630519,2,1,False,42
ABC-SMC,1539890.9090909092,92.04425757581537,677552.0,40.499473333358765,0.5546129847779933,24.694584154078385,36.41182191864759,27.62499966096211,0.8078041013752157,10.332196757352579,0.7558826233769638,6.160347860630519,2,1,False,42
ABC-SMC,1543181.8181818184,92.06874858249317,679000.0,40.510249376297,0.5546129847779933,24.694584154078385,36.41182191864759,27.62499966096211,0.8078041013752157,10.332196757352579,0.7558826233769638,6.160347860630519,2,1,False,42
ABC-SMC,1546472.7272727273,92.09328673102638,680448.0,40.52104616165161,0.5546129847779933,24.694584154078385,36.41182191864759,27.62499966096211,0.8078041013752157,10.332196757352579,0.7558826233769638,6.160347860630519,2,1,False,42
ABC-SMC,1549763.6363636362,92.1177089214325,681896.0,40.5317919254303,0.5546129847779933,24.694584154078385,36.41182191864759,27.62499966096211,0.8078041013752157,10.332196757352579,0.7558826233769638,6.160347860630519,2,1,False,42
ABC-SMC,1553054.5454545454,92.14218150485645,683344.0,40.54255986213684,0.5546129847779933,24.694584154078385,36.41182191864759,27.62499966096211,0.8078041013752157,10.332196757352579,0.7558826233769638,6.160347860630519,2,1,False,42
ABC-SMC,1556345.4545454544,92.16720353473316,684792.0,40.55356955528259,0.5546129847779933,24.694584154078385,36.41182191864759,27.62499966096211,0.8078041013752157,10.332196757352579,0.7558826233769638,6.160347860630519,2,1,False,42
ABC-SMC,1559636.3636363638,92.19171350652522,686240.0,40.564353942871094,0.5546129847779933,24.694584154078385,36.41182191864759,27.62499966096211,0.8078041013752157,10.332196757352579,0.7558826233769638,6.160347860630519,2,1,False,42
ABC-SMC,1562927.2727272727,92.21611402251503,687688.0,40.575090169906616,0.5546129847779933,24.694584154078385,36.41182191864759,27.62499966096211,0.8078041013752157,10.332196757352579,0.7558826233769638,6.160347860630519,2,1,False,42
ABC-SMC,1566218.1818181819,92.24061586640097,689136.0,40.58587098121643,0.5546129847779933,24.694584154078385,36.41182191864759,27.62499966096211,0.8078041013752157,10.332196757352579,0.7558826233769638,6.160347860630519,2,1,False,42
ABC-SMC,1569509.0909090908,92.26512312889099,690584.0,40.596654176712036,0.5546129847779933,24.694584154078385,36.41182191864759,27.62499966096211,0.8078041013752157,10.332196757352579,0.7558826233769638,6.160347860630519,2,1,False,42
ABC-SMC,1565683.257918552,91.872127886811,692032.0,40.60748052597046,0.5546129847779933,24.694584154078385,36.41182191864759,27.62499966096211,0.8078041013752157,10.332196757352579,0.7558826233769638,6.160347860630519,2,1,False,42
ABC-SMC,1554887.8923766816,91.07248932791398,693480.0,40.618330240249634,0.5546129847779933,24.694584154078385,36.41182191864759,27.62499966096211,0.8078041013752157,10.332196757352579,0.7558826233769638,6.160347860630519,2,1,False,42
ABC-SMC,1558134.529147982,91.09671981879949,694928.0,40.62913703918457,0.5546129847779933,24.694584154078385,36.41182191864759,27.62499966096211,0.8078041013752157,10.332196757352579,0.7558826233769638,6.160347860630519,2,1,False,42
ABC-SMC,1540654.8672566372,89.91149621727192,696376.0,40.63999629020691,0.5546129847779933,24.694584154078385,36.41182191864759,27.62499966096211,0.8078041013752157,10.332196757352579,0.7558826233769638,6.160347860630519,2,1,False,42
ABC-SMC,1537057.268722467,89.53923905998599,697824.0,40.65081453323364,0.5546129847779933,24.694584154078385,36.41182191864759,27.62499966096211,0.8078041013752157,10.332196757352579,0.7558826233769638,6.160347860630519,2,1,False,42
ABC-SMC,1533491.2280701753,89.17018928025898,699272.0,40.661606311798096,0.5546129847779933,24.694584154078385,36.41182191864759,27.62499966096211,0.8078041013752157,10.332196757352579,0.7558826233769638,6.160347860630519,2,1,False,42
ABC-SMC,1536666.6666666667,89.19381049641392,700720.0,40.672377586364746,0.5546129847779933,24.694584154078385,36.41182191864759,27.62499966096211,0.8078041013752157,10.332196757352579,0.7558826233769638,6.160347860630519,2,1,False,42
ABC-SMC,1539842.105263158,89.21744112382855,702168.0,40.68315315246582,0.5546129847779933,24.694584154078385,36.41182191864759,27.62499966096211,0.8078041013752157,10.332196757352579,0.7558826233769638,6.160347860630519,2,1,False,42
ABC-SMC,1536279.4759825328,88.85188602464169,703616.0,40.69416379928589,0.5546129847779933,24.694584154078385,36.41182191864759,27.62499966096211,0.8078041013752157,10.332196757352579,0.7558826233769638,6.160347860630519,2,1,False,42
ABC-SMC,1539441.0480349346,88.87567166157685,705064.0,40.7050576210022,0.5546129847779933,24.694584154078385,36.41182191864759,27.62499966096211,0.8078041013752157,10.332196757352579,0.7558826233769638,6.160347860630519,2,1,False,42
ABC-SMC,1542602.620087336,88.89927926542457,706512.0,40.71586990356445,0.5546129847779933,24.694584154078385,36.41182191864759,27.62499966096211,0.8078041013752157,10.332196757352579,0.7558826233769638,6.160347860630519,2,1,False,42
ABC-SMC,1539043.4782608694,88.53632781816566,707960.0,40.7267107963562,0.5546129847779933,24.694584154078385,36.41182191864759,27.62499966096211,0.8078041013752157,10.332196757352579,0.7558826233769638,6.160347860630519,2,1,False,42
ABC-SMC,1535515.1515151516,88.17649713326327,709408.0,40.73754167556763,0.5546129847779933,24.694584154078385,36.41182191864759,27.62499966096211,0.8078041013752157,10.332196757352579,0.7558826233769638,6.160347860630519,2,1,False,42
ABC-SMC,1538649.3506493508,88.19991375976826,710856.0,40.74836015701294,0.5546129847779933,24.694584154078385,36.41182191864759,27.62499966096211,0.8078041013752157,10.332196757352579,0.7558826233769638,6.160347860630519,2,1,False,42
ABC-SMC,1541783.5497835497,88.22327052359972,712304.0,40.759150981903076,0.5546129847779933,24.694584154078385,36.41182191864759,27.62499966096211,0.8078041013752157,10.332196757352579,0.7558826233769638,6.160347860630519,2,1,False,42
ABC-SMC,1544917.748917749,88.24691369936063,713752.0,40.770074129104614,0.5546129847779933,24.694584154078385,36.41182191864759,27.62499966096211,0.8078041013752157,10.332196757352579,0.7558826233769638,6.160347860630519,2,1,False,42
ABC-SMC,1548051.948051948,88.27029420183851,715200.0,40.78087592124939,0.5546129847779933,24.694584154078385,36.41182191864759,27.62499966096211,0.8078041013752157,10.332196757352579,0.7558826233769638,6.160347860630519,2,1,False,42
ABC-SMC,1544500.0,87.91316994305315,716648.0,40.79171085357666,0.5546129847779933,24.694584154078385,36.41182191864759,27.62499966096211,0.8078041013752157,10.332196757352579,0.7558826233769638,6.160347860630519,2,1,False,42
ABC-SMC,1534393.1623931623,87.18490498697656,718096.0,40.80253553390503,0.5546129847779933,24.694584154078385,36.41182191864759,27.62499966096211,0.8078041013752157,10.332196757352579,0.7558826233769638,6.160347860630519,2,1,False,42
ABC-SMC,1530944.680851064,86.8369310460192,719544.0,40.81335759162903,0.5546129847779933,24.694584154078385,36.41182191864759,27.62499966096211,0.8078041013752157,10.332196757352579,0.7558826233769638,6.160347860630519,2,1,False,42
ABC-SMC,1527525.4237288137,86.49193886983191,720992.0,40.82419514656067,0.5546129847779933,24.694584154078385,36.41182191864759,27.62499966096211,0.8078041013752157,10.332196757352579,0.7558826233769638,6.160347860630519,2,1,False,42
ABC-SMC,1530593.220338983,86.51475785142284,722440.0,40.83496570587158,0.5546129847779933,24.694584154078385,36.41182191864759,27.62499966096211,0.8078041013752157,10.332196757352579,0.7558826233769638,6.160347860630519,2,1,False,42
ABC-SMC,1533661.0169491526,86.53768442444883,723888.0,40.845787048339844,0.5546129847779933,24.694584154078385,36.41182191864759,27.62499966096211,0.8078041013752157,10.332196757352579,0.7558826233769638,6.160347860630519,2,1,False,42
ABC-SMC,1530244.7257383966,86.19542212425908,725336.0,40.856630086898804,0.5546129847779933,24.694584154078385,36.41182191864759,27.62499966096211,0.8078041013752157,10.332196757352579,0.7558826233769638,6.160347860630519,2,1,False,42
ABC-SMC,1533299.5780590717,86.21825346966835,726784.0,40.8674521446228,0.5546129847779933,24.694584154078385,36.41182191864759,27.62499966096211,0.8078041013752157,10.332196757352579,0.7558826233769638,6.160347860630519,2,1,False,42
ABC-SMC,1536354.430379747,86.24105614448901,728232.0,40.87826061248779,0.5546129847779933,24.694584154078385,36.41182191864759,27.62499966096211,0.8078041013752157,10.332196757352579,0.7558826233769638,6.160347860630519,2,1,False,42
ABC-SMC,1539409.282700422,86.26383719062,729680.0,40.88905882835388,0.5546129847779933,24.694584154078385,36.41182191864759,27.62499966096211,0.8078041013752157,10.332196757352579,0.7558826233769638,6.160347860630519,2,1,False,42
ABC-SMC,1542464.135021097,86.2867304041416,731128.0,40.89991021156311,0.5546129847779933,24.694584154078385,36.41182191864759,27.62499966096211,0.8078041013752157,10.332196757352579,0.7558826233769638,6.160347860630519,2,1,False,42
ABC-SMC,1545518.987341772,86.30945813303758,732576.0,40.910683155059814,0.5546129847779933,24.694584154078385,36.41182191864759,27.62499966096211,0.8078041013752157,10.332196757352579,0.7558826233769638,6.160347860630519,2,1,False,42
ABC-SMC,1548573.839662447,86.33216825718618,734024.0,40.92144775390625,0.5546129847779933,24.694584154078385,36.41182191864759,27.62499966096211,0.8078041013752157,10.332196757352579,0.7558826233769638,6.160347860630519,2,1,False,42
ABC-SMC,1538644.3514644352,85.63228082457347,735472.0,40.93223023414612,0.5546129847779933,24.694584154078385,36.41182191864759,27.62499966096211,0.8078041013752157,10.332196757352579,0.7558826233769638,6.160347860630519,2,1,False,42
ABC-SMC,1528879.6680497925,84.94412552766285,736920.0,40.943068504333496,0.5546129847779933,24.694584154078385,36.41182191864759,27.62499966096211,0.8078041013752157,10.332196757352579,0.7558826233769638,6.160347860630519,2,1,False,42
ABC-SMC,1531883.8174273858,84.96650867937016,738368.0,40.95385718345642,0.5546129847779933,24.694584154078385,36.41182191864759,27.62499966096211,0.8078041013752157,10.332196757352579,0.7558826233769638,6.160347860630519,2,1,False,42
ABC-SMC,1534887.9668049791,84.98896355450896,739816.0,40.964680433273315,0.5546129847779933,24.694584154078385,36.41182191864759,27.62499966096211,0.8078041013752157,10.332196757352579,0.7558826233769638,6.160347860630519,2,1,False,42
ABC-SMC,1512783.673469388,83.62348517593072,741264.0,40.975507736206055,0.5546129847779933,24.694584154078385,36.41182191864759,27.62499966096211,0.8078041013752157,10.332196757352579,0.7558826233769638,6.160347860630519,2,1,False,42
ABC-SMC,1515738.775510204,83.6455690617464,742712.0,40.98632884025574,0.5546129847779933,24.694584154078385,36.41182191864759,27.62499966096211,0.8078041013752157,10.332196757352579,0.7558826233769638,6.160347860630519,2,1,False,42
ABC-SMC,1500322.5806451612,82.65567402685842,744160.0,40.99721431732178,0.5546129847779933,24.694584154078385,36.41182191864759,27.62499966096211,0.8078041013752157,10.332196757352579,0.7558826233769638,6.160347860630519,2,1,False,42
ABC-SMC,1497204.8192771084,82.34562117411909,745608.0,41.008119344711304,0.5546129847779933,24.694584154078385,36.41182191864759,27.62499966096211,0.8078041013752157,10.332196757352579,0.7558826233769638,6.160347860630519,2,1,False,42
ABC-SMC,1500112.4497991968,82.36737232131651,747056.0,41.018951416015625,0.5546129847779933,24.694584154078385,36.41182191864759,27.62499966096211,0.8078041013752157,10.332196757352579,0.7558826233769638,6.160347860630519,2,1,False,42
ABC-SMC,1485126.9841269841,81.40898271212501,748504.0,41.03012728691101,0.5546129847779933,24.694584154078385,36.41182191864759,27.62499966096211,0.8078041013752157,10.332196757352579,0.7558826233769638,6.160347860630519,2,1,False,42
ABC-SMC,1488000.0,81.43047255183023,749952.0,41.04095816612244,0.5546129847779933,24.694584154078385,36.41182191864759,27.62499966096211,0.8078041013752157,10.332196757352579,0.7558826233769638,6.160347860630519,2,1,False,42
ABC-SMC,1484980.2371541501,81.1301879732034,751400.0,41.05187511444092,0.5546129847779933,24.694584154078385,36.41182191864759,27.62499966096211,0.8078041013752157,10.332196757352579,0.7558826233769638,6.160347860630519,2,1,False,42
ABC-SMC,1487841.8972332014,81.15165177070105,752848.0,41.06273579597473,0.5546129847779933,24.694584154078385,36.41182191864759,27.62499966096211,0.8078041013752157,10.332196757352579,0.7558826233769638,6.160347860630519,2,1,False,42
ABC-SMC,1484834.6456692913,80.85347958437102,754296.0,41.073567628860474,0.5546129847779933,24.694584154078385,36.41182191864759,27.62499966096211,0.8078041013752157,10.332196757352579,0.7558826233769638,6.160347860630519,2,1,False,42
ABC-SMC,1481850.9803921569,80.55772033392213,755744.0,41.08443737030029,0.5546129847779933,24.694584154078385,36.41182191864759,27.62499966096211,0.8078041013752157,10.332196757352579,0.7558826233769638,6.160347860630519,2,1,False,42
ABC-SMC,1478890.625,80.26426238939166,757192.0,41.09530234336853,0.5546129847779933,24.694584154078385,36.41182191864759,27.62499966096211,0.8078041013752157,10.332196757352579,0.7558826233769638,6.160347860630519,2,1,False,42
ABC-SMC,1475953.307392996,79.97306126101007,758640.0,41.10615348815918,0.5546129847779933,24.694584154078385,36.41182191864759,27.62499966096211,0.8078041013752157,10.332196757352579,0.7558826233769638,6.160347860630519,2,1,False,42
ABC-SMC,1473038.7596899224,79.68399783437566,760088.0,41.11694288253784,0.5546129847779933,24.694584154078385,36.41182191864759,27.62499966096211,0.8078041013752157,10.332196757352579,0.7558826233769638,6.160347860630519,2,1,False,42
ABC-SMC,1470146.718146718,79.39725630992167,761536.0,41.12777876853943,0.5546129847779933,24.694584154078385,36.41182191864759,27.62499966096211,0.8078041013752157,10.332196757352579,0.7558826233769638,6.160347860630519,2,1,False,42
ABC-SMC,1472942.084942085,79.41802081914481,762984.0,41.13853478431702,0.5546129847779933,24.694584154078385,36.41182191864759,27.62499966096211,0.8078041013752157,10.332196757352579,0.7558826233769638,6.160347860630519,2,1,False,42
ABC-SMC,1475737.4517374516,79.43898646527737,764432.0,41.14939498901367,0.5546129847779933,24.694584154078385,36.41182191864759,27.62499966096211,0.8078041013752157,10.332196757352579,0.7558826233769638,6.160347860630519,2,1,False,42
ABC-SMC,1472846.1538461538,79.15432682404152,765880.0,41.16024994850159,0.5546129847779933,24.694584154078385,36.41182191864759,27.62499966096211,0.8078041013752157,10.332196757352579,0.7558826233769638,6.160347860630519,2,1,False,42
ABC-SMC,1469977.0114942528,78.8716507140704,767328.0,41.17100167274475,0.5546129847779933,24.694584154078385,36.41182191864759,27.62499966096211,0.8078041013752157,10.332196757352579,0.7558826233769638,6.160347860630519,2,1,False,42
ABC-SMC,1472750.9578544062,78.89247397353365,768776.0,41.18187141418457,0.5546129847779933,24.694584154078385,36.41182191864759,27.62499966096211,0.8078041013752157,10.332196757352579,0.7558826233769638,6.160347860630519,2,1,False,42
ABC-SMC,1475524.9042145594,78.91322050058065,770224.0,41.1927011013031,0.5546129847779933,24.694584154078385,36.41182191864759,27.62499966096211,0.8078041013752157,10.332196757352579,0.7558826233769638,6.160347860630519,2,1,False,42
ABC-SMC,1478298.8505747125,78.93395469563218,771672.0,41.203524351119995,0.5546129847779933,24.694584154078385,36.41182191864759,27.62499966096211,0.8078041013752157,10.332196757352579,0.7558826233769638,6.160347860630519,2,1,False,42
ABC-SMC,1481072.7969348659,78.95468843394313,773120.0,41.21434736251831,0.5546129847779933,24.694584154078385,36.41182191864759,27.62499966096211,0.8078041013752157,10.332196757352579,0.7558826233769638,6.160347860630519,2,1,False,42
ABC-SMC,1483846.7432950193,78.97536827686646,774568.0,41.22514224052429,0.5546129847779933,24.694584154078385,36.41182191864759,27.62499966096211,0.8078041013752157,10.332196757352579,0.7558826233769638,6.160347860630519,2,1,False,42
ABC-SMC,1475315.5893536122,78.39553528412213,776016.0,41.23605155944824,0.5546129847779933,24.694584154078385,36.41182191864759,27.62499966096211,0.8078041013752157,10.332196757352579,0.7558826233769638,6.160347860630519,2,1,False,42
ABC-SMC,1478068.4410646388,78.41611724389371,777464.0,41.246877670288086,0.5546129847779933,24.694584154078385,36.41182191864759,27.62499966096211,0.8078041013752157,10.332196757352579,0.7558826233769638,6.160347860630519,2,1,False,42
ABC-SMC,1480821.2927756654,78.43668333931114,778912.0,41.25769543647766,0.5546129847779933,24.694584154078385,36.41182191864759,27.62499966096211,0.8078041013752157,10.332196757352579,0.7558826233769638,6.160347860630519,2,1,False,42
ABC-SMC,1483574.144486692,78.45727255135888,780360.0,41.26852536201477,0.5546129847779933,24.694584154078385,36.41182191864759,27.62499966096211,0.8078041013752157,10.332196757352579,0.7558826233769638,6.160347860630519,2,1,False,42
ABC-SMC,1480696.9696969697,78.18061610062917,781808.0,41.2793653011322,0.5546129847779933,24.694584154078385,36.41182191864759,27.62499966096211,0.8078041013752157,10.332196757352579,0.7558826233769638,6.160347860630519,2,1,False,42
ABC-SMC,1477841.5094339624,77.9061420908514,783256.0,41.290255308151245,0.5546129847779933,24.694584154078385,36.41182191864759,27.62499966096211,0.8078041013752157,10.332196757352579,0.7558826233769638,6.160347860630519,2,1,False,42
ABC-SMC,1475007.5187969925,77.63377481833436,784704.0,41.30116820335388,0.5546129847779933,24.694584154078385,36.41182191864759,27.62499966096211,0.8078041013752157,10.332196757352579,0.7558826233769638,6.160347860630519,2,1,False,42
ABC-SMC,1472194.7565543072,77.363440606478,786152.0,41.31207728385925,0.5546129847779933,24.694584154078385,36.41182191864759,27.62499966096211,0.8078041013752157,10.332196757352579,0.7558826233769638,6.160347860630519,2,1,False,42
ABC-SMC,1474906.3670411985,77.38371422228295,787600.0,41.3229033946991,0.5546129847779933,24.694584154078385,36.41182191864759,27.62499966096211,0.8078041013752157,10.332196757352579,0.7558826233769638,6.160347860630519,2,1,False,42
ABC-SMC,1472104.4776119404,77.115299096748,789048.0,41.333800315856934,0.5546129847779933,24.694584154078385,36.41182191864759,27.62499966096211,0.8078041013752157,10.332196757352579,0.7558826233769638,6.160347860630519,2,1,False,42
ABC-SMC,1474805.9701492537,77.13563228721048,790496.0,41.344698905944824,0.5546129847779933,24.694584154078385,36.41182191864759,27.62499966096211,0.8078041013752157,10.332196757352579,0.7558826233769638,6.160347860630519,2,1,False,42
ABC-SMC,1472014.8698884759,76.86899763057667,791944.0,41.355520725250244,0.5546129847779933,24.694584154078385,36.41182191864759,27.62499966096211,0.8078041013752157,10.332196757352579,0.7558826233769638,6.160347860630519,2,1,False,42
ABC-SMC,1463822.8782287822,76.32180773464076,793392.0,41.36641979217529,0.5546129847779933,24.694584154078385,36.41182191864759,27.62499966096211,0.8078041013752157,10.332196757352579,0.7558826233769638,6.160347860630519,2,1,False,42
ABC-SMC,1466494.4649446495,76.34182785709847,794840.0,41.37727069854736,0.5546129847779933,24.694584154078385,36.41182191864759,27.62499966096211,0.8078041013752157,10.332196757352579,0.7558826233769638,6.160347860630519,2,1,False,42
ABC-SMC,1469166.0516605165,76.36199534159304,796288.0,41.38820147514343,0.5546129847779933,24.694584154078385,36.41182191864759,27.62499966096211,0.8078041013752157,10.332196757352579,0.7558826233769638,6.160347860630519,2,1,False,42
ABC-SMC,1471837.6383763836,76.38201106518397,797736.0,41.39904999732971,0.5546129847779933,24.694584154078385,36.41182191864759,27.62499966096211,0.8078041013752157,10.332196757352579,0.7558826233769638,6.160347860630519,2,1,False,42
ABC-SMC,1469088.2352941176,76.1211707311518,799184.0,41.40991687774658,0.5546129847779933,24.694584154078385,36.41182191864759,27.62499966096211,0.8078041013752157,10.332196757352579,0.7558826233769638,6.160347860630519,2,1,False,42
ABC-SMC,1466358.9743589743,75.8622347653567,800632.0,41.420780181884766,0.5546129847779933,24.694584154078385,36.41182191864759,27.62499966096211,0.8078041013752157,10.332196757352579,0.7558826233769638,6.160347860630519,2,1,False,42
ABC-SMC,1469010.989010989,75.88202656407059,802080.0,41.431586503982544,0.5546129847779933,24.694584154078385,36.41182191864759,27.62499966096211,0.8078041013752157,10.332196757352579,0.7558826233769638,6.160347860630519,2,1,False,42
ABC-SMC,1460960.0,75.3499243476174,803528.0,41.442458391189575,0.5546129847779933,24.694584154078385,36.41182191864759,27.62499966096211,0.8078041013752157,10.332196757352579,0.7558826233769638,6.160347860630519,2,1,False,42
ABC-SMC,1458289.8550724639,75.0965869081193,804976.0,41.45331597328186,0.5546129847779933,24.694584154078385,36.41182191864759,27.62499966096211,0.8078041013752157,10.332196757352579,0.7558826233769638,6.160347860630519,2,1,False,42
ABC-SMC,1460913.0434782607,75.11634541594464,806424.0,41.46422266960144,0.5546129847779933,24.694584154078385,36.41182191864759,27.62499966096211,0.8078041013752157,10.332196757352579,0.7558826233769638,6.160347860630519,2,1,False,42
ABC-SMC,1463536.231884058,75.13591172038645,807872.0,41.47502326965332,0.5546129847779933,24.694584154078385,36.41182191864759,27.62499966096211,0.8078041013752157,10.332196757352579,0.7558826233769638,6.160347860630519,2,1,False,42
ABC-SMC,1466159.420289855,75.15546204387277,809320.0,41.48581504821777,0.5546129847779933,24.694584154078385,36.41182191864759,27.62499966096211,0.8078041013752157,10.332196757352579,0.7558826233769638,6.160347860630519,2,1,False,42
ABC-SMC,1468782.6086956523,75.1751328724018,810768.0,41.496673345565796,0.5546129847779933,24.694584154078385,36.41182191864759,27.62499966096211,0.8078041013752157,10.332196757352579,0.7558826233769638,6.160347860630519,2,1,False,42
ABC-SMC,1460820.143884892,74.6537661380905,812216.0,41.50749397277832,0.5546129847779933,24.694584154078385,36.41182191864759,27.62499966096211,0.8078041013752157,10.332196757352579,0.7558826233769638,6.160347860630519,2,1,False,42
ABC-SMC,1463424.4604316547,74.673159945783,813664.0,41.51827692985535,0.5546129847779933,24.694584154078385,36.41182191864759,27.62499966096211,0.8078041013752157,10.332196757352579,0.7558826233769638,6.160347860630519,2,1,False,42
ABC-SMC,1466028.7769784173,74.69259577689411,815112.0,41.529083251953125,0.5546129847779933,24.694584154078385,36.41182191864759,27.62499966096211,0.8078041013752157,10.332196757352579,0.7558826233769638,6.160347860630519,2,1,False,42
ABC-SMC,1463369.1756272402,74.44425765758774,816560.0,41.53989577293396,0.5546129847779933,24.694584154078385,36.41182191864759,27.62499966096211,0.8078041013752157,10.332196757352579,0.7558826233769638,6.160347860630519,2,1,False,42
ABC-SMC,1465964.157706093,74.46367680812823,818008.0,41.55073165893555,0.5546129847779933,24.694584154078385,36.41182191864759,27.62499966096211,0.8078041013752157,10.332196757352579,0.7558826233769638,6.160347860630519,2,1,False,42
ABC-SMC,1463314.2857142857,74.2170240197863,819456.0,41.56153345108032,0.5546129847779933,24.694584154078385,36.41182191864759,27.62499966096211,0.8078041013752157,10.332196757352579,0.7558826233769638,6.160347860630519,2,1,False,42
ABC-SMC,1465900.0,74.23630995409829,820904.0,41.572333574295044,0.5546129847779933,24.694584154078385,36.41182191864759,27.62499966096211,0.8078041013752157,10.332196757352579,0.7558826233769638,6.160347860630519,2,1,False,42
ABC-SMC,1452918.7279151944,73.46849011869396,822352.0,41.583165407180786,0.5546129847779933,24.694584154078385,36.41182191864759,27.62499966096211,0.8078041013752157,10.332196757352579,0.7558826233769638,6.160347860630519,2,1,False,42
ABC-SMC,1445263.1578947369,72.97194422337047,823800.0,41.59400820732117,0.5546129847779933,24.694584154078385,36.41182191864759,27.62499966096211,0.8078041013752157,10.332196757352579,0.7558826233769638,6.160347860630519,2,1,False,42
ABC-SMC,1447803.5087719297,72.99097671843411,825248.0,41.604856729507446,0.5546129847779933,24.694584154078385,36.41182191864759,27.62499966096211,0.8078041013752157,10.332196757352579,0.7558826233769638,6.160347860630519,2,1,False,42
ABC-SMC,1450343.8596491227,73.00991342778791,826696.0,41.61565065383911,0.5546129847779933,24.694584154078385,36.41182191864759,27.62499966096211,0.8078041013752157,10.332196757352579,0.7558826233769638,6.160347860630519,2,1,False,42
ABC-SMC,1452884.210526316,73.02888778218052,828144.0,41.626466035842896,0.5546129847779933,24.694584154078385,36.41182191864759,27.62499966096211,0.8078041013752157,10.332196757352579,0.7558826233769638,6.160347860630519,2,1,False,42
ABC-SMC,1450335.6643356644,72.79272763045518,829592.0,41.63744020462036,0.5546129847779933,24.694584154078385,36.41182191864759,27.62499966096211,0.8078041013752157,10.332196757352579,0.7558826233769638,6.160347860630519,2,1,False,42
ABC-SMC,1442777.7777777778,72.3062621222602,831040.0,41.648406982421875,0.5546129847779933,24.694584154078385,36.41182191864759,27.62499966096211,0.8078041013752157,10.332196757352579,0.7558826233769638,6.160347860630519,2,1,False,42
ABC-SMC,1445291.6666666667,72.32494983408186,832488.0,41.65917110443115,0.5546129847779933,24.694584154078385,36.41182191864759,27.62499966096211,0.8078041013752157,10.332196757352579,0.7558826233769638,6.160347860630519,2,1,False,42
ABC-SMC,1447805.5555555557,72.3438027004401,833936.0,41.67003035545349,0.5546129847779933,24.694584154078385,36.41182191864759,27.62499966096211,0.8078041013752157,10.332196757352579,0.7558826233769638,6.160347860630519,2,1,False,42
ABC-SMC,1445301.0380622835,72.11227152999297,835384.0,41.68089294433594,0.5546129847779933,24.694584154078385,36.41182191864759,27.62499966096211,0.8078041013752157,10.332196757352579,0.7558826233769638,6.160347860630519,2,1,False,42
ABC-SMC,1447806.2283737024,72.13101090031924,836832.0,41.69172430038452,0.5546129847779933,24.694584154078385,36.41182191864759,27.62499966096211,0.8078041013752157,10.332196757352579,0.7558826233769638,6.160347860630519,2,1,False,42
ABC-SMC,1445310.3448275863,71.9008889691583,838280.0,41.702515602111816,0.5546129847779933,24.694584154078385,36.41182191864759,27.62499966096211,0.8078041013752157,10.332196757352579,0.7558826233769638,6.160347860630519,2,1,False,42
ABC-SMC,1437890.410958904,71.42709052726013,839728.0,41.71342086791992,0.5546129847779933,24.694584154078385,36.41182191864759,27.62499966096211,0.8078041013752157,10.332196757352579,0.7558826233769638,6.160347860630519,2,1,False,42
ABC-SMC,1435453.9249146758,71.20183873095203,841176.0,41.72427749633789,0.5546129847779933,24.694584154078385,36.41182191864759,27.62499966096211,0.8078041013752157,10.332196757352579,0.7558826233769638,6.160347860630519,2,1,False,42
ABC-SMC,1433034.0136054421,70.97825995918845,842624.0,41.73521685600281,0.5546129847779933,24.694584154078385,36.41182191864759,27.62499966096211,0.8078041013752157,10.332196757352579,0.7558826233769638,6.160347860630519,2,1,False,42
ABC-SMC,1435496.5986394556,70.99679862560869,844072.0,41.74611759185791,0.5546129847779933,24.694584154078385,36.41182191864759,27.62499966096211,0.8078041013752157,10.332196757352579,0.7558826233769638,6.160347860630519,2,1,False,42
ABC-SMC,1428243.2432432433,70.53540848396919,845520.0,41.756961822509766,0.5546129847779933,24.694584154078385,36.41182191864759,27.62499966096211,0.8078041013752157,10.332196757352579,0.7558826233769638,6.160347860630519,2,1,False,42
ABC-SMC,1425872.0538720537,70.31619107281719,846968.0,41.76781749725342,0.5546129847779933,24.694584154078385,36.41182191864759,27.62499966096211,0.8078041013752157,10.332196757352579,0.7558826233769638,6.160347860630519,2,1,False,42
ABC-SMC,1428309.7643097641,70.33440801832411,848416.0,41.77863836288452,0.5546129847779933,24.694584154078385,36.41182191864759,27.62499966096211,0.8078041013752157,10.332196757352579,0.7558826233769638,6.160347860630519,2,1,False,42
ABC-SMC,1425946.3087248323,70.11655393062823,849864.0,41.78946614265442,0.5546129847779933,24.694584154078385,36.41182191864759,27.62499966096211,0.8078041013752157,10.332196757352579,0.7558826233769638,6.160347860630519,2,1,False,42
ABC-SMC,1418853.3333333333,69.66723759969075,851312.0,41.80034255981445,0.5546129847779933,24.694584154078385,36.41182191864759,27.62499966096211,0.8078041013752157,10.332196757352579,0.7558826233769638,6.160347860630519,2,1,False,42
ABC-SMC,1421266.6666666667,69.68541344006857,852760.0,41.81124806404114,0.5546129847779933,24.694584154078385,36.41182191864759,27.62499966096211,0.8078041013752157,10.332196757352579,0.7558826233769638,6.160347860630519,2,1,False,42
ABC-SMC,1423680.0,69.70344305038452,854208.0,41.82206583023071,0.5546129847779933,24.694584154078385,36.41182191864759,27.62499966096211,0.8078041013752157,10.332196757352579,0.7558826233769638,6.160347860630519,2,1,False,42
ABC-SMC,1426093.3333333333,69.72147425015768,855656.0,41.832884550094604,0.5546129847779933,24.694584154078385,36.41182191864759,27.62499966096211,0.8078041013752157,10.332196757352579,0.7558826233769638,6.160347860630519,2,1,False,42
ABC-SMC,1423760.7973421928,69.50778501770425,857104.0,41.84368658065796,0.5546129847779933,24.694584154078385,36.41182191864759,27.62499966096211,0.8078041013752157,10.332196757352579,0.7558826233769638,6.160347860630519,2,1,False,42
ABC-SMC,1426166.1129568105,69.5257369069958,858552.0,41.854493618011475,0.5546129847779933,24.694584154078385,36.41182191864759,27.62499966096211,0.8078041013752157,10.332196757352579,0.7558826233769638,6.160347860630519,2,1,False,42
ABC-SMC,1428571.4285714286,69.54373038092325,860000.0,41.865325689315796,0.5546129847779933,24.694584154078385,36.41182191864759,27.62499966096211,0.8078041013752157,10.332196757352579,0.7558826233769638,6.160347860630519,2,1,False,42
ABC-SMC,1426238.4105960266,69.33130728487936,861448.0,41.87610960006714,0.5546129847779933,24.694584154078385,36.41182191864759,27.62499966096211,0.8078041013752157,10.332196757352579,0.7558826233769638,6.160347860630519,2,1,False,42
ABC-SMC,1428635.761589404,69.34919854663066,862896.0,41.88691592216492,0.5546129847779933,24.694584154078385,36.41182191864759,27.62499966096211,0.8078041013752157,10.332196757352579,0.7558826233769638,6.160347860630519,2,1,False,42
ABC-SMC,1421618.4210526317,68.91073325746937,864344.0,41.89772582054138,0.5546129847779933,24.694584154078385,36.41182191864759,27.62499966096211,0.8078041013752157,10.332196757352579,0.7558826233769638,6.160347860630519,2,1,False,42
ABC-SMC,1424000.0,68.92881032667663,865792.0,41.908716678619385,0.5546129847779933,24.694584154078385,36.41182191864759,27.62499966096211,0.8078041013752157,10.332196757352579,0.7558826233769638,6.160347860630519,2,1,False,42
ABC-SMC,1426381.5789473683,68.94650231850774,867240.0,41.91947340965271,0.5546129847779933,24.694584154078385,36.41182191864759,27.62499966096211,0.8078041013752157,10.332196757352579,0.7558826233769638,6.160347860630519,2,1,False,42
ABC-SMC,1424078.6885245903,68.73821547774017,868688.0,41.93031144142151,0.5546129847779933,24.694584154078385,36.41182191864759,27.62499966096211,0.8078041013752157,10.332196757352579,0.7558826233769638,6.160347860630519,2,1,False,42
ABC-SMC,1426452.4590163934,68.75592255201497,870136.0,41.941112756729126,0.5546129847779933,24.694584154078385,36.41182191864759,27.62499966096211,0.8078041013752157,10.332196757352579,0.7558826233769638,6.160347860630519,2,1,False,42
ABC-SMC,1419517.9153094462,68.32586165748124,871584.0,41.95207905769348,0.5546129847779933,24.694584154078385,36.41182191864759,27.62499966096211,0.8078041013752157,10.332196757352579,0.7558826233769638,6.160347860630519,2,1,False,42
ABC-SMC,1417259.7402597403,68.12167516002407,873032.0,41.96295189857483,0.5546129847779933,24.694584154078385,36.41182191864759,27.62499966096211,0.8078041013752157,10.332196757352579,0.7558826233769638,6.160347860630519,2,1,False,42
ABC-SMC,1415016.1812297737,67.91884767970608,874480.0,41.97384786605835,0.5546129847779933,24.694584154078385,36.41182191864759,27.62499966096211,0.8078041013752157,10.332196757352579,0.7558826233769638,6.160347860630519,2,1,False,42
ABC-SMC,1417359.2233009709,67.93637298843235,875928.0,41.984678506851196,0.5546129847779933,24.694584154078385,36.41182191864759,27.62499966096211,0.8078041013752157,10.332196757352579,0.7558826233769638,6.160347860630519,2,1,False,42
ABC-SMC,1419702.2653721683,67.95395192204941,877376.0,41.99554228782654,0.5546129847779933,24.694584154078385,36.41182191864759,27.62499966096211,0.8078041013752157,10.332196757352579,0.7558826233769638,6.160347860630519,2,1,False,42
ABC-SMC,1422045.3074433657,67.97158293739491,878824.0,42.00643825531006,0.5546129847779933,24.694584154078385,36.41182191864759,27.62499966096211,0.8078041013752157,10.332196757352579,0.7558826233769638,6.160347860630519,2,1,False,42
ABC-SMC,1419793.5483870967,67.7698839095331,880272.0,42.01732802391052,0.5546129847779933,24.694584154078385,36.41182191864759,27.62499966096211,0.8078041013752157,10.332196757352579,0.7558826233769638,6.160347860630519,2,1,False,42
ABC-SMC,1422129.0322580647,67.78732692041704,881720.0,42.02814269065857,0.5546129847779933,24.694584154078385,36.41182191864759,27.62499966096211,0.8078041013752157,10.332196757352579,0.7558826233769638,6.160347860630519,2,1,False,42
ABC-SMC,1419884.2443729904,67.5867922436386,883168.0,42.03898477554321,0.5546129847779933,24.694584154078385,36.41182191864759,27.62499966096211,0.8078041013752157,10.332196757352579,0.7558826233769638,6.160347860630519,2,1,False,42
ABC-SMC,1422212.2186495175,67.60426311247602,884616.0,42.04985165596008,0.5546129847779933,24.694584154078385,36.41182191864759,27.62499966096211,0.8078041013752157,10.332196757352579,0.7558826233769638,6.160347860630519,2,1,False,42
ABC-SMC,1424540.192926045,67.62164888657941,886064.0,42.06066560745239,0.5546129847779933,24.694584154078385,36.41182191864759,27.62499966096211,0.8078041013752157,10.332196757352579,0.7558826233769638,6.160347860630519,2,1,False,42
ABC-SMC,1426868.1672025723,67.63905344285382,887512.0,42.07149124145508,0.5546129847779933,24.694584154078385,36.41182191864759,27.62499966096211,0.8078041013752157,10.332196757352579,0.7558826233769638,6.160347860630519,2,1,False,42
ABC-SMC,1429196.1414790996,67.65638018727687,888960.0,42.082268476486206,0.5546129847779933,24.694584154078385,36.41182191864759,27.62499966096211,0.8078041013752157,10.332196757352579,0.7558826233769638,6.160347860630519,2,1,False,42
ABC-SMC,1431524.115755627,67.67373491330163,890408.0,42.09306311607361,0.5546129847779933,24.694584154078385,36.41182191864759,27.62499966096211,0.8078041013752157,10.332196757352579,0.7558826233769638,6.160347860630519,2,1,False,42
ABC-SMC,1433852.0900321545,67.69114905231635,891856.0,42.10389471054077,0.5546129847779933,24.694584154078385,36.41182191864759,27.62499966096211,0.8078041013752157,10.332196757352579,0.7558826233769638,6.160347860630519,2,1,False,42
ABC-SMC,1436180.0643086818,67.70853482641974,893304.0,42.11470866203308,0.5546129847779933,24.694584154078385,36.41182191864759,27.62499966096211,0.8078041013752157,10.332196757352579,0.7558826233769638,6.160347860630519,2,1,False,42
ABC-SMC,1438508.038585209,67.7258891691349,894752.0,42.125503063201904,0.5546129847779933,24.694584154078385,36.41182191864759,27.62499966096211,0.8078041013752157,10.332196757352579,0.7558826233769638,6.160347860630519,2,1,False,42
ABC-SMC,1436217.9487179487,67.52616549149538,896200.0,42.136327266693115,0.5546129847779933,24.694584154078385,36.41182191864759,27.62499966096211,0.8078041013752157,10.332196757352579,0.7558826233769638,6.160347860630519,2,1,False,42
ABC-SMC,1433942.4920127795,67.32775228092083,897648.0,42.147172927856445,0.5546129847779933,24.694584154078385,36.41182191864759,27.62499966096211,0.8078041013752157,10.332196757352579,0.7558826233769638,6.160347860630519,2,1,False,42
ABC-SMC,1431681.5286624203,67.13056564331055,899096.0,42.15799522399902,0.5546129847779933,24.694584154078385,36.41182191864759,27.62499966096211,0.8078041013752157,10.332196757352579,0.7558826233769638,6.160347860630519,2,1,False,42
ABC-SMC,1433987.2611464967,67.14781720167512,900544.0,42.16882920265198,0.5546129847779933,24.694584154078385,36.41182191864759,27.62499966096211,0.8078041013752157,10.332196757352579,0.7558826233769638,6.160347860630519,2,1,False,42
ABC-SMC,1427202.5316455697,66.74011938179595,901992.0,42.179755449295044,0.5546129847779933,24.694584154078385,36.41182191864759,27.62499966096211,0.8078041013752157,10.332196757352579,0.7558826233769638,6.160347860630519,2,1,False,42
ABC-SMC,1429493.670886076,66.75721346577511,903440.0,42.19055891036987,0.5546129847779933,24.694584154078385,36.41182191864759,27.62499966096211,0.8078041013752157,10.332196757352579,0.7558826233769638,6.160347860630519,2,1,False,42
ABC-SMC,1431784.8101265822,66.77436602266529,904888.0,42.20139932632446,0.5546129847779933,24.694584154078385,36.41182191864759,27.62499966096211,0.8078041013752157,10.332196757352579,0.7558826233769638,6.160347860630519,2,1,False,42
ABC-SMC,1434075.9493670887,66.79147972336298,906336.0,42.212215185165405,0.5546129847779933,24.694584154078385,36.41182191864759,27.62499966096211,0.8078041013752157,10.332196757352579,0.7558826233769638,6.160347860630519,2,1,False,42
ABC-SMC,1436367.0886075948,66.8086047413983,907784.0,42.22303819656372,0.5546129847779933,24.694584154078385,36.41182191864759,27.62499966096211,0.8078041013752157,10.332196757352579,0.7558826233769638,6.160347860630519,2,1,False,42
ABC-SMC,1438658.2278481012,66.82567128652259,909232.0,42.233824253082275,0.5546129847779933,24.694584154078385,36.41182191864759,27.62499966096211,0.8078041013752157,10.332196757352579,0.7558826233769638,6.160347860630519,2,1,False,42
ABC-SMC,1440949.3670886077,66.84279102313367,910680.0,42.24464392662048,0.5546129847779933,24.694584154078385,36.41182191864759,27.62499966096211,0.8078041013752157,10.332196757352579,0.7558826233769638,6.160347860630519,2,1,False,42
ABC-SMC,1438687.6971608833,66.64902629912464,912128.0,42.25548267364502,0.5546129847779933,24.694584154078385,36.41182191864759,27.62499966096211,0.8078041013752157,10.332196757352579,0.7558826233769638,6.160347860630519,2,1,False,42
ABC-SMC,1431937.304075235,66.2481418597661,913576.0,42.26631450653076,0.5546129847779933,24.694584154078385,36.41182191864759,27.62499966096211,0.8078041013752157,10.332196757352579,0.7558826233769638,6.160347860630519,2,1,False,42
ABC-SMC,1434206.8965517243,66.26505687318999,915024.0,42.277106285095215,0.5546129847779933,24.694584154078385,36.41182191864759,27.62499966096211,0.8078041013752157,10.332196757352579,0.7558826233769638,6.160347860630519,2,1,False,42
ABC-SMC,1436476.489028213,66.2819890766682,916472.0,42.28790903091431,0.5546129847779933,24.694584154078385,36.41182191864759,27.62499966096211,0.8078041013752157,10.332196757352579,0.7558826233769638,6.160347860630519,2,1,False,42
ABC-SMC,1434250.0,66.09181724488735,917920.0,42.298763036727905,0.5546129847779933,24.694584154078385,36.41182191864759,27.62499966096211,0.8078041013752157,10.332196757352579,0.7558826233769638,6.160347860630519,2,1,False,42
ABC-SMC,1432037.38317757,65.90278609148068,919368.0,42.30958867073059,0.5546129847779933,24.694584154078385,36.41182191864759,27.62499966096211,0.8078041013752157,10.332196757352579,0.7558826233769638,6.160347860630519,2,1,False,42
ABC-SMC,1425411.7647058824,65.51146544170085,920816.0,42.320406675338745,0.5546129847779933,24.694584154078385,36.41182191864759,27.62499966096211,0.8078041013752157,10.332196757352579,0.7558826233769638,6.160347860630519,2,1,False,42
ABC-SMC,1427653.2507739938,65.52819201820775,922264.0,42.33121204376221,0.5546129847779933,24.694584154078385,36.41182191864759,27.62499966096211,0.8078041013752157,10.332196757352579,0.7558826233769638,6.160347860630519,2,1,False,42
ABC-SMC,1425481.4814814816,65.3427243232727,923712.0,42.34208536148071,0.5546129847779933,24.694584154078385,36.41182191864759,27.62499966096211,0.8078041013752157,10.332196757352579,0.7558826233769638,6.160347860630519,2,1,False,42
ABC-SMC,1427716.049382716,65.35941951068831,925160.0,42.352903842926025,0.5546129847779933,24.694584154078385,36.41182191864759,27.62499966096211,0.8078041013752157,10.332196757352579,0.7558826233769638,6.160347860630519,2,1,False,42
ABC-SMC,1429950.6172839506,65.37619968991221,926608.0,42.36377739906311,0.5546129847779933,24.694584154078385,36.41182191864759,27.62499966096211,0.8078041013752157,10.332196757352579,0.7558826233769638,6.160347860630519,2,1,False,42
ABC-SMC,1432185.1851851852,65.39297287846789,928056.0,42.37464642524719,0.5546129847779933,24.694584154078385,36.41182191864759,27.62499966096211,0.8078041013752157,10.332196757352579,0.7558826233769638,6.160347860630519,2,1,False,42
ABC-SMC,1434419.7530864198,65.40966549037415,929504.0,42.38546323776245,0.5546129847779933,24.694584154078385,36.41182191864759,27.62499966096211,0.8078041013752157,10.332196757352579,0.7558826233769638,6.160347860630519,2,1,False,42
ABC-SMC,1427840.490797546,65.02538041834451,930952.0,42.39654803276062,0.5546129847779933,24.694584154078385,36.41182191864759,27.62499966096211,0.8078041013752157,10.332196757352579,0.7558826233769638,6.160347860630519,2,1,False,42
ABC-SMC,1421341.463414634,64.6453659708907,932400.0,42.4073600769043,0.5546129847779933,24.694584154078385,36.41182191864759,27.62499966096211,0.8078041013752157,10.332196757352579,0.7558826233769638,6.160347860630519,2,1,False,42
ABC-SMC,1419221.8844984802,64.4653611632466,933848.0,42.41820764541626,0.5546129847779933,24.694584154078385,36.41182191864759,27.62499966096211,0.8078041013752157,10.332196757352579,0.7558826233769638,6.160347860630519,2,1,False,42
ABC-SMC,1421422.4924012157,64.48175189705242,935296.0,42.4289927482605,0.5546129847779933,24.694584154078385,36.41182191864759,27.62499966096211,0.8078041013752157,10.332196757352579,0.7558826233769638,6.160347860630519,2,1,False,42
ABC-SMC,1419309.0909090908,64.30285229827419,936744.0,42.43988251686096,0.5546129847779933,24.694584154078385,36.41182191864759,27.62499966096211,0.8078041013752157,10.332196757352579,0.7558826233769638,6.160347860630519,2,1,False,42
ABC-SMC,1421503.0303030303,64.31929812286839,938192.0,42.45073676109314,0.5546129847779933,24.694584154078385,36.41182191864759,27.62499966096211,0.8078041013752157,10.332196757352579,0.7558826233769638,6.160347860630519,2,1,False,42
ABC-SMC,1423696.9696969697,64.33575008854723,939640.0,42.46159505844116,0.5546129847779933,24.694584154078385,36.41182191864759,27.62499966096211,0.8078041013752157,10.332196757352579,0.7558826233769638,6.160347860630519,2,1,False,42
ABC-SMC,1417301.204819277,63.964493303413846,941088.0,42.4724235534668,0.5546129847779933,24.694584154078385,36.41182191864759,27.62499966096211,0.8078041013752157,10.332196757352579,0.7558826233769638,6.160347860630519,2,1,False,42
ABC-SMC,1419370.4819277108,64.35644411178956,942462.0,42.73267889022827,0.5545836501402334,24.681316022346916,36.461620203323925,27.62499966096138,0.7948371637874481,10.339092794584829,0.7497918914348256,6.163601292985171,2,1,False,42
ABC-SMC,1421385.5421686748,64.84733037201755,943800.0,43.05862736701965,0.552768424468645,24.689489023479183,36.47311667953916,27.62499966096144,0.793591037696803,10.33657278912504,0.7489309878727313,6.162094189831769,2,1,False,42
ABC-SMC,1423298.1927710844,65.38827017129185,945070.0,43.41781139373779,0.5520944688901325,24.71761059638092,36.4523569306683,27.62499966096194,0.798142966266087,10.325793595975487,0.7509129459355627,6.155957863699067,2,1,False,42
ABC-SMC,1425132.530120482,65.41918343808277,946288.0,43.43833780288696,0.5495299865758085,24.72134747647665,36.497305528362915,27.62499966096162,0.7888968316079874,10.324750339523925,0.7482937506892492,6.155155580226238,2,1,False,42
ABC-SMC,1426879.5180722892,65.44670462608337,947448.0,43.45661187171936,0.5482272595708788,24.738476413256738,36.48517190052925,27.62499966096164,0.7946447340921171,10.319571595177463,0.7477573703148328,6.152229150267761,2,1,False,42
ABC-SMC,1428539.156626506,65.46791849366154,948550.0,43.47069787979126,0.5455536302016806,24.73232675172716,36.51869217014049,27.624999660961212,0.7926581109003641,10.309095921214732,0.7434700698569067,6.1460538112458085,2,1,False,42
ABC-SMC,1430114.4578313252,65.48558588487556,949596.0,43.48242902755737,0.5431657082632155,24.762968091054127,36.459463235975775,27.624999660962747,0.8210567682289192,10.299625512569808,0.7482705174618637,6.1414384529099175,2,1,False,42
ABC-SMC,2114657.777777778,96.66020552317302,951596.0,43.497092485427856,0.5412219495620602,24.68443805085152,36.42980486547255,27.62499966096069,0.8042863694538489,10.295748252604579,0.7493939373772917,6.138944154921929,2,1,False,42
ABC-SMC,2118946.6666666665,97.42494795057509,953526.0,43.84122657775879,0.5386752387784804,24.692792744352026,36.4600631688091,27.624999660960633,0.7981938577419206,10.29297406538348,0.7473430555623674,6.137144613936956,2,1,False,42
ABC-SMC,2104317.18061674,97.36100377490342,955360.0,44.20189571380615,0.5367706243273781,24.69914990279931,36.51191155734519,27.62499966096077,0.7900516374792212,10.285858890620853,0.7425956773729662,6.132925230886058,2,1,False,42
ABC-SMC,2108154.1850220263,98.14897980458936,957102.0,44.55963683128357,0.5323350612169325,24.699710217861785,36.555829355099476,27.62499966098166,0.786179234936852,10.2812218997035,0.7404568717323526,6.130264958259402,2,1,False,42
ABC-SMC,2102657.8947368423,97.76526062112104,958812.0,44.5809588432312,0.5309779813167722,24.709160619880723,36.55751150730374,27.624999660981956,0.7865805625914403,10.278666576384436,0.740112456433373,6.1286932214004475,2,1,False,42
ABC-SMC,2106407.8947368423,97.81132298603393,960522.0,44.60196328163147,0.5309779813167722,24.709160619880723,36.55751150730374,27.624999660981956,0.7865805625914403,10.278666576384436,0.740112456433373,6.1286932214004475,2,1,False,42
ABC-SMC,2110157.8947368423,97.851237184123,962232.0,44.62016415596008,0.5309779813167722,24.709160619880723,36.55751150730374,27.624999660981956,0.7865805625914403,10.278666576384436,0.740112456433373,6.1286932214004475,2,1,False,42
ABC-SMC,2113907.8947368423,97.8872091100927,963942.0,44.63656735420227,0.5309779813167722,24.709160619880723,36.55751150730374,27.624999660981956,0.7865805625914403,10.278666576384436,0.740112456433373,6.1286932214004475,2,1,False,42
ABC-SMC,2117657.8947368423,97.91966227062962,965652.0,44.651365995407104,0.5309779813167722,24.709160619880723,36.55751150730374,27.624999660981956,0.7865805625914403,10.278666576384436,0.740112456433373,6.1286932214004475,2,1,False,42
ABC-SMC,2102960.8695652173,97.09748237029366,967362.0,44.66484189033508,0.5309779813167722,24.709160619880723,36.55751150730374,27.624999660981956,0.7865805625914403,10.278666576384436,0.740112456433373,6.1286932214004475,2,1,False,42
ABC-SMC,2106678.2608695654,97.12408159090124,969072.0,44.677077531814575,0.5309779813167722,24.709160619880723,36.55751150730374,27.624999660981956,0.7865805625914403,10.278666576384436,0.740112456433373,6.1286932214004475,2,1,False,42
ABC-SMC,2110395.6521739126,97.14835415715757,970782.0,44.68824291229248,0.5309779813167722,24.709160619880723,36.55751150730374,27.624999660981956,0.7865805625914403,10.278666576384436,0.740112456433373,6.1286932214004475,2,1,False,42
ABC-SMC,2104961.038961039,96.75184421209029,972492.0,44.69935202598572,0.5309779813167722,24.709160619880723,36.55751150730374,27.624999660981956,0.7865805625914403,10.278666576384436,0.740112456433373,6.1286932214004475,2,1,False,42
ABC-SMC,2108662.3376623373,96.77588010763192,974202.0,44.71045660972595,0.5309779813167722,24.709160619880723,36.55751150730374,27.624999660981956,0.7865805625914403,10.278666576384436,0.740112456433373,6.1286932214004475,2,1,False,42
ABC-SMC,2112363.6363636367,96.79982878945091,975912.0,44.72152090072632,0.5309779813167722,24.709160619880723,36.55751150730374,27.624999660981956,0.7865805625914403,10.278666576384436,0.740112456433373,6.1286932214004475,2,1,False,42
ABC-SMC,2106943.9655172415,96.40649988733489,977622.0,44.73261594772339,0.5309779813167722,24.709160619880723,36.55751150730374,27.624999660981956,0.7865805625914403,10.278666576384436,0.740112456433373,6.1286932214004475,2,1,False,42
ABC-SMC,2110629.3103448274,96.43063103330546,979332.0,44.743812799453735,0.5309779813167722,24.709160619880723,36.55751150730374,27.624999660981956,0.7865805625914403,10.278666576384436,0.740112456433373,6.1286932214004475,2,1,False,42
ABC-SMC,2114314.655172414,96.45450629037002,981042.0,44.75489091873169,0.5309779813167722,24.709160619880723,36.55751150730374,27.624999660981956,0.7865805625914403,10.278666576384436,0.740112456433373,6.1286932214004475,2,1,False,42
ABC-SMC,2108909.8712446354,96.06430663571338,982752.0,44.76596689224243,0.5309779813167722,24.709160619880723,36.55751150730374,27.624999660981956,0.7865805625914403,10.278666576384436,0.740112456433373,6.1286932214004475,2,1,False,42
ABC-SMC,2112579.3991416306,96.0882569587282,984462.0,44.777127742767334,0.5309779813167722,24.709160619880723,36.55751150730374,27.624999660981956,0.7865805625914403,10.278666576384436,0.740112456433373,6.1286932214004475,2,1,False,42
ABC-SMC,2116248.9270386267,96.11209370035982,986172.0,44.788235664367676,0.5309779813167722,24.709160619880723,36.55751150730374,27.624999660981956,0.7865805625914403,10.278666576384436,0.740112456433373,6.1286932214004475,2,1,False,42
ABC-SMC,2101876.5957446806,95.31775433966453,987882.0,44.799344539642334,0.5309779813167722,24.709160619880723,36.55751150730374,27.624999660981956,0.7865805625914403,10.278666576384436,0.740112456433373,6.1286932214004475,2,1,False,42
ABC-SMC,2096593.220338983,94.93730633945788,989592.0,44.81040859222412,0.5309779813167722,24.709160619880723,36.55751150730374,27.624999660981956,0.7865805625914403,10.278666576384436,0.740112456433373,6.1286932214004475,2,1,False,42
ABC-SMC,2100216.1016949154,94.96067843194734,991302.0,44.82144021987915,0.5309779813167722,24.709160619880723,36.55751150730374,27.624999660981956,0.7865805625914403,10.278666576384436,0.740112456433373,6.1286932214004475,2,1,False,42
ABC-SMC,2103838.983050848,94.98409396511013,993012.0,44.83249235153198,0.5309779813167722,24.709160619880723,36.55751150730374,27.624999660981956,0.7865805625914403,10.278666576384436,0.740112456433373,6.1286932214004475,2,1,False,42
ABC-SMC,2107461.8644067794,95.00760294623294,994722.0,44.84358859062195,0.5309779813167722,24.709160619880723,36.55751150730374,27.624999660981956,0.7865805625914403,10.278666576384436,0.740112456433373,6.1286932214004475,2,1,False,42
ABC-SMC,2102177.2151898737,94.6301402924936,996432.0,44.85468649864197,0.5309779813167722,24.709160619880723,36.55751150730374,27.624999660981956,0.7865805625914403,10.278666576384436,0.740112456433373,6.1286932214004475,2,1,False,42
ABC-SMC,2105784.810126582,94.65363609136912,998142.0,44.86582350730896,0.5309779813167722,24.709160619880723,36.55751150730374,27.624999660981956,0.7865805625914403,10.278666576384436,0.740112456433373,6.1286932214004475,2,1,False,42
ABC-SMC,2109392.4050632915,94.67705493234884,999852.0,44.87692403793335,0.5309779813167722,24.709160619880723,36.55751150730374,27.624999660981956,0.7865805625914403,10.278666576384436,0.740112456433373,6.1286932214004475,2,1,False,42
ABC-SMC,2095317.9916317991,93.90879724813804,1001562.0,44.888405084609985,0.5309779813167722,24.709160619880723,36.55751150730374,27.624999660981956,0.7865805625914403,10.278666576384436,0.740112456433373,6.1286932214004475,2,1,False,42
ABC-SMC,2098895.39748954,93.9320071471785,1003272.0,44.89949941635132,0.5309779813167722,24.709160619880723,36.55751150730374,27.624999660981956,0.7865805625914403,10.278666576384436,0.740112456433373,6.1286932214004475,2,1,False,42
ABC-SMC,2102472.8033472802,93.95523799513174,1004982.0,44.910603761672974,0.5309779813167722,24.709160619880723,36.55751150730374,27.624999660981956,0.7865805625914403,10.278666576384436,0.740112456433373,6.1286932214004475,2,1,False,42
ABC-SMC,2106050.209205021,93.97837008392462,1006692.0,44.92166090011597,0.5309779813167722,24.709160619880723,36.55751150730374,27.624999660981956,0.7865805625914403,10.278666576384436,0.740112456433373,6.1286932214004475,2,1,False,42
ABC-SMC,2109627.6150627616,94.0015385839231,1008402.0,44.932735443115234,0.5309779813167722,24.709160619880723,36.55751150730374,27.624999660981956,0.7865805625914403,10.278666576384436,0.740112456433373,6.1286932214004475,2,1,False,42
ABC-SMC,2113205.020920502,94.02485173117665,1010112.0,44.94387912750244,0.5309779813167722,24.709160619880723,36.55751150730374,27.624999660981956,0.7865805625914403,10.278666576384436,0.740112456433373,6.1286932214004475,2,1,False,42
ABC-SMC,2116782.4267782425,94.04805215332797,1011822.0,44.95496892929077,0.5309779813167722,24.709160619880723,36.55751150730374,27.624999660981956,0.7865805625914403,10.278666576384436,0.740112456433373,6.1286932214004475,2,1,False,42
ABC-SMC,2111525.0,93.67926021416982,1013532.0,44.966044902801514,0.5309779813167722,24.709160619880723,36.55751150730374,27.624999660981956,0.7865805625914403,10.278666576384436,0.740112456433373,6.1286932214004475,2,1,False,42
ABC-SMC,2115087.5,93.70242903629938,1015242.0,44.977165937423706,0.5309779813167722,24.709160619880723,36.55751150730374,27.624999660981956,0.7865805625914403,10.278666576384436,0.740112456433373,6.1286932214004475,2,1,False,42
ABC-SMC,2118650.0,93.72567335764568,1016952.0,44.98832321166992,0.5309779813167722,24.709160619880723,36.55751150730374,27.624999660981956,0.7865805625914403,10.278666576384436,0.740112456433373,6.1286932214004475,2,1,False,42
ABC-SMC,2122212.5,93.74875922997792,1018662.0,44.999404430389404,0.5309779813167722,24.709160619880723,36.55751150730374,27.624999660981956,0.7865805625914403,10.278666576384436,0.740112456433373,6.1286932214004475,2,1,False,42
ABC-SMC,2125775.0,93.77180288235347,1020372.0,45.01046538352966,0.5309779813167722,24.709160619880723,36.55751150730374,27.624999660981956,0.7865805625914403,10.278666576384436,0.740112456433373,6.1286932214004475,2,1,False,42
ABC-SMC,2129337.5,93.79487683375677,1022082.0,45.02154088020325,0.5309779813167722,24.709160619880723,36.55751150730374,27.624999660981956,0.7865805625914403,10.278666576384436,0.740112456433373,6.1286932214004475,2,1,False,42
ABC-SMC,2097934.426229508,92.27995501189935,1023792.0,45.032618045806885,0.5309779813167722,24.709160619880723,36.55751150730374,27.624999660981956,0.7865805625914403,10.278666576384436,0.740112456433373,6.1286932214004475,2,1,False,42
ABC-SMC,2075914.979757085,91.18172176453749,1025502.0,45.04377055168152,0.5309779813167722,24.709160619880723,36.55751150730374,27.624999660981956,0.7865805625914403,10.278666576384436,0.740112456433373,6.1286932214004475,2,1,False,42
ABC-SMC,2079376.5182186235,91.20414421143319,1027212.0,45.054847240448,0.5309779813167722,24.709160619880723,36.55751150730374,27.624999660981956,0.7865805625914403,10.278666576384436,0.740112456433373,6.1286932214004475,2,1,False,42
ABC-SMC,2082838.056680162,91.22661202542695,1028922.0,45.06594634056091,0.5309779813167722,24.709160619880723,36.55751150730374,27.624999660981956,0.7865805625914403,10.278666576384436,0.740112456433373,6.1286932214004475,2,1,False,42
ABC-SMC,2077887.0967741937,90.88128276409643,1030632.0,45.07711625099182,0.5309779813167722,24.709160619880723,36.55751150730374,27.624999660981956,0.7865805625914403,10.278666576384436,0.740112456433373,6.1286932214004475,2,1,False,42
ABC-SMC,2081334.6774193547,90.90368690029267,1032342.0,45.088228702545166,0.5309779813167722,24.709160619880723,36.55751150730374,27.624999660981956,0.7865805625914403,10.278666576384436,0.740112456433373,6.1286932214004475,2,1,False,42
ABC-SMC,2076409.638554217,90.56100979387521,1034052.0,45.09938287734985,0.5309779813167722,24.709160619880723,36.55751150730374,27.624999660981956,0.7865805625914403,10.278666576384436,0.740112456433373,6.1286932214004475,2,1,False,42
ABC-SMC,2071524.0,90.2211217880249,1035762.0,45.11056089401245,0.5309779813167722,24.709160619880723,36.55751150730374,27.624999660981956,0.7865805625914403,10.278666576384436,0.740112456433373,6.1286932214004475,2,1,False,42
ABC-SMC,2074944.0,90.24324893951416,1037472.0,45.12162446975708,0.5309779813167722,24.709160619880723,36.55751150730374,27.624999660981956,0.7865805625914403,10.278666576384436,0.740112456433373,6.1286932214004475,2,1,False,42
ABC-SMC,2070083.6653386455,89.90586231429263,1039182.0,45.1327428817749,0.5309779813167722,24.709160619880723,36.55751150730374,27.624999660981956,0.7865805625914403,10.278666576384436,0.740112456433373,6.1286932214004475,2,1,False,42
ABC-SMC,2073490.0398406375,89.92809508426255,1040892.0,45.143903732299805,0.5309779813167722,24.709160619880723,36.55751150730374,27.624999660981956,0.7865805625914403,10.278666576384436,0.740112456433373,6.1286932214004475,2,1,False,42
ABC-SMC,2076896.4143426297,89.95018299832287,1042602.0,45.15499186515808,0.5309779813167722,24.709160619880723,36.55751150730374,27.624999660981956,0.7865805625914403,10.278666576384436,0.740112456433373,6.1286932214004475,2,1,False,42
ABC-SMC,2080302.7888446213,89.97227803644431,1044312.0,45.166083574295044,0.5309779813167722,24.709160619880723,36.55751150730374,27.624999660981956,0.7865805625914403,10.278666576384436,0.740112456433373,6.1286932214004475,2,1,False,42
ABC-SMC,2075440.4761904762,89.63732445050799,1046022.0,45.17721152305603,0.5309779813167722,24.709160619880723,36.55751150730374,27.624999660981956,0.7865805625914403,10.278666576384436,0.740112456433373,6.1286932214004475,2,1,False,42
ABC-SMC,2078833.3333333335,89.65938242654951,1047732.0,45.18832874298096,0.5309779813167722,24.709160619880723,36.55751150730374,27.624999660981956,0.7865805625914403,10.278666576384436,0.740112456433373,6.1286932214004475,2,1,False,42
ABC-SMC,2073996.04743083,89.32703191583808,1049442.0,45.19947814941406,0.5309779813167722,24.709160619880723,36.55751150730374,27.624999660981956,0.7865805625914403,10.278666576384436,0.740112456433373,6.1286932214004475,2,1,False,42
ABC-SMC,2077375.494071146,89.34891883563618,1051152.0,45.21055293083191,0.5309779813167722,24.709160619880723,36.55751150730374,27.624999660981956,0.7865805625914403,10.278666576384436,0.740112456433373,6.1286932214004475,2,1,False,42
ABC-SMC,2080754.9407114624,89.37092213762607,1052862.0,45.221686601638794,0.5309779813167722,24.709160619880723,36.55751150730374,27.624999660981956,0.7865805625914403,10.278666576384436,0.740112456433373,6.1286932214004475,2,1,False,42
ABC-SMC,2084134.3873517786,89.3928015184968,1054572.0,45.232757568359375,0.5309779813167722,24.709160619880723,36.55751150730374,27.624999660981956,0.7865805625914403,10.278666576384436,0.740112456433373,6.1286932214004475,2,1,False,42
ABC-SMC,2087513.833992095,89.41486230480812,1056282.0,45.24392032623291,0.5309779813167722,24.709160619880723,36.55751150730374,27.624999660981956,0.7865805625914403,10.278666576384436,0.740112456433373,6.1286932214004475,2,1,False,42
ABC-SMC,2090893.280632411,89.43674168567884,1057992.0,45.25499129295349,0.5309779813167722,24.709160619880723,36.55751150730374,27.624999660981956,0.7865805625914403,10.278666576384436,0.740112456433373,6.1286932214004475,2,1,False,42
ABC-SMC,2094272.7272727275,89.45868514743246,1059702.0,45.26609468460083,0.5309779813167722,24.709160619880723,36.55751150730374,27.624999660981956,0.7865805625914403,10.278666576384436,0.740112456433373,6.1286932214004475,2,1,False,42
ABC-SMC,2081199.9999999998,88.77874916675043,1061412.0,45.277162075042725,0.5309779813167722,24.709160619880723,36.55751150730374,27.624999660981956,0.7865805625914403,10.278666576384436,0.740112456433373,6.1286932214004475,2,1,False,42
ABC-SMC,2076410.15625,88.45362672582269,1063122.0,45.288256883621216,0.5309779813167722,24.709160619880723,36.55751150730374,27.624999660981956,0.7865805625914403,10.278666576384436,0.740112456433373,6.1286932214004475,2,1,False,42
ABC-SMC,2079750.0,88.47523061558604,1064832.0,45.299318075180054,0.5309779813167722,24.709160619880723,36.55751150730374,27.624999660981956,0.7865805625914403,10.278666576384436,0.740112456433373,6.1286932214004475,2,1,False,42
ABC-SMC,2083089.84375,88.49679678678513,1066542.0,45.310359954833984,0.5309779813167722,24.709160619880723,36.55751150730374,27.624999660981956,0.7865805625914403,10.278666576384436,0.740112456433373,6.1286932214004475,2,1,False,42
ABC-SMC,2086429.6875,88.51845189929008,1068252.0,45.32144737243652,0.5309779813167722,24.709160619880723,36.55751150730374,27.624999660981956,0.7865805625914403,10.278666576384436,0.740112456433373,6.1286932214004475,2,1,False,42
ABC-SMC,2081638.13229572,88.19560318141596,1069962.0,45.3325400352478,0.5309779813167722,24.709160619880723,36.55751150730374,27.624999660981956,0.7865805625914403,10.278666576384436,0.740112456433373,6.1286932214004475,2,1,False,42
ABC-SMC,2076883.7209302324,87.87538192068884,1071672.0,45.34369707107544,0.5309779813167722,24.709160619880723,36.55751150730374,27.624999660981956,0.7865805625914403,10.278666576384436,0.740112456433373,6.1286932214004475,2,1,False,42
ABC-SMC,2072166.023166023,87.55755148338994,1073382.0,45.354811668395996,0.5309779813167722,24.709160619880723,36.55751150730374,27.624999660981956,0.7865805625914403,10.278666576384436,0.740112456433373,6.1286932214004475,2,1,False,42
ABC-SMC,2075467.1814671815,87.5790179005921,1075092.0,45.365931272506714,0.5309779813167722,24.709160619880723,36.55751150730374,27.624999660981956,0.7865805625914403,10.278666576384436,0.740112456433373,6.1286932214004475,2,1,False,42
ABC-SMC,2078768.3397683399,87.60054507310787,1076802.0,45.37708234786987,0.5309779813167722,24.709160619880723,36.55751150730374,27.624999660981956,0.7865805625914403,10.278666576384436,0.740112456433373,6.1286932214004475,2,1,False,42
ABC-SMC,2074061.5384615385,87.28504914503831,1078512.0,45.38822555541992,0.5309779813167722,24.709160619880723,36.55751150730374,27.624999660981956,0.7865805625914403,10.278666576384436,0.740112456433373,6.1286932214004475,2,1,False,42
ABC-SMC,2077350.0,87.30641970267662,1080222.0,45.399338245391846,0.5309779813167722,24.709160619880723,36.55751150730374,27.624999660981956,0.7865805625914403,10.278666576384436,0.740112456433373,6.1286932214004475,2,1,False,42
ABC-SMC,2080638.4615384613,87.3277499125554,1081932.0,45.41042995452881,0.5309779813167722,24.709160619880723,36.55751150730374,27.624999660981956,0.7865805625914403,10.278666576384436,0.740112456433373,6.1286932214004475,2,1,False,42
ABC-SMC,2083926.9230769232,87.34910900776204,1083642.0,45.421536684036255,0.5309779813167722,24.709160619880723,36.55751150730374,27.624999660981956,0.7865805625914403,10.278666576384436,0.740112456433373,6.1286932214004475,2,1,False,42
ABC-SMC,2079218.3908045976,87.03575508804613,1085352.0,45.43266415596008,0.5309779813167722,24.709160619880723,36.55751150730374,27.624999660981956,0.7865805625914403,10.278666576384436,0.740112456433373,6.1286932214004475,2,1,False,42
ABC-SMC,2082494.2528735632,87.05713146034329,1087062.0,45.443822622299194,0.5309779813167722,24.709160619880723,36.55751150730374,27.624999660981956,0.7865805625914403,10.278666576384436,0.740112456433373,6.1286932214004475,2,1,False,42
ABC-SMC,2077809.1603053436,86.74611617590634,1088772.0,45.45496487617493,0.5309779813167722,24.709160619880723,36.55751150730374,27.624999660981956,0.7865805625914403,10.278666576384436,0.740112456433373,6.1286932214004475,2,1,False,42
ABC-SMC,2081072.5190839693,86.76726535986398,1090482.0,45.466047048568726,0.5309779813167722,24.709160619880723,36.55751150730374,27.624999660981956,0.7865805625914403,10.278666576384436,0.740112456433373,6.1286932214004475,2,1,False,42
ABC-SMC,2076410.646387833,86.45845230088034,1092192.0,45.47714591026306,0.5309779813167722,24.709160619880723,36.55751150730374,27.624999660981956,0.7865805625914403,10.278666576384436,0.740112456433373,6.1286932214004475,2,1,False,42
ABC-SMC,2071784.090909091,86.15202208360036,1093902.0,45.48826766014099,0.5309779813167722,24.709160619880723,36.55751150730374,27.624999660981956,0.7865805625914403,10.278666576384436,0.740112456433373,6.1286932214004475,2,1,False,42
ABC-SMC,2067192.452830189,85.84792434044604,1095612.0,45.4993999004364,0.5309779813167722,24.709160619880723,36.55751150730374,27.624999660981956,0.7865805625914403,10.278666576384436,0.740112456433373,6.1286932214004475,2,1,False,42
ABC-SMC,2070418.8679245284,85.86891462218087,1097322.0,45.51052474975586,0.5309779813167722,24.709160619880723,36.55751150730374,27.624999660981956,0.7865805625914403,10.278666576384436,0.740112456433373,6.1286932214004475,2,1,False,42
ABC-SMC,2065849.6240601502,85.56705713272095,1099032.0,45.521674394607544,0.5309779813167722,24.709160619880723,36.55751150730374,27.624999660981956,0.7865805625914403,10.278666576384436,0.740112456433373,6.1286932214004475,2,1,False,42
ABC-SMC,2069063.9097744361,85.58796626284607,1100742.0,45.532798051834106,0.5309779813167722,24.709160619880723,36.55751150730374,27.624999660981956,0.7865805625914403,10.278666576384436,0.740112456433373,6.1286932214004475,2,1,False,42
ABC-SMC,2072278.1954887218,85.60886642986671,1102452.0,45.54391694068909,0.5309779813167722,24.709160619880723,36.55751150730374,27.624999660981956,0.7865805625914403,10.278666576384436,0.740112456433373,6.1286932214004475,2,1,False,42
ABC-SMC,2075492.4812030075,85.62972357398586,1104162.0,45.555012941360474,0.5309779813167722,24.709160619880723,36.55751150730374,27.624999660981956,0.7865805625914403,10.278666576384436,0.740112456433373,6.1286932214004475,2,1,False,42
ABC-SMC,2078706.7669172934,85.65056458451694,1105872.0,45.56610035896301,0.5309779813167722,24.709160619880723,36.55751150730374,27.624999660981956,0.7865805625914403,10.278666576384436,0.740112456433373,6.1286932214004475,2,1,False,42
ABC-SMC,2081921.0526315786,85.67151494492266,1107582.0,45.57724595069885,0.5309779813167722,24.709160619880723,36.55751150730374,27.624999660981956,0.7865805625914403,10.278666576384436,0.740112456433373,6.1286932214004475,2,1,False,42
ABC-SMC,2085135.3383458646,85.69245947931047,1109292.0,45.588388442993164,0.5309779813167722,24.709160619880723,36.55751150730374,27.624999660981956,0.7865805625914403,10.278666576384436,0.740112456433373,6.1286932214004475,2,1,False,42
ABC-SMC,2072764.9253731342,85.0737032605641,1111002.0,45.59950494766235,0.5309779813167722,24.709160619880723,36.55751150730374,27.624999660981956,0.7865805625914403,10.278666576384436,0.740112456433373,6.1286932214004475,2,1,False,42
ABC-SMC,2075955.2238805967,85.09430734079275,1112712.0,45.61054873466492,0.5309779813167722,24.709160619880723,36.55751150730374,27.624999660981956,0.7865805625914403,10.278666576384436,0.740112456433373,6.1286932214004475,2,1,False,42
ABC-SMC,2071416.3568773232,84.79878893572159,1114422.0,45.62174844741821,0.5309779813167722,24.709160619880723,36.55751150730374,27.624999660981956,0.7865805625914403,10.278666576384436,0.740112456433373,6.1286932214004475,2,1,False,42
ABC-SMC,2066911.111111111,84.5064644460325,1116132.0,45.633490800857544,0.5309779813167722,24.709160619880723,36.55751150730374,27.624999660981956,0.7865805625914403,10.278666576384436,0.740112456433373,6.1286932214004475,2,1,False,42
ABC-SMC,2062439.114391144,84.21513559193629,1117842.0,45.64460349082947,0.5309779813167722,24.709160619880723,36.55751150730374,27.624999660981956,0.7865805625914403,10.278666576384436,0.740112456433373,6.1286932214004475,2,1,False,42
ABC-SMC,2050461.5384615385,83.61849636385293,1119552.0,45.655699014663696,0.5309779813167722,24.709160619880723,36.55751150730374,27.624999660981956,0.7865805625914403,10.278666576384436,0.740112456433373,6.1286932214004475,2,1,False,42
ABC-SMC,2046098.5401459855,83.33363802763667,1121262.0,45.6668336391449,0.5309779813167722,24.709160619880723,36.55751150730374,27.624999660981956,0.7865805625914403,10.278666576384436,0.740112456433373,6.1286932214004475,2,1,False,42
ABC-SMC,2049218.9781021897,83.35395842573068,1122972.0,45.677969217300415,0.5309779813167722,24.709160619880723,36.55751150730374,27.624999660981956,0.7865805625914403,10.278666576384436,0.740112456433373,6.1286932214004475,2,1,False,42
ABC-SMC,2052339.4160583944,83.37437105874945,1124682.0,45.6891553401947,0.5309779813167722,24.709160619880723,36.55751150730374,27.624999660981956,0.7865805625914403,10.278666576384436,0.740112456433373,6.1286932214004475,2,1,False,42
ABC-SMC,2055459.8540145985,83.3948528679618,1126392.0,45.700379371643066,0.5309779813167722,24.709160619880723,36.55751150730374,27.624999660981956,0.7865805625914403,10.278666576384436,0.740112456433373,6.1286932214004475,2,1,False,42
ABC-SMC,2058580.291970803,83.41512932394544,1128102.0,45.711490869522095,0.5309779813167722,24.709160619880723,36.55751150730374,27.624999660981956,0.7865805625914403,10.278666576384436,0.740112456433373,6.1286932214004475,2,1,False,42
ABC-SMC,2061700.729927007,83.43541404626666,1129812.0,45.722606897354126,0.5309779813167722,24.709160619880723,36.55751150730374,27.624999660981956,0.7865805625914403,10.278666576384436,0.740112456433373,6.1286932214004475,2,1,False,42
ABC-SMC,2064821.1678832117,83.45576402914786,1131522.0,45.73375868797302,0.5309779813167722,24.709160619880723,36.55751150730374,27.624999660981956,0.7865805625914403,10.278666576384436,0.740112456433373,6.1286932214004475,2,1,False,42
ABC-SMC,2060421.8181818184,83.17263299768621,1133232.0,45.74494814872742,0.5309779813167722,24.709160619880723,36.55751150730374,27.624999660981956,0.7865805625914403,10.278666576384436,0.740112456433373,6.1286932214004475,2,1,False,42
ABC-SMC,2063530.9090909092,83.1929029117931,1134942.0,45.756096601486206,0.5309779813167722,24.709160619880723,36.55751150730374,27.624999660981956,0.7865805625914403,10.278666576384436,0.740112456433373,6.1286932214004475,2,1,False,42
ABC-SMC,2066639.9999999998,83.2131221077659,1136652.0,45.76721715927124,0.5309779813167722,24.709160619880723,36.55751150730374,27.624999660981956,0.7865805625914403,10.278666576384436,0.740112456433373,6.1286932214004475,2,1,False,42
ABC-SMC,2069749.0909090906,83.23325417258523,1138362.0,45.778289794921875,0.5309779813167722,24.709160619880723,36.55751150730374,27.624999660981956,0.7865805625914403,10.278666576384436,0.740112456433373,6.1286932214004475,2,1,False,42
ABC-SMC,2072858.1818181819,83.25353535738859,1140072.0,45.78944444656372,0.5309779813167722,24.709160619880723,36.55751150730374,27.624999660981956,0.7865805625914403,10.278666576384436,0.740112456433373,6.1286932214004475,2,1,False,42
ABC-SMC,2075967.2727272727,83.27384255149148,1141782.0,45.80061340332031,0.5309779813167722,24.709160619880723,36.55751150730374,27.624999660981956,0.7865805625914403,10.278666576384436,0.740112456433373,6.1286932214004475,2,1,False,42
ABC-SMC,2079076.3636363635,83.29405697909269,1143492.0,45.81173133850098,0.5309779813167722,24.709160619880723,36.55751150730374,27.624999660981956,0.7865805625914403,10.278666576384436,0.740112456433373,6.1286932214004475,2,1,False,42
ABC-SMC,2082185.4545454544,83.31430261785334,1145202.0,45.822866439819336,0.5309779813167722,24.709160619880723,36.55751150730374,27.624999660981956,0.7865805625914403,10.278666576384436,0.740112456433373,6.1286932214004475,2,1,False,42
ABC-SMC,2085294.5454545456,83.33463712172075,1146912.0,45.83405041694641,0.5309779813167722,24.709160619880723,36.55751150730374,27.624999660981956,0.7865805625914403,10.278666576384436,0.740112456433373,6.1286932214004475,2,1,False,42
ABC-SMC,2080836.956521739,83.0528325792672,1148622.0,45.84516358375549,0.5309779813167722,24.709160619880723,36.55751150730374,27.624999660981956,0.7865805625914403,10.278666576384436,0.740112456433373,6.1286932214004475,2,1,False,42
ABC-SMC,2076411.5523465702,82.77318150558196,1150332.0,45.85634255409241,0.5309779813167722,24.709160619880723,36.55751150730374,27.624999660981956,0.7865805625914403,10.278666576384436,0.740112456433373,6.1286932214004475,2,1,False,42
ABC-SMC,2064591.3978494622,82.19975852624489,1152042.0,45.86746525764465,0.5309779813167722,24.709160619880723,36.55751150730374,27.624999660981956,0.7865805625914403,10.278666576384436,0.740112456433373,6.1286932214004475,2,1,False,42
ABC-SMC,2052939.5017793595,81.63459148271228,1153752.0,45.8786404132843,0.5309779813167722,24.709160619880723,36.55751150730374,27.624999660981956,0.7865805625914403,10.278666576384436,0.740112456433373,6.1286932214004475,2,1,False,42
ABC-SMC,2041452.296819788,81.07747795725037,1155462.0,45.88985252380371,0.5309779813167722,24.709160619880723,36.55751150730374,27.624999660981956,0.7865805625914403,10.278666576384436,0.740112456433373,6.1286932214004475,2,1,False,42
ABC-SMC,2044473.4982332157,81.09710747277357,1157172.0,45.900962829589844,0.5309779813167722,24.709160619880723,36.55751150730374,27.624999660981956,0.7865805625914403,10.278666576384436,0.740112456433373,6.1286932214004475,2,1,False,42
ABC-SMC,2047494.6996466431,81.11687978670369,1158882.0,45.91215395927429,0.5309779813167722,24.709160619880723,36.55751150730374,27.624999660981956,0.7865805625914403,10.278666576384436,0.740112456433373,6.1286932214004475,2,1,False,42
ABC-SMC,2043295.7746478873,80.85091013303945,1160592.0,45.923316955566406,0.5309779813167722,24.709160619880723,36.55751150730374,27.624999660981956,0.7865805625914403,10.278666576384436,0.740112456433373,6.1286932214004475,2,1,False,42
ABC-SMC,2024916.3763066202,80.02535391352318,1162302.0,45.934553146362305,0.5309779813167722,24.709160619880723,36.55751150730374,27.624999660981956,0.7865805625914403,10.278666576384436,0.740112456433373,6.1286932214004475,2,1,False,42
ABC-SMC,2020854.1666666667,79.76691921552022,1164012.0,45.94574546813965,0.5309779813167722,24.709160619880723,36.55751150730374,27.624999660981956,0.7865805625914403,10.278666576384436,0.740112456433373,6.1286932214004475,2,1,False,42
ABC-SMC,2023822.9166666667,79.7863325311078,1165722.0,45.95692753791809,0.5309779813167722,24.709160619880723,36.55751150730374,27.624999660981956,0.7865805625914403,10.278666576384436,0.740112456433373,6.1286932214004475,2,1,False,42
ABC-SMC,2019778.5467128027,79.52958242290985,1167432.0,45.968098640441895,0.5309779813167722,24.709160619880723,36.55751150730374,27.624999660981956,0.7865805625914403,10.278666576384436,0.740112456433373,6.1286932214004475,2,1,False,42
ABC-SMC,2015762.0689655172,79.27460958217752,1169142.0,45.979273557662964,0.5309779813167722,24.709160619880723,36.55751150730374,27.624999660981956,0.7865805625914403,10.278666576384436,0.740112456433373,6.1286932214004475,2,1,False,42
ABC-SMC,2018710.344827586,79.29382529752007,1170852.0,45.990418672561646,0.5309779813167722,24.709160619880723,36.55751150730374,27.624999660981956,0.7865805625914403,10.278666576384436,0.740112456433373,6.1286932214004475,2,1,False,42
ABC-SMC,2014711.3402061854,79.04052570513434,1172562.0,46.001585960388184,0.5309779813167722,24.709160619880723,36.55751150730374,27.624999660981956,0.7865805625914403,10.278666576384436,0.740112456433373,6.1286932214004475,2,1,False,42
ABC-SMC,2017649.4845360825,79.05978271641682,1174272.0,46.01279354095459,0.5309779813167722,24.709160619880723,36.55751150730374,27.624999660981956,0.7865805625914403,10.278666576384436,0.740112456433373,6.1286932214004475,2,1,False,42
ABC-SMC,2020587.6288659794,79.07890536121486,1175982.0,46.02392292022705,0.5309779813167722,24.709160619880723,36.55751150730374,27.624999660981956,0.7865805625914403,10.278666576384436,0.740112456433373,6.1286932214004475,2,1,False,42
ABC-SMC,2023525.7731958763,79.0982557735902,1177692.0,46.03518486022949,0.5309779813167722,24.709160619880723,36.55751150730374,27.624999660981956,0.7865805625914403,10.278666576384436,0.740112456433373,6.1286932214004475,2,1,False,42
ABC-SMC,2019523.97260274,78.84659628345541,1179402.0,46.046412229537964,0.5309779813167722,24.709160619880723,36.55751150730374,27.624999660981956,0.7865805625914403,10.278666576384436,0.740112456433373,6.1286932214004475,2,1,False,42
ABC-SMC,2022452.0547945206,78.8657061041218,1181112.0,46.05757236480713,0.5309779813167722,24.709160619880723,36.55751150730374,27.624999660981956,0.7865805625914403,10.278666576384436,0.740112456433373,6.1286932214004475,2,1,False,42
ABC-SMC,2025380.1369863013,78.8848338878318,1182822.0,46.068742990493774,0.5309779813167722,24.709160619880723,36.55751150730374,27.624999660981956,0.7865805625914403,10.278666576384436,0.740112456433373,6.1286932214004475,2,1,False,42
ABC-SMC,2014510.2040816327,78.3672519281608,1184532.0,46.079944133758545,0.5309779813167722,24.709160619880723,36.55751150730374,27.624999660981956,0.7865805625914403,10.278666576384436,0.740112456433373,6.1286932214004475,2,1,False,42
ABC-SMC,2017418.3673469387,78.38622080225522,1186242.0,46.091097831726074,0.5309779813167722,24.709160619880723,36.55751150730374,27.624999660981956,0.7865805625914403,10.278666576384436,0.740112456433373,6.1286932214004475,2,1,False,42
ABC-SMC,2013477.9661016949,78.13944452899997,1187952.0,46.102272272109985,0.5309779813167722,24.709160619880723,36.55751150730374,27.624999660981956,0.7865805625914403,10.278666576384436,0.740112456433373,6.1286932214004475,2,1,False,42
ABC-SMC,2009564.189189189,77.89432680284655,1189662.0,46.113441467285156,0.5309779813167722,24.709160619880723,36.55751150730374,27.624999660981956,0.7865805625914403,10.278666576384436,0.740112456433373,6.1286932214004475,2,1,False,42
ABC-SMC,2012452.7027027027,77.91311998625059,1191372.0,46.12456703186035,0.5309779813167722,24.709160619880723,36.55751150730374,27.624999660981956,0.7865805625914403,10.278666576384436,0.740112456433373,6.1286932214004475,2,1,False,42
ABC-SMC,2015341.2162162163,77.931984856322,1193082.0,46.13573503494263,0.5309779813167722,24.709160619880723,36.55751150730374,27.624999660981956,0.7865805625914403,10.278666576384436,0.740112456433373,6.1286932214004475,2,1,False,42
ABC-SMC,2018229.7297297297,77.95081468852791,1194792.0,46.14688229560852,0.5309779813167722,24.709160619880723,36.55751150730374,27.624999660981956,0.7865805625914403,10.278666576384436,0.740112456433373,6.1286932214004475,2,1,False,42
ABC-SMC,2007553.6912751677,77.44639111845285,1196502.0,46.1580491065979,0.5309779813167722,24.709160619880723,36.55751150730374,27.624999660981956,0.7865805625914403,10.278666576384436,0.740112456433373,6.1286932214004475,2,1,False,42
ABC-SMC,2010422.8187919464,77.46515258046604,1198212.0,46.169230937957764,0.5309779813167722,24.709160619880723,36.55751150730374,27.624999660981956,0.7865805625914403,10.278666576384436,0.740112456433373,6.1286932214004475,2,1,False,42
ABC-SMC,2013291.9463087248,77.48388324007892,1199922.0,46.180394411087036,0.5309779813167722,24.709160619880723,36.55751150730374,27.624999660981956,0.7865805625914403,10.278666576384436,0.740112456433373,6.1286932214004475,2,1,False,42
ABC-SMC,2009418.0602006689,77.24340663705782,1201632.0,46.19155716896057,0.5309779813167722,24.709160619880723,36.55751150730374,27.624999660981956,0.7865805625914403,10.278666576384436,0.740112456433373,6.1286932214004475,2,1,False,42
ABC-SMC,2012277.5919732442,77.26204315555535,1203342.0,46.202701807022095,0.5309779813167722,24.709160619880723,36.55751150730374,27.624999660981956,0.7865805625914403,10.278666576384436,0.740112456433373,6.1286932214004475,2,1,False,42
ABC-SMC,2015137.1237458196,77.28065894200252,1205052.0,46.213834047317505,0.5309779813167722,24.709160619880723,36.55751150730374,27.624999660981956,0.7865805625914403,10.278666576384436,0.740112456433373,6.1286932214004475,2,1,False,42
ABC-SMC,2017996.6555183947,77.29932496380249,1206762.0,46.22499632835388,0.5309779813167722,24.709160619880723,36.55751150730374,27.624999660981956,0.7865805625914403,10.278666576384436,0.740112456433373,6.1286932214004475,2,1,False,42
ABC-SMC,2020856.18729097,77.3180432144216,1208472.0,46.23618984222412,0.5309779813167722,24.709160619880723,36.55751150730374,27.624999660981956,0.7865805625914403,10.278666576384436,0.740112456433373,6.1286932214004475,2,1,False,42
ABC-SMC,2023715.719063545,77.33669049763759,1210182.0,46.24734091758728,0.5309779813167722,24.709160619880723,36.55751150730374,27.624999660981956,0.7865805625914403,10.278666576384436,0.740112456433373,6.1286932214004475,2,1,False,42
ABC-SMC,2026575.2508361205,77.3553206370427,1211892.0,46.25848174095154,0.5309779813167722,24.709160619880723,36.55751150730374,27.624999660981956,0.7865805625914403,10.278666576384436,0.740112456433373,6.1286932214004475,2,1,False,42
ABC-SMC,2029434.7826086958,77.37393642348988,1213602.0,46.26961398124695,0.5309779813167722,24.709160619880723,36.55751150730374,27.624999660981956,0.7865805625914403,10.278666576384436,0.740112456433373,6.1286932214004475,2,1,False,42
ABC-SMC,2032294.314381271,77.39268537349128,1215312.0,46.28082585334778,0.5309779813167722,24.709160619880723,36.55751150730374,27.624999660981956,0.7865805625914403,10.278666576384436,0.740112456433373,6.1286932214004475,2,1,False,42
ABC-SMC,2035153.8461538462,77.41143392479938,1217022.0,46.29203748703003,0.5309779813167722,24.709160619880723,36.55751150730374,27.624999660981956,0.7865805625914403,10.278666576384436,0.740112456433373,6.1286932214004475,2,1,False,42
ABC-SMC,2038013.3779264214,77.43016014928402,1218732.0,46.30323576927185,0.5309779813167722,24.709160619880723,36.55751150730374,27.624999660981956,0.7865805625914403,10.278666576384436,0.740112456433373,6.1286932214004475,2,1,False,42
ABC-SMC,2040872.9096989967,77.44883972665538,1220442.0,46.31440615653992,0.5309779813167722,24.709160619880723,36.55751150730374,27.624999660981956,0.7865805625914403,10.278666576384436,0.740112456433373,6.1286932214004475,2,1,False,42
ABC-SMC,2036920.0,77.2093152999878,1222152.0,46.325589179992676,0.5309779813167722,24.709160619880723,36.55751150730374,27.624999660981956,0.7865805625914403,10.278666576384436,0.740112456433373,6.1286932214004475,2,1,False,42
ABC-SMC,2039770.0,77.22801884015401,1223862.0,46.33681130409241,0.5309779813167722,24.709160619880723,36.55751150730374,27.624999660981956,0.7865805625914403,10.278666576384436,0.740112456433373,6.1286932214004475,2,1,False,42
ABC-SMC,2029092.715231788,76.73506744650025,1225572.0,46.34798073768616,0.5309779813167722,24.709160619880723,36.55751150730374,27.624999660981956,0.7865805625914403,10.278666576384436,0.740112456433373,6.1286932214004475,2,1,False,42
ABC-SMC,2025217.8217821782,76.50021279212271,1227282.0,46.35912895202637,0.5309779813167722,24.709160619880723,36.55751150730374,27.624999660981956,0.7865805625914403,10.278666576384436,0.740112456433373,6.1286932214004475,2,1,False,42
ABC-SMC,2021368.4210526317,76.26695185899734,1228992.0,46.370306730270386,0.5309779813167722,24.709160619880723,36.55751150730374,27.624999660981956,0.7865805625914403,10.278666576384436,0.740112456433373,6.1286932214004475,2,1,False,42
ABC-SMC,2024180.9210526317,76.28539361451801,1230702.0,46.38151931762695,0.5309779813167722,24.709160619880723,36.55751150730374,27.624999660981956,0.7865805625914403,10.278666576384436,0.740112456433373,6.1286932214004475,2,1,False,42
ABC-SMC,2026993.4210526317,76.3037679226775,1232412.0,46.392690896987915,0.5309779813167722,24.709160619880723,36.55751150730374,27.624999660981956,0.7865805625914403,10.278666576384436,0.740112456433373,6.1286932214004475,2,1,False,42
ABC-SMC,2029805.9210526317,76.32211360492204,1234122.0,46.4038450717926,0.5309779813167722,24.709160619880723,36.55751150730374,27.624999660981956,0.7865805625914403,10.278666576384436,0.740112456433373,6.1286932214004475,2,1,False,42
ABC-SMC,2032618.4210526317,76.3404161522263,1235832.0,46.41497302055359,0.5309779813167722,24.709160619880723,36.55751150730374,27.624999660981956,0.7865805625914403,10.278666576384436,0.740112456433373,6.1286932214004475,2,1,False,42
ABC-SMC,2028757.3770491804,76.10842595334913,1237542.0,46.42613983154297,0.5309779813167722,24.709160619880723,36.55751150730374,27.624999660981956,0.7865805625914403,10.278666576384436,0.740112456433373,6.1286932214004475,2,1,False,42
ABC-SMC,2031560.655737705,76.1267677682345,1239252.0,46.43732833862305,0.5309779813167722,24.709160619880723,36.55751150730374,27.624999660981956,0.7865805625914403,10.278666576384436,0.740112456433373,6.1286932214004475,2,1,False,42
ABC-SMC,2034363.9344262294,76.145025550342,1240962.0,46.44846558570862,0.5309779813167722,24.709160619880723,36.55751150730374,27.624999660981956,0.7865805625914403,10.278666576384436,0.740112456433373,6.1286932214004475,2,1,False,42
ABC-SMC,2037167.213114754,76.16323603958381,1242672.0,46.45957398414612,0.5309779813167722,24.709160619880723,36.55751150730374,27.624999660981956,0.7865805625914403,10.278666576384436,0.740112456433373,6.1286932214004475,2,1,False,42
ABC-SMC,2039970.4918032787,76.18143753927262,1244382.0,46.4706768989563,0.5309779813167722,24.709160619880723,36.55751150730374,27.624999660981956,0.7865805625914403,10.278666576384436,0.740112456433373,6.1286932214004475,2,1,False,42
ABC-SMC,2036098.0392156863,75.95072112052269,1246092.0,46.48184132575989,0.5309779813167722,24.709160619880723,36.55751150730374,27.624999660981956,0.7865805625914403,10.278666576384436,0.740112456433373,6.1286932214004475,2,1,False,42
ABC-SMC,2019097.0873786407,75.23139472146637,1247802.0,46.49300193786621,0.5309779813167722,24.709160619880723,36.55751150730374,27.624999660981956,0.7865805625914403,10.278666576384436,0.740112456433373,6.1286932214004475,2,1,False,42
ABC-SMC,2015341.9354838708,75.0067049457181,1249512.0,46.504157066345215,0.5309779813167722,24.709160619880723,36.55751150730374,27.624999660981956,0.7865805625914403,10.278666576384436,0.740112456433373,6.1286932214004475,2,1,False,42
ABC-SMC,2005163.4615384615,74.54370153255951,1251222.0,46.51526975631714,0.5309779813167722,24.709160619880723,36.55751150730374,27.624999660981956,0.7865805625914403,10.278666576384436,0.740112456433373,6.1286932214004475,2,1,False,42
ABC-SMC,2007903.8461538462,74.5615019248082,1252932.0,46.52637720108032,0.5309779813167722,24.709160619880723,36.55751150730374,27.624999660981956,0.7865805625914403,10.278666576384436,0.740112456433373,6.1286932214004475,2,1,False,42
ABC-SMC,2010644.2307692308,74.57944330496666,1254642.0,46.537572622299194,0.5309779813167722,24.709160619880723,36.55751150730374,27.624999660981956,0.7865805625914403,10.278666576384436,0.740112456433373,6.1286932214004475,2,1,False,42
ABC-SMC,2013384.6153846155,74.59723032437839,1256352.0,46.54867172241211,0.5309779813167722,24.709160619880723,36.55751150730374,27.624999660981956,0.7865805625914403,10.278666576384436,0.740112456433373,6.1286932214004475,2,1,False,42
ABC-SMC,2003283.439490446,74.1398235794845,1258062.0,46.55980920791626,0.5309779813167722,24.709160619880723,36.55751150730374,27.624999660981956,0.7865805625914403,10.278666576384436,0.740112456433373,6.1286932214004475,2,1,False,42
ABC-SMC,2006006.3694267517,74.15754286346922,1259772.0,46.57093691825867,0.5309779813167722,24.709160619880723,36.55751150730374,27.624999660981956,0.7865805625914403,10.278666576384436,0.740112456433373,6.1286932214004475,2,1,False,42
ABC-SMC,2008729.2993630574,74.17527163863942,1261482.0,46.58207058906555,0.5309779813167722,24.709160619880723,36.55751150730374,27.624999660981956,0.7865805625914403,10.278666576384436,0.740112456433373,6.1286932214004475,2,1,False,42
ABC-SMC,2011452.2292993632,74.19307216717179,1263192.0,46.59324932098389,0.5309779813167722,24.709160619880723,36.55751150730374,27.624999660981956,0.7865805625914403,10.278666576384436,0.740112456433373,6.1286932214004475,2,1,False,42
ABC-SMC,2014175.1592356688,74.21081688753358,1264902.0,46.604393005371094,0.5309779813167722,24.709160619880723,36.55751150730374,27.624999660981956,0.7865805625914403,10.278666576384436,0.740112456433373,6.1286932214004475,2,1,False,42
ABC-SMC,2016898.0891719745,74.22859046109923,1266612.0,46.61555480957031,0.5309779813167722,24.709160619880723,36.55751150730374,27.624999660981956,0.7865805625914403,10.278666576384436,0.740112456433373,6.1286932214004475,2,1,False,42
ABC-SMC,2019621.0191082803,74.24635036735778,1268322.0,46.626708030700684,0.5309779813167722,24.709160619880723,36.55751150730374,27.624999660981956,0.7865805625914403,10.278666576384436,0.740112456433373,6.1286932214004475,2,1,False,42
ABC-SMC,2022343.949044586,74.26424428915522,1270032.0,46.63794541358948,0.5309779813167722,24.709160619880723,36.55751150730374,27.624999660981956,0.7865805625914403,10.278666576384436,0.740112456433373,6.1286932214004475,2,1,False,42
ABC-SMC,2018638.0952380954,74.04613759782579,1271742.0,46.64906668663025,0.5309779813167722,24.709160619880723,36.55751150730374,27.624999660981956,0.7865805625914403,10.278666576384436,0.740112456433373,6.1286932214004475,2,1,False,42
ABC-SMC,2008599.3690851736,73.59664598097937,1273452.0,46.66027355194092,0.5309779813167722,24.709160619880723,36.55751150730374,27.624999660981956,0.7865805625914403,10.278666576384436,0.740112456433373,6.1286932214004475,2,1,False,42
ABC-SMC,2011296.5299684543,73.61422088996093,1275162.0,46.67141604423523,0.5309779813167722,24.709160619880723,36.55751150730374,27.624999660981956,0.7865805625914403,10.278666576384436,0.740112456433373,6.1286932214004475,2,1,False,42
ABC-SMC,2007660.3773584906,73.40028113539114,1276872.0,46.682578802108765,0.5309779813167722,24.709160619880723,36.55751150730374,27.624999660981956,0.7865805625914403,10.278666576384436,0.740112456433373,6.1286932214004475,2,1,False,42
ABC-SMC,2010349.0566037735,73.41814341035278,1278582.0,46.693939208984375,0.5309779813167722,24.709160619880723,36.55751150730374,27.624999660981956,0.7865805625914403,10.278666576384436,0.740112456433373,6.1286932214004475,2,1,False,42
ABC-SMC,2013037.7358490566,73.4356034476802,1280292.0,46.70504379272461,0.5309779813167722,24.709160619880723,36.55751150730374,27.624999660981956,0.7865805625914403,10.278666576384436,0.740112456433373,6.1286932214004475,2,1,False,42
ABC-SMC,2015726.4150943398,73.45307773014284,1282002.0,46.71615743637085,0.5309779813167722,24.709160619880723,36.55751150730374,27.624999660981956,0.7865805625914403,10.278666576384436,0.740112456433373,6.1286932214004475,2,1,False,42
ABC-SMC,2018415.0943396227,73.47054039157412,1283712.0,46.72726368904114,0.5309779813167722,24.709160619880723,36.55751150730374,27.624999660981956,0.7865805625914403,10.278666576384436,0.740112456433373,6.1286932214004475,2,1,False,42
ABC-SMC,2021103.7735849055,73.48805516021056,1285422.0,46.73840308189392,0.5309779813167722,24.709160619880723,36.55751150730374,27.624999660981956,0.7865805625914403,10.278666576384436,0.740112456433373,6.1286932214004475,2,1,False,42
ABC-SMC,2023792.4528301887,73.50548370829169,1287132.0,46.74948763847351,0.5309779813167722,24.709160619880723,36.55751150730374,27.624999660981956,0.7865805625914403,10.278666576384436,0.740112456433373,6.1286932214004475,2,1,False,42
ABC-SMC,2026481.1320754718,73.52311768621769,1288842.0,46.76070284843445,0.5309779813167722,24.709160619880723,36.55751150730374,27.624999660981956,0.7865805625914403,10.278666576384436,0.740112456433373,6.1286932214004475,2,1,False,42
ABC-SMC,2016487.5,73.08098785579205,1290552.0,46.77183222770691,0.5309779813167722,24.709160619880723,36.55751150730374,27.624999660981956,0.7865805625914403,10.278666576384436,0.740112456433373,6.1286932214004475,2,1,False,42
ABC-SMC,2019159.375,73.09836633503437,1292262.0,46.782954454422,0.5309779813167722,24.709160619880723,36.55751150730374,27.624999660981956,0.7865805625914403,10.278666576384436,0.740112456433373,6.1286932214004475,2,1,False,42
ABC-SMC,2021831.25,73.11608009040356,1293972.0,46.794291257858276,0.5309779813167722,24.709160619880723,36.55751150730374,27.624999660981956,0.7865805625914403,10.278666576384436,0.740112456433373,6.1286932214004475,2,1,False,42
ABC-SMC,2024503.125,73.13349582254887,1295682.0,46.805437326431274,0.5309779813167722,24.709160619880723,36.55751150730374,27.624999660981956,0.7865805625914403,10.278666576384436,0.740112456433373,6.1286932214004475,2,1,False,42
ABC-SMC,2027175.0,73.15080016851425,1297392.0,46.81651210784912,0.5309779813167722,24.709160619880723,36.55751150730374,27.624999660981956,0.7865805625914403,10.278666576384436,0.740112456433373,6.1286932214004475,2,1,False,42
ABC-SMC,2029846.875,73.16814139485359,1299102.0,46.8276104927063,0.5309779813167722,24.709160619880723,36.55751150730374,27.624999660981956,0.7865805625914403,10.278666576384436,0.740112456433373,6.1286932214004475,2,1,False,42
ABC-SMC,2026186.9158878506,72.95750828918267,1300812.0,46.83872032165527,0.5309779813167722,24.709160619880723,36.55751150730374,27.624999660981956,0.7865805625914403,10.278666576384436,0.740112456433373,6.1286932214004475,2,1,False,42
ABC-SMC,2022549.6894409936,72.74821789368339,1302522.0,46.849852323532104,0.5309779813167722,24.709160619880723,36.55751150730374,27.624999660981956,0.7865805625914403,10.278666576384436,0.740112456433373,6.1286932214004475,2,1,False,42
ABC-SMC,2025204.9689440995,72.76539772934055,1304232.0,46.86091613769531,0.5309779813167722,24.709160619880723,36.55751150730374,27.624999660981956,0.7865805625914403,10.278666576384436,0.740112456433373,6.1286932214004475,2,1,False,42
ABC-SMC,2021582.0433436532,72.55734452522206,1305942.0,46.87204456329346,0.5309779813167722,24.709160619880723,36.55751150730374,27.624999660981956,0.7865805625914403,10.278666576384436,0.740112456433373,6.1286932214004475,2,1,False,42
ABC-SMC,2024229.1021671826,72.57459517972019,1307652.0,46.88318848609924,0.5309779813167722,24.709160619880723,36.55751150730374,27.624999660981956,0.7865805625914403,10.278666576384436,0.740112456433373,6.1286932214004475,2,1,False,42
ABC-SMC,2026876.1609907122,72.59183771470013,1309362.0,46.89432716369629,0.5309779813167722,24.709160619880723,36.55751150730374,27.624999660981956,0.7865805625914403,10.278666576384436,0.740112456433373,6.1286932214004475,2,1,False,42
ABC-SMC,2029523.2198142414,72.60898502987605,1311072.0,46.90540432929993,0.5309779813167722,24.709160619880723,36.55751150730374,27.624999660981956,0.7865805625914403,10.278666576384436,0.740112456433373,6.1286932214004475,2,1,False,42
ABC-SMC,2032170.278637771,72.62618253843704,1312782.0,46.91651391983032,0.5309779813167722,24.709160619880723,36.55751150730374,27.624999660981956,0.7865805625914403,10.278666576384436,0.740112456433373,6.1286932214004475,2,1,False,42
ABC-SMC,2028537.0370370368,72.41949549427738,1314492.0,46.92783308029175,0.5309779813167722,24.709160619880723,36.55751150730374,27.624999660981956,0.7865805625914403,10.278666576384436,0.740112456433373,6.1286932214004475,2,1,False,42
ABC-SMC,2031175.9259259258,72.43674147276232,1316202.0,46.939008474349976,0.5309779813167722,24.709160619880723,36.55751150730374,27.624999660981956,0.7865805625914403,10.278666576384436,0.740112456433373,6.1286932214004475,2,1,False,42
ABC-SMC,2033814.8148148148,72.45400915911168,1317912.0,46.95019793510437,0.5309779813167722,24.709160619880723,36.55751150730374,27.624999660981956,0.7865805625914403,10.278666576384436,0.740112456433373,6.1286932214004475,2,1,False,42
ABC-SMC,2036453.7037037036,72.47132467634884,1319622.0,46.96141839027405,0.5309779813167722,24.709160619880723,36.55751150730374,27.624999660981956,0.7865805625914403,10.278666576384436,0.740112456433373,6.1286932214004475,2,1,False,42
ABC-SMC,2039092.5925925926,72.48860965540379,1321332.0,46.97261905670166,0.5309779813167722,24.709160619880723,36.55751150730374,27.624999660981956,0.7865805625914403,10.278666576384436,0.740112456433373,6.1286932214004475,2,1,False,42
ABC-SMC,2029205.5214723926,72.06113353097365,1323042.0,46.983859062194824,0.5309779813167722,24.709160619880723,36.55751150730374,27.624999660981956,0.7865805625914403,10.278666576384436,0.740112456433373,6.1286932214004475,2,1,False,42
ABC-SMC,2031828.2208588957,72.07826273572957,1324752.0,46.99502730369568,0.5309779813167722,24.709160619880723,36.55751150730374,27.624999660981956,0.7865805625914403,10.278666576384436,0.740112456433373,6.1286932214004475,2,1,False,42
ABC-SMC,2034450.9202453988,72.0954321644789,1326462.0,47.006221771240234,0.5309779813167722,24.709160619880723,36.55751150730374,27.624999660981956,0.7865805625914403,10.278666576384436,0.740112456433373,6.1286932214004475,2,1,False,42
ABC-SMC,2037073.6196319018,72.11249920488136,1328172.0,47.01734948158264,0.5309779813167722,24.709160619880723,36.55751150730374,27.624999660981956,0.7865805625914403,10.278666576384436,0.740112456433373,6.1286932214004475,2,1,False,42
ABC-SMC,2033458.7155963301,71.90905032901588,1329882.0,47.02851891517639,0.5309779813167722,24.709160619880723,36.55751150730374,27.624999660981956,0.7865805625914403,10.278666576384436,0.740112456433373,6.1286932214004475,2,1,False,42
ABC-SMC,2036073.394495413,71.92619714532789,1331592.0,47.039732933044434,0.5309779813167722,24.709160619880723,36.55751150730374,27.624999660981956,0.7865805625914403,10.278666576384436,0.740112456433373,6.1286932214004475,2,1,False,42
ABC-SMC,2038688.0733944953,71.94328052917388,1333302.0,47.05090546607971,0.5309779813167722,24.709160619880723,36.55751150730374,27.624999660981956,0.7865805625914403,10.278666576384436,0.740112456433373,6.1286932214004475,2,1,False,42
ABC-SMC,2041302.7522935779,71.96033401955887,1335012.0,47.062058448791504,0.5309779813167722,24.709160619880723,36.55751150730374,27.624999660981956,0.7865805625914403,10.278666576384436,0.740112456433373,6.1286932214004475,2,1,False,42
ABC-SMC,2031492.4012158057,71.53991870242412,1336722.0,47.07326650619507,0.5309779813167722,24.709160619880723,36.55751150730374,27.624999660981956,0.7865805625914403,10.278666576384436,0.740112456433373,6.1286932214004475,2,1,False,42
ABC-SMC,2034091.1854103345,71.55703338808564,1338432.0,47.08452796936035,0.5309779813167722,24.709160619880723,36.55751150730374,27.624999660981956,0.7865805625914403,10.278666576384436,0.740112456433373,6.1286932214004475,2,1,False,42
ABC-SMC,2024383.6858006043,71.14156711497697,1340142.0,47.095717430114746,0.5309779813167722,24.709160619880723,36.55751150730374,27.624999660981956,0.7865805625914403,10.278666576384436,0.740112456433373,6.1286932214004475,2,1,False,42
ABC-SMC,2026966.7673716012,71.15844981547929,1341852.0,47.10689377784729,0.5309779813167722,24.709160619880723,36.55751150730374,27.624999660981956,0.7865805625914403,10.278666576384436,0.740112456433373,6.1286932214004475,2,1,False,42
ABC-SMC,2023436.746987952,70.96094036676797,1343562.0,47.118064403533936,0.5309779813167722,24.709160619880723,36.55751150730374,27.624999660981956,0.7865805625914403,10.278666576384436,0.740112456433373,6.1286932214004475,2,1,False,42
ABC-SMC,2026012.0481927712,70.97784295139542,1345272.0,47.12928771972656,0.5309779813167722,24.709160619880723,36.55751150730374,27.624999660981956,0.7865805625914403,10.278666576384436,0.740112456433373,6.1286932214004475,2,1,False,42
ABC-SMC,2028587.3493975904,70.99463566240058,1346982.0,47.140438079833984,0.5309779813167722,24.709160619880723,36.55751150730374,27.624999660981956,0.7865805625914403,10.278666576384436,0.740112456433373,6.1286932214004475,2,1,False,42
ABC-SMC,2025063.063063063,70.7982080476778,1348692.0,47.15160655975342,0.5309779813167722,24.709160619880723,36.55751150730374,27.624999660981956,0.7865805625914403,10.278666576384436,0.740112456433373,6.1286932214004475,2,1,False,42
ABC-SMC,2027630.6306306305,70.81495784782432,1350402.0,47.162761926651,0.5309779813167722,24.709160619880723,36.55751150730374,27.624999660981956,0.7865805625914403,10.278666576384436,0.740112456433373,6.1286932214004475,2,1,False,42
ABC-SMC,2030198.1981981983,70.83173843475433,1352112.0,47.17393779754639,0.5309779813167722,24.709160619880723,36.55751150730374,27.624999660981956,0.7865805625914403,10.278666576384436,0.740112456433373,6.1286932214004475,2,1,False,42
ABC-SMC,2026679.640718563,70.63643946619092,1353822.0,47.18514156341553,0.5309779813167722,24.709160619880723,36.55751150730374,27.624999660981956,0.7865805625914403,10.278666576384436,0.740112456433373,6.1286932214004475,2,1,False,42
ABC-SMC,2029239.520958084,70.6531005705188,1355532.0,47.19627118110657,0.5309779813167722,24.709160619880723,36.55751150730374,27.624999660981956,0.7865805625914403,10.278666576384436,0.740112456433373,6.1286932214004475,2,1,False,42
ABC-SMC,2025734.328358209,70.45886908004532,1357242.0,47.20744228363037,0.5309779813167722,24.709160619880723,36.55751150730374,27.624999660981956,0.7865805625914403,10.278666576384436,0.740112456433373,6.1286932214004475,2,1,False,42
ABC-SMC,2022250.0,70.26582388650804,1358952.0,47.2186336517334,0.5309779813167722,24.709160619880723,36.55751150730374,27.624999660981956,0.7865805625914403,10.278666576384436,0.740112456433373,6.1286932214004475,2,1,False,42
ABC-SMC,2024794.642857143,70.2825454728944,1360662.0,47.229870557785034,0.5309779813167722,24.709160619880723,36.55751150730374,27.624999660981956,0.7865805625914403,10.278666576384436,0.740112456433373,6.1286932214004475,2,1,False,42
ABC-SMC,2027339.2857142857,70.29926386617478,1362372.0,47.24110531806946,0.5309779813167722,24.709160619880723,36.55751150730374,27.624999660981956,0.7865805625914403,10.278666576384436,0.740112456433373,6.1286932214004475,2,1,False,42
ABC-SMC,2029883.9285714286,70.31593258891787,1364082.0,47.25230669975281,0.5309779813167722,24.709160619880723,36.55751150730374,27.624999660981956,0.7865805625914403,10.278666576384436,0.740112456433373,6.1286932214004475,2,1,False,42
ABC-SMC,2026397.6261127596,70.12387093167631,1365792.0,47.26348900794983,0.5309779813167722,24.709160619880723,36.55751150730374,27.624999660981956,0.7865805625914403,10.278666576384436,0.740112456433373,6.1286932214004475,2,1,False,42
ABC-SMC,2028934.7181008903,70.14051070906642,1367502.0,47.27470421791077,0.5309779813167722,24.709160619880723,36.55751150730374,27.624999660981956,0.7865805625914403,10.278666576384436,0.740112456433373,6.1286932214004475,2,1,False,42
ABC-SMC,2025461.5384615385,69.94959941277138,1369212.0,47.28592920303345,0.5309779813167722,24.709160619880723,36.55751150730374,27.624999660981956,0.7865805625914403,10.278666576384436,0.740112456433373,6.1286932214004475,2,1,False,42
ABC-SMC,2027991.124260355,69.96614093611227,1370922.0,47.29711127281189,0.5309779813167722,24.709160619880723,36.55751150730374,27.624999660981956,0.7865805625914403,10.278666576384436,0.740112456433373,6.1286932214004475,2,1,False,42
ABC-SMC,2024530.9734513273,69.77634514327598,1372632.0,47.30836200714111,0.5309779813167722,24.709160619880723,36.55751150730374,27.624999660981956,0.7865805625914403,10.278666576384436,0.740112456433373,6.1286932214004475,2,1,False,42
ABC-SMC,2027053.0973451328,69.79287795964244,1374342.0,47.31957125663757,0.5309779813167722,24.709160619880723,36.55751150730374,27.624999660981956,0.7865805625914403,10.278666576384436,0.740112456433373,6.1286932214004475,2,1,False,42
ABC-SMC,2017671.5542521996,69.39993436035873,1376052.0,47.33075523376465,0.5309779813167722,24.709160619880723,36.55751150730374,27.624999660981956,0.7865805625914403,10.278666576384436,0.740112456433373,6.1286932214004475,2,1,False,42
ABC-SMC,2020178.8856304986,69.41627547188588,1377762.0,47.34189987182617,0.5309779813167722,24.709160619880723,36.55751150730374,27.624999660981956,0.7865805625914403,10.278666576384436,0.740112456433373,6.1286932214004475,2,1,False,42
ABC-SMC,2016771.9298245613,69.2296122249804,1379472.0,47.3530547618866,0.5309779813167722,24.709160619880723,36.55751150730374,27.624999660981956,0.7865805625914403,10.278666576384436,0.740112456433373,6.1286932214004475,2,1,False,42
ABC-SMC,2019271.9298245613,69.24590869256627,1381182.0,47.36420154571533,0.5309779813167722,24.709160619880723,36.55751150730374,27.624999660981956,0.7865805625914403,10.278666576384436,0.740112456433373,6.1286932214004475,2,1,False,42
ABC-SMC,2021771.9298245613,69.26216298376607,1382892.0,47.375319480895996,0.5309779813167722,24.709160619880723,36.55751150730374,27.624999660981956,0.7865805625914403,10.278666576384436,0.740112456433373,6.1286932214004475,2,1,False,42
ABC-SMC,2024271.9298245613,69.27847025687234,1384602.0,47.386473655700684,0.5309779813167722,24.709160619880723,36.55751150730374,27.624999660981956,0.7865805625914403,10.278666576384436,0.740112456433373,6.1286932214004475,2,1,False,42
ABC-SMC,2020862.973760933,69.09276097578488,1386312.0,47.39763402938843,0.5309779813167722,24.709160619880723,36.55751150730374,27.624999660981956,0.7865805625914403,10.278666576384436,0.740112456433373,6.1286932214004475,2,1,False,42
ABC-SMC,2005812.1387283236,68.50983090483383,1388022.0,47.40880298614502,0.5309779813167722,24.709160619880723,36.55751150730374,27.624999660981956,0.7865805625914403,10.278666576384436,0.740112456433373,6.1286932214004475,2,1,False,42
ABC-SMC,2008283.2369942195,68.5259079657538,1389732.0,47.419928312301636,0.5309779813167722,24.709160619880723,36.55751150730374,27.624999660981956,0.7865805625914403,10.278666576384436,0.740112456433373,6.1286932214004475,2,1,False,42
ABC-SMC,2010754.3352601156,68.54204084142785,1391442.0,47.431092262268066,0.5309779813167722,24.709160619880723,36.55751150730374,27.624999660981956,0.7865805625914403,10.278666576384436,0.740112456433373,6.1286932214004475,2,1,False,42
ABC-SMC,2013225.4335260116,68.5581051545336,1393152.0,47.442208766937256,0.5309779813167722,24.709160619880723,36.55751150730374,27.624999660981956,0.7865805625914403,10.278666576384436,0.740112456433373,6.1286932214004475,2,1,False,42
ABC-SMC,2015696.5317919075,68.57414293840442,1394862.0,47.453306913375854,0.5309779813167722,24.709160619880723,36.55751150730374,27.624999660981956,0.7865805625914403,10.278666576384436,0.740112456433373,6.1286932214004475,2,1,False,42
ABC-SMC,2012351.5850144092,68.39263095635846,1396572.0,47.46448588371277,0.5309779813167722,24.709160619880723,36.55751150730374,27.624999660981956,0.7865805625914403,10.278666576384436,0.740112456433373,6.1286932214004475,2,1,False,42
ABC-SMC,2009025.8620689656,68.21218818083577,1398282.0,47.475682973861694,0.5309779813167722,24.709160619880723,36.55751150730374,27.624999660981956,0.7865805625914403,10.278666576384436,0.740112456433373,6.1286932214004475,2,1,False,42
ABC-SMC,2011482.7586206899,68.22824306871699,1399992.0,47.486857175827026,0.5309779813167722,24.709160619880723,36.55751150730374,27.624999660981956,0.7865805625914403,10.278666576384436,0.740112456433373,6.1286932214004475,2,1,False,42
ABC-SMC,2008169.0544412606,68.04875828816762,1401702.0,47.49803328514099,0.5309779813167722,24.709160619880723,36.55751150730374,27.624999660981956,0.7865805625914403,10.278666576384436,0.740112456433373,6.1286932214004475,2,1,False,42
ABC-SMC,2010618.911174785,68.0647876679385,1403412.0,47.50922179222107,0.5309779813167722,24.709160619880723,36.55751150730374,27.624999660981956,0.7865805625914403,10.278666576384436,0.740112456433373,6.1286932214004475,2,1,False,42
ABC-SMC,2001598.2905982905,67.69297163710634,1405122.0,47.52046608924866,0.5309779813167722,24.709160619880723,36.55751150730374,27.624999660981956,0.7865805625914403,10.278666576384436,0.740112456433373,6.1286932214004475,2,1,False,42
ABC-SMC,2004034.188034188,67.70899662604698,1406832.0,47.531715631484985,0.5309779813167722,24.709160619880723,36.55751150730374,27.624999660981956,0.7865805625914403,10.278666576384436,0.740112456433373,6.1286932214004475,2,1,False,42
ABC-SMC,2000769.8863636362,67.5326416438276,1408542.0,47.54297971725464,0.5309779813167722,24.709160619880723,36.55751150730374,27.624999660981956,0.7865805625914403,10.278666576384436,0.740112456433373,6.1286932214004475,2,1,False,42
ABC-SMC,2003198.8636363638,67.548563873226,1410252.0,47.5541889667511,0.5309779813167722,24.709160619880723,36.55751150730374,27.624999660981956,0.7865805625914403,10.278666576384436,0.740112456433373,6.1286932214004475,2,1,False,42
ABC-SMC,2005627.840909091,67.56436689333482,1411962.0,47.565314292907715,0.5309779813167722,24.709160619880723,36.55751150730374,27.624999660981956,0.7865805625914403,10.278666576384436,0.740112456433373,6.1286932214004475,2,1,False,42
ABC-SMC,2008056.8181818184,67.5803382288326,1413672.0,47.576558113098145,0.5309779813167722,24.709160619880723,36.55751150730374,27.624999660981956,0.7865805625914403,10.278666576384436,0.740112456433373,6.1286932214004475,2,1,False,42
ABC-SMC,2010485.7954545454,67.59618527509949,1415382.0,47.587714433670044,0.5309779813167722,24.709160619880723,36.55751150730374,27.624999660981956,0.7865805625914403,10.278666576384436,0.740112456433373,6.1286932214004475,2,1,False,42
ABC-SMC,2012914.7727272727,67.61205094781789,1417092.0,47.598883867263794,0.5309779813167722,24.709160619880723,36.55751150730374,27.624999660981956,0.7865805625914403,10.278666576384436,0.740112456433373,6.1286932214004475,2,1,False,42
ABC-SMC,2015343.75,67.62802465395494,1418802.0,47.61012935638428,0.5309779813167722,24.709160619880723,36.55751150730374,27.624999660981956,0.7865805625914403,10.278666576384436,0.740112456433373,6.1286932214004475,2,1,False,42
ABC-SMC,2006372.8813559322,67.26179149864757,1420512.0,47.62134838104248,0.5309779813167722,24.709160619880723,36.55751150730374,27.624999660981956,0.7865805625914403,10.278666576384436,0.740112456433373,6.1286932214004475,2,1,False,42
ABC-SMC,2008788.1355932204,67.27761063872084,1422222.0,47.632548332214355,0.5309779813167722,24.709160619880723,36.55751150730374,27.624999660981956,0.7865805625914403,10.278666576384436,0.740112456433373,6.1286932214004475,2,1,False,42
ABC-SMC,2011203.3898305085,67.2933860013714,1423932.0,47.64371728897095,0.5309779813167722,24.709160619880723,36.55751150730374,27.624999660981956,0.7865805625914403,10.278666576384436,0.740112456433373,6.1286932214004475,2,1,False,42
ABC-SMC,2013618.6440677966,67.3092011004518,1425642.0,47.65491437911987,0.5309779813167722,24.709160619880723,36.55751150730374,27.624999660981956,0.7865805625914403,10.278666576384436,0.740112456433373,6.1286932214004475,2,1,False,42
ABC-SMC,2010354.929577465,67.13526551152619,1427352.0,47.666038513183594,0.5309779813167722,24.709160619880723,36.55751150730374,27.624999660981956,0.7865805625914403,10.278666576384436,0.740112456433373,6.1286932214004475,2,1,False,42
ABC-SMC,2012763.3802816903,67.15101591298279,1429062.0,47.67722129821777,0.5309779813167722,24.709160619880723,36.55751150730374,27.624999660981956,0.7865805625914403,10.278666576384436,0.740112456433373,6.1286932214004475,2,1,False,42
ABC-SMC,2015171.8309859154,67.16672635414231,1430772.0,47.68837571144104,0.5309779813167722,24.709160619880723,36.55751150730374,27.624999660981956,0.7865805625914403,10.278666576384436,0.740112456433373,6.1286932214004475,2,1,False,42
ABC-SMC,2006277.3109243696,66.80617679734858,1432482.0,47.699610233306885,0.5309779813167722,24.709160619880723,36.55751150730374,27.624999660981956,0.7865805625914403,10.278666576384436,0.740112456433373,6.1286932214004475,2,1,False,42
ABC-SMC,1997481.894150418,66.44962358607555,1434192.0,47.710829734802246,0.5309779813167722,24.709160619880723,36.55751150730374,27.624999660981956,0.7865805625914403,10.278666576384436,0.740112456433373,6.1286932214004475,2,1,False,42
ABC-SMC,1999863.5097493036,66.46518620939972,1435902.0,47.722003698349,0.5309779813167722,24.709160619880723,36.55751150730374,27.624999660981956,0.7865805625914403,10.278666576384436,0.740112456433373,6.1286932214004475,2,1,False,42
ABC-SMC,1996683.3333333335,66.29605326387617,1437612.0,47.733158349990845,0.5309779813167722,24.709160619880723,36.55751150730374,27.624999660981956,0.7865805625914403,10.278666576384436,0.740112456433373,6.1286932214004475,2,1,False,42
ABC-SMC,1988013.812154696,65.94520807266235,1439322.0,47.744330644607544,0.5309779813167722,24.709160619880723,36.55751150730374,27.624999660981956,0.7865805625914403,10.278666576384436,0.740112456433373,6.1286932214004475,2,1,False,42
ABC-SMC,1984892.561983471,65.77894214756233,1441032.0,47.75551199913025,0.5309779813167722,24.709160619880723,36.55751150730374,27.624999660981956,0.7865805625914403,10.278666576384436,0.740112456433373,6.1286932214004475,2,1,False,42
ABC-SMC,1987247.9338842975,65.79433229672351,1442742.0,47.766685247421265,0.5309779813167722,24.709160619880723,36.55751150730374,27.624999660981956,0.7865805625914403,10.278666576384436,0.740112456433373,6.1286932214004475,2,1,False,42
ABC-SMC,1989603.305785124,65.80975922671232,1444452.0,47.77788519859314,0.5309779813167722,24.709160619880723,36.55751150730374,27.624999660981956,0.7865805625914403,10.278666576384436,0.740112456433373,6.1286932214004475,2,1,False,42
ABC-SMC,1991958.6776859504,65.82513197066042,1446162.0,47.78904581069946,0.5309779813167722,24.709160619880723,36.55751150730374,27.624999660981956,0.7865805625914403,10.278666576384436,0.740112456433373,6.1286932214004475,2,1,False,42
ABC-SMC,1994314.0495867769,65.8405664538549,1447872.0,47.80025124549866,0.5309779813167722,24.709160619880723,36.55751150730374,27.624999660981956,0.7865805625914403,10.278666576384436,0.740112456433373,6.1286932214004475,2,1,False,42
ABC-SMC,1996669.4214876033,65.85591161218228,1449582.0,47.811391830444336,0.5309779813167722,24.709160619880723,36.55751150730374,27.624999660981956,0.7865805625914403,10.278666576384436,0.740112456433373,6.1286932214004475,2,1,False,42
ABC-SMC,1999024.7933884298,65.87135266338169,1451292.0,47.82260203361511,0.5309779813167722,24.709160619880723,36.55751150730374,27.624999660981956,0.7865805625914403,10.278666576384436,0.740112456433373,6.1286932214004475,2,1,False,42
ABC-SMC,1995881.868131868,65.70571726495093,1453002.0,47.83376216888428,0.5309779813167722,24.709160619880723,36.55751150730374,27.624999660981956,0.7865805625914403,10.278666576384436,0.740112456433373,6.1286932214004475,2,1,False,42
ABC-SMC,1992756.1643835616,65.54091956517468,1454712.0,47.844871282577515,0.5309779813167722,24.709160619880723,36.55751150730374,27.624999660981956,0.7865805625914403,10.278666576384436,0.740112456433373,6.1286932214004475,2,1,False,42
ABC-SMC,1989647.5409836066,65.37708754096526,1456422.0,47.85602807998657,0.5309779813167722,24.709160619880723,36.55751150730374,27.624999660981956,0.7865805625914403,10.278666576384436,0.740112456433373,6.1286932214004475,2,1,False,42
ABC-SMC,1991983.606557377,65.39235903265697,1458132.0,47.86720681190491,0.5309779813167722,24.709160619880723,36.55751150730374,27.624999660981956,0.7865805625914403,10.278666576384436,0.740112456433373,6.1286932214004475,2,1,False,42
ABC-SMC,1994319.6721311477,65.40759469642015,1459842.0,47.87835931777954,0.5309779813167722,24.709160619880723,36.55751150730374,27.624999660981956,0.7865805625914403,10.278666576384436,0.740112456433373,6.1286932214004475,2,1,False,42
ABC-SMC,1996655.737704918,65.42278443529307,1461552.0,47.88947820663452,0.5309779813167722,24.709160619880723,36.55751150730374,27.624999660981956,0.7865805625914403,10.278666576384436,0.740112456433373,6.1286932214004475,2,1,False,42
ABC-SMC,1998991.8032786886,65.43801032780298,1463262.0,47.90062355995178,0.5309779813167722,24.709160619880723,36.55751150730374,27.624999660981956,0.7865805625914403,10.278666576384436,0.740112456433373,6.1286932214004475,2,1,False,42
ABC-SMC,2001327.868852459,65.45328637941287,1464972.0,47.911805629730225,0.5309779813167722,24.709160619880723,36.55751150730374,27.624999660981956,0.7865805625914403,10.278666576384436,0.740112456433373,6.1286932214004475,2,1,False,42
ABC-SMC,1992774.4565217393,65.11286257401757,1466682.0,47.92306685447693,0.5309779813167722,24.709160619880723,36.55751150730374,27.624999660981956,0.7865805625914403,10.278666576384436,0.740112456433373,6.1286932214004475,2,1,False,42
ABC-SMC,1995097.8260869565,65.12804361789124,1468392.0,47.934240102767944,0.5309779813167722,24.709160619880723,36.55751150730374,27.624999660981956,0.7865805625914403,10.278666576384436,0.740112456433373,6.1286932214004475,2,1,False,42
ABC-SMC,1997421.195652174,65.14322271813518,1470102.0,47.945411920547485,0.5309779813167722,24.709160619880723,36.55751150730374,27.624999660981956,0.7865805625914403,10.278666576384436,0.740112456433373,6.1286932214004475,2,1,False,42
ABC-SMC,1999744.5652173914,65.15834836856179,1471812.0,47.956544399261475,0.5309779813167722,24.709160619880723,36.55751150730374,27.624999660981956,0.7865805625914403,10.278666576384436,0.740112456433373,6.1286932214004475,2,1,False,42
ABC-SMC,1996642.2764227644,64.99691675025919,1473522.0,47.967724561691284,0.5309779813167722,24.709160619880723,36.55751150730374,27.624999660981956,0.7865805625914403,10.278666576384436,0.740112456433373,6.1286932214004475,2,1,False,42
ABC-SMC,1998959.349593496,65.01202660847486,1475232.0,47.97887563705444,0.5309779813167722,24.709160619880723,36.55751150730374,27.624999660981956,0.7865805625914403,10.278666576384436,0.740112456433373,6.1286932214004475,2,1,False,42
ABC-SMC,2001276.4227642277,65.02718298738888,1476942.0,47.99006104469299,0.5309779813167722,24.709160619880723,36.55751150730374,27.624999660981956,0.7865805625914403,10.278666576384436,0.740112456433373,6.1286932214004475,2,1,False,42
ABC-SMC,1998178.3783783782,64.8665044758771,1478652.0,48.00121331214905,0.5309779813167722,24.709160619880723,36.55751150730374,27.624999660981956,0.7865805625914403,10.278666576384436,0.740112456433373,6.1286932214004475,2,1,False,42
ABC-SMC,1995097.0350404314,64.70667866041076,1480362.0,48.01235556602478,0.5309779813167722,24.709160619880723,36.55751150730374,27.624999660981956,0.7865805625914403,10.278666576384436,0.740112456433373,6.1286932214004475,2,1,False,42
ABC-SMC,1992032.2580645161,64.54784735556572,1482072.0,48.023598432540894,0.5309779813167722,24.709160619880723,36.55751150730374,27.624999660981956,0.7865805625914403,10.278666576384436,0.740112456433373,6.1286932214004475,2,1,False,42
ABC-SMC,1988983.9142091153,64.38979130967374,1483782.0,48.0347843170166,0.5309779813167722,24.709160619880723,36.55751150730374,27.624999660981956,0.7865805625914403,10.278666576384436,0.740112456433373,6.1286932214004475,2,1,False,42
ABC-SMC,1980656.0,64.06124496459961,1485492.0,48.04593372344971,0.5309779813167722,24.709160619880723,36.55751150730374,27.624999660981956,0.7865805625914403,10.278666576384436,0.740112456433373,6.1286932214004475,2,1,False,42
ABC-SMC,1982936.0,64.07607428232828,1487202.0,48.057055711746216,0.5309779813167722,24.709160619880723,36.55751150730374,27.624999660981956,0.7865805625914403,10.278666576384436,0.740112456433373,6.1286932214004475,2,1,False,42
ABC-SMC,1985216.0,64.09092775980632,1488912.0,48.068195819854736,0.5309779813167722,24.709160619880723,36.55751150730374,27.624999660981956,0.7865805625914403,10.278666576384436,0.740112456433373,6.1286932214004475,2,1,False,42
ABC-SMC,1982210.1063829786,63.935355303135324,1490622.0,48.079387187957764,0.5309779813167722,24.709160619880723,36.55751150730374,27.624999660981956,0.7865805625914403,10.278666576384436,0.740112456433373,6.1286932214004475,2,1,False,42
ABC-SMC,1979220.1591511937,63.78066824348916,1492332.0,48.09062385559082,0.5309779813167722,24.709160619880723,36.55751150730374,27.624999660981956,0.7865805625914403,10.278666576384436,0.740112456433373,6.1286932214004475,2,1,False,42
ABC-SMC,1981488.0636604775,63.79560229000425,1494042.0,48.10188412666321,0.5309779813167722,24.709160619880723,36.55751150730374,27.624999660981956,0.7865805625914403,10.278666576384436,0.740112456433373,6.1286932214004475,2,1,False,42
ABC-SMC,1978507.9365079366,63.64162794496647,1495752.0,48.11307072639465,0.5309779813167722,24.709160619880723,36.55751150730374,27.624999660981956,0.7865805625914403,10.278666576384436,0.740112456433373,6.1286932214004475,2,1,False,42
ABC-SMC,1975543.5356200528,63.48855451417787,1497462.0,48.124324321746826,0.5309779813167722,24.709160619880723,36.55751150730374,27.624999660981956,0.7865805625914403,10.278666576384436,0.740112456433373,6.1286932214004475,2,1,False,42
ABC-SMC,1972594.7368421052,63.33617034711337,1499172.0,48.13548946380615,0.5309779813167722,24.709160619880723,36.55751150730374,27.624999660981956,0.7865805625914403,10.278666576384436,0.740112456433373,6.1286932214004475,2,1,False,42
ABC-SMC,1969661.4173228347,63.184575771722265,1500882.0,48.14664673805237,0.5309779813167722,24.709160619880723,36.55751150730374,27.624999660981956,0.7865805625914403,10.278666576384436,0.740112456433373,6.1286932214004475,2,1,False,42
ABC-SMC,1971905.5118110236,63.19920190675991,1502592.0,48.15779185295105,0.5309779813167722,24.709160619880723,36.55751150730374,27.624999660981956,0.7865805625914403,10.278666576384436,0.740112456433373,6.1286932214004475,2,1,False,42
ABC-SMC,1974149.6062992127,63.213918465641854,1504302.0,48.16900587081909,0.5309779813167722,24.709160619880723,36.55751150730374,27.624999660981956,0.7865805625914403,10.278666576384436,0.740112456433373,6.1286932214004475,2,1,False,42
ABC-SMC,1971219.895287958,63.063042950255706,1506012.0,48.18016481399536,0.5309779813167722,24.709160619880723,36.55751150730374,27.624999660981956,0.7865805625914403,10.278666576384436,0.740112456433373,6.1286932214004475,2,1,False,42
ABC-SMC,1973458.115183246,63.07761644193639,1507722.0,48.191298961639404,0.5309779813167722,24.709160619880723,36.55751150730374,27.624999660981956,0.7865805625914403,10.278666576384436,0.740112456433373,6.1286932214004475,2,1,False,42
ABC-SMC,1975696.335078534,63.092200231801776,1509432.0,48.20244097709656,0.5309779813167722,24.709160619880723,36.55751150730374,27.624999660981956,0.7865805625914403,10.278666576384436,0.740112456433373,6.1286932214004475,2,1,False,42
ABC-SMC,1977934.554973822,63.106762177032955,1511142.0,48.213566303253174,0.5309779813167722,24.709160619880723,36.55751150730374,27.624999660981956,0.7865805625914403,10.278666576384436,0.740112456433373,6.1286932214004475,2,1,False,42
ABC-SMC,1975002.6109660575,62.95674930353388,1512852.0,48.22486996650696,0.5309779813167722,24.709160619880723,36.55751150730374,27.624999660981956,0.7865805625914403,10.278666576384436,0.740112456433373,6.1286932214004475,2,1,False,42
ABC-SMC,1977234.9869451697,62.97129750563021,1514562.0,48.236013889312744,0.5309779813167722,24.709160619880723,36.55751150730374,27.624999660981956,0.7865805625914403,10.278666576384436,0.740112456433373,6.1286932214004475,2,1,False,42
ABC-SMC,1979467.362924282,62.98593099061253,1516272.0,48.247223138809204,0.5309779813167722,24.709160619880723,36.55751150730374,27.624999660981956,0.7865805625914403,10.278666576384436,0.740112456433373,6.1286932214004475,2,1,False,42
ABC-SMC,1971405.1948051946,62.67320428575788,1517982.0,48.25836730003357,0.5309779813167722,24.709160619880723,36.55751150730374,27.624999660981956,0.7865805625914403,10.278666576384436,0.740112456433373,6.1286932214004475,2,1,False,42
ABC-SMC,1973625.974025974,62.6876738164332,1519692.0,48.269508838653564,0.5309779813167722,24.709160619880723,36.55751150730374,27.624999660981956,0.7865805625914403,10.278666576384436,0.740112456433373,6.1286932214004475,2,1,False,42
ABC-SMC,1975846.7532467532,62.70212569794098,1521402.0,48.28063678741455,0.5309779813167722,24.709160619880723,36.55751150730374,27.624999660981956,0.7865805625914403,10.278666576384436,0.740112456433373,6.1286932214004475,2,1,False,42
ABC-SMC,1972943.0051813473,62.55414881236812,1523112.0,48.29180288314819,0.5309779813167722,24.709160619880723,36.55751150730374,27.624999660981956,0.7865805625914403,10.278666576384436,0.740112456433373,6.1286932214004475,2,1,False,42
ABC-SMC,1975158.0310880828,62.56860185781291,1524822.0,48.30296063423157,0.5309779813167722,24.709160619880723,36.55751150730374,27.624999660981956,0.7865805625914403,10.278666576384436,0.740112456433373,6.1286932214004475,2,1,False,42
ABC-SMC,1972263.5658914729,62.42131416803799,1526532.0,48.3140971660614,0.5309779813167722,24.709160619880723,36.55751150730374,27.624999660981956,0.7865805625914403,10.278666576384436,0.740112456433373,6.1286932214004475,2,1,False,42
ABC-SMC,1974472.868217054,62.43574157241704,1528242.0,48.32526397705078,0.5309779813167722,24.709160619880723,36.55751150730374,27.624999660981956,0.7865805625914403,10.278666576384436,0.740112456433373,6.1286932214004475,2,1,False,42
ABC-SMC,1976682.1705426357,62.4501954677493,1529952.0,48.336451292037964,0.5309779813167722,24.709160619880723,36.55751150730374,27.624999660981956,0.7865805625914403,10.278666576384436,0.740112456433373,6.1286932214004475,2,1,False,42
ABC-SMC,1978891.4728682172,62.46457143039358,1531662.0,48.347578287124634,0.5309779813167722,24.709160619880723,36.55751150730374,27.624999660981956,0.7865805625914403,10.278666576384436,0.740112456433373,6.1286932214004475,2,1,False,42
ABC-SMC,1981100.7751937984,62.47898004467789,1533372.0,48.35873055458069,0.5309779813167722,24.709160619880723,36.55751150730374,27.624999660981956,0.7865805625914403,10.278666576384436,0.740112456433373,6.1286932214004475,2,1,False,42
ABC-SMC,1983310.0775193798,62.493404368713534,1535082.0,48.36989498138428,0.5309779813167722,24.709160619880723,36.55751150730374,27.624999660981956,0.7865805625914403,10.278666576384436,0.740112456433373,6.1286932214004475,2,1,False,42
ABC-SMC,1985519.3798449615,62.50786072832053,1536792.0,48.38108420372009,0.5309779813167722,24.709160619880723,36.55751150730374,27.624999660981956,0.7865805625914403,10.278666576384436,0.740112456433373,6.1286932214004475,2,1,False,42
ABC-SMC,1982605.6701030927,62.36113131660776,1538502.0,48.39223790168762,0.5309779813167722,24.709160619880723,36.55751150730374,27.624999660981956,0.7865805625914403,10.278666576384436,0.740112456433373,6.1286932214004475,2,1,False,42
ABC-SMC,1984809.2783505155,62.375536591736314,1540212.0,48.40341639518738,0.5309779813167722,24.709160619880723,36.55751150730374,27.624999660981956,0.7865805625914403,10.278666576384436,0.740112456433373,6.1286932214004475,2,1,False,42
ABC-SMC,1987012.8865979381,62.39010347533472,1541922.0,48.41472029685974,0.5309779813167722,24.709160619880723,36.55751150730374,27.624999660981956,0.7865805625914403,10.278666576384436,0.740112456433373,6.1286932214004475,2,1,False,42
ABC-SMC,1989216.4948453608,62.40449830428841,1543632.0,48.42589068412781,0.5309779813167722,24.709160619880723,36.55751150730374,27.624999660981956,0.7865805625914403,10.278666576384436,0.740112456433373,6.1286932214004475,2,1,False,42
ABC-SMC,1991420.1030927834,62.418826154826846,1545342.0,48.43700909614563,0.5309779813167722,24.709160619880723,36.55751150730374,27.624999660981956,0.7865805625914403,10.278666576384436,0.740112456433373,6.1286932214004475,2,1,False,42
ABC-SMC,1993623.7113402062,62.43312358856201,1547052.0,48.44810390472412,0.5309779813167722,24.709160619880723,36.55751150730374,27.624999660981956,0.7865805625914403,10.278666576384436,0.740112456433373,6.1286932214004475,2,1,False,42
ABC-SMC,1985592.3076923077,62.127257616091995,1548762.0,48.45926094055176,0.5309779813167722,24.709160619880723,36.55751150730374,27.624999660981956,0.7865805625914403,10.278666576384436,0.740112456433373,6.1286932214004475,2,1,False,42
ABC-SMC,1987784.6153846153,62.1415743461022,1550472.0,48.47042798995972,0.5309779813167722,24.709160619880723,36.55751150730374,27.624999660981956,0.7865805625914403,10.278666576384436,0.740112456433373,6.1286932214004475,2,1,False,42
ABC-SMC,1984887.4680306907,61.99697673778095,1552182.0,48.4816358089447,0.5309779813167722,24.709160619880723,36.55751150730374,27.624999660981956,0.7865805625914403,10.278666576384436,0.740112456433373,6.1286932214004475,2,1,False,42
ABC-SMC,1982005.1020408163,61.853149715734986,1553892.0,48.49286937713623,0.5309779813167722,24.709160619880723,36.55751150730374,27.624999660981956,0.7865805625914403,10.278666576384436,0.740112456433373,6.1286932214004475,2,1,False,42
ABC-SMC,1984186.224489796,61.86743597595059,1555602.0,48.504069805145264,0.5309779813167722,24.709160619880723,36.55751150730374,27.624999660981956,0.7865805625914403,10.278666576384436,0.740112456433373,6.1286932214004475,2,1,False,42
ABC-SMC,1986367.3469387754,61.88167601215596,1557312.0,48.51523399353027,0.5309779813167722,24.709160619880723,36.55751150730374,27.624999660981956,0.7865805625914403,10.278666576384436,0.740112456433373,6.1286932214004475,2,1,False,42
ABC-SMC,1988548.4693877553,61.89595801489694,1559022.0,48.5264310836792,0.5309779813167722,24.709160619880723,36.55751150730374,27.624999660981956,0.7865805625914403,10.278666576384436,0.740112456433373,6.1286932214004475,2,1,False,42
ABC-SMC,1990729.5918367347,61.910216601527466,1560732.0,48.537609815597534,0.5309779813167722,24.709160619880723,36.55751150730374,27.624999660981956,0.7865805625914403,10.278666576384436,0.740112456433373,6.1286932214004475,2,1,False,42
ABC-SMC,1992910.7142857143,61.92445876647015,1562442.0,48.5487756729126,0.5309779813167722,24.709160619880723,36.55751150730374,27.624999660981956,0.7865805625914403,10.278666576384436,0.740112456433373,6.1286932214004475,2,1,False,42
ABC-SMC,1995091.836734694,61.93889920808831,1564152.0,48.560096979141235,0.5309779813167722,24.709160619880723,36.55751150730374,27.624999660981956,0.7865805625914403,10.278666576384436,0.740112456433373,6.1286932214004475,2,1,False,42
ABC-SMC,1997272.9591836736,61.95320006535978,1565862.0,48.571308851242065,0.5309779813167722,24.709160619880723,36.55751150730374,27.624999660981956,0.7865805625914403,10.278666576384436,0.740112456433373,6.1286932214004475,2,1,False,42
ABC-SMC,1999454.081632653,61.967420638823995,1567572.0,48.58245778083801,0.5309779813167722,24.709160619880723,36.55751150730374,27.624999660981956,0.7865805625914403,10.278666576384436,0.740112456433373,6.1286932214004475,2,1,False,42
ABC-SMC,1996541.9847328244,61.824002035398216,1569282.0,48.593665599823,0.5309779813167722,24.709160619880723,36.55751150730374,27.624999660981956,0.7865805625914403,10.278666576384436,0.740112456433373,6.1286932214004475,2,1,False,42
ABC-SMC,1993644.6700507614,61.68130599907813,1570992.0,48.60486912727356,0.5309779813167722,24.709160619880723,36.55751150730374,27.624999660981956,0.7865805625914403,10.278666576384436,0.740112456433373,6.1286932214004475,2,1,False,42
ABC-SMC,1990762.0253164556,61.53943599024905,1572702.0,48.61615443229675,0.5309779813167722,24.709160619880723,36.55751150730374,27.624999660981956,0.7865805625914403,10.278666576384436,0.740112456433373,6.1286932214004475,2,1,False,42
ABC-SMC,1992926.582278481,61.55359745025635,1574412.0,48.627341985702515,0.5309779813167722,24.709160619880723,36.55751150730374,27.624999660981956,0.7865805625914403,10.278666576384436,0.740112456433373,6.1286932214004475,2,1,False,42
ABC-SMC,1995091.1392405063,61.56777369825146,1576122.0,48.63854122161865,0.5309779813167722,24.709160619880723,36.55751150730374,27.624999660981956,0.7865805625914403,10.278666576384436,0.740112456433373,6.1286932214004475,2,1,False,42
ABC-SMC,1997255.6962025317,61.581926707979996,1577832.0,48.6497220993042,0.5309779813167722,24.709160619880723,36.55751150730374,27.624999660981956,0.7865805625914403,10.278666576384436,0.740112456433373,6.1286932214004475,2,1,False,42
ABC-SMC,1994371.212121212,61.44063701533308,1579542.0,48.6609845161438,0.5309779813167722,24.709160619880723,36.55751150730374,27.624999660981956,0.7865805625914403,10.278666576384436,0.740112456433373,6.1286932214004475,2,1,False,42
ABC-SMC,1996530.303030303,61.4548126856486,1581252.0,48.67221164703369,0.5309779813167722,24.709160619880723,36.55751150730374,27.624999660981956,0.7865805625914403,10.278666576384436,0.740112456433373,6.1286932214004475,2,1,False,42
ABC-SMC,1998689.393939394,61.46895072676919,1582962.0,48.683408975601196,0.5309779813167722,24.709160619880723,36.55751150730374,27.624999660981956,0.7865805625914403,10.278666576384436,0.740112456433373,6.1286932214004475,2,1,False,42
ABC-SMC,1995808.564231738,61.3285897660916,1584672.0,48.69490027427673,0.5309779813167722,24.709160619880723,36.55751150730374,27.624999660981956,0.7865805625914403,10.278666576384436,0.740112456433373,6.1286932214004475,2,1,False,42
ABC-SMC,1997962.216624685,61.34302279811062,1586382.0,48.70636010169983,0.5309779813167722,24.709160619880723,36.55751150730374,27.624999660981956,0.7865805625914403,10.278666576384436,0.740112456433373,6.1286932214004475,2,1,False,42
ABC-SMC,1995090.4522613066,61.202954107792536,1588092.0,48.717551469802856,0.5309779813167722,24.709160619880723,36.55751150730374,27.624999660981956,0.7865805625914403,10.278666576384436,0.740112456433373,6.1286932214004475,2,1,False,42
ABC-SMC,1997238.6934673365,61.21706722968786,1589802.0,48.72878551483154,0.5309779813167722,24.709160619880723,36.55751150730374,27.624999660981956,0.7865805625914403,10.278666576384436,0.740112456433373,6.1286932214004475,2,1,False,42
ABC-SMC,1999386.9346733668,61.23112943304244,1591512.0,48.73997902870178,0.5309779813167722,24.709160619880723,36.55751150730374,27.624999660981956,0.7865805625914403,10.278666576384436,0.740112456433373,6.1286932214004475,2,1,False,42
ABC-SMC,2001535.175879397,61.24515809006428,1593222.0,48.75114583969116,0.5309779813167722,24.709160619880723,36.55751150730374,27.624999660981956,0.7865805625914403,10.278666576384436,0.740112456433373,6.1286932214004475,2,1,False,42
ABC-SMC,2003683.4170854273,61.2592754052512,1594932.0,48.762383222579956,0.5309779813167722,24.709160619880723,36.55751150730374,27.624999660981956,0.7865805625914403,10.278666576384436,0.740112456433373,6.1286932214004475,2,1,False,42
ABC-SMC,2005831.6582914572,61.27340799600035,1596642.0,48.773632764816284,0.5309779813167722,24.709160619880723,36.55751150730374,27.624999660981956,0.7865805625914403,10.278666576384436,0.740112456433373,6.1286932214004475,2,1,False,42
ABC-SMC,2002947.3684210528,61.13386811469133,1598352.0,48.78482675552368,0.5309779813167722,24.709160619880723,36.55751150730374,27.624999660981956,0.7865805625914403,10.278666576384436,0.740112456433373,6.1286932214004475,2,1,False,42
ABC-SMC,2000077.5,60.99501848220825,1600062.0,48.7960147857666,0.5309779813167722,24.709160619880723,36.55751150730374,27.624999660981956,0.7865805625914403,10.278666576384436,0.740112456433373,6.1286932214004475,2,1,False,42
ABC-SMC,2002215.0,61.009022295475006,1601772.0,48.807217836380005,0.5309779813167722,24.709160619880723,36.55751150730374,27.624999660981956,0.7865805625914403,10.278666576384436,0.740112456433373,6.1286932214004475,2,1,False,42
ABC-SMC,2004352.5,61.023025810718536,1603482.0,48.81842064857483,0.5309779813167722,24.709160619880723,36.55751150730374,27.624999660981956,0.7865805625914403,10.278666576384436,0.740112456433373,6.1286932214004475,2,1,False,42
ABC-SMC,2006490.0,61.037012338638306,1605192.0,48.829609870910645,0.5309779813167722,24.709160619880723,36.55751150730374,27.624999660981956,0.7865805625914403,10.278666576384436,0.740112456433373,6.1286932214004475,2,1,False,42
ABC-SMC,2008627.5,61.05098307132721,1606902.0,48.84078645706177,0.5309779813167722,24.709160619880723,36.55751150730374,27.624999660981956,0.7865805625914403,10.278666576384436,0.740112456433373,6.1286932214004475,2,1,False,42
ABC-SMC,2005750.6234413965,60.912703338109345,1608612.0,48.851988077163696,0.5309779813167722,24.709160619880723,36.55751150730374,27.624999660981956,0.7865805625914403,10.278666576384436,0.740112456433373,6.1286932214004475,2,1,False,42
ABC-SMC,2002888.0597014925,60.77512698387032,1610322.0,48.86320209503174,0.5309779813167722,24.709160619880723,36.55751150730374,27.624999660981956,0.7865805625914403,10.278666576384436,0.740112456433373,6.1286932214004475,2,1,False,42
ABC-SMC,1995089.1089108912,60.48818242431867,1612032.0,48.87445139884949,0.5309779813167722,24.709160619880723,36.55751150730374,27.624999660981956,0.7865805625914403,10.278666576384436,0.740112456433373,6.1286932214004475,2,1,False,42
ABC-SMC,1997205.4455445546,60.50211486249867,1613742.0,48.885708808898926,0.5309779813167722,24.709160619880723,36.55751150730374,27.624999660981956,0.7865805625914403,10.278666576384436,0.740112456433373,6.1286932214004475,2,1,False,42
ABC-SMC,1994385.1851851852,60.36652341301058,1615452.0,48.896883964538574,0.5309779813167722,24.709160619880723,36.55751150730374,27.624999660981956,0.7865805625914403,10.278666576384436,0.740112456433373,6.1286932214004475,2,1,False,42
ABC-SMC,1996496.2962962964,60.38034079987325,1617162.0,48.90807604789734,0.5309779813167722,24.709160619880723,36.55751150730374,27.624999660981956,0.7865805625914403,10.278666576384436,0.740112456433373,6.1286932214004475,2,1,False,42
ABC-SMC,1998607.4074074074,60.39421381773772,1618872.0,48.919313192367554,0.5309779813167722,24.709160619880723,36.55751150730374,27.624999660981956,0.7865805625914403,10.278666576384436,0.740112456433373,6.1286932214004475,2,1,False,42
ABC-SMC,2000718.5185185184,60.40798204916495,1620582.0,48.93046545982361,0.5309779813167722,24.709160619880723,36.55751150730374,27.624999660981956,0.7865805625914403,10.278666576384436,0.740112456433373,6.1286932214004475,2,1,False,42
ABC-SMC,2002829.6296296297,60.42181474191171,1622292.0,48.941669940948486,0.5309779813167722,24.709160619880723,36.55751150730374,27.624999660981956,0.7865805625914403,10.278666576384436,0.740112456433373,6.1286932214004475,2,1,False,42
ABC-SMC,2004940.7407407407,60.43563006836691,1624002.0,48.9528603553772,0.5309779813167722,24.709160619880723,36.55751150730374,27.624999660981956,0.7865805625914403,10.278666576384436,0.740112456433373,6.1286932214004475,2,1,False,42
ABC-SMC,2007051.8518518517,60.44950897310987,1625712.0,48.964102268218994,0.5309779813167722,24.709160619880723,36.55751150730374,27.624999660981956,0.7865805625914403,10.278666576384436,0.740112456433373,6.1286932214004475,2,1,False,42
ABC-SMC,2009162.962962963,60.463331363819265,1627422.0,48.9752984046936,0.5309779813167722,24.709160619880723,36.55751150730374,27.624999660981956,0.7865805625914403,10.278666576384436,0.740112456433373,6.1286932214004475,2,1,False,42
ABC-SMC,2011274.0740740742,60.47710695384461,1629132.0,48.986456632614136,0.5309779813167722,24.709160619880723,36.55751150730374,27.624999660981956,0.7865805625914403,10.278666576384436,0.740112456433373,6.1286932214004475,2,1,False,42
ABC-SMC,2013385.1851851852,60.490905208352174,1630842.0,48.99763321876526,0.5309779813167722,24.709160619880723,36.55751150730374,27.624999660981956,0.7865805625914403,10.278666576384436,0.740112456433373,6.1286932214004475,2,1,False,42
ABC-SMC,2005592.1375921376,60.20733911809523,1632552.0,49.00877404212952,0.5309779813167722,24.709160619880723,36.55751150730374,27.624999660981956,0.7865805625914403,10.278666576384436,0.740112456433373,6.1286932214004475,2,1,False,42
ABC-SMC,2007692.8746928747,60.22109417130379,1634262.0,49.019970655441284,0.5309779813167722,24.709160619880723,36.55751150730374,27.624999660981956,0.7865805625914403,10.278666576384436,0.740112456433373,6.1286932214004475,2,1,False,42
ABC-SMC,2004867.6470588234,60.08721216052186,1635972.0,49.03116512298584,0.5309779813167722,24.709160619880723,36.55751150730374,27.624999660981956,0.7865805625914403,10.278666576384436,0.740112456433373,6.1286932214004475,2,1,False,42
ABC-SMC,2006963.2352941176,60.10089084213855,1637682.0,49.04232692718506,0.5309779813167722,24.709160619880723,36.55751150730374,27.624999660981956,0.7865805625914403,10.278666576384436,0.740112456433373,6.1286932214004475,2,1,False,42
ABC-SMC,2009058.8235294118,60.11458413273681,1639392.0,49.05350065231323,0.5309779813167722,24.709160619880723,36.55751150730374,27.624999660981956,0.7865805625914403,10.278666576384436,0.740112456433373,6.1286932214004475,2,1,False,42
ABC-SMC,2006237.163814181,59.9812633542385,1641102.0,49.06467342376709,0.5309779813167722,24.709160619880723,36.55751150730374,27.624999660981956,0.7865805625914403,10.278666576384436,0.740112456433373,6.1286932214004475,2,1,False,42
ABC-SMC,2008327.6283618582,59.99490596845855,1642812.0,49.0758330821991,0.5309779813167722,24.709160619880723,36.55751150730374,27.624999660981956,0.7865805625914403,10.278666576384436,0.740112456433373,6.1286932214004475,2,1,False,42
ABC-SMC,2010418.0929095356,60.00852351666663,1644522.0,49.0869722366333,0.5309779813167722,24.709160619880723,36.55751150730374,27.624999660981956,0.7865805625914403,10.278666576384436,0.740112456433373,6.1286932214004475,2,1,False,42
ABC-SMC,2007600.0,59.87586073759125,1646232.0,49.09820580482483,0.5309779813167722,24.709160619880723,36.55751150730374,27.624999660981956,0.7865805625914403,10.278666576384436,0.740112456433373,6.1286932214004475,2,1,False,42
ABC-SMC,2004795.6204379562,59.743854541268085,1647942.0,49.10944843292236,0.5309779813167722,24.709160619880723,36.55751150730374,27.624999660981956,0.7865805625914403,10.278666576384436,0.740112456433373,6.1286932214004475,2,1,False,42
ABC-SMC,2006875.9124087591,59.75746934431313,1649652.0,49.12063980102539,0.5309779813167722,24.709160619880723,36.55751150730374,27.624999660981956,0.7865805625914403,10.278666576384436,0.740112456433373,6.1286932214004475,2,1,False,42
ABC-SMC,2008956.204379562,59.771062103791245,1651362.0,49.131813049316406,0.5309779813167722,24.709160619880723,36.55751150730374,27.624999660981956,0.7865805625914403,10.278666576384436,0.740112456433373,6.1286932214004475,2,1,False,42
ABC-SMC,2011036.496350365,59.78460642543152,1653072.0,49.14294648170471,0.5309779813167722,24.709160619880723,36.55751150730374,27.624999660981956,0.7865805625914403,10.278666576384436,0.740112456433373,6.1286932214004475,2,1,False,42
ABC-SMC,2008230.5825242717,59.65302262491392,1654782.0,49.15409064292908,0.5309779813167722,24.709160619880723,36.55751150730374,27.624999660981956,0.7865805625914403,10.278666576384436,0.740112456433373,6.1286932214004475,2,1,False,42
ABC-SMC,2010305.8252427184,59.666655306677214,1656492.0,49.165323972702026,0.5309779813167722,24.709160619880723,36.55751150730374,27.624999660981956,0.7865805625914403,10.278666576384436,0.740112456433373,6.1286932214004475,2,1,False,42
ABC-SMC,2012381.067961165,59.68024053619903,1658202.0,49.176518201828,0.5309779813167722,24.709160619880723,36.55751150730374,27.624999660981956,0.7865805625914403,10.278666576384436,0.740112456433373,6.1286932214004475,2,1,False,42
ABC-SMC,2014456.3106796117,59.693827501778465,1659912.0,49.187713861465454,0.5309779813167722,24.709160619880723,36.55751150730374,27.624999660981956,0.7865805625914403,10.278666576384436,0.740112456433373,6.1286932214004475,2,1,False,42
ABC-SMC,2016531.5533980583,59.70741388867203,1661622.0,49.19890904426575,0.5309779813167722,24.709160619880723,36.55751150730374,27.624999660981956,0.7865805625914403,10.278666576384436,0.740112456433373,6.1286932214004475,2,1,False,42
ABC-SMC,2018606.796116505,59.720951376609435,1663332.0,49.21006393432617,0.5309779813167722,24.709160619880723,36.55751150730374,27.624999660981956,0.7865805625914403,10.278666576384436,0.740112456433373,6.1286932214004475,2,1,False,42
ABC-SMC,2020682.0388349516,59.73448394571693,1665042.0,49.22121477127075,0.5309779813167722,24.709160619880723,36.55751150730374,27.624999660981956,0.7865805625914403,10.278666576384436,0.740112456433373,6.1286932214004475,2,1,False,42
ABC-SMC,2022757.2815533981,59.7480283778848,1666752.0,49.232375383377075,0.5309779813167722,24.709160619880723,36.55751150730374,27.624999660981956,0.7865805625914403,10.278666576384436,0.740112456433373,6.1286932214004475,2,1,False,42
ABC-SMC,2024832.5242718447,59.761531434012845,1668462.0,49.24350190162659,0.5309779813167722,24.709160619880723,36.55751150730374,27.624999660981956,0.7865805625914403,10.278666576384436,0.740112456433373,6.1286932214004475,2,1,False,42
ABC-SMC,2026907.7669902912,59.77515543548806,1670172.0,49.25472807884216,0.5309779813167722,24.709160619880723,36.55751150730374,27.624999660981956,0.7865805625914403,10.278666576384436,0.740112456433373,6.1286932214004475,2,1,False,42
ABC-SMC,2024070.2179176756,59.643983552300035,1671882.0,49.26593041419983,0.5309779813167722,24.709160619880723,36.55751150730374,27.624999660981956,0.7865805625914403,10.278666576384436,0.740112456433373,6.1286932214004475,2,1,False,42
ABC-SMC,2026140.4358353512,59.65752087840156,1673592.0,49.27711224555969,0.5309779813167722,24.709160619880723,36.55751150730374,27.624999660981956,0.7865805625914403,10.278666576384436,0.740112456433373,6.1286932214004475,2,1,False,42
ABC-SMC,2023311.5942028984,59.52690217805946,1675302.0,49.28827500343323,0.5309779813167722,24.709160619880723,36.55751150730374,27.624999660981956,0.7865805625914403,10.278666576384436,0.740112456433373,6.1286932214004475,2,1,False,42
ABC-SMC,2025376.8115942029,59.54042293023372,1677012.0,49.29947018623352,0.5309779813167722,24.709160619880723,36.55751150730374,27.624999660981956,0.7865805625914403,10.278666576384436,0.740112456433373,6.1286932214004475,2,1,False,42
ABC-SMC,2022556.626506024,59.41050885671593,1678722.0,49.31072235107422,0.5309779813167722,24.709160619880723,36.55751150730374,27.624999660981956,0.7865805625914403,10.278666576384436,0.740112456433373,6.1286932214004475,2,1,False,42
ABC-SMC,2024616.8674698796,59.42399789051837,1680432.0,49.32191824913025,0.5309779813167722,24.709160619880723,36.55751150730374,27.624999660981956,0.7865805625914403,10.278666576384436,0.740112456433373,6.1286932214004475,2,1,False,42
ABC-SMC,2026677.1084337349,59.437454752175206,1682142.0,49.33308744430542,0.5309779813167722,24.709160619880723,36.55751150730374,27.624999660981956,0.7865805625914403,10.278666576384436,0.740112456433373,6.1286932214004475,2,1,False,42
ABC-SMC,2028737.3493975904,59.45087111139872,1683852.0,49.34422302246094,0.5309779813167722,24.709160619880723,36.55751150730374,27.624999660981956,0.7865805625914403,10.278666576384436,0.740112456433373,6.1286932214004475,2,1,False,42
ABC-SMC,2025915.8653846155,59.32140207061401,1685562.0,49.355406522750854,0.5309779813167722,24.709160619880723,36.55751150730374,27.624999660981956,0.7865805625914403,10.278666576384436,0.740112456433373,6.1286932214004475,2,1,False,42
ABC-SMC,2027971.1538461538,59.33488561556889,1687272.0,49.36662483215332,0.5309779813167722,24.709160619880723,36.55751150730374,27.624999660981956,0.7865805625914403,10.278666576384436,0.740112456433373,6.1286932214004475,2,1,False,42
ABC-SMC,2030026.4423076925,59.34835626528813,1688982.0,49.37783241271973,0.5309779813167722,24.709160619880723,36.55751150730374,27.624999660981956,0.7865805625914403,10.278666576384436,0.740112456433373,6.1286932214004475,2,1,False,42
ABC-SMC,2032081.7307692308,59.361762152268334,1690692.0,49.388986110687256,0.5309779813167722,24.709160619880723,36.55751150730374,27.624999660981956,0.7865805625914403,10.278666576384436,0.740112456433373,6.1286932214004475,2,1,False,42
ABC-SMC,2034137.0192307692,59.37521589490083,1692402.0,49.400179624557495,0.5309779813167722,24.709160619880723,36.55751150730374,27.624999660981956,0.7865805625914403,10.278666576384436,0.740112456433373,6.1286932214004475,2,1,False,42
ABC-SMC,2036192.3076923075,59.38862206844183,1694112.0,49.4113335609436,0.5309779813167722,24.709160619880723,36.55751150730374,27.624999660981956,0.7865805625914403,10.278666576384436,0.740112456433373,6.1286932214004475,2,1,False,42
ABC-SMC,2038247.5961538462,59.402027095739655,1695822.0,49.422486543655396,0.5309779813167722,24.709160619880723,36.55751150730374,27.624999660981956,0.7865805625914403,10.278666576384436,0.740112456433373,6.1286932214004475,2,1,False,42
ABC-SMC,2035410.0719424458,59.27301053520587,1697532.0,49.433690786361694,0.5309779813167722,24.709160619880723,36.55751150730374,27.624999660981956,0.7865805625914403,10.278666576384436,0.740112456433373,6.1286932214004475,2,1,False,42
ABC-SMC,2037460.4316546763,59.28639570871989,1699242.0,49.44485402107239,0.5309779813167722,24.709160619880723,36.55751150730374,27.624999660981956,0.7865805625914403,10.278666576384436,0.740112456433373,6.1286932214004475,2,1,False,42
ABC-SMC,2039510.7913669064,59.29977745175076,1700952.0,49.45601439476013,0.5309779813167722,24.709160619880723,36.55751150730374,27.624999660981956,0.7865805625914403,10.278666576384436,0.740112456433373,6.1286932214004475,2,1,False,42
ABC-SMC,2041561.1510791366,59.313160338276006,1702662.0,49.46717572212219,0.5309779813167722,24.709160619880723,36.55751150730374,27.624999660981956,0.7865805625914403,10.278666576384436,0.740112456433373,6.1286932214004475,2,1,False,42
ABC-SMC,2043611.510791367,59.32649376866915,1704372.0,49.47829580307007,0.5309779813167722,24.709160619880723,36.55751150730374,27.624999660981956,0.7865805625914403,10.278666576384436,0.740112456433373,6.1286932214004475,2,1,False,42
ABC-SMC,2040767.942583732,59.19789954235679,1706082.0,49.48944401741028,0.5309779813167722,24.709160619880723,36.55751150730374,27.624999660981956,0.7865805625914403,10.278666576384436,0.740112456433373,6.1286932214004475,2,1,False,42
ABC-SMC,2042813.3971291867,59.21120905990235,1707792.0,49.50057077407837,0.5309779813167722,24.709160619880723,36.55751150730374,27.624999660981956,0.7865805625914403,10.278666576384436,0.740112456433373,6.1286932214004475,2,1,False,42
ABC-SMC,2044858.851674641,59.22469938771006,1709502.0,49.51184868812561,0.5309779813167722,24.709160619880723,36.55751150730374,27.624999660981956,0.7865805625914403,10.278666576384436,0.740112456433373,6.1286932214004475,2,1,False,42
ABC-SMC,2042019.093078759,59.096677206581134,1711212.0,49.52301549911499,0.5309779813167722,24.709160619880723,36.55751150730374,27.624999660981956,0.7865805625914403,10.278666576384436,0.740112456433373,6.1286932214004475,2,1,False,42
ABC-SMC,2044059.6658711217,59.109968046584385,1712922.0,49.53415322303772,0.5309779813167722,24.709160619880723,36.55751150730374,27.624999660981956,0.7865805625914403,10.278666576384436,0.740112456433373,6.1286932214004475,2,1,False,42
ABC-SMC,2036380.0475059382,58.842373857022466,1714632.0,49.545278787612915,0.5309779813167722,24.709160619880723,36.55751150730374,27.624999660981956,0.7865805625914403,10.278666576384436,0.740112456433373,6.1286932214004475,2,1,False,42
ABC-SMC,2038410.9263657958,58.8556618701817,1716342.0,49.55646729469299,0.5309779813167722,24.709160619880723,36.55751150730374,27.624999660981956,0.7865805625914403,10.278666576384436,0.740112456433373,6.1286932214004475,2,1,False,42
ABC-SMC,2040441.8052256533,58.86898301276345,1718052.0,49.567683696746826,0.5309779813167722,24.709160619880723,36.55751150730374,27.624999660981956,0.7865805625914403,10.278666576384436,0.740112456433373,6.1286932214004475,2,1,False,42
ABC-SMC,2042472.6840855107,58.88228461748064,1719762.0,49.5788836479187,0.5309779813167722,24.709160619880723,36.55751150730374,27.624999660981956,0.7865805625914403,10.278666576384436,0.740112456433373,6.1286932214004475,2,1,False,42
ABC-SMC,2034836.879432624,58.6172528300725,1721472.0,49.59019589424133,0.5309779813167722,24.709160619880723,36.55751150730374,27.624999660981956,0.7865805625914403,10.278666576384436,0.740112456433373,6.1286932214004475,2,1,False,42
ABC-SMC,2036858.1560283687,58.63050450669959,1723182.0,49.60140681266785,0.5309779813167722,24.709160619880723,36.55751150730374,27.624999660981956,0.7865805625914403,10.278666576384436,0.740112456433373,6.1286932214004475,2,1,False,42
ABC-SMC,2038879.4326241135,58.643793947025955,1724892.0,49.61264967918396,0.5309779813167722,24.709160619880723,36.55751150730374,27.624999660981956,0.7865805625914403,10.278666576384436,0.740112456433373,6.1286932214004475,2,1,False,42
ABC-SMC,2040900.709219858,58.65705182366337,1726602.0,49.623865842819214,0.5309779813167722,24.709160619880723,36.55751150730374,27.624999660981956,0.7865805625914403,10.278666576384436,0.740112456433373,6.1286932214004475,2,1,False,42
ABC-SMC,2038103.7735849055,58.53195572799107,1728312.0,49.635098457336426,0.5309779813167722,24.709160619880723,36.55751150730374,27.624999660981956,0.7865805625914403,10.278666576384436,0.740112456433373,6.1286932214004475,2,1,False,42
ABC-SMC,2040120.283018868,58.54516687258234,1730022.0,49.64630150794983,0.5309779813167722,24.709160619880723,36.55751150730374,27.624999660981956,0.7865805625914403,10.278666576384436,0.740112456433373,6.1286932214004475,2,1,False,42
ABC-SMC,2042136.7924528301,58.55835917985664,1731732.0,49.65748858451843,0.5309779813167722,24.709160619880723,36.55751150730374,27.624999660981956,0.7865805625914403,10.278666576384436,0.740112456433373,6.1286932214004475,2,1,False,42
ABC-SMC,2039343.5294117646,58.43370662016027,1733442.0,49.66865062713623,0.5309779813167722,24.709160619880723,36.55751150730374,27.624999660981956,0.7865805625914403,10.278666576384436,0.740112456433373,6.1286932214004475,2,1,False,42
ABC-SMC,2036563.38028169,58.3096336870686,1735152.0,49.679807901382446,0.5309779813167722,24.709160619880723,36.55751150730374,27.624999660981956,0.7865805625914403,10.278666576384436,0.740112456433373,6.1286932214004475,2,1,False,42
ABC-SMC,2038570.4225352113,58.32277860999667,1736862.0,49.69100737571716,0.5309779813167722,24.709160619880723,36.55751150730374,27.624999660981956,0.7865805625914403,10.278666576384436,0.740112456433373,6.1286932214004475,2,1,False,42
ABC-SMC,2040577.4647887324,58.33588407632891,1738572.0,49.70217323303223,0.5309779813167722,24.709160619880723,36.55751150730374,27.624999660981956,0.7865805625914403,10.278666576384436,0.740112456433373,6.1286932214004475,2,1,False,42
ABC-SMC,2042584.5070422536,58.349070134856895,1740282.0,49.71340775489807,0.5309779813167722,24.709160619880723,36.55751150730374,27.624999660981956,0.7865805625914403,10.278666576384436,0.740112456433373,6.1286932214004475,2,1,False,42
ABC-SMC,2039803.2786885246,58.2255127837563,1741992.0,49.72458791732788,0.5309779813167722,24.709160619880723,36.55751150730374,27.624999660981956,0.7865805625914403,10.278666576384436,0.740112456433373,6.1286932214004475,2,1,False,42
ABC-SMC,2041805.6206088993,58.23859034991656,1743702.0,49.735756158828735,0.5309779813167722,24.709160619880723,36.55751150730374,27.624999660981956,0.7865805625914403,10.278666576384436,0.740112456433373,6.1286932214004475,2,1,False,42
ABC-SMC,2043807.962529274,58.2516539571436,1745412.0,49.746912479400635,0.5309779813167722,24.709160619880723,36.55751150730374,27.624999660981956,0.7865805625914403,10.278666576384436,0.740112456433373,6.1286932214004475,2,1,False,42
ABC-SMC,2041030.3738317757,58.12866581934635,1747122.0,49.758137941360474,0.5309779813167722,24.709160619880723,36.55751150730374,27.624999660981956,0.7865805625914403,10.278666576384436,0.740112456433373,6.1286932214004475,2,1,False,42
ABC-SMC,2043028.0373831776,58.14175600203398,1748832.0,49.76934313774109,0.5309779813167722,24.709160619880723,36.55751150730374,27.624999660981956,0.7865805625914403,10.278666576384436,0.740112456433373,6.1286932214004475,2,1,False,42
ABC-SMC,2040258.7412587414,58.01924180873346,1750542.0,49.78050947189331,0.5309779813167722,24.709160619880723,36.55751150730374,27.624999660981956,0.7865805625914403,10.278666576384436,0.740112456433373,6.1286932214004475,2,1,False,42
ABC-SMC,2042251.7482517483,58.03219921939023,1752252.0,49.791626930236816,0.5309779813167722,24.709160619880723,36.55751150730374,27.624999660981956,0.7865805625914403,10.278666576384436,0.740112456433373,6.1286932214004475,2,1,False,42
ABC-SMC,2039490.6976744188,57.910203379254014,1753962.0,49.80277490615845,0.5309779813167722,24.709160619880723,36.55751150730374,27.624999660981956,0.7865805625914403,10.278666576384436,0.740112456433373,6.1286932214004475,2,1,False,42
ABC-SMC,2041479.0697674418,57.92318970658059,1755672.0,49.8139431476593,0.5309779813167722,24.709160619880723,36.55751150730374,27.624999660981956,0.7865805625914403,10.278666576384436,0.740112456433373,6.1286932214004475,2,1,False,42
ABC-SMC,2043467.441860465,57.936151637587436,1757382.0,49.825090408325195,0.5309779813167722,24.709160619880723,36.55751150730374,27.624999660981956,0.7865805625914403,10.278666576384436,0.740112456433373,6.1286932214004475,2,1,False,42
ABC-SMC,2045455.8139534884,57.94911467751791,1759092.0,49.836238622665405,0.5309779813167722,24.709160619880723,36.55751150730374,27.624999660981956,0.7865805625914403,10.278666576384436,0.740112456433373,6.1286932214004475,2,1,False,42
ABC-SMC,2047444.1860465116,57.96203751896703,1760802.0,49.847352266311646,0.5309779813167722,24.709160619880723,36.55751150730374,27.624999660981956,0.7865805625914403,10.278666576384436,0.740112456433373,6.1286932214004475,2,1,False,42
ABC-SMC,2049432.5581395351,57.97501247982646,1762512.0,49.85851073265076,0.5309779813167722,24.709160619880723,36.55751150730374,27.624999660981956,0.7865805625914403,10.278666576384436,0.740112456433373,6.1286932214004475,2,1,False,42
ABC-SMC,2051420.930232558,57.98798827237861,1764222.0,49.869669914245605,0.5309779813167722,24.709160619880723,36.55751150730374,27.624999660981956,0.7865805625914403,10.278666576384436,0.740112456433373,6.1286932214004475,2,1,False,42
ABC-SMC,2053409.3023255814,58.00091499506041,1765932.0,49.88078689575195,0.5309779813167722,24.709160619880723,36.55751150730374,27.624999660981956,0.7865805625914403,10.278666576384436,0.740112456433373,6.1286932214004475,2,1,False,42
ABC-SMC,2045881.9444444443,57.74531347884072,1767642.0,49.891950845718384,0.5309779813167722,24.709160619880723,36.55751150730374,27.624999660981956,0.7865805625914403,10.278666576384436,0.740112456433373,6.1286932214004475,2,1,False,42
ABC-SMC,2047861.111111111,57.758233337490644,1769352.0,49.90311360359192,0.5309779813167722,24.709160619880723,36.55751150730374,27.624999660981956,0.7865805625914403,10.278666576384436,0.740112456433373,6.1286932214004475,2,1,False,42
ABC-SMC,2049840.2777777778,57.77127958006329,1771062.0,49.91438555717468,0.5309779813167722,24.709160619880723,36.55751150730374,27.624999660981956,0.7865805625914403,10.278666576384436,0.740112456433373,6.1286932214004475,2,1,False,42
ABC-SMC,2051819.4444444443,57.784198334923495,1772772.0,49.9255473613739,0.5309779813167722,24.709160619880723,36.55751150730374,27.624999660981956,0.7865805625914403,10.278666576384436,0.740112456433373,6.1286932214004475,2,1,False,42
ABC-SMC,2049055.427251732,57.66362488682771,1774482.0,49.9366991519928,0.5309779813167722,24.709160619880723,36.55751150730374,27.624999660981956,0.7865805625914403,10.278666576384436,0.740112456433373,6.1286932214004475,2,1,False,42
ABC-SMC,2051030.0230946883,57.676569418874124,1776192.0,49.947909116744995,0.5309779813167722,24.709160619880723,36.55751150730374,27.624999660981956,0.7865805625914403,10.278666576384436,0.740112456433373,6.1286932214004475,2,1,False,42
ABC-SMC,2053004.6189376444,57.689560753643924,1777902.0,49.95915961265564,0.5309779813167722,24.709160619880723,36.55751150730374,27.624999660981956,0.7865805625914403,10.278666576384436,0.740112456433373,6.1286932214004475,2,1,False,42
ABC-SMC,2054979.2147806005,57.70248271025907,1779612.0,49.97035002708435,0.5309779813167722,24.709160619880723,36.55751150730374,27.624999660981956,0.7865805625914403,10.278666576384436,0.740112456433373,6.1286932214004475,2,1,False,42
ABC-SMC,2056953.8106235564,57.71540026191201,1781322.0,49.981536626815796,0.5309779813167722,24.709160619880723,36.55751150730374,27.624999660981956,0.7865805625914403,10.278666576384436,0.740112456433373,6.1286932214004475,2,1,False,42
ABC-SMC,2058928.4064665125,57.728296889994496,1783032.0,49.99270510673523,0.5309779813167722,24.709160619880723,36.55751150730374,27.624999660981956,0.7865805625914403,10.278666576384436,0.740112456433373,6.1286932214004475,2,1,False,42
ABC-SMC,2060903.0023094688,57.74116158210103,1784742.0,50.00384593009949,0.5309779813167722,24.709160619880723,36.55751150730374,27.624999660981956,0.7865805625914403,10.278666576384436,0.740112456433373,6.1286932214004475,2,1,False,42
ABC-SMC,2058124.4239631337,57.620953030300576,1786452.0,50.0149872303009,0.5309779813167722,24.709160619880723,36.55751150730374,27.624999660981956,0.7865805625914403,10.278666576384436,0.740112456433373,6.1286932214004475,2,1,False,42
ABC-SMC,2060094.4700460827,57.63389437978718,1788162.0,50.02622032165527,0.5309779813167722,24.709160619880723,36.55751150730374,27.624999660981956,0.7865805625914403,10.278666576384436,0.740112456433373,6.1286932214004475,2,1,False,42
ABC-SMC,2062064.5161290322,57.646812931183845,1789872.0,50.03743362426758,0.5309779813167722,24.709160619880723,36.55751150730374,27.624999660981956,0.7865805625914403,10.278666576384436,0.740112456433373,6.1286932214004475,2,1,False,42
ABC-SMC,2064034.5622119817,57.65976114756501,1791582.0,50.048672676086426,0.5309779813167722,24.709160619880723,36.55751150730374,27.624999660981956,0.7865805625914403,10.278666576384436,0.740112456433373,6.1286932214004475,2,1,False,42
ABC-SMC,2061255.172413793,57.54013993274206,1793292.0,50.059921741485596,0.5309779813167722,24.709160619880723,36.55751150730374,27.624999660981956,0.7865805625914403,10.278666576384436,0.740112456433373,6.1286932214004475,2,1,False,42
ABC-SMC,2063220.6896551724,57.5529241013801,1795002.0,50.071043968200684,0.5309779813167722,24.709160619880723,36.55751150730374,27.624999660981956,0.7865805625914403,10.278666576384436,0.740112456433373,6.1286932214004475,2,1,False,42
ABC-SMC,2065186.2068965517,57.56574608813757,1796712.0,50.08219909667969,0.5309779813167722,24.709160619880723,36.55751150730374,27.624999660981956,0.7865805625914403,10.278666576384436,0.740112456433373,6.1286932214004475,2,1,False,42
ABC-SMC,2067151.7241379311,57.57856451231858,1798422.0,50.09335112571716,0.5309779813167722,24.709160619880723,36.55751150730374,27.624999660981956,0.7865805625914403,10.278666576384436,0.740112456433373,6.1286932214004475,2,1,False,42
ABC-SMC,2069117.2413793101,57.591430620215405,1800132.0,50.1045446395874,0.5309779813167722,24.709160619880723,36.55751150730374,27.624999660981956,0.7865805625914403,10.278666576384436,0.740112456433373,6.1286932214004475,2,1,False,42
ABC-SMC,2071082.7586206896,57.60430303113214,1801842.0,50.11574363708496,0.5309779813167722,24.709160619880723,36.55751150730374,27.624999660981956,0.7865805625914403,10.278666576384436,0.740112456433373,6.1286932214004475,2,1,False,42
ABC-SMC,2068293.5779816513,57.485112083067584,1803552.0,50.12701773643494,0.5309779813167722,24.709160619880723,36.55751150730374,27.624999660981956,0.7865805625914403,10.278666576384436,0.740112456433373,6.1286932214004475,2,1,False,42
ABC-SMC,2070254.5871559633,57.49793993223698,1805262.0,50.138203620910645,0.5309779813167722,24.709160619880723,36.55751150730374,27.624999660981956,0.7865805625914403,10.278666576384436,0.740112456433373,6.1286932214004475,2,1,False,42
ABC-SMC,2072215.5963302753,57.51073770566818,1806972.0,50.14936327934265,0.5309779813167722,24.709160619880723,36.55751150730374,27.624999660981956,0.7865805625914403,10.278666576384436,0.740112456433373,6.1286932214004475,2,1,False,42
ABC-SMC,2069430.2059496567,57.391976873716445,1808682.0,50.160587787628174,0.5309779813167722,24.709160619880723,36.55751150730374,27.624999660981956,0.7865805625914403,10.278666576384436,0.740112456433373,6.1286932214004475,2,1,False,42
ABC-SMC,2071386.7276887873,57.40471644587048,1810392.0,50.171722173690796,0.5309779813167722,24.709160619880723,36.55751150730374,27.624999660981956,0.7865805625914403,10.278666576384436,0.740112456433373,6.1286932214004475,2,1,False,42
ABC-SMC,2068609.5890410962,57.28643697146411,1812102.0,50.18291878700256,0.5309779813167722,24.709160619880723,36.55751150730374,27.624999660981956,0.7865805625914403,10.278666576384436,0.740112456433373,6.1286932214004475,2,1,False,42
ABC-SMC,2070561.6438356165,57.299212233660974,1813812.0,50.19410991668701,0.5309779813167722,24.709160619880723,36.55751150730374,27.624999660981956,0.7865805625914403,10.278666576384436,0.740112456433373,6.1286932214004475,2,1,False,42
ABC-SMC,2063093.1818181816,57.05151530829343,1815522.0,50.20533347129822,0.5309779813167722,24.709160619880723,36.55751150730374,27.624999660981956,0.7865805625914403,10.278666576384436,0.740112456433373,6.1286932214004475,2,1,False,42
ABC-SMC,2065036.3636363635,57.06428831273859,1817232.0,50.21657371520996,0.5309779813167722,24.709160619880723,36.55751150730374,27.624999660981956,0.7865805625914403,10.278666576384436,0.740112456433373,6.1286932214004475,2,1,False,42
ABC-SMC,2066979.5454545456,57.077014717188746,1818942.0,50.2277729511261,0.5309779813167722,24.709160619880723,36.55751150730374,27.624999660981956,0.7865805625914403,10.278666576384436,0.740112456433373,6.1286932214004475,2,1,False,42
ABC-SMC,2068922.727272727,57.08974057977849,1820652.0,50.23897171020508,0.5309779813167722,24.709160619880723,36.55751150730374,27.624999660981956,0.7865805625914403,10.278666576384436,0.740112456433373,6.1286932214004475,2,1,False,42
ABC-SMC,2066170.0680272111,56.97296103652643,1822362.0,50.25015163421631,0.5309779813167722,24.709160619880723,36.55751150730374,27.624999660981956,0.7865805625914403,10.278666576384436,0.740112456433373,6.1286932214004475,2,1,False,42
ABC-SMC,2063429.8642533936,56.85677679415742,1824072.0,50.261390686035156,0.5309779813167722,24.709160619880723,36.55751150730374,27.624999660981956,0.7865805625914403,10.278666576384436,0.740112456433373,6.1286932214004475,2,1,False,42
ABC-SMC,2065364.253393665,56.86937764758977,1825782.0,50.27252984046936,0.5309779813167722,24.709160619880723,36.55751150730374,27.624999660981956,0.7865805625914403,10.278666576384436,0.740112456433373,6.1286932214004475,2,1,False,42
ABC-SMC,2067298.6425339368,56.88200762908383,1827492.0,50.28369474411011,0.5309779813167722,24.709160619880723,36.55751150730374,27.624999660981956,0.7865805625914403,10.278666576384436,0.740112456433373,6.1286932214004475,2,1,False,42
ABC-SMC,2069233.0316742081,56.894658647511335,1829202.0,50.294878244400024,0.5309779813167722,24.709160619880723,36.55751150730374,27.624999660981956,0.7865805625914403,10.278666576384436,0.740112456433373,6.1286932214004475,2,1,False,42
ABC-SMC,2071167.4208144795,56.9073522792143,1830912.0,50.30609941482544,0.5309779813167722,24.709160619880723,36.55751150730374,27.624999660981956,0.7865805625914403,10.278666576384436,0.740112456433373,6.1286932214004475,2,1,False,42
ABC-SMC,2073101.8099547508,56.91998576686393,1832622.0,50.317267417907715,0.5309779813167722,24.709160619880723,36.55751150730374,27.624999660981956,0.7865805625914403,10.278666576384436,0.740112456433373,6.1286932214004475,2,1,False,42
ABC-SMC,2070352.1444695261,56.80412175154848,1834332.0,50.32845187187195,0.5309779813167722,24.709160619880723,36.55751150730374,27.624999660981956,0.7865805625914403,10.278666576384436,0.740112456433373,6.1286932214004475,2,1,False,42
ABC-SMC,2072282.1670428894,56.816711920916894,1836042.0,50.33960676193237,0.5309779813167722,24.709160619880723,36.55751150730374,27.624999660981956,0.7865805625914403,10.278666576384436,0.740112456433373,6.1286932214004475,2,1,False,42
ABC-SMC,2074212.189616253,56.82928863551224,1837752.0,50.35074973106384,0.5309779813167722,24.709160619880723,36.55751150730374,27.624999660981956,0.7865805625914403,10.278666576384436,0.740112456433373,6.1286932214004475,2,1,False,42
ABC-SMC,2066811.235955056,56.58648710572318,1839462.0,50.36197352409363,0.5309779813167722,24.709160619880723,36.55751150730374,27.624999660981956,0.7865805625914403,10.278666576384436,0.740112456433373,6.1286932214004475,2,1,False,42
ABC-SMC,2068732.5842696629,56.599050693297656,1841172.0,50.37315511703491,0.5309779813167722,24.709160619880723,36.55751150730374,27.624999660981956,0.7865805625914403,10.278666576384436,0.740112456433373,6.1286932214004475,2,1,False,42
ABC-SMC,2070653.9325842697,56.61156525772609,1842882.0,50.38429307937622,0.5309779813167722,24.709160619880723,36.55751150730374,27.624999660981956,0.7865805625914403,10.278666576384436,0.740112456433373,6.1286932214004475,2,1,False,42
ABC-SMC,2072575.2808988765,56.62411116482167,1844592.0,50.395458936691284,0.5309779813167722,24.709160619880723,36.55751150730374,27.624999660981956,0.7865805625914403,10.278666576384436,0.740112456433373,6.1286932214004475,2,1,False,42
ABC-SMC,2069845.2914798209,56.5096671805788,1846302.0,50.406623125076294,0.5309779813167722,24.709160619880723,36.55751150730374,27.624999660981956,0.7865805625914403,10.278666576384436,0.740112456433373,6.1286932214004475,2,1,False,42
ABC-SMC,2071762.331838565,56.522142459458834,1848012.0,50.41775107383728,0.5309779813167722,24.709160619880723,36.55751150730374,27.624999660981956,0.7865805625914403,10.278666576384436,0.740112456433373,6.1286932214004475,2,1,False,42
ABC-SMC,2073679.3721973095,56.534595019079646,1849722.0,50.42885875701904,0.5309779813167722,24.709160619880723,36.55751150730374,27.624999660981956,0.7865805625914403,10.278666576384436,0.740112456433373,6.1286932214004475,2,1,False,42
ABC-SMC,2075596.412556054,56.54707778195095,1851432.0,50.439993381500244,0.5309779813167722,24.709160619880723,36.55751150730374,27.624999660981956,0.7865805625914403,10.278666576384436,0.740112456433373,6.1286932214004475,2,1,False,42
ABC-SMC,2077513.4529147982,56.55958754064791,1853142.0,50.451152086257935,0.5309779813167722,24.709160619880723,36.55751150730374,27.624999660981956,0.7865805625914403,10.278666576384436,0.740112456433373,6.1286932214004475,2,1,False,42
ABC-SMC,2079430.4932735427,56.57212830445157,1854852.0,50.4623384475708,0.5309779813167722,24.709160619880723,36.55751150730374,27.624999660981956,0.7865805625914403,10.278666576384436,0.740112456433373,6.1286932214004475,2,1,False,42
ABC-SMC,2081347.5336322873,56.5845928919155,1856562.0,50.47345685958862,0.5309779813167722,24.709160619880723,36.55751150730374,27.624999660981956,0.7865805625914403,10.278666576384436,0.740112456433373,6.1286932214004475,2,1,False,42
ABC-SMC,2083264.5739910314,56.59704037311366,1858272.0,50.48456001281738,0.5309779813167722,24.709160619880723,36.55751150730374,27.624999660981956,0.7865805625914403,10.278666576384436,0.740112456433373,6.1286932214004475,2,1,False,42
ABC-SMC,2085181.6143497757,56.6095789986341,1859982.0,50.495744466781616,0.5309779813167722,24.709160619880723,36.55751150730374,27.624999660981956,0.7865805625914403,10.278666576384436,0.740112456433373,6.1286932214004475,2,1,False,42
ABC-SMC,2082429.5302013424,56.4954584876963,1861692.0,50.50693988800049,0.5309779813167722,24.709160619880723,36.55751150730374,27.624999660981956,0.7865805625914403,10.278666576384436,0.740112456433373,6.1286932214004475,2,1,False,42
ABC-SMC,2084342.2818791945,56.50793225973245,1863402.0,50.518091440200806,0.5309779813167722,24.709160619880723,36.55751150730374,27.624999660981956,0.7865805625914403,10.278666576384436,0.740112456433373,6.1286932214004475,2,1,False,42
ABC-SMC,2081598.2142857143,56.39432237616607,1865112.0,50.5293128490448,0.5309779813167722,24.709160619880723,36.55751150730374,27.624999660981956,0.7865805625914403,10.278666576384436,0.740112456433373,6.1286932214004475,2,1,False,42
ABC-SMC,2083506.6964285716,56.406757661274504,1866822.0,50.54045486450195,0.5309779813167722,24.709160619880723,36.55751150730374,27.624999660981956,0.7865805625914403,10.278666576384436,0.740112456433373,6.1286932214004475,2,1,False,42
ABC-SMC,2080770.6013363032,56.29353852473813,1868532.0,50.551597595214844,0.5309779813167722,24.709160619880723,36.55751150730374,27.624999660981956,0.7865805625914403,10.278666576384436,0.740112456433373,6.1286932214004475,2,1,False,42
ABC-SMC,2082674.832962138,56.30598169127127,1870242.0,50.5627715587616,0.5309779813167722,24.709160619880723,36.55751150730374,27.624999660981956,0.7865805625914403,10.278666576384436,0.740112456433373,6.1286932214004475,2,1,False,42
ABC-SMC,2075334.8115299337,56.06871830121905,1871952.0,50.573983907699585,0.5309779813167722,24.709160619880723,36.55751150730374,27.624999660981956,0.7865805625914403,10.278666576384436,0.740112456433373,6.1286932214004475,2,1,False,42
ABC-SMC,2077230.5986696228,56.08117501117174,1873662.0,50.585219860076904,0.5309779813167722,24.709160619880723,36.55751150730374,27.624999660981956,0.7865805625914403,10.278666576384436,0.740112456433373,6.1286932214004475,2,1,False,42
ABC-SMC,2079126.3858093126,56.09362009094983,1875372.0,50.59644532203674,0.5309779813167722,24.709160619880723,36.55751150730374,27.624999660981956,0.7865805625914403,10.278666576384436,0.740112456433373,6.1286932214004475,2,1,False,42
ABC-SMC,2071834.4370860928,55.85858442925459,1877082.0,50.60787749290466,0.5309779813167722,24.709160619880723,36.55751150730374,27.624999660981956,0.7865805625914403,10.278666576384436,0.740112456433373,6.1286932214004475,2,1,False,42
ABC-SMC,2073721.8543046357,55.87085588088888,1878792.0,50.61899542808533,0.5309779813167722,24.709160619880723,36.55751150730374,27.624999660981956,0.7865805625914403,10.278666576384436,0.740112456433373,6.1286932214004475,2,1,False,42
ABC-SMC,2075609.271523179,55.88321127902067,1880502.0,50.630189418792725,0.5309779813167722,24.709160619880723,36.55751150730374,27.624999660981956,0.7865805625914403,10.278666576384436,0.740112456433373,6.1286932214004475,2,1,False,42
ABC-SMC,2072920.7048458152,55.77246943234347,1882212.0,50.64140224456787,0.5309779813167722,24.709160619880723,36.55751150730374,27.624999660981956,0.7865805625914403,10.278666576384436,0.740112456433373,6.1286932214004475,2,1,False,42
ABC-SMC,2065703.9473684214,55.540136077947786,1883922.0,50.65260410308838,0.5309779813167722,24.709160619880723,36.55751150730374,27.624999660981956,0.7865805625914403,10.278666576384436,0.740112456433373,6.1286932214004475,2,1,False,42
ABC-SMC,2067578.9473684214,55.55238901523121,1885632.0,50.66377878189087,0.5309779813167722,24.709160619880723,36.55751150730374,27.624999660981956,0.7865805625914403,10.278666576384436,0.740112456433373,6.1286932214004475,2,1,False,42
ABC-SMC,2069453.9473684214,55.56459724903107,1887342.0,50.67491269111633,0.5309779813167722,24.709160619880723,36.55751150730374,27.624999660981956,0.7865805625914403,10.278666576384436,0.740112456433373,6.1286932214004475,2,1,False,42
ABC-SMC,2066796.4989059083,55.45521095492908,1889052.0,50.686062812805176,0.5309779813167722,24.709160619880723,36.55751150730374,27.624999660981956,0.7865805625914403,10.278666576384436,0.740112456433373,6.1286932214004475,2,1,False,42
ABC-SMC,2059653.5947712418,55.2257665621689,1890762.0,50.697253704071045,0.5309779813167722,24.709160619880723,36.55751150730374,27.624999660981956,0.7865805625914403,10.278666576384436,0.740112456433373,6.1286932214004475,2,1,False,42
ABC-SMC,2061516.3398692813,55.23794564806039,1892472.0,50.708434104919434,0.5309779813167722,24.709160619880723,36.55751150730374,27.624999660981956,0.7865805625914403,10.278666576384436,0.740112456433373,6.1286932214004475,2,1,False,42
ABC-SMC,2063379.08496732,55.25010967046867,1894182.0,50.719600677490234,0.5309779813167722,24.709160619880723,36.55751150730374,27.624999660981956,0.7865805625914403,10.278666576384436,0.740112456433373,6.1286932214004475,2,1,False,42
ABC-SMC,2060752.1739130435,55.142120952191554,1895892.0,50.730751276016235,0.5309779813167722,24.709160619880723,36.55751150730374,27.624999660981956,0.7865805625914403,10.278666576384436,0.740112456433373,6.1286932214004475,2,1,False,42
ABC-SMC,2062610.8695652173,55.154195557469905,1897602.0,50.741859912872314,0.5309779813167722,24.709160619880723,36.55751150730374,27.624999660981956,0.7865805625914403,10.278666576384436,0.740112456433373,6.1286932214004475,2,1,False,42
ABC-SMC,2064469.5652173914,55.166321992874146,1899312.0,50.753016233444214,0.5309779813167722,24.709160619880723,36.55751150730374,27.624999660981956,0.7865805625914403,10.278666576384436,0.740112456433373,6.1286932214004475,2,1,False,42
ABC-SMC,2066328.2608695654,55.17850284991057,1901022.0,50.764222621917725,0.5309779813167722,24.709160619880723,36.55751150730374,27.624999660981956,0.7865805625914403,10.278666576384436,0.740112456433373,6.1286932214004475,2,1,False,42
ABC-SMC,2063700.6507592192,55.07091250181715,1902732.0,50.775381326675415,0.5309779813167722,24.709160619880723,36.55751150730374,27.624999660981956,0.7865805625914403,10.278666576384436,0.740112456433373,6.1286932214004475,2,1,False,42
ABC-SMC,2065555.3145336225,55.08301806294737,1904442.0,50.786542654037476,0.5309779813167722,24.709160619880723,36.55751150730374,27.624999660981956,0.7865805625914403,10.278666576384436,0.740112456433373,6.1286932214004475,2,1,False,42
ABC-SMC,2062935.0649350649,54.975872431998646,1906152.0,50.79770612716675,0.5309779813167722,24.709160619880723,36.55751150730374,27.624999660981956,0.7865805625914403,10.278666576384436,0.740112456433373,6.1286932214004475,2,1,False,42
ABC-SMC,2064785.7142857143,54.98792005307747,1907862.0,50.80883812904358,0.5309779813167722,24.709160619880723,36.55751150730374,27.624999660981956,0.7865805625914403,10.278666576384436,0.740112456433373,6.1286932214004475,2,1,False,42
ABC-SMC,2066636.3636363635,54.99993051801409,1909572.0,50.81993579864502,0.5309779813167722,24.709160619880723,36.55751150730374,27.624999660981956,0.7865805625914403,10.278666576384436,0.740112456433373,6.1286932214004475,2,1,False,42
ABC-SMC,2068487.0129870127,55.01207025536211,1911282.0,50.83115291595459,0.5309779813167722,24.709160619880723,36.55751150730374,27.624999660981956,0.7865805625914403,10.278666576384436,0.740112456433373,6.1286932214004475,2,1,False,42
ABC-SMC,2070337.6623376627,55.02418625406372,1912992.0,50.84234809875488,0.5309779813167722,24.709160619880723,36.55751150730374,27.624999660981956,0.7865805625914403,10.278666576384436,0.740112456433373,6.1286932214004475,2,1,False,42
ABC-SMC,2067712.7429805615,54.91743618159778,1914702.0,50.853545904159546,0.5309779813167722,24.709160619880723,36.55751150730374,27.624999660981956,0.7865805625914403,10.278666576384436,0.740112456433373,6.1286932214004475,2,1,False,42
ABC-SMC,2069559.39524838,54.92951648539137,1916412.0,50.86473226547241,0.5309779813167722,24.709160619880723,36.55751150730374,27.624999660981956,0.7865805625914403,10.278666576384436,0.740112456433373,6.1286932214004475,2,1,False,42
ABC-SMC,2071406.0475161986,54.94154529489143,1918122.0,50.87587094306946,0.5309779813167722,24.709160619880723,36.55751150730374,27.624999660981956,0.7865805625914403,10.278666576384436,0.740112456433373,6.1286932214004475,2,1,False,42
ABC-SMC,2073252.6997840174,54.95362817339969,1919832.0,50.887059688568115,0.5309779813167722,24.709160619880723,36.55751150730374,27.624999660981956,0.7865805625914403,10.278666576384436,0.740112456433373,6.1286932214004475,2,1,False,42
ABC-SMC,2066174.193548387,54.72935989338865,1921542.0,50.89830470085144,0.5309779813167722,24.709160619880723,36.55751150730374,27.624999660981956,0.7865805625914403,10.278666576384436,0.740112456433373,6.1286932214004475,2,1,False,42
ABC-SMC,2068012.9032258065,54.74135106609714,1923252.0,50.90945649147034,0.5309779813167722,24.709160619880723,36.55751150730374,27.624999660981956,0.7865805625914403,10.278666576384436,0.740112456433373,6.1286932214004475,2,1,False,42
ABC-SMC,2069851.612903226,54.75337582249795,1924962.0,50.920639514923096,0.5309779813167722,24.709160619880723,36.55751150730374,27.624999660981956,0.7865805625914403,10.278666576384436,0.740112456433373,6.1286932214004475,2,1,False,42
ABC-SMC,2071690.322580645,54.76532854059691,1926672.0,50.93175554275513,0.5309779813167722,24.709160619880723,36.55751150730374,27.624999660981956,0.7865805625914403,10.278666576384436,0.740112456433373,6.1286932214004475,2,1,False,42
ABC-SMC,2073529.0322580645,54.77725254592075,1928382.0,50.9428448677063,0.5309779813167722,24.709160619880723,36.55751150730374,27.624999660981956,0.7865805625914403,10.278666576384436,0.740112456433373,6.1286932214004475,2,1,False,42
ABC-SMC,2070914.1630901285,54.67170425750667,1930092.0,50.954028367996216,0.5309779813167722,24.709160619880723,36.55751150730374,27.624999660981956,0.7865805625914403,10.278666576384436,0.740112456433373,6.1286932214004475,2,1,False,42
ABC-SMC,2072748.9270386267,54.68370934924342,1931802.0,50.96521711349487,0.5309779813167722,24.709160619880723,36.55751150730374,27.624999660981956,0.7865805625914403,10.278666576384436,0.740112456433373,6.1286932214004475,2,1,False,42
ABC-SMC,2074583.6909871246,54.69572492935115,1933512.0,50.97641563415527,0.5309779813167722,24.709160619880723,36.55751150730374,27.624999660981956,0.7865805625914403,10.278666576384436,0.740112456433373,6.1286932214004475,2,1,False,42
ABC-SMC,2076418.4549356224,54.707691648998996,1935222.0,50.987568616867065,0.5309779813167722,24.709160619880723,36.55751150730374,27.624999660981956,0.7865805625914403,10.278666576384436,0.740112456433373,6.1286932214004475,2,1,False,42
ABC-SMC,2078253.21888412,54.71977501979713,1936932.0,50.99883031845093,0.5309779813167722,24.709160619880723,36.55751150730374,27.624999660981956,0.7865805625914403,10.278666576384436,0.740112456433373,6.1286932214004475,2,1,False,42
ABC-SMC,2071198.7179487178,54.49784184113527,1938642.0,51.00997996330261,0.5309779813167722,24.709160619880723,36.55751150730374,27.624999660981956,0.7865805625914403,10.278666576384436,0.740112456433373,6.1286932214004475,2,1,False,42
ABC-SMC,2073025.641025641,54.50969399550022,1940352.0,51.02107357978821,0.5309779813167722,24.709160619880723,36.55751150730374,27.624999660981956,0.7865805625914403,10.278666576384436,0.740112456433373,6.1286932214004475,2,1,False,42
ABC-SMC,2074852.564102564,54.52162052831079,1942062.0,51.0322368144989,0.5309779813167722,24.709160619880723,36.55751150730374,27.624999660981956,0.7865805625914403,10.278666576384436,0.740112456433373,6.1286932214004475,2,1,False,42
ABC-SMC,2076679.4871794872,54.53356107076009,1943772.0,51.043413162231445,0.5309779813167722,24.709160619880723,36.55751150730374,27.624999660981956,0.7865805625914403,10.278666576384436,0.740112456433373,6.1286932214004475,2,1,False,42
ABC-SMC,2078506.4102564103,54.54551358508249,1945482.0,51.05460071563721,0.5309779813167722,24.709160619880723,36.55751150730374,27.624999660981956,0.7865805625914403,10.278666576384436,0.740112456433373,6.1286932214004475,2,1,False,42
ABC-SMC,2075897.6545842215,54.44110685320043,1947192.0,51.065758228302,0.5309779813167722,24.709160619880723,36.55751150730374,27.624999660981956,0.7865805625914403,10.278666576384436,0.740112456433373,6.1286932214004475,2,1,False,42
ABC-SMC,2077720.6823027718,54.45301456492085,1948902.0,51.07692766189575,0.5309779813167722,24.709160619880723,36.55751150730374,27.624999660981956,0.7865805625914403,10.278666576384436,0.740112456433373,6.1286932214004475,2,1,False,42
ABC-SMC,2079543.7100213221,54.46489202950809,1950612.0,51.08806872367859,0.5309779813167722,24.709160619880723,36.55751150730374,27.624999660981956,0.7865805625914403,10.278666576384436,0.740112456433373,6.1286932214004475,2,1,False,42
ABC-SMC,2076938.2978723405,54.360945174034605,1952322.0,51.09928846359253,0.5309779813167722,24.709160619880723,36.55751150730374,27.624999660981956,0.7865805625914403,10.278666576384436,0.740112456433373,6.1286932214004475,2,1,False,42
ABC-SMC,2078757.446808511,54.37279762105739,1954032.0,51.110429763793945,0.5309779813167722,24.709160619880723,36.55751150730374,27.624999660981956,0.7865805625914403,10.278666576384436,0.740112456433373,6.1286932214004475,2,1,False,42
ABC-SMC,2080576.595744681,54.384706882720295,1955742.0,51.12162446975708,0.5309779813167722,24.709160619880723,36.55751150730374,27.624999660981956,0.7865805625914403,10.278666576384436,0.740112456433373,6.1286932214004475,2,1,False,42
ABC-SMC,2082395.7446808508,54.39661487619927,1957452.0,51.13281798362732,0.5309779813167722,24.709160619880723,36.55751150730374,27.624999660981956,0.7865805625914403,10.278666576384436,0.740112456433373,6.1286932214004475,2,1,False,42
ABC-SMC,2084214.8936170212,54.40849547690534,1959162.0,51.143985748291016,0.5309779813167722,24.709160619880723,36.55751150730374,27.624999660981956,0.7865805625914403,10.278666576384436,0.740112456433373,6.1286932214004475,2,1,False,42
ABC-SMC,2081605.095541401,54.30482780351254,1960872.0,51.15514779090881,0.5309779813167722,24.709160619880723,36.55751150730374,27.624999660981956,0.7865805625914403,10.278666576384436,0.740112456433373,6.1286932214004475,2,1,False,42
ABC-SMC,2079006.3559322034,54.20164839696076,1962582.0,51.16635608673096,0.5309779813167722,24.709160619880723,36.55751150730374,27.624999660981956,0.7865805625914403,10.278666576384436,0.740112456433373,6.1286932214004475,2,1,False,42
ABC-SMC,2076418.6046511626,54.098847300507295,1964292.0,51.17750954627991,0.5309779813167722,24.709160619880723,36.55751150730374,27.624999660981956,0.7865805625914403,10.278666576384436,0.740112456433373,6.1286932214004475,2,1,False,42
ABC-SMC,2078226.2156448206,54.11065582493143,1966002.0,51.18868041038513,0.5309779813167722,24.709160619880723,36.55751150730374,27.624999660981956,0.7865805625914403,10.278666576384436,0.740112456433373,6.1286932214004475,2,1,False,42
ABC-SMC,2080033.8266384779,54.122495852867594,1967712.0,51.199881076812744,0.5309779813167722,24.709160619880723,36.55751150730374,27.624999660981956,0.7865805625914403,10.278666576384436,0.740112456433373,6.1286932214004475,2,1,False,42
ABC-SMC,2077449.3670886077,54.020102517011296,1969422.0,51.21105718612671,0.5309779813167722,24.709160619880723,36.55751150730374,27.624999660981956,0.7865805625914403,10.278666576384436,0.740112456433373,6.1286932214004475,2,1,False,42
ABC-SMC,2074875.789473684,53.9180999053152,1971132.0,51.22219491004944,0.5309779813167722,24.709160619880723,36.55751150730374,27.624999660981956,0.7865805625914403,10.278666576384436,0.740112456433373,6.1286932214004475,2,1,False,42
ABC-SMC,2076675.7894736843,53.92986247414037,1972842.0,51.23336935043335,0.5309779813167722,24.709160619880723,36.55751150730374,27.624999660981956,0.7865805625914403,10.278666576384436,0.740112456433373,6.1286932214004475,2,1,False,42
ABC-SMC,2078475.789473684,53.941616761057,1974552.0,51.24453592300415,0.5309779813167722,24.709160619880723,36.55751150730374,27.624999660981956,0.7865805625914403,10.278666576384436,0.740112456433373,6.1286932214004475,2,1,False,42
ABC-SMC,2080275.7894736843,53.95340869301244,1976262.0,51.255738258361816,0.5309779813167722,24.709160619880723,36.55751150730374,27.624999660981956,0.7865805625914403,10.278666576384436,0.740112456433373,6.1286932214004475,2,1,False,42
ABC-SMC,2077701.680672269,53.851808570012324,1977972.0,51.26692175865173,0.5309779813167722,24.709160619880723,36.55751150730374,27.624999660981956,0.7865805625914403,10.278666576384436,0.740112456433373,6.1286932214004475,2,1,False,42
ABC-SMC,2079497.899159664,53.86353064985836,1979682.0,51.27808117866516,0.5309779813167722,24.709160619880723,36.55751150730374,27.624999660981956,0.7865805625914403,10.278666576384436,0.740112456433373,6.1286932214004475,2,1,False,42
ABC-SMC,2081294.117647059,53.87522893793443,1981392.0,51.289217948913574,0.5309779813167722,24.709160619880723,36.55751150730374,27.624999660981956,0.7865805625914403,10.278666576384436,0.740112456433373,6.1286932214004475,2,1,False,42
ABC-SMC,2083090.336134454,53.88699634736326,1983102.0,51.30042052268982,0.5309779813167722,24.709160619880723,36.55751150730374,27.624999660981956,0.7865805625914403,10.278666576384436,0.740112456433373,6.1286932214004475,2,1,False,42
ABC-SMC,2084886.5546218485,53.89871892808866,1984812.0,51.311580419540405,0.5309779813167722,24.709160619880723,36.55751150730374,27.624999660981956,0.7865805625914403,10.278666576384436,0.740112456433373,6.1286932214004475,2,1,False,42
ABC-SMC,2086682.7731092435,53.91044526540933,1986522.0,51.32274389266968,0.5309779813167722,24.709160619880723,36.55751150730374,27.624999660981956,0.7865805625914403,10.278666576384436,0.740112456433373,6.1286932214004475,2,1,False,42
ABC-SMC,2088478.9915966385,53.92217410712683,1988232.0,51.33390974998474,0.5309779813167722,24.709160619880723,36.55751150730374,27.624999660981956,0.7865805625914403,10.278666576384436,0.740112456433373,6.1286932214004475,2,1,False,42
ABC-SMC,2090275.2100840334,53.93388717114424,1989942.0,51.34506058692932,0.5309779813167722,24.709160619880723,36.55751150730374,27.624999660981956,0.7865805625914403,10.278666576384436,0.740112456433373,6.1286932214004475,2,1,False,42
ABC-SMC,2087685.534591195,53.83252997568319,1991652.0,51.35623359680176,0.5309779813167722,24.709160619880723,36.55751150730374,27.624999660981956,0.7865805625914403,10.278666576384436,0.740112456433373,6.1286932214004475,2,1,False,42
ABC-SMC,2089477.9874213836,53.844185995105924,1993362.0,51.367353439331055,0.5309779813167722,24.709160619880723,36.55751150730374,27.624999660981956,0.7865805625914403,10.278666576384436,0.740112456433373,6.1286932214004475,2,1,False,42
ABC-SMC,2091270.4402515723,53.855829268881365,1995072.0,51.37846112251282,0.5309779813167722,24.709160619880723,36.55751150730374,27.624999660981956,0.7865805625914403,10.278666576384436,0.740112456433373,6.1286932214004475,2,1,False,42
ABC-SMC,2093062.8930817612,53.8675562640656,1996782.0,51.38964867591858,0.5309779813167722,24.709160619880723,36.55751150730374,27.624999660981956,0.7865805625914403,10.278666576384436,0.740112456433373,6.1286932214004475,2,1,False,42
ABC-SMC,2094855.3459119499,53.879276511554195,1998492.0,51.400829792022705,0.5309779813167722,24.709160619880723,36.55751150730374,27.624999660981956,0.7865805625914403,10.278666576384436,0.740112456433373,6.1286932214004475,2,1,False,42
ABC-SMC,2299416.091954023,59.09586884509558,2000492.0,51.413405895233154,0.5309779813167722,24.714722182886064,36.55758660392584,27.624999660981842,0.7879867944830908,10.278071035040078,0.7401363750913064,6.128503372461667,2,1,False,42
permABC-SMC,950.0,0.5028507709503174,1900.0,1.0057015419006348,51.36371116582999,23.962175078755685,2194.569128393659,27.624999660332776,8.214858692630697,9.96121878092449,12.925420582241413,13.125574321084429,2,1,False,42
permABC-SMC,1852.0,0.8938497304916382,3704.0,1.7876994609832764,47.43807156531397,23.959865427563994,2063.9024908651054,27.62499966033233,8.119897668223151,9.962149852910963,12.506981713955385,12.759649573602049,2,1,False,42
permABC-SMC,2708.0,1.3042633533477783,5416.0,2.6085267066955566,44.58785338253588,23.974308730566,1967.8922153436665,27.624999660374,8.081794990380287,9.972993401617114,12.146429785057084,12.462530557421479,2,1,False,42
permABC-SMC,3521.0,1.7234585285186768,7042.0,3.4469170570373535,42.65273363886764,23.97500392983267,1872.0445072357506,27.624999660373856,8.042190081212617,9.972567880644803,11.806845456040309,12.20229604864478,2,1,False,42
permABC-SMC,4293.0,2.1268268823623657,8586.0,4.2536537647247314,41.251224791001576,23.976565148819944,1792.9173903187357,27.624999660394643,8.019099283459626,9.977318297003626,11.539003556247254,11.960467927001265,2,1,False,42
permABC-SMC,5026.0,2.4956345558166504,10052.0,4.991269111633301,40.06067138904543,23.96725171157675,1709.9585871280415,27.624999660393776,7.958131742063992,9.9743440751321,11.241381350452919,11.730211760155653,2,1,False,42
permABC-SMC,5722.0,2.905617594718933,11444.0,5.811235189437866,38.540365816687896,23.970541104548786,1638.3854014721255,27.624999660394334,7.923429995202378,9.977080465685326,10.9534376348494,11.514275229775274,2,1,False,42
permABC-SMC,6383.0,3.3274595737457275,12766.0,6.654919147491455,37.46557514481054,23.964538066452263,1550.2022798676824,27.624999660393605,7.888428613225663,9.966808595513289,10.705971887727259,11.315330922476639,2,1,False,42
permABC-SMC,7011.0,3.748658537864685,14022.0,7.49731707572937,36.26646219903861,23.959515517982855,1471.7469193740285,27.624999660392824,7.883711747830098,9.95787403961233,10.485958564810321,11.119959436464574,2,1,False,42
permABC-SMC,7607.0,4.1700239181518555,15214.0,8.340047836303711,35.224185665906994,23.96082306568563,1420.8002163392307,27.624999660413476,7.927087453645598,9.963304949611691,10.274658496560868,10.937667274812924,2,1,False,42
permABC-SMC,8173.0,4.592919588088989,16346.0,9.185839176177979,34.64886241569502,23.959593008047804,1376.1288777679226,27.624999660413245,7.9931868201501945,9.968462393157207,10.083066492018455,10.764278111163048,2,1,False,42
permABC-SMC,8710.0,5.015492677688599,17420.0,10.030985355377197,33.74897592734368,23.961137868238296,1324.3789154250603,27.624999660413042,8.013879796651187,9.969972119570189,9.88749411213157,10.594937496541142,2,1,False,42
permABC-SMC,9220.0,5.438114047050476,18440.0,10.876228094100952,33.19213475095915,23.96698211421544,1290.7272762222206,27.62499966041324,8.037633175395294,9.980369989596777,9.691654405890707,10.438139154719321,2,1,False,42
permABC-SMC,14155.124653739613,8.22394145162482,20440.0,11.87537145614624,32.500961469406526,23.95178091069232,1271.1307517329374,27.624999660312504,8.477291427354537,9.966360877549683,9.806937880189285,10.40814338591749,2,1,False,42
permABC-SMC,13345.280764635603,7.158688889324594,22340.0,11.98364520072937,31.967050301802242,23.959048218548396,1232.138510756356,27.6249996603332,8.506097486402481,9.974487794390097,9.63695633883344,10.268891847526362,2,1,False,42
permABC-SMC,13564.044943820225,6.781724329744831,24144.0,12.0714693069458,31.14639221205683,23.96816440790452,1177.4446811985276,27.624999660354074,8.521464325282974,9.970738088035215,9.438796253442678,10.12972155606805,2,1,False,42
permABC-SMC,14036.916395222583,6.596495351884575,25856.0,12.150744438171387,30.54735651010116,23.96501664537801,1132.5958829731449,27.624999660353392,8.576543999242453,9.966856127901004,9.283783111156877,9.989234005316819,2,1,False,42
permABC-SMC,14711.991434689508,6.559604495699962,27482.0,12.25334119796753,29.957517455134308,23.96214295372208,1097.936984942619,27.62499966035288,8.601217084168677,9.967768607631251,9.117214883390577,9.857335215466037,2,1,False,42
permABC-SMC,15341.437632135307,6.537020710507608,29026.0,12.368043184280396,29.317380984501987,23.965757257760785,1050.6223062553204,27.62499966035347,8.599573988559229,9.963714903641083,8.949944018056748,9.729841234521569,2,1,False,42
permABC-SMC,16048.421052631578,6.572482836873908,30492.0,12.487717390060425,28.657410937243863,23.97537247489923,1017.4232329353083,27.62499966039487,8.666342562184166,9.968943794373779,8.801691041882291,9.60947465735633,2,1,False,42
permABC-SMC,16728.226652675763,6.616301076234576,31884.0,12.6106698513031,28.14809440972285,23.974099620346824,989.0961552309702,27.6249996603947,8.86765892215994,9.973435785060632,8.630131681445796,9.497962135236756,2,1,False,42
permABC-SMC,17385.340314136127,6.664675817439694,33206.0,12.729530811309814,27.676842014405565,23.973506829835234,964.1250409983277,27.624999660394202,8.845045204617682,9.978833825489128,8.466286346029515,9.385644445846802,2,1,False,42
permABC-SMC,18024.058577405856,6.721498203078075,34462.0,12.851504564285278,27.204962363681265,23.983325022293535,927.6926587746789,27.62499966041501,8.813908190135503,9.97620498882076,8.309711170555065,9.271180307066151,2,1,False,42
permABC-SMC,18647.489539748953,6.790551929793098,35654.0,12.983535289764404,26.810818228169605,23.998720193556487,903.9887325832972,27.624999660436785,8.750173188298602,9.985461010157932,8.134327884981985,9.17130001906536,2,1,False,42
permABC-SMC,19239.539748953972,6.800127079297309,36786.0,13.001842975616455,26.408055908894386,23.993866274144324,874.2088972220663,27.624999660436107,8.706953558245365,9.980320307545789,7.980821654197395,9.06196646356643,2,1,False,42
permABC-SMC,19801.255230125524,6.859709652896706,37860.0,13.115764856338501,25.951086715004124,23.99475596748159,844.793416508001,27.62499966043574,8.655702096429874,9.97834167158349,7.8324713569516975,8.95309055105741,2,1,False,42
permABC-SMC,20334.728033472802,6.919255690594597,38880.0,13.22961688041687,25.415300860254415,24.001826084726886,820.3594947302947,27.624999660436185,8.576123766346598,9.980216027077788,7.677680948708445,8.85885204694435,2,1,False,42
permABC-SMC,29075.39118065434,9.494421661832764,40880.0,13.349156856536865,24.894969099857423,23.931104838908965,764.0281010431984,27.624999660370804,8.310808793744467,9.95117294848688,7.460868758532876,8.744582790049037,2,1,False,42
permABC-SMC,26640.099626400995,8.83923832832802,42784.0,14.1958167552948,24.51255529236314,23.93386170722574,737.7513554092789,27.62499966037095,8.275189577224513,9.952154638696594,7.32314576611337,8.652837577203119,2,1,False,42
permABC-SMC,25805.55555555556,8.709597780748648,44592.0,15.050184965133667,24.15009174301104,23.93483289733871,711.5576373052359,27.624999660371483,8.22168443899048,9.950836615003388,7.1818357986727905,8.557780766978736,2,1,False,42
permABC-SMC,25500.0,8.771001111043182,46308.0,15.928138017654419,23.687038371864865,23.944738970987274,684.1345331402094,27.624999660372122,8.19945251014228,9.954008688931706,7.04148603914753,8.468643692003523,2,1,False,42
permABC-SMC,25969.66413867822,9.085986880284866,47940.0,16.77273178100586,23.242764002734802,23.941961943943706,658.6441726672051,27.6249996603715,8.219033550881935,9.950289669562801,6.902829071459967,8.376315260718377,2,1,False,42
permABC-SMC,26693.635382955774,9.518276912108979,49490.0,17.64688539505005,22.950852397815314,23.934348605309168,634.7822020708538,27.624999660370598,8.227379493767849,9.946892133273591,6.771254029667889,8.28166961207904,2,1,False,42
permABC-SMC,27369.49516648765,9.933071413050405,50962.0,18.495378971099854,22.45504436982473,23.939662072857047,612.1578536736376,27.62499966037119,8.16529603895029,9.949665649514069,6.633422074052691,8.19591032003191,2,1,False,42
permABC-SMC,28029.97858672377,10.365498397794475,52360.0,19.362751007080078,22.058732480345746,23.93587194513138,593.970992610969,27.624999660370502,8.127666544709326,9.949256505999307,6.491980873036019,8.11717751653757,2,1,False,42
permABC-SMC,28710.16042780749,10.810291575875512,53688.0,20.215245246887207,21.632170190726967,23.933992498915536,579.7773877310891,27.62499966037023,8.071584729844622,9.957299129144756,6.359156672686328,8.040632032942616,2,1,False,42
permABC-SMC,29353.632478632477,11.271424909942171,54950.0,21.100107431411743,21.257534201005065,23.933157572323353,561.3737362718066,27.624999660369912,8.003611990977818,9.957311630382943,6.227282447423548,7.956989253375161,2,1,False,42
permABC-SMC,29929.637526652452,11.653145620309466,56148.0,21.86130118370056,21.03766869347497,23.92790347851331,543.1793620318347,27.62499966036939,8.023399759309012,9.957017927261234,6.09699096395991,7.881643735814051,2,1,False,42
permABC-SMC,30536.247334754797,12.060936834258058,57286.0,22.626317501068115,20.634599650785006,23.926596828965323,530.1655403002264,27.624999660368818,8.04488551008459,9.962052112839544,5.957396635466521,7.805634154539167,2,1,False,42
permABC-SMC,31111.940298507463,12.517084445017996,58366.0,23.48205041885376,20.223537699881174,23.927340852395012,510.93962525257393,27.62499966036872,7.981233217697135,9.963260080919552,5.818726956110902,7.724086081418581,2,1,False,42
permABC-SMC,31658.848614072493,12.985688918180811,59392.0,24.361152410507202,19.830561135165937,23.9222658080561,491.38324851984544,27.62499966036814,8.021409016767336,9.959339331521747,5.690517169275655,7.652503120590876,2,1,False,42
permABC-SMC,46020.98950524738,18.37153466923841,61392.0,24.507627248764038,19.353957003611352,23.915099026471626,465.07725882516525,27.6249996602663,7.67816947094411,9.962559476211448,5.504187541312836,7.560711782689145,2,1,False,42
permABC-SMC,40623.876765083434,15.80815137733391,63292.0,24.62909984588623,18.908493780915578,23.910111594739984,449.67014454185454,27.62499966026594,7.611394819835869,9.962086164936702,5.381019987691279,7.493958222847564,2,1,False,42
permABC-SMC,39027.57793764988,15.281208556333034,65098.0,25.4890558719635,18.51570551655564,23.926840473165747,433.61455518066236,27.62499966026793,7.504305857821697,9.972345548098337,5.260796224453969,7.428587140031763,2,1,False,42
permABC-SMC,38397.70114942529,15.148233819281916,66812.0,26.357926845550537,18.208982552375662,23.93962583748135,418.3957381485824,27.624999660288776,7.487822196286253,9.976798599433984,5.14582691372349,7.364408000804356,2,1,False,42
permABC-SMC,38449.43820224719,15.237453948245959,68440.0,27.122668027877808,17.79264925169069,23.939652208781126,404.98570146786324,27.624999660288648,7.488569463657369,9.978384737279049,5.025372728042686,7.304227199592234,2,1,False,42
permABC-SMC,38751.93798449612,15.486442105450635,69986.0,27.968514442443848,17.556339873461468,23.947295119597847,395.00513006190454,27.62499966028937,7.5228150829048825,9.98745287490337,4.9206917392863065,7.253511926050724,2,1,False,42
permABC-SMC,39303.6303630363,15.840775764683555,71454.0,28.798530340194702,17.241257447195085,23.942881298537365,380.22399435654904,27.624999660288992,7.417798257171057,9.983644460162578,4.810779494944822,7.190596352629452,2,1,False,42
permABC-SMC,39677.55991285403,16.153140005722545,72848.0,29.657165050506592,16.910960397144365,23.941567304649936,363.42302936450506,27.624999660289166,7.346023971238911,9.972936631661316,4.701235743390857,7.131103754992343,2,1,False,42
permABC-SMC,40179.84832069339,16.52700322420858,74172.0,30.508847951889038,16.585329879736694,23.95741037592726,351.6398089605102,27.624999660351843,7.35246510398036,9.977281777713033,4.598060741323542,7.082490133546153,2,1,False,42
permABC-SMC,40860.2383531961,16.540566477460438,75428.0,30.533885717391968,16.315105424582594,23.957729504551438,339.63887386382805,27.624999660351357,7.425749063541016,9.975168629112638,4.4953157259082985,7.026547732866621,2,1,False,42
permABC-SMC,41461.03896103896,16.58569153769192,76620.0,30.650357961654663,16.03652048387482,23.953202673614847,328.5216223661648,27.624999660351225,7.3697100466773975,9.976110798816062,4.382079646187752,6.9776836122157855,2,1,False,42
permABC-SMC,41982.72138228942,16.612401018904816,77752.0,30.76616668701172,15.727872356967897,23.952807211987686,318.36423532124854,27.624999660372037,7.286340452635528,9.98171978586113,4.27240970781608,6.933153887394023,2,1,False,42
permABC-SMC,42516.720604099246,16.658499660101008,78826.0,30.88485836982727,15.446441556281238,23.946511019068602,308.1546482058259,27.62499966037123,7.182348493509799,9.980752809395536,4.1532557614044245,6.883121398633247,2,1,False,42
permABC-SMC,43020.47413793103,16.703912410242804,79846.0,31.002461433410645,15.141952122598642,23.956140980888243,301.12099435014284,27.624999660392195,7.054948145632018,9.994500837311964,4.045928824132209,6.8458453320616695,2,1,False,42
permABC-SMC,59051.94805194805,22.454985464462126,81846.0,31.122609853744507,14.751298503509338,23.965068870065185,277.9894981322992,27.624999660291774,6.8855074181941065,9.98694286541734,3.8723106296171226,6.777857470595556,2,1,False,42
permABC-SMC,52472.43107769424,19.513350530973355,83746.0,31.14330744743347,14.377953813369741,23.95735482784167,266.8709524349783,27.624999660291223,6.783543113810069,9.981198407099543,3.7679478613466033,6.731738499587123,2,1,False,42
permABC-SMC,50323.529411764706,18.38519110399134,85550.0,31.25482487678528,14.078151321059048,23.963882254139413,257.54298043626136,27.624999660311676,6.643289270745803,9.982790868173872,3.6618053551937235,6.68991043942401,2,1,False,42
permABC-SMC,49189.402480270575,17.68297702914026,87262.0,31.369601249694824,13.808096774836397,23.9679049653707,247.56282181760807,27.624999660332435,6.6150270252491055,9.98427408027295,3.563935097305567,6.650037600154887,2,1,False,42
permABC-SMC,49384.444444444445,17.906459702385796,88892.0,32.231627464294434,13.55320727683782,23.96393914230989,239.91020583649993,27.62499966033221,6.5230609430614805,9.986286897253668,3.464240675887968,6.610651173092338,2,1,False,42
permABC-SMC,49584.429824561405,17.736705640951794,90442.0,32.35175108909607,13.34338730153797,23.97231358190181,227.8692574753926,27.624999660353076,6.280476008576748,9.978872850423826,3.3605818413476984,6.570303086928966,2,1,False,42
permABC-SMC,49790.89924160347,17.58963056917697,91914.0,32.470458030700684,13.085382032256195,23.97021489193596,219.70768284276173,27.624999660353307,6.0353327109073325,9.976500606207683,3.2633574680859505,6.529929183995756,2,1,False,42
permABC-SMC,50275.862068965514,17.564566741729607,93312.0,32.59983587265015,12.698719598246573,23.967822431231973,211.73812070909986,27.624999660352735,5.768944619691269,9.97681261331268,3.1636692470450463,6.496139517047197,2,1,False,42
permABC-SMC,50881.720430107525,17.592399222876438,94640.0,32.72186255455017,12.405053145410063,23.969022000507426,205.27591123047063,27.62499966035225,5.500087276070262,9.980035463503599,3.07259351018761,6.466239534912676,2,1,False,42
permABC-SMC,51503.759398496244,18.024045721928875,95900.0,33.56077313423157,12.215297815300517,23.96854809745612,199.31417230453087,27.62499966035178,5.234140551246739,9.983546117462902,2.9880254018614743,6.441730384842179,2,1,False,42
permABC-SMC,52035.369774919614,18.047015383312555,97098.0,33.67573070526123,11.923400994505814,23.964046929337062,189.8398531032214,27.62499966035104,4.961426578296548,9.972707372503985,2.898717277454644,6.403841759797496,2,1,False,42
permABC-SMC,52588.86509635974,18.09099144292337,98236.0,33.79397201538086,11.691674616625829,23.956185108484636,182.28283892078557,27.624999660350095,4.685966491924933,9.965502635876197,2.807533300626983,6.369453415878507,2,1,False,42
permABC-SMC,53167.02355460385,18.1542576252776,99316.0,33.912153244018555,11.524281001740716,23.96979520537837,177.57172990626293,27.6249996603515,4.418268599856211,9.981933442257201,2.71457811673377,6.3513812066865185,2,1,False,42
permABC-SMC,53716.27408993576,18.217595026886183,100342.0,34.03046751022339,11.26350391434725,23.963707950301334,171.22752502467898,27.62499966035091,4.153052209318587,9.979748894309877,2.617490366707654,6.32121728114292,2,1,False,42
permABC-SMC,74484.71615720524,24.855888046031435,102342.0,34.15199017524719,11.071262616918517,23.913664443700064,163.73055171438523,27.6249996602669,3.9933001046913543,9.925976211397883,2.5726859496772407,6.28335266055924,2,1,False,42
permABC-SMC,64828.35820895522,21.707967887470378,104244.0,34.90641236305237,10.841954009899379,23.926111771834314,157.02548650531676,27.62499966026874,3.7604148205290446,9.924145751433832,2.494240974052304,6.259310602939279,2,1,False,42
permABC-SMC,61800.6993006993,20.404883892663985,106050.0,35.0147807598114,10.622487252237905,23.92502845517515,151.26123428693333,27.624999660267886,3.5468721864941193,9.920821812458101,2.4145736674183667,6.233449727854769,2,1,False,42
permABC-SMC,60405.82959641256,19.691044439649367,107764.0,35.12882328033447,10.42205877011874,23.9419137902423,144.59963117751778,27.62499966026912,3.3152666879212522,9.922950308300205,2.3283302811156132,6.21172905474962,2,1,False,42
permABC-SMC,59711.79039301311,19.238114487135775,109392.0,35.24422574043274,10.202457075911704,23.946036512416512,139.65088046679747,27.624999660269037,3.1008784023414844,9.926442354347621,2.244135250856882,6.18939717379085,2,1,False,42
permABC-SMC,59645.16129032258,19.409840594055833,110940.0,36.10230350494385,9.950083777008683,23.950879002918015,134.87486889828034,27.624999660289852,2.901436324867235,9.9287323599519,2.162330927640123,6.169770985874158,2,1,False,42
permABC-SMC,60048.07692307692,19.69368985066047,112410.0,36.8665874004364,9.72493502937419,23.96445682487333,129.86099321470826,27.624999660310824,2.718499379551556,9.931505132862807,2.0823015676392913,6.151230398545917,2,1,False,42
permABC-SMC,60599.57401490948,20.038666308751374,113806.0,37.63261532783508,9.45511953208277,23.971196240188583,126.15898641717604,27.624999660331934,2.54781197750612,9.940422010300503,2.0064869372924248,6.137766346353643,2,1,False,42
permABC-SMC,61240.425531914894,20.425432793637537,115132.0,38.399813652038574,9.201001871426765,23.97300398783485,122.03543502595801,27.624999660352415,2.3867853990658405,9.941239731296985,1.9324452592072698,6.1215443703323515,2,1,False,42
permABC-SMC,61909.574468085106,20.900490816603316,116390.0,39.29292273521423,8.988220713732524,23.96861206322225,117.95248021464002,27.62499966035194,2.231830722578523,9.936994767904297,1.8603383342086495,6.101952982843944,2,1,False,42
permABC-SMC,62411.889596602974,21.329095535723773,117584.0,40.18401598930359,8.757314709264538,23.96498885735334,113.90402480893391,27.62499966035149,2.084580785871146,9.93422396920259,1.7879552844443238,6.086272564059621,2,1,False,42
permABC-SMC,63013.80042462845,21.74228581653279,118718.0,40.96246647834778,8.567064426965029,23.964313470922807,109.89579431369901,27.624999660351072,1.9499379935940686,9.926779934258505,1.7202546168301138,6.068136565622595,2,1,False,42
permABC-SMC,63584.92569002123,22.21004674389104,119794.0,41.84372806549072,8.378228742321806,23.963294825262608,106.18076606197894,27.624999660350873,1.8278449702251038,9.92228527411529,1.6555547750622344,6.051456019087172,2,1,False,42
permABC-SMC,64127.38853503184,22.6834329070559,120816.0,42.73558759689331,8.17048406759637,23.96103392827163,103.49288885963892,27.624999660350394,1.7003878789626194,9.923758906860188,1.587421532474227,6.038043612775816,2,1,False,42
permABC-SMC,87977.07736389685,30.70814852045054,122816.0,42.86857533454895,7.972295790162502,23.923225704935785,103.79400950826991,27.624999660227125,1.5774961999667352,9.970556109464203,1.550491224649952,6.0588939450048285,2,1,False,42
permABC-SMC,78934.17721518988,27.20957813383658,124716.0,42.99113345146179,7.822619015753758,23.916226872130796,101.0136433010417,27.62499966022645,1.4663422495515204,9.970516701513183,1.492252800395938,6.046474721270671,2,1,False,42
permABC-SMC,73302.4333719583,24.976646775856768,126520.0,43.109692335128784,7.676740697436188,23.922054464865752,97.25239544612063,27.624999660246747,1.3596534179754913,9.964496665278636,1.4308901146074815,6.0335681100352305,2,1,False,42
permABC-SMC,71559.15178571429,24.125745786087855,128234.0,43.233336448669434,7.494144098704716,23.92301015608612,95.03081540586061,27.624999660246598,1.2608280089423496,9.973079967577645,1.3664242034892666,6.0268527021217535,2,1,False,42
permABC-SMC,70962.84153005465,23.69237506324476,129862.0,43.357046365737915,7.250016485918188,23.921215851997434,93.03283426468565,27.624999660246303,1.157969353759505,9.981996711934435,1.3036630838317749,6.022254213493723,2,1,False,42
permABC-SMC,70573.5767991407,23.35008668336141,131408.0,43.477861404418945,7.029787953272886,23.933430523768124,91.04146510478424,27.624999660267907,1.0690518953362822,9.990732694165908,1.2458287318336723,6.017495124543363,2,1,False,42
permABC-SMC,71132.76231263383,23.2857648259312,132876.0,43.49780869483948,6.863608463369904,23.944366877757957,88.2884025677894,27.62499966028962,0.9837301844249285,9.989340939123705,1.1887315845673232,6.00913353303421,2,1,False,42
permABC-SMC,71648.87940234791,23.2213319556563,134270.0,43.5167760848999,6.677907045846522,23.949585392842753,85.63880062154877,27.624999660310067,0.910663239385803,9.986452511160538,1.1365228856209628,5.999425630398202,2,1,False,42
permABC-SMC,72124.46808510639,23.20806625041556,135594.0,43.63116455078125,6.468716327461837,23.951333601316882,83.12178214867515,27.62499966033034,0.8463269871969309,9.980757416852267,1.0867475083615696,5.988622461761413,2,1,False,42
permABC-SMC,72638.0042462845,23.218554043213018,136850.0,43.74375581741333,6.319704562805122,23.95338157580205,81.1876931451715,27.62499966035108,0.7822818292233141,9.978778862321892,1.0374858450606266,5.979843664969763,2,1,False,42
permABC-SMC,73270.70063694268,23.227634070532083,138042.0,43.760862588882446,6.134344396779851,23.956170626051247,79.7548242607013,27.624999660351172,0.7273343300025388,9.983404361730503,0.9964120903820519,5.977277722503729,2,1,False,42
permABC-SMC,73871.54989384288,23.289549502597495,139174.0,43.87751126289368,5.990160009259304,23.94853515799692,77.55331151048475,27.62499966035032,0.6744374572259818,9.968352841233191,0.9583135269188932,5.962758842339531,2,1,False,42
permABC-SMC,74441.6135881104,23.349692487412955,140248.0,43.99082064628601,5.857951455659017,23.955146818393622,75.31179027880347,27.624999660371532,0.6233382501976368,9.962456006592841,0.9107746391234146,5.954134122320524,2,1,False,42
permABC-SMC,74983.01486199576,23.411574890152917,141268.0,44.107407093048096,5.742715435185667,23.974919470750482,72.8742339555184,27.624999660414293,0.578965074347537,9.95482317855944,0.8758539084643018,5.944722126231015,2,1,False,42
permABC-SMC,105967.45562130178,32.718549642337145,143268.0,44.23547911643982,5.615942959956626,23.97914148587273,69.58306749561699,27.624999660354042,0.5010767869667287,9.953901880638487,0.7968728837399964,5.93905068987869,2,1,False,42
permABC-SMC,93900.38809831825,28.69400169994359,145170.0,44.36092662811279,5.497227752959336,23.992131059874175,67.47732559355259,27.624999660355165,0.4637028436026034,9.940817510238112,0.7618725808249937,5.927281712553113,2,1,False,42
permABC-SMC,87694.51073985679,26.5432634615386,146976.0,44.486509561538696,5.398000513751709,23.995447109198007,66.28817126670356,27.624999660355684,0.4229654443742911,9.94442175099736,0.7235619589817175,5.9275106771309805,2,1,False,42
permABC-SMC,84771.94982896237,25.43440090753605,148690.0,44.61193919181824,5.311201176347841,24.004500500247733,64.70608707086373,27.624999660376844,0.3800227906389583,9.95114550095515,0.6793487540983776,5.929278380881618,2,1,False,42
permABC-SMC,83602.89210233593,24.88068995937224,150318.0,44.735480546951294,5.197359682126322,24.008408512813112,63.79438502814497,27.624999660397236,0.33956857004826324,9.960215968286168,0.6389375079616304,5.932155043071532,2,1,False,42
permABC-SMC,82804.79825517994,24.403726521599122,151864.0,44.75643444061279,5.068594462077381,24.003721065018837,62.25485558588993,27.6249996603969,0.3006615817761723,9.953781763592476,0.5958148088982242,5.9251184461198,2,1,False,42
permABC-SMC,82792.656587473,24.2318852158911,153332.0,44.87745141983032,4.97181342105111,24.020365145883115,61.17533563593342,27.62499966041906,0.2697948923812393,9.964649608470138,0.5549569432468368,5.929584916192079,2,1,False,42
permABC-SMC,83186.02150537634,24.190511626581994,154726.0,44.994351625442505,4.8600712504922825,24.022418989113586,59.707444370208655,27.624999660418794,0.24105988687983065,9.957171639165876,0.5183634414068399,5.923006544784702,2,1,False,42
permABC-SMC,83628.08145766346,24.17569004582183,156050.0,45.11183762550354,4.739994252256735,24.03342350159142,58.53012314146415,27.624999660440302,0.22169760870361827,9.959257993667206,0.48432883365248713,5.922068706698529,2,1,False,42
permABC-SMC,84120.85561497326,24.133931506763805,157306.0,45.130451917648315,4.626169217608744,24.034219457602944,57.766624630863554,27.624999660439887,0.20290598384102537,9.967132351553943,0.4501127983688241,5.923818453656768,2,1,False,42
permABC-SMC,84667.73504273505,24.118226944890797,158498.0,45.14932084083557,4.543385103935299,24.033993823552986,57.04563426125905,27.624999660439624,0.18637888255026375,9.97432200878729,0.4184684763919196,5.926911768571298,2,1,False,42
permABC-SMC,85090.618336887,24.127991214744064,159630.0,45.26411151885986,4.442875803533161,24.0311217987502,56.230988508945345,27.62499966043889,0.166508597696678,9.972494004778719,0.38910191726334253,5.924213730313114,2,1,False,42
permABC-SMC,85663.11300639658,24.188614857476402,160704.0,45.37784147262573,4.32499943755486,24.040196777664185,55.16907071408292,27.624999660439823,0.1498198930178902,9.967967474338646,0.3548044076716915,5.918728073836892,2,1,False,42
permABC-SMC,86023.40425531915,24.199168732825743,161724.0,45.4944372177124,4.231669928469532,24.059938778936086,54.63142422118719,27.624999660461928,0.13456552434903113,9.991095071991905,0.3267332065485119,5.931830950552431,2,1,False,42
permABC-SMC,118297.68786127168,32.96088827827762,163724.0,45.61786937713623,4.120839311690438,23.994797286150444,53.750219995712094,27.62499966037678,0.09630142263607788,10.012946106326927,0.28304908537779744,5.942939469588767,2,1,False,42
permABC-SMC,100015.70048309179,27.621335453457302,165626.0,45.74093151092529,4.022164174756668,23.984395115268395,52.96181561900833,27.624999660375725,0.08761974762327551,10.009674514885033,0.255607953151923,5.9390756688043815,2,1,False,42
permABC-SMC,93957.35129068463,25.73609807006973,167432.0,45.86172676086426,3.9190930773270365,23.987466539971404,52.37816216748476,27.624999660375575,0.0794825162203063,10.015351896518327,0.23532693340763436,5.9418867603465815,2,1,False,42
permABC-SMC,92227.91712104689,25.072341656866875,169146.0,45.98267459869385,3.832638235875113,23.982105784750612,51.45718506891391,27.624999660374957,0.07242188225680679,10.008207294139272,0.2135659511446629,5.937326001721116,2,1,False,42
permABC-SMC,91030.91684434967,24.521872433009687,170774.0,46.00303268432617,3.7362246433200403,23.989091916562636,50.68401412260084,27.624999660375483,0.06661073579470644,10.019628435675887,0.18590346237344355,5.943163223647511,2,1,False,42
permABC-SMC,90886.07594936708,24.325253842752193,172320.0,46.120681285858154,3.6382668747576306,23.994354460312593,49.93636951479921,27.624999660375796,0.061733804689571806,10.021357640771154,0.1684893198464068,5.9430792384842785,2,1,False,42
permABC-SMC,91083.857442348,24.23442372236112,173788.0,46.239280462265015,3.529517017362453,23.9992629467866,49.4022215510837,27.624999660375607,0.06071822254973641,10.024473035172335,0.15579470559329595,5.944394793283368,2,1,False,42
permABC-SMC,91718.32460732985,24.27222291836564,175182.0,46.35994577407837,3.4363432086300927,23.998599156408066,48.86511902294716,27.624999660375508,0.059890225287455356,10.02958084997513,0.14716658341260563,5.946337489195608,2,1,False,42
permABC-SMC,92411.51832460733,24.33355753334405,176506.0,46.477094888687134,3.3541535416732056,23.995635641591925,48.454813805892954,27.624999660374982,0.061021582646603595,10.032075315392063,0.14021804299115243,5.946915041598252,2,1,False,42
permABC-SMC,92777.6617954071,24.320688153109618,177762.0,46.59843850135803,3.278340699364224,23.99443607509411,47.98462222902329,27.624999660374588,0.06537229589908483,10.03209587729425,0.1400871373315806,5.946441670499654,2,1,False,42
permABC-SMC,93399.79123173277,24.383280745129994,178954.0,46.71836590766907,3.2053856253296704,24.00666975686081,47.542074633315885,27.624999660417227,0.06417176437118456,10.04284084517608,0.14171257965692963,5.952944118330954,2,1,False,42
permABC-SMC,93990.60542797494,24.393136665567226,180086.0,46.73724985122681,3.125274385673919,24.00356697978618,47.225055771219566,27.624999660416783,0.060649016654737806,10.048140203359257,0.1383992714301761,5.955779665604336,2,1,False,42
permABC-SMC,94551.14822546973,24.454213881044645,181160.0,46.85427379608154,3.052748200109327,23.999163217536786,46.79691765911811,27.624999660416677,0.06501720134200857,10.049029277909503,0.15197165632075396,5.955480905574686,2,1,False,42
permABC-SMC,95083.50730688935,24.46269628150478,182180.0,46.87052607536316,2.984135963623021,24.004864033787115,46.39194360518631,27.624999660437606,0.07063160163630194,10.055285329243064,0.1681137665038807,5.9590008516543325,2,1,False,42
permABC-SMC,139319.21331316186,35.54514154183161,184180.0,46.99067711830139,2.9164680100354814,23.998395847528165,45.38631803401077,27.62499966039934,0.0541125893365524,10.025348063882776,0.17563267519270345,5.941549887115878,2,1,False,42
permABC-SMC,118222.36340533673,29.928224816861572,186082.0,47.10702586174011,2.8417918792099877,24.018575671792274,44.895443572332226,27.62499966042118,0.05778054966198165,10.03284242332327,0.1879777650690231,5.947004128627847,2,1,False,42
permABC-SMC,109491.8414918415,27.525216132610826,187888.0,47.23327088356018,2.7778569581461605,24.01838962326062,44.46729968015799,27.62499966042074,0.06409374752700586,10.030846746564698,0.20803966409671817,5.945725346368977,2,1,False,42
permABC-SMC,107119.77401129944,26.754342499425857,189602.0,47.355186223983765,2.7175555556650854,24.017798485143004,44.027662831880235,27.624999660420674,0.0744438816423276,10.025841538792246,0.22857116818297785,5.942905351486094,2,1,False,42
permABC-SMC,105187.01870187018,26.116280141312167,191230.0,47.47939729690552,2.6539506706733627,24.014226534102285,43.75216817785541,27.62499966042041,0.0814724547735921,10.028466918668858,0.2424441146263709,5.94473395172605,2,1,False,42
permABC-SMC,104769.5652173913,25.87206156357475,192776.0,47.60459327697754,2.5927520115423097,24.016557310585863,43.35702433657549,27.624999660440906,0.09447702360648441,10.029050754347715,0.266019047780237,5.946001138340849,2,1,False,42
permABC-SMC,104996.75675675675,25.79877724518647,194244.0,47.72773790359497,2.546945541476,24.020152209414317,43.10040255530113,27.624999660461558,0.10213940339158716,10.0360273515385,0.2801048442394486,5.950233497863846,2,1,False,42
permABC-SMC,105068.7432867884,25.698550405615,195638.0,47.85070085525513,2.4940435254470676,24.028575093161628,42.82650922049831,27.624999660482654,0.10597202409539826,10.04088921408973,0.291285923843003,5.9536724791638616,2,1,False,42
permABC-SMC,105327.27272727274,25.65433800539231,196962.0,47.97361207008362,2.4433340026375014,24.04206712998828,42.52327925538775,27.624999660504518,0.11121415041749705,10.042449224400125,0.3048358947818374,5.955507084631277,2,1,False,42
permABC-SMC,105885.68376068377,25.691560318327355,198218.0,48.09460091590881,2.3903318605348596,24.05255153958433,42.353335270942594,27.624999660526065,0.117186948573715,10.05248002050746,0.3162843656309885,5.962337571968559,2,1,False,42
permABC-SMC,106295.30916844349,25.701530706653717,199410.0,48.21607160568237,2.3345781654030135,24.054745072844188,42.0560767565014,27.62499966052583,0.12706978033207678,10.053646757051819,0.3337307903522392,5.963476540176159,2,1,False,42
permABC-SMC,106557.91710945802,25.629475443573487,200542.0,48.2346727848053,2.285907374750228,24.06704959855255,41.83227557026184,27.62499966054757,0.1401025810292747,10.066239835987988,0.34741852157037717,5.971480169050568,2,1,False,42
permABC-SMC,107128.58660998938,25.639480156042115,201616.0,48.253501653671265,2.2455380886017515,24.07191390920783,41.595391035255346,27.624999660547438,0.14909917668763506,10.07409113593744,0.36263218856627066,5.975745730812052,2,1,False,42
permABC-SMC,107556.26326963906,25.67366607123373,202636.0,48.369186878204346,2.193497614020523,24.090583103367198,41.400802104105615,27.624999660569376,0.15632434485077867,10.085999774618479,0.3724056907087058,5.983275237980097,2,1,False,42
permABC-SMC,150689.2488954345,35.707056961284295,204636.0,48.49018335342407,2.1578964606708184,24.08115883168294,41.27031225575725,27.624999660507203,0.15853618881416412,10.073067907807067,0.3751811733698309,5.977205899402012,2,1,False,42
permABC-SMC,131050.76142131981,30.843496625193485,206536.0,48.60935068130493,2.1303253653032677,24.08941807078621,41.0086228345489,27.624999660528772,0.1722265683590507,10.076376227030426,0.3936677707299988,5.980314157843607,2,1,False,42
permABC-SMC,121268.91734575087,28.361712123795357,208340.0,48.72542142868042,2.084379766069831,24.099756989244014,40.846473942496566,27.62499966052986,0.17754288032232168,10.085873840357976,0.40203783539135873,5.986925684833209,2,1,False,42
permABC-SMC,118405.86245772266,27.661221271975062,210052.0,49.071006536483765,2.054568835627412,24.105644777293243,40.68117151537376,27.62499966053015,0.18558231848842754,10.088224779187751,0.41311564948308865,5.988797902882355,2,1,False,42
permABC-SMC,116307.69230769231,27.023942260951788,211680.0,49.18357491493225,2.022843610205109,24.111356656044336,40.6036236293924,27.624999660550582,0.1914653182399896,10.095704624782712,0.41761717351609573,5.99339537290135,2,1,False,42
permABC-SMC,115257.2972972973,26.59433261768238,213226.0,49.1995153427124,1.9935564857934827,24.111098877287848,40.44045095459443,27.624999660550365,0.20217728402645763,10.101292598118881,0.4280774822521569,5.996911329340446,2,1,False,42
permABC-SMC,115055.73419078242,26.42790757574836,214694.0,49.314475536346436,1.9521346992762516,24.109696803149575,40.333701280710194,27.624999660549904,0.21296163496884063,10.108170983980552,0.4390654550131376,6.001340356131914,2,1,False,42
permABC-SMC,115555.08021390376,26.432852056574692,216088.0,49.42943334579468,1.9142787771174241,24.116108562012492,40.19243637635528,27.62499966055087,0.22277843419096108,10.116780954986362,0.4498303723664298,6.007246845560117,2,1,False,42
permABC-SMC,116138.88888888889,26.46764195882357,217412.0,49.547425746917725,1.872872352229386,24.121210044911102,40.067417534426376,27.6249996605514,0.22796353426635918,10.114374900645783,0.4568284163979445,6.006042642454407,2,1,False,42
permABC-SMC,116560.76759061834,26.47466496872241,218668.0,49.66647148132324,1.8429697900308544,24.132606082883463,39.8707806629045,27.624999660572442,0.244274320948526,10.118440025871298,0.47288624234095245,6.008757930609172,2,1,False,42
permABC-SMC,117071.35250266241,26.51073071903314,219860.0,49.78715229034424,1.809133610102854,24.154066810612612,39.709267899002455,27.624999660595183,0.2537514000660316,10.136173694638769,0.4815836663014375,6.020852627108138,2,1,False,42
permABC-SMC,117674.12140575079,26.57616658967397,220992.0,49.910040855407715,1.7847791561625836,24.146314858137607,39.64362780480201,27.624999660594437,0.25962065717701927,10.131712522813991,0.4876819929728106,6.0180967518498285,2,1,False,42
permABC-SMC,118246.00638977636,26.640764440591344,222066.0,50.03135561943054,1.7462873458326835,24.149922142469286,39.53737770230032,27.62499966059466,0.2642336704387564,10.131375988481656,0.4941702992386864,6.018064486802724,2,1,False,42
permABC-SMC,118789.13738019169,26.649817110250552,223086.0,50.04835653305054,1.7120238620324133,24.15878736164244,39.436334403554596,27.624999660616183,0.2696943834549088,10.140028124395053,0.5000896955180707,6.023795909426169,2,1,False,42
permABC-SMC,172084.09785932722,38.35593177637923,225086.0,50.16955876350403,1.6857524406352775,24.149915459400837,39.21304628695287,27.62499966061682,0.29121265523773926,10.14736999259181,0.5159484585214194,6.028446319938832,2,1,False,42
permABC-SMC,150921.5425531915,33.437264567994056,226986.0,50.28964591026306,1.6516890345013775,24.158279725309804,39.11299410191951,27.624999660618283,0.3014212686593173,10.156041473459155,0.5251382313169147,6.034371936899811,2,1,False,42
permABC-SMC,139676.43467643467,30.77734229911087,228790.0,50.4132866859436,1.6229890316407731,24.175252103838538,38.932594994122084,27.62499966064025,0.31824269441401565,10.157775455152068,0.5367625461656066,6.036315537088172,2,1,False,42
permABC-SMC,132777.64976958526,29.112924765881306,230502.0,50.540037393569946,1.589304761211558,24.18401357270851,38.83101193822063,27.624999660641286,0.3273362045852838,10.155533901227537,0.5419540346895309,6.0355220549849165,2,1,False,42
permABC-SMC,129970.88465845466,28.36792706642279,232128.0,50.6651177406311,1.5664640599257142,24.187430901935024,38.753998260032716,27.624999660641087,0.3343275619259797,10.158993275323732,0.5478571913818477,6.03802910248295,2,1,False,42
permABC-SMC,128532.45324532452,27.937123484343978,233672.0,50.78969049453735,1.5444961793283558,24.200323195358695,38.630160706721426,27.62499966068284,0.3481449615092824,10.16560866395966,0.5563914722057669,6.042236684031408,2,1,False,42
permABC-SMC,127931.44722524483,27.644524636543615,235138.0,50.81063628196716,1.514134763509412,24.202955185443034,38.518396479224016,27.624999660682683,0.36324649499594186,10.172225034298814,0.5657090737585317,6.046737709743356,2,1,False,42
permABC-SMC,127715.98272138229,27.501005204655954,236530.0,50.93186163902283,1.493007438990271,24.200672957809168,38.40937143306435,27.624999660682455,0.3774084356922599,10.174056789334768,0.5752090303915358,6.04823936383415,2,1,False,42
permABC-SMC,127877.41935483871,27.446315749999016,237852.0,51.05014729499817,1.4746957083194774,24.198921775995956,38.340688597945466,27.62499966068236,0.3852756463744984,10.173976329624757,0.5795248672143704,6.0484644656525415,2,1,False,42
permABC-SMC,128139.33547695607,27.416186956219605,239108.0,51.158604860305786,1.4520537913914484,24.20397689248446,38.224220021245515,27.62499966068277,0.40114639092976834,10.179396842054798,0.589118477402456,6.052509610755105,2,1,False,42
permABC-SMC,128502.67379679144,27.367986459783054,240300.0,51.17813467979431,1.4321595676687984,24.207331817637076,38.16135645573539,27.62499966068278,0.4103617520254659,10.179031249721232,0.5937224158791252,6.052647562499282,2,1,False,42
permABC-SMC,128970.08547008548,27.34899304361425,241432.0,51.197314977645874,1.4112870311875263,24.202489419758297,38.10207555577985,27.624999660682192,0.42139890577745376,10.180145215160481,0.601426731276768,6.053958952823133,2,1,False,42
permABC-SMC,129405.54962646746,27.381214159148225,242506.0,51.312395334243774,1.3921024305519674,24.20141263423416,38.06300281985703,27.62499966068226,0.43162506958683833,10.177414273118469,0.6057710216760752,6.052353340752786,2,1,False,42
permABC-SMC,129949.83991462112,27.442111149668822,243526.0,51.42651629447937,1.365665253244345,24.21348407130173,38.01116751502864,27.624999660703843,0.4377346873595167,10.18195358852825,0.6105369852508147,6.055150371240641,2,1,False,42
permABC-SMC,198324.71728594508,41.638945146600726,245526.0,51.5490140914917,1.34756573314459,24.223774073640374,37.95499301569967,27.624999660643066,0.43807532475107297,10.176108910451473,0.6125072172501922,6.052163198542903,2,1,False,42
permABC-SMC,171110.65006915628,35.733404495904054,247426.0,51.67050290107727,1.3355650429164103,24.231362620527513,37.88120902883351,27.624999660643685,0.4496299018656039,10.187457649311275,0.618728741126161,6.059613974595777,2,1,False,42
permABC-SMC,158140.86294416245,32.86553533549237,249230.0,51.79608368873596,1.317219664884878,24.227147424717543,37.846850949327155,27.624999660643073,0.4565273952567097,10.193793948957502,0.6219659327927263,6.063528130638595,2,1,False,42
permABC-SMC,150625.45018007202,31.16474246062866,250942.0,51.92046093940735,1.2969134827783715,24.22622808061855,37.82868377716791,27.624999660643454,0.4608061949179404,10.199563325907294,0.6250428065013223,6.067215738443758,2,1,False,42
permABC-SMC,147012.8055878929,30.29395343260937,252568.0,52.0450119972229,1.2833683040162263,24.226438270203218,37.77338867652732,27.624999660643127,0.46919698595112624,10.202156274165198,0.6302782128168489,6.068965396511927,2,1,False,42
permABC-SMC,145208.0,29.810372761317662,254114.0,52.16815233230591,1.26410349942361,24.22869014035409,37.73839222481786,27.62499966064336,0.4762919894183737,10.204065960825274,0.6334263296959352,6.07010903251381,2,1,False,42
permABC-SMC,142783.24022346368,29.213889750688434,255582.0,52.2928626537323,1.2504368674574096,24.24685064708239,37.68574275089617,27.624999660665612,0.4848765536965467,10.202185356460514,0.6360633027717797,6.0694985593576005,2,1,False,42
permABC-SMC,141976.79558011048,28.960413695698943,256978.0,52.41834878921509,1.2384634623809168,24.245265326837824,37.66216689576916,27.624999660665605,0.4881663115213608,10.203031712647816,0.638532126695956,6.070069366561479,2,1,False,42
permABC-SMC,141769.4840834248,28.837694687325136,258304.0,52.5422797203064,1.2218005037965871,24.237790541791025,37.64001657623945,27.624999660665157,0.49535947161989846,10.203396570334755,0.6422174914738316,6.070273184848272,2,1,False,42
permABC-SMC,141682.31441048035,28.749269168970365,259562.0,52.66866111755371,1.2057741394373194,24.245574101447524,37.60414452710428,27.62499966066582,0.5002564769306493,10.20791895446153,0.6465244850999049,6.073235721860863,2,1,False,42
permABC-SMC,142178.84405670664,28.729009394297293,260756.0,52.689003229141235,1.1844074254578223,24.252913182010513,37.58757605873593,27.624999660665665,0.5001882041419051,10.211337594788596,0.6451015067866052,6.075445228471505,2,1,False,42
permABC-SMC,142331.52173913043,28.64612859228383,261890.0,52.708876609802246,1.163550768784944,24.26193164036666,37.548388949356706,27.624999660686488,0.5086247770343811,10.208910952692317,0.6475101802810774,6.074211983403032,2,1,False,42
permABC-SMC,142916.3043478261,28.707544699959133,262966.0,52.821882247924805,1.145932541287637,24.27893267993843,37.49249148982902,27.62499966072887,0.5172772011347814,10.213634938283223,0.651867349194007,6.077228937786238,2,1,False,42
permABC-SMC,143471.73913043478,28.773336566012837,263988.0,52.94293928146362,1.1249060994187223,24.27527674056315,37.460030406565835,27.62499966072843,0.5250933550773142,10.216270954428524,0.6555561695056311,6.078958499149419,2,1,False,42
permABC-SMC,240495.47920433996,47.98471324051483,265988.0,53.0710928440094,1.1130088912245137,24.273090774958142,37.393070143302054,27.624999660688054,0.5350943105173819,10.210598851163429,0.6590237980138891,6.076180662092539,2,1,False,42
permABC-SMC,218510.603588907,44.03397192962795,267894.0,53.98564958572388,1.0988664581083578,24.268867706191486,37.37417585452786,27.62499966068765,0.5403103758166865,10.209743324178342,0.6619294961491666,6.0757977023848495,2,1,False,42
permABC-SMC,206828.22085889571,42.09672655064636,269704.0,54.89413142204285,1.0861023690660114,24.271067153813455,37.364856923460394,27.62499966070853,0.543760313881192,10.21032945790057,0.66315424817933,6.076503692397087,2,1,False,42
permABC-SMC,191953.32390381896,39.465682509933536,271422.0,55.80447506904602,1.0737933572839553,24.277178728379475,37.29185027856898,27.624999660729525,0.554806940465649,10.220697971811989,0.6691799801819573,6.083199720083081,2,1,False,42
permABC-SMC,184246.96356275302,37.67506442411065,273054.0,55.83444547653198,1.0612929941605815,24.276360562833297,37.284930267251184,27.62499966072923,0.5554478453558299,10.221864683026274,0.6689205961987001,6.08377086049784,2,1,False,42
permABC-SMC,179245.43080939946,36.52585315330844,274604.0,55.95760703086853,1.0479294921042808,24.27630887802107,37.281845449879974,27.62499966072896,0.5526981821636608,10.222426208271099,0.6679496727515029,6.0841440875930575,2,1,False,42
permABC-SMC,173198.24341279798,35.589526857306694,276078.0,56.729705810546875,1.0344075348737831,24.281365398796424,37.274542690817015,27.624999660729202,0.5527818577453936,10.216051950867794,0.6683272562914935,6.080439333089293,2,1,False,42
permABC-SMC,172346.58385093167,35.79164884105232,277478.0,57.62455463409424,1.022997601702066,24.291257411522288,37.279139363143756,27.624999660750145,0.5505128568216522,10.207913487829813,0.6664329724537303,6.075281425636772,2,1,False,42
permABC-SMC,170421.76039119804,35.77287068868325,278810.0,58.52441644668579,1.0115048000544091,24.295206005159496,37.22906598470645,27.624999660750117,0.5616488921246234,10.208711821677502,0.6715903517621391,6.076237393694388,2,1,False,42
permABC-SMC,169126.8115942029,35.87887914860306,280074.0,59.41542387008667,1.0017940848640323,24.28393526625257,37.237309129805105,27.624999660749367,0.5644342236039905,10.212936011600428,0.6749845903874678,6.078691024043607,2,1,False,42
permABC-SMC,168226.07655502393,36.07384525417711,281274.0,60.31546926498413,0.9932908676754828,24.293476520544047,37.17834544969618,27.62499966077116,0.5746559715871007,10.222198266121072,0.6800488447228734,6.085224821656636,2,1,False,42
permABC-SMC,167704.27553444178,36.347968136612984,282414.0,61.209978342056274,0.9845946943037387,24.287813041355754,37.19355820739451,27.62499966077075,0.5756153015521984,10.221321917406929,0.6800042356213152,6.084556050883938,2,1,False,42
permABC-SMC,167947.86729857817,36.73136996996911,283496.0,62.00255250930786,0.9771388507577573,24.284712702223644,37.191980377154536,27.624999660770435,0.5776320293051609,10.221332149103587,0.681381504821204,6.084411119621294,2,1,False,42
permABC-SMC,168556.8720379147,37.26576219237811,284524.0,62.90460658073425,0.9677712198808228,24.29027695786871,37.16315626552983,27.624999660791666,0.5833168995328207,10.227346047915384,0.6839141013552983,6.088363307000035,2,1,False,42
permABC-SMC,280905.88235294115,61.808546150431916,286524.0,63.04471707344055,0.9587556975029398,24.306895565904448,37.115423447551,27.624999660773057,0.5862486438763208,10.231365614679975,0.6851413941986182,6.091081272672995,2,1,False,42
permABC-SMC,258444.44444444447,56.59476317812465,288424.0,63.15975570678711,0.9515262323476198,24.309125504185907,37.07158700014416,27.624999660773632,0.6015888594841772,10.231156565826236,0.688922145908605,6.091395892339795,2,1,False,42
permABC-SMC,247634.8122866894,53.99789765426323,290228.0,63.28553605079651,0.9392718681948804,24.318500325690792,37.080888445212345,27.624999660773764,0.5957121383816957,10.239322523358721,0.6862441581417289,6.096144569622409,2,1,False,42
permABC-SMC,239295.08196721313,51.96399571465665,291940.0,63.3960747718811,0.9305550854424153,24.324120359385354,37.0702220094325,27.624999660773735,0.5983089540181217,10.232842063344348,0.6866246233413288,6.092398596605564,2,1,False,42
permABC-SMC,232622.82091917592,50.33377743371882,293570.0,63.52122712135315,0.9183844639799275,24.330330935805033,37.05935257242773,27.62499966077393,0.5990643885477684,10.226669587926024,0.6860412654916249,6.088797411923248,2,1,False,42
permABC-SMC,229485.22550544323,49.489945683101105,295118.0,63.64407014846802,0.9087449068269697,24.33881920140508,36.97315998944205,27.624999660773987,0.6189669031640435,10.233008142520866,0.6973024294327634,6.093647710073134,2,1,False,42
permABC-SMC,225028.8315629742,48.380817375704076,296588.0,63.76591730117798,0.899013420139032,24.334054337376685,37.00748039567841,27.624999660773568,0.611387947618877,10.229116100060862,0.6947743004317097,6.091155107173609,2,1,False,42
permABC-SMC,223043.4131736527,47.82030628826804,297986.0,63.8879292011261,0.8933998162381673,24.339522298517668,37.00631619315232,27.624999660774215,0.6130975101675258,10.22791427850135,0.6944156198582614,6.090564014050719,2,1,False,42
permABC-SMC,219438.41642228738,46.92117279925304,299314.0,64.00047969818115,0.8870327112677029,24.35637927997076,36.94918588219079,27.62499966077502,0.6209763700856397,10.234740788920444,0.6948647239546948,6.095038787699428,2,1,False,42
permABC-SMC,217492.0405209841,46.32378142062903,300574.0,64.01946592330933,0.8802290947751336,24.35052800048706,36.93002876263547,27.62499966077463,0.6313500873408304,10.232659820067207,0.6991719306685403,6.0941415658769715,2,1,False,42
permABC-SMC,214022.695035461,45.48957719870493,301772.0,64.14030385017395,0.8734271862868558,24.361898900221348,36.91653872647948,27.624999660775334,0.6328165984775423,10.241272192692922,0.6995827468541679,6.099431939637741,2,1,False,42
permABC-SMC,212422.15988779804,45.60362724234646,302914.0,65.03077244758606,0.8641083150871468,24.383640078528956,36.879768593349624,27.62499966079769,0.640797531877386,10.249340226566966,0.7023880768150257,6.104562049859306,2,1,False,42
permABC-SMC,211109.72222222222,45.788725051614975,303998.0,65.93576407432556,0.8588372682847886,24.3857801754936,36.83037546729372,27.62499966079768,0.651069987768458,10.248102095863716,0.7087918963395716,6.103909023752316,2,1,False,42
permABC-SMC,209208.5048010974,45.241410349622186,305026.0,65.96197628974915,0.8524346098549036,24.387804860677313,36.850390870091125,27.624999660797435,0.646602768663882,10.251446096335659,0.7066372987666617,6.105799383826852,2,1,False,42
permABC-SMC,360359.1549295775,77.57358679749036,307026.0,66.09269595146179,0.8449687639044112,24.372464950401127,36.878880298748165,27.624999660798718,0.6455582127643649,10.254922929615141,0.7066665364301503,6.1077630329717785,2,1,False,42
permABC-SMC,350263.03854875284,75.0768425242971,308932.0,66.21777510643005,0.836386726829458,24.36520487454922,36.88823192999387,27.624999660798252,0.6505875732338544,10.25177531629998,0.7086483861983257,6.106130646412199,2,1,False,42
permABC-SMC,337036.87635574833,72.78373132817399,310748.0,67.10660028457642,0.8325252863916671,24.384928808691477,36.82040008806173,27.62499966082013,0.6676628935689666,10.253871485364494,0.7143050347602895,6.108121743831657,2,1,False,42
permABC-SMC,323469.9792960662,70.38712575568915,312472.0,67.99396347999573,0.8267310813404727,24.381107490523252,36.8148628292365,27.62499966081974,0.6713237707373129,10.258225325400595,0.7154981706585115,6.11082055548365,2,1,False,42
permABC-SMC,312856.5737051793,68.61268025470444,314108.0,68.88713097572327,0.8176176763349026,24.38834420510646,36.81934958738452,27.62499966082044,0.6657956023994748,10.254410735726282,0.7126543162759629,6.1085492917291155,2,1,False,42
permABC-SMC,309472.5490196079,68.31509786493638,315662.0,69.68139982223511,0.8089548722739242,24.3837770271988,36.84516383065685,27.62499966084072,0.662588545814536,10.252545289776913,0.7103305693555821,6.107257634355942,2,1,False,42
permABC-SMC,305527.93834296725,68.0006767743355,317138.0,70.58470249176025,0.8032558340978354,24.39707975543352,36.79198886218989,27.62499966084116,0.6808150439528404,10.257983126463259,0.7172970084484112,6.110893122188545,2,1,False,42
permABC-SMC,301649.6212121212,67.71856591557011,318542.0,71.51080560684204,0.7987200485434063,24.38970879956098,36.79948949164239,27.624999660841155,0.6816381143749088,10.259616520408397,0.7172190174149903,6.111733562865736,2,1,False,42
permABC-SMC,295088.56088560884,66.8237873548951,319876.0,72.4369854927063,0.7899237545480049,24.38356631780652,36.7901443934028,27.624999660840828,0.6830297552209121,10.255242756640804,0.7175113341747067,6.10906710056137,2,1,False,42
permABC-SMC,293552.1023765996,67.06754032393042,321146.0,73.37188911437988,0.7820135087365204,24.391332882172605,36.80612071698526,27.624999660841002,0.6741613144677522,10.257417781240592,0.7142332149984187,6.110249692640636,2,1,False,42
permABC-SMC,290931.40794223826,67.03883968966103,322352.0,74.27903437614441,0.7747478490334103,24.3957652806234,36.807123300100926,27.624999660861803,0.6750479998813068,10.258982482774872,0.7136542162001582,6.111278318978333,2,1,False,42
permABC-SMC,288841.0714285714,67.13998062270028,323502.0,75.19677829742432,0.7715473294586658,24.425106193824114,36.66745537229527,27.624999660863065,0.7255611286380786,10.277502793187422,0.7346310114737575,6.123230045843004,2,1,False,42
permABC-SMC,286238.09523809527,67.10661466790255,324594.0,76.09890103340149,0.7693210860510609,24.423279365483687,36.647046035452796,27.624999660862873,0.7297231989128257,10.271767971571716,0.7388648039330904,6.119866444993735,2,1,False,42
permABC-SMC,283156.52173913043,66.94490909576416,325630.0,76.98664546012878,0.7647592230972511,24.44575448767197,36.60383429391091,27.624999660863825,0.7420137803898561,10.279326657448427,0.7430117196273223,6.124556963763711,2,1,False,42
permABC-SMC,489000.0,115.11249791330366,327630.0,77.12537360191345,0.7595421394275284,24.462699591621845,36.56077994399607,27.624999660885237,0.7461974340366865,10.277458006598517,0.74457011442556,6.124087118734149,2,1,False,42
permABC-SMC,466756.37393767707,109.4243239410876,329530.0,77.25357270240784,0.7557205397446783,24.460346753543366,36.582916594411564,27.62499966088497,0.737318785744633,10.272779069737577,0.741103273516194,6.120914022844256,2,1,False,42
permABC-SMC,450182.0652173913,105.13981755660929,331334.0,77.38290572166443,0.7512849692717145,24.452545571644112,36.552287781689756,27.624999660884455,0.7417290487166133,10.276327876427818,0.7418383728848643,6.123058179800293,2,1,False,42
permABC-SMC,442880.3191489362,103.06525927908878,333046.0,77.50507497787476,0.7463231736223983,24.48315640303052,36.504547191971255,27.624999660907523,0.7486707367213771,10.283104955154677,0.7433605457167597,6.127442851629373,2,1,False,42
permABC-SMC,434638.961038961,100.81765187251104,334672.0,77.6295919418335,0.7403240946075966,24.488681215362597,36.53260035212676,27.62499966090781,0.7373762022092735,10.279720552952744,0.7388783934908818,6.1251857785102795,2,1,False,42
permABC-SMC,424517.6767676768,98.17341481796419,336218.0,77.75334453582764,0.735416489225068,24.48608302659296,36.55266157550301,27.624999660907584,0.7334262664606626,10.279936999837139,0.7364877805164427,6.125083814700674,2,1,False,42
permABC-SMC,415869.4581280788,95.90832030244648,337686.0,77.87755608558655,0.7325138978695074,24.50076528994125,36.53065368070389,27.624999660907875,0.7365107477777697,10.275668637653064,0.7375458397813197,6.12259373717052,2,1,False,42
permABC-SMC,403666.6666666667,92.85830968902224,339080.0,78.00098013877869,0.72831259747399,24.488267050646456,36.53140211300682,27.624999660907235,0.7423899302407653,10.275680599066845,0.7401909599282269,6.1229411479158475,2,1,False,42
permABC-SMC,403324.64454976306,92.56968283540265,340406.0,78.12881231307983,0.7210547311757548,24.498020574209182,36.556202876453106,27.624999660907392,0.7412243769451463,10.272736788345444,0.738667456942473,6.1210584624650455,2,1,False,42
permABC-SMC,397286.0465116279,90.9948235334352,341666.0,78.25554823875427,0.7165961972923093,24.51005193019478,36.58488065469777,27.624999660907537,0.7384562544697653,10.269201704041615,0.7355547295612574,6.118643435789039,2,1,False,42
permABC-SMC,392290.6178489703,90.44229875167392,342862.0,79.04656910896301,0.711205235208848,24.50821996424144,36.54856439580703,27.624999660907218,0.7538670126918048,10.269483384494515,0.7415652874041698,6.118821550408178,2,1,False,42
permABC-SMC,391797.26651480637,91.08218733976534,343998.0,79.97016048431396,0.7067338396106797,24.52550742282402,36.536999622616385,27.624999660908635,0.7515503093755124,10.27473061146704,0.7417985478675927,6.122170532550725,2,1,False,42
permABC-SMC,391242.6303854875,91.72503883335865,345076.0,80.90148425102234,0.6982036547792037,24.531533081089652,36.546122618987624,27.6249996609085,0.7474153389297877,10.282431607912422,0.7424370725911194,6.126697593823254,2,1,False,42
permABC-SMC,388876.40449438203,91.92360331503193,346100.0,81.81200695037842,0.692811249746643,24.542544708919163,36.5549462452587,27.6249996609305,0.7446384508884273,10.27583065173677,0.7404897371810732,6.122823218052059,2,1,False,42
permABC-SMC,740638.2978723404,174.36371255428233,348100.0,81.9509449005127,0.6888242746215029,24.53699482973301,36.56794121743485,27.62499966093097,0.7411753165730804,10.267777548364633,0.7379284491748804,6.118255119989603,2,1,False,42
permABC-SMC,714289.7959183673,167.51436311371472,350002.0,82.08203792572021,0.6853323290460495,24.553875840100126,36.57637999940121,27.624999660931266,0.7320133161395246,10.265678601827702,0.7358071640966934,6.117074678618671,2,1,False,42
permABC-SMC,692562.9921259843,163.3979166586568,351822.0,83.00614166259766,0.6825265698852677,24.55372351624226,36.55586066784754,27.624999660931067,0.7498979500978386,10.26929625359026,0.7388824163610341,6.11948465588053,2,1,False,42
permABC-SMC,674713.7404580154,159.92086124784163,353550.0,83.79853129386902,0.6788986254194378,24.551884209434064,36.51859451353069,27.62499966093065,0.7659885988706152,10.272839039043632,0.7446932221413876,6.121742867578736,2,1,False,42
permABC-SMC,665161.0486891386,158.68287229359373,355196.0,84.73665380477905,0.6754769888913866,24.55095492456891,36.52751411779826,27.624999660930403,0.7760967266645202,10.26792768017992,0.7452798160728465,6.118759176863155,2,1,False,42
permABC-SMC,655819.8529411765,157.45079473537558,356766.0,85.65323233604431,0.6716189282248805,24.562211772176383,36.52032520534202,27.624999660930765,0.7806556969052638,10.260783644026212,0.747038737832799,6.114540646560653,2,1,False,42
permABC-SMC,649025.3623188406,156.8097122337507,358262.0,86.5589611530304,0.668482268287689,24.574569114976292,36.51316014427428,27.624999660930914,0.7902894930946405,10.26420669510127,0.7485812123020906,6.116867043421966,2,1,False,42
permABC-SMC,646910.071942446,157.32010405698267,359682.0,87.46997785568237,0.6645695024917044,24.589222878922367,36.481060153060696,27.624999660953012,0.7975598275775382,10.266556199196431,0.7496665897294751,6.118443901203903,2,1,False,42
permABC-SMC,642419.9288256228,157.3038695121575,361040.0,88.40477466583252,0.661640091247386,24.57116416912264,36.524735906885084,27.624999660952355,0.7846073121892514,10.256629773114975,0.7455913332592086,6.112366538062581,2,1,False,42
permABC-SMC,637908.4507042255,157.27486199056597,362332.0,89.33212161064148,0.65921625247863,24.581385758783192,36.52751672194506,27.62499966095384,0.7795188565918331,10.25323545458433,0.7444036336254756,6.1101889802453195,2,1,False,42
permABC-SMC,635618.881118881,157.7720200265204,363574.0,90.24559545516968,0.6566044660541587,24.577388402150195,36.530598451909384,27.624999660953556,0.7828172162622069,10.260851924561916,0.743490824837375,6.1144847518274394,2,1,False,42
permABC-SMC,631065.7439446367,157.71903463713437,364756.0,91.16160202026367,0.6536864106117503,24.581059756306328,36.548302921903414,27.624999660953755,0.7713628697808728,10.26225089254716,0.7395670455630947,6.115447008833864,2,1,False,42
permABC-SMC,626534.2465753424,156.32652501537376,365896.0,91.29469060897827,0.6514082559947716,24.585208068394618,36.52903672472661,27.624999660953637,0.7962004201991858,10.265680984265252,0.744021400784089,6.117894439774393,2,1,False,42
permABC-SMC,621996.6101694915,154.7717995562796,366978.0,91.31536173820496,0.6478605795186639,24.589460487198032,36.510610759633934,27.624999660954554,0.7979017154018063,10.256954768201277,0.7458018787769322,6.113246263702094,2,1,False,42
permABC-SMC,621635.1351351351,155.78878127239844,368008.0,92.22695851325989,0.6436412504974639,24.626754609662925,36.53069549364103,27.62499966097751,0.7957273860309533,10.249120524812929,0.7423162515671595,6.108588282479179,2,1,False,42
permABC-SMC,1094698.224852071,273.2738870135426,370008.0,92.36657381057739,0.6394118752642698,24.557270114900227,36.5182185774183,27.624999660932836,0.7743048455542028,10.255913062727352,0.7426156718526217,6.1121442653203735,2,1,False,42
permABC-SMC,1074878.612716763,267.30328488212103,371908.0,92.48693656921387,0.6377843528598699,24.52455357462989,36.39163863704134,27.62499966093193,0.8346420772245636,10.25833253707531,0.7639373310575319,6.114064290858522,2,1,False,42
permABC-SMC,1049758.426966292,260.1569750335779,373714.0,92.61588311195374,0.6346915204617335,24.536173456441453,36.39636498489914,27.62499966093262,0.8302235244764056,10.265967360782705,0.7611071568525214,6.118263509367226,2,1,False,42
permABC-SMC,1042861.1111111111,257.62053661876257,375430.0,92.74339318275452,0.6317658031620859,24.58041652519332,36.35234983014747,27.624999660955748,0.8143894645682345,10.287327208461335,0.7559193399759785,6.131398812346684,2,1,False,42
permABC-SMC,1024679.347826087,254.46582294028735,377082.0,93.64342284202576,0.6273116065162726,24.598972799540654,36.33358230407944,27.624999660977792,0.8190415276401141,10.285600805544997,0.7558610562835353,6.130736063142064,2,1,False,42
permABC-SMC,1007101.0638297872,251.49623827731355,378670.0,94.5625855922699,0.6224844161701565,24.601962018815954,36.362171254605904,27.624999660977746,0.8128231663068592,10.291433255284815,0.7519165565956429,6.133816131655313,2,1,False,42
permABC-SMC,995261.780104712,249.5952757241214,380190.0,95.34539532661438,0.622068563804042,24.58555463903315,36.4000678069727,27.624999660977146,0.8054328753827573,10.290693765769536,0.7493608252490462,6.133305962010471,2,1,False,42
permABC-SMC,988777.2020725389,249.429335248285,381668.0,96.27972340583801,0.620971906822524,24.575895540321902,36.41382448045498,27.624999660976787,0.8043970076070468,10.292962722309799,0.7486370044576753,6.134602302179847,2,1,False,42
permABC-SMC,977265.306122449,245.9316460453734,383088.0,96.40520524978638,0.6195847680506241,24.554958989375862,36.36308203614155,27.624999660976187,0.8255355791393129,10.285131920488633,0.7546097554230244,6.130156082142401,2,1,False,42
permABC-SMC,956318.407960199,242.05927113395427,384440.0,97.30782699584961,0.6177235903838675,24.56865992887559,36.36147560952846,27.62499966097646,0.8260796426603243,10.281435798224585,0.7529834001794207,6.127916708152678,2,1,False,42
permABC-SMC,959542.288557214,244.58299940498316,385736.0,98.32236576080322,0.6125301079212595,24.561046619699212,36.38938501739386,27.624999660976066,0.8183012572069817,10.280835839570814,0.7501087973580165,6.127541451121685,2,1,False,42
permABC-SMC,943858.5365853659,241.75293852643267,386982.0,99.1187047958374,0.6109322473124517,24.587803199706094,36.37442221895772,27.624999660977373,0.8162909391146801,10.292006602482315,0.7512836788111628,6.134624062413528,2,1,False,42
permABC-SMC,937628.0193236716,239.71835311484222,388178.0,99.24339818954468,0.6060046776134328,24.58946296574863,36.390075439126036,27.624999660977185,0.8091512110626413,10.285484386662459,0.7485978369041328,6.130397281990088,2,1,False,42
permABC-SMC,940386.4734299517,239.7651263481177,389320.0,99.26276230812073,0.6046722124794782,24.58497992833326,36.44147248430422,27.624999660976776,0.7959251054844603,10.281173655125608,0.7453164665948138,6.127578538651906,2,1,False,42
permABC-SMC,938490.3846153846,238.6587789425483,390412.0,99.2820520401001,0.6005481739976074,24.589096057274745,36.477246015439526,27.624999660976695,0.7878675037346375,10.282573029919408,0.742571972961156,6.128204808080967,2,1,False,42
permABC-SMC,936574.1626794259,237.55752412896408,391488.0,99.29904508590698,0.5997023489368019,24.586499281018643,36.46722576456004,27.624999660976545,0.8017558680747006,10.281437563299958,0.7448482970502266,6.127713946482394,2,1,False,42
permABC-SMC,925858.4905660377,234.2316187777609,392564.0,99.31420636177063,0.5997023489368019,24.586499281018643,36.46722576456004,27.624999660976545,0.8017558680747006,10.281437563299958,0.7448482970502266,6.127713946482394,2,1,False,42
permABC-SMC,928396.2264150943,234.50123757686256,393640.0,99.42852473258972,0.5997023489368019,24.586499281018643,36.46722576456004,27.624999660976545,0.8017558680747006,10.281437563299958,0.7448482970502266,6.127713946482394,2,1,False,42
permABC-SMC,909483.8709677419,229.12956437756938,394716.0,99.44223093986511,0.5997023489368019,24.586499281018643,36.46722576456004,27.624999660976545,0.8017558680747006,10.281437563299958,0.7448482970502266,6.127713946482394,2,1,False,42
permABC-SMC,907779.8165137615,228.11248980530905,395792.0,99.45704555511475,0.5997023489368019,24.586499281018643,36.46722576456004,27.624999660976545,0.8017558680747006,10.281437563299958,0.7448482970502266,6.127713946482394,2,1,False,42
permABC-SMC,901972.7272727273,226.2998337095434,396868.0,99.5719268321991,0.5997023489368019,24.586499281018643,36.46722576456004,27.624999660976545,0.8017558680747006,10.281437563299958,0.7448482970502266,6.127713946482394,2,1,False,42
permABC-SMC,904418.1818181818,226.33092891086233,397944.0,99.58560872077942,0.5997023489368019,24.586499281018643,36.46722576456004,27.624999660976545,0.8017558680747006,10.281437563299958,0.7448482970502266,6.127713946482394,2,1,False,42
permABC-SMC,902760.1809954752,225.33841586220856,399020.0,99.59957981109619,0.5997023489368019,24.586499281018643,36.46722576456004,27.624999660976545,0.8017558680747006,10.281437563299958,0.7448482970502266,6.127713946482394,2,1,False,42
permABC-SMC,893071.4285714285,222.35222533345222,400096.0,99.6137969493866,0.5997023489368019,24.586499281018643,36.46722576456004,27.624999660976545,0.8017558680747006,10.281437563299958,0.7448482970502266,6.127713946482394,2,1,False,42
permABC-SMC,891493.3333333334,221.39366149902344,401172.0,99.62714767456055,0.5997023489368019,24.586499281018643,36.46722576456004,27.624999660976545,0.8017558680747006,10.281437563299958,0.7448482970502266,6.127713946482394,2,1,False,42
permABC-SMC,893884.4444444444,221.42312261793347,402248.0,99.64040517807007,0.5997023489368019,24.586499281018643,36.46722576456004,27.624999660976545,0.8017558680747006,10.281437563299958,0.7448482970502266,6.127713946482394,2,1,False,42
permABC-SMC,892309.7345132743,220.4730932691456,403324.0,99.65383815765381,0.5997023489368019,24.586499281018643,36.46722576456004,27.624999660976545,0.8017558680747006,10.281437563299958,0.7448482970502266,6.127713946482394,2,1,False,42
permABC-SMC,894690.2654867257,220.50248310629246,404400.0,99.66712236404419,0.5997023489368019,24.586499281018643,36.46722576456004,27.624999660976545,0.8017558680747006,10.281437563299958,0.7448482970502266,6.127713946482394,2,1,False,42
permABC-SMC,889201.754385965,218.59747171401978,405476.0,99.68044710159302,0.5997023489368019,24.586499281018643,36.46722576456004,27.624999660976545,0.8017558680747006,10.281437563299958,0.7448482970502266,6.127713946482394,2,1,False,42
permABC-SMC,887668.1222707424,217.672010696611,406552.0,99.69378089904785,0.5997023489368019,24.586499281018643,36.46722576456004,27.624999660976545,0.8017558680747006,10.281437563299958,0.7448482970502266,6.127713946482394,2,1,False,42
permABC-SMC,886147.8260869565,216.75472570502242,407628.0,99.7071738243103,0.5997023489368019,24.586499281018643,36.46722576456004,27.624999660976545,0.8017558680747006,10.281437563299958,0.7448482970502266,6.127713946482394,2,1,False,42
permABC-SMC,888486.9565217391,216.78363706754604,408704.0,99.72047305107117,0.5997023489368019,24.586499281018643,36.46722576456004,27.624999660976545,0.8017558680747006,10.281437563299958,0.7448482970502266,6.127713946482394,2,1,False,42
permABC-SMC,890826.0869565217,216.81242040965867,409780.0,99.733713388443,0.5997023489368019,24.586499281018643,36.46722576456004,27.624999660976545,0.8017558680747006,10.281437563299958,0.7448482970502266,6.127713946482394,2,1,False,42
permABC-SMC,889298.7012987013,215.9025849718036,410856.0,99.74699425697327,0.5997023489368019,24.586499281018643,36.46722576456004,27.624999660976545,0.8017558680747006,10.281437563299958,0.7448482970502266,6.127713946482394,2,1,False,42
permABC-SMC,883974.2489270386,214.07780626812718,411932.0,99.76025772094727,0.5997023489368019,24.586499281018643,36.46722576456004,27.624999660976545,0.8017558680747006,10.281437563299958,0.7448482970502266,6.127713946482394,2,1,False,42
permABC-SMC,878740.4255319149,212.2841621967072,413008.0,99.77355623245239,0.5997023489368019,24.586499281018643,36.46722576456004,27.624999660976545,0.8017558680747006,10.281437563299958,0.7448482970502266,6.127713946482394,2,1,False,42
permABC-SMC,873594.9367088608,210.52080417987162,414084.0,99.78686118125916,0.5997023489368019,24.586499281018643,36.46722576456004,27.624999660976545,0.8017558680747006,10.281437563299958,0.7448482970502266,6.127713946482394,2,1,False,42
permABC-SMC,872184.8739495798,209.66424711612092,415160.0,99.80018162727356,0.5997023489368019,24.586499281018643,36.46722576456004,27.624999660976545,0.8017558680747006,10.281437563299958,0.7448482970502266,6.127713946482394,2,1,False,42
permABC-SMC,867158.3333333333,207.94483224550882,416236.0,99.81351947784424,0.5997023489368019,24.586499281018643,36.46722576456004,27.624999660976545,0.8017558680747006,10.281437563299958,0.7448482970502266,6.127713946482394,2,1,False,42
permABC-SMC,858666.6666666666,205.40535400924367,417312.0,99.82700204849243,0.5997023489368019,24.586499281018643,36.46722576456004,27.624999660976545,0.8017558680747006,10.281437563299958,0.7448482970502266,6.127713946482394,2,1,False,42
permABC-SMC,843524.193548387,201.2911323578127,418388.0,99.8404016494751,0.5997023489368019,24.586499281018643,36.46722576456004,27.624999660976545,0.8017558680747006,10.281437563299958,0.7448482970502266,6.127713946482394,2,1,False,42
permABC-SMC,838928.0,199.7074499130249,419464.0,99.85372495651245,0.5997023489368019,24.586499281018643,36.46722576456004,27.624999660976545,0.8017558680747006,10.281437563299958,0.7448482970502266,6.127713946482394,2,1,False,42
permABC-SMC,841080.0,199.73411893844604,420540.0,99.86705946922302,0.5997023489368019,24.586499281018643,36.46722576456004,27.624999660976545,0.8017558680747006,10.281437563299958,0.7448482970502266,6.127713946482394,2,1,False,42
permABC-SMC,836539.6825396825,198.17541374100577,421616.0,99.88040852546692,0.5997023489368019,24.586499281018643,36.46722576456004,27.624999660976545,0.8017558680747006,10.281437563299958,0.7448482970502266,6.127713946482394,2,1,False,42
permABC-SMC,832070.8661417323,196.6410612496804,422692.0,99.89365911483765,0.5997023489368019,24.586499281018643,36.46722576456004,27.624999660976545,0.8017558680747006,10.281437563299958,0.7448482970502266,6.127713946482394,2,1,False,42
permABC-SMC,824451.3618677042,194.37169425682336,423768.0,99.9070508480072,0.5997023489368019,24.586499281018643,36.46722576456004,27.624999660976545,0.8017558680747006,10.281437563299958,0.7448482970502266,6.127713946482394,2,1,False,42
permABC-SMC,813877.3946360153,191.61182299427603,424844.0,100.02137160301208,0.5997023489368019,24.586499281018643,36.46722576456004,27.624999660976545,0.8017558680747006,10.281437563299958,0.7448482970502266,6.127713946482394,2,1,False,42
permABC-SMC,812824.427480916,190.9068513462562,425920.0,100.03519010543823,0.5997023489368019,24.586499281018643,36.46722576456004,27.624999660976545,0.8017558680747006,10.281437563299958,0.7448482970502266,6.127713946482394,2,1,False,42
permABC-SMC,811779.4676806084,190.20631104821035,426996.0,100.04851961135864,0.5997023489368019,24.586499281018643,36.46722576456004,27.624999660976545,0.8017558680747006,10.281437563299958,0.7448482970502266,6.127713946482394,2,1,False,42
permABC-SMC,810742.4242424242,189.51097040465385,428072.0,100.06179237365723,0.5997023489368019,24.586499281018643,36.46722576456004,27.624999660976545,0.8017558680747006,10.281437563299958,0.7448482970502266,6.127713946482394,2,1,False,42
permABC-SMC,812780.303030303,189.53607570041308,429148.0,100.07504796981812,0.5997023489368019,24.586499281018643,36.46722576456004,27.624999660976545,0.8017558680747006,10.281437563299958,0.7448482970502266,6.127713946482394,2,1,False,42
permABC-SMC,808691.7293233083,188.13611331738926,430224.0,100.08841228485107,0.5997023489368019,24.586499281018643,36.46722576456004,27.624999660976545,0.8017558680747006,10.281437563299958,0.7448482970502266,6.127713946482394,2,1,False,42
permABC-SMC,807677.9026217229,187.45647923330242,431300.0,100.1017599105835,0.5997023489368019,24.586499281018643,36.46722576456004,27.624999660976545,0.8017558680747006,10.281437563299958,0.7448482970502266,6.127713946482394,2,1,False,42
permABC-SMC,806671.6417910447,186.781979318875,432376.0,100.11514091491699,0.5997023489368019,24.586499281018643,36.46722576456004,27.624999660976545,0.8017558680747006,10.281437563299958,0.7448482970502266,6.127713946482394,2,1,False,42
permABC-SMC,802688.8888888889,185.42303729940343,433452.0,100.12844014167786,0.5997023489368019,24.586499281018643,36.46722576456004,27.624999660976545,0.8017558680747006,10.281437563299958,0.7448482970502266,6.127713946482394,2,1,False,42
permABC-SMC,801712.1771217713,184.7633998772315,434528.0,100.14176273345947,0.5997023489368019,24.586499281018643,36.46722576456004,27.624999660976545,0.8017558680747006,10.281437563299958,0.7448482970502266,6.127713946482394,2,1,False,42
permABC-SMC,800742.6470588235,184.10887218573512,435604.0,100.15522646903992,0.5997023489368019,24.586499281018643,36.46722576456004,27.624999660976545,0.8017558680747006,10.281437563299958,0.7448482970502266,6.127713946482394,2,1,False,42
permABC-SMC,802720.5882352941,184.13342228707145,436680.0,100.16858172416687,0.5997023489368019,24.586499281018643,36.46722576456004,27.624999660976545,0.8017558680747006,10.281437563299958,0.7448482970502266,6.127713946482394,2,1,False,42
permABC-SMC,801750.9157509158,183.48319713885968,437756.0,100.18182563781738,0.5997023489368019,24.586499281018643,36.46722576456004,27.624999660976545,0.8017558680747006,10.281437563299958,0.7448482970502266,6.127713946482394,2,1,False,42
permABC-SMC,803721.6117216117,183.5076359165457,438832.0,100.19516921043396,0.5997023489368019,24.586499281018643,36.46722576456004,27.624999660976545,0.8017558680747006,10.281437563299958,0.7448482970502266,6.127713946482394,2,1,False,42
permABC-SMC,805692.3076923077,183.53210700737253,439908.0,100.20853042602539,0.5997023489368019,24.586499281018643,36.46722576456004,27.624999660976545,0.8017558680747006,10.281437563299958,0.7448482970502266,6.127713946482394,2,1,False,42
permABC-SMC,804715.3284671534,182.886547415796,440984.0,100.2218279838562,0.5997023489368019,24.586499281018643,36.46722576456004,27.624999660976545,0.8017558680747006,10.281437563299958,0.7448482970502266,6.127713946482394,2,1,False,42
permABC-SMC,803745.4545454546,182.24560737609863,442060.0,100.23508405685425,0.5997023489368019,24.586499281018643,36.46722576456004,27.624999660976545,0.8017558680747006,10.281437563299958,0.7448482970502266,6.127713946482394,2,1,False,42
permABC-SMC,805701.8181818182,182.2696742144498,443136.0,100.24832081794739,0.5997023489368019,24.586499281018643,36.46722576456004,27.624999660976545,0.8017558680747006,10.281437563299958,0.7448482970502266,6.127713946482394,2,1,False,42
permABC-SMC,804731.884057971,181.6334050634633,444212.0,100.26163959503174,0.5997023489368019,24.586499281018643,36.46722576456004,27.624999660976545,0.8017558680747006,10.281437563299958,0.7448482970502266,6.127713946482394,2,1,False,42
permABC-SMC,800877.6978417267,180.35068400472187,445288.0,100.27498030662537,0.5997023489368019,24.586499281018643,36.46722576456004,27.624999660976545,0.8017558680747006,10.281437563299958,0.7448482970502266,6.127713946482394,2,1,False,42
permABC-SMC,799935.4838709676,179.72820334964328,446364.0,100.28833746910095,0.5997023489368019,24.586499281018643,36.46722576456004,27.624999660976545,0.8017558680747006,10.281437563299958,0.7448482970502266,6.127713946482394,2,1,False,42
permABC-SMC,801863.7992831541,179.75202598024867,447440.0,100.30163049697876,0.5997023489368019,24.586499281018643,36.46722576456004,27.624999660976545,0.8017558680747006,10.281437563299958,0.7448482970502266,6.127713946482394,2,1,False,42
permABC-SMC,798071.1743772242,178.49642059556956,448516.0,100.31498837471008,0.5997023489368019,24.586499281018643,36.46722576456004,27.624999660976545,0.8017558680747006,10.281437563299958,0.7448482970502266,6.127713946482394,2,1,False,42
permABC-SMC,794332.1554770318,177.2584830914285,449592.0,100.32830142974854,0.5997023489368019,24.586499281018643,36.46722576456004,27.624999660976545,0.8017558680747006,10.281437563299958,0.7448482970502266,6.127713946482394,2,1,False,42
permABC-SMC,787881.118881119,175.42245379694694,450668.0,100.34164357185364,0.5997023489368019,24.586499281018643,36.46722576456004,27.624999660976545,0.8017558680747006,10.281437563299958,0.7448482970502266,6.127713946482394,2,1,False,42
permABC-SMC,787010.4529616726,174.8344096572557,451744.0,100.35495114326477,0.5997023489368019,24.586499281018643,36.46722576456004,27.624999660976545,0.8017558680747006,10.281437563299958,0.7448482970502266,6.127713946482394,2,1,False,42
permABC-SMC,788885.0174216029,174.85760313293244,452820.0,100.36826419830322,0.5997023489368019,24.586499281018643,36.46722576456004,27.624999660976545,0.8017558680747006,10.281437563299958,0.7448482970502266,6.127713946482394,2,1,False,42
permABC-SMC,782579.3103448276,173.07169108555235,453896.0,100.38158082962036,0.5997023489368019,24.586499281018643,36.46722576456004,27.624999660976545,0.8017558680747006,10.281437563299958,0.7448482970502266,6.127713946482394,2,1,False,42
permABC-SMC,781738.8316151203,172.49994835083427,454972.0,100.39496994018555,0.5997023489368019,24.586499281018643,36.46722576456004,27.624999660976545,0.8017558680747006,10.281437563299958,0.7448482970502266,6.127713946482394,2,1,False,42
permABC-SMC,783587.6288659794,172.52281973861747,456048.0,100.40828108787537,0.5997023489368019,24.586499281018643,36.46722576456004,27.624999660976545,0.8017558680747006,10.281437563299958,0.7448482970502266,6.127713946482394,2,1,False,42
permABC-SMC,782746.5753424658,171.9554454496462,457124.0,100.42198014259338,0.5997023489368019,24.586499281018643,36.46722576456004,27.624999660976545,0.8017558680747006,10.281437563299958,0.7448482970502266,6.127713946482394,2,1,False,42
permABC-SMC,784589.0410958903,171.97823157049206,458200.0,100.43528723716736,0.5997023489368019,24.586499281018643,36.46722576456004,27.624999660976545,0.8017558680747006,10.281437563299958,0.7448482970502266,6.127713946482394,2,1,False,42
permABC-SMC,781081.6326530612,170.830956527165,459276.0,100.44860243797302,0.5997023489368019,24.586499281018643,36.46722576456004,27.624999660976545,0.8017558680747006,10.281437563299958,0.7448482970502266,6.127713946482394,2,1,False,42
permABC-SMC,782911.5646258504,170.85365413808498,460352.0,100.46194863319397,0.5997023489368019,24.586499281018643,36.46722576456004,27.624999660976545,0.8017558680747006,10.281437563299958,0.7448482970502266,6.127713946482394,2,1,False,42
permABC-SMC,779439.1891891891,169.7217765692118,461428.0,100.47529172897339,0.5997023489368019,24.586499281018643,36.46722576456004,27.624999660976545,0.8017558680747006,10.281437563299958,0.7448482970502266,6.127713946482394,2,1,False,42
permABC-SMC,781256.7567567568,169.74426282418742,462504.0,100.48860359191895,0.5997023489368019,24.586499281018643,36.46722576456004,27.624999660976545,0.8017558680747006,10.281437563299958,0.7448482970502266,6.127713946482394,2,1,False,42
permABC-SMC,780437.7104377104,169.19508205118404,463580.0,100.50187873840332,0.5997023489368019,24.586499281018643,36.46722576456004,27.624999660976545,0.8017558680747006,10.281437563299958,0.7448482970502266,6.127713946482394,2,1,False,42
permABC-SMC,777016.7224080268,168.08562693388566,464656.0,100.51520490646362,0.5997023489368019,24.586499281018643,36.46722576456004,27.624999660976545,0.8017558680747006,10.281437563299958,0.7448482970502266,6.127713946482394,2,1,False,42
permABC-SMC,776220.0,167.54759828249612,465732.0,100.52855896949768,0.5997023489368019,24.586499281018643,36.46722576456004,27.624999660976545,0.8017558680747006,10.281437563299958,0.7448482970502266,6.127713946482394,2,1,False,42
permABC-SMC,775428.5714285715,167.01303803643518,466808.0,100.54184889793396,0.5997023489368019,24.586499281018643,36.46722576456004,27.624999660976545,0.8017558680747006,10.281437563299958,0.7448482970502266,6.127713946482394,2,1,False,42
permABC-SMC,774642.3841059603,166.48218489640595,467884.0,100.5552396774292,0.5997023489368019,24.586499281018643,36.46722576456004,27.624999660976545,0.8017558680747006,10.281437563299958,0.7448482970502266,6.127713946482394,2,1,False,42
permABC-SMC,773861.3861386138,165.95458905689,468960.0,100.56848096847534,0.5997023489368019,24.586499281018643,36.46722576456004,27.624999660976545,0.8017558680747006,10.281437563299958,0.7448482970502266,6.127713946482394,2,1,False,42
permABC-SMC,770550.8196721312,164.88810210931496,470036.0,100.58174228668213,0.5997023489368019,24.586499281018643,36.46722576456004,27.624999660976545,0.8017558680747006,10.281437563299958,0.7448482970502266,6.127713946482394,2,1,False,42
permABC-SMC,767283.3876221498,163.83554648110453,471112.0,100.5950255393982,0.5997023489368019,24.586499281018643,36.46722576456004,27.624999660976545,0.8017558680747006,10.281437563299958,0.7448482970502266,6.127713946482394,2,1,False,42
permABC-SMC,764058.2524271845,162.79655791409192,472188.0,100.60827279090881,0.5997023489368019,24.586499281018643,36.46722576456004,27.624999660976545,0.8017558680747006,10.281437563299958,0.7448482970502266,6.127713946482394,2,1,False,42
permABC-SMC,760874.5980707395,161.77098467419,473264.0,100.62155246734619,0.5997023489368019,24.586499281018643,36.46722576456004,27.624999660976545,0.8017558680747006,10.281437563299958,0.7448482970502266,6.127713946482394,2,1,False,42
permABC-SMC,760160.2564102565,161.27374042303134,474340.0,100.63481402397156,0.5997023489368019,24.586499281018643,36.46722576456004,27.624999660976545,0.8017558680747006,10.281437563299958,0.7448482970502266,6.127713946482394,2,1,False,42
permABC-SMC,759450.4792332269,160.77979570760513,475416.0,100.64815211296082,0.5997023489368019,24.586499281018643,36.46722576456004,27.624999660976545,0.8017558680747006,10.281437563299958,0.7448482970502266,6.127713946482394,2,1,False,42
permABC-SMC,761169.3290734824,160.8011037016067,476492.0,100.66149091720581,0.5997023489368019,24.586499281018643,36.46722576456004,27.624999660976545,0.8017558680747006,10.281437563299958,0.7448482970502266,6.127713946482394,2,1,False,42
permABC-SMC,762888.178913738,160.82249434230428,477568.0,100.67488145828247,0.5997023489368019,24.586499281018643,36.46722576456004,27.624999660976545,0.8017558680747006,10.281437563299958,0.7448482970502266,6.127713946482394,2,1,False,42
permABC-SMC,764607.0287539937,160.8439032642986,478644.0,100.68828344345093,0.5997023489368019,24.586499281018643,36.46722576456004,27.624999660976545,0.8017558680747006,10.281437563299958,0.7448482970502266,6.127713946482394,2,1,False,42
permABC-SMC,766325.8785942491,160.86537236222824,479720.0,100.70172309875488,0.5997023489368019,24.586499281018643,36.46722576456004,27.624999660976545,0.8017558680747006,10.281437563299958,0.7448482970502266,6.127713946482394,2,1,False,42
permABC-SMC,765598.7261146497,160.37438515644925,480796.0,100.71511387825012,0.5997023489368019,24.586499281018643,36.46722576456004,27.624999660976545,0.8017558680747006,10.281437563299958,0.7448482970502266,6.127713946482394,2,1,False,42
permABC-SMC,764876.1904761904,159.88652933211551,481872.0,100.72851347923279,0.5997023489368019,24.586499281018643,36.46722576456004,27.624999660976545,0.8017558680747006,10.281437563299958,0.7448482970502266,6.127713946482394,2,1,False,42
permABC-SMC,764158.2278481013,159.40185174157347,482948.0,100.74197030067444,0.5997023489368019,24.586499281018643,36.46722576456004,27.624999660976545,0.8017558680747006,10.281437563299958,0.7448482970502266,6.127713946482394,2,1,False,42
permABC-SMC,763444.7949526814,158.92013352752107,484024.0,100.75536465644836,0.5997023489368019,24.586499281018643,36.46722576456004,27.624999660976545,0.8017558680747006,10.281437563299958,0.7448482970502266,6.127713946482394,2,1,False,42
permABC-SMC,765141.9558359621,158.94121401693542,485100.0,100.76872968673706,0.5997023489368019,24.586499281018643,36.46722576456004,27.624999660976545,0.8017558680747006,10.281437563299958,0.7448482970502266,6.127713946482394,2,1,False,42
permABC-SMC,764427.6729559748,158.46237184116677,486176.0,100.78206849098206,0.5997023489368019,24.586499281018643,36.46722576456004,27.624999660976545,0.8017558680747006,10.281437563299958,0.7448482970502266,6.127713946482394,2,1,False,42
permABC-SMC,763717.868338558,157.98665774653327,487252.0,100.79548764228821,0.5997023489368019,24.586499281018643,36.46722576456004,27.624999660976545,0.8017558680747006,10.281437563299958,0.7448482970502266,6.127713946482394,2,1,False,42
permABC-SMC,760635.5140186915,157.023038448203,488328.0,100.80879068374634,0.5997023489368019,24.586499281018643,36.46722576456004,27.624999660976545,0.8017558680747006,10.281437563299958,0.7448482970502266,6.127713946482394,2,1,False,42
permABC-SMC,762311.5264797508,157.0440125985309,489404.0,100.82225608825684,0.5997023489368019,24.586499281018643,36.46722576456004,27.624999660976545,0.8017558680747006,10.281437563299958,0.7448482970502266,6.127713946482394,2,1,False,42
permABC-SMC,763987.5389408099,157.0647980936591,490480.0,100.83560037612915,0.5997023489368019,24.586499281018643,36.46722576456004,27.624999660976545,0.8017558680747006,10.281437563299958,0.7448482970502266,6.127713946482394,2,1,False,42
permABC-SMC,763285.7142857143,156.5978201279729,491556.0,100.84899616241455,0.5997023489368019,24.586499281018643,36.46722576456004,27.624999660976545,0.8017558680747006,10.281437563299958,0.7448482970502266,6.127713946482394,2,1,False,42
permABC-SMC,757895.3846153846,155.1730254980234,492632.0,100.86246657371521,0.5997023489368019,24.586499281018643,36.46722576456004,27.624999660976545,0.8017558680747006,10.281437563299958,0.7448482970502266,6.127713946482394,2,1,False,42
permABC-SMC,759550.7692307692,155.19367438096265,493708.0,100.87588834762573,0.5997023489368019,24.586499281018643,36.46722576456004,27.624999660976545,0.8017558680747006,10.281437563299958,0.7448482970502266,6.127713946482394,2,1,False,42
permABC-SMC,754243.9024390244,153.7945881122496,494784.0,100.88924980163574,0.5997023489368019,24.586499281018643,36.46722576456004,27.624999660976545,0.8017558680747006,10.281437563299958,0.7448482970502266,6.127713946482394,2,1,False,42
permABC-SMC,753586.6261398176,153.34745707120575,495860.0,100.9026267528534,0.5997023489368019,24.586499281018643,36.46722576456004,27.624999660976545,0.8017558680747006,10.281437563299958,0.7448482970502266,6.127713946482394,2,1,False,42
permABC-SMC,750658.6102719033,152.44114543015863,496936.0,100.91603827476501,0.5997023489368019,24.586499281018643,36.46722576456004,27.624999660976545,0.8017558680747006,10.281437563299958,0.7448482970502266,6.127713946482394,2,1,False,42
permABC-SMC,750018.0722891566,152.00242292450136,498012.0,100.9296088218689,0.5997023489368019,24.586499281018643,36.46722576456004,27.624999660976545,0.8017558680747006,10.281437563299958,0.7448482970502266,6.127713946482394,2,1,False,42
permABC-SMC,751638.5542168674,152.02254021024132,499088.0,100.94296669960022,0.5997023489368019,24.586499281018643,36.46722576456004,27.624999660976545,0.8017558680747006,10.281437563299958,0.7448482970502266,6.127713946482394,2,1,False,42
permABC-SMC,748748.502994012,151.1321299804185,500164.0,100.95626282691956,0.5997023489368019,24.586499281018643,36.46722576456004,27.624999660976545,0.8017558680747006,10.281437563299958,0.7448482970502266,6.127713946482394,2,1,False,42
permABC-SMC,750359.2814371258,151.1520654141546,501240.0,100.96957969665527,0.5997023489368019,24.586499281018643,36.46722576456004,27.624999660976545,0.8017558680747006,10.281437563299958,0.7448482970502266,6.127713946482394,2,1,False,42
permABC-SMC,749725.3731343284,150.7207553778122,502316.0,100.98290610313416,0.5997023489368019,24.586499281018643,36.46722576456004,27.624999660976545,0.8017558680747006,10.281437563299958,0.7448482970502266,6.127713946482394,2,1,False,42
permABC-SMC,749095.2380952381,150.29202827385492,503392.0,100.99624300003052,0.5997023489368019,24.586499281018643,36.46722576456004,27.624999660976545,0.8017558680747006,10.281437563299958,0.7448482970502266,6.127713946482394,2,1,False,42
permABC-SMC,750696.4285714285,150.311977380798,504468.0,101.00964879989624,0.5997023489368019,24.586499281018643,36.46722576456004,27.624999660976545,0.8017558680747006,10.281437563299958,0.7448482970502266,6.127713946482394,2,1,False,42
permABC-SMC,750065.2818991098,149.8857888694333,505544.0,101.02302169799805,0.5997023489368019,24.586499281018643,36.46722576456004,27.624999660976545,0.8017558680747006,10.281437563299958,0.7448482970502266,6.127713946482394,2,1,False,42
permABC-SMC,749437.8698224853,149.46216521178476,506620.0,101.0364236831665,0.5997023489368019,24.586499281018643,36.46722576456004,27.624999660976545,0.8017558680747006,10.281437563299958,0.7448482970502266,6.127713946482394,2,1,False,42
permABC-SMC,748814.1592920354,149.04110129252297,507696.0,101.04986667633057,0.5997023489368019,24.586499281018643,36.46722576456004,27.624999660976545,0.8017558680747006,10.281437563299958,0.7448482970502266,6.127713946482394,2,1,False,42
permABC-SMC,746000.0,148.1866315662686,508772.0,101.06328272819519,0.5997023489368019,24.586499281018643,36.46722576456004,27.624999660976545,0.8017558680747006,10.281437563299958,0.7448482970502266,6.127713946482394,2,1,False,42
permABC-SMC,747577.7126099707,148.20613714257294,509848.0,101.07658553123474,0.5997023489368019,24.586499281018643,36.46722576456004,27.624999660976545,0.8017558680747006,10.281437563299958,0.7448482970502266,6.127713946482394,2,1,False,42
permABC-SMC,746964.9122807018,147.7924316947223,510924.0,101.09002327919006,0.5997023489368019,24.586499281018643,36.46722576456004,27.624999660976545,0.8017558680747006,10.281437563299958,0.7448482970502266,6.127713946482394,2,1,False,42
permABC-SMC,746355.6851311952,147.38117397352835,512000.0,101.10348534584045,0.5997023489368019,24.586499281018643,36.46722576456004,27.624999660976545,0.8017558680747006,10.281437563299958,0.7448482970502266,6.127713946482394,2,1,False,42
permABC-SMC,745750.0,146.9721967397734,513076.0,101.11687135696411,0.5997023489368019,24.586499281018643,36.46722576456004,27.624999660976545,0.8017558680747006,10.281437563299958,0.7448482970502266,6.127713946482394,2,1,False,42
permABC-SMC,742994.2196531793,146.14191668571075,514152.0,101.13020634651184,0.5997023489368019,24.586499281018643,36.46722576456004,27.624999660976545,0.8017558680747006,10.281437563299958,0.7448482970502266,6.127713946482394,2,1,False,42
permABC-SMC,744549.1329479769,146.16115279280382,515228.0,101.14351773262024,0.5997023489368019,24.586499281018643,36.46722576456004,27.624999660976545,0.8017558680747006,10.281437563299958,0.7448482970502266,6.127713946482394,2,1,False,42
permABC-SMC,743953.8904899135,145.75918881968738,516304.0,101.15687704086304,0.5997023489368019,24.586499281018643,36.46722576456004,27.624999660976545,0.8017558680747006,10.281437563299958,0.7448482970502266,6.127713946482394,2,1,False,42
permABC-SMC,745504.3227665706,145.77841380831143,517380.0,101.17021918296814,0.5997023489368019,24.586499281018643,36.46722576456004,27.624999660976545,0.8017558680747006,10.281437563299958,0.7448482970502266,6.127713946482394,2,1,False,42
permABC-SMC,747054.7550432277,145.79775250954313,518456.0,101.18364024162292,0.5997023489368019,24.586499281018643,36.46722576456004,27.624999660976545,0.8017558680747006,10.281437563299958,0.7448482970502266,6.127713946482394,2,1,False,42
permABC-SMC,746454.0229885057,145.39809233840856,519532.0,101.19707226753235,0.5997023489368019,24.586499281018643,36.46722576456004,27.624999660976545,0.8017558680747006,10.281437563299958,0.7448482970502266,6.127713946482394,2,1,False,42
permABC-SMC,745856.7335243552,145.00074741833532,520608.0,101.21052169799805,0.5997023489368019,24.586499281018643,36.46722576456004,27.624999660976545,0.8017558680747006,10.281437563299958,0.7448482970502266,6.127713946482394,2,1,False,42
permABC-SMC,745262.8571428572,144.6055657523019,521684.0,101.22389602661133,0.5997023489368019,24.586499281018643,36.46722576456004,27.624999660976545,0.8017558680747006,10.281437563299958,0.7448482970502266,6.127713946482394,2,1,False,42
permABC-SMC,746800.0,144.62473699024744,522760.0,101.23731589317322,0.5997023489368019,24.586499281018643,36.46722576456004,27.624999660976545,0.8017558680747006,10.281437563299958,0.7448482970502266,6.127713946482394,2,1,False,42
permABC-SMC,746205.1282051281,144.23190392659941,523836.0,101.25079655647278,0.5997023489368019,24.586499281018643,36.46722576456004,27.624999660976545,0.8017558680747006,10.281437563299958,0.7448482970502266,6.127713946482394,2,1,False,42
permABC-SMC,747737.8917378917,144.25110579216243,524912.0,101.26427626609802,0.5997023489368019,24.586499281018643,36.46722576456004,27.624999660976545,0.8017558680747006,10.281437563299958,0.7448482970502266,6.127713946482394,2,1,False,42
permABC-SMC,747142.0454545455,143.86031641201538,525988.0,101.27766275405884,0.5997023489368019,24.586499281018643,36.46722576456004,27.624999660976545,0.8017558680747006,10.281437563299958,0.7448482970502266,6.127713946482394,2,1,False,42
permABC-SMC,748670.4545454545,143.87934892015022,527064.0,101.29106163978577,0.5997023489368019,24.586499281018643,36.46722576456004,27.624999660976545,0.8017558680747006,10.281437563299958,0.7448482970502266,6.127713946482394,2,1,False,42
permABC-SMC,750198.8636363636,143.89834315939385,528140.0,101.30443358421326,0.5997023489368019,24.586499281018643,36.46722576456004,27.624999660976545,0.8017558680747006,10.281437563299958,0.7448482970502266,6.127713946482394,2,1,False,42
permABC-SMC,749597.7337110481,143.50974863716968,529216.0,101.3178825378418,0.5997023489368019,24.586499281018643,36.46722576456004,27.624999660976545,0.8017558680747006,10.281437563299958,0.7448482970502266,6.127713946482394,2,1,False,42
permABC-SMC,751121.8130311614,143.52870257650488,530292.0,101.33126401901245,0.5997023489368019,24.586499281018643,36.46722576456004,27.624999660976545,0.8017558680747006,10.281437563299958,0.7448482970502266,6.127713946482394,2,1,False,42
permABC-SMC,750519.7740112995,143.14217857048337,531368.0,101.34466242790222,0.5997023489368019,24.586499281018643,36.46722576456004,27.624999660976545,0.8017558680747006,10.281437563299958,0.7448482970502266,6.127713946482394,2,1,False,42
permABC-SMC,752039.5480225988,143.1610146484806,532444.0,101.35799837112427,0.5997023489368019,24.586499281018643,36.46722576456004,27.624999660976545,0.8017558680747006,10.281437563299958,0.7448482970502266,6.127713946482394,2,1,False,42
permABC-SMC,751436.6197183098,142.7766118251102,533520.0,101.37139439582825,0.5997023489368019,24.586499281018643,36.46722576456004,27.624999660976545,0.8017558680747006,10.281437563299958,0.7448482970502266,6.127713946482394,2,1,False,42
permABC-SMC,752952.1126760563,142.7955939736165,534596.0,101.3848717212677,0.5997023489368019,24.586499281018643,36.46722576456004,27.624999660976545,0.8017558680747006,10.281437563299958,0.7448482970502266,6.127713946482394,2,1,False,42
permABC-SMC,752348.3146067417,142.41339785329413,535672.0,101.39833927154541,0.5997023489368019,24.586499281018643,36.46722576456004,27.624999660976545,0.8017558680747006,10.281437563299958,0.7448482970502266,6.127713946482394,2,1,False,42
permABC-SMC,753859.5505617977,142.43226607194106,536748.0,101.41177344322205,0.5997023489368019,24.586499281018643,36.46722576456004,27.624999660976545,0.8017558680747006,10.281437563299958,0.7448482970502266,6.127713946482394,2,1,False,42
permABC-SMC,755370.786516854,142.4510743510857,537824.0,101.42516493797302,0.5997023489368019,24.586499281018643,36.46722576456004,27.624999660976545,0.8017558680747006,10.281437563299958,0.7448482970502266,6.127713946482394,2,1,False,42
permABC-SMC,756882.0224719101,142.46991142798004,538900.0,101.4385769367218,0.5997023489368019,24.586499281018643,36.46722576456004,27.624999660976545,0.8017558680747006,10.281437563299958,0.7448482970502266,6.127713946482394,2,1,False,42
permABC-SMC,758393.2584269664,142.48890823192812,539976.0,101.45210266113281,0.5997023489368019,24.586499281018643,36.46722576456004,27.624999660976545,0.8017558680747006,10.281437563299958,0.7448482970502266,6.127713946482394,2,1,False,42
permABC-SMC,757775.9103641456,142.10857830795587,541052.0,101.4655249118805,0.5997023489368019,24.586499281018643,36.46722576456004,27.624999660976545,0.8017558680747006,10.281437563299958,0.7448482970502266,6.127713946482394,2,1,False,42
permABC-SMC,757162.0111731844,141.73042740901755,542128.0,101.47898602485657,0.5997023489368019,24.586499281018643,36.46722576456004,27.624999660976545,0.8017558680747006,10.281437563299958,0.7448482970502266,6.127713946482394,2,1,False,42
permABC-SMC,750281.7679558011,140.18296503888968,543204.0,101.49246668815613,0.5997023489368019,24.586499281018643,36.46722576456004,27.624999660976545,0.8017558680747006,10.281437563299958,0.7448482970502266,6.127713946482394,2,1,False,42
permABC-SMC,751767.955801105,140.20161964616722,544280.0,101.50597262382507,0.5997023489368019,24.586499281018643,36.46722576456004,27.624999660976545,0.8017558680747006,10.281437563299958,0.7448482970502266,6.127713946482394,2,1,False,42
permABC-SMC,753254.1436464088,140.22019818342852,545356.0,101.51942348480225,0.5997023489368019,24.586499281018643,36.46722576456004,27.624999660976545,0.8017558680747006,10.281437563299958,0.7448482970502266,6.127713946482394,2,1,False,42
permABC-SMC,754740.3314917127,140.23875004678803,546432.0,101.53285503387451,0.5997023489368019,24.586499281018643,36.46722576456004,27.624999660976545,0.8017558680747006,10.281437563299958,0.7448482970502266,6.127713946482394,2,1,False,42
permABC-SMC,756226.5193370166,140.25729170161716,547508.0,101.54627919197083,0.5997023489368019,24.586499281018643,36.46722576456004,27.624999660976545,0.8017558680747006,10.281437563299958,0.7448482970502266,6.127713946482394,2,1,False,42
permABC-SMC,755625.344352617,139.889420556628,548584.0,101.55971932411194,0.5997023489368019,24.586499281018643,36.46722576456004,27.624999660976545,0.8017558680747006,10.281437563299958,0.7448482970502266,6.127713946482394,2,1,False,42
permABC-SMC,757107.438016529,139.90793379213528,549660.0,101.57315993309021,0.5997023489368019,24.586499281018643,36.46722576456004,27.624999660976545,0.8017558680747006,10.281437563299958,0.7448482970502266,6.127713946482394,2,1,False,42
permABC-SMC,756505.4945054945,139.5421401484982,550736.0,101.58667802810669,0.5997023489368019,24.586499281018643,36.46722576456004,27.624999660976545,0.8017558680747006,10.281437563299958,0.7448482970502266,6.127713946482394,2,1,False,42
permABC-SMC,757983.5164835165,139.56062020836296,551812.0,101.60013151168823,0.5997023489368019,24.586499281018643,36.46722576456004,27.624999660976545,0.8017558680747006,10.281437563299958,0.7448482970502266,6.127713946482394,2,1,False,42
permABC-SMC,759461.5384615385,139.5791503754291,552888.0,101.61362147331238,0.5997023489368019,24.586499281018643,36.46722576456004,27.624999660976545,0.8017558680747006,10.281437563299958,0.7448482970502266,6.127713946482394,2,1,False,42
permABC-SMC,760939.5604395604,139.5975947380066,553964.0,101.6270489692688,0.5997023489368019,24.586499281018643,36.46722576456004,27.624999660976545,0.8017558680747006,10.281437563299958,0.7448482970502266,6.127713946482394,2,1,False,42
permABC-SMC,758251.3661202185,138.85308061141131,555040.0,101.6404550075531,0.5997023489368019,24.586499281018643,36.46722576456004,27.624999660976545,0.8017558680747006,10.281437563299958,0.7448482970502266,6.127713946482394,2,1,False,42
permABC-SMC,759721.3114754098,138.8715880164683,556116.0,101.65400242805481,0.5997023489368019,24.586499281018643,36.46722576456004,27.624999660976545,0.8017558680747006,10.281437563299958,0.7448482970502266,6.127713946482394,2,1,False,42
permABC-SMC,757054.347826087,138.13509921664777,557192.0,101.66743302345276,0.5997023489368019,24.586499281018643,36.46722576456004,27.624999660976545,0.8017558680747006,10.281437563299958,0.7448482970502266,6.127713946482394,2,1,False,42
permABC-SMC,754416.2162162162,137.40654281667761,558268.0,101.68084168434143,0.5997023489368019,24.586499281018643,36.46722576456004,27.624999660976545,0.8017558680747006,10.281437563299958,0.7448482970502266,6.127713946482394,2,1,False,42
permABC-SMC,755870.2702702702,137.42458143749752,559344.0,101.69419026374817,0.5997023489368019,24.586499281018643,36.46722576456004,27.624999660976545,0.8017558680747006,10.281437563299958,0.7448482970502266,6.127713946482394,2,1,False,42
permABC-SMC,755283.0188679245,137.07235013699596,560420.0,101.707683801651,0.5997023489368019,24.586499281018643,36.46722576456004,27.624999660976545,0.8017558680747006,10.281437563299958,0.7448482970502266,6.127713946482394,2,1,False,42
permABC-SMC,756733.153638814,137.0904304267904,561496.0,101.72109937667847,0.5997023489368019,24.586499281018643,36.46722576456004,27.624999660976545,0.8017558680747006,10.281437563299958,0.7448482970502266,6.127713946482394,2,1,False,42
permABC-SMC,758183.2884097035,137.1085711245267,562572.0,101.7345597743988,0.5997023489368019,24.586499281018643,36.46722576456004,27.624999660976545,0.8017558680747006,10.281437563299958,0.7448482970502266,6.127713946482394,2,1,False,42
permABC-SMC,759633.4231805931,137.12663566969795,563648.0,101.7479636669159,0.5997023489368019,24.586499281018643,36.46722576456004,27.624999660976545,0.8017558680747006,10.281437563299958,0.7448482970502266,6.127713946482394,2,1,False,42
permABC-SMC,761083.5579514825,137.14469346717362,564724.0,101.76136255264282,0.5997023489368019,24.586499281018643,36.46722576456004,27.624999660976545,0.8017558680747006,10.281437563299958,0.7448482970502266,6.127713946482394,2,1,False,42
permABC-SMC,760483.8709677419,136.79409315509182,565800.0,101.7748053073883,0.5997023489368019,24.586499281018643,36.46722576456004,27.624999660976545,0.8017558680747006,10.281437563299958,0.7448482970502266,6.127713946482394,2,1,False,42
permABC-SMC,759887.399463807,136.4452541673471,566876.0,101.78815960884094,0.5997023489368019,24.586499281018643,36.46722576456004,27.624999660976545,0.8017558680747006,10.281437563299958,0.7448482970502266,6.127713946482394,2,1,False,42
permABC-SMC,761329.7587131367,136.46312852966884,567952.0,101.80149388313293,0.5997023489368019,24.586499281018643,36.46722576456004,27.624999660976545,0.8017558680747006,10.281437563299958,0.7448482970502266,6.127713946482394,2,1,False,42
permABC-SMC,762772.1179624666,136.4810508313831,569028.0,101.81486392021179,0.5997023489368019,24.586499281018643,36.46722576456004,27.624999660976545,0.8017558680747006,10.281437563299958,0.7448482970502266,6.127713946482394,2,1,False,42
permABC-SMC,764214.4772117963,136.49900509269244,570104.0,101.82825779914856,0.5997023489368019,24.586499281018643,36.46722576456004,27.624999660976545,0.8017558680747006,10.281437563299958,0.7448482970502266,6.127713946482394,2,1,False,42
permABC-SMC,761573.3333333334,135.78901131947833,571180.0,101.84175848960876,0.5997023489368019,24.586499281018643,36.46722576456004,27.624999660976545,0.8017558680747006,10.281437563299958,0.7448482970502266,6.127713946482394,2,1,False,42
permABC-SMC,763008.0,135.80683072408038,572256.0,101.8551230430603,0.5997023489368019,24.586499281018643,36.46722576456004,27.624999660976545,0.8017558680747006,10.281437563299958,0.7448482970502266,6.127713946482394,2,1,False,42
permABC-SMC,764442.6666666667,135.82472864786786,573332.0,101.86854648590088,0.5997023489368019,24.586499281018643,36.46722576456004,27.624999660976545,0.8017558680747006,10.281437563299958,0.7448482970502266,6.127713946482394,2,1,False,42
permABC-SMC,765877.3333333334,135.84264151255292,574408.0,101.88198113441467,0.5997023489368019,24.586499281018643,36.46722576456004,27.624999660976545,0.8017558680747006,10.281437563299958,0.7448482970502266,6.127713946482394,2,1,False,42
permABC-SMC,765271.2765957447,135.49918570417037,575484.0,101.89538764953613,0.5997023489368019,24.586499281018643,36.46722576456004,27.624999660976545,0.8017558680747006,10.281437563299958,0.7448482970502266,6.127713946482394,2,1,False,42
permABC-SMC,766702.1276595745,135.5173708276546,576560.0,101.90906286239624,0.5997023489368019,24.586499281018643,36.46722576456004,27.624999660976545,0.8017558680747006,10.281437563299958,0.7448482970502266,6.127713946482394,2,1,False,42
permABC-SMC,768132.9787234042,135.53514537659098,577636.0,101.92242932319641,0.5997023489368019,24.586499281018643,36.46722576456004,27.624999660976545,0.8017558680747006,10.281437563299958,0.7448482970502266,6.127713946482394,2,1,False,42
permABC-SMC,767522.5464190982,135.19335457121346,578712.0,101.93578934669495,0.5997023489368019,24.586499281018643,36.46722576456004,27.624999660976545,0.8017558680747006,10.281437563299958,0.7448482970502266,6.127713946482394,2,1,False,42
permABC-SMC,768949.6021220159,135.21109335618564,579788.0,101.94916439056396,0.5997023489368019,24.586499281018643,36.46722576456004,27.624999660976545,0.8017558680747006,10.281437563299958,0.7448482970502266,6.127713946482394,2,1,False,42
permABC-SMC,768338.6243386243,134.87116369620833,580864.0,101.9625997543335,0.5997023489368019,24.586499281018643,36.46722576456004,27.624999660976545,0.8017558680747006,10.281437563299958,0.7448482970502266,6.127713946482394,2,1,False,42
permABC-SMC,769761.9047619049,134.88893155698423,581940.0,101.97603225708008,0.5997023489368019,24.586499281018643,36.46722576456004,27.624999660976545,0.8017558680747006,10.281437563299958,0.7448482970502266,6.127713946482394,2,1,False,42
permABC-SMC,771185.1851851852,134.90658746194586,583016.0,101.98938012123108,0.5997023489368019,24.586499281018643,36.46722576456004,27.624999660976545,0.8017558680747006,10.281437563299958,0.7448482970502266,6.127713946482394,2,1,False,42
permABC-SMC,772608.4656084656,134.92426638880733,584092.0,102.00274538993835,0.5997023489368019,24.586499281018643,36.46722576456004,27.624999660976545,0.8017558680747006,10.281437563299958,0.7448482970502266,6.127713946482394,2,1,False,42
permABC-SMC,769957.8947368421,134.23171137508595,585168.0,102.01610064506531,0.5997023489368019,24.586499281018643,36.46722576456004,27.624999660976545,0.8017558680747006,10.281437563299958,0.7448482970502266,6.127713946482394,2,1,False,42
permABC-SMC,769349.0813648294,133.89696755747158,586244.0,102.02948927879333,0.5997023489368019,24.586499281018643,36.46722576456004,27.624999660976545,0.8017558680747006,10.281437563299958,0.7448482970502266,6.127713946482394,2,1,False,42
permABC-SMC,768743.4554973822,133.56389706047418,587320.0,102.04281735420227,0.5997023489368019,24.586499281018643,36.46722576456004,27.624999660976545,0.8017558680747006,10.281437563299958,0.7448482970502266,6.127713946482394,2,1,False,42
permABC-SMC,768140.9921671018,133.23263524406573,588396.0,102.05619859695435,0.5997023489368019,24.586499281018643,36.46722576456004,27.624999660976545,0.8017558680747006,10.281437563299958,0.7448482970502266,6.127713946482394,2,1,False,42
permABC-SMC,769545.6919060053,133.2500992493592,589472.0,102.06957602500916,0.5997023489368019,24.586499281018643,36.46722576456004,27.624999660976545,0.8017558680747006,10.281437563299958,0.7448482970502266,6.127713946482394,2,1,False,42
permABC-SMC,770950.3916449086,133.26791745875585,590548.0,102.08322477340698,0.5997023489368019,24.586499281018643,36.46722576456004,27.624999660976545,0.8017558680747006,10.281437563299958,0.7448482970502266,6.127713946482394,2,1,False,42
permABC-SMC,770343.75,132.93843871603409,591624.0,102.09672093391418,0.5997023489368019,24.586499281018643,36.46722576456004,27.624999660976545,0.8017558680747006,10.281437563299958,0.7448482970502266,6.127713946482394,2,1,False,42
permABC-SMC,769740.2597402597,132.610678363156,592700.0,102.11022233963013,0.5997023489368019,24.586499281018643,36.46722576456004,27.624999660976545,0.8017558680747006,10.281437563299958,0.7448482970502266,6.127713946482394,2,1,False,42
permABC-SMC,767152.4547803617,131.94276750549787,593776.0,102.12370204925537,0.5997023489368019,24.586499281018643,36.46722576456004,27.624999660976545,0.8017558680747006,10.281437563299958,0.7448482970502266,6.127713946482394,2,1,False,42
permABC-SMC,766561.8556701031,131.62003165667818,594852.0,102.13714456558228,0.5997023489368019,24.586499281018643,36.46722576456004,27.624999660976545,0.8017558680747006,10.281437563299958,0.7448482970502266,6.127713946482394,2,1,False,42
permABC-SMC,764010.2564102564,130.96230641389505,595928.0,102.15059900283813,0.5997023489368019,24.586499281018643,36.46722576456004,27.624999660976545,0.8017558680747006,10.281437563299958,0.7448482970502266,6.127713946482394,2,1,False,42
permABC-SMC,759547.0737913486,129.97977090549224,597004.0,102.16409993171692,0.5997023489368019,24.586499281018643,36.46722576456004,27.624999660976545,0.8017558680747006,10.281437563299958,0.7448482970502266,6.127713946482394,2,1,False,42
permABC-SMC,760916.0305343512,129.99685241369193,598080.0,102.17752599716187,0.5997023489368019,24.586499281018643,36.46722576456004,27.624999660976545,0.8017558680747006,10.281437563299958,0.7448482970502266,6.127713946482394,2,1,False,42
permABC-SMC,760350.2538071066,129.6838906210691,599156.0,102.19090580940247,0.5997023489368019,24.586499281018643,36.46722576456004,27.624999660976545,0.8017558680747006,10.281437563299958,0.7448482970502266,6.127713946482394,2,1,False,42
permABC-SMC,761715.7360406092,129.7008703807889,600232.0,102.20428586006165,0.5997023489368019,24.586499281018643,36.46722576456004,27.624999660976545,0.8017558680747006,10.281437563299958,0.7448482970502266,6.127713946482394,2,1,False,42
permABC-SMC,763081.2182741116,129.7179288065373,601308.0,102.21772789955139,0.5997023489368019,24.586499281018643,36.46722576456004,27.624999660976545,0.8017558680747006,10.281437563299958,0.7448482970502266,6.127713946482394,2,1,False,42
permABC-SMC,760585.8585858586,129.07974798269947,602384.0,102.23116040229797,0.5997023489368019,24.586499281018643,36.46722576456004,27.624999660976545,0.8017558680747006,10.281437563299958,0.7448482970502266,6.127713946482394,2,1,False,42
permABC-SMC,761944.4444444445,129.09679340593743,603460.0,102.24466037750244,0.5997023489368019,24.586499281018643,36.46722576456004,27.624999660976545,0.8017558680747006,10.281437563299958,0.7448482970502266,6.127713946482394,2,1,False,42
permABC-SMC,759467.3366834171,128.59404236827066,604536.0,102.36085772514343,0.5997023489368019,24.586499281018643,36.46722576456004,27.624999660976545,0.8017558680747006,10.281437563299958,0.7448482970502266,6.127713946482394,2,1,False,42
permABC-SMC,760819.0954773868,128.61134029513028,605612.0,102.3746268749237,0.5997023489368019,24.586499281018643,36.46722576456004,27.624999660976545,0.8017558680747006,10.281437563299958,0.7448482970502266,6.127713946482394,2,1,False,42
permABC-SMC,760260.6516290726,128.3062944436133,606688.0,102.38842296600342,0.5997023489368019,24.586499281018643,36.46722576456004,27.624999660976545,0.8017558680747006,10.281437563299958,0.7448482970502266,6.127713946482394,2,1,False,42
permABC-SMC,761609.022556391,128.32321200454444,607764.0,102.40192317962646,0.5997023489368019,24.586499281018643,36.46722576456004,27.624999660976545,0.8017558680747006,10.281437563299958,0.7448482970502266,6.127713946482394,2,1,False,42
permABC-SMC,762957.3934837093,128.3400381418099,608840.0,102.4153504371643,0.5997023489368019,24.586499281018643,36.46722576456004,27.624999660976545,0.8017558680747006,10.281437563299958,0.7448482970502266,6.127713946482394,2,1,False,42
permABC-SMC,762395.0,128.03597331047058,609916.0,102.42877864837646,0.5997023489368019,24.586499281018643,36.46722576456004,27.624999660976545,0.8017558680747006,10.281437563299958,0.7448482970502266,6.127713946482394,2,1,False,42
permABC-SMC,763740.0,128.05266231298447,610992.0,102.44212985038757,0.5997023489368019,24.586499281018643,36.46722576456004,27.624999660976545,0.8017558680747006,10.281437563299958,0.7448482970502266,6.127713946482394,2,1,False,42
permABC-SMC,763177.0573566084,127.75002393936578,612068.0,102.45551919937134,0.5997023489368019,24.586499281018643,36.46722576456004,27.624999660976545,0.8017558680747006,10.281437563299958,0.7448482970502266,6.127713946482394,2,1,False,42
permABC-SMC,764518.7032418953,127.76670907798254,613144.0,102.46890068054199,0.5997023489368019,24.586499281018643,36.46722576456004,27.624999660976545,0.8017558680747006,10.281437563299958,0.7448482970502266,6.127713946482394,2,1,False,42
permABC-SMC,765860.349127182,127.7834114588407,614220.0,102.48229598999023,0.5997023489368019,24.586499281018643,36.46722576456004,27.624999660976545,0.8017558680747006,10.281437563299958,0.7448482970502266,6.127713946482394,2,1,False,42
permABC-SMC,765293.5323383084,127.48208271330269,615296.0,102.49559450149536,0.5997023489368019,24.586499281018643,36.46722576456004,27.624999660976545,0.8017558680747006,10.281437563299958,0.7448482970502266,6.127713946482394,2,1,False,42
permABC-SMC,766631.8407960199,127.49868661016967,616372.0,102.50894403457642,0.5997023489368019,24.586499281018643,36.46722576456004,27.624999660976545,0.8017558680747006,10.281437563299958,0.7448482970502266,6.127713946482394,2,1,False,42
permABC-SMC,766064.5161290324,127.19889550883481,617448.0,102.52230978012085,0.5997023489368019,24.586499281018643,36.46722576456004,27.624999660976545,0.8017558680747006,10.281437563299958,0.7448482970502266,6.127713946482394,2,1,False,42
permABC-SMC,767399.5037220843,127.21542625805876,618524.0,102.53563356399536,0.5997023489368019,24.586499281018643,36.46722576456004,27.624999660976545,0.8017558680747006,10.281437563299958,0.7448482970502266,6.127713946482394,2,1,False,42
permABC-SMC,766831.6831683168,126.9170851400583,619600.0,102.54900479316711,0.5997023489368019,24.586499281018643,36.46722576456004,27.624999660976545,0.8017558680747006,10.281437563299958,0.7448482970502266,6.127713946482394,2,1,False,42
permABC-SMC,768163.3663366337,126.93362631420096,620676.0,102.56237006187439,0.5997023489368019,24.586499281018643,36.46722576456004,27.624999660976545,0.8017558680747006,10.281437563299958,0.7448482970502266,6.127713946482394,2,1,False,42
permABC-SMC,767595.061728395,126.63668879756221,621752.0,102.57571792602539,0.5997023489368019,24.586499281018643,36.46722576456004,27.624999660976545,0.8017558680747006,10.281437563299958,0.7448482970502266,6.127713946482394,2,1,False,42
permABC-SMC,767029.5566502463,126.3412809724291,622828.0,102.58912014961243,0.5997023489368019,24.586499281018643,36.46722576456004,27.624999660976545,0.8017558680747006,10.281437563299958,0.7448482970502266,6.127713946482394,2,1,False,42
permABC-SMC,768354.6798029556,126.35768869240296,623904.0,102.6024432182312,0.5997023489368019,24.586499281018643,36.46722576456004,27.624999660976545,0.8017558680747006,10.281437563299958,0.7448482970502266,6.127713946482394,2,1,False,42
permABC-SMC,767788.6977886978,126.06368515942548,624980.0,102.61583971977234,0.5997023489368019,24.586499281018643,36.46722576456004,27.624999660976545,0.8017558680747006,10.281437563299958,0.7448482970502266,6.127713946482394,2,1,False,42
permABC-SMC,769110.565110565,126.08018056180612,626056.0,102.62926697731018,0.5997023489368019,24.586499281018643,36.46722576456004,27.624999660976545,0.8017558680747006,10.281437563299958,0.7448482970502266,6.127713946482394,2,1,False,42
permABC-SMC,770432.4324324324,126.09655968387237,627132.0,102.64259958267212,0.5997023489368019,24.586499281018643,36.46722576456004,27.624999660976545,0.8017558680747006,10.281437563299958,0.7448482970502266,6.127713946482394,2,1,False,42
permABC-SMC,771754.2997542997,126.11294524968403,628208.0,102.6559374332428,0.5997023489368019,24.586499281018643,36.46722576456004,27.624999660976545,0.8017558680747006,10.281437563299958,0.7448482970502266,6.127713946482394,2,1,False,42
permABC-SMC,773076.1670761671,126.12938324415127,629284.0,102.66931796073914,0.5997023489368019,24.586499281018643,36.46722576456004,27.624999660976545,0.8017558680747006,10.281437563299958,0.7448482970502266,6.127713946482394,2,1,False,42
permABC-SMC,770611.2469437653,125.5288377659245,630360.0,102.68258929252625,0.5997023489368019,24.586499281018643,36.46722576456004,27.624999660976545,0.8017558680747006,10.281437563299958,0.7448482970502266,6.127713946482394,2,1,False,42
permABC-SMC,770043.9024390243,125.23896432504422,631436.0,102.69595074653625,0.5997023489368019,24.586499281018643,36.46722576456004,27.624999660976545,0.8017558680747006,10.281437563299958,0.7448482970502266,6.127713946482394,2,1,False,42
permABC-SMC,771356.0975609756,125.25525180304922,632512.0,102.70930647850037,0.5997023489368019,24.586499281018643,36.46722576456004,27.624999660976545,0.8017558680747006,10.281437563299958,0.7448482970502266,6.127713946482394,2,1,False,42
permABC-SMC,770788.3211678831,124.96675656079665,633588.0,102.72267389297485,0.5997023489368019,24.586499281018643,36.46722576456004,27.624999660976545,0.8017558680747006,10.281437563299958,0.7448482970502266,6.127713946482394,2,1,False,42
permABC-SMC,768358.3535108959,124.37771192185815,634664.0,102.73599004745483,0.5997023489368019,24.586499281018643,36.46722576456004,27.624999660976545,0.8017558680747006,10.281437563299958,0.7448482970502266,6.127713946482394,2,1,False,42
permABC-SMC,767801.9323671497,124.09340125927027,635740.0,102.74933624267578,0.5997023489368019,24.586499281018643,36.46722576456004,27.624999660976545,0.8017558680747006,10.281437563299958,0.7448482970502266,6.127713946482394,2,1,False,42
permABC-SMC,765403.8461538462,123.51287242311699,636816.0,102.76270985603333,0.5997023489368019,24.586499281018643,36.46722576456004,27.624999660976545,0.8017558680747006,10.281437563299958,0.7448482970502266,6.127713946482394,2,1,False,42
permABC-SMC,764858.5131894484,123.23271370620178,637892.0,102.77608323097229,0.5997023489368019,24.586499281018643,36.46722576456004,27.624999660976545,0.8017558680747006,10.281437563299958,0.7448482970502266,6.127713946482394,2,1,False,42
permABC-SMC,764315.7894736842,122.9538749279588,638968.0,102.78943943977356,0.5997023489368019,24.586499281018643,36.46722576456004,27.624999660976545,0.8017558680747006,10.281437563299958,0.7448482970502266,6.127713946482394,2,1,False,42
permABC-SMC,765602.8708133971,122.96984982832768,640044.0,102.80279445648193,0.5997023489368019,24.586499281018643,36.46722576456004,27.624999660976545,0.8017558680747006,10.281437563299958,0.7448482970502266,6.127713946482394,2,1,False,42
permABC-SMC,763238.0952380951,122.4002758661906,641120.0,102.8162317276001,0.5997023489368019,24.586499281018643,36.46722576456004,27.624999660976545,0.8017558680747006,10.281437563299958,0.7448482970502266,6.127713946482394,2,1,False,42
permABC-SMC,762703.0878859857,122.1254673253329,642196.0,102.8296434879303,0.5997023489368019,24.586499281018643,36.46722576456004,27.624999660976545,0.8017558680747006,10.281437563299958,0.7448482970502266,6.127713946482394,2,1,False,42
permABC-SMC,762170.6161137441,121.85196232456731,643272.0,102.84305620193481,0.5997023489368019,24.586499281018643,36.46722576456004,27.624999660976545,0.8017558680747006,10.281437563299958,0.7448482970502266,6.127713946482394,2,1,False,42
permABC-SMC,763445.4976303317,121.8678363691574,644348.0,102.85645389556885,0.5997023489368019,24.586499281018643,36.46722576456004,27.624999660976545,0.8017558680747006,10.281437563299958,0.7448482970502266,6.127713946482394,2,1,False,42
permABC-SMC,762912.5295508275,121.59548104513904,645424.0,102.86977696418762,0.5997023489368019,24.586499281018643,36.46722576456004,27.624999660976545,0.8017558680747006,10.281437563299958,0.7448482970502266,6.127713946482394,2,1,False,42
permABC-SMC,764184.3971631206,121.61133757156121,646500.0,102.88319158554077,0.5997023489368019,24.586499281018643,36.46722576456004,27.624999660976545,0.8017558680747006,10.281437563299958,0.7448482970502266,6.127713946482394,2,1,False,42
permABC-SMC,763650.9433962265,121.34030967388513,647576.0,102.89658260345459,0.5997023489368019,24.586499281018643,36.46722576456004,27.624999660976545,0.8017558680747006,10.281437563299958,0.7448482970502266,6.127713946482394,2,1,False,42
permABC-SMC,764919.8113207547,121.35615748054576,648652.0,102.91002154350281,0.5997023489368019,24.586499281018643,36.46722576456004,27.624999660976545,0.8017558680747006,10.281437563299958,0.7448482970502266,6.127713946482394,2,1,False,42
permABC-SMC,766188.679245283,121.37197098642025,649728.0,102.92343139648438,0.5997023489368019,24.586499281018643,36.46722576456004,27.624999660976545,0.8017558680747006,10.281437563299958,0.7448482970502266,6.127713946482394,2,1,False,42
permABC-SMC,765651.7647058823,121.10217346864587,650804.0,102.936847448349,0.5997023489368019,24.586499281018643,36.46722576456004,27.624999660976545,0.8017558680747006,10.281437563299958,0.7448482970502266,6.127713946482394,2,1,False,42
permABC-SMC,765117.3708920188,120.83360230978666,651880.0,102.95022916793823,0.5997023489368019,24.586499281018643,36.46722576456004,27.624999660976545,0.8017558680747006,10.281437563299958,0.7448482970502266,6.127713946482394,2,1,False,42
permABC-SMC,766380.2816901408,120.84938662712563,652956.0,102.96367740631104,0.5997023489368019,24.586499281018643,36.46722576456004,27.624999660976545,0.8017558680747006,10.281437563299958,0.7448482970502266,6.127713946482394,2,1,False,42
permABC-SMC,765845.4332552693,120.58234186864848,654032.0,102.9773199558258,0.5997023489368019,24.586499281018643,36.46722576456004,27.624999660976545,0.8017558680747006,10.281437563299958,0.7448482970502266,6.127713946482394,2,1,False,42
permABC-SMC,767105.3864168619,120.59817074054298,655108.0,102.9908378124237,0.5997023489368019,24.586499281018643,36.46722576456004,27.624999660976545,0.8017558680747006,10.281437563299958,0.7448482970502266,6.127713946482394,2,1,False,42
permABC-SMC,768365.3395784544,120.61400407929611,656184.0,103.00435948371887,0.5997023489368019,24.586499281018643,36.46722576456004,27.624999660976545,0.8017558680747006,10.281437563299958,0.7448482970502266,6.127713946482394,2,1,False,42
permABC-SMC,767827.1028037383,120.34797334225378,657260.0,103.01786518096924,0.5997023489368019,24.586499281018643,36.46722576456004,27.624999660976545,0.8017558680747006,10.281437563299958,0.7448482970502266,6.127713946482394,2,1,False,42
permABC-SMC,767291.3752913753,120.08317645057376,658336.0,103.03136539459229,0.5997023489368019,24.586499281018643,36.46722576456004,27.624999660976545,0.8017558680747006,10.281437563299958,0.7448482970502266,6.127713946482394,2,1,False,42
permABC-SMC,768545.4545454545,120.09885288896538,659412.0,103.0448157787323,0.5997023489368019,24.586499281018643,36.46722576456004,27.624999660976545,0.8017558680747006,10.281437563299958,0.7448482970502266,6.127713946482394,2,1,False,42
permABC-SMC,769799.5337995338,120.11455878233299,660488.0,103.0582914352417,0.5997023489368019,24.586499281018643,36.46722576456004,27.624999660976545,0.8017558680747006,10.281437563299958,0.7448482970502266,6.127713946482394,2,1,False,42
permABC-SMC,771053.613053613,120.13024161189864,661564.0,103.07174730300903,0.5997023489368019,24.586499281018643,36.46722576456004,27.624999660976545,0.8017558680747006,10.281437563299958,0.7448482970502266,6.127713946482394,2,1,False,42
permABC-SMC,772307.6923076923,120.14603253566858,662640.0,103.08529591560364,0.5997023489368019,24.586499281018643,36.46722576456004,27.624999660976545,0.8017558680747006,10.281437563299958,0.7448482970502266,6.127713946482394,2,1,False,42
permABC-SMC,773561.7715617716,120.16177760971176,663716.0,103.09880518913269,0.5997023489368019,24.586499281018643,36.46722576456004,27.624999660976545,0.8017558680747006,10.281437563299958,0.7448482970502266,6.127713946482394,2,1,False,42
permABC-SMC,774815.8508158508,120.17740013993982,664792.0,103.11220932006836,0.5997023489368019,24.586499281018643,36.46722576456004,27.624999660976545,0.8017558680747006,10.281437563299958,0.7448482970502266,6.127713946482394,2,1,False,42
permABC-SMC,776069.93006993,120.19310297665896,665868.0,103.12568235397339,0.5997023489368019,24.586499281018643,36.46722576456004,27.624999660976545,0.8017558680747006,10.281437563299958,0.7448482970502266,6.127713946482394,2,1,False,42
permABC-SMC,777324.0093240093,120.2087821938219,666944.0,103.1391351222992,0.5997023489368019,24.586499281018643,36.46722576456004,27.624999660976545,0.8017558680747006,10.281437563299958,0.7448482970502266,6.127713946482394,2,1,False,42
permABC-SMC,776767.4418604652,119.9448826701142,668020.0,103.15259909629822,0.5997023489368019,24.586499281018643,36.46722576456004,27.624999660976545,0.8017558680747006,10.281437563299958,0.7448482970502266,6.127713946482394,2,1,False,42
permABC-SMC,778018.6046511629,119.9605054633562,669096.0,103.16603469848633,0.5997023489368019,24.586499281018643,36.46722576456004,27.624999660976545,0.8017558680747006,10.281437563299958,0.7448482970502266,6.127713946482394,2,1,False,42
permABC-SMC,775662.0370370371,119.42070446632526,670172.0,103.17948865890503,0.5997023489368019,24.586499281018643,36.46722576456004,27.624999660976545,0.8017558680747006,10.281437563299958,0.7448482970502266,6.127713946482394,2,1,False,42
permABC-SMC,775113.1639722864,119.16046550037127,671248.0,103.19296312332153,0.5997023489368019,24.586499281018643,36.46722576456004,27.624999660976545,0.8017558680747006,10.281437563299958,0.7448482970502266,6.127713946482394,2,1,False,42
permABC-SMC,774566.8202764976,118.90133432528938,672324.0,103.2063581943512,0.5997023489368019,24.586499281018643,36.46722576456004,27.624999660976545,0.8017558680747006,10.281437563299958,0.7448482970502266,6.127713946482394,2,1,False,42
permABC-SMC,775744.2396313364,118.91660190397693,673346.0,103.21961045265198,0.5993370125139215,24.595597704979035,36.450019403476205,27.624999660976492,0.7921558548918854,10.268582228151223,0.7483748231072911,6.120437273709462,2,1,False,42
permABC-SMC,1007979.104477612,154.23778989421788,675346.0,103.33931922912598,0.5968597720338376,24.585219325058976,36.459701737073786,27.62499966095555,0.7964035735713917,10.270739931625474,0.7505176966522265,6.1225518186323,2,1,False,42
permABC-SMC,1010814.9253731343,154.4141790760097,677246.0,103.45749998092651,0.5943340034815722,24.584375351786274,36.49184489348632,27.62499966095534,0.7882229240309353,10.27278877574544,0.7472565130205017,6.1236410783078,2,1,False,42
permABC-SMC,1010494.0476190476,153.98201381876356,679052.0,103.4759132862091,0.5918665217474198,24.63577251373126,36.39183519259801,27.624999660979334,0.7973536339899534,10.273721020496017,0.750515079352847,6.124939933821103,2,1,False,42
permABC-SMC,1004079.6460176992,152.79896667221655,680766.0,103.59769940376282,0.5891276471843925,24.64075683548309,36.40334848054811,27.624999660979192,0.8004574510995601,10.275572001813561,0.7494803789612395,6.126282806752193,2,1,False,42
permABC-SMC,1003520.5882352941,152.52984972561106,682394.0,103.72029781341553,0.5857628599996973,24.64096245229991,36.38644297071983,27.624999660979235,0.8305306421290728,10.27545576109536,0.7560309577285202,6.126569980204658,2,1,False,42
permABC-SMC,1002850.439882698,152.26619019885916,683944.0,103.84554171562195,0.5803284478686874,24.656695362276146,36.409545343593535,27.624999660979718,0.8292067423972276,10.27465679297758,0.7530382040058854,6.126010916571214,2,1,False,42
permABC-SMC,1002084.7953216374,153.18081009457683,685426.0,104.77567410469055,0.5779084397100727,24.671540156592265,36.420447401121294,27.62499966098079,0.8230923947283928,10.276502468889117,0.7494597615186072,6.126959559568545,2,1,False,42
permABC-SMC,995411.5942028986,153.186799823374,686834.0,105.69889187812805,0.5723285911232721,24.680942008221155,36.46237976789227,27.624999660980702,0.8153763387000135,10.270582781049512,0.7462801014599361,6.123357781491037,2,1,False,42
permABC-SMC,994468.2080924856,154.10780320966862,688172.0,106.6425998210907,0.570377011171766,24.686279351571173,36.486137597871576,27.62499966098045,0.8131600588863774,10.270008433632302,0.7441590702043129,6.123172263977079,2,1,False,42
permABC-SMC,990594.8275862068,154.59096842798695,689454.0,107.5953140258789,0.5685645309712587,24.684270756931465,36.5123300240119,27.624999660980237,0.8100245793309966,10.26681181447124,0.7424942792618162,6.121240376214175,2,1,False,42
permABC-SMC,989501.4326647564,155.50012369893685,690672.0,108.53908634185791,0.5680804486407208,24.65789502342431,36.3596862424648,27.624999660979405,0.8100437498830586,10.252555077320398,0.745943136380248,6.1124341810772265,2,1,False,42
permABC-SMC,988328.5714285715,156.4125428880964,691830.0,109.48878002166748,0.5649259512722561,24.675153774485587,36.3822535147151,27.624999661000803,0.809352694888297,10.250175264646336,0.7447687746971701,6.110927883049869,2,1,False,42
permABC-SMC,989911.4285714286,157.58511713572912,692938.0,110.30958199501038,0.5636559513171401,24.674000454463936,36.40966472087946,27.624999661000462,0.8112807839039513,10.250342728254283,0.7450332539977191,6.111363348769733,2,1,False,42
permABC-SMC,991431.4285714285,158.7346407345363,694002.0,111.11424851417542,0.5617099456714209,24.672682457103146,36.412421728358325,27.624999661000174,0.8190571531569328,10.249100064058128,0.7449046322019989,6.110635860028079,2,1,False,42
permABC-SMC,992905.7142857143,159.9026782172067,695034.0,111.93187475204468,0.5601186879998624,24.698139964157633,36.375899734344365,27.624999661022496,0.8380501442831156,10.251256181653515,0.7512270707629922,6.11295815967738,2,1,False,42
permABC-SMC,1947022.346368715,313.0649308252601,697034.0,112.07724523544312,0.5578057606448678,24.580189243287187,36.425030353109705,27.62499966093631,0.7862716542658263,10.251849861735232,0.7409050872670337,6.111475261782424,2,1,False,42
permABC-SMC,1941516.6666666667,313.95039293501117,698946.0,113.022141456604,0.5558843383125798,24.588102126966824,36.42854240611179,27.624999660936464,0.7881903757498075,10.25787106760035,0.7420156208236995,6.115403826520179,2,1,False,42
permABC-SMC,1946572.2222222222,314.3372939692603,700766.0,113.16142582893372,0.5551493877901748,24.591910632576056,36.400576996512676,27.624999660936176,0.7807292322501224,10.245283354135148,0.7467172571788311,6.10859275855681,2,1,False,42
permABC-SMC,1940602.2099447513,315.19075322546354,702498.0,114.0990526676178,0.5533870185793369,24.6034307624675,36.38822384359825,27.6249996609364,0.790175600788644,10.253120393306364,0.7472951182084185,6.113405048387803,2,1,False,42
permABC-SMC,1945176.7955801105,317.8251006985238,704154.0,115.0526864528656,0.5498472758715791,24.602653218290108,36.41877466493825,27.62499966093611,0.7867298972798933,10.246496673335168,0.7442668257581726,6.109240430470517,2,1,False,42
permABC-SMC,1938807.6923076925,318.6903320826017,705726.0,116.00328087806702,0.5462601895524194,24.61978714389857,36.43153656761898,27.624999660936876,0.7824172497492965,10.255082355695984,0.7419266642870463,6.114541557495958,2,1,False,42
permABC-SMC,1921972.8260869565,317.81776767709977,707286.0,116.95693850517273,0.5453059798460903,24.6195098816644,36.43230318968385,27.624999660936798,0.7857888511963305,10.254614145204128,0.7423623583775851,6.114346205947316,2,1,False,42
permABC-SMC,1926211.9565217393,318.2023510984752,708846.0,117.09846520423889,0.5453059798460903,24.6195098816644,36.43230318968382,27.624999660936798,0.7857888511963305,10.254614145204128,0.7423623583775851,6.114346205947316,2,1,False,42
permABC-SMC,1920016.216216216,316.5503437454636,710406.0,117.12362718582153,0.5453059798460903,24.6195098816644,36.43230318968385,27.624999660936798,0.7857888511963305,10.254614145204128,0.7423623583775851,6.114346205947316,2,1,False,42
permABC-SMC,1913887.0967741937,314.90792510330033,711966.0,117.14574813842773,0.5453059798460903,24.6195098816644,36.43230318968382,27.624999660936798,0.7857888511963305,10.254614145204128,0.7423623583775851,6.114346205947316,2,1,False,42
permABC-SMC,1907823.5294117646,313.5555880592469,713526.0,117.26978993415833,0.5453059798460903,24.6195098816644,36.43230318968385,27.624999660936798,0.7857888511963305,10.254614145204128,0.7423623583775851,6.114346205947316,2,1,False,42
permABC-SMC,1891761.9047619049,310.2837819901724,715086.0,117.28726959228516,0.5453059798460903,24.6195098816644,36.43230318968382,27.624999660936798,0.7857888511963305,10.254614145204128,0.7423623583775851,6.114346205947316,2,1,False,42
permABC-SMC,1885910.5263157894,308.697015360782,716646.0,117.30486583709717,0.5453059798460903,24.6195098816644,36.43230318968385,27.624999660936798,0.7857888511963305,10.254614145204128,0.7423623583775851,6.114346205947316,2,1,False,42
permABC-SMC,1890015.7894736843,308.7413605890776,718206.0,117.32171702384949,0.5453059798460903,24.6195098816644,36.43230318968382,27.624999660936798,0.7857888511963305,10.254614145204128,0.7423623583775851,6.114346205947316,2,1,False,42
permABC-SMC,1874390.625,305.5641744285822,719766.0,117.33664298057556,0.5453059798460903,24.6195098816644,36.43230318968385,27.624999660936798,0.7857888511963305,10.254614145204128,0.7423623583775851,6.114346205947316,2,1,False,42
permABC-SMC,1868720.207253886,304.0193022841617,721326.0,117.3514506816864,0.5453059798460903,24.6195098816644,36.43230318968382,27.624999660936798,0.7857888511963305,10.254614145204128,0.7423623583775851,6.114346205947316,2,1,False,42
permABC-SMC,1872761.658031088,304.0578062670218,722886.0,117.36631321907043,0.5453059798460903,24.6195098816644,36.43230318968385,27.624999660936798,0.7857888511963305,10.254614145204128,0.7423623583775851,6.114346205947316,2,1,False,42
permABC-SMC,1876803.10880829,304.0975282846955,724446.0,117.38164591789246,0.5453059798460903,24.6195098816644,36.43230318968382,27.624999660936798,0.7857888511963305,10.254614145204128,0.7423623583775851,6.114346205947316,2,1,False,42
permABC-SMC,1880844.5595854924,304.1361070049859,726006.0,117.39653730392456,0.5453059798460903,24.6195098816644,36.43230318968385,27.624999660936798,0.7857888511963305,10.254614145204128,0.7423623583775851,6.114346205947316,2,1,False,42
permABC-SMC,1865553.846153846,301.0549410795554,727566.0,117.41142702102661,0.5453059798460903,24.6195098816644,36.43230318968382,27.624999660936798,0.7857888511963305,10.254614145204128,0.7423623583775851,6.114346205947316,2,1,False,42
permABC-SMC,1860015.306122449,299.55728443301456,729126.0,117.4264554977417,0.5453059798460903,24.6195098816644,36.43230318968385,27.624999660936798,0.7857888511963305,10.254614145204128,0.7423623583775851,6.114346205947316,2,1,False,42
permABC-SMC,1863994.8979591837,299.59524468499785,730686.0,117.44133591651917,0.5453059798460903,24.6195098816644,36.43230318968382,27.624999660936798,0.7857888511963305,10.254614145204128,0.7423623583775851,6.114346205947316,2,1,False,42
permABC-SMC,1858492.385786802,298.1121370635057,732246.0,117.45618200302124,0.5453059798460903,24.6195098816644,36.43230318968385,27.624999660936798,0.7857888511963305,10.254614145204128,0.7423623583775851,6.114346205947316,2,1,False,42
permABC-SMC,1862451.776649746,298.1500873710903,733806.0,117.4711344242096,0.5453059798460903,24.6195098816644,36.43230318968382,27.624999660936798,0.7857888511963305,10.254614145204128,0.7423623583775851,6.114346205947316,2,1,False,42
permABC-SMC,1856984.8484848484,296.6817882325914,735366.0,117.4859881401062,0.5453059798460903,24.6195098816644,36.43230318968385,27.624999660936798,0.7857888511963305,10.254614145204128,0.7423623583775851,6.114346205947316,2,1,False,42
permABC-SMC,1860924.2424242424,296.7193198926521,736926.0,117.50085067749023,0.5453059798460903,24.6195098816644,36.43230318968382,27.624999660936798,0.7857888511963305,10.254614145204128,0.7423623583775851,6.114346205947316,2,1,False,42
permABC-SMC,1846215.0,293.7892657518387,738486.0,117.51570630073547,0.5453059798460903,24.6195098816644,36.43230318968385,27.624999660936798,0.7857888511963305,10.254614145204128,0.7423623583775851,6.114346205947316,2,1,False,42
permABC-SMC,1850115.0,293.8263010978699,740046.0,117.53052043914795,0.5453059798460903,24.6195098816644,36.43230318968382,27.624999660936798,0.7857888511963305,10.254614145204128,0.7423623583775851,6.114346205947316,2,1,False,42
permABC-SMC,1854015.0,293.86351108551025,741606.0,117.5454044342041,0.5453059798460903,24.6195098816644,36.43230318968385,27.624999660936798,0.7857888511963305,10.254614145204128,0.7423623583775851,6.114346205947316,2,1,False,42
permABC-SMC,1830458.1280788176,289.55712694252657,743166.0,117.56019353866577,0.5453059798460903,24.6195098816644,36.43230318968382,27.624999660936798,0.7857888511963305,10.254614145204128,0.7423623583775851,6.114346205947316,2,1,False,42
permABC-SMC,1825308.8235294118,288.17402732138544,744726.0,117.57500314712524,0.5453059798460903,24.6195098816644,36.43230318968385,27.624999660936798,0.7857888511963305,10.254614145204128,0.7423623583775851,6.114346205947316,2,1,False,42
permABC-SMC,1829132.3529411766,288.2104533560136,746286.0,117.58986496925354,0.5453059798460903,24.6195098816644,36.43230318968382,27.624999660936798,0.7857888511963305,10.254614145204128,0.7423623583775851,6.114346205947316,2,1,False,42
permABC-SMC,1832955.8823529412,288.247006780961,747846.0,117.60477876663208,0.5453059798460903,24.6195098816644,36.43230318968385,27.624999660936798,0.7857888511963305,10.254614145204128,0.7423623583775851,6.114346205947316,2,1,False,42
permABC-SMC,1818946.6019417476,285.48461777492633,749406.0,117.61966252326965,0.5453059798460903,24.6195098816644,36.43230318968382,27.624999660936798,0.7857888511963305,10.254614145204128,0.7423623583775851,6.114346205947316,2,1,False,42
permABC-SMC,1822733.009708738,285.52103852762764,750966.0,117.63466787338257,0.5453059798460903,24.6195098816644,36.43230318968385,27.624999660936798,0.7857888511963305,10.254614145204128,0.7423623583775851,6.114346205947316,2,1,False,42
permABC-SMC,1826519.4174757283,285.55708197714057,752526.0,117.64951777458191,0.5453059798460903,24.6195098816644,36.43230318968382,27.624999660936798,0.7857888511963305,10.254614145204128,0.7423623583775851,6.114346205947316,2,1,False,42
permABC-SMC,1830305.8252427184,285.5930594564642,754086.0,117.66434049606323,0.5453059798460903,24.6195098816644,36.43230318968385,27.624999660936798,0.7857888511963305,10.254614145204128,0.7423623583775851,6.114346205947316,2,1,False,42
permABC-SMC,1816456.7307692308,282.8826394218665,755646.0,117.67917799949646,0.5453059798460903,24.6195098816644,36.43230318968382,27.624999660936798,0.7857888511963305,10.254614145204128,0.7423623583775851,6.114346205947316,2,1,False,42
permABC-SMC,1820206.7307692308,282.91830305869763,757206.0,117.69401407241821,0.5453059798460903,24.6195098816644,36.43230318968385,27.624999660936798,0.7857888511963305,10.254614145204128,0.7423623583775851,6.114346205947316,2,1,False,42
permABC-SMC,1815229.6650717703,281.60020723297265,758766.0,117.70888662338257,0.5453059798460903,24.6195098816644,36.43230318968382,27.624999660936798,0.7857888511963305,10.254614145204128,0.7423623583775851,6.114346205947316,2,1,False,42
permABC-SMC,1818961.7224880382,281.63575384605446,760326.0,117.72374510765076,0.5453059798460903,24.6195098816644,36.43230318968385,27.624999660936798,0.7857888511963305,10.254614145204128,0.7423623583775851,6.114346205947316,2,1,False,42
permABC-SMC,1805417.0616113746,279.001626923186,761886.0,117.73868656158447,0.5453059798460903,24.6195098816644,36.43230318968382,27.624999660936798,0.7857888511963305,10.254614145204128,0.7423623583775851,6.114346205947316,2,1,False,42
permABC-SMC,1792126.7605633803,276.41691680245555,763446.0,117.75360655784607,0.5453059798460903,24.6195098816644,36.43230318968385,27.624999660936798,0.7857888511963305,10.254614145204128,0.7423623583775851,6.114346205947316,2,1,False,42
permABC-SMC,1779083.7209302327,273.88017066689423,765006.0,117.76847338676453,0.5453059798460903,24.6195098816644,36.43230318968382,27.624999660936798,0.7857888511963305,10.254614145204128,0.7423623583775851,6.114346205947316,2,1,False,42
permABC-SMC,1782711.6279069767,273.91495926435607,766566.0,117.7834324836731,0.5453059798460903,24.6195098816644,36.43230318968385,27.624999660936798,0.7857888511963305,10.254614145204128,0.7423623583775851,6.114346205947316,2,1,False,42
permABC-SMC,1786339.534883721,273.9496192266775,768126.0,117.79833626747131,0.5453059798460903,24.6195098816644,36.43230318968382,27.624999660936798,0.7857888511963305,10.254614145204128,0.7423623583775851,6.114346205947316,2,1,False,42
permABC-SMC,1781680.5555555557,272.7161452726082,769686.0,117.81337475776672,0.5453059798460903,24.6195098816644,36.43230318968385,27.624999660936798,0.7857888511963305,10.254614145204128,0.7423623583775851,6.114346205947316,2,1,False,42
permABC-SMC,1785291.6666666667,272.75079764701707,771246.0,117.82834458351135,0.5453059798460903,24.6195098816644,36.43230318968382,27.624999660936798,0.7857888511963305,10.254614145204128,0.7423623583775851,6.114346205947316,2,1,False,42
permABC-SMC,1788902.7777777778,272.785383242148,772806.0,117.84328556060791,0.5453059798460903,24.6195098816644,36.43230318968385,27.624999660936798,0.7857888511963305,10.254614145204128,0.7423623583775851,6.114346205947316,2,1,False,42
permABC-SMC,1792513.888888889,272.8199318603233,774366.0,117.85821056365967,0.5453059798460903,24.6195098816644,36.43230318968382,27.624999660936798,0.7857888511963305,10.254614145204128,0.7423623583775851,6.114346205947316,2,1,False,42
permABC-SMC,1796125.0,272.85465101401013,775926.0,117.87320923805237,0.5453059798460903,24.6195098816644,36.43230318968385,27.624999660936798,0.7857888511963305,10.254614145204128,0.7423623583775851,6.114346205947316,2,1,False,42
permABC-SMC,1791442.3963133642,271.63163088433754,777486.0,117.88812780380249,0.5453059798460903,24.6195098816644,36.43230318968382,27.624999660936798,0.7857888511963305,10.254614145204128,0.7423623583775851,6.114346205947316,2,1,False,42
permABC-SMC,1778643.8356164384,269.1850444497583,779046.0,117.90304946899414,0.5453059798460903,24.6195098816644,36.43230318968385,27.624999660936798,0.7857888511963305,10.254614145204128,0.7423623583775851,6.114346205947316,2,1,False,42
permABC-SMC,1782205.4794520547,269.21918239767695,780606.0,117.9180018901825,0.5453059798460903,24.6195098816644,36.43230318968382,27.624999660936798,0.7857888511963305,10.254614145204128,0.7423623583775851,6.114346205947316,2,1,False,42
permABC-SMC,1785767.1232876712,269.2533355869659,782166.0,117.93296098709106,0.5453059798460903,24.6195098816644,36.43230318968385,27.624999660936798,0.7857888511963305,10.254614145204128,0.7423623583775851,6.114346205947316,2,1,False,42
permABC-SMC,1789328.7671232878,269.28740113837534,783726.0,117.9478816986084,0.5453059798460903,24.6195098816644,36.43230318968382,27.624999660936798,0.7857888511963305,10.254614145204128,0.7423623583775851,6.114346205947316,2,1,False,42
permABC-SMC,1776665.1583710406,266.88400544731866,785286.0,117.96273040771484,0.5453059798460903,24.6195098816644,36.43230318968385,27.624999660936798,0.7857888511963305,10.254614145204128,0.7423623583775851,6.114346205947316,2,1,False,42
permABC-SMC,1780194.5701357466,266.9177594767437,786846.0,117.9776496887207,0.5453059798460903,24.6195098816644,36.43230318968382,27.624999660936798,0.7857888511963305,10.254614145204128,0.7423623583775851,6.114346205947316,2,1,False,42
permABC-SMC,1783723.9819004526,266.9514207278981,788406.0,117.99252796173096,0.5453059798460903,24.6195098816644,36.43230318968385,27.624999660936798,0.7857888511963305,10.254614145204128,0.7423623583775851,6.114346205947316,2,1,False,42
permABC-SMC,1787253.3936651584,266.985113804157,789966.0,118.00742030143738,0.5453059798460903,24.6195098816644,36.43230318968382,27.624999660936798,0.7857888511963305,10.254614145204128,0.7423623583775851,6.114346205947316,2,1,False,42
permABC-SMC,1782716.2162162163,265.81608712136205,791526.0,118.02234268188477,0.5453059798460903,24.6195098816644,36.43230318968385,27.624999660936798,0.7857888511963305,10.254614145204128,0.7423623583775851,6.114346205947316,2,1,False,42
permABC-SMC,1786229.7297297297,265.84979703834466,793086.0,118.03730988502502,0.5453059798460903,24.6195098816644,36.43230318968382,27.624999660936798,0.7857888511963305,10.254614145204128,0.7423623583775851,6.114346205947316,2,1,False,42
permABC-SMC,1781717.4887892376,264.6912742623299,794646.0,118.05230832099915,0.5453059798460903,24.6195098816644,36.43230318968385,27.624999660936798,0.7857888511963305,10.254614145204128,0.7423623583775851,6.114346205947316,2,1,False,42
permABC-SMC,1777245.5357142857,263.54305712240085,796206.0,118.06728959083557,0.5453059798460903,24.6195098816644,36.43230318968382,27.624999660936798,0.7857888511963305,10.254614145204128,0.7423623583775851,6.114346205947316,2,1,False,42
permABC-SMC,1764969.0265486727,261.2441282356735,797766.0,118.08234596252441,0.5453059798460903,24.6195098816644,36.43230318968385,27.624999660936798,0.7857888511963305,10.254614145204128,0.7423623583775851,6.114346205947316,2,1,False,42
permABC-SMC,1752907.894736842,258.98612486688717,799326.0,118.09767293930054,0.5453059798460903,24.6195098816644,36.43230318968382,27.624999660936798,0.7857888511963305,10.254614145204128,0.7423623583775851,6.114346205947316,2,1,False,42
permABC-SMC,1756328.9473684211,259.01903238212856,800886.0,118.11267876625061,0.5453059798460903,24.6195098816644,36.43230318968385,27.624999660936798,0.7857888511963305,10.254614145204128,0.7423623583775851,6.114346205947316,2,1,False,42
permABC-SMC,1759750.0,259.0518724500087,802446.0,118.12765383720398,0.5453059798460903,24.6195098816644,36.43230318968382,27.624999660936798,0.7857888511963305,10.254614145204128,0.7423623583775851,6.114346205947316,2,1,False,42
permABC-SMC,1755471.615720524,257.9533371862886,804006.0,118.14262843132019,0.5453059798460903,24.6195098816644,36.43230318968385,27.624999660936798,0.7857888511963305,10.254614145204128,0.7423623583775851,6.114346205947316,2,1,False,42
permABC-SMC,1758877.7292576418,257.9859552425068,805566.0,118.15756750106812,0.5453059798460903,24.6195098816644,36.43230318968382,27.624999660936798,0.7857888511963305,10.254614145204128,0.7423623583775851,6.114346205947316,2,1,False,42
permABC-SMC,1747025.974025974,255.78472934244002,807126.0,118.17254495620728,0.5453059798460903,24.6195098816644,36.43230318968385,27.624999660936798,0.7857888511963305,10.254614145204128,0.7423623583775851,6.114346205947316,2,1,False,42
permABC-SMC,1750402.5974025973,255.81717387938397,808686.0,118.18753433227539,0.5453059798460903,24.6195098816644,36.43230318968382,27.624999660936798,0.7857888511963305,10.254614145204128,0.7423623583775851,6.114346205947316,2,1,False,42
permABC-SMC,1746219.827586207,254.74703157770224,810246.0,118.20262265205383,0.5453059798460903,24.6195098816644,36.43230318968385,27.624999660936798,0.7857888511963305,10.254614145204128,0.7423623583775851,6.114346205947316,2,1,False,42
permABC-SMC,1742072.9613733906,253.68586425617528,811806.0,118.21761274337769,0.5453059798460903,24.6195098816644,36.43230318968382,27.624999660936798,0.7857888511963305,10.254614145204128,0.7423623583775851,6.114346205947316,2,1,False,42
permABC-SMC,1730565.9574468085,251.5587918301846,813366.0,118.23263216018677,0.5453059798460903,24.6195098816644,36.43230318968385,27.624999660936798,0.7857888511963305,10.254614145204128,0.7423623583775851,6.114346205947316,2,1,False,42
permABC-SMC,1733885.1063829786,251.59081347445223,814926.0,118.24768233299255,0.5453059798460903,24.6195098816644,36.43230318968382,27.624999660936798,0.7857888511963305,10.254614145204128,0.7423623583775851,6.114346205947316,2,1,False,42
permABC-SMC,1737204.2553191488,251.62290106428432,816486.0,118.26276350021362,0.5453059798460903,24.6195098816644,36.43230318968385,27.624999660936798,0.7857888511963305,10.254614145204128,0.7423623583775851,6.114346205947316,2,1,False,42
permABC-SMC,1740523.4042553192,251.6549572031549,818046.0,118.27782988548279,0.5453059798460903,24.6195098816644,36.43230318968382,27.624999660936798,0.7857888511963305,10.254614145204128,0.7423623583775851,6.114346205947316,2,1,False,42
permABC-SMC,1729126.582278481,249.5629792474996,819606.0,118.29285216331482,0.5453059798460903,24.6195098816644,36.43230318968385,27.624999660936798,0.7857888511963305,10.254614145204128,0.7423623583775851,6.114346205947316,2,1,False,42
permABC-SMC,1732417.7215189873,249.5945365117069,821166.0,118.30781030654907,0.5453059798460903,24.6195098816644,36.43230318968382,27.624999660936798,0.7857888511963305,10.254614145204128,0.7423623583775851,6.114346205947316,2,1,False,42
permABC-SMC,1728415.9663865545,248.57739941412663,822726.0,118.32284212112427,0.5453059798460903,24.6195098816644,36.43230318968385,27.624999660936798,0.7857888511963305,10.254614145204128,0.7423623583775851,6.114346205947316,2,1,False,42
permABC-SMC,1731693.2773109244,248.6090344541213,824286.0,118.33790040016174,0.5453059798460903,24.6195098816644,36.43230318968382,27.624999660936798,0.7857888511963305,10.254614145204128,0.7423623583775851,6.114346205947316,2,1,False,42
permABC-SMC,1734970.5882352942,248.64050520568335,825846.0,118.35288047790527,0.5453059798460903,24.6195098816644,36.43230318968385,27.624999660936798,0.7857888511963305,10.254614145204128,0.7423623583775851,6.114346205947316,2,1,False,42
permABC-SMC,1738247.8991596638,248.67207813663643,827406.0,118.36790919303894,0.5453059798460903,24.6195098816644,36.43230318968382,27.624999660936798,0.7857888511963305,10.254614145204128,0.7423623583775851,6.114346205947316,2,1,False,42
permABC-SMC,1734238.4937238493,247.66363558908884,828966.0,118.38321781158447,0.5453059798460903,24.6195098816644,36.43230318968385,27.624999660936798,0.7857888511963305,10.254614145204128,0.7423623583775851,6.114346205947316,2,1,False,42
permABC-SMC,1737502.0920502092,247.69496967602973,830526.0,118.39819550514221,0.5453059798460903,24.6195098816644,36.43230318968382,27.624999660936798,0.7857888511963305,10.254614145204128,0.7423623583775851,6.114346205947316,2,1,False,42
permABC-SMC,1726319.502074689,245.8842141994302,832086.0,118.51619124412537,0.5453059798460903,24.6195098816644,36.43230318968385,27.624999660936798,0.7857888511963305,10.254614145204128,0.7423623583775851,6.114346205947316,2,1,False,42
permABC-SMC,1722409.090909091,244.8999398996022,833646.0,118.53157091140747,0.5453059798460903,24.6195098816644,36.43230318968382,27.624999660936798,0.7857888511963305,10.254614145204128,0.7423623583775851,6.114346205947316,2,1,False,42
permABC-SMC,1725632.2314049588,244.93066239948115,835206.0,118.54644060134888,0.5453059798460903,24.6195098816644,36.43230318968385,27.624999660936798,0.7857888511963305,10.254614145204128,0.7423623583775851,6.114346205947316,2,1,False,42
permABC-SMC,1728855.3719008265,244.9613814511575,836766.0,118.56130862236023,0.5453059798460903,24.6195098816644,36.43230318968382,27.624999660936798,0.7857888511963305,10.254614145204128,0.7423623583775851,6.114346205947316,2,1,False,42
permABC-SMC,1732078.5123966942,244.9920374499865,838326.0,118.57614612579346,0.5453059798460903,24.6195098816644,36.43230318968385,27.624999660936798,0.7857888511963305,10.254614145204128,0.7423623583775851,6.114346205947316,2,1,False,42
permABC-SMC,1728160.4938271604,244.01447066554317,839886.0,118.59103274345398,0.5453059798460903,24.6195098816644,36.43230318968382,27.624999660936798,0.7857888511963305,10.254614145204128,0.7423623583775851,6.114346205947316,2,1,False,42
permABC-SMC,1731370.3703703703,244.04508390544373,841446.0,118.60591077804565,0.5453059798460903,24.6195098816644,36.43230318968385,27.624999660936798,0.7857888511963305,10.254614145204128,0.7423623583775851,6.114346205947316,2,1,False,42
permABC-SMC,1734580.2469135802,244.075569105737,843006.0,118.62072658538818,0.5453059798460903,24.6195098816644,36.43230318968382,27.624999660936798,0.7857888511963305,10.254614145204128,0.7423623583775851,6.114346205947316,2,1,False,42
permABC-SMC,1737790.12345679,244.10609551417974,844566.0,118.63556241989136,0.5453059798460903,24.6195098816644,36.43230318968385,27.624999660936798,0.7857888511963305,10.254614145204128,0.7423623583775851,6.114346205947316,2,1,False,42
permABC-SMC,1733864.7540983607,243.1361352811094,846126.0,118.6504340171814,0.5453059798460903,24.6195098816644,36.43230318968382,27.624999660936798,0.7857888511963305,10.254614145204128,0.7423623583775851,6.114346205947316,2,1,False,42
permABC-SMC,1737061.475409836,243.1665155731264,847686.0,118.66525959968567,0.5453059798460903,24.6195098816644,36.43230318968385,27.624999660936798,0.7857888511963305,10.254614145204128,0.7423623583775851,6.114346205947316,2,1,False,42
permABC-SMC,1740258.1967213114,243.19689342233,849246.0,118.68008399009705,0.5453059798460903,24.6195098816644,36.43230318968382,27.624999660936798,0.7857888511963305,10.254614145204128,0.7423623583775851,6.114346205947316,2,1,False,42
permABC-SMC,1743454.918032787,243.22725221758984,850806.0,118.69489908218384,0.5453059798460903,24.6195098816644,36.43230318968385,27.624999660936798,0.7857888511963305,10.254614145204128,0.7423623583775851,6.114346205947316,2,1,False,42
permABC-SMC,1746651.6393442624,243.25775660452294,852366.0,118.7097852230072,0.5453059798460903,24.6195098816644,36.43230318968382,27.624999660936798,0.7857888511963305,10.254614145204128,0.7423623583775851,6.114346205947316,2,1,False,42
permABC-SMC,1749848.3606557376,243.2882907937785,853926.0,118.72468590736389,0.5453059798460903,24.6195098816644,36.43230318968385,27.624999660936798,0.7857888511963305,10.254614145204128,0.7423623583775851,6.114346205947316,2,1,False,42
permABC-SMC,1753045.081967213,243.31873508750414,855486.0,118.73954272270203,0.5453059798460903,24.6195098816644,36.43230318968382,27.624999660936798,0.7857888511963305,10.254614145204128,0.7423623583775851,6.114346205947316,2,1,False,42
permABC-SMC,1741963.4146341463,241.3707530595423,857046.0,118.7544105052948,0.5453059798460903,24.6195098816644,36.43230318968385,27.624999660936798,0.7857888511963305,10.254614145204128,0.7423623583775851,6.114346205947316,2,1,False,42
permABC-SMC,1745134.1463414636,241.4008185146301,858606.0,118.769202709198,0.5453059798460903,24.6195098816644,36.43230318968382,27.624999660936798,0.7857888511963305,10.254614145204128,0.7423623583775851,6.114346205947316,2,1,False,42
permABC-SMC,1734205.6451612902,239.4840371224188,860166.0,118.78408241271973,0.5453059798460903,24.6195098816644,36.43230318968385,27.624999660936798,0.7857888511963305,10.254614145204128,0.7423623583775851,6.114346205947316,2,1,False,42
permABC-SMC,1723452.0,237.59780740737915,861726.0,118.79890370368958,0.5453059798460903,24.6195098816644,36.43230318968382,27.624999660936798,0.7857888511963305,10.254614145204128,0.7423623583775851,6.114346205947316,2,1,False,42
permABC-SMC,1726572.0,237.62755393981934,863286.0,118.81377696990967,0.5453059798460903,24.6195098816644,36.43230318968385,27.624999660936798,0.7857888511963305,10.254614145204128,0.7423623583775851,6.114346205947316,2,1,False,42
permABC-SMC,1729692.0,237.6573634147644,864846.0,118.8286817073822,0.5453059798460903,24.6195098816644,36.43230318968382,27.624999660936798,0.7857888511963305,10.254614145204128,0.7423623583775851,6.114346205947316,2,1,False,42
permABC-SMC,1732812.0,237.68709754943848,866406.0,118.84354877471924,0.5453059798460903,24.6195098816644,36.43230318968385,27.624999660936798,0.7857888511963305,10.254614145204128,0.7423623583775851,6.114346205947316,2,1,False,42
permABC-SMC,1735932.0,237.71689367294312,867966.0,118.85844683647156,0.5453059798460903,24.6195098816644,36.43230318968382,27.624999660936798,0.7857888511963305,10.254614145204128,0.7423623583775851,6.114346205947316,2,1,False,42
permABC-SMC,1732123.5059760956,236.79941441433363,869526.0,118.87330603599548,0.5453059798460903,24.6195098816644,36.43230318968385,27.624999660936798,0.7857888511963305,10.254614145204128,0.7423623583775851,6.114346205947316,2,1,False,42
permABC-SMC,1735231.075697211,236.8292043883487,871086.0,118.88826060295105,0.5453059798460903,24.6195098816644,36.43230318968382,27.624999660936798,0.7857888511963305,10.254614145204128,0.7423623583775851,6.114346205947316,2,1,False,42
permABC-SMC,1731440.4761904762,235.9189074190836,872646.0,118.90312933921814,0.5453059798460903,24.6195098816644,36.43230318968385,27.624999660936798,0.7857888511963305,10.254614145204128,0.7423623583775851,6.114346205947316,2,1,False,42
permABC-SMC,1734535.7142857143,235.948417867933,874206.0,118.91800260543823,0.5453059798460903,24.6195098816644,36.43230318968382,27.624999660936798,0.7857888511963305,10.254614145204128,0.7423623583775851,6.114346205947316,2,1,False,42
permABC-SMC,1737630.9523809522,235.97804799912467,875766.0,118.93293619155884,0.5453059798460903,24.6195098816644,36.43230318968385,27.624999660936798,0.7857888511963305,10.254614145204128,0.7423623583775851,6.114346205947316,2,1,False,42
permABC-SMC,1740726.1904761903,236.0077788905492,877326.0,118.94792056083679,0.5453059798460903,24.6195098816644,36.43230318968382,27.624999660936798,0.7857888511963305,10.254614145204128,0.7423623583775851,6.114346205947316,2,1,False,42
permABC-SMC,1730090.5511811024,234.1787646135946,878886.0,118.96281242370605,0.5453059798460903,24.6195098816644,36.43230318968385,27.624999660936798,0.7857888511963305,10.254614145204128,0.7423623583775851,6.114346205947316,2,1,False,42
permABC-SMC,1726364.7058823528,233.28962746788474,880446.0,118.97771000862122,0.5453059798460903,24.6195098816644,36.43230318968382,27.624999660936798,0.7857888511963305,10.254614145204128,0.7423623583775851,6.114346205947316,2,1,False,42
permABC-SMC,1729423.5294117648,233.31884356106028,882006.0,118.99261021614075,0.5453059798460903,24.6195098816644,36.43230318968385,27.624999660936798,0.7857888511963305,10.254614145204128,0.7423623583775851,6.114346205947316,2,1,False,42
permABC-SMC,1725714.84375,232.43669420480728,883566.0,119.00758743286133,0.5453059798460903,24.6195098816644,36.43230318968382,27.624999660936798,0.7857888511963305,10.254614145204128,0.7423623583775851,6.114346205947316,2,1,False,42
permABC-SMC,1722035.019455253,231.5614845038388,885126.0,119.02260303497314,0.5453059798460903,24.6195098816644,36.43230318968385,27.624999660936798,0.7857888511963305,10.254614145204128,0.7423623583775851,6.114346205947316,2,1,False,42
permABC-SMC,1718383.7209302327,230.69291336591854,886686.0,119.03754329681396,0.5453059798460903,24.6195098816644,36.43230318968382,27.624999660936798,0.7857888511963305,10.254614145204128,0.7423623583775851,6.114346205947316,2,1,False,42
permABC-SMC,1714760.6177606178,229.83097753929815,888246.0,119.05244636535645,0.5453059798460903,24.6195098816644,36.43230318968385,27.624999660936798,0.7857888511963305,10.254614145204128,0.7423623583775851,6.114346205947316,2,1,False,42
permABC-SMC,1711165.3846153847,228.9756797827207,889806.0,119.06735348701477,0.5453059798460903,24.6195098816644,36.43230318968382,27.624999660936798,0.7857888511963305,10.254614145204128,0.7423623583775851,6.114346205947316,2,1,False,42
permABC-SMC,1707597.7011494252,228.127037428348,891366.0,119.08231353759766,0.5453059798460903,24.6195098816644,36.43230318968385,27.624999660936798,0.7857888511963305,10.254614145204128,0.7423623583775851,6.114346205947316,2,1,False,42
permABC-SMC,1704057.2519083968,227.28477043049935,892926.0,119.09721970558167,0.5453059798460903,24.6195098816644,36.43230318968382,27.624999660936798,0.7857888511963305,10.254614145204128,0.7423623583775851,6.114346205947316,2,1,False,42
permABC-SMC,1700543.7262357413,226.44899553219176,894486.0,119.11217164993286,0.5453059798460903,24.6195098816644,36.43230318968385,27.624999660936798,0.7857888511963305,10.254614145204128,0.7423623583775851,6.114346205947316,2,1,False,42
permABC-SMC,1697056.8181818184,225.6197671998631,896046.0,119.12723708152771,0.5453059798460903,24.6195098816644,36.43230318968382,27.624999660936798,0.7857888511963305,10.254614145204128,0.7423623583775851,6.114346205947316,2,1,False,42
permABC-SMC,1700011.3636363638,225.64806766582257,897606.0,119.14217972755432,0.5453059798460903,24.6195098816644,36.43230318968385,27.624999660936798,0.7857888511963305,10.254614145204128,0.7423623583775851,6.114346205947316,2,1,False,42
permABC-SMC,1702965.909090909,225.6764778585145,899166.0,119.15718030929565,0.5453059798460903,24.6195098816644,36.43230318968382,27.624999660936798,0.7857888511963305,10.254614145204128,0.7423623583775851,6.114346205947316,2,1,False,42
permABC-SMC,1705920.4545454546,225.70485373338065,900726.0,119.17216277122498,0.5453059798460903,24.6195098816644,36.43230318968385,27.624999660936798,0.7857888511963305,10.254614145204128,0.7423623583775851,6.114346205947316,2,1,False,42
permABC-SMC,1702426.4150943395,224.88129633777547,902286.0,119.187087059021,0.5453059798460903,24.6195098816644,36.43230318968382,27.624999660936798,0.7857888511963305,10.254614145204128,0.7423623583775851,6.114346205947316,2,1,False,42
permABC-SMC,1698958.6466165413,224.0639723333201,903846.0,119.2020332813263,0.5453059798460903,24.6195098816644,36.43230318968385,27.624999660936798,0.7857888511963305,10.254614145204128,0.7423623583775851,6.114346205947316,2,1,False,42
permABC-SMC,1701890.977443609,224.09217070816155,905406.0,119.21703481674194,0.5453059798460903,24.6195098816644,36.43230318968382,27.624999660936798,0.7857888511963305,10.254614145204128,0.7423623583775851,6.114346205947316,2,1,False,42
permABC-SMC,1698438.202247191,223.28086783376972,906966.0,119.23198342323303,0.5453059798460903,24.6195098816644,36.43230318968385,27.624999660936798,0.7857888511963305,10.254614145204128,0.7423623583775851,6.114346205947316,2,1,False,42
permABC-SMC,1701359.5505617978,223.3088579070702,908526.0,119.24693012237549,0.5453059798460903,24.6195098816644,36.43230318968382,27.624999660936798,0.7857888511963305,10.254614145204128,0.7423623583775851,6.114346205947316,2,1,False,42
permABC-SMC,1704280.8988764046,223.33699531769486,910086.0,119.26195549964905,0.5453059798460903,24.6195098816644,36.43230318968385,27.624999660936798,0.7857888511963305,10.254614145204128,0.7423623583775851,6.114346205947316,2,1,False,42
permABC-SMC,1707202.2471910114,223.3649715502164,911646.0,119.27689480781555,0.5453059798460903,24.6195098816644,36.43230318968382,27.624999660936798,0.7857888511963305,10.254614145204128,0.7423623583775851,6.114346205947316,2,1,False,42
permABC-SMC,1703742.537313433,222.55942981634567,913206.0,119.29185438156128,0.5453059798460903,24.6195098816644,36.43230318968385,27.624999660936798,0.7857888511963305,10.254614145204128,0.7423623583775851,6.114346205947316,2,1,False,42
permABC-SMC,1700308.5501858736,221.7599078181951,914766.0,119.30683040618896,0.5453059798460903,24.6195098816644,36.43230318968382,27.624999660936798,0.7857888511963305,10.254614145204128,0.7423623583775851,6.114346205947316,2,1,False,42
permABC-SMC,1690638.376383764,220.1508697108589,916326.0,119.32177138328552,0.5453059798460903,24.6195098816644,36.43230318968385,27.624999660936798,0.7857888511963305,10.254614145204128,0.7423623583775851,6.114346205947316,2,1,False,42
permABC-SMC,1693516.6051660518,220.17857553334252,917886.0,119.33678793907166,0.5453059798460903,24.6195098816644,36.43230318968382,27.624999660936798,0.7857888511963305,10.254614145204128,0.7423623583775851,6.114346205947316,2,1,False,42
permABC-SMC,1690158.0882352942,219.39657058785943,919446.0,119.35173439979553,0.5453059798460903,24.6195098816644,36.43230318968385,27.624999660936798,0.7857888511963305,10.254614145204128,0.7423623583775851,6.114346205947316,2,1,False,42
permABC-SMC,1693025.7352941176,219.42403036005356,921006.0,119.36667251586914,0.5453059798460903,24.6195098816644,36.43230318968382,27.624999660936798,0.7857888511963305,10.254614145204128,0.7423623583775851,6.114346205947316,2,1,False,42
permABC-SMC,1683514.598540146,217.85054937766415,922566.0,119.38210105895996,0.5453059798460903,24.6195098816644,36.43230318968385,27.624999660936798,0.7857888511963305,10.254614145204128,0.7423623583775851,6.114346205947316,2,1,False,42
permABC-SMC,1686361.3138686132,217.87797578059846,924126.0,119.39713072776794,0.5453059798460903,24.6195098816644,36.43230318968382,27.624999660936798,0.7857888511963305,10.254614145204128,0.7423623583775851,6.114346205947316,2,1,False,42
permABC-SMC,1683065.4545454546,217.11322264237836,925686.0,119.4122724533081,0.5453059798460903,24.6195098816644,36.43230318968385,27.624999660936798,0.7857888511963305,10.254614145204128,0.7423623583775851,6.114346205947316,2,1,False,42
permABC-SMC,1685901.8181818184,217.14046001434326,927246.0,119.4272530078888,0.5453059798460903,24.6195098816644,36.43230318968382,27.624999660936798,0.7857888511963305,10.254614145204128,0.7423623583775851,6.114346205947316,2,1,False,42
permABC-SMC,1670514.3884892086,214.82434418561647,928806.0,119.44233536720276,0.5453059798460903,24.6195098816644,36.43230318968385,27.624999660936798,0.7857888511963305,10.254614145204128,0.7423623583775851,6.114346205947316,2,1,False,42
permABC-SMC,1661367.8571428573,213.31660875252314,930366.0,119.45730090141296,0.5453059798460903,24.6195098816644,36.43230318968382,27.624999660936798,0.7857888511963305,10.254614145204128,0.7423623583775851,6.114346205947316,2,1,False,42
permABC-SMC,1640714.7887323943,210.3384514929543,931926.0,119.47224044799805,0.5453059798460903,24.6195098816644,36.43230318968385,27.624999660936798,0.7857888511963305,10.254614145204128,0.7423623583775851,6.114346205947316,2,1,False,42
permABC-SMC,1643461.2676056337,210.36477911640222,933486.0,119.48719453811646,0.5453059798460903,24.6195098816644,36.43230318968382,27.624999660936798,0.7857888511963305,10.254614145204128,0.7423623583775851,6.114346205947316,2,1,False,42
permABC-SMC,1646207.7464788733,210.3911344434174,935046.0,119.50216436386108,0.5453059798460903,24.6195098816644,36.43230318968385,27.624999660936798,0.7857888511963305,10.254614145204128,0.7423623583775851,6.114346205947316,2,1,False,42
permABC-SMC,1648954.2253521127,210.4175027827142,936606.0,119.51714158058167,0.5453059798460903,24.6195098816644,36.43230318968382,27.624999660936798,0.7857888511963305,10.254614145204128,0.7423623583775851,6.114346205947316,2,1,False,42
permABC-SMC,1645905.2631578948,209.7055556481345,938166.0,119.53216671943665,0.5453059798460903,24.6195098816644,36.43230318968385,27.624999660936798,0.7857888511963305,10.254614145204128,0.7423623583775851,6.114346205947316,2,1,False,42
permABC-SMC,1648642.105263158,209.73192767093056,939726.0,119.54719877243042,0.5453059798460903,24.6195098816644,36.43230318968382,27.624999660936798,0.7857888511963305,10.254614145204128,0.7423623583775851,6.114346205947316,2,1,False,42
permABC-SMC,1645604.895104895,209.02474318350943,941286.0,119.56215310096741,0.5453059798460903,24.6195098816644,36.43230318968385,27.624999660936798,0.7857888511963305,10.254614145204128,0.7423623583775851,6.114346205947316,2,1,False,42
permABC-SMC,1648332.1678321678,209.05097214492054,942846.0,119.57715606689453,0.5453059798460903,24.6195098816644,36.43230318968382,27.624999660936798,0.7857888511963305,10.254614145204128,0.7423623583775851,6.114346205947316,2,1,False,42
permABC-SMC,1639593.75,207.6252152522405,944406.0,119.59212398529053,0.5453059798460903,24.6195098816644,36.43230318968385,27.624999660936798,0.7857888511963305,10.254614145204128,0.7423623583775851,6.114346205947316,2,1,False,42
permABC-SMC,1642302.0833333333,207.65133947134018,945966.0,119.60717153549194,0.5453059798460903,24.6195098816644,36.43230318968382,27.624999660936798,0.7857888511963305,10.254614145204128,0.7423623583775851,6.114346205947316,2,1,False,42
permABC-SMC,1639318.339100346,206.95894770968746,947526.0,119.62227177619934,0.5453059798460903,24.6195098816644,36.43230318968385,27.624999660936798,0.7857888511963305,10.254614145204128,0.7423623583775851,6.114346205947316,2,1,False,42
permABC-SMC,1642017.3010380622,206.9850297947656,949086.0,119.63734722137451,0.5453059798460903,24.6195098816644,36.43230318968382,27.624999660936798,0.7857888511963305,10.254614145204128,0.7423623583775851,6.114346205947316,2,1,False,42
permABC-SMC,1639044.8275862068,206.29713946375352,950646.0,119.65234088897705,0.5453059798460903,24.6195098816644,36.43230318968385,27.624999660936798,0.7857888511963305,10.254614145204128,0.7423623583775851,6.114346205947316,2,1,False,42
permABC-SMC,1641734.4827586208,206.32289976909243,952206.0,119.66728186607361,0.5453059798460903,24.6195098816644,36.43230318968382,27.624999660936798,0.7857888511963305,10.254614145204128,0.7423623583775851,6.114346205947316,2,1,False,42
permABC-SMC,1644424.1379310344,206.34873694386977,953766.0,119.68226742744446,0.5453059798460903,24.6195098816644,36.43230318968385,27.624999660936798,0.7857888511963305,10.254614145204128,0.7423623583775851,6.114346205947316,2,1,False,42
permABC-SMC,1647113.793103448,206.37459261664029,955326.0,119.69726371765137,0.5453059798460903,24.6195098816644,36.43230318968382,27.624999660936798,0.7857888511963305,10.254614145204128,0.7423623583775851,6.114346205947316,2,1,False,42
permABC-SMC,1649803.448275862,206.40039361756425,956886.0,119.71222829818726,0.5453059798460903,24.6195098816644,36.43230318968385,27.624999660936798,0.7857888511963305,10.254614145204128,0.7423623583775851,6.114346205947316,2,1,False,42
permABC-SMC,1652493.103448276,206.4262418911375,958446.0,119.72722029685974,0.5453059798460903,24.6195098816644,36.43230318968382,27.624999660936798,0.7857888511963305,10.254614145204128,0.7423623583775851,6.114346205947316,2,1,False,42
permABC-SMC,1655182.7586206896,206.45214565869037,960006.0,119.7422444820404,0.5453059798460903,24.6195098816644,36.43230318968385,27.624999660936798,0.7857888511963305,10.254614145204128,0.7423623583775851,6.114346205947316,2,1,False,42
permABC-SMC,1652175.2577319588,205.76842421108915,961566.0,119.75722289085388,0.5453059798460903,24.6195098816644,36.43230318968382,27.624999660936798,0.7857888511963305,10.254614145204128,0.7423623583775851,6.114346205947316,2,1,False,42
permABC-SMC,1654855.6701030927,205.79412262054652,963126.0,119.77217936515808,0.5453059798460903,24.6195098816644,36.43230318968385,27.624999660936798,0.7857888511963305,10.254614145204128,0.7423623583775851,6.114346205947316,2,1,False,42
permABC-SMC,1657536.0824742268,205.81987059812775,964686.0,119.78716468811035,0.5453059798460903,24.6195098816644,36.43230318968382,27.624999660936798,0.7857888511963305,10.254614145204128,0.7423623583775851,6.114346205947316,2,1,False,42
permABC-SMC,1660216.4948453608,205.8455608145068,966246.0,119.80211639404297,0.5453059798460903,24.6195098816644,36.43230318968385,27.624999660936798,0.7857888511963305,10.254614145204128,0.7423623583775851,6.114346205947316,2,1,False,42
permABC-SMC,1657202.0547945206,205.16630762243923,967806.0,119.81712365150452,0.5453059798460903,24.6195098816644,36.43230318968382,27.624999660936798,0.7857888511963305,10.254614145204128,0.7423623583775851,6.114346205947316,2,1,False,42
permABC-SMC,1659873.2876712328,205.1920139626281,969366.0,119.8321361541748,0.5453059798460903,24.6195098816644,36.43230318968385,27.624999660936798,0.7857888511963305,10.254614145204128,0.7423623583775851,6.114346205947316,2,1,False,42
permABC-SMC,1662544.5205479453,205.2176831519767,970926.0,119.8471269607544,0.5453059798460903,24.6195098816644,36.43230318968382,27.624999660936798,0.7857888511963305,10.254614145204128,0.7423623583775851,6.114346205947316,2,1,False,42
permABC-SMC,1665215.7534246575,205.2433976571854,972486.0,119.86214423179626,0.5453059798460903,24.6195098816644,36.43230318968385,27.624999660936798,0.7857888511963305,10.254614145204128,0.7423623583775851,6.114346205947316,2,1,False,42
permABC-SMC,1667886.98630137,205.26904520923145,974046.0,119.87712240219116,0.5453059798460903,24.6195098816644,36.43230318968382,27.624999660936798,0.7857888511963305,10.254614145204128,0.7423623583775851,6.114346205947316,2,1,False,42
permABC-SMC,1670558.2191780822,205.29484258939144,975606.0,119.89218807220459,0.5453059798460903,24.6195098816644,36.43230318968385,27.624999660936798,0.7857888511963305,10.254614145204128,0.7423623583775851,6.114346205947316,2,1,False,42
permABC-SMC,1667518.7713310581,204.61982061431678,977166.0,119.90721487998962,0.5453059798460903,24.6195098816644,36.43230318968382,27.624999660936798,0.7857888511963305,10.254614145204128,0.7423623583775851,6.114346205947316,2,1,False,42
permABC-SMC,1670180.8873720136,204.64541399438227,978726.0,119.92221260070801,0.5453059798460903,24.6195098816644,36.43230318968385,27.624999660936798,0.7857888511963305,10.254614145204128,0.7423623583775851,6.114346205947316,2,1,False,42
permABC-SMC,1667153.06122449,203.97493628417553,980286.0,119.93726253509521,0.5453059798460903,24.6195098816644,36.43230318968382,27.624999660936798,0.7857888511963305,10.254614145204128,0.7423623583775851,6.114346205947316,2,1,False,42
permABC-SMC,1664145.7627118644,203.3089051812382,981846.0,119.95225405693054,0.5453059798460903,24.6195098816644,36.43230318968385,27.624999660936798,0.7857888511963305,10.254614145204128,0.7423623583775851,6.114346205947316,2,1,False,42
permABC-SMC,1666789.8305084745,203.33425958277815,983406.0,119.96721315383911,0.5453059798460903,24.6195098816644,36.43230318968382,27.624999660936798,0.7857888511963305,10.254614145204128,0.7423623583775851,6.114346205947316,2,1,False,42
permABC-SMC,1669433.8983050848,203.3597497616784,984966.0,119.98225235939026,0.5453059798460903,24.6195098816644,36.43230318968385,27.624999660936798,0.7857888511963305,10.254614145204128,0.7423623583775851,6.114346205947316,2,1,False,42
permABC-SMC,1666429.054054054,202.69813771183425,986526.0,119.99729752540588,0.5453059798460903,24.6195098816644,36.43230318968382,27.624999660936798,0.7857888511963305,10.254614145204128,0.7423623583775851,6.114346205947316,2,1,False,42
permABC-SMC,1669064.189189189,202.72358849241928,988086.0,120.0123643875122,0.5453059798460903,24.6195098816644,36.43230318968385,27.624999660936798,0.7857888511963305,10.254614145204128,0.7423623583775851,6.114346205947316,2,1,False,42
permABC-SMC,1671699.3243243245,202.74903282925888,989646.0,120.02742743492126,0.5453059798460903,24.6195098816644,36.43230318968382,27.624999660936798,0.7857888511963305,10.254614145204128,0.7423623583775851,6.114346205947316,2,1,False,42
permABC-SMC,1674334.4594594594,202.77452348051844,991206.0,120.04251790046692,0.5453059798460903,24.6195098816644,36.43230318968385,27.624999660936798,0.7857888511963305,10.254614145204128,0.7423623583775851,6.114346205947316,2,1,False,42
permABC-SMC,1676969.5945945946,202.80009427586117,992766.0,120.05765581130981,0.5453059798460903,24.6195098816644,36.43230318968382,27.624999660936798,0.7857888511963305,10.254614145204128,0.7423623583775851,6.114346205947316,2,1,False,42
permABC-SMC,1673949.494949495,202.14248867548676,994326.0,120.07263827323914,0.5453059798460903,24.6195098816644,36.43230318968385,27.624999660936798,0.7857888511963305,10.254614145204128,0.7423623583775851,6.114346205947316,2,1,False,42
permABC-SMC,1676575.7575757576,202.1679163781882,995886.0,120.0877423286438,0.5453059798460903,24.6195098816644,36.43230318968382,27.624999660936798,0.7857888511963305,10.254614145204128,0.7423623583775851,6.114346205947316,2,1,False,42
permABC-SMC,1679202.0202020202,202.19315824283896,997446.0,120.10273599624634,0.5453059798460903,24.6195098816644,36.43230318968385,27.624999660936798,0.7857888511963305,10.254614145204128,0.7423623583775851,6.114346205947316,2,1,False,42
permABC-SMC,1681828.2828282828,202.21845148388385,999006.0,120.117760181427,0.5453059798460903,24.6195098816644,36.43230318968382,27.624999660936798,0.7857888511963305,10.254614145204128,0.7423623583775851,6.114346205947316,2,1,False,42
permABC-SMC,1684454.5454545454,202.24373910563563,1000566.0,120.13278102874756,0.5453059798460903,24.6195098816644,36.43230318968385,27.624999660936798,0.7857888511963305,10.254614145204128,0.7423623583775851,6.114346205947316,2,1,False,42
permABC-SMC,1687080.808080808,202.26895247244272,1002126.0,120.14775776863098,0.5453059798460903,24.6195098816644,36.43230318968382,27.624999660936798,0.7857888511963305,10.254614145204128,0.7423623583775851,6.114346205947316,2,1,False,42
permABC-SMC,1678404.6822742475,200.9412708091098,1003686.0,120.16287994384766,0.5453059798460903,24.6195098816644,36.43230318968385,27.624999660936798,0.7857888511963305,10.254614145204128,0.7423623583775851,6.114346205947316,2,1,False,42
permABC-SMC,1675410.0,200.29658039410907,1005246.0,120.17794823646545,0.5453059798460903,24.6195098816644,36.43230318968382,27.624999660936798,0.7857888511963305,10.254614145204128,0.7423623583775851,6.114346205947316,2,1,False,42
permABC-SMC,1678010.0,200.32154043515524,1006806.0,120.19292426109314,0.5453059798460903,24.6195098816644,36.43230318968385,27.624999660936798,0.7857888511963305,10.254614145204128,0.7423623583775851,6.114346205947316,2,1,False,42
permABC-SMC,1675026.5780730897,199.681007188816,1008366.0,120.20796632766724,0.5453059798460903,24.6195098816644,36.43230318968382,27.624999660936798,0.7857888511963305,10.254614145204128,0.7423623583775851,6.114346205947316,2,1,False,42
permABC-SMC,1677617.9401993356,199.70596311892385,1009926.0,120.22298979759216,0.5453059798460903,24.6195098816644,36.43230318968385,27.624999660936798,0.7857888511963305,10.254614145204128,0.7423623583775851,6.114346205947316,2,1,False,42
permABC-SMC,1674645.6953642385,199.06972141455338,1011486.0,120.23811173439026,0.5453059798460903,24.6195098816644,36.43230318968382,27.624999660936798,0.7857888511963305,10.254614145204128,0.7423623583775851,6.114346205947316,2,1,False,42
permABC-SMC,1671693.0693069308,198.43746529947413,1013046.0,120.25310397148132,0.5453059798460903,24.6195098816644,36.43230318968385,27.624999660936798,0.7857888511963305,10.254614145204128,0.7423623583775851,6.114346205947316,2,1,False,42
permABC-SMC,1668759.8684210528,197.80958169385008,1014606.0,120.26822566986084,0.5453059798460903,24.6195098816644,36.43230318968382,27.624999660936798,0.7857888511963305,10.254614145204128,0.7423623583775851,6.114346205947316,2,1,False,42
permABC-SMC,1671325.6578947369,197.83438232384228,1016166.0,120.28330445289612,0.5453059798460903,24.6195098816644,36.43230318968385,27.624999660936798,0.7857888511963305,10.254614145204128,0.7423623583775851,6.114346205947316,2,1,False,42
permABC-SMC,1673891.4473684211,197.85922177528082,1017726.0,120.29840683937073,0.5453059798460903,24.6195098816644,36.43230318968382,27.624999660936798,0.7857888511963305,10.254614145204128,0.7423623583775851,6.114346205947316,2,1,False,42
permABC-SMC,1670960.6557377048,197.23527314232996,1019286.0,120.31351661682129,0.5453059798460903,24.6195098816644,36.43230318968385,27.624999660936798,0.7857888511963305,10.254614145204128,0.7423623583775851,6.114346205947316,2,1,False,42
permABC-SMC,1673518.0327868853,197.25992015150726,1020846.0,120.32855129241943,0.5453059798460903,24.6195098816644,36.43230318968382,27.624999660936798,0.7857888511963305,10.254614145204128,0.7423623583775851,6.114346205947316,2,1,False,42
permABC-SMC,1665156.351791531,195.99928413229577,1022406.0,120.34356045722961,0.5453059798460903,24.6195098816644,36.43230318968385,27.624999660936798,0.7857888511963305,10.254614145204128,0.7423623583775851,6.114346205947316,2,1,False,42
permABC-SMC,1667697.0684039088,196.0237329091622,1023966.0,120.35857200622559,0.5453059798460903,24.6195098816644,36.43230318968382,27.624999660936798,0.7857888511963305,10.254614145204128,0.7423623583775851,6.114346205947316,2,1,False,42
permABC-SMC,1670237.7850162867,196.04819022871385,1025526.0,120.3735888004303,0.5453059798460903,24.6195098816644,36.43230318968385,27.624999660936798,0.7857888511963305,10.254614145204128,0.7423623583775851,6.114346205947316,2,1,False,42
permABC-SMC,1667347.4025974027,195.43673001326522,1027086.0,120.38902568817139,0.5453059798460903,24.6195098816644,36.43230318968382,27.624999660936798,0.7857888511963305,10.254614145204128,0.7423623583775851,6.114346205947316,2,1,False,42
permABC-SMC,1669879.8701298703,195.46111876314336,1028646.0,120.40404915809631,0.5453059798460903,24.6195098816644,36.43230318968385,27.624999660936798,0.7857888511963305,10.254614145204128,0.7423623583775851,6.114346205947316,2,1,False,42
permABC-SMC,1672412.3376623376,195.48564181699382,1030206.0,120.41915535926819,0.5453059798460903,24.6195098816644,36.43230318968382,27.624999660936798,0.7857888511963305,10.254614145204128,0.7423623583775851,6.114346205947316,2,1,False,42
permABC-SMC,1674944.8051948051,195.51022757183424,1031766.0,120.43430018424988,0.5453059798460903,24.6195098816644,36.43230318968385,27.624999660936798,0.7857888511963305,10.254614145204128,0.7423623583775851,6.114346205947316,2,1,False,42
permABC-SMC,1672048.5436893206,194.90189884087027,1033326.0,120.44937348365784,0.5453059798460903,24.6195098816644,36.43230318968382,27.624999660936798,0.7857888511963305,10.254614145204128,0.7423623583775851,6.114346205947316,2,1,False,42
permABC-SMC,1674572.8155339805,194.92626691713303,1034886.0,120.46443295478821,0.5453059798460903,24.6195098816644,36.43230318968385,27.624999660936798,0.7857888511963305,10.254614145204128,0.7423623583775851,6.114346205947316,2,1,False,42
permABC-SMC,1677097.0873786407,194.95063267865228,1036446.0,120.4794909954071,0.5453059798460903,24.6195098816644,36.43230318968382,27.624999660936798,0.7857888511963305,10.254614145204128,0.7423623583775851,6.114346205947316,2,1,False,42
permABC-SMC,1674203.2258064516,194.34610874422134,1038006.0,120.49458742141724,0.5453059798460903,24.6195098816644,36.43230318968385,27.624999660936798,0.7857888511963305,10.254614145204128,0.7423623583775851,6.114346205947316,2,1,False,42
permABC-SMC,1671327.9742765273,193.74543332593615,1039566.0,120.5096595287323,0.5453059798460903,24.6195098816644,36.43230318968382,27.624999660936798,0.7857888511963305,10.254614145204128,0.7423623583775851,6.114346205947316,2,1,False,42
permABC-SMC,1663140.5750798723,192.5315239939827,1041126.0,120.52473402023315,0.5453059798460903,24.6195098816644,36.43230318968385,27.624999660936798,0.7857888511963305,10.254614145204128,0.7423623583775851,6.114346205947316,2,1,False,42
permABC-SMC,1665632.587859425,192.55562940725505,1042686.0,120.53982400894165,0.5453059798460903,24.6195098816644,36.43230318968382,27.624999660936798,0.7857888511963305,10.254614145204128,0.7423623583775851,6.114346205947316,2,1,False,42
permABC-SMC,1668124.6006389777,192.57961865812064,1044246.0,120.55484127998352,0.5453059798460903,24.6195098816644,36.43230318968385,27.624999660936798,0.7857888511963305,10.254614145204128,0.7423623583775851,6.114346205947316,2,1,False,42
permABC-SMC,1665296.1783439491,191.9902426422022,1045806.0,120.56987237930298,0.5453059798460903,24.6195098816644,36.43230318968382,27.624999660936798,0.7857888511963305,10.254614145204128,0.7423623583775851,6.114346205947316,2,1,False,42
permABC-SMC,1662485.7142857143,191.4047771030002,1047366.0,120.58500957489014,0.5453059798460903,24.6195098816644,36.43230318968385,27.624999660936798,0.7857888511963305,10.254614145204128,0.7423623583775851,6.114346205947316,2,1,False,42
permABC-SMC,1664961.9047619049,191.4286870805044,1048926.0,120.60007286071777,0.5453059798460903,24.6195098816644,36.43230318968382,27.624999660936798,0.7857888511963305,10.254614145204128,0.7423623583775851,6.114346205947316,2,1,False,42
permABC-SMC,1667438.0952380951,191.45254369765993,1050486.0,120.61510252952576,0.5453059798460903,24.6195098816644,36.43230318968385,27.624999660936798,0.7857888511963305,10.254614145204128,0.7423623583775851,6.114346205947316,2,1,False,42
permABC-SMC,1669914.285714286,191.4765024942065,1052046.0,120.6301965713501,0.5453059798460903,24.6195098816644,36.43230318968382,27.624999660936798,0.7857888511963305,10.254614145204128,0.7423623583775851,6.114346205947316,2,1,False,42
permABC-SMC,1672390.4761904762,191.5004298800514,1053606.0,120.64527082443237,0.5453059798460903,24.6195098816644,36.43230318968385,27.624999660936798,0.7857888511963305,10.254614145204128,0.7423623583775851,6.114346205947316,2,1,False,42
permABC-SMC,1674866.6666666665,191.5243421282087,1055166.0,120.66033554077148,0.5453059798460903,24.6195098816644,36.43230318968382,27.624999660936798,0.7857888511963305,10.254614145204128,0.7423623583775851,6.114346205947316,2,1,False,42
permABC-SMC,1677342.857142857,191.54831795465378,1056726.0,120.67544031143188,0.5453059798460903,24.6195098816644,36.43230318968385,27.624999660936798,0.7857888511963305,10.254614145204128,0.7423623583775851,6.114346205947316,2,1,False,42
permABC-SMC,1679819.0476190476,191.57233276064434,1058286.0,120.69056963920593,0.5453059798460903,24.6195098816644,36.43230318968382,27.624999660936798,0.7857888511963305,10.254614145204128,0.7423623583775851,6.114346205947316,2,1,False,42
permABC-SMC,1682295.238095238,191.59621889629062,1059846.0,120.70561790466309,0.5453059798460903,24.6195098816644,36.43230318968385,27.624999660936798,0.7857888511963305,10.254614145204128,0.7423623583775851,6.114346205947316,2,1,False,42
permABC-SMC,1679439.8734177216,191.01381000084214,1061406.0,120.72072792053223,0.5453059798460903,24.6195098816644,36.43230318968382,27.624999660936798,0.7857888511963305,10.254614145204128,0.7423623583775851,6.114346205947316,2,1,False,42
permABC-SMC,1671330.1886792453,189.83632401100496,1062966.0,120.73590207099915,0.5453059798460903,24.6195098816644,36.43230318968385,27.624999660936798,0.7857888511963305,10.254614145204128,0.7423623583775851,6.114346205947316,2,1,False,42
permABC-SMC,1668536.0501567398,189.2648886737405,1064526.0,120.75099897384644,0.5453059798460903,24.6195098816644,36.43230318968382,27.624999660936798,0.7857888511963305,10.254614145204128,0.7423623583775851,6.114346205947316,2,1,False,42
permABC-SMC,1670981.1912225704,189.28888860541076,1066086.0,120.76631093025208,0.5453059798460903,24.6195098816644,36.43230318968385,27.624999660936798,0.7857888511963305,10.254614145204128,0.7423623583775851,6.114346205947316,2,1,False,42
permABC-SMC,1668196.875,188.72081115841866,1067646.0,120.78131914138794,0.5453059798460903,24.6195098816644,36.43230318968382,27.624999660936798,0.7857888511963305,10.254614145204128,0.7423623583775851,6.114346205947316,2,1,False,42
permABC-SMC,1665429.9065420562,188.15619180507008,1069206.0,120.79627513885498,0.5453059798460903,24.6195098816644,36.43230318968385,27.624999660936798,0.7857888511963305,10.254614145204128,0.7423623583775851,6.114346205947316,2,1,False,42
permABC-SMC,1667859.8130841122,188.17954791297794,1070766.0,120.81126976013184,0.5453059798460903,24.6195098816644,36.43230318968382,27.624999660936798,0.7857888511963305,10.254614145204128,0.7423623583775851,6.114346205947316,2,1,False,42
permABC-SMC,1659947.3684210528,187.0376414189767,1072326.0,120.82631635665894,0.5453059798460903,24.6195098816644,36.43230318968385,27.624999660936798,0.7857888511963305,10.254614145204128,0.7423623583775851,6.114346205947316,2,1,False,42
permABC-SMC,1657231.4814814816,186.483625644519,1073886.0,120.84138941764832,0.5453059798460903,24.6195098816644,36.43230318968382,27.624999660936798,0.7857888511963305,10.254614145204128,0.7423623583775851,6.114346205947316,2,1,False,42
permABC-SMC,1654532.3076923077,185.93300599318286,1075446.0,120.85645389556885,0.5453059798460903,24.6195098816644,36.43230318968385,27.624999660936798,0.7857888511963305,10.254614145204128,0.7423623583775851,6.114346205947316,2,1,False,42
permABC-SMC,1656932.3076923077,185.95600861769458,1077006.0,120.87140560150146,0.5453059798460903,24.6195098816644,36.43230318968382,27.624999660936798,0.7857888511963305,10.254614145204128,0.7423623583775851,6.114346205947316,2,1,False,42
permABC-SMC,1659332.3076923077,185.97904718839206,1078566.0,120.88638067245483,0.5453059798460903,24.6195098816644,36.43230318968385,27.624999660936798,0.7857888511963305,10.254614145204128,0.7423623583775851,6.114346205947316,2,1,False,42
permABC-SMC,1656634.9693251534,185.43163874397982,1080126.0,120.90142846107483,0.5453059798460903,24.6195098816644,36.43230318968382,27.624999660936798,0.7857888511963305,10.254614145204128,0.7423623583775851,6.114346205947316,2,1,False,42
permABC-SMC,1659027.6073619633,185.4547009877632,1081686.0,120.9164650440216,0.5453059798460903,24.6195098816644,36.43230318968385,27.624999660936798,0.7857888511963305,10.254614145204128,0.7423623583775851,6.114346205947316,2,1,False,42
permABC-SMC,1661420.2453987729,185.47784806760544,1083246.0,120.93155694007874,0.5453059798460903,24.6195098816644,36.43230318968382,27.624999660936798,0.7857888511963305,10.254614145204128,0.7423623583775851,6.114346205947316,2,1,False,42
permABC-SMC,1653667.6829268292,184.36991332507716,1084806.0,120.94666314125061,0.5453059798460903,24.6195098816644,36.43230318968385,27.624999660936798,0.7857888511963305,10.254614145204128,0.7423623583775851,6.114346205947316,2,1,False,42
permABC-SMC,1656045.731707317,184.39282077114757,1086366.0,120.9616904258728,0.5453059798460903,24.6195098816644,36.43230318968382,27.624999660936798,0.7857888511963305,10.254614145204128,0.7423623583775851,6.114346205947316,2,1,False,42
permABC-SMC,1653382.9787234042,183.85526510719833,1087926.0,120.9767644405365,0.5453059798460903,24.6195098816644,36.43230318968385,27.624999660936798,0.7857888511963305,10.254614145204128,0.7423623583775851,6.114346205947316,2,1,False,42
permABC-SMC,1645749.244712991,182.7671275758311,1089486.0,120.9918384552002,0.5453059798460903,24.6195098816644,36.43230318968382,27.624999660936798,0.7857888511963305,10.254614145204128,0.7423623583775851,6.114346205947316,2,1,False,42
permABC-SMC,1638207.207207207,181.69214775612406,1091046.0,121.00697040557861,0.5453059798460903,24.6195098816644,36.43230318968385,27.624999660936798,0.7857888511963305,10.254614145204128,0.7423623583775851,6.114346205947316,2,1,False,42
permABC-SMC,1635637.7245508982,181.1706709290693,1092606.0,121.02200818061829,0.5453059798460903,24.6195098816644,36.43230318968382,27.624999660936798,0.7857888511963305,10.254614145204128,0.7423623583775851,6.114346205947316,2,1,False,42
permABC-SMC,1633083.5820895522,180.65244973595463,1094166.0,121.0371413230896,0.5453059798460903,24.6195098816644,36.43230318968385,27.624999660936798,0.7857888511963305,10.254614145204128,0.7423623583775851,6.114346205947316,2,1,False,42
permABC-SMC,1625706.231454006,179.60272804565884,1095726.0,121.05223870277405,0.5453059798460903,24.6195098816644,36.43230318968382,27.624999660936798,0.7857888511963305,10.254614145204128,0.7423623583775851,6.114346205947316,2,1,False,42
permABC-SMC,1628020.771513353,179.62499011517986,1097286.0,121.06724333763123,0.5453059798460903,24.6195098816644,36.43230318968385,27.624999660936798,0.7857888511963305,10.254614145204128,0.7423623583775851,6.114346205947316,2,1,False,42
permABC-SMC,1630335.3115727003,179.64742197834775,1098846.0,121.08236241340637,0.5453059798460903,24.6195098816644,36.43230318968382,27.624999660936798,0.7857888511963305,10.254614145204128,0.7423623583775851,6.114346205947316,2,1,False,42
permABC-SMC,1632649.8516320474,179.6697431219084,1100406.0,121.09740686416626,0.5453059798460903,24.6195098816644,36.43230318968385,27.624999660936798,0.7857888511963305,10.254614145204128,0.7423623583775851,6.114346205947316,2,1,False,42
permABC-SMC,1630127.2189349113,179.16043411345171,1101966.0,121.11245346069336,0.5453059798460903,24.6195098816644,36.43230318968382,27.624999660936798,0.7857888511963305,10.254614145204128,0.7423623583775851,6.114346205947316,2,1,False,42
permABC-SMC,1632434.9112426036,179.1826966246204,1103526.0,121.12750291824341,0.5453059798460903,24.6195098816644,36.43230318968385,27.624999660936798,0.7857888511963305,10.254614145204128,0.7423623583775851,6.114346205947316,2,1,False,42
permABC-SMC,1634742.6035502958,179.20499193597828,1105086.0,121.14257454872131,0.5453059798460903,24.6195098816644,36.43230318968382,27.624999660936798,0.7857888511963305,10.254614145204128,0.7423623583775851,6.114346205947316,2,1,False,42
permABC-SMC,1637050.2958579883,179.22711478182552,1106646.0,121.15752959251404,0.5453059798460903,24.6195098816644,36.43230318968385,27.624999660936798,0.7857888511963305,10.254614145204128,0.7423623583775851,6.114346205947316,2,1,False,42
permABC-SMC,1629714.705882353,178.19501617375542,1108206.0,121.17261099815369,0.5453059798460903,24.6195098816644,36.43230318968382,27.624999660936798,0.7857888511963305,10.254614145204128,0.7423623583775851,6.114346205947316,2,1,False,42
permABC-SMC,1632008.8235294118,178.21715509190278,1109766.0,121.1876654624939,0.5453059798460903,24.6195098816644,36.43230318968385,27.624999660936798,0.7857888511963305,10.254614145204128,0.7423623583775851,6.114346205947316,2,1,False,42
permABC-SMC,1634302.9411764706,178.23933257776147,1111326.0,121.20274615287781,0.5453059798460903,24.6195098816644,36.43230318968382,27.624999660936798,0.7857888511963305,10.254614145204128,0.7423623583775851,6.114346205947316,2,1,False,42
permABC-SMC,1631797.6539589441,177.73883853140464,1112886.0,121.21788787841797,0.5453059798460903,24.6195098816644,36.43230318968385,27.624999660936798,0.7857888511963305,10.254614145204128,0.7423623583775851,6.114346205947316,2,1,False,42
permABC-SMC,1634085.0439882698,177.76103348326475,1114446.0,121.23302483558655,0.5453059798460903,24.6195098816644,36.43230318968382,27.624999660936798,0.7857888511963305,10.254614145204128,0.7423623583775851,6.114346205947316,2,1,False,42
permABC-SMC,1636372.4340175951,177.78309803903977,1116006.0,121.24807286262512,0.5453059798460903,24.6195098816644,36.43230318968385,27.624999660936798,0.7857888511963305,10.254614145204128,0.7423623583775851,6.114346205947316,2,1,False,42
permABC-SMC,1638659.824046921,177.8053440306543,1117566.0,121.26324462890625,0.5453059798460903,24.6195098816644,36.43230318968382,27.624999660936798,0.7857888511963305,10.254614145204128,0.7423623583775851,6.114346205947316,2,1,False,42
permABC-SMC,1640947.2140762464,177.82738061944062,1119126.0,121.2782735824585,0.5453059798460903,24.6195098816644,36.43230318968385,27.624999660936798,0.7857888511963305,10.254614145204128,0.7423623583775851,6.114346205947316,2,1,False,42
permABC-SMC,1633653.06122449,176.81252574086537,1120686.0,121.29339265823364,0.5453059798460903,24.6195098816644,36.43230318968382,27.624999660936798,0.7857888511963305,10.254614145204128,0.7423623583775851,6.114346205947316,2,1,False,42
permABC-SMC,1631171.511627907,176.32045822088108,1122246.0,121.30847525596619,0.5453059798460903,24.6195098816644,36.43230318968385,27.624999660936798,0.7857888511963305,10.254614145204128,0.7423623583775851,6.114346205947316,2,1,False,42
permABC-SMC,1633438.953488372,176.34251332560248,1123806.0,121.32364916801453,0.5453059798460903,24.6195098816644,36.43230318968382,27.624999660936798,0.7857888511963305,10.254614145204128,0.7423623583775851,6.114346205947316,2,1,False,42
permABC-SMC,1635706.3953488374,176.36446481527284,1125366.0,121.33875179290771,0.5453059798460903,24.6195098816644,36.43230318968385,27.624999660936798,0.7857888511963305,10.254614145204128,0.7423623583775851,6.114346205947316,2,1,False,42
permABC-SMC,1637973.8372093022,176.386296749115,1126926.0,121.35377216339111,0.5453059798460903,24.6195098816644,36.43230318968382,27.624999660936798,0.7857888511963305,10.254614145204128,0.7423623583775851,6.114346205947316,2,1,False,42
permABC-SMC,1640241.2790697673,176.4081408118093,1128486.0,121.36880087852478,0.5453059798460903,24.6195098816644,36.43230318968385,27.624999660936798,0.7857888511963305,10.254614145204128,0.7423623583775851,6.114346205947316,2,1,False,42
permABC-SMC,1642508.7209302327,176.4305220093838,1130046.0,121.38419914245605,0.5453059798460903,24.6195098816644,36.43230318968382,27.624999660936798,0.7857888511963305,10.254614145204128,0.7423623583775851,6.114346205947316,2,1,False,42
permABC-SMC,1644776.1627906978,176.45243815211361,1131606.0,121.39927744865417,0.5453059798460903,24.6195098816644,36.43230318968385,27.624999660936798,0.7857888511963305,10.254614145204128,0.7423623583775851,6.114346205947316,2,1,False,42
permABC-SMC,1647043.6046511626,176.47449221721914,1133166.0,121.41445064544678,0.5453059798460903,24.6195098816644,36.43230318968382,27.624999660936798,0.7857888511963305,10.254614145204128,0.7423623583775851,6.114346205947316,2,1,False,42
permABC-SMC,1649311.046511628,176.4965518269428,1134726.0,121.42962765693665,0.5453059798460903,24.6195098816644,36.43230318968385,27.624999660936798,0.7857888511963305,10.254614145204128,0.7423623583775851,6.114346205947316,2,1,False,42
permABC-SMC,1651578.488372093,176.51860485243242,1136286.0,121.44480013847351,0.5453059798460903,24.6195098816644,36.43230318968382,27.624999660936798,0.7857888511963305,10.254614145204128,0.7423623583775851,6.114346205947316,2,1,False,42
permABC-SMC,1649052.1739130437,176.02878895358762,1137846.0,121.45986437797546,0.5453059798460903,24.6195098816644,36.43230318968385,27.624999660936798,0.7857888511963305,10.254614145204128,0.7423623583775851,6.114346205947316,2,1,False,42
permABC-SMC,1651313.0434782607,176.05054965917617,1139406.0,121.47487926483154,0.5453059798460903,24.6195098816644,36.43230318968382,27.624999660936798,0.7857888511963305,10.254614145204128,0.7423623583775851,6.114346205947316,2,1,False,42
permABC-SMC,1653573.9130434783,176.07226751852724,1140966.0,121.48986458778381,0.5453059798460903,24.6195098816644,36.43230318968385,27.624999660936798,0.7857888511963305,10.254614145204128,0.7423623583775851,6.114346205947316,2,1,False,42
permABC-SMC,1655834.7826086956,176.09409940415534,1142526.0,121.50492858886719,0.5453059798460903,24.6195098816644,36.43230318968382,27.624999660936798,0.7857888511963305,10.254614145204128,0.7423623583775851,6.114346205947316,2,1,False,42
permABC-SMC,1658095.652173913,176.1159243791,1144086.0,121.51998782157898,0.5453059798460903,24.6195098816644,36.43230318968385,27.624999660936798,0.7857888511963305,10.254614145204128,0.7423623583775851,6.114346205947316,2,1,False,42
permABC-SMC,1660356.5217391304,176.13779496455538,1145646.0,121.53507852554321,0.5453059798460903,24.6195098816644,36.43230318968382,27.624999660936798,0.7857888511963305,10.254614145204128,0.7423623583775851,6.114346205947316,2,1,False,42
permABC-SMC,1657812.1387283236,175.6505084175595,1147206.0,121.55015182495117,0.5453059798460903,24.6195098816644,36.43230318968385,27.624999660936798,0.7857888511963305,10.254614145204128,0.7423623583775851,6.114346205947316,2,1,False,42
permABC-SMC,1655282.4207492794,175.16596757025815,1148766.0,121.56518149375916,0.5453059798460903,24.6195098816644,36.43230318968382,27.624999660936798,0.7857888511963305,10.254614145204128,0.7423623583775851,6.114346205947316,2,1,False,42
permABC-SMC,1648031.518624642,174.1838789942613,1150326.0,121.58034753799438,0.5453059798460903,24.6195098816644,36.43230318968385,27.624999660936798,0.7857888511963305,10.254614145204128,0.7423623583775851,6.114346205947316,2,1,False,42
permABC-SMC,1645551.4285714284,173.70772429874964,1151886.0,121.59540700912476,0.5453059798460903,24.6195098816644,36.43230318968382,27.624999660936798,0.7857888511963305,10.254614145204128,0.7423623583775851,6.114346205947316,2,1,False,42
permABC-SMC,1647780.0,173.729236466544,1153446.0,121.61046552658081,0.5453059798460903,24.6195098816644,36.43230318968385,27.624999660936798,0.7857888511963305,10.254614145204128,0.7423623583775851,6.114346205947316,2,1,False,42
permABC-SMC,1650008.5714285716,173.75080755778723,1155006.0,121.62556529045105,0.5453059798460903,24.6195098816644,36.43230318968382,27.624999660936798,0.7857888511963305,10.254614145204128,0.7423623583775851,6.114346205947316,2,1,False,42
permABC-SMC,1647529.9145299145,173.27734921392891,1156566.0,121.6406991481781,0.5453059798460903,24.6195098816644,36.43230318968385,27.624999660936798,0.7857888511963305,10.254614145204128,0.7423623583775851,6.114346205947316,2,1,False,42
permABC-SMC,1645065.340909091,172.80652780424467,1158126.0,121.65579557418823,0.5453059798460903,24.6195098816644,36.43230318968382,27.624999660936798,0.7857888511963305,10.254614145204128,0.7423623583775851,6.114346205947316,2,1,False,42
permABC-SMC,1647281.25,172.82794111154294,1159686.0,121.67087054252625,0.5453059798460903,24.6195098816644,36.43230318968385,27.624999660936798,0.7857888511963305,10.254614145204128,0.7423623583775851,6.114346205947316,2,1,False,42
permABC-SMC,1644824.3626062323,172.35970733523706,1161246.0,121.68595337867737,0.5453059798460903,24.6195098816644,36.43230318968382,27.624999660936798,0.7857888511963305,10.254614145204128,0.7423623583775851,6.114346205947316,2,1,False,42
permABC-SMC,1647033.9943342777,172.38106977500593,1162806.0,121.70103526115417,0.5453059798460903,24.6195098816644,36.43230318968385,27.624999660936798,0.7857888511963305,10.254614145204128,0.7423623583775851,6.114346205947316,2,1,False,42
permABC-SMC,1649243.6260623229,172.4024720637724,1164366.0,121.71614527702332,0.5453059798460903,24.6195098816644,36.43230318968382,27.624999660936798,0.7857888511963305,10.254614145204128,0.7423623583775851,6.114346205947316,2,1,False,42
permABC-SMC,1651453.2577903683,172.4238632083277,1165926.0,121.73124742507935,0.5453059798460903,24.6195098816644,36.43230318968385,27.624999660936798,0.7857888511963305,10.254614145204128,0.7423623583775851,6.114346205947316,2,1,False,42
permABC-SMC,1653662.8895184135,172.44528643470312,1167486.0,121.74637222290039,0.5453059798460903,24.6195098816644,36.43230318968382,27.624999660936798,0.7857888511963305,10.254614145204128,0.7423623583775851,6.114346205947316,2,1,False,42
permABC-SMC,1641918.5393258426,171.0132544630029,1169046.0,121.76143717765808,0.5453059798460903,24.6195098816644,36.43230318968385,27.624999660936798,0.7857888511963305,10.254614145204128,0.7423623583775851,6.114346205947316,2,1,False,42
permABC-SMC,1644109.5505617978,171.0345691509461,1170606.0,121.77661323547363,0.5453059798460903,24.6195098816644,36.43230318968382,27.624999660936798,0.7857888511963305,10.254614145204128,0.7423623583775851,6.114346205947316,2,1,False,42
permABC-SMC,1641689.075630252,170.57664821795723,1172166.0,121.79172682762146,0.5453059798460903,24.6195098816644,36.43230318968385,27.624999660936798,0.7857888511963305,10.254614145204128,0.7423623583775851,6.114346205947316,2,1,False,42
permABC-SMC,1639282.122905028,170.1213148053132,1173726.0,121.80686140060425,0.5453059798460903,24.6195098816644,36.43230318968382,27.624999660936798,0.7857888511963305,10.254614145204128,0.7423623583775851,6.114346205947316,2,1,False,42
permABC-SMC,1641460.8938547485,170.1424561399321,1175286.0,121.8219985961914,0.5453059798460903,24.6195098816644,36.43230318968385,27.624999660936798,0.7857888511963305,10.254614145204128,0.7423623583775851,6.114346205947316,2,1,False,42
permABC-SMC,1639061.2813370475,169.6897841429644,1176846.0,121.83726501464844,0.5453059798460903,24.6195098816644,36.43230318968382,27.624999660936798,0.7857888511963305,10.254614145204128,0.7423623583775851,6.114346205947316,2,1,False,42
permABC-SMC,1636675.0,169.23952168888513,1178406.0,121.85245561599731,0.5453059798460903,24.6195098816644,36.43230318968385,27.624999660936798,0.7857888511963305,10.254614145204128,0.7423623583775851,6.114346205947316,2,1,False,42
permABC-SMC,1634301.9390581716,168.79166526477422,1179966.0,121.86758232116699,0.5453059798460903,24.6195098816644,36.43230318968382,27.624999660936798,0.7857888511963305,10.254614145204128,0.7423623583775851,6.114346205947316,2,1,False,42
permABC-SMC,1636462.6038781165,168.8126926607042,1181526.0,121.88276410102844,0.5453059798460903,24.6195098816644,36.43230318968385,27.624999660936798,0.7857888511963305,10.254614145204128,0.7423623583775851,6.114346205947316,2,1,False,42
permABC-SMC,1638623.268698061,168.8336226418408,1183086.0,121.89787554740906,0.5453059798460903,24.6195098816644,36.43230318968382,27.624999660936798,0.7857888511963305,10.254614145204128,0.7423623583775851,6.114346205947316,2,1,False,42
permABC-SMC,1640783.9335180055,168.85458102186632,1184646.0,121.91300749778748,0.5453059798460903,24.6195098816644,36.43230318968385,27.624999660936798,0.7857888511963305,10.254614145204128,0.7423623583775851,6.114346205947316,2,1,False,42
permABC-SMC,1642944.5983379502,168.87555987550942,1186206.0,121.9281542301178,0.5453059798460903,24.6195098816644,36.43230318968382,27.624999660936798,0.7857888511963305,10.254614145204128,0.7423623583775851,6.114346205947316,2,1,False,42
permABC-SMC,1645105.2631578948,168.89659519671073,1187766.0,121.94334173202515,0.5453059798460903,24.6195098816644,36.43230318968385,27.624999660936798,0.7857888511963305,10.254614145204128,0.7423623583775851,6.114346205947316,2,1,False,42
permABC-SMC,1647265.9279778393,168.9175704179378,1189326.0,121.9584858417511,0.5453059798460903,24.6195098816644,36.43230318968382,27.624999660936798,0.7857888511963305,10.254614145204128,0.7423623583775851,6.114346205947316,2,1,False,42
permABC-SMC,1640338.8429752067,168.0077307808826,1190886.0,121.97361254692078,0.5453059798460903,24.6195098816644,36.43230318968385,27.624999660936798,0.7857888511963305,10.254614145204128,0.7423623583775851,6.114346205947316,2,1,False,42
permABC-SMC,1637975.2747252746,167.56691284232087,1192446.0,121.9887125492096,0.5453059798460903,24.6195098816644,36.43230318968382,27.624999660936798,0.7857888511963305,10.254614145204128,0.7423623583775851,6.114346205947316,2,1,False,42
permABC-SMC,1635624.6575342466,167.128509364716,1194006.0,122.00381183624268,0.5453059798460903,24.6195098816644,36.43230318968385,27.624999660936798,0.7857888511963305,10.254614145204128,0.7423623583775851,6.114346205947316,2,1,False,42
permABC-SMC,1637761.6438356165,167.14918319493125,1195566.0,122.0189037322998,0.5453059798460903,24.6195098816644,36.43230318968382,27.624999660936798,0.7857888511963305,10.254614145204128,0.7423623583775851,6.114346205947316,2,1,False,42
permABC-SMC,1639898.6301369865,167.16992789751865,1197126.0,122.0340473651886,0.5453059798460903,24.6195098816644,36.43230318968385,27.624999660936798,0.7857888511963305,10.254614145204128,0.7423623583775851,6.114346205947316,2,1,False,42
permABC-SMC,1633087.1934604903,166.27967455081782,1198686.0,122.0492811203003,0.5453059798460903,24.6195098816644,36.43230318968382,27.624999660936798,0.7857888511963305,10.254614145204128,0.7423623583775851,6.114346205947316,2,1,False,42
permABC-SMC,1635212.5340599455,166.300243837632,1200246.0,122.0643789768219,0.5453059798460903,24.6195098816644,36.43230318968385,27.624999660936798,0.7857888511963305,10.254614145204128,0.7423623583775851,6.114346205947316,2,1,False,42
permABC-SMC,1637337.8746594004,166.3208709425757,1201806.0,122.07951927185059,0.5453059798460903,24.6195098816644,36.43230318968382,27.624999660936798,0.7857888511963305,10.254614145204128,0.7423623583775851,6.114346205947316,2,1,False,42
permABC-SMC,1639463.2152588556,166.3414792079042,1203366.0,122.09464573860168,0.5453059798460903,24.6195098816644,36.43230318968385,27.624999660936798,0.7857888511963305,10.254614145204128,0.7423623583775851,6.114346205947316,2,1,False,42
permABC-SMC,1641588.5558583105,166.36213814530126,1204926.0,122.10980939865112,0.5453059798460903,24.6195098816644,36.43230318968382,27.624999660936798,0.7857888511963305,10.254614145204128,0.7423623583775851,6.114346205947316,2,1,False,42
permABC-SMC,1643713.8964577657,166.38620510413145,1206486.0,122.1274745464325,0.5453059798460903,24.6195098816644,36.43230318968385,27.624999660936798,0.7857888511963305,10.254614145204128,0.7423623583775851,6.114346205947316,2,1,False,42
permABC-SMC,1645839.2370572207,166.40732756102767,1208046.0,122.14297842979431,0.5453059798460903,24.6195098816644,36.43230318968382,27.624999660936798,0.7857888511963305,10.254614145204128,0.7423623583775851,6.114346205947316,2,1,False,42
permABC-SMC,1643486.4130434783,165.9756325509237,1209606.0,122.15806555747986,0.5453059798460903,24.6195098816644,36.43230318968385,27.624999660936798,0.7857888511963305,10.254614145204128,0.7423623583775851,6.114346205947316,2,1,False,42
permABC-SMC,1645605.9782608694,165.99621008271757,1211166.0,122.17321062088013,0.5453059798460903,24.6195098816644,36.43230318968382,27.624999660936798,0.7857888511963305,10.254614145204128,0.7423623583775851,6.114346205947316,2,1,False,42
permABC-SMC,1647725.5434782607,166.01680705080864,1212726.0,122.18836998939514,0.5453059798460903,24.6195098816644,36.43230318968385,27.624999660936798,0.7857888511963305,10.254614145204128,0.7423623583775851,6.114346205947316,2,1,False,42
permABC-SMC,1649845.1086956523,166.03737324476242,1214286.0,122.20350670814514,0.5453059798460903,24.6195098816644,36.43230318968382,27.624999660936798,0.7857888511963305,10.254614145204128,0.7423623583775851,6.114346205947316,2,1,False,42
permABC-SMC,1651964.6739130435,166.0578762707503,1215846.0,122.21859693527222,0.5453059798460903,24.6195098816644,36.43230318968385,27.624999660936798,0.7857888511963305,10.254614145204128,0.7423623583775851,6.114346205947316,2,1,False,42
permABC-SMC,1649601.6260162601,165.62837249218288,1217406.0,122.23373889923096,0.5453059798460903,24.6195098816644,36.43230318968382,27.624999660936798,0.7857888511963305,10.254614145204128,0.7423623583775851,6.114346205947316,2,1,False,42
permABC-SMC,1651715.4471544717,165.64882900010602,1218966.0,122.24883580207825,0.5453059798460903,24.6195098816644,36.43230318968385,27.624999660936798,0.7857888511963305,10.254614145204128,0.7423623583775851,6.114346205947316,2,1,False,42
permABC-SMC,1653829.268292683,165.66926580134447,1220526.0,122.26391816139221,0.5453059798460903,24.6195098816644,36.43230318968382,27.624999660936798,0.7857888511963305,10.254614145204128,0.7423623583775851,6.114346205947316,2,1,False,42
permABC-SMC,1655943.0894308945,165.68964057498508,1222086.0,122.27895474433899,0.5453059798460903,24.6195098816644,36.43230318968385,27.624999660936798,0.7857888511963305,10.254614145204128,0.7423623583775851,6.114346205947316,2,1,False,42
permABC-SMC,1653575.6756756757,165.26223421096802,1223646.0,122.29405331611633,0.5453059798460903,24.6195098816644,36.43230318968382,27.624999660936798,0.7857888511963305,10.254614145204128,0.7423623583775851,6.114346205947316,2,1,False,42
permABC-SMC,1651221.02425876,164.83720679167467,1225206.0,122.30920743942261,0.5453059798460903,24.6195098816644,36.43230318968385,27.624999660936798,0.7857888511963305,10.254614145204128,0.7423623583775851,6.114346205947316,2,1,False,42
permABC-SMC,1653323.450134771,164.8575443463184,1226766.0,122.32429790496826,0.5453059798460903,24.6195098816644,36.43230318968382,27.624999660936798,0.7857888511963305,10.254614145204128,0.7423623583775851,6.114346205947316,2,1,False,42
permABC-SMC,1655425.8760107816,164.87812963778762,1228326.0,122.3395721912384,0.5453059798460903,24.6195098816644,36.43230318968385,27.624999660936798,0.7857888511963305,10.254614145204128,0.7423623583775851,6.114346205947316,2,1,False,42
permABC-SMC,1657528.3018867923,164.89850285882258,1229886.0,122.35468912124634,0.5453059798460903,24.6195098816644,36.43230318968382,27.624999660936798,0.7857888511963305,10.254614145204128,0.7423623583775851,6.114346205947316,2,1,False,42
permABC-SMC,1650731.9034852546,164.03460662422486,1231446.0,122.36981654167175,0.5453059798460903,24.6195098816644,36.43230318968385,27.624999660936798,0.7857888511963305,10.254614145204128,0.7423623583775851,6.114346205947316,2,1,False,42
permABC-SMC,1652823.056300268,164.0554557856542,1233006.0,122.38537001609802,0.5453059798460903,24.6195098816644,36.43230318968382,27.624999660936798,0.7857888511963305,10.254614145204128,0.7423623583775851,6.114346205947316,2,1,False,42
permABC-SMC,1654914.2091152815,164.07575300487693,1234566.0,122.40051174163818,0.5453059798460903,24.6195098816644,36.43230318968385,27.624999660936798,0.7857888511963305,10.254614145204128,0.7423623583775851,6.114346205947316,2,1,False,42
permABC-SMC,1652574.8663101604,163.65738412275672,1236126.0,122.41572332382202,0.5453059798460903,24.6195098816644,36.43230318968382,27.624999660936798,0.7857888511963305,10.254614145204128,0.7423623583775851,6.114346205947316,2,1,False,42
permABC-SMC,1654660.4278074866,163.67769464452,1237686.0,122.43091559410095,0.5453059798460903,24.6195098816644,36.43230318968385,27.624999660936798,0.7857888511963305,10.254614145204128,0.7423623583775851,6.114346205947316,2,1,False,42
permABC-SMC,1647933.5106382978,162.8272533416748,1239246.0,122.44609451293945,0.5453059798460903,24.6195098816644,36.43230318968382,27.624999660936798,0.7857888511963305,10.254614145204128,0.7423623583775851,6.114346205947316,2,1,False,42
permABC-SMC,1650007.9787234042,162.84739939456293,1240806.0,122.4612443447113,0.5453059798460903,24.6195098816644,36.43230318968385,27.624999660936798,0.7857888511963305,10.254614145204128,0.7423623583775851,6.114346205947316,2,1,False,42
permABC-SMC,1652082.4468085107,162.8675013780594,1242366.0,122.47636103630066,0.5453059798460903,24.6195098816644,36.43230318968382,27.624999660936798,0.7857888511963305,10.254614145204128,0.7423623583775851,6.114346205947316,2,1,False,42
permABC-SMC,1654156.9148936172,162.8876601127868,1243926.0,122.49152040481567,0.5453059798460903,24.6195098816644,36.43230318968385,27.624999660936798,0.7857888511963305,10.254614145204128,0.7423623583775851,6.114346205947316,2,1,False,42
permABC-SMC,1651838.196286472,162.4757326566256,1245486.0,122.5067024230957,0.5453059798460903,24.6195098816644,36.43230318968382,27.624999660936798,0.7857888511963305,10.254614145204128,0.7423623583775851,6.114346205947316,2,1,False,42
permABC-SMC,1653907.1618037135,162.49585752461886,1247046.0,122.52187657356262,0.5453059798460903,24.6195098816644,36.43230318968385,27.624999660936798,0.7857888511963305,10.254614145204128,0.7423623583775851,6.114346205947316,2,1,False,42
permABC-SMC,1651595.238095238,162.08616640201953,1248606.0,122.53714179992676,0.5453059798460903,24.6195098816644,36.43230318968382,27.624999660936798,0.7857888511963305,10.254614145204128,0.7423623583775851,6.114346205947316,2,1,False,42
permABC-SMC,1653658.7301587302,162.10627429699773,1250166.0,122.55234336853027,0.5453059798460903,24.6195098816644,36.43230318968385,27.624999660936798,0.7857888511963305,10.254614145204128,0.7423623583775851,6.114346205947316,2,1,False,42
permABC-SMC,1655722.2222222222,162.1262954656409,1251726.0,122.56747937202454,0.5453059798460903,24.6195098816644,36.43230318968382,27.624999660936798,0.7857888511963305,10.254614145204128,0.7423623583775851,6.114346205947316,2,1,False,42
permABC-SMC,1657785.7142857143,162.1463976839863,1253286.0,122.58267664909363,0.5453059798460903,24.6195098816644,36.43230318968385,27.624999660936798,0.7857888511963305,10.254614145204128,0.7423623583775851,6.114346205947316,2,1,False,42
permABC-SMC,1655469.6569920846,161.73861240648657,1254846.0,122.59786820411682,0.5453059798460903,24.6195098816644,36.43230318968382,27.624999660936798,0.7857888511963305,10.254614145204128,0.7423623583775851,6.114346205947316,2,1,False,42
permABC-SMC,1653165.7894736843,161.3329724261635,1256406.0,122.61305904388428,0.5453059798460903,24.6195098816644,36.43230318968385,27.624999660936798,0.7857888511963305,10.254614145204128,0.7423623583775851,6.114346205947316,2,1,False,42
permABC-SMC,1655218.4210526317,161.35301464482356,1257966.0,122.62829113006592,0.5453059798460903,24.6195098816644,36.43230318968382,27.624999660936798,0.7857888511963305,10.254614145204128,0.7423623583775851,6.114346205947316,2,1,False,42
permABC-SMC,1657271.0526315789,161.37290471478514,1259526.0,122.6434075832367,0.5453059798460903,24.6195098816644,36.43230318968385,27.624999660936798,0.7857888511963305,10.254614145204128,0.7423623583775851,6.114346205947316,2,1,False,42
permABC-SMC,1659323.6842105263,161.39288325058786,1261086.0,122.65859127044678,0.5453059798460903,24.6195098816644,36.43230318968382,27.624999660936798,0.7857888511963305,10.254614145204128,0.7423623583775851,6.114346205947316,2,1,False,42
permABC-SMC,1661376.3157894737,161.41282978810762,1262646.0,122.67375063896179,0.5453059798460903,24.6195098816644,36.43230318968385,27.624999660936798,0.7857888511963305,10.254614145204128,0.7423623583775851,6.114346205947316,2,1,False,42
permABC-SMC,1663428.947368421,161.4329196904835,1264206.0,122.68901896476746,0.5453059798460903,24.6195098816644,36.43230318968382,27.624999660936798,0.7857888511963305,10.254614145204128,0.7423623583775851,6.114346205947316,2,1,False,42
permABC-SMC,1656761.780104712,160.6074989778209,1265766.0,122.70412921905518,0.5453059798460903,24.6195098816644,36.43230318968385,27.624999660936798,0.7857888511963305,10.254614145204128,0.7423623583775851,6.114346205947316,2,1,False,42
permABC-SMC,1658803.664921466,160.6273479486635,1267326.0,122.71929383277893,0.5453059798460903,24.6195098816644,36.43230318968382,27.624999660936798,0.7857888511963305,10.254614145204128,0.7423623583775851,6.114346205947316,2,1,False,42
permABC-SMC,1656509.1383812008,160.22787392917564,1268886.0,122.73455142974854,0.5453059798460903,24.6195098816644,36.43230318968385,27.624999660936798,0.7857888511963305,10.254614145204128,0.7423623583775851,6.114346205947316,2,1,False,42
permABC-SMC,1645655.4404145076,159.00224570783308,1270446.0,122.74973368644714,0.5453059798460903,24.6195098816644,36.43230318968382,27.624999660936798,0.7857888511963305,10.254614145204128,0.7423623583775851,6.114346205947316,2,1,False,42
permABC-SMC,1647676.1658031088,159.02189053402046,1272006.0,122.7648994922638,0.5453059798460903,24.6195098816644,36.43230318968385,27.624999660936798,0.7857888511963305,10.254614145204128,0.7423623583775851,6.114346205947316,2,1,False,42
permABC-SMC,1649696.89119171,159.04163295123243,1273566.0,122.78014063835144,0.5453059798460903,24.6195098816644,36.43230318968382,27.624999660936798,0.7857888511963305,10.254614145204128,0.7423623583775851,6.114346205947316,2,1,False,42
permABC-SMC,1651717.616580311,159.061199951666,1275126.0,122.79524636268616,0.5453059798460903,24.6195098816644,36.43230318968385,27.624999660936798,0.7857888511963305,10.254614145204128,0.7423623583775851,6.114346205947316,2,1,False,42
permABC-SMC,1653738.341968912,159.0808268655767,1276686.0,122.81039834022522,0.5453059798460903,24.6195098816644,36.43230318968382,27.624999660936798,0.7857888511963305,10.254614145204128,0.7423623583775851,6.114346205947316,2,1,False,42
permABC-SMC,1655759.067357513,159.10040066032212,1278246.0,122.82550930976868,0.5453059798460903,24.6195098816644,36.43230318968385,27.624999660936798,0.7857888511963305,10.254614145204128,0.7423623583775851,6.114346205947316,2,1,False,42
permABC-SMC,1653496.1240310078,158.70904398826974,1279806.0,122.84080004692078,0.5453059798460903,24.6195098816644,36.43230318968382,27.624999660936798,0.7857888511963305,10.254614145204128,0.7423623583775851,6.114346205947316,2,1,False,42
permABC-SMC,1655511.627906977,158.72865006597158,1281366.0,122.85597515106201,0.5453059798460903,24.6195098816644,36.43230318968385,27.624999660936798,0.7857888511963305,10.254614145204128,0.7423623583775851,6.114346205947316,2,1,False,42
permABC-SMC,1657527.131782946,158.74822380006776,1282926.0,122.87112522125244,0.5453059798460903,24.6195098816644,36.43230318968382,27.624999660936798,0.7857888511963305,10.254614145204128,0.7423623583775851,6.114346205947316,2,1,False,42
permABC-SMC,1651010.2827763497,157.95150514127047,1284486.0,122.88627099990845,0.5453059798460903,24.6195098816644,36.43230318968385,27.624999660936798,0.7857888511963305,10.254614145204128,0.7423623583775851,6.114346205947316,2,1,False,42
permABC-SMC,1653015.4241645243,157.97102911000388,1286046.0,122.90146064758301,0.5453059798460903,24.6195098816644,36.43230318968382,27.624999660936798,0.7857888511963305,10.254614145204128,0.7423623583775851,6.114346205947316,2,1,False,42
permABC-SMC,1646554.9872122763,157.1823724395479,1287606.0,122.91661524772644,0.5453059798460903,24.6195098816644,36.43230318968385,27.624999660936798,0.7857888511963305,10.254614145204128,0.7423623583775851,6.114346205947316,2,1,False,42
permABC-SMC,1648549.872122762,157.20175721151443,1289166.0,122.9317741394043,0.5453059798460903,24.6195098816644,36.43230318968382,27.624999660936798,0.7857888511963305,10.254614145204128,0.7423623583775851,6.114346205947316,2,1,False,42
permABC-SMC,1650544.757033248,157.2211791792184,1290726.0,122.9469621181488,0.5453059798460903,24.6195098816644,36.43230318968385,27.624999660936798,0.7857888511963305,10.254614145204128,0.7423623583775851,6.114346205947316,2,1,False,42
permABC-SMC,1652539.6419437341,157.24057645139183,1292286.0,122.9621307849884,0.5453059798460903,24.6195098816644,36.43230318968382,27.624999660936798,0.7857888511963305,10.254614145204128,0.7423623583775851,6.114346205947316,2,1,False,42
permABC-SMC,1654534.5268542198,157.2599517719825,1293846.0,122.97728228569031,0.5453059798460903,24.6195098816644,36.43230318968385,27.624999660936798,0.7857888511963305,10.254614145204128,0.7423623583775851,6.114346205947316,2,1,False,42
permABC-SMC,1656529.4117647058,157.27946215578356,1295406.0,122.99253940582275,0.5453059798460903,24.6195098816644,36.43230318968382,27.624999660936798,0.7857888511963305,10.254614145204128,0.7423623583775851,6.114346205947316,2,1,False,42
permABC-SMC,1658524.296675192,157.2988859527861,1296966.0,123.00772881507874,0.5453059798460903,24.6195098816644,36.43230318968385,27.624999660936798,0.7857888511963305,10.254614145204128,0.7423623583775851,6.114346205947316,2,1,False,42
permABC-SMC,1660519.1815856777,157.31834755529223,1298526.0,123.02294778823853,0.5453059798460903,24.6195098816644,36.43230318968382,27.624999660936798,0.7857888511963305,10.254614145204128,0.7423623583775851,6.114346205947316,2,1,False,42
permABC-SMC,1662514.0664961636,157.33795519680012,1300086.0,123.0382809638977,0.5453059798460903,24.6195098816644,36.43230318968385,27.624999660936798,0.7857888511963305,10.254614145204128,0.7423623583775851,6.114346205947316,2,1,False,42
permABC-SMC,1660262.7551020407,156.9560139763112,1301646.0,123.05351495742798,0.5453059798460903,24.6195098816644,36.43230318968382,27.624999660936798,0.7857888511963305,10.254614145204128,0.7423623583775851,6.114346205947316,2,1,False,42
permABC-SMC,1653814.7208121826,156.17852737455803,1303206.0,123.06867957115173,0.5453059798460903,24.6195098816644,36.43230318968385,27.624999660936798,0.7857888511963305,10.254614145204128,0.7423623583775851,6.114346205947316,2,1,False,42
permABC-SMC,1655794.4162436547,156.19778300299865,1304766.0,123.08385300636292,0.5453059798460903,24.6195098816644,36.43230318968382,27.624999660936798,0.7857888511963305,10.254614145204128,0.7423623583775851,6.114346205947316,2,1,False,42
permABC-SMC,1657774.111675127,156.21699476000018,1306326.0,123.09899187088013,0.5453059798460903,24.6195098816644,36.43230318968385,27.624999660936798,0.7857888511963305,10.254614145204128,0.7423623583775851,6.114346205947316,2,1,False,42
permABC-SMC,1659753.807106599,156.2362730805644,1307886.0,123.11418318748474,0.5453059798460903,24.6195098816644,36.43230318968382,27.624999660936798,0.7857888511963305,10.254614145204128,0.7423623583775851,6.114346205947316,2,1,False,42
permABC-SMC,1661733.502538071,156.25553778585444,1309446.0,123.1293637752533,0.5453059798460903,24.6195098816644,36.43230318968385,27.624999660936798,0.7857888511963305,10.254614145204128,0.7423623583775851,6.114346205947316,2,1,False,42
permABC-SMC,1663713.1979695433,156.27479190148676,1311006.0,123.14453601837158,0.5453059798460903,24.6195098816644,36.43230318968382,27.624999660936798,0.7857888511963305,10.254614145204128,0.7423623583775851,6.114346205947316,2,1,False,42
permABC-SMC,1665692.8934010153,156.29397582281666,1312566.0,123.15965294837952,0.5453059798460903,24.6195098816644,36.43230318968385,27.624999660936798,0.7857888511963305,10.254614145204128,0.7423623583775851,6.114346205947316,2,1,False,42
permABC-SMC,1663450.6329113925,155.91750024240227,1314126.0,123.1748251914978,0.5453059798460903,24.6195098816644,36.43230318968382,27.624999660936798,0.7857888511963305,10.254614145204128,0.7423623583775851,6.114346205947316,2,1,False,42
permABC-SMC,1665425.3164556962,155.93661628191984,1315686.0,123.18992686271667,0.5453059798460903,24.6195098816644,36.43230318968385,27.624999660936798,0.7857888511963305,10.254614145204128,0.7423623583775851,6.114346205947316,2,1,False,42
permABC-SMC,1667400.0,155.9558421750612,1317246.0,123.20511531829834,0.5453059798460903,24.6195098816644,36.43230318968382,27.624999660936798,0.7857888511963305,10.254614145204128,0.7423623583775851,6.114346205947316,2,1,False,42
permABC-SMC,1669374.6835443038,155.97503275810917,1318806.0,123.22027587890625,0.5453059798460903,24.6195098816644,36.43230318968385,27.624999660936798,0.7857888511963305,10.254614145204128,0.7423623583775851,6.114346205947316,2,1,False,42
permABC-SMC,1671349.3670886075,155.99423722375798,1320366.0,123.2354474067688,0.5453059798460903,24.6195098816644,36.43230318968382,27.624999660936798,0.7857888511963305,10.254614145204128,0.7423623583775851,6.114346205947316,2,1,False,42
permABC-SMC,1669098.4848484849,155.61948370451879,1321926.0,123.25063109397888,0.5453059798460903,24.6195098816644,36.43230318968385,27.624999660936798,0.7857888511963305,10.254614145204128,0.7423623583775851,6.114346205947316,2,1,False,42
permABC-SMC,1671068.1818181816,155.63861769859236,1323486.0,123.26578521728516,0.5453059798460903,24.6195098816644,36.43230318968382,27.624999660936798,0.7857888511963305,10.254614145204128,0.7423623583775851,6.114346205947316,2,1,False,42
permABC-SMC,1673037.8787878787,155.65777998982054,1325046.0,123.28096175193787,0.5453059798460903,24.6195098816644,36.43230318968385,27.624999660936798,0.7857888511963305,10.254614145204128,0.7423623583775851,6.114346205947316,2,1,False,42
permABC-SMC,1675007.5757575757,155.67693054073987,1326606.0,123.29612898826599,0.5453059798460903,24.6195098816644,36.43230318968382,27.624999660936798,0.7857888511963305,10.254614145204128,0.7423623583775851,6.114346205947316,2,1,False,42
permABC-SMC,1676977.2727272727,155.69611902188774,1328166.0,123.31132626533508,0.5453059798460903,24.6195098816644,36.43230318968385,27.624999660936798,0.7857888511963305,10.254614145204128,0.7423623583775851,6.114346205947316,2,1,False,42
permABC-SMC,1674717.8841309824,155.32310843767988,1329726.0,123.32654809951782,0.5453059798460903,24.6195098816644,36.43230318968382,27.624999660936798,0.7857888511963305,10.254614145204128,0.7423623583775851,6.114346205947316,2,1,False,42
permABC-SMC,1668278.1954887218,154.56397282449822,1331286.0,123.34205031394958,0.5453059798460903,24.6195098816644,36.43230318968385,27.624999660936798,0.7857888511963305,10.254614145204128,0.7423623583775851,6.114346205947316,2,1,False,42
permABC-SMC,1670233.082706767,154.5827899660383,1332846.0,123.35706639289856,0.5453059798460903,24.6195098816644,36.43230318968382,27.624999660936798,0.7857888511963305,10.254614145204128,0.7423623583775851,6.114346205947316,2,1,False,42
permABC-SMC,1668007.5,154.21507328748703,1334406.0,123.37205862998962,0.5453059798460903,24.6195098816644,36.43230318968385,27.624999660936798,0.7857888511963305,10.254614145204128,0.7423623583775851,6.114346205947316,2,1,False,42
permABC-SMC,1661649.2537313434,153.46694081576902,1335966.0,123.3874204158783,0.5453059798460903,24.6195098816644,36.43230318968382,27.624999660936798,0.7857888511963305,10.254614145204128,0.7423623583775851,6.114346205947316,2,1,False,42
permABC-SMC,1663589.552238806,153.48557245672046,1337526.0,123.40240025520325,0.5453059798460903,24.6195098816644,36.43230318968385,27.624999660936798,0.7857888511963305,10.254614145204128,0.7423623583775851,6.114346205947316,2,1,False,42
permABC-SMC,1665529.8507462686,153.50457803526922,1339086.0,123.41768074035645,0.5453059798460903,24.6195098816644,36.43230318968382,27.624999660936798,0.7857888511963305,10.254614145204128,0.7423623583775851,6.114346205947316,2,1,False,42
permABC-SMC,1667470.1492537314,153.52342555772015,1340646.0,123.43283414840698,0.5453059798460903,24.6195098816644,36.43230318968385,27.624999660936798,0.7857888511963305,10.254614145204128,0.7423623583775851,6.114346205947316,2,1,False,42
permABC-SMC,1669410.447761194,153.54218649033882,1342206.0,123.44791793823242,0.5453059798460903,24.6195098816644,36.43230318968382,27.624999660936798,0.7857888511963305,10.254614145204128,0.7423623583775851,6.114346205947316,2,1,False,42
permABC-SMC,1667203.4739454095,153.17993010244064,1343766.0,123.46302366256714,0.5453059798460903,24.6195098816644,36.43230318968385,27.624999660936798,0.7857888511963305,10.254614145204128,0.7423623583775851,6.114346205947316,2,1,False,42
permABC-SMC,1665007.4257425743,152.81941394994755,1345326.0,123.47808647155762,0.5453059798460903,24.6195098816644,36.43230318968382,27.624999660936798,0.7857888511963305,10.254614145204128,0.7423623583775851,6.114346205947316,2,1,False,42
permABC-SMC,1666938.1188118812,152.8381885278343,1346886.0,123.49325633049011,0.5453059798460903,24.6195098816644,36.43230318968385,27.624999660936798,0.7857888511963305,10.254614145204128,0.7423623583775851,6.114346205947316,2,1,False,42
permABC-SMC,1664748.148148148,152.47945108531434,1348446.0,123.50835537910461,0.5453059798460903,24.6195098816644,36.43230318968382,27.624999660936798,0.7857888511963305,10.254614145204128,0.7423623583775851,6.114346205947316,2,1,False,42
permABC-SMC,1666674.074074074,152.49821256708216,1350006.0,123.52355217933655,0.5453059798460903,24.6195098816644,36.43230318968385,27.624999660936798,0.7857888511963305,10.254614145204128,0.7423623583775851,6.114346205947316,2,1,False,42
permABC-SMC,1664490.1477832512,152.14125334922903,1351566.0,123.53869771957397,0.5453059798460903,24.6195098816644,36.43230318968382,27.624999660936798,0.7857888511963305,10.254614145204128,0.7423623583775851,6.114346205947316,2,1,False,42
permABC-SMC,1662316.9533169533,151.78594249472278,1353126.0,123.55375719070435,0.5453059798460903,24.6195098816644,36.43230318968385,27.624999660936798,0.7857888511963305,10.254614145204128,0.7423623583775851,6.114346205947316,2,1,False,42
permABC-SMC,1660154.4117647058,151.43235144661924,1354686.0,123.56879878044128,0.5453059798460903,24.6195098816644,36.43230318968382,27.624999660936798,0.7857888511963305,10.254614145204128,0.7423623583775851,6.114346205947316,2,1,False,42
permABC-SMC,1662066.1764705882,151.4507613930048,1356246.0,123.5838212966919,0.5453059798460903,24.6195098816644,36.43230318968385,27.624999660936798,0.7857888511963305,10.254614145204128,0.7423623583775851,6.114346205947316,2,1,False,42
permABC-SMC,1663977.9411764706,151.4692394172444,1357806.0,123.59889936447144,0.5453059798460903,24.6195098816644,36.43230318968382,27.624999660936798,0.7857888511963305,10.254614145204128,0.7423623583775851,6.114346205947316,2,1,False,42
permABC-SMC,1665889.705882353,151.48769348275428,1359366.0,123.61395788192749,0.5453059798460903,24.6195098816644,36.43230318968385,27.624999660936798,0.7857888511963305,10.254614145204128,0.7423623583775851,6.114346205947316,2,1,False,42
permABC-SMC,1667801.4705882354,151.50614491864746,1360926.0,123.62901425361633,0.5453059798460903,24.6195098816644,36.43230318968382,27.624999660936798,0.7857888511963305,10.254614145204128,0.7423623583775851,6.114346205947316,2,1,False,42
permABC-SMC,1669713.2352941176,151.52464953123354,1362486.0,123.64411401748657,0.5453059798460903,24.6195098816644,36.43230318968385,27.624999660936798,0.7857888511963305,10.254614145204128,0.7423623583775851,6.114346205947316,2,1,False,42
permABC-SMC,1671625.0,151.5431602795919,1364046.0,123.65921878814697,0.5453059798460903,24.6195098816644,36.43230318968382,27.624999660936798,0.7857888511963305,10.254614145204128,0.7423623583775851,6.114346205947316,2,1,False,42
permABC-SMC,1673536.7647058824,151.56161609817954,1365606.0,123.6742787361145,0.5453059798460903,24.6195098816644,36.43230318968385,27.624999660936798,0.7857888511963305,10.254614145204128,0.7423623583775851,6.114346205947316,2,1,False,42
permABC-SMC,1675448.5294117646,151.58014992872873,1367166.0,123.68940234184265,0.5453059798460903,24.6195098816644,36.43230318968382,27.624999660936798,0.7857888511963305,10.254614145204128,0.7423623583775851,6.114346205947316,2,1,False,42
permABC-SMC,1677360.294117647,151.59862678424986,1368726.0,123.70447945594788,0.5453059798460903,24.6195098816644,36.43230318968385,27.624999660936798,0.7857888511963305,10.254614145204128,0.7423623583775851,6.114346205947316,2,1,False,42
permABC-SMC,1679272.0588235294,151.6171395778656,1370286.0,123.71958589553833,0.5453059798460903,24.6195098816644,36.43230318968382,27.624999660936798,0.7857888511963305,10.254614145204128,0.7423623583775851,6.114346205947316,2,1,False,42
permABC-SMC,1672982.9268292682,150.8960479643287,1371846.0,123.73475933074951,0.5453059798460903,24.6195098816644,36.43230318968385,27.624999660936798,0.7857888511963305,10.254614145204128,0.7423623583775851,6.114346205947316,2,1,False,42
permABC-SMC,1666754.854368932,150.18185857430245,1373406.0,123.74985146522522,0.5453059798460903,24.6195098816644,36.43230318968382,27.624999660936798,0.7857888511963305,10.254614145204128,0.7423623583775851,6.114346205947316,2,1,False,42
permABC-SMC,1664607.7481840192,149.8364547840331,1374966.0,123.76491165161133,0.5453059798460903,24.6195098816644,36.43230318968385,27.624999660936798,0.7857888511963305,10.254614145204128,0.7423623583775851,6.114346205947316,2,1,False,42
permABC-SMC,1666496.368038741,149.85469871225428,1376526.0,123.77998113632202,0.5453059798460903,24.6195098816644,36.43230318968382,27.624999660936798,0.7857888511963305,10.254614145204128,0.7423623583775851,6.114346205947316,2,1,False,42
permABC-SMC,1668384.9878934624,149.87289963276564,1378086.0,123.79501509666443,0.5453059798460903,24.6195098816644,36.43230318968385,27.624999660936798,0.7857888511963305,10.254614145204128,0.7423623583775851,6.114346205947316,2,1,False,42
permABC-SMC,1670273.6077481841,149.8911579931042,1379646.0,123.81009650230408,0.5453059798460903,24.6195098816644,36.43230318968382,27.624999660936798,0.7857888511963305,10.254614145204128,0.7423623583775851,6.114346205947316,2,1,False,42
permABC-SMC,1672162.2276029056,149.90947263870055,1381206.0,123.82522439956665,0.5453059798460903,24.6195098816644,36.43230318968385,27.624999660936798,0.7857888511963305,10.254614145204128,0.7423623583775851,6.114346205947316,2,1,False,42
permABC-SMC,1674050.847457627,149.9278565584603,1382766.0,123.84040951728821,0.5453059798460903,24.6195098816644,36.43230318968382,27.624999660936798,0.7857888511963305,10.254614145204128,0.7423623583775851,6.114346205947316,2,1,False,42
permABC-SMC,1675939.4673123485,149.9461977591526,1384326.0,123.85555934906006,0.5453059798460903,24.6195098816644,36.43230318968385,27.624999660936798,0.7857888511963305,10.254614145204128,0.7423623583775851,6.114346205947316,2,1,False,42
permABC-SMC,1677828.0871670702,149.96446593333098,1385886.0,123.8706488609314,0.5453059798460903,24.6195098816644,36.43230318968382,27.624999660936798,0.7857888511963305,10.254614145204128,0.7423623583775851,6.114346205947316,2,1,False,42
permABC-SMC,1675659.420289855,149.62047050540576,1387446.0,123.88574957847595,0.5453059798460903,24.6195098816644,36.43230318968385,27.624999660936798,0.7857888511963305,10.254614145204128,0.7423623583775851,6.114346205947316,2,1,False,42
permABC-SMC,1677543.4782608694,149.6386286141216,1389006.0,123.90078449249268,0.5453059798460903,24.6195098816644,36.43230318968382,27.624999660936798,0.7857888511963305,10.254614145204128,0.7423623583775851,6.114346205947316,2,1,False,42
permABC-SMC,1675380.722891566,149.29627768964653,1390566.0,123.91591048240662,0.5453059798460903,24.6195098816644,36.43230318968385,27.624999660936798,0.7857888511963305,10.254614145204128,0.7423623583775851,6.114346205947316,2,1,False,42
permABC-SMC,1677260.2409638555,149.31457875722862,1392126.0,123.93110036849976,0.5453059798460903,24.6195098816644,36.43230318968382,27.624999660936798,0.7857888511963305,10.254614145204128,0.7423623583775851,6.114346205947316,2,1,False,42
permABC-SMC,1679139.7590361447,149.33275946651597,1393686.0,123.94619035720825,0.5453059798460903,24.6195098816644,36.43230318968385,27.624999660936798,0.7857888511963305,10.254614145204128,0.7423623583775851,6.114346205947316,2,1,False,42
permABC-SMC,1672956.834532374,148.63460126826516,1395246.0,123.96125745773315,0.5453059798460903,24.6195098816644,36.43230318968382,27.624999660936798,0.7857888511963305,10.254614145204128,0.7423623583775851,6.114346205947316,2,1,False,42
permABC-SMC,1670820.5741626793,148.2970523492001,1396806.0,123.97633576393127,0.5453059798460903,24.6195098816644,36.43230318968385,27.624999660936798,0.7857888511963305,10.254614145204128,0.7423623583775851,6.114346205947316,2,1,False,42
permABC-SMC,1668694.5107398566,147.96109131241755,1398366.0,123.99139451980591,0.5453059798460903,24.6195098816644,36.43230318968382,27.624999660936798,0.7857888511963305,10.254614145204128,0.7423623583775851,6.114346205947316,2,1,False,42
permABC-SMC,1670556.0859188545,147.9793084265224,1399926.0,124.00666046142578,0.5453059798460903,24.6195098816644,36.43230318968385,27.624999660936798,0.7857888511963305,10.254614145204128,0.7423623583775851,6.114346205947316,2,1,False,42
permABC-SMC,1672417.661097852,147.99736706908962,1401486.0,124.0217936038971,0.5453059798460903,24.6195098816644,36.43230318968382,27.624999660936798,0.7857888511963305,10.254614145204128,0.7423623583775851,6.114346205947316,2,1,False,42
permABC-SMC,1658446.8085106383,146.74267419404734,1403046.0,124.14430236816406,0.5453059798460903,24.6195098816644,36.43230318968385,27.624999660936798,0.7857888511963305,10.254614145204128,0.7423623583775851,6.114346205947316,2,1,False,42
permABC-SMC,1656375.0,146.41478601491676,1404606.0,124.15973854064941,0.5453059798460903,24.6195098816644,36.43230318968382,27.624999660936798,0.7857888511963305,10.254614145204128,0.7423623583775851,6.114346205947316,2,1,False,42
permABC-SMC,1654312.9411764706,146.08785489026238,1406166.0,124.17467665672302,0.5453059798460903,24.6195098816644,36.43230318968385,27.624999660936798,0.7857888511963305,10.254614145204128,0.7423623583775851,6.114346205947316,2,1,False,42
permABC-SMC,1656148.2352941178,146.10539268044863,1407726.0,124.18958377838135,0.5453059798460903,24.6195098816644,36.43230318968382,27.624999660936798,0.7857888511963305,10.254614145204128,0.7423623583775851,6.114346205947316,2,1,False,42
permABC-SMC,1657983.5294117648,146.12297450794892,1409286.0,124.20452833175659,0.5453059798460903,24.6195098816644,36.43230318968385,27.624999660936798,0.7857888511963305,10.254614145204128,0.7423623583775851,6.114346205947316,2,1,False,42
permABC-SMC,1655922.5352112676,145.79757418431026,1410846.0,124.21953320503235,0.5453059798460903,24.6195098816644,36.43230318968382,27.624999660936798,0.7857888511963305,10.254614145204128,0.7423623583775851,6.114346205947316,2,1,False,42
permABC-SMC,1657753.5211267604,145.81516930754756,1412406.0,124.23452425003052,0.5453059798460903,24.6195098816644,36.43230318968385,27.624999660936798,0.7857888511963305,10.254614145204128,0.7423623583775851,6.114346205947316,2,1,False,42
permABC-SMC,1655697.8922716628,145.49130522395185,1413966.0,124.24957466125488,0.5453059798460903,24.6195098816644,36.43230318968382,27.624999660936798,0.7857888511963305,10.254614145204128,0.7423623583775851,6.114346205947316,2,1,False,42
permABC-SMC,1657524.5901639343,145.50879018368153,1415526.0,124.26450681686401,0.5453059798460903,24.6195098816644,36.43230318968385,27.624999660936798,0.7857888511963305,10.254614145204128,0.7423623583775851,6.114346205947316,2,1,False,42
permABC-SMC,1659351.2880562062,145.52640244888198,1417086.0,124.27954769134521,0.5453059798460903,24.6195098816644,36.43230318968382,27.624999660936798,0.7857888511963305,10.254614145204128,0.7423623583775851,6.114346205947316,2,1,False,42
permABC-SMC,1661177.9859484776,145.54393626487786,1418646.0,124.29452157020569,0.5453059798460903,24.6195098816644,36.43230318968385,27.624999660936798,0.7857888511963305,10.254614145204128,0.7423623583775851,6.114346205947316,2,1,False,42
permABC-SMC,1663004.6838407496,145.56141312842627,1420206.0,124.30944681167603,0.5453059798460903,24.6195098816644,36.43230318968382,27.624999660936798,0.7857888511963305,10.254614145204128,0.7423623583775851,6.114346205947316,2,1,False,42
permABC-SMC,1664831.381733021,145.57890562597987,1421766.0,124.32438540458679,0.5453059798460903,24.6195098816644,36.43230318968385,27.624999660936798,0.7857888511963305,10.254614145204128,0.7423623583775851,6.114346205947316,2,1,False,42
permABC-SMC,1666658.0796252927,145.59642185371987,1423326.0,124.33934426307678,0.5453059798460903,24.6195098816644,36.43230318968382,27.624999660936798,0.7857888511963305,10.254614145204128,0.7423623583775851,6.114346205947316,2,1,False,42
permABC-SMC,1668484.7775175644,145.61396599932633,1424886.0,124.35432696342468,0.5453059798460903,24.6195098816644,36.43230318968385,27.624999660936798,0.7857888511963305,10.254614145204128,0.7423623583775851,6.114346205947316,2,1,False,42
permABC-SMC,1670311.475409836,145.63140684882706,1426446.0,124.36922144889832,0.5453059798460903,24.6195098816644,36.43230318968382,27.624999660936798,0.7857888511963305,10.254614145204128,0.7423623583775851,6.114346205947316,2,1,False,42
permABC-SMC,1672138.1733021077,145.64947864210856,1428006.0,124.38465476036072,0.5453059798460903,24.6195098816644,36.43230318968385,27.624999660936798,0.7857888511963305,10.254614145204128,0.7423623583775851,6.114346205947316,2,1,False,42
permABC-SMC,1670053.7383177571,145.32665198094378,1429566.0,124.39961409568787,0.5453059798460903,24.6195098816644,36.43230318968382,27.624999660936798,0.7857888511963305,10.254614145204128,0.7423623583775851,6.114346205947316,2,1,False,42
permABC-SMC,1660238.9791183295,144.33255549649903,1431126.0,124.41466283798218,0.5453059798460903,24.6195098816644,36.43230318968385,27.624999660936798,0.7857888511963305,10.254614145204128,0.7423623583775851,6.114346205947316,2,1,False,42
permABC-SMC,1662048.7238979118,144.34997000992988,1432686.0,124.42967414855957,0.5453059798460903,24.6195098816644,36.43230318968382,27.624999660936798,0.7857888511963305,10.254614145204128,0.7423623583775851,6.114346205947316,2,1,False,42
permABC-SMC,1663858.4686774942,144.36738701264986,1434246.0,124.44468760490417,0.5453059798460903,24.6195098816644,36.43230318968385,27.624999660936798,0.7857888511963305,10.254614145204128,0.7423623583775851,6.114346205947316,2,1,False,42
permABC-SMC,1661812.5,144.05065416185946,1435806.0,124.45976519584656,0.5453059798460903,24.6195098816644,36.43230318968382,27.624999660936798,0.7857888511963305,10.254614145204128,0.7423623583775851,6.114346205947316,2,1,False,42
permABC-SMC,1663618.0555555557,144.06800435649026,1437366.0,124.47475576400757,0.5453059798460903,24.6195098816644,36.43230318968385,27.624999660936798,0.7857888511963305,10.254614145204128,0.7423623583775851,6.114346205947316,2,1,False,42
permABC-SMC,1661577.3672055427,143.7525462884,1438926.0,124.4897050857544,0.5453059798460903,24.6195098816644,36.43230318968382,27.624999660936798,0.7857888511963305,10.254614145204128,0.7423623583775851,6.114346205947316,2,1,False,42
permABC-SMC,1663378.7528868362,143.76981318960563,1440486.0,124.50465822219849,0.5453059798460903,24.6195098816644,36.43230318968385,27.624999660936798,0.7857888511963305,10.254614145204128,0.7423623583775851,6.114346205947316,2,1,False,42
permABC-SMC,1657524.1379310344,143.12597800945414,1442046.0,124.5196008682251,0.5453059798460903,24.6195098816644,36.43230318968382,27.624999660936798,0.7857888511963305,10.254614145204128,0.7423623583775851,6.114346205947316,2,1,False,42
permABC-SMC,1659317.2413793104,143.1434973903086,1443606.0,124.53484272956848,0.5453059798460903,24.6195098816644,36.43230318968385,27.624999660936798,0.7857888511963305,10.254614145204128,0.7423623583775851,6.114346205947316,2,1,False,42
permABC-SMC,1661110.3448275863,143.1608624841975,1445166.0,124.54995036125183,0.5453059798460903,24.6195098816644,36.43230318968382,27.624999660936798,0.7857888511963305,10.254614145204128,0.7423623583775851,6.114346205947316,2,1,False,42
permABC-SMC,1659089.4495412845,142.84989976008004,1446726.0,124.5651125907898,0.5453059798460903,24.6195098816644,36.43230318968385,27.624999660936798,0.7857888511963305,10.254614145204128,0.7423623583775851,6.114346205947316,2,1,False,42
permABC-SMC,1660878.4403669725,142.86722830676158,1448286.0,124.5802230834961,0.5453059798460903,24.6195098816644,36.43230318968382,27.624999660936798,0.7857888511963305,10.254614145204128,0.7423623583775851,6.114346205947316,2,1,False,42
permABC-SMC,1662667.4311926607,142.88447728944482,1449846.0,124.59526419639587,0.5453059798460903,24.6195098816644,36.43230318968385,27.624999660936798,0.7857888511963305,10.254614145204128,0.7423623583775851,6.114346205947316,2,1,False,42
permABC-SMC,1660647.5972540046,142.57470121099965,1451406.0,124.6102888584137,0.5453059798460903,24.6195098816644,36.43230318968382,27.624999660936798,0.7857888511963305,10.254614145204128,0.7423623583775851,6.114346205947316,2,1,False,42
permABC-SMC,1662432.4942791762,142.59196118850184,1452966.0,124.62537407875061,0.5453059798460903,24.6195098816644,36.43230318968385,27.624999660936798,0.7857888511963305,10.254614145204128,0.7423623583775851,6.114346205947316,2,1,False,42
permABC-SMC,1656635.535307517,141.95954663878422,1454526.0,124.64048194885254,0.5453059798460903,24.6195098816644,36.43230318968382,27.624999660936798,0.7857888511963305,10.254614145204128,0.7423623583775851,6.114346205947316,2,1,False,42
permABC-SMC,1658412.3006833713,141.97670707398504,1456086.0,124.65554881095886,0.5453059798460903,24.6195098816644,36.43230318968385,27.624999660936798,0.7857888511963305,10.254614145204128,0.7423623583775851,6.114346205947316,2,1,False,42
permABC-SMC,1656415.909090909,141.67115769603038,1457646.0,124.67061877250671,0.5453059798460903,24.6195098816644,36.43230318968382,27.624999660936798,0.7857888511963305,10.254614145204128,0.7423623583775851,6.114346205947316,2,1,False,42
permABC-SMC,1658188.6363636362,141.68828454884616,1459206.0,124.68569040298462,0.5453059798460903,24.6195098816644,36.43230318968385,27.624999660936798,0.7857888511963305,10.254614145204128,0.7423623583775851,6.114346205947316,2,1,False,42
permABC-SMC,1656197.2789115645,141.38404447205212,1460766.0,124.70072722434998,0.5453059798460903,24.6195098816644,36.43230318968382,27.624999660936798,0.7857888511963305,10.254614145204128,0.7423623583775851,6.114346205947316,2,1,False,42
permABC-SMC,1657965.9863945579,141.40118817353195,1462326.0,124.71584796905518,0.5453059798460903,24.6195098816644,36.43230318968385,27.624999660936798,0.7857888511963305,10.254614145204128,0.7423623583775851,6.114346205947316,2,1,False,42
permABC-SMC,1659734.693877551,141.418268621103,1463886.0,124.73091292381287,0.5453059798460903,24.6195098816644,36.43230318968382,27.624999660936798,0.7857888511963305,10.254614145204128,0.7423623583775851,6.114346205947316,2,1,False,42
permABC-SMC,1654002.2573363432,140.79682794704394,1465446.0,124.74598956108093,0.5453059798460903,24.6195098816644,36.43230318968385,27.624999660936798,0.7857888511963305,10.254614145204128,0.7423623583775851,6.114346205947316,2,1,False,42
permABC-SMC,1655762.979683973,140.81377100460145,1467006.0,124.7610011100769,0.5453059798460903,24.6195098816644,36.43230318968382,27.624999660936798,0.7857888511963305,10.254614145204128,0.7423623583775851,6.114346205947316,2,1,False,42
permABC-SMC,1653790.5405405406,140.51355622910162,1468566.0,124.77603793144226,0.5453059798460903,24.6195098816644,36.43230318968385,27.624999660936798,0.7857888511963305,10.254614145204128,0.7423623583775851,6.114346205947316,2,1,False,42
permABC-SMC,1655547.2972972973,140.530479920877,1470126.0,124.79106616973877,0.5453059798460903,24.6195098816644,36.43230318968382,27.624999660936798,0.7857888511963305,10.254614145204128,0.7423623583775851,6.114346205947316,2,1,False,42
permABC-SMC,1657304.054054054,140.54742025899458,1471686.0,124.80610918998718,0.5453059798460903,24.6195098816644,36.43230318968385,27.624999660936798,0.7857888511963305,10.254614145204128,0.7423623583775851,6.114346205947316,2,1,False,42
permABC-SMC,1659060.810810811,140.56433589608818,1473246.0,124.82113027572632,0.5453059798460903,24.6195098816644,36.43230318968382,27.624999660936798,0.7857888511963305,10.254614145204128,0.7423623583775851,6.114346205947316,2,1,False,42
permABC-SMC,1660817.5675675676,140.58130952689024,1474806.0,124.83620285987854,0.5453059798460903,24.6195098816644,36.43230318968385,27.624999660936798,0.7857888511963305,10.254614145204128,0.7423623583775851,6.114346205947316,2,1,False,42
permABC-SMC,1658838.202247191,140.2822933839948,1476366.0,124.85124111175537,0.5453059798460903,24.6195098816644,36.43230318968382,27.624999660936798,0.7857888511963305,10.254614145204128,0.7423623583775851,6.114346205947316,2,1,False,42
permABC-SMC,1656867.7130044843,139.9845887192696,1477926.0,124.8662531375885,0.5453059798460903,24.6195098816644,36.43230318968385,27.624999660936798,0.7857888511963305,10.254614145204128,0.7423623583775851,6.114346205947316,2,1,False,42
permABC-SMC,1658616.591928251,140.00144721146657,1479486.0,124.88129091262817,0.5453059798460903,24.6195098816644,36.43230318968382,27.624999660936798,0.7857888511963305,10.254614145204128,0.7423623583775851,6.114346205947316,2,1,False,42
permABC-SMC,1656651.0067114092,139.7050792472208,1481046.0,124.89634084701538,0.5453059798460903,24.6195098816644,36.43230318968385,27.624999660936798,0.7857888511963305,10.254614145204128,0.7423623583775851,6.114346205947316,2,1,False,42
permABC-SMC,1647340.0,138.79046731524997,1482606.0,124.91142058372498,0.5453059798460903,24.6195098816644,36.43230318968382,27.624999660936798,0.7857888511963305,10.254614145204128,0.7423623583775851,6.114346205947316,2,1,False,42
permABC-SMC,1645416.8514412418,138.49939818921482,1484166.0,124.92645716667175,0.5453059798460903,24.6195098816644,36.43230318968385,27.624999660936798,0.7857888511963305,10.254614145204128,0.7423623583775851,6.114346205947316,2,1,False,42
permABC-SMC,1647146.3414634147,138.51608246763107,1485726.0,124.94150638580322,0.5453059798460903,24.6195098816644,36.43230318968382,27.624999660936798,0.7857888511963305,10.254614145204128,0.7423623583775851,6.114346205947316,2,1,False,42
permABC-SMC,1648875.8314855876,138.53272656908055,1487286.0,124.95651936531067,0.5453059798460903,24.6195098816644,36.43230318968385,27.624999660936798,0.7857888511963305,10.254614145204128,0.7423623583775851,6.114346205947316,2,1,False,42
permABC-SMC,1650605.3215077603,138.54946397624892,1488846.0,124.97161650657654,0.5453059798460903,24.6195098816644,36.43230318968382,27.624999660936798,0.7857888511963305,10.254614145204128,0.7423623583775851,6.114346205947316,2,1,False,42
permABC-SMC,1652334.8115299335,138.56621169198112,1490406.0,124.98672294616699,0.5453059798460903,24.6195098816644,36.43230318968385,27.624999660936798,0.7857888511963305,10.254614145204128,0.7423623583775851,6.114346205947316,2,1,False,42
permABC-SMC,1654064.3015521064,138.58288354725636,1491966.0,125.00176095962524,0.5453059798460903,24.6195098816644,36.43230318968382,27.624999660936798,0.7857888511963305,10.254614145204128,0.7423623583775851,6.114346205947316,2,1,False,42
permABC-SMC,1655793.7915742793,138.59960033729703,1493526.0,125.01683950424194,0.5453059798460903,24.6195098816644,36.43230318968385,27.624999660936798,0.7857888511963305,10.254614145204128,0.7423623583775851,6.114346205947316,2,1,False,42
permABC-SMC,1657523.2815964522,138.6163200348814,1495086.0,125.03192067146301,0.5453059798460903,24.6195098816644,36.43230318968382,27.624999660936798,0.7857888511963305,10.254614145204128,0.7423623583775851,6.114346205947316,2,1,False,42
permABC-SMC,1655581.8584070797,138.32637509413524,1496646.0,125.04704308509827,0.5453059798460903,24.6195098816644,36.43230318968385,27.624999660936798,0.7857888511963305,10.254614145204128,0.7423623583775851,6.114346205947316,2,1,False,42
permABC-SMC,1657307.5221238937,138.34301059224964,1498206.0,125.06208157539368,0.5453059798460903,24.6195098816644,36.43230318968382,27.624999660936798,0.7857888511963305,10.254614145204128,0.7423623583775851,6.114346205947316,2,1,False,42
permABC-SMC,1659033.185840708,138.35968565096897,1499766.0,125.07715582847595,0.5453059798460903,24.6195098816644,36.43230318968385,27.624999660936798,0.7857888511963305,10.254614145204128,0.7423623583775851,6.114346205947316,2,1,False,42
permABC-SMC,1653442.731277533,137.76673882018102,1501326.0,125.09219884872437,0.5453059798460903,24.6195098816644,36.43230318968382,27.624999660936798,0.7857888511963305,10.254614145204128,0.7423623583775851,6.114346205947316,2,1,False,42
permABC-SMC,1651523.0769230768,137.48054871192343,1502886.0,125.10729932785034,0.5453059798460903,24.6195098816644,36.43230318968385,27.624999660936798,0.7857888511963305,10.254614145204128,0.7423623583775851,6.114346205947316,2,1,False,42
permABC-SMC,1653237.3626373627,137.49717539483376,1504446.0,125.1224296092987,0.5453059798460903,24.6195098816644,36.43230318968382,27.624999660936798,0.7857888511963305,10.254614145204128,0.7423623583775851,6.114346205947316,2,1,False,42
permABC-SMC,1654951.6483516484,137.51372269221716,1506006.0,125.1374876499176,0.5453059798460903,24.6195098816644,36.43230318968385,27.624999660936798,0.7857888511963305,10.254614145204128,0.7423623583775851,6.114346205947316,2,1,False,42
permABC-SMC,1653032.894736842,137.22868551287735,1507566.0,125.15256118774414,0.5453059798460903,24.6195098816644,36.43230318968382,27.624999660936798,0.7857888511963305,10.254614145204128,0.7423623583775851,6.114346205947316,2,1,False,42
permABC-SMC,1654743.4210526317,137.2452017508055,1509126.0,125.16762399673462,0.5453059798460903,24.6195098816644,36.43230318968385,27.624999660936798,0.7857888511963305,10.254614145204128,0.7423623583775851,6.114346205947316,2,1,False,42
permABC-SMC,1656453.9473684211,137.26172844568887,1510686.0,125.18269634246826,0.5453059798460903,24.6195098816644,36.43230318968382,27.624999660936798,0.7857888511963305,10.254614145204128,0.7423623583775851,6.114346205947316,2,1,False,42
permABC-SMC,1658164.4736842106,137.27821540414243,1512246.0,125.19773244857788,0.5453059798460903,24.6195098816644,36.43230318968385,27.624999660936798,0.7857888511963305,10.254614145204128,0.7423623583775851,6.114346205947316,2,1,False,42
permABC-SMC,1659875.0,137.29470105547654,1513806.0,125.2127673625946,0.5453059798460903,24.6195098816644,36.43230318968382,27.624999660936798,0.7857888511963305,10.254614145204128,0.7423623583775851,6.114346205947316,2,1,False,42
permABC-SMC,1657949.671772429,137.01068937648049,1515366.0,125.22777009010315,0.5453059798460903,24.6195098816644,36.43230318968385,27.624999660936798,0.7857888511963305,10.254614145204128,0.7423623583775851,6.114346205947316,2,1,False,42
permABC-SMC,1652424.8366013071,136.4301466474346,1516926.0,125.24287462234497,0.5453059798460903,24.6195098816644,36.43230318968382,27.624999660936798,0.7857888511963305,10.254614145204128,0.7423623583775851,6.114346205947316,2,1,False,42
permABC-SMC,1654124.183006536,136.4465393531816,1518486.0,125.2579231262207,0.5453059798460903,24.6195098816644,36.43230318968385,27.624999660936798,0.7857888511963305,10.254614145204128,0.7423623583775851,6.114346205947316,2,1,False,42
permABC-SMC,1655823.5294117646,136.46295906931226,1520046.0,125.27299642562866,0.5453059798460903,24.6195098816644,36.43230318968382,27.624999660936798,0.7857888511963305,10.254614145204128,0.7423623583775851,6.114346205947316,2,1,False,42
permABC-SMC,1653919.5652173911,136.18265390396118,1521606.0,125.28804159164429,0.5453059798460903,24.6195098816644,36.43230318968385,27.624999660936798,0.7857888511963305,10.254614145204128,0.7423623583775851,6.114346205947316,2,1,False,42
permABC-SMC,1655615.2173913044,136.19897495145383,1523166.0,125.30305695533752,0.5453059798460903,24.6195098816644,36.43230318968382,27.624999660936798,0.7857888511963305,10.254614145204128,0.7423623583775851,6.114346205947316,2,1,False,42
permABC-SMC,1653715.8351409978,135.91988381491308,1524726.0,125.31813287734985,0.5453059798460903,24.6195098816644,36.43230318968385,27.624999660936798,0.7857888511963305,10.254614145204128,0.7423623583775851,6.114346205947316,2,1,False,42
permABC-SMC,1655407.8091106291,135.9362589304463,1526286.0,125.33323073387146,0.5453059798460903,24.6195098816644,36.43230318968382,27.624999660936798,0.7857888511963305,10.254614145204128,0.7423623583775851,6.114346205947316,2,1,False,42
permABC-SMC,1657099.7830802603,135.95271265687757,1527846.0,125.34840106964111,0.5453059798460903,24.6195098816644,36.43230318968385,27.624999660936798,0.7857888511963305,10.254614145204128,0.7423623583775851,6.114346205947316,2,1,False,42
permABC-SMC,1655201.298701299,135.6748445725544,1529406.0,125.36355638504028,0.5453059798460903,24.6195098816644,36.43230318968382,27.624999660936798,0.7857888511963305,10.254614145204128,0.7423623583775851,6.114346205947316,2,1,False,42
permABC-SMC,1656889.6103896105,135.6915214877108,1530966.0,125.37896585464478,0.5453059798460903,24.6195098816644,36.43230318968385,27.624999660936798,0.7857888511963305,10.254614145204128,0.7423623583775851,6.114346205947316,2,1,False,42
permABC-SMC,1658577.9220779222,135.7077695590593,1532526.0,125.3939790725708,0.5453059798460903,24.6195098816644,36.43230318968382,27.624999660936798,0.7857888511963305,10.254614145204128,0.7423623583775851,6.114346205947316,2,1,False,42
permABC-SMC,1660266.2337662335,135.72412755066182,1534086.0,125.40909385681152,0.5453059798460903,24.6195098816644,36.43230318968385,27.624999660936798,0.7857888511963305,10.254614145204128,0.7423623583775851,6.114346205947316,2,1,False,42
permABC-SMC,1658365.0107991362,135.44733709701967,1535646.0,125.42423415184021,0.5453059798460903,24.6195098816644,36.43230318968382,27.624999660936798,0.7857888511963305,10.254614145204128,0.7423623583775851,6.114346205947316,2,1,False,42
permABC-SMC,1656471.9827586208,135.17182885572828,1537206.0,125.43945717811584,0.5453059798460903,24.6195098816644,36.43230318968385,27.624999660936798,0.7857888511963305,10.254614145204128,0.7423623583775851,6.114346205947316,2,1,False,42
permABC-SMC,1658153.0172413792,135.18810837433256,1538766.0,125.45456457138062,0.5453059798460903,24.6195098816644,36.43230318968382,27.624999660936798,0.7857888511963305,10.254614145204128,0.7423623583775851,6.114346205947316,2,1,False,42
permABC-SMC,1656264.5161290322,134.91361859024212,1540326.0,125.46966528892517,0.5453059798460903,24.6195098816644,36.43230318968385,27.624999660936798,0.7857888511963305,10.254614145204128,0.7423623583775851,6.114346205947316,2,1,False,42
permABC-SMC,1657941.935483871,134.92975132439727,1541886.0,125.48466873168945,0.5453059798460903,24.6195098816644,36.43230318968382,27.624999660936798,0.7857888511963305,10.254614145204128,0.7423623583775851,6.114346205947316,2,1,False,42
permABC-SMC,1656057.9399141632,134.6563461512455,1543446.0,125.49971461296082,0.5453059798460903,24.6195098816644,36.43230318968385,27.624999660936798,0.7857888511963305,10.254614145204128,0.7423623583775851,6.114346205947316,2,1,False,42
permABC-SMC,1657731.7596566523,134.67250310300247,1545006.0,125.51477289199829,0.5453059798460903,24.6195098816644,36.43230318968382,27.624999660936798,0.7857888511963305,10.254614145204128,0.7423623583775851,6.114346205947316,2,1,False,42
permABC-SMC,1659405.5793991417,134.68868026405957,1546566.0,125.52985000610352,0.5453059798460903,24.6195098816644,36.43230318968385,27.624999660936798,0.7857888511963305,10.254614145204128,0.7423623583775851,6.114346205947316,2,1,False,42
permABC-SMC,1661079.3991416309,134.70487763441682,1548126.0,125.54494595527649,0.5453059798460903,24.6195098816644,36.43230318968382,27.624999660936798,0.7857888511963305,10.254614145204128,0.7423623583775851,6.114346205947316,2,1,False,42
permABC-SMC,1662753.21888412,134.72107270244877,1549686.0,125.56003975868225,0.5453059798460903,24.6195098816644,36.43230318968385,27.624999660936798,0.7857888511963305,10.254614145204128,0.7423623583775851,6.114346205947316,2,1,False,42
permABC-SMC,1660862.95503212,134.44874245809027,1551246.0,125.57512545585632,0.5453059798460903,24.6195098816644,36.43230318968382,27.624999660936798,0.7857888511963305,10.254614145204128,0.7423623583775851,6.114346205947316,2,1,False,42
permABC-SMC,1662533.1905781585,134.4648783416258,1552806.0,125.59019637107849,0.5453059798460903,24.6195098816644,36.43230318968385,27.624999660936798,0.7857888511963305,10.254614145204128,0.7423623583775851,6.114346205947316,2,1,False,42
permABC-SMC,1664203.426124197,134.48107446797144,1554366.0,125.60532355308533,0.5453059798460903,24.6195098816644,36.43230318968382,27.624999660936798,0.7857888511963305,10.254614145204128,0.7423623583775851,6.114346205947316,2,1,False,42
permABC-SMC,1665873.6616702357,134.49717180631913,1555926.0,125.62035846710205,0.5453059798460903,24.6195098816644,36.43230318968385,27.624999660936798,0.7857888511963305,10.254614145204128,0.7423623583775851,6.114346205947316,2,1,False,42
permABC-SMC,1667543.897216274,134.51335236142995,1557486.0,125.63547110557556,0.5453059798460903,24.6195098816644,36.43230318968382,27.624999660936798,0.7857888511963305,10.254614145204128,0.7423623583775851,6.114346205947316,2,1,False,42
permABC-SMC,1669214.1327623127,134.52946246308483,1559046.0,125.65051794052124,0.5453059798460903,24.6195098816644,36.43230318968385,27.624999660936798,0.7857888511963305,10.254614145204128,0.7423623583775851,6.114346205947316,2,1,False,42
permABC-SMC,1670884.3683083511,134.5455728200059,1560606.0,125.6655650138855,0.5453059798460903,24.6195098816644,36.43230318968382,27.624999660936798,0.7857888511963305,10.254614145204128,0.7423623583775851,6.114346205947316,2,1,False,42
permABC-SMC,1668980.7692307692,134.2742769127218,1562166.0,125.68072319030762,0.5453059798460903,24.6195098816644,36.43230318968385,27.624999660936798,0.7857888511963305,10.254614145204128,0.7423623583775851,6.114346205947316,2,1,False,42
permABC-SMC,1670647.4358974358,134.29050924431564,1563726.0,125.69591665267944,0.5453059798460903,24.6195098816644,36.43230318968382,27.624999660936798,0.7857888511963305,10.254614145204128,0.7423623583775851,6.114346205947316,2,1,False,42
permABC-SMC,1672314.1025641025,134.30667916933695,1565286.0,125.71105170249939,0.5453059798460903,24.6195098816644,36.43230318968385,27.624999660936798,0.7857888511963305,10.254614145204128,0.7423623583775851,6.114346205947316,2,1,False,42
permABC-SMC,1673980.7692307692,134.32284680187192,1566846.0,125.72618460655212,0.5453059798460903,24.6195098816644,36.43230318968382,27.624999660936798,0.7857888511963305,10.254614145204128,0.7423623583775851,6.114346205947316,2,1,False,42
permABC-SMC,1672074.6268656717,134.0526487273194,1568406.0,125.74138450622559,0.5453059798460903,24.6195098816644,36.43230318968385,27.624999660936798,0.7857888511963305,10.254614145204128,0.7423623583775851,6.114346205947316,2,1,False,42
permABC-SMC,1673737.7398720682,134.06872291808952,1569966.0,125.75646209716797,0.5453059798460903,24.6195098816644,36.43230318968382,27.624999660936798,0.7857888511963305,10.254614145204128,0.7423623583775851,6.114346205947316,2,1,False,42
permABC-SMC,1675400.8528784649,134.08481439293573,1571526.0,125.77155590057373,0.5453059798460903,24.6195098816644,36.43230318968385,27.624999660936798,0.7857888511963305,10.254614145204128,0.7423623583775851,6.114346205947316,2,1,False,42
permABC-SMC,1677063.9658848613,134.1009495863274,1573086.0,125.7866907119751,0.5453059798460903,24.6195098816644,36.43230318968382,27.624999660936798,0.7857888511963305,10.254614145204128,0.7423623583775851,6.114346205947316,2,1,False,42
permABC-SMC,1678727.078891258,134.11705809107212,1574646.0,125.80180048942566,0.5453059798460903,24.6195098816644,36.43230318968385,27.624999660936798,0.7857888511963305,10.254614145204128,0.7423623583775851,6.114346205947316,2,1,False,42
permABC-SMC,1680390.1918976547,134.13315515782534,1576206.0,125.81689953804016,0.5453059798460903,24.6195098816644,36.43230318968382,27.624999660936798,0.7857888511963305,10.254614145204128,0.7423623583775851,6.114346205947316,2,1,False,42
permABC-SMC,1682053.3049040511,134.14935287890404,1577766.0,125.83209300041199,0.5453059798460903,24.6195098816644,36.43230318968385,27.624999660936798,0.7857888511963305,10.254614145204128,0.7423623583775851,6.114346205947316,2,1,False,42
permABC-SMC,1683716.4179104478,134.16556076708633,1579326.0,125.84729599952698,0.5453059798460903,24.6195098816644,36.43230318968382,27.624999660936798,0.7857888511963305,10.254614145204128,0.7423623583775851,6.114346205947316,2,1,False,42
permABC-SMC,1681793.6170212766,133.89624230405119,1580886.0,125.8624677658081,0.5453059798460903,24.6195098816644,36.43230318968385,27.624999660936798,0.7857888511963305,10.254614145204128,0.7423623583775851,6.114346205947316,2,1,False,42
permABC-SMC,1679878.9808917197,133.62800163827885,1582446.0,125.87757754325867,0.5453059798460903,24.6195098816644,36.43230318968382,27.624999660936798,0.7857888511963305,10.254614145204128,0.7423623583775851,6.114346205947316,2,1,False,42
permABC-SMC,1677972.4576271188,133.36091425459264,1584006.0,125.89270305633545,0.5453059798460903,24.6195098816644,36.43230318968385,27.624999660936798,0.7857888511963305,10.254614145204128,0.7423623583775851,6.114346205947316,2,1,False,42
permABC-SMC,1676073.9957716702,133.0949269691935,1585566.0,125.90780091285706,0.5453059798460903,24.6195098816644,36.43230318968382,27.624999660936798,0.7857888511963305,10.254614145204128,0.7423623583775851,6.114346205947316,2,1,False,42
permABC-SMC,1677723.0443974629,133.11097586633792,1587126.0,125.92298316955566,0.5453059798460903,24.6195098816644,36.43230318968385,27.624999660936798,0.7857888511963305,10.254614145204128,0.7423623583775851,6.114346205947316,2,1,False,42
permABC-SMC,1675829.1139240507,132.846132863926,1588686.0,125.93813395500183,0.5453059798460903,24.6195098816644,36.43230318968382,27.624999660936798,0.7857888511963305,10.254614145204128,0.7423623583775851,6.114346205947316,2,1,False,42
permABC-SMC,1677474.6835443038,132.86204151966402,1590246.0,125.95321536064148,0.5453059798460903,24.6195098816644,36.43230318968385,27.624999660936798,0.7857888511963305,10.254614145204128,0.7423623583775851,6.114346205947316,2,1,False,42
permABC-SMC,1679120.253164557,132.8788339337216,1591806.0,125.96913456916809,0.5453059798460903,24.6195098816644,36.43230318968382,27.624999660936798,0.7857888511963305,10.254614145204128,0.7423623583775851,6.114346205947316,2,1,False,42
permABC-SMC,1677227.3684210526,132.61491273578847,1593366.0,125.98416709899902,0.5453059798460903,24.6195098816644,36.43230318968385,27.624999660936798,0.7857888511963305,10.254614145204128,0.7423623583775851,6.114346205947316,2,1,False,42
permABC-SMC,1678869.4736842106,132.6308990779676,1594926.0,125.99935412406921,0.5453059798460903,24.6195098816644,36.43230318968382,27.624999660936798,0.7857888511963305,10.254614145204128,0.7423623583775851,6.114346205947316,2,1,False,42
permABC-SMC,1680511.5789473685,132.64682819968777,1596486.0,126.01448678970337,0.5453059798460903,24.6195098816644,36.43230318968385,27.624999660936798,0.7857888511963305,10.254614145204128,0.7423623583775851,6.114346205947316,2,1,False,42
permABC-SMC,1682153.6842105263,132.66309186031944,1598046.0,126.02993726730347,0.5453059798460903,24.6195098816644,36.43230318968382,27.624999660936798,0.7857888511963305,10.254614145204128,0.7423623583775851,6.114346205947316,2,1,False,42
permABC-SMC,1683795.7894736843,132.67893464941727,1599606.0,126.04498791694641,0.5453059798460903,24.6195098816644,36.43230318968385,27.624999660936798,0.7857888511963305,10.254614145204128,0.7423623583775851,6.114346205947316,2,1,False,42
permABC-SMC,1685437.894736842,132.69483792154412,1601166.0,126.06009602546692,0.5453059798460903,24.6195098816644,36.43230318968382,27.624999660936798,0.7857888511963305,10.254614145204128,0.7423623583775851,6.114346205947316,2,1,False,42
permABC-SMC,1683535.7142857143,132.43198620171106,1602726.0,126.07525086402893,0.5453059798460903,24.6195098816644,36.43230318968385,27.624999660936798,0.7857888511963305,10.254614145204128,0.7423623583775851,6.114346205947316,2,1,False,42
permABC-SMC,1685174.3697478992,132.4478049739068,1604286.0,126.0903103351593,0.5453059798460903,24.6195098816644,36.43230318968382,27.624999660936798,0.7857888511963305,10.254614145204128,0.7423623583775851,6.114346205947316,2,1,False,42
permABC-SMC,1686813.0252100842,132.4635911889437,1605846.0,126.10533881187439,0.5453059798460903,24.6195098816644,36.43230318968385,27.624999660936798,0.7857888511963305,10.254614145204128,0.7423623583775851,6.114346205947316,2,1,False,42
permABC-SMC,1684911.9496855347,132.20176032004366,1607406.0,126.12047934532166,0.5453059798460903,24.6195098816644,36.43230318968382,27.624999660936798,0.7857888511963305,10.254614145204128,0.7423623583775851,6.114346205947316,2,1,False,42
permABC-SMC,1683018.8284518828,131.941015002119,1608966.0,126.13561034202576,0.5453059798460903,24.6195098816644,36.43230318968385,27.624999660936798,0.7857888511963305,10.254614145204128,0.7423623583775851,6.114346205947316,2,1,False,42
permABC-SMC,1684650.6276150628,131.95681397386176,1610526.0,126.15071415901184,0.5453059798460903,24.6195098816644,36.43230318968382,27.624999660936798,0.7857888511963305,10.254614145204128,0.7423623583775851,6.114346205947316,2,1,False,42
permABC-SMC,1686282.4267782427,131.97256157088978,1612086.0,126.16576886177063,0.5453059798460903,24.6195098816644,36.43230318968385,27.624999660936798,0.7857888511963305,10.254614145204128,0.7423623583775851,6.114346205947316,2,1,False,42
permABC-SMC,1684390.3966597077,131.7128261594036,1613646.0,126.18088746070862,0.5453059798460903,24.6195098816644,36.43230318968382,27.624999660936798,0.7857888511963305,10.254614145204128,0.7423623583775851,6.114346205947316,2,1,False,42
permABC-SMC,1686018.78914405,131.7285943877473,1615206.0,126.19599342346191,0.5453059798460903,24.6195098816644,36.43230318968385,27.624999660936798,0.7857888511963305,10.254614145204128,0.7423623583775851,6.114346205947316,2,1,False,42
permABC-SMC,1684131.25,131.46985173225403,1616766.0,126.21105766296387,0.5453059798460903,24.6195098816644,36.43230318968382,27.624999660936798,0.7857888511963305,10.254614145204128,0.7423623583775851,6.114346205947316,2,1,False,42
permABC-SMC,1682251.5592515592,131.21219112570716,1618326.0,126.2261278629303,0.5453059798460903,24.6195098816644,36.43230318968385,27.624999660936798,0.7857888511963305,10.254614145204128,0.7423623583775851,6.114346205947316,2,1,False,42
permABC-SMC,1683873.180873181,131.2279081642008,1619886.0,126.24124765396118,0.5453059798460903,24.6195098816644,36.43230318968382,27.624999660936798,0.7857888511963305,10.254614145204128,0.7423623583775851,6.114346205947316,2,1,False,42
permABC-SMC,1685494.8024948025,131.24356572196785,1621446.0,126.25631022453308,0.5453059798460903,24.6195098816644,36.43230318968385,27.624999660936798,0.7857888511963305,10.254614145204128,0.7423623583775851,6.114346205947316,2,1,False,42
permABC-SMC,1683616.1825726142,130.98691360584434,1623006.0,126.27138471603394,0.5453059798460903,24.6195098816644,36.43230318968382,27.624999660936798,0.7857888511963305,10.254614145204128,0.7423623583775851,6.114346205947316,2,1,False,42
permABC-SMC,1685234.439834025,131.00261089712754,1624566.0,126.28651690483093,0.5453059798460903,24.6195098816644,36.43230318968385,27.624999660936798,0.7857888511963305,10.254614145204128,0.7423623583775851,6.114346205947316,2,1,False,42
permABC-SMC,1686852.6970954356,131.01827875707158,1626126.0,126.30162072181702,0.5453059798460903,24.6195098816644,36.43230318968382,27.624999660936798,0.7857888511963305,10.254614145204128,0.7423623583775851,6.114346205947316,2,1,False,42
permABC-SMC,1688470.9543568464,131.03389962580195,1627686.0,126.31667923927307,0.5453059798460903,24.6195098816644,36.43230318968385,27.624999660936798,0.7857888511963305,10.254614145204128,0.7423623583775851,6.114346205947316,2,1,False,42
permABC-SMC,1686590.0621118012,130.77826480194153,1629246.0,126.33180379867554,0.5453059798460903,24.6195098816644,36.43230318968382,27.624999660936798,0.7857888511963305,10.254614145204128,0.7423623583775851,6.114346205947316,2,1,False,42
permABC-SMC,1684716.9421487604,130.5237129207485,1630806.0,126.34695410728455,0.5453059798460903,24.6195098816644,36.43230318968385,27.624999660936798,0.7857888511963305,10.254614145204128,0.7423623583775851,6.114346205947316,2,1,False,42
permABC-SMC,1686328.5123966942,130.5392298324049,1632366.0,126.36197447776794,0.5453059798460903,24.6195098816644,36.43230318968382,27.624999660936798,0.7857888511963305,10.254614145204128,0.7423623583775851,6.114346205947316,2,1,False,42
permABC-SMC,1687940.0826446281,130.55512629264643,1633926.0,126.37736225128174,0.5453059798460903,24.6195098816644,36.43230318968385,27.624999660936798,0.7857888511963305,10.254614145204128,0.7423623583775851,6.114346205947316,2,1,False,42
permABC-SMC,1689551.652892562,130.5707833491081,1635486.0,126.39251828193665,0.5453059798460903,24.6195098816644,36.43230318968382,27.624999660936798,0.7857888511963305,10.254614145204128,0.7423623583775851,6.114346205947316,2,1,False,42
permABC-SMC,1691163.2231404958,130.58639040663223,1637046.0,126.40762591362,0.5453059798460903,24.6195098816644,36.43230318968385,27.624999660936798,0.7857888511963305,10.254614145204128,0.7423623583775851,6.114346205947316,2,1,False,42
permABC-SMC,1689284.5360824743,130.33267173570457,1638606.0,126.42269158363342,0.5453059798460903,24.6195098816644,36.43230318968382,27.624999660936798,0.7857888511963305,10.254614145204128,0.7423623583775851,6.114346205947316,2,1,False,42
permABC-SMC,1687413.5802469137,130.0801389501909,1640166.0,126.43789505958557,0.5453059798460903,24.6195098816644,36.43230318968385,27.624999660936798,0.7857888511963305,10.254614145204128,0.7423623583775851,6.114346205947316,2,1,False,42
permABC-SMC,1685550.3080082135,129.82854975322434,1641726.0,126.4530074596405,0.5453059798460903,24.6195098816644,36.43230318968382,27.624999660936798,0.7857888511963305,10.254614145204128,0.7423623583775851,6.114346205947316,2,1,False,42
permABC-SMC,1683694.6721311477,129.57797504839348,1643286.0,126.46810364723206,0.5453059798460903,24.6195098816644,36.43230318968385,27.624999660936798,0.7857888511963305,10.254614145204128,0.7423623583775851,6.114346205947316,2,1,False,42
permABC-SMC,1681846.625766871,129.32844615421413,1644846.0,126.48322033882141,0.5453059798460903,24.6195098816644,36.43230318968382,27.624999660936798,0.7857888511963305,10.254614145204128,0.7423623583775851,6.114346205947316,2,1,False,42
permABC-SMC,1680006.1224489796,129.0800853651397,1646406.0,126.49848365783691,0.5453059798460903,24.6195098816644,36.43230318968385,27.624999660936798,0.7857888511963305,10.254614145204128,0.7423623583775851,6.114346205947316,2,1,False,42
permABC-SMC,1681597.9591836736,129.09567915663428,1647966.0,126.51376557350159,0.5453059798460903,24.6195098816644,36.43230318968382,27.624999660936798,0.7857888511963305,10.254614145204128,0.7423623583775851,6.114346205947316,2,1,False,42
permABC-SMC,1683189.7959183673,129.11108878194068,1649526.0,126.52886700630188,0.5453059798460903,24.6195098816644,36.43230318968385,27.624999660936798,0.7857888511963305,10.254614145204128,0.7423623583775851,6.114346205947316,2,1,False,42
permABC-SMC,1684781.6326530613,129.12650789533342,1651086.0,126.54397773742676,0.5453059798460903,24.6195098816644,36.43230318968382,27.624999660936798,0.7857888511963305,10.254614145204128,0.7423623583775851,6.114346205947316,2,1,False,42
permABC-SMC,1686373.469387755,129.1419177639241,1652646.0,126.55907940864563,0.5453059798460903,24.6195098816644,36.43230318968385,27.624999660936798,0.7857888511963305,10.254614145204128,0.7423623583775851,6.114346205947316,2,1,False,42
permABC-SMC,1687965.306122449,129.1574950120887,1654206.0,126.57434511184692,0.5453059798460903,24.6195098816644,36.43230318968382,27.624999660936798,0.7857888511963305,10.254614145204128,0.7423623583775851,6.114346205947316,2,1,False,42
permABC-SMC,1689557.142857143,129.17292264043067,1655766.0,126.58946418762207,0.5453059798460903,24.6195098816644,36.43230318968385,27.624999660936798,0.7857888511963305,10.254614145204128,0.7423623583775851,6.114346205947316,2,1,False,42
permABC-SMC,1691148.9795918367,129.18830550446802,1657326.0,126.60453939437866,0.5453059798460903,24.6195098816644,36.43230318968382,27.624999660936798,0.7857888511963305,10.254614145204128,0.7423623583775851,6.114346205947316,2,1,False,42
permABC-SMC,1689293.2790224033,128.94070294141284,1658886.0,126.61977028846741,0.5453059798460903,24.6195098816644,36.43230318968385,27.624999660936798,0.7857888511963305,10.254614145204128,0.7423623583775851,6.114346205947316,2,1,False,42
permABC-SMC,1690881.8737270876,128.9561569326521,1660446.0,126.63494610786438,0.5453059798460903,24.6195098816644,36.43230318968382,27.624999660936798,0.7857888511963305,10.254614145204128,0.7423623583775851,6.114346205947316,2,1,False,42
permABC-SMC,1692470.468431772,128.97163423161402,1662006.0,126.65014481544495,0.5453059798460903,24.6195098816644,36.43230318968385,27.624999660936798,0.7857888511963305,10.254614145204128,0.7423623583775851,6.114346205947316,2,1,False,42
permABC-SMC,1694059.0631364563,128.9870989055595,1663566.0,126.6653311252594,0.5453059798460903,24.6195098816644,36.43230318968382,27.624999660936798,0.7857888511963305,10.254614145204128,0.7423623583775851,6.114346205947316,2,1,False,42
permABC-SMC,1685350.2024291498,128.21902437248696,1665126.0,126.68039608001709,0.5453059798460903,24.6195098816644,36.43230318968385,27.624999660936798,0.7857888511963305,10.254614145204128,0.7423623583775851,6.114346205947316,2,1,False,42
permABC-SMC,1686929.1497975707,128.23428798783647,1666686.0,126.69547653198242,0.5453059798460903,24.6195098816644,36.43230318968382,27.624999660936798,0.7857888511963305,10.254614145204128,0.7423623583775851,6.114346205947316,2,1,False,42
permABC-SMC,1688508.097165992,128.249632684808,1668246.0,126.71063709259033,0.5453059798460903,24.6195098816644,36.43230318968385,27.624999660936798,0.7857888511963305,10.254614145204128,0.7423623583775851,6.114346205947316,2,1,False,42
permABC-SMC,1690087.0445344131,128.2648608269479,1669806.0,126.72568249702454,0.5453059798460903,24.6195098816644,36.43230318968382,27.624999660936798,0.7857888511963305,10.254614145204128,0.7423623583775851,6.114346205947316,2,1,False,42
permABC-SMC,1684844.7580645161,127.7629901324549,1671366.0,126.74088621139526,0.5453059798460903,24.6195098816644,36.43230318968385,27.624999660936798,0.7857888511963305,10.254614145204128,0.7423623583775851,6.114346205947316,2,1,False,42
permABC-SMC,1683024.1448692153,127.5211356775142,1672926.0,126.7560088634491,0.5453059798460903,24.6195098816644,36.43230318968382,27.624999660936798,0.7857888511963305,10.254614145204128,0.7423623583775851,6.114346205947316,2,1,False,42
permABC-SMC,1684593.5613682093,127.53637144023503,1674486.0,126.77115321159363,0.5453059798460903,24.6195098816644,36.43230318968385,27.624999660936798,0.7857888511963305,10.254614145204128,0.7423623583775851,6.114346205947316,2,1,False,42
permABC-SMC,1686162.977867203,127.55151989474383,1676046.0,126.78621077537537,0.5453059798460903,24.6195098816644,36.43230318968382,27.624999660936798,0.7857888511963305,10.254614145204128,0.7423623583775851,6.114346205947316,2,1,False,42
permABC-SMC,1684343.3734939757,127.31051756196233,1677606.0,126.80127549171448,0.5453059798460903,24.6195098816644,36.43230318968385,27.624999660936798,0.7857888511963305,10.254614145204128,0.7423623583775851,6.114346205947316,2,1,False,42
permABC-SMC,1682531.0621242486,127.07053539987079,1679166.0,126.81639432907104,0.5453059798460903,24.6195098816644,36.43230318968382,27.624999660936798,0.7857888511963305,10.254614145204128,0.7423623583775851,6.114346205947316,2,1,False,42
permABC-SMC,1680726.0,126.83156061172485,1680726.0,126.83156061172485,0.5453059798460903,24.6195098816644,36.43230318968385,27.624999660936798,0.7857888511963305,10.254614145204128,0.7423623583775851,6.114346205947316,2,1,False,42
permABC-SMC,1682286.0,126.84670352935792,1682286.0,126.84670352935791,0.5453059798460903,24.6195098816644,36.43230318968382,27.624999660936798,0.7857888511963305,10.254614145204128,0.7423623583775851,6.114346205947316,2,1,False,42
permABC-SMC,1683846.0,126.86184096336365,1683846.0,126.86184096336365,0.5453059798460903,24.6195098816644,36.43230318968385,27.624999660936798,0.7857888511963305,10.254614145204128,0.7423623583775851,6.114346205947316,2,1,False,42
permABC-SMC,1685406.0,126.87697434425354,1685406.0,126.87697434425354,0.5453059798460903,24.6195098816644,36.43230318968382,27.624999660936798,0.7857888511963305,10.254614145204128,0.7423623583775851,6.114346205947316,2,1,False,42
permABC-SMC,1686966.0,126.89206171035767,1686966.0,126.89206171035767,0.5453059798460903,24.6195098816644,36.43230318968385,27.624999660936798,0.7857888511963305,10.254614145204128,0.7423623583775851,6.114346205947316,2,1,False,42
permABC-SMC,1688526.0,126.9071295261383,1688526.0,126.9071295261383,0.5453059798460903,24.6195098816644,36.43230318968382,27.624999660936798,0.7857888511963305,10.254614145204128,0.7423623583775851,6.114346205947316,2,1,False,42
permABC-SMC,1690086.0,126.9223256111145,1690086.0,126.9223256111145,0.5453059798460903,24.6195098816644,36.43230318968385,27.624999660936798,0.7857888511963305,10.254614145204128,0.7423623583775851,6.114346205947316,2,1,False,42
permABC-SMC,1688269.4610778443,126.68411841173611,1691646.0,126.93748664855957,0.5453059798460903,24.6195098816644,36.43230318968382,27.624999660936798,0.7857888511963305,10.254614145204128,0.7423623583775851,6.114346205947316,2,1,False,42
permABC-SMC,1689826.3473053891,126.69915829352038,1693206.0,126.95255661010742,0.5453059798460903,24.6195098816644,36.43230318968385,27.624999660936798,0.7857888511963305,10.254614145204128,0.7423623583775851,6.114346205947316,2,1,False,42
permABC-SMC,1691383.2335329342,126.7142155451213,1694766.0,126.96764397621155,0.5453059798460903,24.6195098816644,36.43230318968382,27.624999660936798,0.7857888511963305,10.254614145204128,0.7423623583775851,6.114346205947316,2,1,False,42
permABC-SMC,1689567.7290836654,126.47678343898272,1696326.0,126.98269057273865,0.5453059798460903,24.6195098816644,36.43230318968385,27.624999660936798,0.7857888511963305,10.254614145204128,0.7423623583775851,6.114346205947316,2,1,False,42
permABC-SMC,1687759.4433399602,126.24035867497652,1697886.0,126.99780082702637,0.5453059798460903,24.6195098816644,36.43230318968382,27.624999660936798,0.7857888511963305,10.254614145204128,0.7423623583775851,6.114346205947316,2,1,False,42
permABC-SMC,1689310.13916501,126.25541886088862,1699446.0,127.01295137405396,0.5453059798460903,24.6195098816644,36.43230318968385,27.624999660936798,0.7857888511963305,10.254614145204128,0.7423623583775851,6.114346205947316,2,1,False,42
permABC-SMC,1690860.8349900597,126.27041884966447,1701006.0,127.02804136276245,0.5453059798460903,24.6195098816644,36.43230318968382,27.624999660936798,0.7857888511963305,10.254614145204128,0.7423623583775851,6.114346205947316,2,1,False,42
permABC-SMC,1692411.5308151091,126.28550226124332,1702566.0,127.04321527481079,0.5453059798460903,24.6195098816644,36.43230318968385,27.624999660936798,0.7857888511963305,10.254614145204128,0.7423623583775851,6.114346205947316,2,1,False,42
permABC-SMC,1693962.226640159,126.30049893206677,1704126.0,127.05830192565918,0.5453059798460903,24.6195098816644,36.43230318968382,27.624999660936798,0.7857888511963305,10.254614145204128,0.7423623583775851,6.114346205947316,2,1,False,42
permABC-SMC,1692148.8095238097,126.0649547690437,1705686.0,127.07347440719604,0.5453059798460903,24.6195098816644,36.43230318968385,27.624999660936798,0.7857888511963305,10.254614145204128,0.7423623583775851,6.114346205947316,2,1,False,42
permABC-SMC,1690342.5742574257,125.83029765893916,1707246.0,127.08860063552856,0.5453059798460903,24.6195098816644,36.43230318968382,27.624999660936798,0.7857888511963305,10.254614145204128,0.7423623583775851,6.114346205947316,2,1,False,42
permABC-SMC,1691887.1287128713,125.84524910048684,1708806.0,127.1037015914917,0.5453059798460903,24.6195098816644,36.43230318968385,27.624999660936798,0.7857888511963305,10.254614145204128,0.7423623583775851,6.114346205947316,2,1,False,42
permABC-SMC,1693431.6831683167,125.86023099351637,1710366.0,127.11883330345154,0.5453059798460903,24.6195098816644,36.43230318968382,27.624999660936798,0.7857888511963305,10.254614145204128,0.7423623583775851,6.114346205947316,2,1,False,42
permABC-SMC,1694976.2376237626,125.87522327309789,1711926.0,127.13397550582886,0.5453059798460903,24.6195098816644,36.43230318968385,27.624999660936798,0.7857888511963305,10.254614145204128,0.7423623583775851,6.114346205947316,2,1,False,42
permABC-SMC,1696520.792079208,125.89023420126131,1713486.0,127.14913654327393,0.5453059798460903,24.6195098816644,36.43230318968382,27.624999660936798,0.7857888511963305,10.254614145204128,0.7423623583775851,6.114346205947316,2,1,False,42
permABC-SMC,1694709.486166008,125.65641488011175,1715046.0,127.1642918586731,0.5453059798460903,24.6195098816644,36.43230318968385,27.624999660936798,0.7857888511963305,10.254614145204128,0.7423623583775851,6.114346205947316,2,1,False,42
permABC-SMC,1692905.325443787,125.42345443891115,1716606.0,127.17938280105591,0.5453059798460903,24.6195098816644,36.43230318968382,27.624999660936798,0.7857888511963305,10.254614145204128,0.7423623583775851,6.114346205947316,2,1,False,42
permABC-SMC,1691108.2677165354,125.19153154741122,1718166.0,127.1945960521698,0.5453059798460903,24.6195098816644,36.43230318968385,27.624999660936798,0.7857888511963305,10.254614145204128,0.7423623583775851,6.114346205947316,2,1,False,42
permABC-SMC,1692643.7007874015,125.20647166282173,1719726.0,127.20977520942688,0.5453059798460903,24.6195098816644,36.43230318968382,27.624999660936798,0.7857888511963305,10.254614145204128,0.7423623583775851,6.114346205947316,2,1,False,42
permABC-SMC,1690850.6876227898,124.97534569213808,1721286.0,127.22490191459656,0.5453059798460903,24.6195098816644,36.43230318968385,27.624999660936798,0.7857888511963305,10.254614145204128,0.7423623583775851,6.114346205947316,2,1,False,42
permABC-SMC,1692383.1041257367,124.99024216927339,1722846.0,127.24006652832031,0.5453059798460903,24.6195098816644,36.43230318968382,27.624999660936798,0.7857888511963305,10.254614145204128,0.7423623583775851,6.114346205947316,2,1,False,42
permABC-SMC,1690594.1176470588,124.76008686364865,1724406.0,127.25528860092163,0.5453059798460903,24.6195098816644,36.43230318968385,27.624999660936798,0.7857888511963305,10.254614145204128,0.7423623583775851,6.114346205947316,2,1,False,42
permABC-SMC,1685513.671875,124.28753753192723,1725966.0,127.27043843269348,0.5453059798460903,24.6195098816644,36.43230318968382,27.624999660936798,0.7857888511963305,10.254614145204128,0.7423623583775851,6.114346205947316,2,1,False,42
permABC-SMC,1687037.109375,124.3023828137666,1727526.0,127.285640001297,0.5453059798460903,24.6195098816644,36.43230318968385,27.624999660936798,0.7857888511963305,10.254614145204128,0.7423623583775851,6.114346205947316,2,1,False,42
permABC-SMC,1688560.546875,124.31715871207416,1729086.0,127.30077052116394,0.5453059798460903,24.6195098816644,36.43230318968382,27.624999660936798,0.7857888511963305,10.254614145204128,0.7423623583775851,6.114346205947316,2,1,False,42
permABC-SMC,1686789.4736842106,124.0895593840244,1730646.0,127.31588792800903,0.5453059798460903,24.6195098816644,36.43230318968385,27.624999660936798,0.7857888511963305,10.254614145204128,0.7423623583775851,6.114346205947316,2,1,False,42
permABC-SMC,1688309.9415204679,124.10432181627895,1732206.0,127.3310341835022,0.5453059798460903,24.6195098816644,36.43230318968382,27.624999660936798,0.7857888511963305,10.254614145204128,0.7423623583775851,6.114346205947316,2,1,False,42
permABC-SMC,1689830.4093567252,124.11905241291426,1733766.0,127.34614777565002,0.5453059798460903,24.6195098816644,36.43230318968385,27.624999660936798,0.7857888511963305,10.254614145204128,0.7423623583775851,6.114346205947316,2,1,False,42
permABC-SMC,1691350.8771929822,124.13379230462088,1735326.0,127.36127090454102,0.5453059798460903,24.6195098816644,36.43230318968382,27.624999660936798,0.7857888511963305,10.254614145204128,0.7423623583775851,6.114346205947316,2,1,False,42
permABC-SMC,1689577.8210116732,123.90755702549382,1736886.0,127.37696862220764,0.5453059798460903,24.6195098816644,36.43230318968385,27.624999660936798,0.7857888511963305,10.254614145204128,0.7423623583775851,6.114346205947316,2,1,False,42
permABC-SMC,1691095.3307392998,123.92230256522211,1738446.0,127.39212703704834,0.5453059798460903,24.6195098816644,36.43230318968382,27.624999660936798,0.7857888511963305,10.254614145204128,0.7423623583775851,6.114346205947316,2,1,False,42
permABC-SMC,1692612.840466926,123.93705622231451,1740006.0,127.4072937965393,0.5453059798460903,24.6195098816644,36.43230318968385,27.624999660936798,0.7857888511963305,10.254614145204128,0.7423623583775851,6.114346205947316,2,1,False,42
permABC-SMC,1694130.3501945524,123.95183399957442,1741566.0,127.4224853515625,0.5453059798460903,24.6195098816644,36.43230318968382,27.624999660936798,0.7857888511963305,10.254614145204128,0.7423623583775851,6.114346205947316,2,1,False,42
permABC-SMC,1695647.8599221788,123.96665004440783,1743126.0,127.43771624565125,0.5453059798460903,24.6195098816644,36.43230318968385,27.624999660936798,0.7857888511963305,10.254614145204128,0.7423623583775851,6.114346205947316,2,1,False,42
permABC-SMC,1697165.3696498054,123.98145286953404,1744686.0,127.45293354988098,0.5453059798460903,24.6195098816644,36.43230318968382,27.624999660936798,0.7857888511963305,10.254614145204128,0.7423623583775851,6.114346205947316,2,1,False,42
permABC-SMC,1692098.8372093022,123.51565813833429,1746246.0,127.46815919876099,0.5453059798460903,24.6195098816644,36.43230318968385,27.624999660936798,0.7857888511963305,10.254614145204128,0.7423623583775851,6.114346205947316,2,1,False,42
permABC-SMC,1693610.4651162792,123.53029569914175,1747806.0,127.48326516151428,0.5453059798460903,24.6195098816644,36.43230318968382,27.624999660936798,0.7857888511963305,10.254614145204128,0.7423623583775851,6.114346205947316,2,1,False,42
permABC-SMC,1695122.0930232557,123.5449984092121,1749366.0,127.49843835830688,0.5453059798460903,24.6195098816644,36.43230318968385,27.624999660936798,0.7857888511963305,10.254614145204128,0.7423623583775851,6.114346205947316,2,1,False,42
permABC-SMC,1696633.7209302327,123.55968864389168,1750926.0,127.51359868049622,0.5453059798460903,24.6195098816644,36.43230318968382,27.624999660936798,0.7857888511963305,10.254614145204128,0.7423623583775851,6.114346205947316,2,1,False,42
permABC-SMC,1698145.3488372092,123.57443524885548,1752486.0,127.52881717681885,0.5453059798460903,24.6195098816644,36.43230318968385,27.624999660936798,0.7857888511963305,10.254614145204128,0.7423623583775851,6.114346205947316,2,1,False,42
permABC-SMC,1699656.9767441861,123.5891626786816,1754046.0,127.54401588439941,0.5453059798460903,24.6195098816644,36.43230318968382,27.624999660936798,0.7857888511963305,10.254614145204128,0.7423623583775851,6.114346205947316,2,1,False,42
permABC-SMC,1697878.1431334624,123.36478634544683,1755606.0,127.55918908119202,0.5453059798460903,24.6195098816644,36.43230318968385,27.624999660936798,0.7857888511963305,10.254614145204128,0.7423623583775851,6.114346205947316,2,1,False,42
permABC-SMC,1699386.8471953578,123.37943848143233,1757166.0,127.57433938980103,0.5453059798460903,24.6195098816644,36.43230318968382,27.624999660936798,0.7857888511963305,10.254614145204128,0.7423623583775851,6.114346205947316,2,1,False,42
permABC-SMC,1700895.5512572534,123.39418123492419,1758726.0,127.58958339691162,0.5453059798460903,24.6195098816644,36.43230318968385,27.624999660936798,0.7857888511963305,10.254614145204128,0.7423623583775851,6.114346205947316,2,1,False,42
permABC-SMC,1702404.255319149,123.40877918486899,1760286.0,127.60467767715454,0.5453059798460903,24.6195098816644,36.43230318968382,27.624999660936798,0.7857888511963305,10.254614145204128,0.7423623583775851,6.114346205947316,2,1,False,42
permABC-SMC,1703912.9593810444,123.42345553163864,1761846.0,127.61985301971436,0.5453059798460903,24.6195098816644,36.43230318968385,27.624999660936798,0.7857888511963305,10.254614145204128,0.7423623583775851,6.114346205947316,2,1,False,42
permABC-SMC,1705421.6634429402,123.43831841673565,1763406.0,127.63522124290466,0.5453059798460903,24.6195098816644,36.43230318968382,27.624999660936798,0.7857888511963305,10.254614145204128,0.7423623583775851,6.114346205947316,2,1,False,42
permABC-SMC,1706930.3675048356,123.45304226275799,1764966.0,127.65044569969177,0.5453059798460903,24.6195098816644,36.43230318968385,27.624999660936798,0.7857888511963305,10.254614145204128,0.7423623583775851,6.114346205947316,2,1,False,42
permABC-SMC,1708439.0715667312,123.46767641358956,1766526.0,127.66557741165161,0.5453059798460903,24.6195098816644,36.43230318968382,27.624999660936798,0.7857888511963305,10.254614145204128,0.7423623583775851,6.114346205947316,2,1,False,42
permABC-SMC,1703358.38150289,123.00644926942154,1768086.0,127.68069434165955,0.5453059798460903,24.6195098816644,36.43230318968385,27.624999660936798,0.7857888511963305,10.254614145204128,0.7423623583775851,6.114346205947316,2,1,False,42
permABC-SMC,1704861.2716763006,123.02104723935871,1769646.0,127.69584703445435,0.5453059798460903,24.6195098816644,36.43230318968382,27.624999660936798,0.7857888511963305,10.254614145204128,0.7423623583775851,6.114346205947316,2,1,False,42
permABC-SMC,1699813.8195777352,122.56339850215215,1771206.0,127.71106123924255,0.5453059798460903,24.6195098816644,36.43230318968385,27.624999660936798,0.7857888511963305,10.254614145204128,0.7423623583775851,6.114346205947316,2,1,False,42
permABC-SMC,1698051.724137931,122.34310172070032,1772766.0,127.72619819641113,0.5453059798460903,24.6195098816644,36.43230318968382,27.624999660936798,0.7857888511963305,10.254614145204128,0.7423623583775851,6.114346205947316,2,1,False,42
permABC-SMC,1699545.977011494,122.35766763431359,1774326.0,127.74140501022339,0.5453059798460903,24.6195098816644,36.43230318968385,27.624999660936798,0.7857888511963305,10.254614145204128,0.7423623583775851,6.114346205947316,2,1,False,42
permABC-SMC,1701040.2298850575,122.37216663543292,1775886.0,127.75654196739197,0.5453059798460903,24.6195098816644,36.43230318968382,27.624999660936798,0.7857888511963305,10.254614145204128,0.7423623583775851,6.114346205947316,2,1,False,42
permABC-SMC,1702534.4827586208,122.3866377753773,1777446.0,127.7716498374939,0.5453059798460903,24.6195098816644,36.43230318968385,27.624999660936798,0.7857888511963305,10.254614145204128,0.7423623583775851,6.114346205947316,2,1,False,42
permABC-SMC,1704028.735632184,122.40115984189556,1779006.0,127.78681087493896,0.5453059798460903,24.6195098816644,36.43230318968382,27.624999660936798,0.7857888511963305,10.254614145204128,0.7423623583775851,6.114346205947316,2,1,False,42
permABC-SMC,1705522.9885057472,122.41568601907899,1780566.0,127.80197620391846,0.5453059798460903,24.6195098816644,36.43230318968385,27.624999660936798,0.7857888511963305,10.254614145204128,0.7423623583775851,6.114346205947316,2,1,False,42
permABC-SMC,1707017.2413793101,122.43014574050903,1782126.0,127.81707215309143,0.5453059798460903,24.6195098816644,36.43230318968382,27.624999660936798,0.7857888511963305,10.254614145204128,0.7423623583775851,6.114346205947316,2,1,False,42
permABC-SMC,1705244.741873805,122.21058422475198,1783686.0,127.83227109909058,0.5453059798460903,24.6195098816644,36.43230318968385,27.624999660936798,0.7857888511963305,10.254614145204128,0.7423623583775851,6.114346205947316,2,1,False,42
permABC-SMC,1706736.1376673041,122.22506006178847,1785246.0,127.84741282463074,0.5453059798460903,24.6195098816644,36.43230318968382,27.624999660936798,0.7857888511963305,10.254614145204128,0.7423623583775851,6.114346205947316,2,1,False,42
permABC-SMC,1708227.533460803,122.23961316832622,1786806.0,127.86263537406921,0.5453059798460903,24.6195098816644,36.43230318968385,27.624999660936798,0.7857888511963305,10.254614145204128,0.7423623583775851,6.114346205947316,2,1,False,42
permABC-SMC,1703205.7142857143,121.78848516373407,1788366.0,127.87790942192078,0.5453059798460903,24.6195098816644,36.43230318968382,27.624999660936798,0.7857888511963305,10.254614145204128,0.7423623583775851,6.114346205947316,2,1,False,42
permABC-SMC,1704691.4285714286,121.80286225818453,1789926.0,127.89300537109375,0.5453059798460903,24.6195098816644,36.43230318968385,27.624999660936798,0.7857888511963305,10.254614145204128,0.7423623583775851,6.114346205947316,2,1,False,42
permABC-SMC,1702933.4600760455,121.58569024996159,1791486.0,127.9081461429596,0.5453059798460903,24.6195098816644,36.43230318968382,27.624999660936798,0.7857888511963305,10.254614145204128,0.7423623583775851,6.114346205947316,2,1,False,42
permABC-SMC,1704416.349809886,121.60010120261305,1793046.0,127.92330646514893,0.5453059798460903,24.6195098816644,36.43230318968385,27.624999660936798,0.7857888511963305,10.254614145204128,0.7423623583775851,6.114346205947316,2,1,False,42
permABC-SMC,1702662.2390891842,121.38378145120176,1794606.0,127.93850564956665,0.5453059798460903,24.6195098816644,36.43230318968382,27.624999660936798,0.7857888511963305,10.254614145204128,0.7423623583775851,6.114346205947316,2,1,False,42
permABC-SMC,1704142.3149905123,121.398180892843,1796166.0,127.95368266105652,0.5453059798460903,24.6195098816644,36.43230318968385,27.624999660936798,0.7857888511963305,10.254614145204128,0.7423623583775851,6.114346205947316,2,1,False,42
permABC-SMC,1702392.0454545454,121.18259817361832,1797726.0,127.96882367134094,0.5453059798460903,24.6195098816644,36.43230318968382,27.624999660936798,0.7857888511963305,10.254614145204128,0.7423623583775851,6.114346205947316,2,1,False,42
permABC-SMC,1700648.393194707,120.96783884982305,1799286.0,127.9839735031128,0.5453059798460903,24.6195098816644,36.43230318968385,27.624999660936798,0.7857888511963305,10.254614145204128,0.7423623583775851,6.114346205947316,2,1,False,42
permABC-SMC,1698911.320754717,120.75389376226461,1800846.0,127.99912738800049,0.5453059798460903,24.6195098816644,36.43230318968382,27.624999660936798,0.7857888511963305,10.254614145204128,0.7423623583775851,6.114346205947316,2,1,False,42
permABC-SMC,1700383.0188679243,120.76824858503521,1802406.0,128.01434350013733,0.5453059798460903,24.6195098816644,36.43230318968385,27.624999660936798,0.7857888511963305,10.254614145204128,0.7423623583775851,6.114346205947316,2,1,False,42
permABC-SMC,1701854.716981132,120.78252288530459,1803966.0,128.02947425842285,0.5453059798460903,24.6195098816644,36.43230318968382,27.624999660936798,0.7857888511963305,10.254614145204128,0.7423623583775851,6.114346205947316,2,1,False,42
permABC-SMC,1703326.4150943395,120.7968792825375,1805526.0,128.04469203948975,0.5453059798460903,24.6195098816644,36.43230318968385,27.624999660936798,0.7857888511963305,10.254614145204128,0.7423623583775851,6.114346205947316,2,1,False,42
permABC-SMC,1701587.570621469,120.58375716882911,1807086.0,128.0599501132965,0.5453059798460903,24.6195098816644,36.43230318968382,27.624999660936798,0.7857888511963305,10.254614145204128,0.7423623583775851,6.114346205947316,2,1,False,42
permABC-SMC,1703056.4971751412,120.5980434256085,1808646.0,128.07512211799622,0.5453059798460903,24.6195098816644,36.43230318968385,27.624999660936798,0.7857888511963305,10.254614145204128,0.7423623583775851,6.114346205947316,2,1,False,42
permABC-SMC,1704525.4237288137,120.61224998502858,1810206.0,128.09020948410034,0.5453059798460903,24.6195098816644,36.43230318968382,27.624999660936798,0.7857888511963305,10.254614145204128,0.7423623583775851,6.114346205947316,2,1,False,42
permABC-SMC,1705994.3502824858,120.62650368936542,1811766.0,128.10534691810608,0.5453059798460903,24.6195098816644,36.43230318968385,27.624999660936798,0.7857888511963305,10.254614145204128,0.7423623583775851,6.114346205947316,2,1,False,42
permABC-SMC,1707463.2768361582,120.64076906768166,1813326.0,128.12049674987793,0.5453059798460903,24.6195098816644,36.43230318968382,27.624999660936798,0.7857888511963305,10.254614145204128,0.7423623583775851,6.114346205947316,2,1,False,42
permABC-SMC,1708932.2033898304,120.65517049275773,1814886.0,128.13579106330872,0.5453059798460903,24.6195098816644,36.43230318968385,27.624999660936798,0.7857888511963305,10.254614145204128,0.7423623583775851,6.114346205947316,2,1,False,42
permABC-SMC,1710401.1299435028,120.66957685682509,1816446.0,128.15109062194824,0.5453059798460903,24.6195098816644,36.43230318968382,27.624999660936798,0.7857888511963305,10.254614145204128,0.7423623583775851,6.114346205947316,2,1,False,42
permABC-SMC,1705446.5290806754,120.23098764008026,1818006.0,128.16623282432556,0.5453059798460903,24.6195098816644,36.43230318968385,27.624999660936798,0.7857888511963305,10.254614145204128,0.7423623583775851,6.114346205947316,2,1,False,42
permABC-SMC,1706909.9437148217,120.24521201457583,1819566.0,128.18139600753784,0.5453059798460903,24.6195098816644,36.43230318968382,27.624999660936798,0.7857888511963305,10.254614145204128,0.7423623583775851,6.114346205947316,2,1,False,42
permABC-SMC,1708373.3583489682,120.2593806984277,1821126.0,128.19649982452393,0.5453059798460903,24.6195098816644,36.43230318968385,27.624999660936798,0.7857888511963305,10.254614145204128,0.7423623583775851,6.114346205947316,2,1,False,42
permABC-SMC,1709836.7729831145,120.27364220001908,1822686.0,128.21170258522034,0.5453059798460903,24.6195098816644,36.43230318968382,27.624999660936798,0.7857888511963305,10.254614145204128,0.7423623583775851,6.114346205947316,2,1,False,42
permABC-SMC,1711300.1876172607,120.28784890559555,1824246.0,128.22684693336487,0.5453059798460903,24.6195098816644,36.43230318968385,27.624999660936798,0.7857888511963305,10.254614145204128,0.7423623583775851,6.114346205947316,2,1,False,42
permABC-SMC,1712763.602251407,120.30214708696835,1825806.0,128.24208879470825,0.5453059798460903,24.6195098816644,36.43230318968382,27.624999660936798,0.7857888511963305,10.254614145204128,0.7423623583775851,6.114346205947316,2,1,False,42
permABC-SMC,1711016.8539325844,120.09114116318663,1827366.0,128.25733876228333,0.5453059798460903,24.6195098816644,36.43230318968385,27.624999660936798,0.7857888511963305,10.254614145204128,0.7423623583775851,6.114346205947316,2,1,False,42
permABC-SMC,1709276.6355140186,119.88085942847707,1828926.0,128.27251958847046,0.5453059798460903,24.6195098816644,36.43230318968382,27.624999660936798,0.7857888511963305,10.254614145204128,0.7423623583775851,6.114346205947316,2,1,False,42
permABC-SMC,1710734.5794392521,119.89506226833737,1830486.0,128.28771662712097,0.5453059798460903,24.6195098816644,36.43230318968385,27.624999660936798,0.7857888511963305,10.254614145204128,0.7423623583775851,6.114346205947316,2,1,False,42
permABC-SMC,1708998.134328358,119.68549997059267,1832046.0,128.30285596847534,0.5453059798460903,24.6195098816644,36.43230318968382,27.624999660936798,0.7857888511963305,10.254614145204128,0.7423623583775851,6.114346205947316,2,1,False,42
permABC-SMC,1707268.156424581,119.47686934160343,1833606.0,128.31815767288208,0.5453059798460903,24.6195098816644,36.43230318968385,27.624999660936798,0.7857888511963305,10.254614145204128,0.7423623583775851,6.114346205947316,2,1,False,42
permABC-SMC,1705544.6096654276,119.26897418543308,1835166.0,128.333416223526,0.5453059798460903,24.6195098816644,36.43230318968382,27.624999660936798,0.7857888511963305,10.254614145204128,0.7423623583775851,6.114346205947316,2,1,False,42
permABC-SMC,1706994.4237918216,119.28309804888019,1836726.0,128.3486135005951,0.5453059798460903,24.6195098816644,36.43230318968385,27.624999660936798,0.7857888511963305,10.254614145204128,0.7423623583775851,6.114346205947316,2,1,False,42
permABC-SMC,1705274.5825602969,119.0759007696318,1838286.0,128.3638210296631,0.5453059798460903,24.6195098816644,36.43230318968382,27.624999660936798,0.7857888511963305,10.254614145204128,0.7423623583775851,6.114346205947316,2,1,False,42
permABC-SMC,1706721.7068645642,119.0903242089974,1839846.0,128.3793694972992,0.5453059798460903,24.6195098816644,36.43230318968385,27.624999660936798,0.7857888511963305,10.254614145204128,0.7423623583775851,6.114346205947316,2,1,False,42
permABC-SMC,1708168.8311688313,119.10439820369233,1841406.0,128.39454126358032,0.5453059798460903,24.6195098816644,36.43230318968382,27.624999660936798,0.7857888511963305,10.254614145204128,0.7423623583775851,6.114346205947316,2,1,False,42
permABC-SMC,1709615.9554730984,119.118510460367,1842966.0,128.40975427627563,0.5453059798460903,24.6195098816644,36.43230318968385,27.624999660936798,0.7857888511963305,10.254614145204128,0.7423623583775851,6.114346205947316,2,1,False,42
permABC-SMC,1707894.4444444445,118.91206282156486,1844526.0,128.42502784729004,0.5453059798460903,24.6195098816644,36.43230318968382,27.624999660936798,0.7857888511963305,10.254614145204128,0.7423623583775851,6.114346205947316,2,1,False,42
permABC-SMC,1709338.888888889,118.92619243374577,1846086.0,128.44028782844543,0.5453059798460903,24.6195098816644,36.43230318968385,27.624999660936798,0.7857888511963305,10.254614145204128,0.7423623583775851,6.114346205947316,2,1,False,42
permABC-SMC,1710783.3333333333,118.94027325842116,1847646.0,128.45549511909485,0.5453059798460903,24.6195098816644,36.43230318968382,27.624999660936798,0.7857888511963305,10.254614145204128,0.7423623583775851,6.114346205947316,2,1,False,42
permABC-SMC,1712227.777777778,118.95437350979559,1849206.0,128.47072339057922,0.5453059798460903,24.6195098816644,36.43230318968385,27.624999660936798,0.7857888511963305,10.254614145204128,0.7423623583775851,6.114346205947316,2,1,False,42
permABC-SMC,1713672.2222222222,118.96838126359162,1850766.0,128.48585176467896,0.5453059798460903,24.6195098816644,36.43230318968382,27.624999660936798,0.7857888511963305,10.254614145204128,0.7423623583775851,6.114346205947316,2,1,False,42
permABC-SMC,1715116.6666666665,118.98241926122596,1852326.0,128.50101280212402,0.5453059798460903,24.6195098816644,36.43230318968385,27.624999660936798,0.7857888511963305,10.254614145204128,0.7423623583775851,6.114346205947316,2,1,False,42
permABC-SMC,1716561.1111111112,118.99656410570499,1853886.0,128.51628923416138,0.5453059798460903,24.6195098816644,36.43230318968382,27.624999660936798,0.7857888511963305,10.254614145204128,0.7423623583775851,6.114346205947316,2,1,False,42
permABC-SMC,1714829.944547135,118.79070981813666,1855446.0,128.53154802322388,0.5453059798460903,24.6195098816644,36.43230318968385,27.624999660936798,0.7857888511963305,10.254614145204128,0.7423623583775851,6.114346205947316,2,1,False,42
permABC-SMC,1716271.719038817,118.80474302112066,1857006.0,128.54673194885254,0.5453059798460903,24.6195098816644,36.43230318968382,27.624999660936798,0.7857888511963305,10.254614145204128,0.7423623583775851,6.114346205947316,2,1,False,42
permABC-SMC,1717713.493530499,118.81884166802143,1858566.0,128.5619866847992,0.5453059798460903,24.6195098816644,36.43230318968385,27.624999660936798,0.7857888511963305,10.254614145204128,0.7423623583775851,6.114346205947316,2,1,False,42
permABC-SMC,1715983.3948339482,118.61365923582407,1860126.0,128.5772066116333,0.5453059798460903,24.6195098816644,36.43230318968382,27.624999660936798,0.7857888511963305,10.254614145204128,0.7423623583775851,6.114346205947316,2,1,False,42
permABC-SMC,1717422.5092250921,118.6276896413402,1861686.0,128.59241557121277,0.5453059798460903,24.6195098816644,36.43230318968385,27.624999660936798,0.7857888511963305,10.254614145204128,0.7423623583775851,6.114346205947316,2,1,False,42
permABC-SMC,1718861.623616236,118.64167143937847,1863246.0,128.60757184028625,0.5453059798460903,24.6195098816644,36.43230318968382,27.624999660936798,0.7857888511963305,10.254614145204128,0.7423623583775851,6.114346205947316,2,1,False,42
permABC-SMC,1720300.73800738,118.65584502800803,1864806.0,128.62293601036072,0.5453059798460903,24.6195098816644,36.43230318968385,27.624999660936798,0.7857888511963305,10.254614145204128,0.7423623583775851,6.114346205947316,2,1,False,42
permABC-SMC,1718569.0607734807,118.45123526360668,1866366.0,128.63804149627686,0.5453059798460903,24.6195098816644,36.43230318968382,27.624999660936798,0.7857888511963305,10.254614145204128,0.7423623583775851,6.114346205947316,2,1,False,42
permABC-SMC,1720005.5248618785,118.46510305808613,1867926.0,128.65310192108154,0.5453059798460903,24.6195098816644,36.43230318968385,27.624999660936798,0.7857888511963305,10.254614145204128,0.7423623583775851,6.114346205947316,2,1,False,42
permABC-SMC,1721441.9889502763,118.47899544085368,1869486.0,128.6681890487671,0.5453059798460903,24.6195098816644,36.43230318968382,27.624999660936798,0.7857888511963305,10.254614145204128,0.7423623583775851,6.114346205947316,2,1,False,42
permABC-SMC,1722878.453038674,118.49285445380167,1871046.0,128.6832399368286,0.5453059798460903,24.6195098816644,36.43230318968385,27.624999660936798,0.7857888511963305,10.254614145204128,0.7423623583775851,6.114346205947316,2,1,False,42
permABC-SMC,1724314.9171270719,118.50675012964349,1872606.0,128.69833064079285,0.5453059798460903,24.6195098816644,36.43230318968382,27.624999660936798,0.7857888511963305,10.254614145204128,0.7423623583775851,6.114346205947316,2,1,False,42
permABC-SMC,1722579.044117647,118.30283197409966,1874166.0,128.71348118782043,0.5453059798460903,24.6195098816644,36.43230318968385,27.624999660936798,0.7857888511963305,10.254614145204128,0.7423623583775851,6.114346205947316,2,1,False,42
permABC-SMC,1724012.8676470588,118.31666573005565,1875726.0,128.72853231430054,0.5453059798460903,24.6195098816644,36.43230318968382,27.624999660936798,0.7857888511963305,10.254614145204128,0.7423623583775851,6.114346205947316,2,1,False,42
permABC-SMC,1725446.6911764706,118.3306254884776,1877286.0,128.74372053146362,0.5453059798460903,24.6195098816644,36.43230318968385,27.624999660936798,0.7857888511963305,10.254614145204128,0.7423623583775851,6.114346205947316,2,1,False,42
permABC-SMC,1726880.5147058824,118.34460562642883,1878846.0,128.75893092155457,0.5453059798460903,24.6195098816644,36.43230318968382,27.624999660936798,0.7857888511963305,10.254614145204128,0.7423623583775851,6.114346205947316,2,1,False,42
permABC-SMC,1728314.3382352942,118.35848014144337,1880406.0,128.77402639389038,0.5453059798460903,24.6195098816644,36.43230318968385,27.624999660936798,0.7857888511963305,10.254614145204128,0.7423623583775851,6.114346205947316,2,1,False,42
permABC-SMC,1729748.1617647058,118.37238336310666,1881966.0,128.78915309906006,0.5453059798460903,24.6195098816644,36.43230318968382,27.624999660936798,0.7857888511963305,10.254614145204128,0.7423623583775851,6.114346205947316,2,1,False,42
permABC-SMC,1731181.9852941176,118.38626160341151,1883526.0,128.80425262451172,0.5453059798460903,24.6195098816644,36.43230318968385,27.624999660936798,0.7857888511963305,10.254614145204128,0.7423623583775851,6.114346205947316,2,1,False,42
permABC-SMC,1732615.8088235294,118.40013436534825,1885086.0,128.8193461894989,0.5453059798460903,24.6195098816644,36.43230318968382,27.624999660936798,0.7857888511963305,10.254614145204128,0.7423623583775851,6.114346205947316,2,1,False,42
permABC-SMC,1730867.889908257,118.19678205962575,1886646.0,128.83449244499207,0.5453059798460903,24.6195098816644,36.43230318968385,27.624999660936798,0.7857888511963305,10.254614145204128,0.7423623583775851,6.114346205947316,2,1,False,42
permABC-SMC,1732299.0825688073,118.21062564849854,1888206.0,128.8495819568634,0.5453059798460903,24.6195098816644,36.43230318968382,27.624999660936798,0.7857888511963305,10.254614145204128,0.7423623583775851,6.114346205947316,2,1,False,42
permABC-SMC,1730554.945054945,118.00792802384485,1889766.0,128.86465740203857,0.5453059798460903,24.6195098816644,36.43230318968385,27.624999660936798,0.7857888511963305,10.254614145204128,0.7423623583775851,6.114346205947316,2,1,False,42
permABC-SMC,1731983.5164835164,118.02179254455007,1891326.0,128.87979745864868,0.5453059798460903,24.6195098816644,36.43230318968382,27.624999660936798,0.7857888511963305,10.254614145204128,0.7423623583775851,6.114346205947316,2,1,False,42
permABC-SMC,1733412.0879120878,118.03556274581742,1892886.0,128.89483451843262,0.5453059798460903,24.6195098816644,36.43230318968385,27.624999660936798,0.7857888511963305,10.254614145204128,0.7423623583775851,6.114346205947316,2,1,False,42
permABC-SMC,1734840.6593406594,118.04934561034263,1894446.0,128.90988540649414,0.5453059798460903,24.6195098816644,36.43230318968382,27.624999660936798,0.7857888511963305,10.254614145204128,0.7423623583775851,6.114346205947316,2,1,False,42
permABC-SMC,1733095.0639853748,117.84737049116731,1896006.0,128.92502331733704,0.5453059798460903,24.6195098816644,36.43230318968385,27.624999660936798,0.7857888511963305,10.254614145204128,0.7423623583775851,6.114346205947316,2,1,False,42
permABC-SMC,1734521.0237659963,117.8611915769699,1897566.0,128.94014358520508,0.5453059798460903,24.6195098816644,36.43230318968382,27.624999660936798,0.7857888511963305,10.254614145204128,0.7423623583775851,6.114346205947316,2,1,False,42
permABC-SMC,1735946.983546618,117.87496537133588,1899126.0,128.95521211624146,0.5453059798460903,24.6195098816644,36.43230318968385,27.624999660936798,0.7857888511963305,10.254614145204128,0.7423623583775851,6.114346205947316,2,1,False,42
permABC-SMC,1737372.9433272395,117.88877250943366,1900686.0,128.97031712532043,0.5453059798460903,24.6195098816644,36.43230318968382,27.624999660936798,0.7857888511963305,10.254614145204128,0.7423623583775851,6.114346205947316,2,1,False,42
permABC-SMC,1735625.9124087591,117.68742090594161,1902246.0,128.985413312912,0.5453059798460903,24.6195098816644,36.43230318968385,27.624999660936798,0.7857888511963305,10.254614145204128,0.7423623583775851,6.114346205947316,2,1,False,42
permABC-SMC,1737049.2700729927,117.70124135226229,1903806.0,129.00056052207947,0.5453059798460903,24.6195098816644,36.43230318968382,27.624999660936798,0.7857888511963305,10.254614145204128,0.7423623583775851,6.114346205947316,2,1,False,42
permABC-SMC,1735306.0109289617,117.50063978692005,1905366.0,129.0157024860382,0.5453059798460903,24.6195098816644,36.43230318968385,27.624999660936798,0.7857888511963305,10.254614145204128,0.7423623583775851,6.114346205947316,2,1,False,42
permABC-SMC,1736726.7759562843,117.51441052268329,1906926.0,129.03082275390625,0.5453059798460903,24.6195098816644,36.43230318968382,27.624999660936798,0.7857888511963305,10.254614145204128,0.7423623583775851,6.114346205947316,2,1,False,42
permABC-SMC,1734987.2727272727,117.31456084684892,1908486.0,129.0460169315338,0.5453059798460903,24.6195098816644,36.43230318968385,27.624999660936798,0.7857888511963305,10.254614145204128,0.7423623583775851,6.114346205947316,2,1,False,42
permABC-SMC,1736405.4545454546,117.32828855514526,1910046.0,129.0611174106598,0.5453059798460903,24.6195098816644,36.43230318968382,27.624999660936798,0.7857888511963305,10.254614145204128,0.7423623583775851,6.114346205947316,2,1,False,42
permABC-SMC,1737823.6363636362,117.34201951460405,1911606.0,129.07622146606445,0.5453059798460903,24.6195098816644,36.43230318968385,27.624999660936798,0.7857888511963305,10.254614145204128,0.7423623583775851,6.114346205947316,2,1,False,42
permABC-SMC,1739241.8181818181,117.35577821731567,1913166.0,129.09135603904724,0.5453059798460903,24.6195098816644,36.43230318968382,27.624999660936798,0.7857888511963305,10.254614145204128,0.7423623583775851,6.114346205947316,2,1,False,42
permABC-SMC,1740660.0,117.36948338421908,1914726.0,129.106431722641,0.5453059798460903,24.6195098816644,36.43230318968385,27.624999660936798,0.7857888511963305,10.254614145204128,0.7423623583775851,6.114346205947316,2,1,False,42
permABC-SMC,1742078.1818181816,117.38327915018256,1916286.0,129.1216070652008,0.5453059798460903,24.6195098816644,36.43230318968382,27.624999660936798,0.7857888511963305,10.254614145204128,0.7423623583775851,6.114346205947316,2,1,False,42
permABC-SMC,1740332.1234119784,117.18404985382855,1917846.0,129.13682293891907,0.5453059798460903,24.6195098816644,36.43230318968385,27.624999660936798,0.7857888511963305,10.254614145204128,0.7423623583775851,6.114346205947316,2,1,False,42
permABC-SMC,1738592.3913043477,116.9856024393137,1919406.0,129.15210509300232,0.5453059798460903,24.6195098816644,36.43230318968382,27.624999660936798,0.7857888511963305,10.254614145204128,0.7423623583775851,6.114346205947316,2,1,False,42
permABC-SMC,1740005.4347826086,116.99940221033235,1920966.0,129.1673400402069,0.5453059798460903,24.6195098816644,36.43230318968385,27.624999660936798,0.7857888511963305,10.254614145204128,0.7423623583775851,6.114346205947316,2,1,False,42
permABC-SMC,1738269.439421338,116.80169734989325,1922526.0,129.18267726898193,0.5453059798460903,24.6195098816644,36.43230318968382,27.624999660936798,0.7857888511963305,10.254614145204128,0.7423623583775851,6.114346205947316,2,1,False,42
permABC-SMC,1736539.7111913357,116.60470471915787,1924086.0,129.1980128288269,0.5453059798460903,24.6195098816644,36.43230318968385,27.624999660936798,0.7857888511963305,10.254614145204128,0.7423623583775851,6.114346205947316,2,1,False,42
permABC-SMC,1737947.653429603,116.61840216777814,1925646.0,129.2131896018982,0.5453059798460903,24.6195098816644,36.43230318968382,27.624999660936798,0.7857888511963305,10.254614145204128,0.7423623583775851,6.114346205947316,2,1,False,42
permABC-SMC,1739355.5956678702,116.63206023860063,1927206.0,129.2283227443695,0.5453059798460903,24.6195098816644,36.43230318968385,27.624999660936798,0.7857888511963305,10.254614145204128,0.7423623583775851,6.114346205947316,2,1,False,42
permABC-SMC,1737627.027027027,116.43554283691957,1928766.0,129.2434525489807,0.5453059798460903,24.6195098816644,36.43230318968382,27.624999660936798,0.7857888511963305,10.254614145204128,0.7423623583775851,6.114346205947316,2,1,False,42
permABC-SMC,1739032.4324324324,116.44918574943199,1930326.0,129.2585961818695,0.5453059798460903,24.6195098816644,36.43230318968385,27.624999660936798,0.7857888511963305,10.254614145204128,0.7423623583775851,6.114346205947316,2,1,False,42
permABC-SMC,1737307.5539568344,116.25335177929281,1931886.0,129.2737271785736,0.5453059798460903,24.6195098816644,36.43230318968382,27.624999660936798,0.7857888511963305,10.254614145204128,0.7423623583775851,6.114346205947316,2,1,False,42
permABC-SMC,1738710.4316546763,116.26700445902434,1933446.0,129.28890895843506,0.5453059798460903,24.6195098816644,36.43230318968385,27.624999660936798,0.7857888511963305,10.254614145204128,0.7423623583775851,6.114346205947316,2,1,False,42
permABC-SMC,1736989.2280071813,116.07192940943118,1935006.0,129.30412936210632,0.5453059798460903,24.6195098816644,36.43230318968382,27.624999660936798,0.7857888511963305,10.254614145204128,0.7423623583775851,6.114346205947316,2,1,False,42
permABC-SMC,1735274.1935483871,115.87752407169684,1936566.0,129.31931686401367,0.5453059798460903,24.6195098816644,36.43230318968385,27.624999660936798,0.7857888511963305,10.254614145204128,0.7423623583775851,6.114346205947316,2,1,False,42
permABC-SMC,1736672.0430107526,115.89109812158837,1938126.0,129.33446550369263,0.5453059798460903,24.6195098816644,36.43230318968382,27.624999660936798,0.7857888511963305,10.254614145204128,0.7423623583775851,6.114346205947316,2,1,False,42
permABC-SMC,1738069.8924731181,115.90472258974575,1939686.0,129.34967041015625,0.5453059798460903,24.6195098816644,36.43230318968385,27.624999660936798,0.7857888511963305,10.254614145204128,0.7423623583775851,6.114346205947316,2,1,False,42
permABC-SMC,1739467.7419354839,115.91838166705169,1941246.0,129.3649139404297,0.5453059798460903,24.6195098816644,36.43230318968382,27.624999660936798,0.7857888511963305,10.254614145204128,0.7423623583775851,6.114346205947316,2,1,False,42
permABC-SMC,1740865.5913978494,115.93233492212056,1942806.0,129.38048577308655,0.5453059798460903,24.6195098816644,36.43230318968385,27.624999660936798,0.7857888511963305,10.254614145204128,0.7423623583775851,6.114346205947316,2,1,False,42
permABC-SMC,1742263.440860215,115.9458871810667,1944366.0,129.39561009407043,0.5453059798460903,24.6195098816644,36.43230318968382,27.624999660936798,0.7857888511963305,10.254614145204128,0.7423623583775851,6.114346205947316,2,1,False,42
permABC-SMC,1743661.2903225808,115.95947255370437,1945926.0,129.41077136993408,0.5453059798460903,24.6195098816644,36.43230318968385,27.624999660936798,0.7857888511963305,10.254614145204128,0.7423623583775851,6.114346205947316,2,1,False,42
permABC-SMC,1745059.139784946,115.97301840354893,1947486.0,129.4258885383606,0.5453059798460903,24.6195098816644,36.43230318968382,27.624999660936798,0.7857888511963305,10.254614145204128,0.7423623583775851,6.114346205947316,2,1,False,42
permABC-SMC,1746456.9892473118,115.98668153995254,1949046.0,129.44113659858704,0.5453059798460903,24.6195098816644,36.43230318968385,27.624999660936798,0.7857888511963305,10.254614145204128,0.7423623583775851,6.114346205947316,2,1,False,42
permABC-SMC,1747854.8387096773,116.00032074904357,1950606.0,129.45635795593262,0.5453059798460903,24.6195098816644,36.43230318968382,27.624999660936798,0.7857888511963305,10.254614145204128,0.7423623583775851,6.114346205947316,2,1,False,42
permABC-SMC,1746123.4347048302,115.80632688321028,1952166.0,129.47147345542908,0.5453059798460903,24.6195098816644,36.43230318968385,27.624999660936798,0.7857888511963305,10.254614145204128,0.7423623583775851,6.114346205947316,2,1,False,42
permABC-SMC,1747518.7835420393,115.81983357294727,1953726.0,129.48657393455505,0.5453059798460903,24.6195098816644,36.43230318968382,27.624999660936798,0.7857888511963305,10.254614145204128,0.7423623583775851,6.114346205947316,2,1,False,42
permABC-SMC,1748914.1323792487,115.83338781844738,1955286.0,129.50172758102417,0.5453059798460903,24.6195098816644,36.43230318968385,27.624999660936798,0.7857888511963305,10.254614145204128,0.7423623583775851,6.114346205947316,2,1,False,42
permABC-SMC,1750309.481216458,115.84694782182015,1956846.0,129.51688766479492,0.5453059798460903,24.6195098816644,36.43230318968382,27.624999660936798,0.7857888511963305,10.254614145204128,0.7423623583775851,6.114346205947316,2,1,False,42
permABC-SMC,1748576.7857142857,115.65363002674921,1958406.0,129.5320656299591,0.5453059798460903,24.6195098816644,36.43230318968385,27.624999660936798,0.7857888511963305,10.254614145204128,0.7423623583775851,6.114346205947316,2,1,False,42
permABC-SMC,1746850.267379679,115.46097485989385,1959966.0,129.5472137928009,0.5453059798460903,24.6195098816644,36.43230318968382,27.624999660936798,0.7857888511963305,10.254614145204128,0.7423623583775851,6.114346205947316,2,1,False,42
permABC-SMC,1745129.893238434,115.26900084417485,1961526.0,129.56235694885254,0.5453059798460903,24.6195098816644,36.43230318968385,27.624999660936798,0.7857888511963305,10.254614145204128,0.7423623583775851,6.114346205947316,2,1,False,42
permABC-SMC,1746517.793594306,115.28248719049094,1963086.0,129.57751560211182,0.5453059798460903,24.6195098816644,36.43230318968382,27.624999660936798,0.7857888511963305,10.254614145204128,0.7423623583775851,6.114346205947316,2,1,False,42
permABC-SMC,1747905.6939501779,115.29595593116461,1964646.0,129.59265446662903,0.5453059798460903,24.6195098816644,36.43230318968385,27.624999660936798,0.7857888511963305,10.254614145204128,0.7423623583775851,6.114346205947316,2,1,False,42
permABC-SMC,1749293.5943060496,115.30941258121639,1966206.0,129.60777974128723,0.5453059798460903,24.6195098816644,36.43230318968382,27.624999660936798,0.7857888511963305,10.254614145204128,0.7423623583775851,6.114346205947316,2,1,False,42
permABC-SMC,1750681.4946619219,115.32284123193327,1967766.0,129.622873544693,0.5453059798460903,24.6195098816644,36.43230318968385,27.624999660936798,0.7857888511963305,10.254614145204128,0.7423623583775851,6.114346205947316,2,1,False,42
permABC-SMC,1748957.371225577,115.13152639141725,1969326.0,129.63809871673584,0.5453059798460903,24.6195098816644,36.43230318968382,27.624999660936798,0.7857888511963305,10.254614145204128,0.7423623583775851,6.114346205947316,2,1,False,42
permABC-SMC,1750342.806394316,115.1450099572407,1970886.0,129.65328121185303,0.5453059798460903,24.6195098816644,36.43230318968385,27.624999660936798,0.7857888511963305,10.254614145204128,0.7423623583775851,6.114346205947316,2,1,False,42
permABC-SMC,1751728.241563055,115.1586032040801,1972446.0,129.6685872077942,0.5453059798460903,24.6195098816644,36.43230318968382,27.624999660936798,0.7857888511963305,10.254614145204128,0.7423623583775851,6.114346205947316,2,1,False,42
permABC-SMC,1753113.676731794,115.17292229362745,1974006.0,129.6847105026245,0.5453059798460903,24.6195098816644,36.43230318968385,27.624999660936798,0.7857888511963305,10.254614145204128,0.7423623583775851,6.114346205947316,2,1,False,42
permABC-SMC,1751388.2978723405,114.98227969129034,1975566.0,129.7000114917755,0.5453059798460903,24.6195098816644,36.43230318968382,27.624999660936798,0.7857888511963305,10.254614145204128,0.7423623583775851,6.114346205947316,2,1,False,42
permABC-SMC,1752771.2765957448,114.99572180687113,1977126.0,129.71517419815063,0.5453059798460903,24.6195098816644,36.43230318968385,27.624999660936798,0.7857888511963305,10.254614145204128,0.7423623583775851,6.114346205947316,2,1,False,42
permABC-SMC,1754154.255319149,115.00915229743254,1978686.0,129.7303237915039,0.5453059798460903,24.6195098816644,36.43230318968382,27.624999660936798,0.7857888511963305,10.254614145204128,0.7423623583775851,6.114346205947316,2,1,False,42
permABC-SMC,1755537.234042553,115.02267473132898,1980246.0,129.7455770969391,0.5453059798460903,24.6195098816644,36.43230318968385,27.624999660936798,0.7857888511963305,10.254614145204128,0.7423623583775851,6.114346205947316,2,1,False,42
permABC-SMC,1756920.2127659575,115.03613671512468,1981806.0,129.76076221466064,0.5453059798460903,24.6195098816644,36.43230318968382,27.624999660936798,0.7857888511963305,10.254614145204128,0.7423623583775851,6.114346205947316,2,1,False,42
permABC-SMC,1758303.1914893617,115.04961539667549,1983366.0,129.77596616744995,0.5453059798460903,24.6195098816644,36.43230318968385,27.624999660936798,0.7857888511963305,10.254614145204128,0.7423623583775851,6.114346205947316,2,1,False,42
permABC-SMC,1759686.170212766,115.06308731457867,1984926.0,129.79116249084473,0.5453059798460903,24.6195098816644,36.43230318968382,27.624999660936798,0.7857888511963305,10.254614145204128,0.7423623583775851,6.114346205947316,2,1,False,42
permABC-SMC,1761069.1489361702,115.07651442331625,1986486.0,129.80630826950073,0.5453059798460903,24.6195098816644,36.43230318968385,27.624999660936798,0.7857888511963305,10.254614145204128,0.7423623583775851,6.114346205947316,2,1,False,42
permABC-SMC,1759332.7433628319,114.88624737326022,1988046.0,129.82145953178406,0.5453059798460903,24.6195098816644,36.43230318968382,27.624999660936798,0.7857888511963305,10.254614145204128,0.7423623583775851,6.114346205947316,2,1,False,42
permABC-SMC,1760713.274336283,114.89975304730172,1989606.0,129.83672094345093,0.5453059798460903,24.6195098816644,36.43230318968385,27.624999660936798,0.7857888511963305,10.254614145204128,0.7423623583775851,6.114346205947316,2,1,False,42
permABC-SMC,1762093.8053097345,114.91318614081999,1991166.0,129.8519003391266,0.5453059798460903,24.6195098816644,36.43230318968382,27.624999660936798,0.7857888511963305,10.254614145204128,0.7423623583775851,6.114346205947316,2,1,False,42
permABC-SMC,1760358.6572438162,114.7236023690591,1992726.0,129.8671178817749,0.5453059798460903,24.6195098816644,36.43230318968385,27.624999660936798,0.7857888511963305,10.254614145204128,0.7423623583775851,6.114346205947316,2,1,False,42
permABC-SMC,1761736.749116608,114.73695107146624,1994286.0,129.88222861289978,0.5453059798460903,24.6195098816644,36.43230318968382,27.624999660936798,0.7857888511963305,10.254614145204128,0.7423623583775851,6.114346205947316,2,1,False,42
permABC-SMC,1763114.8409893992,114.7503610634551,1995846.0,129.89740872383118,0.5453059798460903,24.6195098816644,36.43230318968385,27.624999660936798,0.7857888511963305,10.254614145204128,0.7423623583775851,6.114346205947316,2,1,False,42
permABC-SMC,1764492.9328621908,114.76380349048034,1997406.0,129.91262555122375,0.5453059798460903,24.6195098816644,36.43230318968382,27.624999660936798,0.7857888511963305,10.254614145204128,0.7423623583775851,6.114346205947316,2,1,False,42
permABC-SMC,1762756.6137566136,114.57478222182608,1998966.0,129.92780303955078,0.5453059798460903,24.6195098816644,36.43230318968385,27.624999660936798,0.7857888511963305,10.254614145204128,0.7423623583775851,6.114346205947316,2,1,False,42
permABC-SMC,1764132.275132275,114.58833844152919,2000526.0,129.9431757926941,0.5453059798460903,24.6195098816644,36.43230318968382,27.624999660936798,0.7857888511963305,10.254614145204128,0.7423623583775851,6.114346205947316,2,1,False,42
permABC-SMC,1907167.6190476192,123.77272696722122,2002526.0,129.96136331558228,0.5453059798460903,24.629955290734614,36.42815383411816,27.624999660937686,0.782933524786516,10.253795126832065,0.7418818537798839,6.113877605717022,2,1,False,42
