method,n_sim,time,n_sim_raw,time_raw,epsilon,kl_sigma2,score_joint,kl_sigma2_true_vs_abc,kl_mu_avg,w2_sigma2,w2_mu_avg,sw2_joint,K,K_outliers,include_osum,seed
ABC-Vanilla,1000.0,0.01659320068359375,1000000.0,16.59320068359375,12.651289226834093,24.000282992557334,30980.63601206768,27.63102111466122,7.588403953614276,10.058202439747847,12.694832099870109,13.507481032297978,30,0,False,42
ABC-Vanilla,2154.4346900318833,0.03574896717139514,464158.8833612779,7.7018815006864685,8.028340245956288,23.956488174787797,30878.96477103121,27.631021114634095,7.540133382572416,10.033277030198581,12.72857526855474,13.497497543747997,30,0,False,42
ABC-Vanilla,4641.588833612778,0.07701881500686468,215443.4690031884,3.5748967171395147,7.39806608560161,23.974531324345474,30541.603523095037,27.63102111463833,7.620657907071748,10.009403381208339,12.852652210208586,13.613081827025072,30,0,False,42
ABC-Vanilla,10000.0,0.1659320068359375,100000.0,1.6593200683593752,6.95689554083342,23.971324715447402,29790.45871970045,27.63102111457627,7.748111721046138,10.017487927034152,12.618384449849893,13.422497721277345,30,0,False,42
ABC-Vanilla,21544.346900318837,0.35748967171395146,46415.88833612779,0.7701881500686469,6.604845760887841,23.956174617954865,30690.82019184078,27.631021114556432,7.531771937220032,10.028817961900398,12.739940478441138,13.508767303698416,30,0,False,42
ABC-Vanilla,46415.88833612777,0.7701881500686465,21544.346900318847,0.3574896717139516,6.305374270273272,23.99564904233592,30321.5798910222,27.631021114659074,7.634493656580208,10.036003891295433,12.685976337365856,13.465177168960585,30,0,False,42
ABC-Vanilla,100000.0,1.6593200683593752,10000.0,0.1659320068359375,6.0462148488894565,23.90824949635461,30505.647251852464,27.631021114508325,7.509579278613342,9.996611523381258,12.745389020909402,13.517656978832115,30,0,False,42
ABC-Vanilla,215443.4690031882,3.5748967171395116,4641.588833612783,0.07701881500686474,5.809818409555117,23.977582306812522,30991.14049266813,27.631021114617933,7.517919957082981,10.036852381097301,12.767039865274699,13.580120401072609,30,0,False,42
ABC-Vanilla,464158.8833612778,7.701881500686468,2154.434690031884,0.03574896717139515,5.593120558785918,23.920027264258383,30930.03184437051,27.63102111457172,7.4557451294513095,10.0233882574493,12.75316041239012,13.50880361343458,30,0,False,42
ABC-Vanilla,1000000.0,16.59320068359375,1000.0,0.01659320068359375,5.395559860609907,23.98662894240479,29738.584203566126,27.63102111461721,7.542375303837861,10.005895687127925,12.682639203234967,13.46979500383646,30,0,False,42
permABC-Vanilla,1000.0,0.03412150168418884,1000000.0,34.12150168418884,6.2082511446347945,23.95940128332377,2360.360111855515,27.631021114554034,3.1588410996408114,10.043030803619592,2.544664441615866,3.090646383339048,30,0,False,42
permABC-Vanilla,2154.4346900318833,0.07351254690439778,464158.8833612779,15.837798120343058,1.7575759762331284,23.942075631392477,1438.2331469659457,27.631021114613358,1.4068683583087929,10.0177249798104,1.4618830373745872,2.250896438191322,30,0,False,42
permABC-Vanilla,4641.588833612778,0.15837798120343052,215443.4690031884,7.351254690439779,1.4199170442180122,24.019176933576713,1189.3822841619638,27.631021114724184,0.9270598714560397,10.062935771620536,1.1247468408731414,2.0189902145126934,30,0,False,42
permABC-Vanilla,10000.0,0.34121501684188843,100000.0,3.4121501684188846,1.2348358211843127,24.049255171297617,1061.4479421855763,27.631021114788872,0.6817851959429628,10.100703810084651,0.9332452021984046,1.911753155544977,30,0,False,42
permABC-Vanilla,21544.346900318837,0.7351254690439778,46415.88833612779,1.5837798120343058,1.1105120194638436,24.032658436885438,984.1614657197943,27.631021114724867,0.5149962955824618,10.11632199954993,0.8082505465650913,1.843152512487343,30,0,False,42
permABC-Vanilla,46415.88833612777,1.583779812034305,21544.346900318847,0.7351254690439781,1.0180863037303942,24.061401037690615,932.9665745584225,27.631021114771034,0.40792931703454116,10.168402175105212,0.7284673867129999,1.814336060755428,30,0,False,42
permABC-Vanilla,100000.0,3.412150168418884,10000.0,0.34121501684188843,0.9446739386576097,24.124506457463,871.4330111354373,27.631021114837797,0.32205074910096826,10.176315874455934,0.646030195744875,1.7790524755381931,30,0,False,42
permABC-Vanilla,215443.4690031882,7.351254690439772,4641.588833612783,0.1583779812034307,0.8839277887204843,24.10718144461562,835.9547837431196,27.63102111475266,0.2600313075493205,10.195916093901678,0.5886193946003816,1.7553846786042846,30,0,False,42
permABC-Vanilla,464158.8833612778,15.837798120343052,2154.434690031884,0.0735125469043978,0.8337495726022234,24.20353168388163,806.2466063168647,27.631021114845918,0.21269426337580216,10.238759463813375,0.5400538174431918,1.7448592176657285,30,0,False,42
permABC-Vanilla,1000000.0,34.12150168418884,1000.0,0.03412150168418884,0.7885355665252569,24.19501253373498,777.9162807652003,27.631021114864748,0.18580117604443522,10.227353583012269,0.5106275406907667,1.7390545319207047,30,0,False,42
ABC-SMC,950.0,0.023576752344767252,28500.0,0.7073025703430176,9.694539543371878,23.958315223331816,29696.92447471667,27.631021114615898,7.646615417843007,10.027443028633288,12.53197929153914,13.305143719634932,30,0,False,42
ABC-SMC,1852.0,0.03798870245615641,55560.0,1.1396610736846924,9.292140452222991,23.958539495050665,29249.177640906644,27.63102111463595,7.64344085167167,10.032312460228427,12.397217915838086,13.160575059027165,30,0,False,42
ABC-SMC,2708.0,0.05194070339202881,81240.0,1.5582211017608643,9.105712306370677,23.96005008907728,28751.120696803613,27.631021114635505,7.623746664289516,10.032006634062798,12.279324114498534,13.041962173481114,30,0,False,42
ABC-SMC,3521.0,0.06512815952301025,105630.0,1.9538447856903076,8.941230322544135,23.964313740637223,28360.509000275455,27.631021114656384,7.597898792537447,10.032982485794939,12.174701721304437,12.932831209075816,30,0,False,42
ABC-SMC,4293.0,0.07911602656046549,128790.0,2.373480796813965,8.803985489187049,23.95720288474197,27854.297091016677,27.631021114655585,7.558893980064692,10.026321027868843,12.079286180197816,12.837471412376594,30,0,False,42
ABC-SMC,5026.0,0.09355656305948894,150780.0,2.806696891784668,8.67337980979062,23.959587849805928,27492.203392465763,27.631021114655493,7.556984282364629,10.027151992090921,11.99592964089555,12.747747535938155,30,0,False,42
ABC-SMC,5722.0,0.10695038636525471,171660.0,3.2085115909576416,8.59026820785045,23.96048837968958,26948.663856330386,27.631021114655198,7.55749694659681,10.020659002315398,11.913569915521945,12.648647167286432,30,0,False,42
ABC-SMC,6383.0,0.12089483737945557,191490.0,3.626845121383667,8.514980851269616,23.961709883548377,26775.20140765322,27.63102111467576,7.569362649907613,10.028541091247437,11.842017956023806,12.563759657056076,30,0,False,42
ABC-SMC,7011.0,0.13263378143310547,210330.0,3.979013442993164,8.429401441919582,23.971874735847507,26726.31009586267,27.63102111469765,7.570838276777637,10.042053497956859,11.763477540100753,12.487540324648446,30,0,False,42
ABC-SMC,7607.0,0.14569411277770997,228210.0,4.370823383331299,8.334586003942238,23.967657163312722,26584.4985128709,27.63102111469703,7.541768418597558,10.046714912624974,11.692350054061787,12.40733252735358,30,0,False,42
ABC-SMC,8173.0,0.15902686913808187,245190.0,4.770806074142456,8.272128796543017,23.979651266384728,26343.212960280456,27.631021114697774,7.542624766048424,10.05345711004449,11.624473762242284,12.337239636429933,30,0,False,42
ABC-SMC,8710.0,0.17292784849802653,261300.0,5.187835454940796,8.216774856235707,23.984870252314703,26340.806402012167,27.63102111469791,7.58393349669345,10.066572978753273,11.560703640010745,12.261287333173067,30,0,False,42
ABC-SMC,9220.0,0.186214812596639,276600.0,5.58644437789917,8.131857975431373,23.98476008685785,25823.133788123545,27.6310211147184,7.58509759894146,10.057142900665015,11.486768218891706,12.192449607171714,30,0,False,42
ABC-SMC,21115.702479338845,0.3997899940848022,306600.0,5.804950714111328,8.063401989976251,23.97814008007203,25690.057533938536,27.63102111471803,7.617838252569749,10.0569454414212,11.43074094840092,12.11471674700084,30,0,False,42
ABC-SMC,23080.578512396696,0.4283983188555589,335130.0,6.220343589782715,8.017421426881263,23.984110060741187,25455.215155438604,27.63102111471883,7.642984377953884,10.059456214360452,11.376285367610164,12.05145120726576,30,0,False,42
ABC-SMC,24896.90721649485,0.457695489077224,362250.0,6.659469366073608,7.958416977770161,23.99780029912747,25160.971464346254,27.631021114740445,7.681999996581405,10.061525932477336,11.323939643031263,11.985396120649419,30,0,False,42
ABC-SMC,26668.041237113408,0.48811379986530323,388020.0,7.102055788040161,7.902712153655957,23.99495892023904,25018.693645302475,27.63102111473998,7.692803707402761,10.061181116018576,11.268733241466927,11.927510869148293,30,0,False,42
ABC-SMC,28350.515463917527,0.5168336199730943,412500.0,7.5199291706085205,7.85330826054454,24.001179151419393,24870.161343801556,27.63102111476118,7.706081106367507,10.063881389896077,11.218173568591935,11.865373047471827,30,0,False,42
ABC-SMC,29948.453608247426,0.5440072423404027,435750.0,7.9153053760528564,7.805606251077651,24.00018049760198,24721.502252252176,27.631021114760735,7.69433590002829,10.064421738562052,11.165736139063597,11.819004199635682,30,0,False,42
ABC-SMC,31468.041237113408,0.5746550904106849,457860.0,8.361231565475464,7.721560958520784,23.99664043202789,24693.974525185957,27.631021114760273,7.764559603746707,10.067347996271645,11.116011267826048,11.759979178190408,30,0,False,42
ABC-SMC,32911.340206185574,0.6025398392038247,478860.0,8.76695466041565,7.681341244647086,23.999806069917987,24282.801599653932,27.631021114760156,7.772204327111733,10.063193457964449,11.06106915690765,11.70660675823156,30,0,False,42
ABC-SMC,34282.47422680412,0.6284654099507021,498810.0,9.144171714782715,7.6296099625510205,24.001175580949965,23884.87170858335,27.63102111476001,7.787522671364418,10.054216381039712,11.024016884728864,11.652846976331634,30,0,False,42
ABC-SMC,35585.567010309285,0.6552506640195028,517770.0,9.533897161483765,7.60634961190873,24.011901905497645,23593.39064749061,27.631021114760486,7.844914513079634,10.047909599998373,10.982612495933166,11.600520328889617,30,0,False,42
ABC-SMC,36824.74226804124,0.6808506582201143,535800.0,9.906377077102661,7.570000446049481,24.02577751264592,23387.54692905796,27.63102111476166,7.840947178955082,10.049264264137172,10.932063238173606,11.55698984681441,30,0,False,42
ABC-SMC,38002.06185567011,0.7072493136953244,552930.0,10.290477514266968,7.513838885120291,24.047062328180736,23170.83331446065,27.63102111478446,7.862526312327811,10.052795228723467,10.891625633316448,11.520638638591295,30,0,False,42
ABC-SMC,39119.587628865986,0.7341587256729809,569190.0,10.68200945854187,7.474641108839743,24.03849582456708,23202.366344381502,27.631021114783618,7.917561289164381,10.055244688482436,10.841698392697747,11.478374135438875,30,0,False,42
ABC-SMC,40181.443298969076,0.7595512547443823,584640.0,11.051470756530762,7.4229376501683,24.05223739580422,22776.064929454064,27.631021114784716,7.930490825132621,10.0496565151717,10.799792640633871,11.436303502063884,30,0,False,42
ABC-SMC,86813.55932203389,1.570162328623109,614640.0,11.116749286651611,7.379159517596629,24.06540339055364,22814.425769204136,27.63102111482773,7.907441090535586,10.060561444710519,10.765045551524171,11.39570584185792,30,0,False,42
ABC-SMC,90838.98305084746,1.5760845046932415,643140.0,11.15867829322815,7.356654330238623,24.05030970641447,22721.06464978432,27.631021114826737,7.928211736109982,10.057463275558698,10.72469344812311,11.350492630486357,30,0,False,42
ABC-SMC,94665.25423728814,1.6257550083311263,670230.0,11.510345458984375,7.331756279466348,24.05950346508173,22207.434340846252,27.631021114826783,7.93414919485812,10.04284422962267,10.686643227141678,11.325332553251807,30,0,False,42
ABC-SMC,98300.84745762711,1.6856880174518305,695970.0,11.93467116355896,7.295245939104951,24.071409381232012,21887.371717189497,27.631021114848693,8.001555884831781,10.040177116664077,10.641767350496965,11.303369104203751,30,0,False,42
ABC-SMC,101766.94915254237,1.7498998318688346,720510.0,12.389290809631348,7.2562429847660415,24.061257789518454,21716.395860117816,27.631021114847897,8.029667433582352,10.031896160245129,10.599824523375172,11.265834730811363,30,0,False,42
ABC-SMC,105067.79661016949,1.8121760443779034,743880.0,12.830206394195557,7.241493220958441,24.0718018485856,21299.724632128644,27.631021114848224,8.020506633996336,10.018300469078758,10.574703983406222,11.224116134797223,30,0,False,42
ABC-SMC,108207.62711864407,1.8710327013737738,766110.0,13.246911525726318,7.217343473777223,24.06056155172039,21058.077189710868,27.631021114847613,8.043620200900378,10.007065681664866,10.543622709654027,11.171201314201536,30,0,False,42
ABC-SMC,110734.17721518989,1.9251123929996197,787320.0,13.687549114227295,7.181737034358604,24.064105041272562,21110.95869043008,27.631021114847538,8.093923977780651,10.017656651117633,10.508066316077414,11.152782330632817,30,0,False,42
ABC-SMC,113578.05907172996,1.9862063994052206,807540.0,14.121927499771118,7.16064275885744,24.086765618896784,21250.943850331016,27.63102111487033,8.069258956127735,10.037443483158299,10.484601593657684,11.124862226887295,30,0,False,42
ABC-SMC,116282.70042194094,2.047364923018444,826770.0,14.556764602661133,7.124459252600802,24.095211219130363,21223.052679513487,27.631021114870276,8.053476548236484,10.035404921022131,10.460293407533076,11.089226151187702,30,0,False,42
ABC-SMC,118352.94117647059,2.0964018103121376,845040.0,14.968308925628662,7.101306444804198,24.129350235158824,21457.796825591966,27.631021114914894,8.057929259953898,10.079033805496085,10.434559228455118,11.055998748750783,30,0,False,42
ABC-SMC,120785.71428571429,2.1523541429129636,862410.0,15.36780858039856,7.082572424755405,24.168471090937405,21351.683288541062,27.631021114960184,8.111672941002562,10.08546548112043,10.407277918037767,11.010696833847929,30,0,False,42
ABC-SMC,123105.04201680672,2.2052781922476634,878970.0,15.745686292648315,7.052315034355454,24.18830099772635,21372.306532417315,27.631021114981937,8.104436012982545,10.09015076378587,10.377478926588275,10.982473367097414,30,0,False,42
ABC-SMC,125331.93277310925,2.2590723358282525,894870.0,16.12977647781372,7.037465468313974,24.172927777667823,21224.529337373082,27.631021114981234,8.100781317964225,10.081044297518222,10.350774010365631,10.957530106462736,30,0,False,42
ABC-SMC,127445.3781512605,2.3150364891821598,909960.0,16.52936053276062,7.011807874158044,24.191389394292045,21350.29087700333,27.63102111500341,8.126686755287807,10.097228115129013,10.31701977918041,10.92226981782369,30,0,False,42
ABC-SMC,272452.17391304346,4.806234871131786,939960.0,16.581510305404663,6.969768195810142,24.16245175357237,21193.909859180334,27.631021114981056,8.116617901539936,10.0859887377592,10.295686708838073,10.890420925618063,30,0,False,42
ABC-SMC,278310.3448275862,4.881891916538107,968520.0,16.988983869552612,6.944108826540285,24.157940244216952,21078.94288430924,27.631021114980644,8.193989030783788,10.081702333132677,10.257312129448676,10.859864015153203,30,0,False,42
ABC-SMC,286129.31034482754,5.012150399986354,995730.0,17.442283391952515,6.936737241494771,24.134391298067733,20842.12049164912,27.631021114979713,8.186364753191256,10.06761855258472,10.217859351063854,10.826414827282727,30,0,False,42
ABC-SMC,291059.82905982906,5.097996611201185,1021620.0,17.893968105316162,6.917709387778531,24.1662315731336,20626.045492886158,27.63102111500386,8.236624029919703,10.063989397130106,10.191425485241684,10.805678690738178,30,0,False,42
ABC-SMC,298128.20512820507,5.219655159192207,1046430.0,18.32098960876465,6.904127536925032,24.17242910833749,20415.713475460638,27.6310211150041,8.29002106494831,10.053778272192796,10.171787245329153,10.764295589197935,30,0,False,42
ABC-SMC,304888.8888888889,5.341284702985714,1070160.0,18.74790930747986,6.885265910391117,24.189118321431906,20453.78221095916,27.631021115026396,8.383405227541502,10.060540159950724,10.150481830620146,10.741685718767531,30,0,False,42
ABC-SMC,311316.23931623925,5.46683857583592,1092720.0,19.188603401184082,6.8688002057846,24.19581286566754,20214.877394423944,27.63102111502666,8.417302660917525,10.052880291219454,10.130814606160142,10.714208102763665,30,0,False,42
ABC-SMC,317427.3504273504,5.5809698892794435,1114170.0,19.58920431137085,6.846982204549453,24.237059123504963,20089.609933667623,27.631021115071825,8.614851472208594,10.065966172608343,10.10956128592405,10.664704140836237,30,0,False,42
ABC-SMC,323290.59829059825,5.691619815989437,1134750.0,19.977585554122925,6.831449142493862,24.268660632308894,19713.681342440465,27.63102111509471,8.694048517732378,10.066575979712807,10.092983688663093,10.628305690195202,30,0,False,42
ABC-SMC,326084.74576271186,5.76342128764438,1154340.0,20.40251135826111,6.807709879804894,24.270428608776186,19791.092263719504,27.631021115094633,8.681729711960035,10.071124555148263,10.068105724033508,10.603010347304842,30,0,False,42
ABC-SMC,331389.83050847455,5.871621632980088,1173120.0,20.78554058074951,6.782482596614221,24.29291645957159,20055.173623752686,27.631021115117246,8.76255816348504,10.093253798635947,10.040930806098016,10.57002731291232,30,0,False,42
ABC-SMC,336483.0508474576,5.884907609325344,1191150.0,20.83257293701172,6.76056872785697,24.293842753314316,19826.799539019463,27.63102111511711,8.765503199251276,10.085206585521554,10.024246580248796,10.546904023696525,30,0,False,42
ABC-SMC,341355.9322033898,5.99349285923155,1208400.0,21.216964721679688,6.747204654402193,24.305618661406214,19813.811605496798,27.631021115117274,8.751160669726127,10.084214307059796,10.009857451983665,10.533039013095866,30,0,False,42
ABC-SMC,343117.64705882355,6.059644803279588,1224930.0,21.63293194770813,6.734003806775353,24.305759519428378,19863.982221737664,27.631021115117065,8.820911222309594,10.085748440432306,9.999245821944134,10.516103766981772,30,0,False,42
ABC-SMC,347521.00840336137,6.174305841034534,1240650.0,22.042271852493286,6.722937463122551,24.292241713711434,19558.300148546394,27.63102111511657,8.884150104320888,10.067650056641334,9.970336599100527,10.488302749863989,30,0,False,42
ABC-SMC,705916.6666666667,12.282912068896826,1270650.0,22.109241724014282,6.708011701218337,24.256453490165523,19398.038443222726,27.631021115094608,9.048224772385346,10.053244696463416,9.94402974329874,10.46835470184073,30,0,False,42
ABC-SMC,721783.3333333334,12.306833134757149,1299210.0,22.152299642562866,6.685489711506789,24.29878501856716,19282.336148819282,27.631021115119495,9.158717693560058,10.050255570689895,9.923290666029265,10.444924909070389,30,0,False,42
ABC-SMC,724967.2131147542,12.344624435966784,1326690.0,22.590662717819214,6.685138927452743,24.287199231555476,19321.43250142347,27.63102111511899,9.140856455360915,10.053491573508566,9.901339227792368,10.425614564358586,30,0,False,42
ABC-SMC,739295.0819672132,12.585748870516083,1352910.0,23.031920433044434,6.682186243325822,24.267082199724832,19101.95223466158,27.63102111511828,9.046543971129266,10.037982421153208,9.858838403328807,10.371385410229516,30,0,False,42
ABC-SMC,753032.7868852458,12.821685290727459,1378050.0,23.46368408203125,6.668847840850828,24.294598333098776,19074.109825100062,27.631021115141625,8.936971653715565,10.048272415803492,9.838637530129228,10.340211210302263,30,0,False,42
ABC-SMC,753951.6129032258,12.829562028249107,1402350.0,23.862985372543335,6.645933349282358,24.302035654745914,19237.346227075737,27.631021115141706,8.953060994484117,10.060239163043455,9.813926537431968,10.321670943173222,30,0,False,42
ABC-SMC,754301.5873015872,12.85379689837259,1425630.0,24.293676137924194,6.637263803808496,24.306111691696884,18935.15654488015,27.631021115141632,9.2064668135775,10.042200309122043,9.797581992298701,10.301307991300986,30,0,False,42
ABC-SMC,754109.375,12.861212094624838,1447890.0,24.693527221679688,6.631168553910454,24.349560358884823,18791.669408017704,27.631021115165744,9.274548972329368,10.033039962701865,9.773244485391562,10.280377387100609,30,0,False,42
ABC-SMC,765156.25,12.886355072259903,1469100.0,24.741801738739014,6.612177982893994,24.342167058322676,18581.043788734456,27.631021115165343,9.226215099144165,10.01676697653355,9.74502971233494,10.236804801377847,30,0,False,42
ABC-SMC,775703.125,13.088131571809452,1489350.0,25.129212617874146,6.6061875506145915,24.37553124904599,18752.032285978938,27.63102111518834,9.326821327036233,10.025180448381247,9.740191160264986,10.194543700881242,30,0,False,42
ABC-SMC,785984.375,13.31031285226345,1509090.0,25.555800676345825,6.5972908433730115,24.382098616212478,18770.202231547908,27.631021115209325,9.387310201920837,10.023345369724499,9.733739529149627,10.170388615377012,30,0,False,42
ABC-SMC,795984.375,13.511318092544874,1528290.0,25.941730737686157,6.594293155582676,24.367267665309356,18970.3566729296,27.63102111520892,9.316503726622933,10.037523425604546,9.716220730986803,10.174164016486168,30,0,False,42
ABC-SMC,793092.3076923076,13.532041280697552,1546530.0,26.38748049736023,6.541716371195775,24.44093601251388,18624.156238681302,27.631021115255365,9.30409662526574,10.021573524671275,9.691721125011856,10.1440252013882,30,0,False,42
ABC-SMC,802138.4615384615,13.757222738021458,1564170.0,26.826584339141846,6.535115215231108,24.486409729925462,17931.165249560036,27.63102111527932,9.350568991820827,10.001393846839534,9.663098171698492,10.144256931920355,30,0,False,42
ABC-SMC,810815.3846153846,13.983293924576197,1581090.0,27.267423152923584,6.517670830785531,24.482651601640633,17649.337318735397,27.63102111527911,9.352873759403737,9.982416021167408,9.634464327178538,10.139682976275399,30,0,False,42
ABC-SMC,819153.8461538461,14.00672912597656,1597350.0,27.313121795654297,6.4889886303254665,24.526322010823304,17797.978781887956,27.63102111530246,9.346764893935312,9.990308004338168,9.57432218329402,10.132129148952972,30,0,False,42
ABC-SMC,814696.9696969697,14.002564459136039,1613100.0,27.725077629089355,6.4707179541523265,24.557583256328677,17358.39103158539,27.631021115303888,9.443018791461744,9.968978347493387,9.569569241726217,10.113788618674898,30,0,False,42
ABC-SMC,822378.7878787878,14.216130911701857,1628310.0,28.147939205169678,6.455389905428917,24.550015592740344,16957.434889218457,27.6310211153036,9.597357498985543,9.946904613230485,9.558871173092626,10.065080054133686,30,0,False,42
ABC-SMC,1675060.606060606,28.499617961922077,1658310.0,28.214621782302856,6.443962882136424,24.348181031894576,15971.152138471087,27.631021114892263,8.885195028095692,9.918671953594874,9.522180746411927,10.027806482122033,30,0,False,42
ABC-SMC,1704242.4242424243,28.905027081268003,1687200.0,28.615976810455322,6.441707235913358,24.36455120905562,16063.21188340362,27.631021114892295,8.960848214795845,9.92189135971363,9.486627508897838,10.051468032797132,30,0,False,42
ABC-SMC,1732242.4242424243,29.353759505532004,1714920.0,29.060221910476685,6.375671943485731,24.34626633329716,16232.351568375874,27.631021114891155,8.835944751751148,9.936595696991299,9.450129091915073,10.031178596106942,30,0,False,42
ABC-SMC,1759121.212121212,29.812974159163655,1741530.0,29.51484441757202,6.3631598905546065,24.372327423075546,16059.869624264635,27.6310211148919,8.753627685650684,9.92016975645748,9.422460064911494,10.01438669093211,30,0,False,42
ABC-SMC,1784878.787878788,30.217441886362405,1767030.0,29.91526746749878,6.350880703209581,24.39093317302013,16028.7084389989,27.631021114891954,8.67484648400302,9.911595589740195,9.403094884536905,9.96398341079114,30,0,False,42
ABC-SMC,1756176.4705882354,29.722713255414778,1791300.0,30.31716752052307,6.3429491889388006,24.413122706899102,16278.288831783171,27.631021114892153,8.822669046162995,9.929545117829356,9.340748636964483,9.969772825704231,30,0,False,42
ABC-SMC,1778823.5294117646,30.11557892257092,1814400.0,30.71789050102234,6.323989483631183,24.443462136444104,16460.867249930696,27.631021114913732,8.849681858122745,9.953538532186908,9.312096510515737,9.937416755657377,30,0,False,42
ABC-SMC,1800558.8235294118,30.549562912361292,1836570.0,31.16055417060852,6.316630198055628,24.425610223970818,16261.627379266281,27.631021114912585,8.938514775528104,9.935528764112975,9.30173535145702,9.889332228963788,30,0,False,42
ABC-SMC,1821294.1176470588,30.959544929803588,1857720.0,31.578735828399658,6.275586135484542,24.41547059771224,16512.037278466905,27.631021114932995,8.894745513132017,9.966112413352782,9.296965591767792,9.871472553753547,30,0,False,42
ABC-SMC,1841058.8235294118,31.367800516240738,1877880.0,31.99515652656555,6.252610443070189,24.430938353169353,16794.0515858843,27.631021114932803,8.984295675595092,9.98796500521492,9.283436707878897,9.857546495846824,30,0,False,42
ABC-SMC,1859882.3529411766,31.412688891092937,1897080.0,32.040942668914795,6.2509661059615445,24.42090220462012,16683.093003859012,27.631021114931727,8.793113763224243,9.972219527615422,9.284145961990196,9.828240592998718,30,0,False,42
ABC-SMC,1878705.8823529412,31.44764876833149,1916280.0,32.07660174369812,6.2509661059615445,24.42090220462012,16683.093003859012,27.631021114931727,8.793113763224243,9.972219527615422,9.284145961990196,9.828240592998718,30,0,False,42
ABC-SMC,1897529.4117647058,31.4774003683352,1935480.0,32.106948375701904,6.2509661059615445,24.42090220462012,16683.093003859012,27.631021114931727,8.793113763224243,9.972219527615422,9.284145961990196,9.828240592998718,30,0,False,42
ABC-SMC,1916352.9411764706,31.508118732302798,1954680.0,32.13828110694885,6.2509661059615445,24.42090220462012,16683.093003859012,27.631021114931727,8.793113763224243,9.972219527615422,9.284145961990196,9.828240592998718,30,0,False,42
ABC-SMC,1935176.4705882354,31.537671182669847,1973880.0,32.16842460632324,6.2509661059615445,24.42090220462012,16683.093003859012,27.631021114931727,8.793113763224243,9.972219527615422,9.284145961990196,9.828240592998718,30,0,False,42
ABC-SMC,1954000.0,31.56834443410238,1993080.0,32.199711322784424,6.2509661059615445,24.42090220462012,16683.093003859012,27.631021114931727,8.793113763224243,9.972219527615422,9.284145961990196,9.828240592998718,30,0,False,42
ABC-SMC,1972823.5294117646,31.597870003943353,2012280.0,32.22982740402222,6.2509661059615445,24.42090220462012,16683.093003859012,27.631021114931727,8.793113763224243,9.972219527615422,9.284145961990196,9.828240592998718,30,0,False,42
ABC-SMC,1991647.0588235294,31.628196379717657,2031480.0,32.26076030731201,6.2509661059615445,24.42090220462012,16683.093003859012,27.631021114931727,8.793113763224243,9.972219527615422,9.284145961990196,9.828240592998718,30,0,False,42
ABC-SMC,2010470.5882352942,31.657904737135944,2050680.0,32.29106283187866,6.2509661059615445,24.42090220462012,16683.093003859012,27.631021114931727,8.793113763224243,9.972219527615422,9.284145961990196,9.828240592998718,30,0,False,42
ABC-SMC,2029294.1176470588,31.688256590974095,2069880.0,32.32202172279358,6.2509661059615445,24.42090220462012,16683.093003859012,27.631021114931727,8.793113763224243,9.972219527615422,9.284145961990196,9.828240592998718,30,0,False,42
ABC-SMC,2048117.6470588234,31.718210145538933,2089080.0,32.35257434844971,6.2509661059615445,24.42090220462012,16683.093003859012,27.631021114931727,8.793113763224243,9.972219527615422,9.284145961990196,9.828240592998718,30,0,False,42
ABC-SMC,2066941.1764705882,31.748449568654976,2108280.0,32.383418560028076,6.2509661059615445,24.42090220462012,16683.093003859012,27.631021114931727,8.793113763224243,9.972219527615422,9.284145961990196,9.828240592998718,30,0,False,42
ABC-SMC,2085764.7058823532,31.778543135699103,2127480.0,32.414113998413086,6.2509661059615445,24.42090220462012,16683.093003859012,27.631021114931727,8.793113763224243,9.972219527615422,9.284145961990196,9.828240592998718,30,0,False,42
ABC-SMC,2104588.2352941176,31.80876806670544,2146680.0,32.44494342803955,6.2509661059615445,24.42090220462012,16683.093003859012,27.631021114931727,8.793113763224243,9.972219527615422,9.284145961990196,9.828240592998718,30,0,False,42
ABC-SMC,2123411.7647058824,31.83826535355811,2165880.0,32.47503066062927,6.2509661059615445,24.42090220462012,16683.093003859012,27.631021114931727,8.793113763224243,9.972219527615422,9.284145961990196,9.828240592998718,30,0,False,42
ABC-SMC,2142235.2941176468,31.86855292787739,2185080.0,32.50592398643494,6.2509661059615445,24.42090220462012,16683.093003859012,27.631021114931727,8.793113763224243,9.972219527615422,9.284145961990196,9.828240592998718,30,0,False,42
ABC-SMC,2099314.285714286,30.986586752391997,2204280.0,32.5359160900116,6.2509661059615445,24.42090220462012,16683.093003859012,27.631021114931727,8.793113763224243,9.972219527615422,9.284145961990196,9.828240592998718,30,0,False,42
ABC-SMC,2117600.0,31.01617835816883,2223480.0,32.56698727607727,6.2509661059615445,24.42090220462012,16683.093003859012,27.631021114931727,8.793113763224243,9.972219527615422,9.284145961990196,9.828240592998718,30,0,False,42
ABC-SMC,2135885.714285714,31.045106024969193,2242680.0,32.59736132621765,6.2509661059615445,24.42090220462012,16683.093003859012,27.631021114931727,8.793113763224243,9.972219527615422,9.284145961990196,9.828240592998718,30,0,False,42
ABC-SMC,2154171.428571428,31.075043224153063,2261880.0,32.62879538536072,6.2509661059615445,24.42090220462012,16683.093003859012,27.631021114931727,8.793113763224243,9.972219527615422,9.284145961990196,9.828240592998718,30,0,False,42
ABC-SMC,2172457.142857143,31.103756768362864,2281080.0,32.658944606781006,6.2509661059615445,24.42090220462012,16683.093003859012,27.631021114931727,8.793113763224243,9.972219527615422,9.284145961990196,9.828240592998718,30,0,False,42
ABC-SMC,2190742.8571428573,31.133134932745072,2300280.0,32.689791679382324,6.2509661059615445,24.42090220462012,16683.093003859012,27.631021114931727,8.793113763224243,9.972219527615422,9.284145961990196,9.828240592998718,30,0,False,42
ABC-SMC,2147666.666666667,30.296378223984338,2319480.0,32.720088481903076,6.2509661059615445,24.42090220462012,16683.093003859012,27.631021114931727,8.793113763224243,9.972219527615422,9.284145961990196,9.828240592998718,30,0,False,42
ABC-SMC,2165444.444444445,30.325149827533306,2338680.0,32.75116181373596,6.2509661059615445,24.42090220462012,16683.093003859012,27.631021114931727,8.793113763224243,9.972219527615422,9.284145961990196,9.828240592998718,30,0,False,42
ABC-SMC,2183222.2222222225,30.353836660031927,2357880.0,32.78214359283447,6.2509661059615445,24.42090220462012,16683.093003859012,27.631021114931727,8.793113763224243,9.972219527615422,9.284145961990196,9.828240592998718,30,0,False,42
ABC-SMC,2201000.0000000005,30.38236918272796,2377080.0,32.81295871734619,6.2509661059615445,24.42090220462012,16683.093003859012,27.631021114931727,8.793113763224243,9.972219527615422,9.284145961990196,9.828240592998718,30,0,False,42
ABC-SMC,2218777.7777777785,30.4106562225907,2396280.0,32.84350872039795,6.2509661059615445,24.42090220462012,16683.093003859012,27.631021114931727,8.793113763224243,9.972219527615422,9.284145961990196,9.828240592998718,30,0,False,42
ABC-SMC,2236555.555555556,30.4391070648476,2415480.0,32.8742356300354,6.2509661059615445,24.42090220462012,16683.093003859012,27.631021114931727,8.793113763224243,9.972219527615422,9.284145961990196,9.828240592998718,30,0,False,42
ABC-SMC,2254333.333333334,30.467026763492168,2434680.0,32.90438890457153,6.2509661059615445,24.42090220462012,16683.093003859012,27.631021114931727,8.793113763224243,9.972219527615422,9.284145961990196,9.828240592998718,30,0,False,42
ABC-SMC,2272111.111111112,30.49562440978157,2453880.0,32.93527436256409,6.2509661059615445,24.42090220462012,16683.093003859012,27.631021114931727,8.793113763224243,9.972219527615422,9.284145961990196,9.828240592998718,30,0,False,42
ABC-SMC,2289888.8888888895,30.52354808206912,2473080.0,32.965431928634644,6.2509661059615445,24.42090220462012,16683.093003859012,27.631021114931727,8.793113763224243,9.972219527615422,9.284145961990196,9.828240592998718,30,0,False,42
ABC-SMC,2245297.297297298,29.72666701755009,2492280.0,32.99660038948059,6.2509661059615445,24.42090220462012,16683.093003859012,27.631021114931727,8.793113763224243,9.972219527615422,9.284145961990196,9.828240592998718,30,0,False,42
ABC-SMC,2262594.594594595,29.75382396766732,2511480.0,33.02674460411072,6.2509661059615445,24.42090220462012,16683.093003859012,27.631021114931727,8.793113763224243,9.972219527615422,9.284145961990196,9.828240592998718,30,0,False,42
ABC-SMC,2162974.358974359,28.254584777049526,2530680.0,33.05786418914795,6.2509661059615445,24.42090220462012,16683.093003859012,27.631021114931727,8.793113763224243,9.972219527615422,9.284145961990196,9.828240592998718,30,0,False,42
ABC-SMC,2179384.615384615,28.280211106324806,2549880.0,33.087846994400024,6.2509661059615445,24.42090220462012,16683.093003859012,27.631021114931727,8.793113763224243,9.972219527615422,9.284145961990196,9.828240592998718,30,0,False,42
ABC-SMC,2195794.8717948715,28.306429610293137,2569080.0,33.11852264404297,6.2509661059615445,24.42090220462012,16683.093003859012,27.631021114931727,8.793113763224243,9.972219527615422,9.284145961990196,9.828240592998718,30,0,False,42
ABC-SMC,2212205.1282051285,28.33223485539102,2588280.0,33.148714780807495,6.2509661059615445,24.42090220462012,16683.093003859012,27.631021114931727,8.793113763224243,9.972219527615422,9.284145961990196,9.828240592998718,30,0,False,42
ABC-SMC,2228615.384615385,28.358409751174797,2607480.0,33.17933940887451,6.2509661059615445,24.42090220462012,16683.093003859012,27.631021114931727,8.793113763224243,9.972219527615422,9.284145961990196,9.828240592998718,30,0,False,42
ABC-SMC,2188900.0,27.674866517384846,2626680.0,33.209839820861816,6.2509661059615445,24.42090220462012,16683.093003859012,27.631021114931727,8.793113763224243,9.972219527615422,9.284145961990196,9.828240592998718,30,0,False,42
ABC-SMC,2204900.0,27.70048459370931,2645880.0,33.24058151245117,6.2509661059615445,24.42090220462012,16683.093003859012,27.631021114931727,8.793113763224243,9.972219527615422,9.284145961990196,9.828240592998718,30,0,False,42
ABC-SMC,2220900.0,27.725965579350788,2665080.0,33.27115869522095,6.2509661059615445,24.42090220462012,16683.093003859012,27.631021114931727,8.793113763224243,9.972219527615422,9.284145961990196,9.828240592998718,30,0,False,42
ABC-SMC,2236900.0,27.7514652411143,2684280.0,33.30175828933716,6.2509661059615445,24.42090220462012,16683.093003859012,27.631021114931727,8.793113763224243,9.972219527615422,9.284145961990196,9.828240592998718,30,0,False,42
ABC-SMC,2197951.2195121953,27.099226936092222,2703480.0,33.33204913139343,6.2509661059615445,24.42090220462012,16683.093003859012,27.631021114931727,8.793113763224243,9.972219527615422,9.284145961990196,9.828240592998718,30,0,False,42
ABC-SMC,2213560.975609756,27.124153889291655,2722680.0,33.362709283828735,6.2509661059615445,24.42090220462012,16683.093003859012,27.631021114931727,8.793113763224243,9.972219527615422,9.284145961990196,9.828240592998718,30,0,False,42
ABC-SMC,2229170.731707317,27.14851503449727,2741880.0,33.39267349243164,6.2509661059615445,24.42090220462012,16683.093003859012,27.631021114931727,8.793113763224243,9.972219527615422,9.284145961990196,9.828240592998718,30,0,False,42
ABC-SMC,2191333.3333333335,26.526796250116256,2761080.0,33.423763275146484,6.2509661059615445,24.42090220462012,16683.093003859012,27.631021114931727,8.793113763224243,9.972219527615422,9.284145961990196,9.828240592998718,30,0,False,42
ABC-SMC,2206571.4285714286,26.550742368849498,2780280.0,33.453935384750366,6.2509661059615445,24.42090220462012,16683.093003859012,27.631021114931727,8.793113763224243,9.972219527615422,9.284145961990196,9.828240592998718,30,0,False,42
ABC-SMC,2170139.5348837213,25.95737553382105,2799480.0,33.48501443862915,6.2509661059615445,24.42090220462012,16683.093003859012,27.631021114931727,8.793113763224243,9.972219527615422,9.284145961990196,9.828240592998718,30,0,False,42
ABC-SMC,2185023.255813954,25.980759591095214,2818680.0,33.51517987251282,6.2509661059615445,24.42090220462012,16683.093003859012,27.631021114931727,8.793113763224243,9.972219527615422,9.284145961990196,9.828240592998718,30,0,False,42
ABC-SMC,2149909.0909090913,25.413640701409545,2837880.0,33.546005725860596,6.2509661059615445,24.42090220462012,16683.093003859012,27.631021114931727,8.793113763224243,9.972219527615422,9.284145961990196,9.828240592998718,30,0,False,42
ABC-SMC,2164454.545454546,25.436496373378873,2857080.0,33.57617521286011,6.2509661059615445,24.42090220462012,16683.093003859012,27.631021114931727,8.793113763224243,9.972219527615422,9.284145961990196,9.828240592998718,30,0,False,42
ABC-SMC,2179000.0000000005,25.459855975526757,2876280.0,33.60700988769531,6.2509661059615445,24.42090220462012,16683.093003859012,27.631021114931727,8.793113763224243,9.972219527615422,9.284145961990196,9.828240592998718,30,0,False,42
ABC-SMC,2193545.454545455,25.485979968851268,2895480.0,33.64149355888367,6.2509661059615445,24.42090220462012,16683.093003859012,27.631021114931727,8.793113763224243,9.972219527615422,9.284145961990196,9.828240592998718,30,0,False,42
ABC-SMC,2159022.222222223,24.942786252057115,2914680.0,33.6727614402771,6.2509661059615445,24.42090220462012,16683.093003859012,27.631021114931727,8.793113763224243,9.972219527615422,9.284145961990196,9.828240592998718,30,0,False,42
ABC-SMC,2126000.0,24.422635893890824,2933880.0,33.703237533569336,6.2509661059615445,24.42090220462012,16683.093003859012,27.631021114931727,8.793113763224243,9.972219527615422,9.284145961990196,9.828240592998718,30,0,False,42
ABC-SMC,2139913.043478261,24.444946517115053,2953080.0,33.734026193618774,6.2509661059615445,24.42090220462012,16683.093003859012,27.631021114931727,8.793113763224243,9.972219527615422,9.284145961990196,9.828240592998718,30,0,False,42
ABC-SMC,2064083.3333333335,23.447271022531723,2972280.0,33.76407027244568,6.2509661059615445,24.42090220462012,16683.093003859012,27.631021114931727,8.793113763224243,9.972219527615422,9.284145961990196,9.828240592998718,30,0,False,42
ABC-SMC,2077416.6666666665,23.468592100673252,2991480.0,33.79477262496948,6.2509661059615445,24.42090220462012,16683.093003859012,27.631021114931727,8.793113763224243,9.972219527615422,9.284145961990196,9.828240592998718,30,0,False,42
ABC-SMC,2048081.6326530613,23.010123181505268,3010680.0,33.824881076812744,6.2509661059615445,24.42090220462012,16683.093003859012,27.631021114931727,8.793113763224243,9.972219527615422,9.284145961990196,9.828240592998718,30,0,False,42
ABC-SMC,2019920.0,22.570744673411053,3029880.0,33.85611701011658,6.2509661059615445,24.42090220462012,16683.093003859012,27.631021114931727,8.793113763224243,9.972219527615422,9.284145961990196,9.828240592998718,30,0,False,42
ABC-SMC,2032720.0,22.59086561203003,3049080.0,33.886298418045044,6.2509661059615445,24.42090220462012,16683.093003859012,27.631021114931727,8.793113763224243,9.972219527615422,9.284145961990196,9.828240592998718,30,0,False,42
ABC-SMC,2045520.0,22.611595153808594,3068280.0,33.91739273071289,6.2509661059615445,24.42090220462012,16683.093003859012,27.631021114931727,8.793113763224243,9.972219527615422,9.284145961990196,9.828240592998718,30,0,False,42
ABC-SMC,2017960.7843137258,22.18770201689278,3087480.0,33.94718408584595,6.2509661059615445,24.42090220462012,16683.093003859012,27.631021114931727,8.793113763224243,9.972219527615422,9.284145961990196,9.828240592998718,30,0,False,42
ABC-SMC,2030509.803921569,22.207733384923998,3106680.0,33.977832078933716,6.2509661059615445,24.42090220462012,16683.093003859012,27.631021114931727,8.793113763224243,9.972219527615422,9.284145961990196,9.828240592998718,30,0,False,42
ABC-SMC,2043058.8235294123,22.227253477557817,3125880.0,34.00769782066345,6.2509661059615445,24.42090220462012,16683.093003859012,27.631021114931727,8.793113763224243,9.972219527615422,9.284145961990196,9.828240592998718,30,0,False,42
ABC-SMC,2055607.8431372552,22.24718277750452,3145080.0,34.03818964958191,6.2509661059615445,24.42090220462012,16683.093003859012,27.631021114931727,8.793113763224243,9.972219527615422,9.284145961990196,9.828240592998718,30,0,False,42
ABC-SMC,2068156.8627450983,22.266974636152682,3164280.0,34.0684711933136,6.2509661059615445,24.42090220462012,16683.093003859012,27.631021114931727,8.793113763224243,9.972219527615422,9.284145961990196,9.828240592998718,30,0,False,42
ABC-SMC,2080705.8823529414,22.286895053838595,3183480.0,34.09894943237305,6.2509661059615445,24.42090220462012,16683.093003859012,27.631021114931727,8.793113763224243,9.972219527615422,9.284145961990196,9.828240592998718,30,0,False,42
ABC-SMC,2053000.0000000005,21.877753734588627,3202680.0,34.12929582595825,6.2509661059615445,24.42090220462012,16683.093003859012,27.631021114931727,8.793113763224243,9.972219527615422,9.284145961990196,9.828240592998718,30,0,False,42
ABC-SMC,2065307.6923076927,21.897276089741638,3221880.0,34.15975069999695,6.2509661059615445,24.42090220462012,16683.093003859012,27.631021114931727,8.793113763224243,9.972219527615422,9.284145961990196,9.828240592998718,30,0,False,42
ABC-SMC,2077615.3846153847,21.916449986971347,3241080.0,34.18966197967529,6.2509661059615445,24.42090220462012,16683.093003859012,27.631021114931727,8.793113763224243,9.972219527615422,9.284145961990196,9.828240592998718,30,0,False,42
ABC-SMC,2089923.0769230772,21.93618783584008,3260280.0,34.22045302391052,6.2509661059615445,24.42090220462012,16683.093003859012,27.631021114931727,8.793113763224243,9.972219527615422,9.284145961990196,9.828240592998718,30,0,False,42
ABC-SMC,2062566.0377358494,21.54112521957302,3279480.0,34.250389099121094,6.2509661059615445,24.42090220462012,16683.093003859012,27.631021114931727,8.793113763224243,9.972219527615422,9.284145961990196,9.828240592998718,30,0,False,42
ABC-SMC,2074641.5094339626,21.56065380048452,3298680.0,34.281439542770386,6.2509661059615445,24.42090220462012,16683.093003859012,27.631021114931727,8.793113763224243,9.972219527615422,9.284145961990196,9.828240592998718,30,0,False,42
ABC-SMC,2086716.981132076,21.579503863112734,3317880.0,34.31141114234924,6.2509661059615445,24.42090220462012,16683.093003859012,27.631021114931727,8.793113763224243,9.972219527615422,9.284145961990196,9.828240592998718,30,0,False,42
ABC-SMC,2098792.4528301894,21.59906108424349,3337080.0,34.342507123947144,6.2509661059615445,24.42090220462012,16683.093003859012,27.631021114931727,8.793113763224243,9.972219527615422,9.284145961990196,9.828240592998718,30,0,False,42
ABC-SMC,2110867.9245283026,21.617832723653542,3356280.0,34.37235403060913,6.2509661059615445,24.42090220462012,16683.093003859012,27.631021114931727,8.793113763224243,9.972219527615422,9.284145961990196,9.828240592998718,30,0,False,42
ABC-SMC,2122943.3962264154,21.637059907493356,3375480.0,34.40292525291443,6.2509661059615445,24.42090220462012,16683.093003859012,27.631021114931727,8.793113763224243,9.972219527615422,9.284145961990196,9.828240592998718,30,0,False,42
ABC-SMC,2095481.4814814818,21.25482205991392,3394680.0,34.43281173706055,6.2509661059615445,24.42090220462012,16683.093003859012,27.631021114931727,8.793113763224243,9.972219527615422,9.284145961990196,9.828240592998718,30,0,False,42
ABC-SMC,2107333.3333333335,21.273677437393758,3413880.0,34.46335744857788,6.2509661059615445,24.42090220462012,16683.093003859012,27.631021114931727,8.793113763224243,9.972219527615422,9.284145961990196,9.828240592998718,30,0,False,42
ABC-SMC,2080654.5454545454,20.905226216171727,3433080.0,34.49362325668335,6.2509661059615445,24.42090220462012,16683.093003859012,27.631021114931727,8.793113763224243,9.972219527615422,9.284145961990196,9.828240592998718,30,0,False,42
ABC-SMC,2092290.9090909092,20.923849308129512,3452280.0,34.524351358413696,6.2509661059615445,24.42090220462012,16683.093003859012,27.631021114931727,8.793113763224243,9.972219527615422,9.284145961990196,9.828240592998718,30,0,False,42
ABC-SMC,2103927.272727273,20.942217219959606,3471480.0,34.55465841293335,6.2509661059615445,24.42090220462012,16683.093003859012,27.631021114931727,8.793113763224243,9.972219527615422,9.284145961990196,9.828240592998718,30,0,False,42
ABC-SMC,2115563.6363636362,20.96078684835723,3490680.0,34.58529829978943,6.2509661059615445,24.42090220462012,16683.093003859012,27.631021114931727,8.793113763224243,9.972219527615422,9.284145961990196,9.828240592998718,30,0,False,42
ABC-SMC,2127200.0,20.97905534686464,3509880.0,34.61544132232666,6.2509661059615445,24.42090220462012,16683.093003859012,27.631021114931727,8.793113763224243,9.972219527615422,9.284145961990196,9.828240592998718,30,0,False,42
ABC-SMC,2138836.3636363638,20.9979721994111,3529080.0,34.64665412902832,6.2509661059615445,24.42090220462012,16683.093003859012,27.631021114931727,8.793113763224243,9.972219527615422,9.284145961990196,9.828240592998718,30,0,False,42
ABC-SMC,2150472.7272727275,21.016149520874023,3548280.0,34.67664670944214,6.2509661059615445,24.42090220462012,16683.093003859012,27.631021114931727,8.793113763224243,9.972219527615422,9.284145961990196,9.828240592998718,30,0,False,42
ABC-SMC,2162109.090909091,21.036499774817266,3567480.0,34.710224628448486,6.2509661059615445,24.42090220462012,16683.093003859012,27.631021114931727,8.793113763224243,9.972219527615422,9.284145961990196,9.828240592998718,30,0,False,42
ABC-SMC,2173745.454545454,21.054890083544183,3586680.0,34.7405686378479,6.2509661059615445,24.42090220462012,16683.093003859012,27.631021114931727,8.793113763224243,9.972219527615422,9.284145961990196,9.828240592998718,30,0,False,42
ABC-SMC,2185381.8181818184,21.07404564366196,3605880.0,34.772175312042236,6.2509661059615445,24.42090220462012,16683.093003859012,27.631021114931727,8.793113763224243,9.972219527615422,9.284145961990196,9.828240592998718,30,0,False,42
ABC-SMC,2197018.1818181816,21.09242381471576,3625080.0,34.802499294281006,6.2509661059615445,24.42090220462012,16683.093003859012,27.631021114931727,8.793113763224243,9.972219527615422,9.284145961990196,9.828240592998718,30,0,False,42
ABC-SMC,2208654.5454545454,21.111302375793457,3644280.0,34.833648920059204,6.2509661059615445,24.42090220462012,16683.093003859012,27.631021114931727,8.793113763224243,9.972219527615422,9.284145961990196,9.828240592998718,30,0,False,42
ABC-SMC,2220290.909090909,21.129615957086738,3663480.0,34.863866329193115,6.2509661059615445,24.42090220462012,16683.093003859012,27.631021114931727,8.793113763224243,9.972219527615422,9.284145961990196,9.828240592998718,30,0,False,42
ABC-SMC,2231927.272727273,21.148168101455223,3682680.0,34.89447736740112,6.2509661059615445,24.42090220462012,16683.093003859012,27.631021114931727,8.793113763224243,9.972219527615422,9.284145961990196,9.828240592998718,30,0,False,42
ABC-SMC,2243563.6363636362,21.166564479018703,3701880.0,34.92483139038086,6.2509661059615445,24.42090220462012,16683.093003859012,27.631021114931727,8.793113763224243,9.972219527615422,9.284145961990196,9.828240592998718,30,0,False,42
ABC-SMC,2214928.5714285714,20.8068399202256,3721080.0,34.955491065979004,6.2509661059615445,24.42090220462012,16683.093003859012,27.631021114931727,8.793113763224243,9.972219527615422,9.284145961990196,9.828240592998718,30,0,False,42
ABC-SMC,2226357.1428571427,20.82496001606896,3740280.0,34.98593282699585,6.2509661059615445,24.42090220462012,16683.093003859012,27.631021114931727,8.793113763224243,9.972219527615422,9.284145961990196,9.828240592998718,30,0,False,42
ABC-SMC,2237785.714285714,20.843127086049037,3759480.0,35.01645350456238,6.2509661059615445,24.42090220462012,16683.093003859012,27.631021114931727,8.793113763224243,9.972219527615422,9.284145961990196,9.828240592998718,30,0,False,42
ABC-SMC,2249214.285714286,20.860907577332995,3778680.0,35.046324729919434,6.2509661059615445,24.42090220462012,16683.093003859012,27.631021114931727,8.793113763224243,9.972219527615422,9.284145961990196,9.828240592998718,30,0,False,42
ABC-SMC,2260642.8571428573,20.879065422784716,3797880.0,35.07682991027832,6.2509661059615445,24.42090220462012,16683.093003859012,27.631021114931727,8.793113763224243,9.972219527615422,9.284145961990196,9.828240592998718,30,0,False,42
ABC-SMC,2272071.4285714286,20.89683711528778,3817080.0,35.10668635368347,6.2509661059615445,24.42090220462012,16683.093003859012,27.631021114931727,8.793113763224243,9.972219527615422,9.284145961990196,9.828240592998718,30,0,False,42
ABC-SMC,2283500.0,20.916281711487546,3836280.0,35.13935327529907,6.2509661059615445,24.42090220462012,16683.093003859012,27.631021114931727,8.793113763224243,9.972219527615422,9.284145961990196,9.828240592998718,30,0,False,42
ABC-SMC,2294928.5714285714,20.9345695518312,3855480.0,35.170076847076416,6.2509661059615445,24.42090220462012,16683.093003859012,27.631021114931727,8.793113763224243,9.972219527615422,9.284145961990196,9.828240592998718,30,0,False,42
ABC-SMC,2306357.1428571427,20.95332784312112,3874680.0,35.20159077644348,6.2509661059615445,24.42090220462012,16683.093003859012,27.631021114931727,8.793113763224243,9.972219527615422,9.284145961990196,9.828240592998718,30,0,False,42
ABC-SMC,2317785.714285714,20.971353423027765,3893880.0,35.231873750686646,6.2509661059615445,24.42090220462012,16683.093003859012,27.631021114931727,8.793113763224243,9.972219527615422,9.284145961990196,9.828240592998718,30,0,False,42
ABC-SMC,2329214.285714286,20.989924527349928,3913080.0,35.263073205947876,6.2509661059615445,24.42090220462012,16683.093003859012,27.631021114931727,8.793113763224243,9.972219527615422,9.284145961990196,9.828240592998718,30,0,False,42
ABC-SMC,2340642.8571428573,21.00805824711209,3932280.0,35.293537855148315,6.2509661059615445,24.42090220462012,16683.093003859012,27.631021114931727,8.793113763224243,9.972219527615422,9.284145961990196,9.828240592998718,30,0,False,42
ABC-SMC,2352071.4285714286,21.02660153593336,3951480.0,35.32469058036804,6.2509661059615445,24.42090220462012,16683.093003859012,27.631021114931727,8.793113763224243,9.972219527615422,9.284145961990196,9.828240592998718,30,0,False,42
ABC-SMC,2363500.0,21.044978215580898,3970680.0,35.3555634021759,6.2509661059615445,24.42090220462012,16683.093003859012,27.631021114931727,8.793113763224243,9.972219527615422,9.284145961990196,9.828240592998718,30,0,False,42
ABC-SMC,2374928.5714285714,21.06340924898783,3989880.0,35.38652753829956,6.2509661059615445,24.42090220462012,16683.093003859012,27.631021114931727,8.793113763224243,9.972219527615422,9.284145961990196,9.828240592998718,30,0,False,42
ABC-SMC,2344491.2280701757,20.711934496784767,4009080.0,35.41740798950195,6.2509661059615445,24.42090220462012,16683.093003859012,27.631021114931727,8.793113763224243,9.972219527615422,9.284145961990196,9.828240592998718,30,0,False,42
ABC-SMC,2355719.298245614,20.730011644419175,4028280.0,35.44831991195679,6.2509661059615445,24.42090220462012,16683.093003859012,27.631021114931727,8.793113763224243,9.972219527615422,9.284145961990196,9.828240592998718,30,0,False,42
ABC-SMC,2366947.3684210526,20.74776922750194,4047480.0,35.47868537902832,6.2509661059615445,24.42090220462012,16683.093003859012,27.631021114931727,8.793113763224243,9.972219527615422,9.284145961990196,9.828240592998718,30,0,False,42
ABC-SMC,2378175.4385964912,20.76595373320998,4066680.0,35.50978088378906,6.2509661059615445,24.42090220462012,16683.093003859012,27.631021114931727,8.793113763224243,9.972219527615422,9.284145961990196,9.828240592998718,30,0,False,42
ABC-SMC,2348206.896551724,20.425456693802758,4085880.0,35.5402946472168,6.2509661059615445,24.42090220462012,16683.093003859012,27.631021114931727,8.793113763224243,9.972219527615422,9.284145961990196,9.828240592998718,30,0,False,42
ABC-SMC,2359241.379310345,20.44347798687288,4105080.0,35.57165169715881,6.2509661059615445,24.42090220462012,16683.093003859012,27.631021114931727,8.793113763224243,9.972219527615422,9.284145961990196,9.828240592998718,30,0,False,42
ABC-SMC,2330101.694915254,20.11439800262451,4124280.0,35.602484464645386,6.2509661059615445,24.42090220462012,16683.093003859012,27.631021114931727,8.793113763224243,9.972219527615422,9.284145961990196,9.828240592998718,30,0,False,42
ABC-SMC,2340949.1525423727,20.132382171975692,4143480.0,35.63431644439697,6.2509661059615445,24.42090220462012,16683.093003859012,27.631021114931727,8.793113763224243,9.972219527615422,9.284145961990196,9.828240592998718,30,0,False,42
ABC-SMC,2351796.6101694913,20.149628994828564,4162680.0,35.66484332084656,6.2509661059615445,24.42090220462012,16683.093003859012,27.631021114931727,8.793113763224243,9.972219527615422,9.284145961990196,9.828240592998718,30,0,False,42
ABC-SMC,2362644.0677966103,20.167157474884206,4181880.0,35.695868730545044,6.2509661059615445,24.42090220462012,16683.093003859012,27.631021114931727,8.793113763224243,9.972219527615422,9.284145961990196,9.828240592998718,30,0,False,42
ABC-SMC,2373491.525423729,20.184290476438015,4201080.0,35.72619414329529,6.2509661059615445,24.42090220462012,16683.093003859012,27.631021114931727,8.793113763224243,9.972219527615422,9.284145961990196,9.828240592998718,30,0,False,42
ABC-SMC,2384338.983050848,20.201900853949077,4220280.0,35.75736451148987,6.2509661059615445,24.42090220462012,16683.093003859012,27.631021114931727,8.793113763224243,9.972219527615422,9.284145961990196,9.828240592998718,30,0,False,42
ABC-SMC,2395186.440677966,20.219370066109352,4239480.0,35.78828501701355,6.2509661059615445,24.42090220462012,16683.093003859012,27.631021114931727,8.793113763224243,9.972219527615422,9.284145961990196,9.828240592998718,30,0,False,42
ABC-SMC,2406033.8983050846,20.23684170286534,4258680.0,35.819209814071655,6.2509661059615445,24.42090220462012,16683.093003859012,27.631021114931727,8.793113763224243,9.972219527615422,9.284145961990196,9.828240592998718,30,0,False,42
ABC-SMC,2376600.0000000005,19.916787809795807,4277880.0,35.850218057632446,6.2509661059615445,24.42090220462012,16683.093003859012,27.631021114931727,8.793113763224243,9.972219527615422,9.284145961990196,9.828240592998718,30,0,False,42
ABC-SMC,2387266.666666667,19.934125741322838,4297080.0,35.8814263343811,6.2509661059615445,24.42090220462012,16683.093003859012,27.631021114931727,8.793113763224243,9.972219527615422,9.284145961990196,9.828240592998718,30,0,False,42
ABC-SMC,2397933.333333334,19.951064321729874,4316280.0,35.91191577911377,6.2509661059615445,24.42090220462012,16683.093003859012,27.631021114931727,8.793113763224243,9.972219527615422,9.284145961990196,9.828240592998718,30,0,False,42
ABC-SMC,2408600.0000000005,19.968401061164013,4335480.0,35.943121910095215,6.2509661059615445,24.42090220462012,16683.093003859012,27.631021114931727,8.793113763224243,9.972219527615422,9.284145961990196,9.828240592998718,30,0,False,42
ABC-SMC,2419266.666666667,19.985248777601456,4354680.0,35.97344779968262,6.2509661059615445,24.42090220462012,16683.093003859012,27.631021114931727,8.793113763224243,9.972219527615422,9.284145961990196,9.828240592998718,30,0,False,42
ABC-SMC,2429933.333333334,20.00266684426202,4373880.0,36.00480031967163,6.2509661059615445,24.42090220462012,16683.093003859012,27.631021114931727,8.793113763224243,9.972219527615422,9.284145961990196,9.828240592998718,30,0,False,42
ABC-SMC,2440600.0000000005,20.019627677069774,4393080.0,36.035329818725586,6.2509661059615445,24.42090220462012,16683.093003859012,27.631021114931727,8.793113763224243,9.972219527615422,9.284145961990196,9.828240592998718,30,0,False,42
ABC-SMC,2451266.666666667,20.037095811631946,4412280.0,36.0667724609375,6.2509661059615445,24.42090220462012,16683.093003859012,27.631021114931727,8.793113763224243,9.972219527615422,9.284145961990196,9.828240592998718,30,0,False,42
ABC-SMC,2461933.333333334,20.05390524864197,4431480.0,36.09702944755554,6.2509661059615445,24.42090220462012,16683.093003859012,27.631021114931727,8.793113763224243,9.972219527615422,9.284145961990196,9.828240592998718,30,0,False,42
ABC-SMC,2472600.0000000005,20.071234040790134,4450680.0,36.12822127342224,6.2509661059615445,24.42090220462012,16683.093003859012,27.631021114931727,8.793113763224243,9.972219527615422,9.284145961990196,9.828240592998718,30,0,False,42
ABC-SMC,2483266.666666667,20.088164011637375,4469880.0,36.158695220947266,6.2509661059615445,24.42090220462012,16683.093003859012,27.631021114931727,8.793113763224243,9.972219527615422,9.284145961990196,9.828240592998718,30,0,False,42
ABC-SMC,2453049.1803278686,19.77581274314005,4489080.0,36.18973731994629,6.2509661059615445,24.42090220462012,16683.093003859012,27.631021114931727,8.793113763224243,9.972219527615422,9.284145961990196,9.828240592998718,30,0,False,42
ABC-SMC,2463540.9836065574,19.792676362834992,4508280.0,36.22059774398804,6.2509661059615445,24.42090220462012,16683.093003859012,27.631021114931727,8.793113763224243,9.972219527615422,9.284145961990196,9.828240592998718,30,0,False,42
ABC-SMC,2474032.786885246,19.80966974477299,4527480.0,36.25169563293457,6.2509661059615445,24.42090220462012,16683.093003859012,27.631021114931727,8.793113763224243,9.972219527615422,9.284145961990196,9.828240592998718,30,0,False,42
ABC-SMC,2484524.5901639345,19.82704120906976,4546680.0,36.283485412597656,6.2509661059615445,24.42090220462012,16683.093003859012,27.631021114931727,8.793113763224243,9.972219527615422,9.284145961990196,9.828240592998718,30,0,False,42
ABC-SMC,2495016.393442623,19.84413464864095,4565880.0,36.31476640701294,6.2509661059615445,24.42090220462012,16683.093003859012,27.631021114931727,8.793113763224243,9.972219527615422,9.284145961990196,9.828240592998718,30,0,False,42
ABC-SMC,2465096.7741935486,19.54042398801414,4585080.0,36.3451886177063,6.2509661059615445,24.42090220462012,16683.093003859012,27.631021114931727,8.793113763224243,9.972219527615422,9.284145961990196,9.828240592998718,30,0,False,42
ABC-SMC,2436126.9841269837,19.246783332219195,4604280.0,36.37642049789429,6.2509661059615445,24.42090220462012,16683.093003859012,27.631021114931727,8.793113763224243,9.972219527615422,9.284145961990196,9.828240592998718,30,0,False,42
ABC-SMC,2446285.7142857136,19.26301068099087,4623480.0,36.407090187072754,6.2509661059615445,24.42090220462012,16683.093003859012,27.631021114931727,8.793113763224243,9.972219527615422,9.284145961990196,9.828240592998718,30,0,False,42
ABC-SMC,2456444.4444444445,19.279724832565062,4642680.0,36.438679933547974,6.2509661059615445,24.42090220462012,16683.093003859012,27.631021114931727,8.793113763224243,9.972219527615422,9.284145961990196,9.828240592998718,30,0,False,42
ABC-SMC,2466603.1746031744,19.295890999849508,4661880.0,36.469233989715576,6.2509661059615445,24.42090220462012,16683.093003859012,27.631021114931727,8.793113763224243,9.972219527615422,9.284145961990196,9.828240592998718,30,0,False,42
ABC-SMC,2476761.9047619044,19.312661287015075,4681080.0,36.500929832458496,6.2509661059615445,24.42090220462012,16683.093003859012,27.631021114931727,8.793113763224243,9.972219527615422,9.284145961990196,9.828240592998718,30,0,False,42
ABC-SMC,2486920.634920635,19.32879982801972,4700280.0,36.531431674957275,6.2509661059615445,24.42090220462012,16683.093003859012,27.631021114931727,8.793113763224243,9.972219527615422,9.284145961990196,9.828240592998718,30,0,False,42
ABC-SMC,2497079.3650793647,19.345338130123398,4719480.0,36.56268906593323,6.2509661059615445,24.42090220462012,16683.093003859012,27.631021114931727,8.793113763224243,9.972219527615422,9.284145961990196,9.828240592998718,30,0,False,42
ABC-SMC,2507238.095238095,19.36877820857618,4738680.0,36.606990814208984,6.2509661059615445,24.42090220462012,16683.093003859012,27.631021114931727,8.793113763224243,9.972219527615422,9.284145961990196,9.828240592998718,30,0,False,42
ABC-SMC,2517396.825396825,19.38613798252489,4757880.0,36.639800786972046,6.2509661059615445,24.42090220462012,16683.093003859012,27.631021114931727,8.793113763224243,9.972219527615422,9.284145961990196,9.828240592998718,30,0,False,42
ABC-SMC,2527555.555555555,19.402527052258687,4777080.0,36.67077612876892,6.2509661059615445,24.42090220462012,16683.093003859012,27.631021114931727,8.793113763224243,9.972219527615422,9.284145961990196,9.828240592998718,30,0,False,42
ABC-SMC,2537714.2857142854,19.419032934481503,4796280.0,36.701972246170044,6.2509661059615445,24.42090220462012,16683.093003859012,27.631021114931727,8.793113763224243,9.972219527615422,9.284145961990196,9.828240592998718,30,0,False,42
ABC-SMC,2547873.0158730154,19.435274159466776,4815480.0,36.73266816139221,6.2509661059615445,24.42090220462012,16683.093003859012,27.631021114931727,8.793113763224243,9.972219527615422,9.284145961990196,9.828240592998718,30,0,False,42
ABC-SMC,2558031.7460317453,19.451680763688667,4834680.0,36.76367664337158,6.2509661059615445,24.42090220462012,16683.093003859012,27.631021114931727,8.793113763224243,9.972219527615422,9.284145961990196,9.828240592998718,30,0,False,42
ABC-SMC,2568190.4761904757,19.46772116201895,4853880.0,36.79399299621582,6.2509661059615445,24.42090220462012,16683.093003859012,27.631021114931727,8.793113763224243,9.972219527615422,9.284145961990196,9.828240592998718,30,0,False,42
ABC-SMC,2578349.2063492057,19.484114394616824,4873080.0,36.824976205825806,6.2509661059615445,24.42090220462012,16683.093003859012,27.631021114931727,8.793113763224243,9.972219527615422,9.284145961990196,9.828240592998718,30,0,False,42
ABC-SMC,2588507.9365079366,19.500200332157192,4892280.0,36.8553786277771,6.2509661059615445,24.42090220462012,16683.093003859012,27.631021114931727,8.793113763224243,9.972219527615422,9.284145961990196,9.828240592998718,30,0,False,42
ABC-SMC,2598666.6666666665,19.516989793727006,4911480.0,36.88711071014404,6.2509661059615445,24.42090220462012,16683.093003859012,27.631021114931727,8.793113763224243,9.972219527615422,9.284145961990196,9.828240592998718,30,0,False,42
ABC-SMC,2608825.3968253965,19.533097050177354,4930680.0,36.917553424835205,6.2509661059615445,24.42090220462012,16683.093003859012,27.631021114931727,8.793113763224243,9.972219527615422,9.284145961990196,9.828240592998718,30,0,False,42
ABC-SMC,2618984.126984127,19.54982280731201,4949880.0,36.9491651058197,6.2509661059615445,24.42090220462012,16683.093003859012,27.631021114931727,8.793113763224243,9.972219527615422,9.284145961990196,9.828240592998718,30,0,False,42
ABC-SMC,2629142.857142857,19.565980648868297,4969080.0,36.979703426361084,6.2509661059615445,24.42090220462012,16683.093003859012,27.631021114931727,8.793113763224243,9.972219527615422,9.284145961990196,9.828240592998718,30,0,False,42
ABC-SMC,2598062.5,19.276477272311848,4988280.0,37.010836362838745,6.2509661059615445,24.42090220462012,16683.093003859012,27.631021114931727,8.793113763224243,9.972219527615422,9.284145961990196,9.828240592998718,30,0,False,42
ABC-SMC,2567938.461538461,18.99551892891908,5007480.0,37.04126191139221,6.2509661059615445,24.42090220462012,16683.093003859012,27.631021114931727,8.793113763224243,9.972219527615422,9.284145961990196,9.828240592998718,30,0,False,42
ABC-SMC,2577784.615384615,19.011505444844563,5026680.0,37.0724356174469,6.2509661059615445,24.42090220462012,16683.093003859012,27.631021114931727,8.793113763224243,9.972219527615422,9.284145961990196,9.828240592998718,30,0,False,42
ABC-SMC,2587630.769230769,19.027387667924927,5045880.0,37.10340595245361,6.2509661059615445,24.42090220462012,16683.093003859012,27.631021114931727,8.793113763224243,9.972219527615422,9.284145961990196,9.828240592998718,30,0,False,42
ABC-SMC,2597476.923076923,19.043425657810307,5065080.0,37.1346800327301,6.2509661059615445,24.42090220462012,16683.093003859012,27.631021114931727,8.793113763224243,9.972219527615422,9.284145961990196,9.828240592998718,30,0,False,42
ABC-SMC,2607323.076923077,19.059327565706692,5084280.0,37.16568875312805,6.2509661059615445,24.42090220462012,16683.093003859012,27.631021114931727,8.793113763224243,9.972219527615422,9.284145961990196,9.828240592998718,30,0,False,42
ABC-SMC,2617169.2307692305,19.075306745675892,5103480.0,37.19684815406799,6.2509661059615445,24.42090220462012,16683.093003859012,27.631021114931727,8.793113763224243,9.972219527615422,9.284145961990196,9.828240592998718,30,0,False,42
ABC-SMC,2627015.3846153845,19.09090078794039,5122680.0,37.227256536483765,6.2509661059615445,24.42090220462012,16683.093003859012,27.631021114931727,8.793113763224243,9.972219527615422,9.284145961990196,9.828240592998718,30,0,False,42
ABC-SMC,2636861.538461538,19.106887181599934,5141880.0,37.25843000411987,6.2509661059615445,24.42090220462012,16683.093003859012,27.631021114931727,8.793113763224243,9.972219527615422,9.284145961990196,9.828240592998718,30,0,False,42
ABC-SMC,2646707.692307692,19.12248318011944,5161080.0,37.28884220123291,6.2509661059615445,24.42090220462012,16683.093003859012,27.631021114931727,8.793113763224243,9.972219527615422,9.284145961990196,9.828240592998718,30,0,False,42
ABC-SMC,2656553.846153846,19.13868965246738,5180280.0,37.3204448223114,6.2509661059615445,24.42090220462012,16683.093003859012,27.631021114931727,8.793113763224243,9.972219527615422,9.284145961990196,9.828240592998718,30,0,False,42
ABC-SMC,2666399.9999999995,19.15430937057886,5199480.0,37.350903272628784,6.2509661059615445,24.42090220462012,16683.093003859012,27.631021114931727,8.793113763224243,9.972219527615422,9.284145961990196,9.828240592998718,30,0,False,42
ABC-SMC,2676246.1538461535,19.170561203589806,5218680.0,37.38259434700012,6.2509661059615445,24.42090220462012,16683.093003859012,27.631021114931727,8.793113763224243,9.972219527615422,9.284145961990196,9.828240592998718,30,0,False,42
ABC-SMC,2605910.4477611934,18.613416164075556,5237880.0,37.41296648979187,6.2509661059615445,24.42090220462012,16683.093003859012,27.631021114931727,8.793113763224243,9.972219527615422,9.284145961990196,9.828240592998718,30,0,False,42
ABC-SMC,2615462.686567164,18.628877905470812,5257080.0,37.44404458999634,6.2509661059615445,24.42090220462012,16683.093003859012,27.631021114931727,8.793113763224243,9.972219527615422,9.284145961990196,9.828240592998718,30,0,False,42
ABC-SMC,2625014.925373134,18.64392804862255,5276280.0,37.47429537773132,6.2509661059615445,24.42090220462012,16683.093003859012,27.631021114931727,8.793113763224243,9.972219527615422,9.284145961990196,9.828240592998718,30,0,False,42
ABC-SMC,2634567.164179104,18.65940544735733,5295480.0,37.50540494918823,6.2509661059615445,24.42090220462012,16683.093003859012,27.631021114931727,8.793113763224243,9.972219527615422,9.284145961990196,9.828240592998718,30,0,False,42
ABC-SMC,2605235.2941176468,18.39999977280112,5314680.0,37.53599953651428,6.2509661059615445,24.42090220462012,16683.093003859012,27.631021114931727,8.793113763224243,9.972219527615422,9.284145961990196,9.828240592998718,30,0,False,42
ABC-SMC,2614647.058823529,18.415131522159953,5333880.0,37.5668683052063,6.2509661059615445,24.42090220462012,16683.093003859012,27.631021114931727,8.793113763224243,9.972219527615422,9.284145961990196,9.828240592998718,30,0,False,42
ABC-SMC,2624058.8235294116,18.437499626010073,5353080.0,37.61249923706055,6.2509661059615445,24.42090220462012,16683.093003859012,27.631021114931727,8.793113763224243,9.972219527615422,9.284145961990196,9.828240592998718,30,0,False,42
ABC-SMC,2633470.588235294,18.452856236813115,5372280.0,37.643826723098755,6.2509661059615445,24.42090220462012,16683.093003859012,27.631021114931727,8.793113763224243,9.972219527615422,9.284145961990196,9.828240592998718,30,0,False,42
ABC-SMC,2642882.3529411764,18.467765462164785,5391480.0,37.67424154281616,6.2509661059615445,24.42090220462012,16683.093003859012,27.631021114931727,8.793113763224243,9.972219527615422,9.284145961990196,9.828240592998718,30,0,False,42
ABC-SMC,2652294.117647059,18.48290422383477,5410680.0,37.705124616622925,6.2509661059615445,24.42090220462012,16683.093003859012,27.631021114931727,8.793113763224243,9.972219527615422,9.284145961990196,9.828240592998718,30,0,False,42
ABC-SMC,2661705.882352941,18.49773421007044,5429880.0,37.7353777885437,6.2509661059615445,24.42090220462012,16683.093003859012,27.631021114931727,8.793113763224243,9.972219527615422,9.284145961990196,9.828240592998718,30,0,False,42
ABC-SMC,2594800.0,17.984223138718377,5449080.0,37.766868591308594,6.2509661059615445,24.42090220462012,16683.093003859012,27.631021114931727,8.793113763224243,9.972219527615422,9.284145961990196,9.828240592998718,30,0,False,42
ABC-SMC,2496931.506849315,17.258952197418907,5468280.0,37.79710531234741,6.2509661059615445,24.42090220462012,16683.093003859012,27.631021114931727,8.793113763224243,9.972219527615422,9.284145961990196,9.828240592998718,30,0,False,42
ABC-SMC,2505698.6301369863,17.273305104747756,5487480.0,37.82853817939758,6.2509661059615445,24.42090220462012,16683.093003859012,27.631021114931727,8.793113763224243,9.972219527615422,9.284145961990196,9.828240592998718,30,0,False,42
ABC-SMC,2480486.486486487,17.053431004017327,5506680.0,37.85861682891846,6.2509661059615445,24.42090220462012,16683.093003859012,27.631021114931727,8.793113763224243,9.972219527615422,9.284145961990196,9.828240592998718,30,0,False,42
ABC-SMC,2489135.1351351356,17.067365925591275,5525880.0,37.88955235481262,6.2509661059615445,24.42090220462012,16683.093003859012,27.631021114931727,8.793113763224243,9.972219527615422,9.284145961990196,9.828240592998718,30,0,False,42
ABC-SMC,2464480.0,16.853311750623917,5545080.0,37.91995143890381,6.2509661059615445,24.42090220462012,16683.093003859012,27.631021114931727,8.793113763224243,9.972219527615422,9.284145961990196,9.828240592998718,30,0,False,42
ABC-SMC,2473013.3333333335,16.86710188123915,5564280.0,37.950979232788086,6.2509661059615445,24.42090220462012,16683.093003859012,27.631021114931727,8.793113763224243,9.972219527615422,9.284145961990196,9.828240592998718,30,0,False,42
ABC-SMC,2481546.6666666665,16.880676375495064,5583480.0,37.98152184486389,6.2509661059615445,24.42090220462012,16683.093003859012,27.631021114931727,8.793113763224243,9.972219527615422,9.284145961990196,9.828240592998718,30,0,False,42
ABC-SMC,2490080.0,16.894394980536564,5602680.0,38.012388706207275,6.2509661059615445,24.42090220462012,16683.093003859012,27.631021114931727,8.793113763224243,9.972219527615422,9.284145961990196,9.828240592998718,30,0,False,42
ABC-SMC,2498613.333333333,16.908005714416504,5621880.0,38.043012857437134,6.2509661059615445,24.42090220462012,16683.093003859012,27.631021114931727,8.793113763224243,9.972219527615422,9.284145961990196,9.828240592998718,30,0,False,42
ABC-SMC,2507146.6666666665,16.922058317396377,5641080.0,38.074631214141846,6.2509661059615445,24.42090220462012,16683.093003859012,27.631021114931727,8.793113763224243,9.972219527615422,9.284145961990196,9.828240592998718,30,0,False,42
ABC-SMC,2515680.0,16.936046176486546,5660280.0,38.10610389709473,6.2509661059615445,24.42090220462012,16683.093003859012,27.631021114931727,8.793113763224243,9.972219527615422,9.284145961990196,9.828240592998718,30,0,False,42
ABC-SMC,2524213.333333333,16.9498291015625,5679480.0,38.137115478515625,6.2509661059615445,24.42090220462012,16683.093003859012,27.631021114931727,8.793113763224243,9.972219527615422,9.284145961990196,9.828240592998718,30,0,False,42
ABC-SMC,2499421.052631579,16.74003193252965,5698680.0,38.1672728061676,6.2509661059615445,24.42090220462012,16683.093003859012,27.631021114931727,8.793113763224243,9.972219527615422,9.284145961990196,9.828240592998718,30,0,False,42
ABC-SMC,2507842.1052631577,16.75388342455814,5717880.0,38.198854207992554,6.2509661059615445,24.42090220462012,16683.093003859012,27.631021114931727,8.793113763224243,9.972219527615422,9.284145961990196,9.828240592998718,30,0,False,42
ABC-SMC,2516263.1578947366,16.767123289275588,5737080.0,38.22904109954834,6.2509661059615445,24.42090220462012,16683.093003859012,27.631021114931727,8.793113763224243,9.972219527615422,9.284145961990196,9.828240592998718,30,0,False,42
ABC-SMC,2524684.210526316,16.780825351413927,5756280.0,38.260281801223755,6.2509661059615445,24.42090220462012,16683.093003859012,27.631021114931727,8.793113763224243,9.972219527615422,9.284145961990196,9.828240592998718,30,0,False,42
ABC-SMC,2533105.2631578944,16.79418923562033,5775480.0,38.290751457214355,6.2509661059615445,24.42090220462012,16683.093003859012,27.631021114931727,8.793113763224243,9.972219527615422,9.284145961990196,9.828240592998718,30,0,False,42
ABC-SMC,2541526.3157894737,16.8077290058136,5794680.0,38.321622133255005,6.2509661059615445,24.42090220462012,16683.093003859012,27.631021114931727,8.793113763224243,9.972219527615422,9.284145961990196,9.828240592998718,30,0,False,42
ABC-SMC,2549947.3684210526,16.820951930263586,5813880.0,38.35177040100098,6.2509661059615445,24.42090220462012,16683.093003859012,27.631021114931727,8.793113763224243,9.972219527615422,9.284145961990196,9.828240592998718,30,0,False,42
ABC-SMC,2558368.4210526315,16.83450466708133,5833080.0,38.382670640945435,6.2509661059615445,24.42090220462012,16683.093003859012,27.631021114931727,8.793113763224243,9.972219527615422,9.284145961990196,9.828240592998718,30,0,False,42
ABC-SMC,2533454.5454545454,16.62922545428916,5852280.0,38.41351079940796,6.2509661059615445,24.42090220462012,16683.093003859012,27.631021114931727,8.793113763224243,9.972219527615422,9.284145961990196,9.828240592998718,30,0,False,42
ABC-SMC,2541766.2337662335,16.64258184887114,5871480.0,38.444364070892334,6.2509661059615445,24.42090220462012,16683.093003859012,27.631021114931727,8.793113763224243,9.972219527615422,9.284145961990196,9.828240592998718,30,0,False,42
ABC-SMC,2550077.922077922,16.65588137391326,5890680.0,38.475085973739624,6.2509661059615445,24.42090220462012,16683.093003859012,27.631021114931727,8.793113763224243,9.972219527615422,9.284145961990196,9.828240592998718,30,0,False,42
ABC-SMC,2558389.6103896103,16.66926191998767,5909880.0,38.50599503517151,6.2509661059615445,24.42090220462012,16683.093003859012,27.631021114931727,8.793113763224243,9.972219527615422,9.284145961990196,9.828240592998718,30,0,False,42
ABC-SMC,2533794.8717948715,16.468509038289387,5929080.0,38.53631114959717,6.2509661059615445,24.42090220462012,16683.093003859012,27.631021114931727,8.793113763224243,9.972219527615422,9.284145961990196,9.828240592998718,30,0,False,42
ABC-SMC,2542000.0,16.481735665574035,5948280.0,38.56726145744324,6.2509661059615445,24.42090220462012,16683.093003859012,27.631021114931727,8.793113763224243,9.972219527615422,9.284145961990196,9.828240592998718,30,0,False,42
ABC-SMC,2550205.1282051285,16.501106360019783,5967480.0,38.61258888244629,6.2509661059615445,24.42090220462012,16683.093003859012,27.631021114931727,8.793113763224243,9.972219527615422,9.284145961990196,9.828240592998718,30,0,False,42
ABC-SMC,2558410.2564102565,16.514574156867134,5986680.0,38.64410352706909,6.2509661059615445,24.42090220462012,16683.093003859012,27.631021114931727,8.793113763224243,9.972219527615422,9.284145961990196,9.828240592998718,30,0,False,42
ABC-SMC,2566615.384615385,16.527542803022595,6005880.0,38.674450159072876,6.2509661059615445,24.42090220462012,16683.093003859012,27.631021114931727,8.793113763224243,9.972219527615422,9.284145961990196,9.828240592998718,30,0,False,42
ABC-SMC,2574820.5128205125,16.540896688771042,6025080.0,38.70569825172424,6.2509661059615445,24.42090220462012,16683.093003859012,27.631021114931727,8.793113763224243,9.972219527615422,9.284145961990196,9.828240592998718,30,0,False,42
ABC-SMC,2583025.641025641,16.55383252689981,6044280.0,38.73596811294556,6.2509661059615445,24.42090220462012,16683.093003859012,27.631021114931727,8.793113763224243,9.972219527615422,9.284145961990196,9.828240592998718,30,0,False,42
ABC-SMC,2558430.3797468357,16.357391091841684,6063480.0,38.767016887664795,6.2509661059615445,24.42090220462012,16683.093003859012,27.631021114931727,8.793113763224243,9.972219527615422,9.284145961990196,9.828240592998718,30,0,False,42
ABC-SMC,2534450.0,16.165525913238525,6082680.0,38.79726219177246,6.2509661059615445,24.42090220462012,16683.093003859012,27.631021114931727,8.793113763224243,9.972219527615422,9.284145961990196,9.828240592998718,30,0,False,42
ABC-SMC,2542450.0,16.178485453128815,6101880.0,38.828365087509155,6.2509661059615445,24.42090220462012,16683.093003859012,27.631021114931727,8.793113763224243,9.972219527615422,9.284145961990196,9.828240592998718,30,0,False,42
ABC-SMC,2518962.962962963,15.991410012107819,6121080.0,38.859126329422,6.2509661059615445,24.42090220462012,16683.093003859012,27.631021114931727,8.793113763224243,9.972219527615422,9.284145961990196,9.828240592998718,30,0,False,42
ABC-SMC,2496048.7804878047,15.809100139431838,6140280.0,38.89038634300232,6.2509661059615445,24.42090220462012,16683.093003859012,27.631021114931727,8.793113763224243,9.972219527615422,9.284145961990196,9.828240592998718,30,0,False,42
ABC-SMC,2503853.6585365855,15.821649970077885,6159480.0,38.9212589263916,6.2509661059615445,24.42090220462012,16683.093003859012,27.631021114931727,8.793113763224243,9.972219527615422,9.284145961990196,9.828240592998718,30,0,False,42
ABC-SMC,2511658.536585366,15.834276366039989,6178680.0,38.952319860458374,6.2509661059615445,24.42090220462012,16683.093003859012,27.631021114931727,8.793113763224243,9.972219527615422,9.284145961990196,9.828240592998718,30,0,False,42
ABC-SMC,2519463.4146341463,15.84667849346874,6197880.0,38.982829093933105,6.2509661059615445,24.42090220462012,16683.093003859012,27.631021114931727,8.793113763224243,9.972219527615422,9.284145961990196,9.828240592998718,30,0,False,42
ABC-SMC,2527268.292682927,15.859290836303217,6217080.0,39.01385545730591,6.2509661059615445,24.42090220462012,16683.093003859012,27.631021114931727,8.793113763224243,9.972219527615422,9.284145961990196,9.828240592998718,30,0,False,42
ABC-SMC,2535073.1707317075,15.871664372886102,6236280.0,39.044294357299805,6.2509661059615445,24.42090220462012,16683.093003859012,27.631021114931727,8.793113763224243,9.972219527615422,9.284145961990196,9.828240592998718,30,0,False,42
ABC-SMC,2542878.048780488,15.884411334991455,6255480.0,39.07565188407898,6.2509661059615445,24.42090220462012,16683.093003859012,27.631021114931727,8.793113763224243,9.972219527615422,9.284145961990196,9.828240592998718,30,0,False,42
ABC-SMC,2550682.926829268,15.896735831004815,6274680.0,39.10597014427185,6.2509661059615445,24.42090220462012,16683.093003859012,27.631021114931727,8.793113763224243,9.972219527615422,9.284145961990196,9.828240592998718,30,0,False,42
ABC-SMC,2558487.8048780486,15.909505568868745,6293880.0,39.137383699417114,6.2509661059615445,24.42090220462012,16683.093003859012,27.631021114931727,8.793113763224243,9.972219527615422,9.284145961990196,9.828240592998718,30,0,False,42
ABC-SMC,2566292.6829268294,15.92189732605849,6313080.0,39.16786742210388,6.2509661059615445,24.42090220462012,16683.093003859012,27.631021114931727,8.793113763224243,9.972219527615422,9.284145961990196,9.828240592998718,30,0,False,42
ABC-SMC,2512809.523809524,15.555114783937968,6332280.0,39.19888925552368,6.2509661059615445,24.42090220462012,16683.093003859012,27.631021114931727,8.793113763224243,9.972219527615422,9.284145961990196,9.828240592998718,30,0,False,42
ABC-SMC,2520428.5714285714,15.567131269545783,6351480.0,39.22917079925537,6.2509661059615445,24.42090220462012,16683.093003859012,27.631021114931727,8.793113763224243,9.972219527615422,9.284145961990196,9.828240592998718,30,0,False,42
ABC-SMC,2528047.6190476194,15.579449752020457,6370680.0,39.26021337509155,6.2509661059615445,24.42090220462012,16683.093003859012,27.631021114931727,8.793113763224243,9.972219527615422,9.284145961990196,9.828240592998718,30,0,False,42
ABC-SMC,2535666.6666666665,15.591671920958019,6389880.0,39.29101324081421,6.2509661059615445,24.42090220462012,16683.093003859012,27.631021114931727,8.793113763224243,9.972219527615422,9.284145961990196,9.828240592998718,30,0,False,42
ABC-SMC,2543285.714285714,15.604101286994087,6409080.0,39.3223352432251,6.2509661059615445,24.42090220462012,16683.093003859012,27.631021114931727,8.793113763224243,9.972219527615422,9.284145961990196,9.828240592998718,30,0,False,42
ABC-SMC,2520894.1176470583,15.432556844225113,6428280.0,39.35301995277405,6.2509661059615445,24.42090220462012,16683.093003859012,27.631021114931727,8.793113763224243,9.972219527615422,9.284145961990196,9.828240592998718,30,0,False,42
ABC-SMC,2499023.255813954,15.26507277821386,6447480.0,39.38388776779175,6.2509661059615445,24.42090220462012,16683.093003859012,27.631021114931727,8.793113763224243,9.972219527615422,9.284145961990196,9.828240592998718,30,0,False,42
ABC-SMC,2506465.1162790703,15.276836147604065,6466680.0,39.41423726081848,6.2509661059615445,24.42090220462012,16683.093003859012,27.631021114931727,8.793113763224243,9.972219527615422,9.284145961990196,9.828240592998718,30,0,False,42
ABC-SMC,2513906.9767441866,15.288935058800753,6485880.0,39.44545245170593,6.2509661059615445,24.42090220462012,16683.093003859012,27.631021114931727,8.793113763224243,9.972219527615422,9.284145961990196,9.828240592998718,30,0,False,42
ABC-SMC,2521348.837209303,15.300706005835721,6505080.0,39.47582149505615,6.2509661059615445,24.42090220462012,16683.093003859012,27.631021114931727,8.793113763224243,9.972219527615422,9.284145961990196,9.828240592998718,30,0,False,42
ABC-SMC,2528790.697674419,15.312804085339689,6524280.0,39.50703454017639,6.2509661059615445,24.42090220462012,16683.093003859012,27.631021114931727,8.793113763224243,9.972219527615422,9.284145961990196,9.828240592998718,30,0,False,42
ABC-SMC,2536232.558139535,15.324366924374605,6543480.0,39.536866664886475,6.2509661059615445,24.42090220462012,16683.093003859012,27.631021114931727,8.793113763224243,9.972219527615422,9.284145961990196,9.828240592998718,30,0,False,42
ABC-SMC,2514436.7816091953,15.16017210437877,6562680.0,39.56804919242859,6.2509661059615445,24.42090220462012,16683.093003859012,27.631021114931727,8.793113763224243,9.972219527615422,9.284145961990196,9.828240592998718,30,0,False,42
ABC-SMC,2521793.103448276,15.171856441717038,6581880.0,39.59854531288147,6.2509661059615445,24.42090220462012,16683.093003859012,27.631021114931727,8.793113763224243,9.972219527615422,9.284145961990196,9.828240592998718,30,0,False,42
ABC-SMC,2500409.0909090913,15.011207894845445,6601080.0,39.62958884239197,6.2509661059615445,24.42090220462012,16683.093003859012,27.631021114931727,8.793113763224243,9.972219527615422,9.284145961990196,9.828240592998718,30,0,False,42
ABC-SMC,2507681.8181818184,15.022629770365631,6620280.0,39.65974259376526,6.2509661059615445,24.42090220462012,16683.093003859012,27.631021114931727,8.793113763224243,9.972219527615422,9.284145961990196,9.828240592998718,30,0,False,42
ABC-SMC,2514954.545454546,15.034329439654497,6639480.0,39.690629720687866,6.2509661059615445,24.42090220462012,16683.093003859012,27.631021114931727,8.793113763224243,9.972219527615422,9.284145961990196,9.828240592998718,30,0,False,42
ABC-SMC,2522227.272727273,15.045860500046704,6658680.0,39.72107172012329,6.2509661059615445,24.42090220462012,16683.093003859012,27.631021114931727,8.793113763224243,9.972219527615422,9.284145961990196,9.828240592998718,30,0,False,42
ABC-SMC,2529500.0000000005,15.05757732824846,6677880.0,39.75200414657593,6.2509661059615445,24.42090220462012,16683.093003859012,27.631021114931727,8.793113763224243,9.972219527615422,9.284145961990196,9.828240592998718,30,0,False,42
ABC-SMC,2536772.727272728,15.069016452991603,6697080.0,39.78220343589783,6.2509661059615445,24.42090220462012,16683.093003859012,27.631021114931727,8.793113763224243,9.972219527615422,9.284145961990196,9.828240592998718,30,0,False,42
ABC-SMC,2544045.454545455,15.080553654468424,6716280.0,39.81266164779663,6.2509661059615445,24.42090220462012,16683.093003859012,27.631021114931727,8.793113763224243,9.972219527615422,9.284145961990196,9.828240592998718,30,0,False,42
ABC-SMC,2522651.6853932585,14.922278114918912,6735480.0,39.842482566833496,6.2509661059615445,24.42090220462012,16683.093003859012,27.631021114931727,8.793113763224243,9.972219527615422,9.284145961990196,9.828240592998718,30,0,False,42
ABC-SMC,2529842.6966292136,14.933679344948757,6754680.0,39.872923851013184,6.2509661059615445,24.42090220462012,16683.093003859012,27.631021114931727,8.793113763224243,9.972219527615422,9.284145961990196,9.828240592998718,30,0,False,42
ABC-SMC,2537033.707865169,14.944862247852797,6773880.0,39.90278220176697,6.2509661059615445,24.42090220462012,16683.093003859012,27.631021114931727,8.793113763224243,9.972219527615422,9.284145961990196,9.828240592998718,30,0,False,42
ABC-SMC,2544224.719101124,14.956411886750983,6793080.0,39.93361973762512,6.2509661059615445,24.42090220462012,16683.093003859012,27.631021114931727,8.793113763224243,9.972219527615422,9.284145961990196,9.828240592998718,30,0,False,42
ABC-SMC,2523066.666666667,14.80319870842828,6812280.0,39.96863651275635,6.2509661059615445,24.42090220462012,16683.093003859012,27.631021114931727,8.793113763224243,9.972219527615422,9.284145961990196,9.828240592998718,30,0,False,42
ABC-SMC,2530177.7777777785,14.814755033563687,6831480.0,39.99983859062195,6.2509661059615445,24.42090220462012,16683.093003859012,27.631021114931727,8.793113763224243,9.972219527615422,9.284145961990196,9.828240592998718,30,0,False,42
ABC-SMC,2537288.8888888895,14.825797875722252,6850680.0,40.02965426445007,6.2509661059615445,24.42090220462012,16683.093003859012,27.631021114931727,8.793113763224243,9.972219527615422,9.284145961990196,9.828240592998718,30,0,False,42
ABC-SMC,2544400.0000000005,14.837047347316037,6869880.0,40.060027837753296,6.2509661059615445,24.42090220462012,16683.093003859012,27.631021114931727,8.793113763224243,9.972219527615422,9.284145961990196,9.828240592998718,30,0,False,42
ABC-SMC,2551511.1111111115,14.848089306442828,6889080.0,40.08984112739563,6.2509661059615445,24.42090220462012,16683.093003859012,27.631021114931727,8.793113763224243,9.972219527615422,9.284145961990196,9.828240592998718,30,0,False,42
ABC-SMC,2558622.222222223,14.859357410007057,6908280.0,40.12026500701904,6.2509661059615445,24.42090220462012,16683.093003859012,27.631021114931727,8.793113763224243,9.972219527615422,9.284145961990196,9.828240592998718,30,0,False,42
ABC-SMC,2565733.3333333335,14.870560169219972,6927480.0,40.15051245689392,6.2509661059615445,24.42090220462012,16683.093003859012,27.631021114931727,8.793113763224243,9.972219527615422,9.284145961990196,9.828240592998718,30,0,False,42
ABC-SMC,2572844.444444445,14.881856176588272,6946680.0,40.18101167678833,6.2509661059615445,24.42090220462012,16683.093003859012,27.631021114931727,8.793113763224243,9.972219527615422,9.284145961990196,9.828240592998718,30,0,False,42
ABC-SMC,2579955.555555556,14.893045602021397,6965880.0,40.211223125457764,6.2509661059615445,24.42090220462012,16683.093003859012,27.631021114931727,8.793113763224243,9.972219527615422,9.284145961990196,9.828240592998718,30,0,False,42
ABC-SMC,2587066.666666667,14.904318209047673,6985080.0,40.24165916442871,6.2509661059615445,24.42090220462012,16683.093003859012,27.631021114931727,8.793113763224243,9.972219527615422,9.284145961990196,9.828240592998718,30,0,False,42
ABC-SMC,2594177.7777777785,14.915380389602097,7004280.0,40.27152705192566,6.2509661059615445,24.42090220462012,16683.093003859012,27.631021114931727,8.793113763224243,9.972219527615422,9.284145961990196,9.828240592998718,30,0,False,42
ABC-SMC,2572703.2967032967,14.762630742111485,7023480.0,40.301981925964355,6.2509661059615445,24.42090220462012,16683.093003859012,27.631021114931727,8.793113763224243,9.972219527615422,9.284145961990196,9.828240592998718,30,0,False,42
ABC-SMC,2579736.263736264,14.773557736323431,7042680.0,40.331812620162964,6.2509661059615445,24.42090220462012,16683.093003859012,27.631021114931727,8.793113763224243,9.972219527615422,9.284145961990196,9.828240592998718,30,0,False,42
ABC-SMC,2586769.230769231,14.784822271857069,7061880.0,40.3625648021698,6.2509661059615445,24.42090220462012,16683.093003859012,27.631021114931727,8.793113763224243,9.972219527615422,9.284145961990196,9.828240592998718,30,0,False,42
ABC-SMC,2593802.197802198,14.795779919886327,7081080.0,40.39247918128967,6.2509661059615445,24.42090220462012,16683.093003859012,27.631021114931727,8.793113763224243,9.972219527615422,9.284145961990196,9.828240592998718,30,0,False,42
ABC-SMC,2600835.164835165,14.80705615801689,7100280.0,40.42326331138611,6.2509661059615445,24.42090220462012,16683.093003859012,27.631021114931727,8.793113763224243,9.972219527615422,9.284145961990196,9.828240592998718,30,0,False,42
ABC-SMC,2607868.131868132,14.817992671505435,7119480.0,40.45311999320984,6.2509661059615445,24.42090220462012,16683.093003859012,27.631021114931727,8.793113763224243,9.972219527615422,9.284145961990196,9.828240592998718,30,0,False,42
ABC-SMC,2586478.260869565,14.667956207109533,7138680.0,40.483559131622314,6.2509661059615445,24.42090220462012,16683.093003859012,27.631021114931727,8.793113763224243,9.972219527615422,9.284145961990196,9.828240592998718,30,0,False,42
ABC-SMC,2593434.7826086953,14.678812977196515,7157880.0,40.51352381706238,6.2509661059615445,24.42090220462012,16683.093003859012,27.631021114931727,8.793113763224243,9.972219527615422,9.284145961990196,9.828240592998718,30,0,False,42
ABC-SMC,2600391.304347826,14.689812798430955,7177080.0,40.543883323669434,6.2509661059615445,24.42090220462012,16683.093003859012,27.631021114931727,8.793113763224243,9.972219527615422,9.284145961990196,9.828240592998718,30,0,False,42
ABC-SMC,2607347.8260869565,14.700764935949575,7196280.0,40.574111223220825,6.2509661059615445,24.42090220462012,16683.093003859012,27.631021114931727,8.793113763224243,9.972219527615422,9.284145961990196,9.828240592998718,30,0,False,42
ABC-SMC,2614304.347826087,14.711866776148478,7215480.0,40.6047523021698,6.2509661059615445,24.42090220462012,16683.093003859012,27.631021114931727,8.793113763224243,9.972219527615422,9.284145961990196,9.828240592998718,30,0,False,42
ABC-SMC,2621260.8695652173,14.723031071649082,7234680.0,40.635565757751465,6.2509661059615445,24.42090220462012,16683.093003859012,27.631021114931727,8.793113763224243,9.972219527615422,9.284145961990196,9.828240592998718,30,0,False,42
ABC-SMC,2628217.391304348,14.734181113865064,7253880.0,40.66633987426758,6.2509661059615445,24.42090220462012,16683.093003859012,27.631021114931727,8.793113763224243,9.972219527615422,9.284145961990196,9.828240592998718,30,0,False,42
ABC-SMC,2606838.7096774196,14.586557282341852,7273080.0,40.696494817733765,6.2509661059615445,24.42090220462012,16683.093003859012,27.631021114931727,8.793113763224243,9.972219527615422,9.284145961990196,9.828240592998718,30,0,False,42
ABC-SMC,2585914.8936170214,14.442312125618576,7292280.0,40.727320194244385,6.2509661059615445,24.42090220462012,16683.093003859012,27.631021114931727,8.793113763224243,9.972219527615422,9.284145961990196,9.828240592998718,30,0,False,42
ABC-SMC,2592723.404255319,14.453030224387527,7311480.0,40.75754523277283,6.2509661059615445,24.42090220462012,16683.093003859012,27.631021114931727,8.793113763224243,9.972219527615422,9.284145961990196,9.828240592998718,30,0,False,42
ABC-SMC,2599531.914893617,14.464109079212163,7330680.0,40.788787603378296,6.2509661059615445,24.42090220462012,16683.093003859012,27.631021114931727,8.793113763224243,9.972219527615422,9.284145961990196,9.828240592998718,30,0,False,42
ABC-SMC,2606340.425531915,14.474799362480217,7349880.0,40.818934202194214,6.2509661059615445,24.42090220462012,16683.093003859012,27.631021114931727,8.793113763224243,9.972219527615422,9.284145961990196,9.828240592998718,30,0,False,42
ABC-SMC,2613148.936170213,14.48587458184425,7369080.0,40.85016632080078,6.2509661059615445,24.42090220462012,16683.093003859012,27.631021114931727,8.793113763224243,9.972219527615422,9.284145961990196,9.828240592998718,30,0,False,42
ABC-SMC,2619957.4468085105,14.496551760545014,7388280.0,40.88027596473694,6.2509661059615445,24.42090220462012,16683.093003859012,27.631021114931727,8.793113763224243,9.972219527615422,9.284145961990196,9.828240592998718,30,0,False,42
ABC-SMC,2626765.9574468085,14.507438105048863,7407480.0,40.91097545623779,6.2509661059615445,24.42090220462012,16683.093003859012,27.631021114931727,8.793113763224243,9.972219527615422,9.284145961990196,9.828240592998718,30,0,False,42
ABC-SMC,2605852.6315789474,14.365338860896596,7426680.0,40.9412157535553,6.2509661059615445,24.42090220462012,16683.093003859012,27.631021114931727,8.793113763224243,9.972219527615422,9.284145961990196,9.828240592998718,30,0,False,42
ABC-SMC,2612589.473684211,14.376172266508403,7445880.0,40.97209095954895,6.2509661059615445,24.42090220462012,16683.093003859012,27.631021114931727,8.793113763224243,9.972219527615422,9.284145961990196,9.828240592998718,30,0,False,42
ABC-SMC,2619326.3157894737,14.386865046986363,7465080.0,41.00256538391113,6.2509661059615445,24.42090220462012,16683.093003859012,27.631021114931727,8.793113763224243,9.972219527615422,9.284145961990196,9.828240592998718,30,0,False,42
ABC-SMC,2626063.1578947366,14.397582422223007,7484280.0,41.03310990333557,6.2509661059615445,24.42090220462012,16683.093003859012,27.631021114931727,8.793113763224243,9.972219527615422,9.284145961990196,9.828240592998718,30,0,False,42
ABC-SMC,2632800.0,14.40826742272628,7503480.0,41.0635621547699,6.2509661059615445,24.42090220462012,16683.093003859012,27.631021114931727,8.793113763224243,9.972219527615422,9.284145961990196,9.828240592998718,30,0,False,42
ABC-SMC,2612041.6666666665,14.268852770328522,7522680.0,41.09429597854614,6.2509661059615445,24.42090220462012,16683.093003859012,27.631021114931727,8.793113763224243,9.972219527615422,9.284145961990196,9.828240592998718,30,0,False,42
ABC-SMC,2618708.3333333335,14.279274145762127,7541880.0,41.12430953979492,6.2509661059615445,24.42090220462012,16683.093003859012,27.631021114931727,8.793113763224243,9.972219527615422,9.284145961990196,9.828240592998718,30,0,False,42
ABC-SMC,2625375.0,14.289895113971497,7561080.0,41.154897928237915,6.2509661059615445,24.42090220462012,16683.093003859012,27.631021114931727,8.793113763224243,9.972219527615422,9.284145961990196,9.828240592998718,30,0,False,42
ABC-SMC,2632041.6666666665,14.300280229912863,7580280.0,41.18480706214905,6.2509661059615445,24.42090220462012,16683.093003859012,27.631021114931727,8.793113763224243,9.972219527615422,9.284145961990196,9.828240592998718,30,0,False,42
ABC-SMC,2638708.3333333335,14.31104044119517,7599480.0,41.21579647064209,6.2509661059615445,24.42090220462012,16683.093003859012,27.631021114931727,8.793113763224243,9.972219527615422,9.284145961990196,9.828240592998718,30,0,False,42
ABC-SMC,2645375.0,14.321406516763899,7618680.0,41.24565076828003,6.2509661059615445,24.42090220462012,16683.093003859012,27.631021114931727,8.793113763224243,9.972219527615422,9.284145961990196,9.828240592998718,30,0,False,42
ABC-SMC,2652041.6666666665,14.332134111060036,7637880.0,41.276546239852905,6.2509661059615445,24.42090220462012,16683.093003859012,27.631021114931727,8.793113763224243,9.972219527615422,9.284145961990196,9.828240592998718,30,0,False,42
ABC-SMC,2658708.3333333335,14.342434538735283,7657080.0,41.30621147155762,6.2509661059615445,24.42090220462012,16683.093003859012,27.631021114931727,8.793113763224243,9.972219527615422,9.284145961990196,9.828240592998718,30,0,False,42
ABC-SMC,2665375.0,14.353060805135303,7676280.0,41.33681511878967,6.2509661059615445,24.42090220462012,16683.093003859012,27.631021114931727,8.793113763224243,9.972219527615422,9.284145961990196,9.828240592998718,30,0,False,42
ABC-SMC,2672041.6666666665,14.363397575087017,7695480.0,41.36658501625061,6.2509661059615445,24.42090220462012,16683.093003859012,27.631021114931727,8.793113763224243,9.972219527615422,9.284145961990196,9.828240592998718,30,0,False,42
ABC-SMC,2678708.3333333335,14.373967796564102,7714680.0,41.397027254104614,6.2509661059615445,24.42090220462012,16683.093003859012,27.631021114931727,8.793113763224243,9.972219527615422,9.284145961990196,9.828240592998718,30,0,False,42
ABC-SMC,2685375.0,14.38442005051507,7733880.0,41.4271297454834,6.2509661059615445,24.42090220462012,16683.093003859012,27.631021114931727,8.793113763224243,9.972219527615422,9.284145961990196,9.828240592998718,30,0,False,42
ABC-SMC,2692041.6666666665,14.39500939514902,7753080.0,41.457627058029175,6.2509661059615445,24.42090220462012,16683.093003859012,27.631021114931727,8.793113763224243,9.972219527615422,9.284145961990196,9.828240592998718,30,0,False,42
ABC-SMC,2698708.3333333335,14.405464380979538,7772280.0,41.48773741722107,6.2509661059615445,24.42090220462012,16683.093003859012,27.631021114931727,8.793113763224243,9.972219527615422,9.284145961990196,9.828240592998718,30,0,False,42
ABC-SMC,2705375.0,14.416070034106573,7791480.0,41.51828169822693,6.2509661059615445,24.42090220462012,16683.093003859012,27.631021114931727,8.793113763224243,9.972219527615422,9.284145961990196,9.828240592998718,30,0,False,42
ABC-SMC,2712041.6666666665,14.426402830415302,7810680.0,41.54804015159607,6.2509661059615445,24.42090220462012,16683.093003859012,27.631021114931727,8.793113763224243,9.972219527615422,9.284145961990196,9.828240592998718,30,0,False,42
ABC-SMC,2690680.412371134,14.288523188980994,7829880.0,41.57960247993469,6.2509661059615445,24.42090220462012,16683.093003859012,27.631021114931727,8.793113763224243,9.972219527615422,9.284145961990196,9.828240592998718,30,0,False,42
ABC-SMC,2697278.350515464,14.299041053273834,7849080.0,41.610209465026855,6.2509661059615445,24.42090220462012,16683.093003859012,27.631021114931727,8.793113763224243,9.972219527615422,9.284145961990196,9.828240592998718,30,0,False,42
ABC-SMC,2703876.288659794,14.309904501610196,7868280.0,41.64182209968567,6.2509661059615445,24.42090220462012,16683.093003859012,27.631021114931727,8.793113763224243,9.972219527615422,9.284145961990196,9.828240592998718,30,0,False,42
ABC-SMC,2682816.326530612,14.174139013095779,7887480.0,41.67196869850159,6.2509661059615445,24.42090220462012,16683.093003859012,27.631021114931727,8.793113763224243,9.972219527615422,9.284145961990196,9.828240592998718,30,0,False,42
ABC-SMC,2689346.9387755105,14.184803622109548,7906680.0,41.703322649002075,6.2509661059615445,24.42090220462012,16683.093003859012,27.631021114931727,8.793113763224243,9.972219527615422,9.284145961990196,9.828240592998718,30,0,False,42
ABC-SMC,2695877.551020408,14.194999990009126,7925880.0,41.73329997062683,6.2509661059615445,24.42090220462012,16683.093003859012,27.631021114931727,8.793113763224243,9.972219527615422,9.284145961990196,9.828240592998718,30,0,False,42
ABC-SMC,2702408.163265306,14.205514411537015,7945080.0,41.76421236991882,6.2509661059615445,24.42090220462012,16683.093003859012,27.631021114931727,8.793113763224243,9.972219527615422,9.284145961990196,9.828240592998718,30,0,False,42
ABC-SMC,2708938.775510204,14.215760166142262,7964280.0,41.79433488845825,6.2509661059615445,24.42090220462012,16683.093003859012,27.631021114931727,8.793113763224243,9.972219527615422,9.284145961990196,9.828240592998718,30,0,False,42
ABC-SMC,2715469.387755102,14.226302322076291,7983480.0,41.8253288269043,6.2509661059615445,24.42090220462012,16683.093003859012,27.631021114931727,8.793113763224243,9.972219527615422,9.284145961990196,9.828240592998718,30,0,False,42
ABC-SMC,2694505.0505050505,14.092850685119629,8002680.0,41.8557665348053,6.2509661059615445,24.42090220462012,16683.093003859012,27.631021114931727,8.793113763224243,9.972219527615422,9.284145961990196,9.828240592998718,30,0,False,42
ABC-SMC,2700969.696969697,14.103070734325884,8021880.0,41.886120080947876,6.2509661059615445,24.42090220462012,16683.093003859012,27.631021114931727,8.793113763224243,9.972219527615422,9.284145961990196,9.828240592998718,30,0,False,42
ABC-SMC,2707434.3434343436,14.113248879660661,8041080.0,41.91634917259216,6.2509661059615445,24.42090220462012,16683.093003859012,27.631021114931727,8.793113763224243,9.972219527615422,9.284145961990196,9.828240592998718,30,0,False,42
ABC-SMC,2713898.98989899,14.123604113004022,8060280.0,41.94710421562195,6.2509661059615445,24.42090220462012,16683.093003859012,27.631021114931727,8.793113763224243,9.972219527615422,9.284145961990196,9.828240592998718,30,0,False,42
ABC-SMC,2720363.6363636367,14.136112980569653,8079480.0,41.98425555229187,6.2509661059615445,24.42090220462012,16683.093003859012,27.631021114931727,8.793113763224243,9.972219527615422,9.284145961990196,9.828240592998718,30,0,False,42
ABC-SMC,2726828.2828282826,14.146496872307877,8098680.0,42.015095710754395,6.2509661059615445,24.42090220462012,16683.093003859012,27.631021114931727,8.793113763224243,9.972219527615422,9.284145961990196,9.828240592998718,30,0,False,42
ABC-SMC,2733292.9292929294,14.15662002884579,8117880.0,42.045161485672,6.2509661059615445,24.42090220462012,16683.093003859012,27.631021114931727,8.793113763224243,9.972219527615422,9.284145961990196,9.828240592998718,30,0,False,42
ABC-SMC,2739757.575757576,14.167052005677915,8137080.0,42.0761444568634,6.2509661059615445,24.42090220462012,16683.093003859012,27.631021114931727,8.793113763224243,9.972219527615422,9.284145961990196,9.828240592998718,30,0,False,42
ABC-SMC,2746222.222222222,14.17722999046146,8156280.0,42.10637307167053,6.2509661059615445,24.42090220462012,16683.093003859012,27.631021114931727,8.793113763224243,9.972219527615422,9.284145961990196,9.828240592998718,30,0,False,42
ABC-SMC,2752686.868686869,14.1876635728059,8175480.0,42.13736081123352,6.2509661059615445,24.42090220462012,16683.093003859012,27.631021114931727,8.793113763224243,9.972219527615422,9.284145961990196,9.828240592998718,30,0,False,42
ABC-SMC,2759151.515151515,14.197795961039636,8194680.0,42.16745400428772,6.2509661059615445,24.42090220462012,16683.093003859012,27.631021114931727,8.793113763224243,9.972219527615422,9.284145961990196,9.828240592998718,30,0,False,42
ABC-SMC,2765616.1616161615,14.20809901523269,8213880.0,42.19805407524109,6.2509661059615445,24.42090220462012,16683.093003859012,27.631021114931727,8.793113763224243,9.972219527615422,9.284145961990196,9.828240592998718,30,0,False,42
ABC-SMC,2772080.808080808,14.218216472201878,8233080.0,42.228102922439575,6.2509661059615445,24.42090220462012,16683.093003859012,27.631021114931727,8.793113763224243,9.972219527615422,9.284145961990196,9.828240592998718,30,0,False,42
ABC-SMC,2778545.4545454546,14.228493276268544,8252280.0,42.25862503051758,6.2509661059615445,24.42090220462012,16683.093003859012,27.631021114931727,8.793113763224243,9.972219527615422,9.284145961990196,9.828240592998718,30,0,False,42
ABC-SMC,2785010.1010101014,14.238796731839678,8271480.0,42.28922629356384,6.2509661059615445,24.42090220462012,16683.093003859012,27.631021114931727,8.793113763224243,9.972219527615422,9.284145961990196,9.828240592998718,30,0,False,42
ABC-SMC,2791474.7474747472,14.249122423756402,8290680.0,42.31989359855652,6.2509661059615445,24.42090220462012,16683.093003859012,27.631021114931727,8.793113763224243,9.972219527615422,9.284145961990196,9.828240592998718,30,0,False,42
ABC-SMC,2797939.393939394,14.259366796474264,8309880.0,42.350319385528564,6.2509661059615445,24.42090220462012,16683.093003859012,27.631021114931727,8.793113763224243,9.972219527615422,9.284145961990196,9.828240592998718,30,0,False,42
ABC-SMC,2804404.0404040404,14.269684059451325,8329080.0,42.380961656570435,6.2509661059615445,24.42090220462012,16683.093003859012,27.631021114931727,8.793113763224243,9.972219527615422,9.284145961990196,9.828240592998718,30,0,False,42
ABC-SMC,2810868.6868686867,14.27983410832055,8348280.0,42.411107301712036,6.2509661059615445,24.42090220462012,16683.093003859012,27.631021114931727,8.793113763224243,9.972219527615422,9.284145961990196,9.828240592998718,30,0,False,42
ABC-SMC,2817333.3333333335,14.290171921855272,8367480.0,42.441810607910156,6.2509661059615445,24.42090220462012,16683.093003859012,27.631021114931727,8.793113763224243,9.972219527615422,9.284145961990196,9.828240592998718,30,0,False,42
ABC-SMC,2823797.97979798,14.300264413107927,8386680.0,42.47178530693054,6.2509661059615445,24.42090220462012,16683.093003859012,27.631021114931727,8.793113763224243,9.972219527615422,9.284145961990196,9.828240592998718,30,0,False,42
ABC-SMC,2830262.626262626,14.310751459012529,8405880.0,42.50293183326721,6.2509661059615445,24.42090220462012,16683.093003859012,27.631021114931727,8.793113763224243,9.972219527615422,9.284145961990196,9.828240592998718,30,0,False,42
ABC-SMC,2836727.2727272725,14.320855188851406,8425080.0,42.53293991088867,6.2509661059615445,24.42090220462012,16683.093003859012,27.631021114931727,8.793113763224243,9.972219527615422,9.284145961990196,9.828240592998718,30,0,False,42
ABC-SMC,2843191.9191919193,14.3312981634429,8444280.0,42.563955545425415,6.2509661059615445,24.42090220462012,16683.093003859012,27.631021114931727,8.793113763224243,9.972219527615422,9.284145961990196,9.828240592998718,30,0,False,42
ABC-SMC,2849656.5656565656,14.34147333857989,8463480.0,42.594175815582275,6.2509661059615445,24.42090220462012,16683.093003859012,27.631021114931727,8.793113763224243,9.972219527615422,9.284145961990196,9.828240592998718,30,0,False,42
ABC-SMC,2856121.212121212,14.35193076278224,8482680.0,42.62523436546326,6.2509661059615445,24.42090220462012,16683.093003859012,27.631021114931727,8.793113763224243,9.972219527615422,9.284145961990196,9.828240592998718,30,0,False,42
ABC-SMC,2862585.8585858587,14.36203521510166,8501880.0,42.65524458885193,6.2509661059615445,24.42090220462012,16683.093003859012,27.631021114931727,8.793113763224243,9.972219527615422,9.284145961990196,9.828240592998718,30,0,False,42
ABC-SMC,2840360.0,14.228692452112835,8521080.0,42.6860773563385,6.2509661059615445,24.42090220462012,16683.093003859012,27.631021114931727,8.793113763224243,9.972219527615422,9.284145961990196,9.828240592998718,30,0,False,42
ABC-SMC,2846760.0,14.239010334014893,8540280.0,42.71703100204468,6.2509661059615445,24.42090220462012,16683.093003859012,27.631021114931727,8.793113763224243,9.972219527615422,9.284145961990196,9.828240592998718,30,0,False,42
ABC-SMC,2853160.0,14.24934188524882,8559480.0,42.74802565574646,6.2509661059615445,24.42090220462012,16683.093003859012,27.631021114931727,8.793113763224243,9.972219527615422,9.284145961990196,9.828240592998718,30,0,False,42
ABC-SMC,2803490.196078432,13.97995068356882,8578680.0,42.77864909172058,6.2509661059615445,24.42090220462012,16683.093003859012,27.631021114931727,8.793113763224243,9.972219527615422,9.284145961990196,9.828240592998718,30,0,False,42
ABC-SMC,2809764.7058823532,13.990019816978307,8597880.0,42.80946063995361,6.2509661059615445,24.42090220462012,16683.093003859012,27.631021114931727,8.793113763224243,9.972219527615422,9.284145961990196,9.828240592998718,30,0,False,42
ABC-SMC,2816039.215686275,13.999887307484947,8617080.0,42.83965516090393,6.2509661059615445,24.42090220462012,16683.093003859012,27.631021114931727,8.793113763224243,9.972219527615422,9.284145961990196,9.828240592998718,30,0,False,42
ABC-SMC,2794912.6213592235,13.87391221561864,8636280.0,42.8703887462616,6.2509661059615445,24.42090220462012,16683.093003859012,27.631021114931727,8.793113763224243,9.972219527615422,9.284145961990196,9.828240592998718,30,0,False,42
ABC-SMC,2801126.213592233,13.883695324647773,8655480.0,42.90061855316162,6.2509661059615445,24.42090220462012,16683.093003859012,27.631021114931727,8.793113763224243,9.972219527615422,9.284145961990196,9.828240592998718,30,0,False,42
ABC-SMC,2807339.805825243,13.89380265208124,8674680.0,42.93185019493103,6.2509661059615445,24.42090220462012,16683.093003859012,27.631021114931727,8.793113763224243,9.972219527615422,9.284145961990196,9.828240592998718,30,0,False,42
ABC-SMC,2813553.3980582524,13.903614926878303,8693880.0,42.962170124053955,6.2509661059615445,24.42090220462012,16683.093003859012,27.631021114931727,8.793113763224243,9.972219527615422,9.284145961990196,9.828240592998718,30,0,False,42
ABC-SMC,2819766.990291262,13.91375504651116,8713080.0,42.99350309371948,6.2509661059615445,24.42090220462012,16683.093003859012,27.631021114931727,8.793113763224243,9.972219527615422,9.284145961990196,9.828240592998718,30,0,False,42
ABC-SMC,2825980.582524272,13.923514467998615,8732280.0,43.02365970611572,6.2509661059615445,24.42090220462012,16683.093003859012,27.631021114931727,8.793113763224243,9.972219527615422,9.284145961990196,9.828240592998718,30,0,False,42
ABC-SMC,2832194.1747572813,13.9334881575748,8751480.0,43.05447840690613,6.2509661059615445,24.42090220462012,16683.093003859012,27.631021114931727,8.793113763224243,9.972219527615422,9.284145961990196,9.828240592998718,30,0,False,42
ABC-SMC,2838407.7669902914,13.943215249811562,8770680.0,43.084535121917725,6.2509661059615445,24.42090220462012,16683.093003859012,27.631021114931727,8.793113763224243,9.972219527615422,9.284145961990196,9.828240592998718,30,0,False,42
ABC-SMC,2844621.359223301,13.953209772079122,8789880.0,43.11541819572449,6.2509661059615445,24.42090220462012,16683.093003859012,27.631021114931727,8.793113763224243,9.972219527615422,9.284145961990196,9.828240592998718,30,0,False,42
ABC-SMC,2850834.9514563107,13.963139790161527,8809080.0,43.14610195159912,6.2509661059615445,24.42090220462012,16683.093003859012,27.631021114931727,8.793113763224243,9.972219527615422,9.284145961990196,9.828240592998718,30,0,False,42
ABC-SMC,2857048.5436893203,13.97311510005815,8828280.0,43.17692565917969,6.2509661059615445,24.42090220462012,16683.093003859012,27.631021114931727,8.793113763224243,9.972219527615422,9.284145961990196,9.828240592998718,30,0,False,42
ABC-SMC,2835730.7692307695,13.848559825848314,8847480.0,43.20750665664673,6.2509661059615445,24.42090220462012,16683.093003859012,27.631021114931727,8.793113763224243,9.972219527615422,9.284145961990196,9.828240592998718,30,0,False,42
ABC-SMC,2841884.6153846155,13.858432953174301,8866680.0,43.23831081390381,6.2509661059615445,24.42090220462012,16683.093003859012,27.631021114931727,8.793113763224243,9.972219527615422,9.284145961990196,9.828240592998718,30,0,False,42
ABC-SMC,2848038.461538462,13.86795242627462,8885880.0,43.26801156997681,6.2509661059615445,24.42090220462012,16683.093003859012,27.631021114931727,8.793113763224243,9.972219527615422,9.284145961990196,9.828240592998718,30,0,False,42
ABC-SMC,2827009.523809524,13.745507815527537,8905080.0,43.29834961891174,6.2509661059615445,24.42090220462012,16683.093003859012,27.631021114931727,8.793113763224243,9.972219527615422,9.284145961990196,9.828240592998718,30,0,False,42
ABC-SMC,2833104.7619047617,13.754935037522088,8924280.0,43.32804536819458,6.2509661059615445,24.42090220462012,16683.093003859012,27.631021114931727,8.793113763224243,9.972219527615422,9.284145961990196,9.828240592998718,30,0,False,42
ABC-SMC,2839200.0,13.76472064426967,8943480.0,43.35887002944946,6.2509661059615445,24.42090220462012,16683.093003859012,27.631021114931727,8.793113763224243,9.972219527615422,9.284145961990196,9.828240592998718,30,0,False,42
ABC-SMC,2845295.238095238,13.774154451158312,8962680.0,43.38858652114868,6.2509661059615445,24.42090220462012,16683.093003859012,27.631021114931727,8.793113763224243,9.972219527615422,9.284145961990196,9.828240592998718,30,0,False,42
ABC-SMC,2851390.4761904757,13.784103317866249,8981880.0,43.41992545127869,6.2509661059615445,24.42090220462012,16683.093003859012,27.631021114931727,8.793113763224243,9.972219527615422,9.284145961990196,9.828240592998718,30,0,False,42
ABC-SMC,2830528.3018867928,13.663540696198087,9001080.0,43.45005941390991,6.2509661059615445,24.42090220462012,16683.093003859012,27.631021114931727,8.793113763224243,9.972219527615422,9.284145961990196,9.828240592998718,30,0,False,42
ABC-SMC,2836566.0377358496,13.673292990750488,9020280.0,43.48107171058655,6.2509661059615445,24.42090220462012,16683.093003859012,27.631021114931727,8.793113763224243,9.972219527615422,9.284145961990196,9.828240592998718,30,0,False,42
ABC-SMC,2842603.773584906,13.682797644873087,9039480.0,43.51129651069641,6.2509661059615445,24.42090220462012,16683.093003859012,27.631021114931727,8.793113763224243,9.972219527615422,9.284145961990196,9.828240592998718,30,0,False,42
ABC-SMC,2822018.691588785,13.564455323501539,9058680.0,43.54190158843994,6.2509661059615445,24.42090220462012,16683.093003859012,27.631021114931727,8.793113763224243,9.972219527615422,9.284145961990196,9.828240592998718,30,0,False,42
ABC-SMC,2828000.0,13.573995780350636,9077880.0,43.57252645492554,6.2509661059615445,24.42090220462012,16683.093003859012,27.631021114931727,8.793113763224243,9.972219527615422,9.284145961990196,9.828240592998718,30,0,False,42
ABC-SMC,2833981.308411215,13.58381743743041,9097080.0,43.60405397415161,6.2509661059615445,24.42090220462012,16683.093003859012,27.631021114931727,8.793113763224243,9.972219527615422,9.284145961990196,9.828240592998718,30,0,False,42
ABC-SMC,2839962.61682243,13.593454227269254,9116280.0,43.6349880695343,6.2509661059615445,24.42090220462012,16683.093003859012,27.631021114931727,8.793113763224243,9.972219527615422,9.284145961990196,9.828240592998718,30,0,False,42
ABC-SMC,2845943.925233645,13.603108768522553,9135480.0,43.6659791469574,6.2509661059615445,24.42090220462012,16683.093003859012,27.631021114931727,8.793113763224243,9.972219527615422,9.284145961990196,9.828240592998718,30,0,False,42
ABC-SMC,2851925.23364486,13.612518132289994,9154680.0,43.69618320465088,6.2509661059615445,24.42090220462012,16683.093003859012,27.631021114931727,8.793113763224243,9.972219527615422,9.284145961990196,9.828240592998718,30,0,False,42
ABC-SMC,2857906.542056075,13.622185374346106,9173880.0,43.727215051651,6.2509661059615445,24.42090220462012,16683.093003859012,27.631021114931727,8.793113763224243,9.972219527615422,9.284145961990196,9.828240592998718,30,0,False,42
ABC-SMC,2863887.85046729,13.631572604550751,9193080.0,43.75734806060791,6.2509661059615445,24.42090220462012,16683.093003859012,27.631021114931727,8.793113763224243,9.972219527615422,9.284145961990196,9.828240592998718,30,0,False,42
ABC-SMC,2869869.1588785048,13.641339670460544,9212280.0,43.788700342178345,6.2509661059615445,24.42090220462012,16683.093003859012,27.631021114931727,8.793113763224243,9.972219527615422,9.284145961990196,9.828240592998718,30,0,False,42
ABC-SMC,2875850.4672897197,13.65061140506067,9231480.0,43.81846261024475,6.2509661059615445,24.42090220462012,16683.093003859012,27.631021114931727,8.793113763224243,9.972219527615422,9.284145961990196,9.828240592998718,30,0,False,42
ABC-SMC,2881831.7757009347,13.660268620167194,9250680.0,43.849462270736694,6.2509661059615445,24.42090220462012,16683.093003859012,27.631021114931727,8.793113763224243,9.972219527615422,9.284145961990196,9.828240592998718,30,0,False,42
ABC-SMC,2861074.074074074,13.542955157197554,9269880.0,43.87917470932007,6.2509661059615445,24.42090220462012,16683.093003859012,27.631021114931727,8.793113763224243,9.972219527615422,9.284145961990196,9.828240592998718,30,0,False,42
ABC-SMC,2867000.0000000005,13.552318311031955,9289080.0,43.90951132774353,6.2509661059615445,24.42090220462012,16683.093003859012,27.631021114931727,8.793113763224243,9.972219527615422,9.284145961990196,9.828240592998718,30,0,False,42
ABC-SMC,2846568.8073394494,13.437069811223115,9308280.0,43.939218282699585,6.2509661059615445,24.42090220462012,16683.093003859012,27.631021114931727,8.793113763224243,9.972219527615422,9.284145961990196,9.828240592998718,30,0,False,42
ABC-SMC,2852440.366972477,13.446374260322033,9327480.0,43.96964383125305,6.2509661059615445,24.42090220462012,16683.093003859012,27.631021114931727,8.793113763224243,9.972219527615422,9.284145961990196,9.828240592998718,30,0,False,42
ABC-SMC,2858311.9266055045,13.455609662817158,9346680.0,43.99984359741211,6.2509661059615445,24.42090220462012,16683.093003859012,27.631021114931727,8.793113763224243,9.972219527615422,9.284145961990196,9.828240592998718,30,0,False,42
ABC-SMC,2864183.4862385322,13.464931610527389,9365880.0,44.03032636642456,6.2509661059615445,24.42090220462012,16683.093003859012,27.631021114931727,8.793113763224243,9.972219527615422,9.284145961990196,9.828240592998718,30,0,False,42
ABC-SMC,2870055.0458715595,13.475903385640649,9385080.0,44.06620407104492,6.2509661059615445,24.42090220462012,16683.093003859012,27.631021114931727,8.793113763224243,9.972219527615422,9.284145961990196,9.828240592998718,30,0,False,42
ABC-SMC,2875926.6055045873,13.485502175963983,9404280.0,44.09759211540222,6.2509661059615445,24.42090220462012,16683.093003859012,27.631021114931727,8.793113763224243,9.972219527615422,9.284145961990196,9.828240592998718,30,0,False,42
ABC-SMC,2881798.165137615,13.49482711302031,9423480.0,44.128084659576416,6.2509661059615445,24.42090220462012,16683.093003859012,27.631021114931727,8.793113763224243,9.972219527615422,9.284145961990196,9.828240592998718,30,0,False,42
ABC-SMC,2887669.724770642,13.50417107981644,9442680.0,44.158639430999756,6.2509661059615445,24.42090220462012,16683.093003859012,27.631021114931727,8.793113763224243,9.972219527615422,9.284145961990196,9.828240592998718,30,0,False,42
ABC-SMC,2893541.2844036696,13.513475018539195,9461880.0,44.18906331062317,6.2509661059615445,24.42090220462012,16683.093003859012,27.631021114931727,8.793113763224243,9.972219527615422,9.284145961990196,9.828240592998718,30,0,False,42
ABC-SMC,2899412.844036697,13.523003960239048,9481080.0,44.22022294998169,6.2509661059615445,24.42090220462012,16683.093003859012,27.631021114931727,8.793113763224243,9.972219527615422,9.284145961990196,9.828240592998718,30,0,False,42
ABC-SMC,2905284.4036697247,13.532236592120716,9500280.0,44.25041365623474,6.2509661059615445,24.42090220462012,16683.093003859012,27.631021114931727,8.793113763224243,9.972219527615422,9.284145961990196,9.828240592998718,30,0,False,42
ABC-SMC,2911155.9633027525,13.541810884388216,9519480.0,44.28172159194946,6.2509661059615445,24.42090220462012,16683.093003859012,27.631021114931727,8.793113763224243,9.972219527615422,9.284145961990196,9.828240592998718,30,0,False,42
ABC-SMC,2917027.5229357798,13.551061452346476,9538680.0,44.311970949172974,6.2509661059615445,24.42090220462012,16683.093003859012,27.631021114931727,8.793113763224243,9.972219527615422,9.284145961990196,9.828240592998718,30,0,False,42
ABC-SMC,2922899.0825688075,13.560469070341243,9557880.0,44.34273386001587,6.2509661059615445,24.42090220462012,16683.093003859012,27.631021114931727,8.793113763224243,9.972219527615422,9.284145961990196,9.828240592998718,30,0,False,42
ABC-SMC,2928770.642201835,13.569699369074737,9577080.0,44.37291693687439,6.2509661059615445,24.42090220462012,16683.093003859012,27.631021114931727,8.793113763224243,9.972219527615422,9.284145961990196,9.828240592998718,30,0,False,42
ABC-SMC,2881765.765765766,13.334458511512917,9596280.0,44.40374684333801,6.2509661059615445,24.42090220462012,16683.093003859012,27.631021114931727,8.793113763224243,9.972219527615422,9.284145961990196,9.828240592998718,30,0,False,42
ABC-SMC,2887531.5315315314,13.34364249541595,9615480.0,44.43432950973511,6.2509661059615445,24.42090220462012,16683.093003859012,27.631021114931727,8.793113763224243,9.972219527615422,9.284145961990196,9.828240592998718,30,0,False,42
ABC-SMC,2893297.2972972975,13.35288289788965,9634680.0,44.465100049972534,6.2509661059615445,24.42090220462012,16683.093003859012,27.631021114931727,8.793113763224243,9.972219527615422,9.284145961990196,9.828240592998718,30,0,False,42
ABC-SMC,2873178.5714285714,13.242700908865249,9653880.0,44.49547505378723,6.2509661059615445,24.42090220462012,16683.093003859012,27.631021114931727,8.793113763224243,9.972219527615422,9.284145961990196,9.828240592998718,30,0,False,42
ABC-SMC,2878892.8571428573,13.251841139225732,9673080.0,44.52618622779846,6.2509661059615445,24.42090220462012,16683.093003859012,27.631021114931727,8.793113763224243,9.972219527615422,9.284145961990196,9.828240592998718,30,0,False,42
ABC-SMC,2884607.1428571427,13.260761541979653,9692280.0,44.556158781051636,6.2509661059615445,24.42090220462012,16683.093003859012,27.631021114931727,8.793113763224243,9.972219527615422,9.284145961990196,9.828240592998718,30,0,False,42
ABC-SMC,2890321.4285714286,13.269977413472676,9711480.0,44.58712410926819,6.2509661059615445,24.42090220462012,16683.093003859012,27.631021114931727,8.793113763224243,9.972219527615422,9.284145961990196,9.828240592998718,30,0,False,42
ABC-SMC,2896035.714285714,13.279064780189879,9730680.0,44.61765766143799,6.2509661059615445,24.42090220462012,16683.093003859012,27.631021114931727,8.793113763224243,9.972219527615422,9.284145961990196,9.828240592998718,30,0,False,42
ABC-SMC,2901750.0,13.28836005358469,9749880.0,44.648889780044556,6.2509661059615445,24.42090220462012,16683.093003859012,27.631021114931727,8.793113763224243,9.972219527615422,9.284145961990196,9.828240592998718,30,0,False,42
ABC-SMC,2881734.5132743362,13.17963628290677,9769080.0,44.678966999053955,6.2509661059615445,24.42090220462012,16683.093003859012,27.631021114931727,8.793113763224243,9.972219527615422,9.284145961990196,9.828240592998718,30,0,False,42
ABC-SMC,2887398.2300884956,13.18881406193286,9788280.0,44.71007966995239,6.2509661059615445,24.42090220462012,16683.093003859012,27.631021114931727,8.793113763224243,9.972219527615422,9.284145961990196,9.828240592998718,30,0,False,42
ABC-SMC,2893061.9469026546,13.19769448586973,9807480.0,44.74018430709839,6.2509661059615445,24.42090220462012,16683.093003859012,27.631021114931727,8.793113763224243,9.972219527615422,9.284145961990196,9.828240592998718,30,0,False,42
ABC-SMC,2898725.6637168145,13.206735121465362,9826680.0,44.77083206176758,6.2509661059615445,24.42090220462012,16683.093003859012,27.631021114931727,8.793113763224243,9.972219527615422,9.284145961990196,9.828240592998718,30,0,False,42
ABC-SMC,2904389.3805309734,13.21564951477501,9845880.0,44.80105185508728,6.2509661059615445,24.42090220462012,16683.093003859012,27.631021114931727,8.793113763224243,9.972219527615422,9.284145961990196,9.828240592998718,30,0,False,42
ABC-SMC,2910053.097345133,13.224619820406303,9865080.0,44.83146119117737,6.2509661059615445,24.42090220462012,16683.093003859012,27.631021114931727,8.793113763224243,9.972219527615422,9.284145961990196,9.828240592998718,30,0,False,42
ABC-SMC,2915716.814159292,13.233485193730807,9884280.0,44.86151480674744,6.2509661059615445,24.42090220462012,16683.093003859012,27.631021114931727,8.793113763224243,9.972219527615422,9.284145961990196,9.828240592998718,30,0,False,42
ABC-SMC,2895754.3859649124,13.126263911263985,9903480.0,44.89182257652283,6.2509661059615445,24.42090220462012,16683.093003859012,27.631021114931727,8.793113763224243,9.972219527615422,9.284145961990196,9.828240592998718,30,0,False,42
ABC-SMC,2876139.1304347827,13.020874728327213,9922680.0,44.92201781272888,6.2509661059615445,24.42090220462012,16683.093003859012,27.631021114931727,8.793113763224243,9.972219527615422,9.284145961990196,9.828240592998718,30,0,False,42
ABC-SMC,2856862.068965517,12.917356861048733,9941880.0,44.952401876449585,6.2509661059615445,24.42090220462012,16683.093003859012,27.631021114931727,8.793113763224243,9.972219527615422,9.284145961990196,9.828240592998718,30,0,False,42
ABC-SMC,2862379.3103448274,12.925926433212457,9961080.0,44.982223987579346,6.2509661059615445,24.42090220462012,16683.093003859012,27.631021114931727,8.793113763224243,9.972219527615422,9.284145961990196,9.828240592998718,30,0,False,42
ABC-SMC,2867896.551724138,12.934841232738275,9980280.0,45.0132474899292,6.2509661059615445,24.42090220462012,16683.093003859012,27.631021114931727,8.793113763224243,9.972219527615422,9.284145961990196,9.828240592998718,30,0,False,42
ABC-SMC,2873413.7931034486,12.943514530686127,9999480.0,45.04343056678772,6.2509661059615445,24.42090220462012,16683.093003859012,27.631021114931727,8.793113763224243,9.972219527615422,9.284145961990196,9.828240592998718,30,0,False,42
ABC-SMC,2878931.0344827585,12.952484687169393,10018680.0,45.07464671134949,6.2509661059615445,24.42090220462012,16683.093003859012,27.631021114931727,8.793113763224243,9.972219527615422,9.284145961990196,9.828240592998718,30,0,False,42
ABC-SMC,2884448.275862069,12.96113928159078,10037880.0,45.10476469993591,6.2509661059615445,24.42090220462012,16683.093003859012,27.631021114931727,8.793113763224243,9.972219527615422,9.284145961990196,9.828240592998718,30,0,False,42
ABC-SMC,2889965.5172413797,12.970229469496628,10057080.0,45.13639855384827,6.2509661059615445,24.42090220462012,16683.093003859012,27.631021114931727,8.793113763224243,9.972219527615422,9.284145961990196,9.828240592998718,30,0,False,42
ABC-SMC,2895482.7586206896,12.978924828014154,10076280.0,45.16665840148926,6.2509661059615445,24.42090220462012,16683.093003859012,27.631021114931727,8.793113763224243,9.972219527615422,9.284145961990196,9.828240592998718,30,0,False,42
ABC-SMC,2901000.0,12.987802905597905,10095480.0,45.19755411148071,6.2509661059615445,24.42090220462012,16683.093003859012,27.631021114931727,8.793113763224243,9.972219527615422,9.284145961990196,9.828240592998718,30,0,False,42
ABC-SMC,2857254.2372881356,12.776174787747658,10114680.0,45.22765874862671,6.2509661059615445,24.42090220462012,16683.093003859012,27.631021114931727,8.793113763224243,9.972219527615422,9.284145961990196,9.828240592998718,30,0,False,42
ABC-SMC,2862677.966101695,12.784832008814407,10133880.0,45.258305311203,6.2509661059615445,24.42090220462012,16683.093003859012,27.631021114931727,8.793113763224243,9.972219527615422,9.284145961990196,9.828240592998718,30,0,False,42
ABC-SMC,2868101.694915254,12.793425382193872,10153080.0,45.28872585296631,6.2509661059615445,24.42090220462012,16683.093003859012,27.631021114931727,8.793113763224243,9.972219527615422,9.284145961990196,9.828240592998718,30,0,False,42
ABC-SMC,2873525.4237288134,12.802090213797188,10172280.0,45.31939935684204,6.2509661059615445,24.42090220462012,16683.093003859012,27.631021114931727,8.793113763224243,9.972219527615422,9.284145961990196,9.828240592998718,30,0,False,42
ABC-SMC,2878949.1525423727,12.810672002997102,10191480.0,45.34977889060974,6.2509661059615445,24.42090220462012,16683.093003859012,27.631021114931727,8.793113763224243,9.972219527615422,9.284145961990196,9.828240592998718,30,0,False,42
ABC-SMC,2884372.8813559324,12.819303698458915,10210680.0,45.380335092544556,6.2509661059615445,24.42090220462012,16683.093003859012,27.631021114931727,8.793113763224243,9.972219527615422,9.284145961990196,9.828240592998718,30,0,False,42
ABC-SMC,2889796.6101694913,12.827793487721245,10229880.0,45.4103889465332,6.2509661059615445,24.42090220462012,16683.093003859012,27.631021114931727,8.793113763224243,9.972219527615422,9.284145961990196,9.828240592998718,30,0,False,42
ABC-SMC,2895220.3389830505,12.836452863984189,10249080.0,45.44104313850403,6.2509661059615445,24.42090220462012,16683.093003859012,27.631021114931727,8.793113763224243,9.972219527615422,9.284145961990196,9.828240592998718,30,0,False,42
ABC-SMC,2900644.0677966103,12.845055531647246,10268280.0,45.47149658203125,6.2509661059615445,24.42090220462012,16683.093003859012,27.631021114931727,8.793113763224243,9.972219527615422,9.284145961990196,9.828240592998718,30,0,False,42
ABC-SMC,2857633.3333333335,12.639636728498672,10287480.0,45.502692222595215,6.2509661059615445,24.42090220462012,16683.093003859012,27.631021114931727,8.793113763224243,9.972219527615422,9.284145961990196,9.828240592998718,30,0,False,42
ABC-SMC,2862966.666666667,12.647998001840381,10306680.0,45.532792806625366,6.2509661059615445,24.42090220462012,16683.093003859012,27.631021114931727,8.793113763224243,9.972219527615422,9.284145961990196,9.828240592998718,30,0,False,42
ABC-SMC,2868300.0,12.656645311249628,10325880.0,45.56392312049866,6.2509661059615445,24.42090220462012,16683.093003859012,27.631021114931727,8.793113763224243,9.972219527615422,9.284145961990196,9.828240592998718,30,0,False,42
ABC-SMC,2873633.3333333335,12.6650736729304,10345080.0,45.59426522254944,6.2509661059615445,24.42090220462012,16683.093003859012,27.631021114931727,8.793113763224243,9.972219527615422,9.284145961990196,9.828240592998718,30,0,False,42
ABC-SMC,2855173.5537190083,12.5690373507413,10364280.0,45.62560558319092,6.2509661059615445,24.42090220462012,16683.093003859012,27.631021114931727,8.793113763224243,9.972219527615422,9.284145961990196,9.828240592998718,30,0,False,42
ABC-SMC,2860462.8099173554,12.57733779833665,10383480.0,45.655736207962036,6.2509661059615445,24.42090220462012,16683.093003859012,27.631021114931727,8.793113763224243,9.972219527615422,9.284145961990196,9.828240592998718,30,0,False,42
ABC-SMC,2865752.0661157025,12.585859390658124,10402680.0,45.68666958808899,6.2509661059615445,24.42090220462012,16683.093003859012,27.631021114931727,8.793113763224243,9.972219527615422,9.284145961990196,9.828240592998718,30,0,False,42
ABC-SMC,2871041.3223140496,12.59427543514031,10421880.0,45.717219829559326,6.2509661059615445,24.42090220462012,16683.093003859012,27.631021114931727,8.793113763224243,9.972219527615422,9.284145961990196,9.828240592998718,30,0,False,42
ABC-SMC,2876330.5785123967,12.602746519503842,10441080.0,45.74796986579895,6.2509661059615445,24.42090220462012,16683.093003859012,27.631021114931727,8.793113763224243,9.972219527615422,9.284145961990196,9.828240592998718,30,0,False,42
ABC-SMC,2881619.8347107437,12.611164600067559,10460280.0,45.77852749824524,6.2509661059615445,24.42090220462012,16683.093003859012,27.631021114931727,8.793113763224243,9.972219527615422,9.284145961990196,9.828240592998718,30,0,False,42
ABC-SMC,2886909.090909091,12.619636603951783,10479480.0,45.80928087234497,6.2509661059615445,24.42090220462012,16683.093003859012,27.631021114931727,8.793113763224243,9.972219527615422,9.284145961990196,9.828240592998718,30,0,False,42
ABC-SMC,2892198.3471074384,12.627896986717035,10498680.0,45.83926606178284,6.2509661059615445,24.42090220462012,16683.093003859012,27.631021114931727,8.793113763224243,9.972219527615422,9.284145961990196,9.828240592998718,30,0,False,42
ABC-SMC,2897487.6033057855,12.636261800760737,10517880.0,45.869630336761475,6.2509661059615445,24.42090220462012,16683.093003859012,27.631021114931727,8.793113763224243,9.972219527615422,9.284145961990196,9.828240592998718,30,0,False,42
ABC-SMC,2902776.859504132,12.644548586905822,10537080.0,45.89971137046814,6.2509661059615445,24.42090220462012,16683.093003859012,27.631021114931727,8.793113763224243,9.972219527615422,9.284145961990196,9.828240592998718,30,0,False,42
ABC-SMC,2908066.115702479,12.653116023901736,10556280.0,45.930811166763306,6.2509661059615445,24.42090220462012,16683.093003859012,27.631021114931727,8.793113763224243,9.972219527615422,9.284145961990196,9.828240592998718,30,0,False,42
ABC-SMC,2889475.4098360655,12.557622643767811,10575480.0,45.960898876190186,6.2509661059615445,24.42090220462012,16683.093003859012,27.631021114931727,8.793113763224243,9.972219527615422,9.284145961990196,9.828240592998718,30,0,False,42
ABC-SMC,2894721.31147541,12.566117641052914,10594680.0,45.99199056625366,6.2509661059615445,24.42090220462012,16683.093003859012,27.631021114931727,8.793113763224243,9.972219527615422,9.284145961990196,9.828240592998718,30,0,False,42
ABC-SMC,2899967.213114754,12.57429448633246,10613880.0,46.02191781997681,6.2509661059615445,24.42090220462012,16683.093003859012,27.631021114931727,8.793113763224243,9.972219527615422,9.284145961990196,9.828240592998718,30,0,False,42
ABC-SMC,2905213.1147540985,12.582652034655293,10633080.0,46.05250644683838,6.2509661059615445,24.42090220462012,16683.093003859012,27.631021114931727,8.793113763224243,9.972219527615422,9.284145961990196,9.828240592998718,30,0,False,42
ABC-SMC,2910459.0163934426,12.59095238857582,10652280.0,46.0828857421875,6.2509661059615445,24.42090220462012,16683.093003859012,27.631021114931727,8.793113763224243,9.972219527615422,9.284145961990196,9.828240592998718,30,0,False,42
ABC-SMC,2915704.918032787,12.599299318803464,10671480.0,46.11343550682068,6.2509661059615445,24.42090220462012,16683.093003859012,27.631021114931727,8.793113763224243,9.972219527615422,9.284145961990196,9.828240592998718,30,0,False,42
ABC-SMC,2920950.8196721314,12.607582149609843,10690680.0,46.14375066757202,6.2509661059615445,24.42090220462012,16683.093003859012,27.631021114931727,8.793113763224243,9.972219527615422,9.284145961990196,9.828240592998718,30,0,False,42
ABC-SMC,2926196.721311475,12.615994872942649,10709880.0,46.17454123497009,6.2509661059615445,24.42090220462012,16683.093003859012,27.631021114931727,8.793113763224243,9.972219527615422,9.284145961990196,9.828240592998718,30,0,False,42
ABC-SMC,2931442.62295082,12.624316788761993,10729080.0,46.2049994468689,6.2509661059615445,24.42090220462012,16683.093003859012,27.631021114931727,8.793113763224243,9.972219527615422,9.284145961990196,9.828240592998718,30,0,False,42
ABC-SMC,2912813.0081300815,12.530005785830944,10748280.0,46.23572134971619,6.2509661059615445,24.42090220462012,16683.093003859012,27.631021114931727,8.793113763224243,9.972219527615422,9.284145961990196,9.828240592998718,30,0,False,42
ABC-SMC,2918016.2601626017,12.538108076183454,10767480.0,46.26561880111694,6.2509661059615445,24.42090220462012,16683.093003859012,27.631021114931727,8.793113763224243,9.972219527615422,9.284145961990196,9.828240592998718,30,0,False,42
ABC-SMC,2923219.512195122,12.546387662086383,10786680.0,46.296170473098755,6.2509661059615445,24.42090220462012,16683.093003859012,27.631021114931727,8.793113763224243,9.972219527615422,9.284145961990196,9.828240592998718,30,0,False,42
ABC-SMC,2928422.764227642,12.554477353083087,10805880.0,46.32602143287659,6.2509661059615445,24.42090220462012,16683.093003859012,27.631021114931727,8.793113763224243,9.972219527615422,9.284145961990196,9.828240592998718,30,0,False,42
ABC-SMC,2933626.0162601625,12.562880154224592,10825080.0,46.357027769088745,6.2509661059615445,24.42090220462012,16683.093003859012,27.631021114931727,8.793113763224243,9.972219527615422,9.284145961990196,9.828240592998718,30,0,False,42
ABC-SMC,2938829.268292683,12.571013781436413,10844280.0,46.387040853500366,6.2509661059615445,24.42090220462012,16683.093003859012,27.631021114931727,8.793113763224243,9.972219527615422,9.284145961990196,9.828240592998718,30,0,False,42
ABC-SMC,2944032.5203252034,12.579416647190001,10863480.0,46.4180474281311,6.2509661059615445,24.42090220462012,16683.093003859012,27.631021114931727,8.793113763224243,9.972219527615422,9.284145961990196,9.828240592998718,30,0,False,42
ABC-SMC,2949235.772357723,12.587520035947888,10882680.0,46.447948932647705,6.2509661059615445,24.42090220462012,16683.093003859012,27.631021114931727,8.793113763224243,9.972219527615422,9.284145961990196,9.828240592998718,30,0,False,42
ABC-SMC,2954439.024390244,12.59583031258932,10901880.0,46.47861385345459,6.2509661059615445,24.42090220462012,16683.093003859012,27.631021114931727,8.793113763224243,9.972219527615422,9.284145961990196,9.828240592998718,30,0,False,42
ABC-SMC,2959642.276422764,12.6039211019914,10921080.0,46.50846886634827,6.2509661059615445,24.42090220462012,16683.093003859012,27.631021114931727,8.793113763224243,9.972219527615422,9.284145961990196,9.828240592998718,30,0,False,42
ABC-SMC,2964845.528455285,12.612217422423324,10940280.0,46.539082288742065,6.2509661059615445,24.42090220462012,16683.093003859012,27.631021114931727,8.793113763224243,9.972219527615422,9.284145961990196,9.828240592998718,30,0,False,42
ABC-SMC,2970048.7804878047,12.620478593883153,10959480.0,46.56956601142883,6.2509661059615445,24.42090220462012,16683.093003859012,27.631021114931727,8.793113763224243,9.972219527615422,9.284145961990196,9.828240592998718,30,0,False,42
ABC-SMC,2975252.0325203254,12.628994530778591,10978680.0,46.600989818573,6.2509661059615445,24.42090220462012,16683.093003859012,27.631021114931727,8.793113763224243,9.972219527615422,9.284145961990196,9.828240592998718,30,0,False,42
ABC-SMC,2980455.2845528456,12.637312948542236,10997880.0,46.63168478012085,6.2509661059615445,24.42090220462012,16683.093003859012,27.631021114931727,8.793113763224243,9.972219527615422,9.284145961990196,9.828240592998718,30,0,False,42
ABC-SMC,2985658.536585366,12.64566425385514,11017080.0,46.662501096725464,6.2509661059615445,24.42090220462012,16683.093003859012,27.631021114931727,8.793113763224243,9.972219527615422,9.284145961990196,9.828240592998718,30,0,False,42
ABC-SMC,2990861.788617886,12.653800982446851,11036280.0,46.69252562522888,6.2509661059615445,24.42090220462012,16683.093003859012,27.631021114931727,8.793113763224243,9.972219527615422,9.284145961990196,9.828240592998718,30,0,False,42
ABC-SMC,2971903.2258064523,12.560023607746249,11055480.0,46.72328782081604,6.2509661059615445,24.42090220462012,16683.093003859012,27.631021114931727,8.793113763224243,9.972219527615422,9.284145961990196,9.828240592998718,30,0,False,42
ABC-SMC,2977064.5161290327,12.568093051192582,11074680.0,46.7533061504364,6.2509661059615445,24.42090220462012,16683.093003859012,27.631021114931727,8.793113763224243,9.972219527615422,9.284145961990196,9.828240592998718,30,0,False,42
ABC-SMC,2982225.806451613,12.576519417506393,11093880.0,46.78465223312378,6.2509661059615445,24.42090220462012,16683.093003859012,27.631021114931727,8.793113763224243,9.972219527615422,9.284145961990196,9.828240592998718,30,0,False,42
ABC-SMC,2963488.0,12.48398208618164,11113080.0,46.81493282318115,6.2509661059615445,24.42090220462012,16683.093003859012,27.631021114931727,8.793113763224243,9.972219527615422,9.284145961990196,9.828240592998718,30,0,False,42
ABC-SMC,2968608.0,12.49218781789144,11132280.0,46.845704317092896,6.2509661059615445,24.42090220462012,16683.093003859012,27.631021114931727,8.793113763224243,9.972219527615422,9.284145961990196,9.828240592998718,30,0,False,42
ABC-SMC,2973728.0,12.500210571289063,11151480.0,46.875789642333984,6.2509661059615445,24.42090220462012,16683.093003859012,27.631021114931727,8.793113763224243,9.972219527615422,9.284145961990196,9.828240592998718,30,0,False,42
ABC-SMC,2978848.0,12.50847562154134,11170680.0,46.90678358078003,6.2509661059615445,24.42090220462012,16683.093003859012,27.631021114931727,8.793113763224243,9.972219527615422,9.284145961990196,9.828240592998718,30,0,False,42
ABC-SMC,2983968.0,12.516360219319662,11189880.0,46.93635082244873,6.2509661059615445,24.42090220462012,16683.093003859012,27.631021114931727,8.793113763224243,9.972219527615422,9.284145961990196,9.828240592998718,30,0,False,42
ABC-SMC,2989088.0,12.524589284261067,11209080.0,46.967209815979004,6.2509661059615445,24.42090220462012,16683.093003859012,27.631021114931727,8.793113763224243,9.972219527615422,9.284145961990196,9.828240592998718,30,0,False,42
ABC-SMC,2994208.0,12.532702000935872,11228280.0,46.99763250350952,6.2509661059615445,24.42090220462012,16683.093003859012,27.631021114931727,8.793113763224243,9.972219527615422,9.284145961990196,9.828240592998718,30,0,False,42
ABC-SMC,2999328.0,12.540908114115398,11247480.0,47.02840542793274,6.2509661059615445,24.42090220462012,16683.093003859012,27.631021114931727,8.793113763224243,9.972219527615422,9.284145961990196,9.828240592998718,30,0,False,42
ABC-SMC,3004448.0,12.549013646443685,11266680.0,47.05880117416382,6.2509661059615445,24.42090220462012,16683.093003859012,27.631021114931727,8.793113763224243,9.972219527615422,9.284145961990196,9.828240592998718,30,0,False,42
ABC-SMC,2985682.539682539,12.457510403224399,11285880.0,47.08938932418823,6.2509661059615445,24.42090220462012,16683.093003859012,27.631021114931727,8.793113763224243,9.972219527615422,9.284145961990196,9.828240592998718,30,0,False,42
ABC-SMC,2990761.9047619044,12.465505625205063,11305080.0,47.11961126327515,6.2509661059615445,24.42090220462012,16683.093003859012,27.631021114931727,8.793113763224243,9.972219527615422,9.284145961990196,9.828240592998718,30,0,False,42
ABC-SMC,2995841.2698412696,12.473583032214451,11324280.0,47.15014386177063,6.2509661059615445,24.42090220462012,16683.093003859012,27.631021114931727,8.793113763224243,9.972219527615422,9.284145961990196,9.828240592998718,30,0,False,42
ABC-SMC,2977291.3385826773,12.38317408273852,11343480.0,47.179893255233765,6.2509661059615445,24.42090220462012,16683.093003859012,27.631021114931727,8.793113763224243,9.972219527615422,9.284145961990196,9.828240592998718,30,0,False,42
ABC-SMC,2982330.7086614175,12.391268111902273,11362680.0,47.210731506347656,6.2509661059615445,24.42090220462012,16683.093003859012,27.631021114931727,8.793113763224243,9.972219527615422,9.284145961990196,9.828240592998718,30,0,False,42
ABC-SMC,2987370.0787401577,12.399097314969762,11381880.0,47.24056077003479,6.2509661059615445,24.42090220462012,16683.093003859012,27.631021114931727,8.793113763224243,9.972219527615422,9.284145961990196,9.828240592998718,30,0,False,42
ABC-SMC,2992409.4488188974,12.407188653320153,11401080.0,47.27138876914978,6.2509661059615445,24.42090220462012,16683.093003859012,27.631021114931727,8.793113763224243,9.972219527615422,9.284145961990196,9.828240592998718,30,0,False,42
ABC-SMC,2997448.818897638,12.415093011430555,11420280.0,47.301504373550415,6.2509661059615445,24.42090220462012,16683.093003859012,27.631021114931727,8.793113763224243,9.972219527615422,9.284145961990196,9.828240592998718,30,0,False,42
ABC-SMC,2979031.25,12.32610239336888,11439480.0,47.3322331905365,6.2509661059615445,24.42090220462012,16683.093003859012,27.631021114931727,8.793113763224243,9.972219527615422,9.284145961990196,9.828240592998718,30,0,False,42
ABC-SMC,2984031.25,12.333921094735464,11458680.0,47.36225700378418,6.2509661059615445,24.42090220462012,16683.093003859012,27.631021114931727,8.793113763224243,9.972219527615422,9.284145961990196,9.828240592998718,30,0,False,42
ABC-SMC,2989031.25,12.34192146609227,11477880.0,47.39297842979431,6.2509661059615445,24.42090220462012,16683.093003859012,27.631021114931727,8.793113763224243,9.972219527615422,9.284145961990196,9.828240592998718,30,0,False,42
ABC-SMC,2970821.7054263563,12.25406569103862,11497080.0,47.42323422431946,6.2509661059615445,24.42090220462012,16683.093003859012,27.631021114931727,8.793113763224243,9.972219527615422,9.284145961990196,9.828240592998718,30,0,False,42
ABC-SMC,2952892.3076923075,12.167605497898197,11516280.0,47.45366144180298,6.2509661059615445,24.42090220462012,16683.093003859012,27.631021114931727,8.793113763224243,9.972219527615422,9.284145961990196,9.828240592998718,30,0,False,42
ABC-SMC,2957815.384615384,12.175389986771801,11535480.0,47.484020948410034,6.2509661059615445,24.42090220462012,16683.093003859012,27.631021114931727,8.793113763224243,9.972219527615422,9.284145961990196,9.828240592998718,30,0,False,42
ABC-SMC,2962738.461538461,12.183303160545151,11554680.0,47.5148823261261,6.2509661059615445,24.42090220462012,16683.093003859012,27.631021114931727,8.793113763224243,9.972219527615422,9.284145961990196,9.828240592998718,30,0,False,42
ABC-SMC,2967661.538461538,12.191016123845026,11573880.0,47.544962882995605,6.2509661059615445,24.42090220462012,16683.093003859012,27.631021114931727,8.793113763224243,9.972219527615422,9.284145961990196,9.828240592998718,30,0,False,42
ABC-SMC,2972584.615384615,12.198931742937136,11593080.0,47.575833797454834,6.2509661059615445,24.42090220462012,16683.093003859012,27.631021114931727,8.793113763224243,9.972219527615422,9.284145961990196,9.828240592998718,30,0,False,42
ABC-SMC,2977507.6923076916,12.206742152189596,11612280.0,47.60629439353943,6.2509661059615445,24.42090220462012,16683.093003859012,27.631021114931727,8.793113763224243,9.972219527615422,9.284145961990196,9.828240592998718,30,0,False,42
ABC-SMC,2982430.769230769,12.21474011739095,11631480.0,47.63748645782471,6.2509661059615445,24.42090220462012,16683.093003859012,27.631021114931727,8.793113763224243,9.972219527615422,9.284145961990196,9.828240592998718,30,0,False,42
ABC-SMC,2987353.846153846,12.22245931625366,11650680.0,47.66759133338928,6.2509661059615445,24.42090220462012,16683.093003859012,27.631021114931727,8.793113763224243,9.972219527615422,9.284145961990196,9.828240592998718,30,0,False,42
ABC-SMC,2992276.9230769225,12.230431972405848,11669880.0,47.69868469238281,6.2509661059615445,24.42090220462012,16683.093003859012,27.631021114931727,8.793113763224243,9.972219527615422,9.284145961990196,9.828240592998718,30,0,False,42
ABC-SMC,2997200.0,12.238117303603733,11689080.0,47.728657484054565,6.2509661059615445,24.42090220462012,16683.093003859012,27.631021114931727,8.793113763224243,9.972219527615422,9.284145961990196,9.828240592998718,30,0,False,42
ABC-SMC,3002123.0769230765,12.246024058415339,11708280.0,47.759493827819824,6.2509661059615445,24.42090220462012,16683.093003859012,27.631021114931727,8.793113763224243,9.972219527615422,9.284145961990196,9.828240592998718,30,0,False,42
ABC-SMC,3007046.1538461535,12.25375725672795,11727480.0,47.789653301239014,6.2509661059615445,24.42090220462012,16683.093003859012,27.631021114931727,8.793113763224243,9.972219527615422,9.284145961990196,9.828240592998718,30,0,False,42
ABC-SMC,3011969.2307692305,12.261609297532301,11746680.0,47.82027626037598,6.2509661059615445,24.42090220462012,16683.093003859012,27.631021114931727,8.793113763224243,9.972219527615422,9.284145961990196,9.828240592998718,30,0,False,42
ABC-SMC,3016892.3076923075,12.269405401670014,11765880.0,47.85068106651306,6.2509661059615445,24.42090220462012,16683.093003859012,27.631021114931727,8.793113763224243,9.972219527615422,9.284145961990196,9.828240592998718,30,0,False,42
ABC-SMC,3021815.384615384,12.277272175519892,11785080.0,47.88136148452759,6.2509661059615445,24.42090220462012,16683.093003859012,27.631021114931727,8.793113763224243,9.972219527615422,9.284145961990196,9.828240592998718,30,0,False,42
ABC-SMC,3026738.461538461,12.285055136069271,11804280.0,47.911715030670166,6.2509661059615445,24.42090220462012,16683.093003859012,27.631021114931727,8.793113763224243,9.972219527615422,9.284145961990196,9.828240592998718,30,0,False,42
ABC-SMC,3031661.538461538,12.29291769174429,11823480.0,47.942378997802734,6.2509661059615445,24.42090220462012,16683.093003859012,27.631021114931727,8.793113763224243,9.972219527615422,9.284145961990196,9.828240592998718,30,0,False,42
ABC-SMC,3036584.615384615,12.300663727980393,11842680.0,47.972588539123535,6.2509661059615445,24.42090220462012,16683.093003859012,27.631021114931727,8.793113763224243,9.972219527615422,9.284145961990196,9.828240592998718,30,0,False,42
ABC-SMC,3018290.076335878,12.21461320348065,11861880.0,48.003429889678955,6.2509661059615445,24.42090220462012,16683.093003859012,27.631021114931727,8.793113763224243,9.972219527615422,9.284145961990196,9.828240592998718,30,0,False,42
ABC-SMC,3023175.572519084,12.22226916985354,11881080.0,48.033517837524414,6.2509661059615445,24.42090220462012,16683.093003859012,27.631021114931727,8.793113763224243,9.972219527615422,9.284145961990196,9.828240592998718,30,0,False,42
ABC-SMC,3028061.06870229,12.230169014772992,11900280.0,48.06456422805786,6.2509661059615445,24.42090220462012,16683.093003859012,27.631021114931727,8.793113763224243,9.972219527615422,9.284145961990196,9.828240592998718,30,0,False,42
ABC-SMC,3032946.564885496,12.237805264596721,11919480.0,48.09457468986511,6.2509661059615445,24.42090220462012,16683.093003859012,27.631021114931727,8.793113763224243,9.972219527615422,9.284145961990196,9.828240592998718,30,0,False,42
ABC-SMC,3037832.0610687025,12.24565038850896,11938680.0,48.12540602684021,6.2509661059615445,24.42090220462012,16683.093003859012,27.631021114931727,8.793113763224243,9.972219527615422,9.284145961990196,9.828240592998718,30,0,False,42
ABC-SMC,3042717.557251909,12.25323780195707,11957880.0,48.155224561691284,6.2509661059615445,24.42090220462012,16683.093003859012,27.631021114931727,8.793113763224243,9.972219527615422,9.284145961990196,9.828240592998718,30,0,False,42
ABC-SMC,3047603.053435114,12.261019650913074,11977080.0,48.18580722808838,6.2509661059615445,24.42090220462012,16683.093003859012,27.631021114931727,8.793113763224243,9.972219527615422,9.284145961990196,9.828240592998718,30,0,False,42
ABC-SMC,3052488.5496183205,12.268574122557506,11996280.0,48.215496301651,6.2509661059615445,24.42090220462012,16683.093003859012,27.631021114931727,8.793113763224243,9.972219527615422,9.284145961990196,9.828240592998718,30,0,False,42
ABC-SMC,3011398.4962406014,12.09173029227962,12015480.0,48.24600386619568,6.2509661059615445,24.42090220462012,16683.093003859012,27.631021114931727,8.793113763224243,9.972219527615422,9.284145961990196,9.828240592998718,30,0,False,42
ABC-SMC,3016210.5263157897,12.099334829134452,12034680.0,48.27634596824646,6.2509661059615445,24.42090220462012,16683.093003859012,27.631021114931727,8.793113763224243,9.972219527615422,9.284145961990196,9.828240592998718,30,0,False,42
ABC-SMC,3021022.5563909775,12.107034434650775,12053880.0,48.30706739425659,6.2509661059615445,24.42090220462012,16683.093003859012,27.631021114931727,8.793113763224243,9.972219527615422,9.284145961990196,9.828240592998718,30,0,False,42
ABC-SMC,3025834.5864661657,12.114625108570682,12073080.0,48.33735418319702,6.2509661059615445,24.42090220462012,16683.093003859012,27.631021114931727,8.793113763224243,9.972219527615422,9.284145961990196,9.828240592998718,30,0,False,42
ABC-SMC,3030646.6165413535,12.122228629607008,12092280.0,48.36769223213196,6.2509661059615445,24.42090220462012,16683.093003859012,27.631021114931727,8.793113763224243,9.972219527615422,9.284145961990196,9.828240592998718,30,0,False,42
ABC-SMC,3035458.6466165413,12.129652828799752,12111480.0,48.39731478691101,6.2509661059615445,24.42090220462012,16683.093003859012,27.631021114931727,8.793113763224243,9.972219527615422,9.284145961990196,9.828240592998718,30,0,False,42
ABC-SMC,3040270.6766917296,12.137297878886823,12130680.0,48.42781853675842,6.2509661059615445,24.42090220462012,16683.093003859012,27.631021114931727,8.793113763224243,9.972219527615422,9.284145961990196,9.828240592998718,30,0,False,42
ABC-SMC,3045082.7067669174,12.144783624730314,12149880.0,48.45768666267395,6.2509661059615445,24.42090220462012,16683.093003859012,27.631021114931727,8.793113763224243,9.972219527615422,9.284145961990196,9.828240592998718,30,0,False,42
ABC-SMC,3049894.7368421056,12.1525141828341,12169080.0,48.48853158950806,6.2509661059615445,24.42090220462012,16683.093003859012,27.631021114931727,8.793113763224243,9.972219527615422,9.284145961990196,9.828240592998718,30,0,False,42
ABC-SMC,3054706.7669172934,12.159923025241174,12188280.0,48.51809287071228,6.2509661059615445,24.42090220462012,16683.093003859012,27.631021114931727,8.793113763224243,9.972219527615422,9.284145961990196,9.828240592998718,30,0,False,42
ABC-SMC,3059518.796992481,12.16766129161481,12207480.0,48.54896855354309,6.2509661059615445,24.42090220462012,16683.093003859012,27.631021114931727,8.793113763224243,9.972219527615422,9.284145961990196,9.828240592998718,30,0,False,42
ABC-SMC,3064330.8270676695,12.175127677152629,12226680.0,48.57875943183899,6.2509661059615445,24.42090220462012,16683.093003859012,27.631021114931727,8.793113763224243,9.972219527615422,9.284145961990196,9.828240592998718,30,0,False,42
ABC-SMC,3069142.8571428573,12.182834632414623,12245880.0,48.60951018333435,6.2509661059615445,24.42090220462012,16683.093003859012,27.631021114931727,8.793113763224243,9.972219527615422,9.284145961990196,9.828240592998718,30,0,False,42
ABC-SMC,3073954.8872180455,12.190379654255725,12265080.0,48.63961482048035,6.2509661059615445,24.42090220462012,16683.093003859012,27.631021114931727,8.793113763224243,9.972219527615422,9.284145961990196,9.828240592998718,30,0,False,42
ABC-SMC,3078766.9172932333,12.198040001374439,12284280.0,48.67017960548401,6.2509661059615445,24.42090220462012,16683.093003859012,27.631021114931727,8.793113763224243,9.972219527615422,9.284145961990196,9.828240592998718,30,0,False,42
ABC-SMC,3083578.947368421,12.20564017618509,12303480.0,48.700504302978516,6.2509661059615445,24.42090220462012,16683.093003859012,27.631021114931727,8.793113763224243,9.972219527615422,9.284145961990196,9.828240592998718,30,0,False,42
ABC-SMC,3088390.9774436094,12.21334940210022,12322680.0,48.73126411437988,6.2509661059615445,24.42090220462012,16683.093003859012,27.631021114931727,8.793113763224243,9.972219527615422,9.284145961990196,9.828240592998718,30,0,False,42
ABC-SMC,3093203.0075187967,12.220897351888786,12341880.0,48.761380434036255,6.2509661059615445,24.42090220462012,16683.093003859012,27.631021114931727,8.793113763224243,9.972219527615422,9.284145961990196,9.828240592998718,30,0,False,42
ABC-SMC,3074895.522388059,12.137280945754169,12361080.0,48.79186940193176,6.2509661059615445,24.42090220462012,16683.093003859012,27.631021114931727,8.793113763224243,9.972219527615422,9.284145961990196,9.828240592998718,30,0,False,42
ABC-SMC,3079671.6417910443,12.144716343476404,12380280.0,48.82175970077515,6.2509661059615445,24.42090220462012,16683.093003859012,27.631021114931727,8.793113763224243,9.972219527615422,9.284145961990196,9.828240592998718,30,0,False,42
ABC-SMC,3084447.76119403,12.152241177819853,12399480.0,48.852009534835815,6.2509661059615445,24.42090220462012,16683.093003859012,27.631021114931727,8.793113763224243,9.972219527615422,9.284145961990196,9.828240592998718,30,0,False,42
ABC-SMC,3089223.8805970144,12.159597339914804,12418680.0,48.88158130645752,6.2509661059615445,24.42090220462012,16683.093003859012,27.631021114931727,8.793113763224243,9.972219527615422,9.284145961990196,9.828240592998718,30,0,False,42
ABC-SMC,3093999.9999999995,12.167327795455703,12437880.0,48.912657737731934,6.2509661059615445,24.42090220462012,16683.093003859012,27.631021114931727,8.793113763224243,9.972219527615422,9.284145961990196,9.828240592998718,30,0,False,42
ABC-SMC,3098776.119402985,12.1747877467331,12457080.0,48.942646741867065,6.2509661059615445,24.42090220462012,16683.093003859012,27.631021114931727,8.793113763224243,9.972219527615422,9.284145961990196,9.828240592998718,30,0,False,42
ABC-SMC,3103552.2388059697,12.182516304414662,12476280.0,48.97371554374695,6.2509661059615445,24.42090220462012,16683.093003859012,27.631021114931727,8.793113763224243,9.972219527615422,9.284145961990196,9.828240592998718,30,0,False,42
ABC-SMC,3108328.358208955,12.189976492924476,12495480.0,49.0037055015564,6.2509661059615445,24.42090220462012,16683.093003859012,27.631021114931727,8.793113763224243,9.972219527615422,9.284145961990196,9.828240592998718,30,0,False,42
ABC-SMC,3113104.47761194,12.197640642004819,12514680.0,49.034515380859375,6.2509661059615445,24.42090220462012,16683.093003859012,27.631021114931727,8.793113763224243,9.972219527615422,9.284145961990196,9.828240592998718,30,0,False,42
ABC-SMC,3117880.597014925,12.205117436783823,12533880.0,49.06457209587097,6.2509661059615445,24.42090220462012,16683.093003859012,27.631021114931727,8.793113763224243,9.972219527615422,9.284145961990196,9.828240592998718,30,0,False,42
ABC-SMC,3122656.71641791,12.212778620458952,12553080.0,49.095370054244995,6.2509661059615445,24.42090220462012,16683.093003859012,27.631021114931727,8.793113763224243,9.972219527615422,9.284145961990196,9.828240592998718,30,0,False,42
ABC-SMC,3127432.835820895,12.220367211014477,12572280.0,49.1258761882782,6.2509661059615445,24.42090220462012,16683.093003859012,27.631021114931727,8.793113763224243,9.972219527615422,9.284145961990196,9.828240592998718,30,0,False,42
ABC-SMC,3132208.9552238802,12.22801131395558,12591480.0,49.15660548210144,6.2509661059615445,24.42090220462012,16683.093003859012,27.631021114931727,8.793113763224243,9.972219527615422,9.284145961990196,9.828240592998718,30,0,False,42
ABC-SMC,3136985.0746268653,12.235465808887385,12610680.0,49.186572551727295,6.2509661059615445,24.42090220462012,16683.093003859012,27.631021114931727,8.793113763224243,9.972219527615422,9.284145961990196,9.828240592998718,30,0,False,42
ABC-SMC,3141761.1940298504,12.243051196805279,12629880.0,49.21706581115723,6.2509661059615445,24.42090220462012,16683.093003859012,27.631021114931727,8.793113763224243,9.972219527615422,9.284145961990196,9.828240592998718,30,0,False,42
ABC-SMC,3146537.3134328355,12.250455101924155,12649080.0,49.24682950973511,6.2509661059615445,24.42090220462012,16683.093003859012,27.631021114931727,8.793113763224243,9.972219527615422,9.284145961990196,9.828240592998718,30,0,False,42
ABC-SMC,3127970.37037037,12.167245193764012,12668280.0,49.27734303474426,6.2509661059615445,24.42090220462012,16683.093003859012,27.631021114931727,8.793113763224243,9.972219527615422,9.284145961990196,9.828240592998718,30,0,False,42
ABC-SMC,3109676.470588235,12.085085990382176,12687480.0,49.30715084075928,6.2509661059615445,24.42090220462012,16683.093003859012,27.631021114931727,8.793113763224243,9.972219527615422,9.284145961990196,9.828240592998718,30,0,False,42
ABC-SMC,3114382.3529411764,12.092646196776744,12706680.0,49.33799648284912,6.2509661059615445,24.42090220462012,16683.093003859012,27.631021114931727,8.793113763224243,9.972219527615422,9.284145961990196,9.828240592998718,30,0,False,42
ABC-SMC,3119088.2352941176,12.099947473582098,12725880.0,49.367785692214966,6.2509661059615445,24.42090220462012,16683.093003859012,27.631021114931727,8.793113763224243,9.972219527615422,9.284145961990196,9.828240592998718,30,0,False,42
ABC-SMC,3123794.117647059,12.107519425597847,12745080.0,49.39867925643921,6.2509661059615445,24.42090220462012,16683.093003859012,27.631021114931727,8.793113763224243,9.972219527615422,9.284145961990196,9.828240592998718,30,0,False,42
ABC-SMC,3128500.0,12.11481322260464,12764280.0,49.42843794822693,6.2509661059615445,24.42090220462012,16683.093003859012,27.631021114931727,8.793113763224243,9.972219527615422,9.284145961990196,9.828240592998718,30,0,False,42
ABC-SMC,3133205.882352941,12.122291852446162,12783480.0,49.45895075798035,6.2509661059615445,24.42090220462012,16683.093003859012,27.631021114931727,8.793113763224243,9.972219527615422,9.284145961990196,9.828240592998718,30,0,False,42
ABC-SMC,3137911.7647058824,12.129571683266585,12802680.0,49.48865246772766,6.2509661059615445,24.42090220462012,16683.093003859012,27.631021114931727,8.793113763224243,9.972219527615422,9.284145961990196,9.828240592998718,30,0,False,42
ABC-SMC,3142617.6470588236,12.137029042430951,12821880.0,49.519078493118286,6.2509661059615445,24.42090220462012,16683.093003859012,27.631021114931727,8.793113763224243,9.972219527615422,9.284145961990196,9.828240592998718,30,0,False,42
ABC-SMC,3124350.3649635036,12.055761912733388,12841080.0,49.54918146133423,6.2509661059615445,24.42090220462012,16683.093003859012,27.631021114931727,8.793113763224243,9.972219527615422,9.284145961990196,9.828240592998718,30,0,False,42
ABC-SMC,3129021.897810219,12.063212232288073,12860280.0,49.57980227470398,6.2509661059615445,24.42090220462012,16683.093003859012,27.631021114931727,8.793113763224243,9.972219527615422,9.284145961990196,9.828240592998718,30,0,False,42
ABC-SMC,3133693.430656934,12.070632909046182,12879480.0,49.61030125617981,6.2509661059615445,24.42090220462012,16683.093003859012,27.631021114931727,8.793113763224243,9.972219527615422,9.284145961990196,9.828240592998718,30,0,False,42
ABC-SMC,3138364.9635036495,12.078065593747326,12898680.0,49.640849590301514,6.2509661059615445,24.42090220462012,16683.093003859012,27.631021114931727,8.793113763224243,9.972219527615422,9.284145961990196,9.828240592998718,30,0,False,42
ABC-SMC,3143036.4963503648,12.08531322850508,12917880.0,49.670637369155884,6.2509661059615445,24.42090220462012,16683.093003859012,27.631021114931727,8.793113763224243,9.972219527615422,9.284145961990196,9.828240592998718,30,0,False,42
ABC-SMC,3147708.02919708,12.092696837265125,12937080.0,49.70098400115967,6.2509661059615445,24.42090220462012,16683.093003859012,27.631021114931727,8.793113763224243,9.972219527615422,9.284145961990196,9.828240592998718,30,0,False,42
ABC-SMC,3152379.5620437954,12.099933160192485,12956280.0,49.73072528839111,6.2509661059615445,24.42090220462012,16683.093003859012,27.631021114931727,8.793113763224243,9.972219527615422,9.284145961990196,9.828240592998718,30,0,False,42
ABC-SMC,3157051.0948905107,12.107428495031204,12975480.0,49.76153111457825,6.2509661059615445,24.42090220462012,16683.093003859012,27.631021114931727,8.793113763224243,9.972219527615422,9.284145961990196,9.828240592998718,30,0,False,42
ABC-SMC,3161722.6277372264,12.11467781206117,12994680.0,49.79132580757141,6.2509661059615445,24.42090220462012,16683.093003859012,27.631021114931727,8.793113763224243,9.972219527615422,9.284145961990196,9.828240592998718,30,0,False,42
ABC-SMC,3166394.1605839417,12.122135266770412,13013880.0,49.82197594642639,6.2509661059615445,24.42090220462012,16683.093003859012,27.631021114931727,8.793113763224243,9.972219527615422,9.284145961990196,9.828240592998718,30,0,False,42
ABC-SMC,3171065.693430657,12.129320367409365,13033080.0,49.85150671005249,6.2509661059615445,24.42090220462012,16683.093003859012,27.631021114931727,8.793113763224243,9.972219527615422,9.284145961990196,9.828240592998718,30,0,False,42
ABC-SMC,3175737.2262773723,12.136734257069238,13052280.0,49.881977796554565,6.2509661059615445,24.42090220462012,16683.093003859012,27.631021114931727,8.793113763224243,9.972219527615422,9.284145961990196,9.828240592998718,30,0,False,42
ABC-SMC,3180408.7591240876,12.143937050571116,13071480.0,49.91158127784729,6.2509661059615445,24.42090220462012,16683.093003859012,27.631021114931727,8.793113763224243,9.972219527615422,9.284145961990196,9.828240592998718,30,0,False,42
ABC-SMC,3185080.291970803,12.15127767437566,13090680.0,49.94175124168396,6.2509661059615445,24.42090220462012,16683.093003859012,27.631021114931727,8.793113763224243,9.972219527615422,9.284145961990196,9.828240592998718,30,0,False,42
ABC-SMC,3189751.8248175182,12.158587089130188,13109880.0,49.97179293632507,6.2509661059615445,24.42090220462012,16683.093003859012,27.631021114931727,8.793113763224243,9.972219527615422,9.284145961990196,9.828240592998718,30,0,False,42
ABC-SMC,3194423.3576642335,12.16593861869942,13129080.0,50.002007722854614,6.2509661059615445,24.42090220462012,16683.093003859012,27.631021114931727,8.793113763224243,9.972219527615422,9.284145961990196,9.828240592998718,30,0,False,42
ABC-SMC,3199094.890510949,12.173255226617892,13148280.0,50.032078981399536,6.2509661059615445,24.42090220462012,16683.093003859012,27.631021114931727,8.793113763224243,9.972219527615422,9.284145961990196,9.828240592998718,30,0,False,42
ABC-SMC,3203766.423357664,12.180599330985633,13167480.0,50.06226325035095,6.2509661059615445,24.42090220462012,16683.093003859012,27.631021114931727,8.793113763224243,9.972219527615422,9.284145961990196,9.828240592998718,30,0,False,42
ABC-SMC,3208437.9562043794,12.187806359172738,13186680.0,50.09188413619995,6.2509661059615445,24.42090220462012,16683.093003859012,27.631021114931727,8.793113763224243,9.972219527615422,9.284145961990196,9.828240592998718,30,0,False,42
ABC-SMC,3213109.4890510947,12.195183760928412,13205880.0,50.12220525741577,6.2509661059615445,24.42090220462012,16683.093003859012,27.631021114931727,8.793113763224243,9.972219527615422,9.284145961990196,9.828240592998718,30,0,False,42
ABC-SMC,3194463.7681159414,12.113985923177376,13225080.0,50.151901721954346,6.2509661059615445,24.42090220462012,16683.093003859012,27.631021114931727,8.793113763224243,9.972219527615422,9.284145961990196,9.828240592998718,30,0,False,42
ABC-SMC,3199101.4492753614,12.121416290025202,13244280.0,50.182663440704346,6.2509661059615445,24.42090220462012,16683.093003859012,27.631021114931727,8.793113763224243,9.972219527615422,9.284145961990196,9.828240592998718,30,0,False,42
ABC-SMC,3203739.1304347822,12.128628452043024,13263480.0,50.21252179145813,6.2509661059615445,24.42090220462012,16683.093003859012,27.631021114931727,8.793113763224243,9.972219527615422,9.284145961990196,9.828240592998718,30,0,False,42
ABC-SMC,3208376.811594202,12.136042521195709,13282680.0,50.243216037750244,6.2509661059615445,24.42090220462012,16683.093003859012,27.631021114931727,8.793113763224243,9.972219527615422,9.284145961990196,9.828240592998718,30,0,False,42
ABC-SMC,3213014.4927536226,12.143215983386197,13301880.0,50.27291417121887,6.2509661059615445,24.42090220462012,16683.093003859012,27.631021114931727,8.793113763224243,9.972219527615422,9.284145961990196,9.828240592998718,30,0,False,42
ABC-SMC,3194503.5971223023,12.063134259743084,13321080.0,50.30326986312866,6.2509661059615445,24.42090220462012,16683.093003859012,27.631021114931727,8.793113763224243,9.972219527615422,9.284145961990196,9.828240592998718,30,0,False,42
ABC-SMC,3199107.9136690646,12.070256971912704,13340280.0,50.33297157287598,6.2509661059615445,24.42090220462012,16683.093003859012,27.631021114931727,8.793113763224243,9.972219527615422,9.284145961990196,9.828240592998718,30,0,False,42
ABC-SMC,3203712.2302158275,12.077569218276503,13359480.0,50.36346364021301,6.2509661059615445,24.42090220462012,16683.093003859012,27.631021114931727,8.793113763224243,9.972219527615422,9.284145961990196,9.828240592998718,30,0,False,42
ABC-SMC,3208316.54676259,12.084804335944087,13378680.0,50.39363408088684,6.2509661059615445,24.42090220462012,16683.093003859012,27.631021114931727,8.793113763224243,9.972219527615422,9.284145961990196,9.828240592998718,30,0,False,42
ABC-SMC,3212920.8633093527,12.092065010711158,13397880.0,50.42391109466553,6.2509661059615445,24.42090220462012,16683.093003859012,27.631021114931727,8.793113763224243,9.972219527615422,9.284145961990196,9.828240592998718,30,0,False,42
ABC-SMC,3217525.1798561155,12.099336720199036,13417080.0,50.45423412322998,6.2509661059615445,24.42090220462012,16683.093003859012,27.631021114931727,8.793113763224243,9.972219527615422,9.284145961990196,9.828240592998718,30,0,False,42
ABC-SMC,3222129.4964028774,12.10660013935263,13436280.0,50.484522581100464,6.2509661059615445,24.42090220462012,16683.093003859012,27.631021114931727,8.793113763224243,9.972219527615422,9.284145961990196,9.828240592998718,30,0,False,42
ABC-SMC,3226733.81294964,12.113720907581795,13455480.0,50.51421618461609,6.2509661059615445,24.42090220462012,16683.093003859012,27.631021114931727,8.793113763224243,9.972219527615422,9.284145961990196,9.828240592998718,30,0,False,42
ABC-SMC,3231338.129496403,12.121001193277557,13474680.0,50.54457497596741,6.2509661059615445,24.42090220462012,16683.093003859012,27.631021114931727,8.793113763224243,9.972219527615422,9.284145961990196,9.828240592998718,30,0,False,42
ABC-SMC,3235942.4460431654,12.128226534068155,13493880.0,50.57470464706421,6.2509661059615445,24.42090220462012,16683.093003859012,27.631021114931727,8.793113763224243,9.972219527615422,9.284145961990196,9.828240592998718,30,0,False,42
ABC-SMC,3240546.762589928,12.135652729647338,13513080.0,50.605671882629395,6.2509661059615445,24.42090220462012,16683.093003859012,27.631021114931727,8.793113763224243,9.972219527615422,9.284145961990196,9.828240592998718,30,0,False,42
ABC-SMC,3221971.4285714286,12.056106328964233,13532280.0,50.63564658164978,6.2509661059615445,24.42090220462012,16683.093003859012,27.631021114931727,8.793113763224243,9.972219527615422,9.284145961990196,9.828240592998718,30,0,False,42
ABC-SMC,3226542.857142857,12.063454673403786,13551480.0,50.6665096282959,6.2509661059615445,24.42090220462012,16683.093003859012,27.631021114931727,8.793113763224243,9.972219527615422,9.284145961990196,9.828240592998718,30,0,False,42
ABC-SMC,3231114.285714286,12.070865574337187,13570680.0,50.69763541221619,6.2509661059615445,24.42090220462012,16683.093003859012,27.631021114931727,8.793113763224243,9.972219527615422,9.284145961990196,9.828240592998718,30,0,False,42
ABC-SMC,3235685.714285714,12.078218630381993,13589880.0,50.72851824760437,6.2509661059615445,24.42090220462012,16683.093003859012,27.631021114931727,8.793113763224243,9.972219527615422,9.284145961990196,9.828240592998718,30,0,False,42
ABC-SMC,3240257.1428571427,12.085426024028232,13609080.0,50.75878930091858,6.2509661059615445,24.42090220462012,16683.093003859012,27.631021114931727,8.793113763224243,9.972219527615422,9.284145961990196,9.828240592998718,30,0,False,42
ABC-SMC,3244828.571428572,12.092732531683785,13628280.0,50.7894766330719,6.2509661059615445,24.42090220462012,16683.093003859012,27.631021114931727,8.793113763224243,9.972219527615422,9.284145961990196,9.828240592998718,30,0,False,42
ABC-SMC,3249400.0,12.100056069237846,13647480.0,50.82023549079895,6.2509661059615445,24.42090220462012,16683.093003859012,27.631021114931727,8.793113763224243,9.972219527615422,9.284145961990196,9.828240592998718,30,0,False,42
ABC-SMC,3253971.4285714286,12.107354970205398,13666680.0,50.85089087486267,6.2509661059615445,24.42090220462012,16683.093003859012,27.631021114931727,8.793113763224243,9.972219527615422,9.284145961990196,9.828240592998718,30,0,False,42
ABC-SMC,3258542.857142857,12.114688725698562,13685880.0,50.88169264793396,6.2509661059615445,24.42090220462012,16683.093003859012,27.631021114931727,8.793113763224243,9.972219527615422,9.284145961990196,9.828240592998718,30,0,False,42
ABC-SMC,3263114.285714286,12.1220144203731,13705080.0,50.91246056556702,6.2509661059615445,24.42090220462012,16683.093003859012,27.631021114931727,8.793113763224243,9.972219527615422,9.284145961990196,9.828240592998718,30,0,False,42
ABC-SMC,3267685.714285714,12.129209041595459,13724280.0,50.94267797470093,6.2509661059615445,24.42090220462012,16683.093003859012,27.631021114931727,8.793113763224243,9.972219527615422,9.284145961990196,9.828240592998718,30,0,False,42
ABC-SMC,3272257.1428571427,12.136572088514056,13743480.0,50.97360277175903,6.2509661059615445,24.42090220462012,16683.093003859012,27.631021114931727,8.793113763224243,9.972219527615422,9.284145961990196,9.828240592998718,30,0,False,42
ABC-SMC,3253588.6524822703,12.05756613548766,13762680.0,51.00350475311279,6.2509661059615445,24.42090220462012,16683.093003859012,27.631021114931727,8.793113763224243,9.972219527615422,9.284145961990196,9.828240592998718,30,0,False,42
ABC-SMC,3258127.659574469,12.064882824043295,13781880.0,51.034454345703125,6.2509661059615445,24.42090220462012,16683.093003859012,27.631021114931727,8.793113763224243,9.972219527615422,9.284145961990196,9.828240592998718,30,0,False,42
ABC-SMC,3262666.6666666674,12.07195551401053,13801080.0,51.064371824264526,6.2509661059615445,24.42090220462012,16683.093003859012,27.631021114931727,8.793113763224243,9.972219527615422,9.284145961990196,9.828240592998718,30,0,False,42
ABC-SMC,3267205.673758866,12.079285109860397,13820280.0,51.09537601470947,6.2509661059615445,24.42090220462012,16683.093003859012,27.631021114931727,8.793113763224243,9.972219527615422,9.284145961990196,9.828240592998718,30,0,False,42
ABC-SMC,3271744.6808510646,12.08634940163182,13839480.0,51.12525796890259,6.2509661059615445,24.42090220462012,16683.093003859012,27.631021114931727,8.793113763224243,9.972219527615422,9.284145961990196,9.828240592998718,30,0,False,42
ABC-SMC,3253211.267605634,12.00849797244363,13858680.0,51.15620136260986,6.2509661059615445,24.42090220462012,16683.093003859012,27.631021114931727,8.793113763224243,9.972219527615422,9.284145961990196,9.828240592998718,30,0,False,42
ABC-SMC,3257718.3098591547,12.015553987082182,13877880.0,51.18625998497009,6.2509661059615445,24.42090220462012,16683.093003859012,27.631021114931727,8.793113763224243,9.972219527615422,9.284145961990196,9.828240592998718,30,0,False,42
ABC-SMC,3262225.352112676,12.022788255987033,13897080.0,51.21707797050476,6.2509661059615445,24.42090220462012,16683.093003859012,27.631021114931727,8.793113763224243,9.972219527615422,9.284145961990196,9.828240592998718,30,0,False,42
ABC-SMC,3266732.3943661973,12.029933761542951,13916280.0,51.247517824172974,6.2509661059615445,24.42090220462012,16683.093003859012,27.631021114931727,8.793113763224243,9.972219527615422,9.284145961990196,9.828240592998718,30,0,False,42
ABC-SMC,3271239.436619718,12.037196405616724,13935480.0,51.278456687927246,6.2509661059615445,24.42090220462012,16683.093003859012,27.631021114931727,8.793113763224243,9.972219527615422,9.284145961990196,9.828240592998718,30,0,False,42
ABC-SMC,3275746.4788732394,12.044333124384634,13954680.0,51.30885910987854,6.2509661059615445,24.42090220462012,16683.093003859012,27.631021114931727,8.793113763224243,9.972219527615422,9.284145961990196,9.828240592998718,30,0,False,42
ABC-SMC,3280253.5211267606,12.051570415496826,13973880.0,51.33968997001648,6.2509661059615445,24.42090220462012,16683.093003859012,27.631021114931727,8.793113763224243,9.972219527615422,9.284145961990196,9.828240592998718,30,0,False,42
ABC-SMC,3284760.563380282,12.058637343661886,13993080.0,51.369795083999634,6.2509661059615445,24.42090220462012,16683.093003859012,27.631021114931727,8.793113763224243,9.972219527615422,9.284145961990196,9.828240592998718,30,0,False,42
ABC-SMC,3289267.6056338027,12.065871108865515,14012280.0,51.40061092376709,6.2509661059615445,24.42090220462012,16683.093003859012,27.631021114931727,8.793113763224243,9.972219527615422,9.284145961990196,9.828240592998718,30,0,False,42
ABC-SMC,3293774.647887324,12.072972344680572,14031480.0,51.43086218833923,6.2509661059615445,24.42090220462012,16683.093003859012,27.631021114931727,8.793113763224243,9.972219527615422,9.284145961990196,9.828240592998718,30,0,False,42
ABC-SMC,3275216.7832167833,11.995832958977262,14050680.0,51.46212339401245,6.2509661059615445,24.42090220462012,16683.093003859012,27.631021114931727,8.793113763224243,9.972219527615422,9.284145961990196,9.828240592998718,30,0,False,42
ABC-SMC,3279692.3076923075,12.002811398539508,14069880.0,51.4920608997345,6.2509661059615445,24.42090220462012,16683.093003859012,27.631021114931727,8.793113763224243,9.972219527615422,9.284145961990196,9.828240592998718,30,0,False,42
ABC-SMC,3284167.832167832,12.009973903913876,14089080.0,51.52278804779053,6.2509661059615445,24.42090220462012,16683.093003859012,27.631021114931727,8.793113763224243,9.972219527615422,9.284145961990196,9.828240592998718,30,0,False,42
ABC-SMC,3288643.3566433564,12.017031760760398,14108280.0,51.55306625366211,6.2509661059615445,24.42090220462012,16683.093003859012,27.631021114931727,8.793113763224243,9.972219527615422,9.284145961990196,9.828240592998718,30,0,False,42
ABC-SMC,3293118.8811188815,12.024283853722064,14127480.0,51.58417773246765,6.2509661059615445,24.42090220462012,16683.093003859012,27.631021114931727,8.793113763224243,9.972219527615422,9.284145961990196,9.828240592998718,30,0,False,42
ABC-SMC,3297594.4055944057,12.031320758632848,14146680.0,51.61436605453491,6.2509661059615445,24.42090220462012,16683.093003859012,27.631021114931727,8.793113763224243,9.972219527615422,9.284145961990196,9.828240592998718,30,0,False,42
ABC-SMC,3302069.9300699304,12.038476817257754,14165880.0,51.64506554603577,6.2509661059615445,24.42090220462012,16683.093003859012,27.631021114931727,8.793113763224243,9.972219527615422,9.284145961990196,9.828240592998718,30,0,False,42
ABC-SMC,3306545.4545454546,12.045540509524045,14185080.0,51.675368785858154,6.2509661059615445,24.42090220462012,16683.093003859012,27.631021114931727,8.793113763224243,9.972219527615422,9.284145961990196,9.828240592998718,30,0,False,42
ABC-SMC,3288027.7777777785,11.968984979170342,14204280.0,51.70601511001587,6.2509661059615445,24.42090220462012,16683.093003859012,27.631021114931727,8.793113763224243,9.972219527615422,9.284145961990196,9.828240592998718,30,0,False,42
ABC-SMC,3292472.222222223,11.97600524734568,14223480.0,51.736342668533325,6.2509661059615445,24.42090220462012,16683.093003859012,27.631021114931727,8.793113763224243,9.972219527615422,9.284145961990196,9.828240592998718,30,0,False,42
ABC-SMC,3296916.6666666674,11.98310145625362,14242680.0,51.766998291015625,6.2509661059615445,24.42090220462012,16683.093003859012,27.631021114931727,8.793113763224243,9.972219527615422,9.284145961990196,9.828240592998718,30,0,False,42
ABC-SMC,3301361.111111112,11.9900303306403,14261880.0,51.79693102836609,6.2509661059615445,24.42090220462012,16683.093003859012,27.631021114931727,8.793113763224243,9.972219527615422,9.284145961990196,9.828240592998718,30,0,False,42
ABC-SMC,3305805.555555556,11.997125380569036,14281080.0,51.82758164405823,6.2509661059615445,24.42090220462012,16683.093003859012,27.631021114931727,8.793113763224243,9.972219527615422,9.284145961990196,9.828240592998718,30,0,False,42
ABC-SMC,3310250.000000001,12.00405800784076,14300280.0,51.85753059387207,6.2509661059615445,24.42090220462012,16683.093003859012,27.631021114931727,8.793113763224243,9.972219527615422,9.284145961990196,9.828240592998718,30,0,False,42
ABC-SMC,3314694.4444444454,12.011255268697388,14319480.0,51.888622760772705,6.2509661059615445,24.42090220462012,16683.093003859012,27.631021114931727,8.793113763224243,9.972219527615422,9.284145961990196,9.828240592998718,30,0,False,42
ABC-SMC,3319138.8888888895,12.018196174391996,14338680.0,51.91860747337341,6.2509661059615445,24.42090220462012,16683.093003859012,27.631021114931727,8.793113763224243,9.972219527615422,9.284145961990196,9.828240592998718,30,0,False,42
ABC-SMC,3300662.0689655175,11.942424335698972,14357880.0,51.94954586029053,6.2509661059615445,24.42090220462012,16683.093003859012,27.631021114931727,8.793113763224243,9.972219527615422,9.284145961990196,9.828240592998718,30,0,False,42
ABC-SMC,3305075.862068965,11.94928311753547,14377080.0,51.9793815612793,6.2509661059615445,24.42090220462012,16683.093003859012,27.631021114931727,8.793113763224243,9.972219527615422,9.284145961990196,9.828240592998718,30,0,False,42
ABC-SMC,3286821.917808219,11.874423125018811,14396280.0,52.0099732875824,6.2509661059615445,24.42090220462012,16683.093003859012,27.631021114931727,8.793113763224243,9.972219527615422,9.284145961990196,9.828240592998718,30,0,False,42
ABC-SMC,3291205.479452055,11.881225403041055,14415480.0,52.039767265319824,6.2509661059615445,24.42090220462012,16683.093003859012,27.631021114931727,8.793113763224243,9.972219527615422,9.284145961990196,9.828240592998718,30,0,False,42
ABC-SMC,3295589.0410958906,11.888210577507541,14434680.0,52.07036232948303,6.2509661059615445,24.42090220462012,16683.093003859012,27.631021114931727,8.793113763224243,9.972219527615422,9.284145961990196,9.828240592998718,30,0,False,42
ABC-SMC,3299972.602739726,11.89515634214497,14453880.0,52.10078477859497,6.2509661059615445,24.42090220462012,16683.093003859012,27.631021114931727,8.793113763224243,9.972219527615422,9.284145961990196,9.828240592998718,30,0,False,42
ABC-SMC,3304356.1643835614,11.902160513890934,14473080.0,52.131463050842285,6.2509661059615445,24.42090220462012,16683.093003859012,27.631021114931727,8.793113763224243,9.972219527615422,9.284145961990196,9.828240592998718,30,0,False,42
ABC-SMC,3308739.7260273974,11.909106605129153,14492280.0,52.1618869304657,6.2509661059615445,24.42090220462012,16683.093003859012,27.631021114931727,8.793113763224243,9.972219527615422,9.284145961990196,9.828240592998718,30,0,False,42
ABC-SMC,3313123.287671233,11.916157916256282,14511480.0,52.192771673202515,6.2509661059615445,24.42090220462012,16683.093003859012,27.631021114931727,8.793113763224243,9.972219527615422,9.284145961990196,9.828240592998718,30,0,False,42
ABC-SMC,3317506.849315068,11.923044838317452,14530680.0,52.222936391830444,6.2509661059615445,24.42090220462012,16683.093003859012,27.631021114931727,8.793113763224243,9.972219527615422,9.284145961990196,9.828240592998718,30,0,False,42
ABC-SMC,3321890.410958904,11.93006544897001,14549880.0,52.25368666648865,6.2509661059615445,24.42090220462012,16683.093003859012,27.631021114931727,8.793113763224243,9.972219527615422,9.284145961990196,9.828240592998718,30,0,False,42
ABC-SMC,3326273.97260274,11.9369093685934,14569080.0,52.28366303443909,6.2509661059615445,24.42090220462012,16683.093003859012,27.631021114931727,8.793113763224243,9.972219527615422,9.284145961990196,9.828240592998718,30,0,False,42
ABC-SMC,3308000.0,11.862791260353832,14588280.0,52.3149094581604,6.2509661059615445,24.42090220462012,16683.093003859012,27.631021114931727,8.793113763224243,9.972219527615422,9.284145961990196,9.828240592998718,30,0,False,42
ABC-SMC,3289972.9729729737,11.789435470426406,14607480.0,52.34509348869324,6.2509661059615445,24.42090220462012,16683.093003859012,27.631021114931727,8.793113763224243,9.972219527615422,9.284145961990196,9.828240592998718,30,0,False,42
ABC-SMC,3294297.297297298,11.79643654608512,14626680.0,52.37617826461792,6.2509661059615445,24.42090220462012,16683.093003859012,27.631021114931727,8.793113763224243,9.972219527615422,9.284145961990196,9.828240592998718,30,0,False,42
ABC-SMC,3298621.6216216222,11.803226911269869,14645880.0,52.40632748603821,6.2509661059615445,24.42090220462012,16683.093003859012,27.631021114931727,8.793113763224243,9.972219527615422,9.284145961990196,9.828240592998718,30,0,False,42
ABC-SMC,3302945.9459459465,11.81020768913063,14665080.0,52.43732213973999,6.2509661059615445,24.42090220462012,16683.093003859012,27.631021114931727,8.793113763224243,9.972219527615422,9.284145961990196,9.828240592998718,30,0,False,42
ABC-SMC,3307270.2702702708,11.816952572212566,14684280.0,52.46726942062378,6.2509661059615445,24.42090220462012,16683.093003859012,27.631021114931727,8.793113763224243,9.972219527615422,9.284145961990196,9.828240592998718,30,0,False,42
ABC-SMC,3289369.1275167787,11.744515794502275,14703480.0,52.49798560142517,6.2509661059615445,24.42090220462012,16683.093003859012,27.631021114931727,8.793113763224243,9.972219527615422,9.284145961990196,9.828240592998718,30,0,False,42
ABC-SMC,3293664.429530201,11.751327631990915,14722680.0,52.52843451499939,6.2509661059615445,24.42090220462012,16683.093003859012,27.631021114931727,8.793113763224243,9.972219527615422,9.284145961990196,9.828240592998718,30,0,False,42
ABC-SMC,3297959.731543624,11.758301828798297,14741880.0,52.559609174728394,6.2509661059615445,24.42090220462012,16683.093003859012,27.631021114931727,8.793113763224243,9.972219527615422,9.284145961990196,9.828240592998718,30,0,False,42
ABC-SMC,3302255.0335570467,11.765166257051815,14761080.0,52.590293169021606,6.2509661059615445,24.42090220462012,16683.093003859012,27.631021114931727,8.793113763224243,9.972219527615422,9.284145961990196,9.828240592998718,30,0,False,42
ABC-SMC,3306550.33557047,11.772059540887273,14780280.0,52.62110614776611,6.2509661059615445,24.42090220462012,16683.093003859012,27.631021114931727,8.793113763224243,9.972219527615422,9.284145961990196,9.828240592998718,30,0,False,42
ABC-SMC,3310845.637583893,11.778765183433856,14799480.0,52.65108036994934,6.2509661059615445,24.42090220462012,16683.093003859012,27.631021114931727,8.793113763224243,9.972219527615422,9.284145961990196,9.828240592998718,30,0,False,42
ABC-SMC,3315140.9395973156,11.785632438574329,14818680.0,52.681777000427246,6.2509661059615445,24.42090220462012,16683.093003859012,27.631021114931727,8.793113763224243,9.972219527615422,9.284145961990196,9.828240592998718,30,0,False,42
ABC-SMC,3319436.2416107384,11.79232234656144,14837880.0,52.71168088912964,6.2509661059615445,24.42090220462012,16683.093003859012,27.631021114931727,8.793113763224243,9.972219527615422,9.284145961990196,9.828240592998718,30,0,False,42
ABC-SMC,3323731.5436241613,11.799253766702058,14857080.0,52.7426643371582,6.2509661059615445,24.42090220462012,16683.093003859012,27.631021114931727,8.793113763224243,9.972219527615422,9.284145961990196,9.828240592998718,30,0,False,42
ABC-SMC,3328026.8456375836,11.805969116671774,14876280.0,52.77268195152283,6.2509661059615445,24.42090220462012,16683.093003859012,27.631021114931727,8.793113763224243,9.972219527615422,9.284145961990196,9.828240592998718,30,0,False,42
ABC-SMC,3310106.6666666665,11.734056048923069,14895480.0,52.80325222015381,6.2509661059615445,24.42090220462012,16683.093003859012,27.631021114931727,8.793113763224243,9.972219527615422,9.284145961990196,9.828240592998718,30,0,False,42
ABC-SMC,3314373.3333333335,11.740652402242025,14914680.0,52.83293581008911,6.2509661059615445,24.42090220462012,16683.093003859012,27.631021114931727,8.793113763224243,9.972219527615422,9.284145961990196,9.828240592998718,30,0,False,42
ABC-SMC,3296662.251655629,11.669569720758771,14933880.0,52.86315083503723,6.2509661059615445,24.42090220462012,16683.093003859012,27.631021114931727,8.793113763224243,9.972219527615422,9.284145961990196,9.828240592998718,30,0,False,42
ABC-SMC,3300900.662251656,11.676108337132874,14953080.0,52.892770767211914,6.2509661059615445,24.42090220462012,16683.093003859012,27.631021114931727,8.793113763224243,9.972219527615422,9.284145961990196,9.828240592998718,30,0,False,42
ABC-SMC,3283394.7368421056,11.60590204230526,14972280.0,52.92291331291199,6.2509661059615445,24.42090220462012,16683.093003859012,27.631021114931727,8.793113763224243,9.972219527615422,9.284145961990196,9.828240592998718,30,0,False,42
ABC-SMC,3287605.2631578944,11.612513975093238,14991480.0,52.95306372642517,6.2509661059615445,24.42090220462012,16683.093003859012,27.631021114931727,8.793113763224243,9.972219527615422,9.284145961990196,9.828240592998718,30,0,False,42
ABC-SMC,3291815.789473684,11.619140443048979,15010680.0,52.983280420303345,6.2509661059615445,24.42090220462012,16683.093003859012,27.631021114931727,8.793113763224243,9.972219527615422,9.284145961990196,9.828240592998718,30,0,False,42
ABC-SMC,3296026.3157894737,11.625734546728301,15029880.0,53.013349533081055,6.2509661059615445,24.42090220462012,16683.093003859012,27.631021114931727,8.793113763224243,9.972219527615422,9.284145961990196,9.828240592998718,30,0,False,42
ABC-SMC,3300236.8421052634,11.632395208927624,15049080.0,53.04372215270996,6.2509661059615445,24.42090220462012,16683.093003859012,27.631021114931727,8.793113763224243,9.972219527615422,9.284145961990196,9.828240592998718,30,0,False,42
ABC-SMC,3304447.3684210526,11.63891407481411,15068280.0,53.073448181152344,6.2509661059615445,24.42090220462012,16683.093003859012,27.631021114931727,8.793113763224243,9.972219527615422,9.284145961990196,9.828240592998718,30,0,False,42
ABC-SMC,3308657.8947368423,11.645567992277313,15087480.0,53.103790044784546,6.2509661059615445,24.42090220462012,16683.093003859012,27.631021114931727,8.793113763224243,9.972219527615422,9.284145961990196,9.828240592998718,30,0,False,42
ABC-SMC,3312868.4210526315,11.652092609489173,15106680.0,53.13354229927063,6.2509661059615445,24.42090220462012,16683.093003859012,27.631021114931727,8.793113763224243,9.972219527615422,9.284145961990196,9.828240592998718,30,0,False,42
ABC-SMC,3317078.947368421,11.65880466762342,15125880.0,53.16414928436279,6.2509661059615445,24.42090220462012,16683.093003859012,27.631021114931727,8.793113763224243,9.972219527615422,9.284145961990196,9.828240592998718,30,0,False,42
ABC-SMC,3321289.4736842103,11.665321494403639,15145080.0,53.19386601448059,6.2509661059615445,24.42090220462012,16683.093003859012,27.631021114931727,8.793113763224243,9.972219527615422,9.284145961990196,9.828240592998718,30,0,False,42
ABC-SMC,3325500.0,11.67206189088654,15164280.0,53.22460222244263,6.2509661059615445,24.42090220462012,16683.093003859012,27.631021114931727,8.793113763224243,9.972219527615422,9.284145961990196,9.828240592998718,30,0,False,42
ABC-SMC,3329710.5263157897,11.678591422867356,15183480.0,53.25437688827515,6.2509661059615445,24.42090220462012,16683.093003859012,27.631021114931727,8.793113763224243,9.972219527615422,9.284145961990196,9.828240592998718,30,0,False,42
ABC-SMC,3333921.052631579,11.685203721648769,15202680.0,53.284528970718384,6.2509661059615445,24.42090220462012,16683.093003859012,27.631021114931727,8.793113763224243,9.972219527615422,9.284145961990196,9.828240592998718,30,0,False,42
ABC-SMC,3338131.5789473685,11.691711294023614,15221880.0,53.31420350074768,6.2509661059615445,24.42090220462012,16683.093003859012,27.631021114931727,8.793113763224243,9.972219527615422,9.284145961990196,9.828240592998718,30,0,False,42
ABC-SMC,3320496.732026144,11.62189824388957,15241080.0,53.344512939453125,6.2509661059615445,24.42090220462012,16683.093003859012,27.631021114931727,8.793113763224243,9.972219527615422,9.284145961990196,9.828240592998718,30,0,False,42
ABC-SMC,3324679.7385620917,11.62861105143894,15260280.0,53.375324726104736,6.2509661059615445,24.42090220462012,16683.093003859012,27.631021114931727,8.793113763224243,9.972219527615422,9.284145961990196,9.828240592998718,30,0,False,42
ABC-SMC,3328862.7450980395,11.635323079842628,15279480.0,53.40613293647766,6.2509661059615445,24.42090220462012,16683.093003859012,27.631021114931727,8.793113763224243,9.972219527615422,9.284145961990196,9.828240592998718,30,0,False,42
ABC-SMC,3333045.751633987,11.641904887031107,15298680.0,53.43634343147278,6.2509661059615445,24.42090220462012,16683.093003859012,27.631021114931727,8.793113763224243,9.972219527615422,9.284145961990196,9.828240592998718,30,0,False,42
ABC-SMC,3294167.7419354836,11.49829444064889,15317880.0,53.467069149017334,6.2509661059615445,24.42090220462012,16683.093003859012,27.631021114931727,8.793113763224243,9.972219527615422,9.284145961990196,9.828240592998718,30,0,False,42
ABC-SMC,3277153.846153846,11.431054579905975,15337080.0,53.49733543395996,6.2509661059615445,24.42090220462012,16683.093003859012,27.631021114931727,8.793113763224243,9.972219527615422,9.284145961990196,9.828240592998718,30,0,False,42
ABC-SMC,3260356.687898089,11.364771757915522,15356280.0,53.528074979782104,6.2509661059615445,24.42090220462012,16683.093003859012,27.631021114931727,8.793113763224243,9.972219527615422,9.284145961990196,9.828240592998718,30,0,False,42
ABC-SMC,3264433.121019108,11.371197417030414,15375480.0,53.55833983421326,6.2509661059615445,24.42090220462012,16683.093003859012,27.631021114931727,8.793113763224243,9.972219527615422,9.284145961990196,9.828240592998718,30,0,False,42
ABC-SMC,3268509.5541401273,11.377910342692317,15394680.0,53.58995771408081,6.2509661059615445,24.42090220462012,16683.093003859012,27.631021114931727,8.793113763224243,9.972219527615422,9.284145961990196,9.828240592998718,30,0,False,42
ABC-SMC,3272585.9872611463,11.384361463494109,15413880.0,53.62034249305725,6.2509661059615445,24.42090220462012,16683.093003859012,27.631021114931727,8.793113763224243,9.972219527615422,9.284145961990196,9.828240592998718,30,0,False,42
ABC-SMC,3276662.420382166,11.390957710849252,15433080.0,53.651410818099976,6.2509661059615445,24.42090220462012,16683.093003859012,27.631021114931727,8.793113763224243,9.972219527615422,9.284145961990196,9.828240592998718,30,0,False,42
ABC-SMC,3280738.8535031844,11.397353808085123,15452280.0,53.68153643608093,6.2509661059615445,24.42090220462012,16683.093003859012,27.631021114931727,8.793113763224243,9.972219527615422,9.284145961990196,9.828240592998718,30,0,False,42
ABC-SMC,3284815.286624204,11.403839502111868,15471480.0,53.7120840549469,6.2509661059615445,24.42090220462012,16683.093003859012,27.631021114931727,8.793113763224243,9.972219527615422,9.284145961990196,9.828240592998718,30,0,False,42
ABC-SMC,3288891.719745223,11.410219755395456,15490680.0,53.7421350479126,6.2509661059615445,24.42090220462012,16683.093003859012,27.631021114931727,8.793113763224243,9.972219527615422,9.284145961990196,9.828240592998718,30,0,False,42
ABC-SMC,3292968.1528662425,11.416730708630475,15509880.0,53.772801637649536,6.2509661059615445,24.42090220462012,16683.093003859012,27.631021114931727,8.793113763224243,9.972219527615422,9.284145961990196,9.828240592998718,30,0,False,42
ABC-SMC,3255572.3270440246,11.27950365438401,15529080.0,53.80323243141174,6.2509661059615445,24.42090220462012,16683.093003859012,27.631021114931727,8.793113763224243,9.972219527615422,9.284145961990196,9.828240592998718,30,0,False,42
ABC-SMC,3259597.484276729,11.285939356565972,15548280.0,53.8339307308197,6.2509661059615445,24.42090220462012,16683.093003859012,27.631021114931727,8.793113763224243,9.972219527615422,9.284145961990196,9.828240592998718,30,0,False,42
ABC-SMC,3263622.6415094333,11.292336971754796,15567480.0,53.864447355270386,6.2509661059615445,24.42090220462012,16683.093003859012,27.631021114931727,8.793113763224243,9.972219527615422,9.284145961990196,9.828240592998718,30,0,False,42
ABC-SMC,3267647.798742138,11.298747582505582,15586680.0,53.895025968551636,6.2509661059615445,24.42090220462012,16683.093003859012,27.631021114931727,8.793113763224243,9.972219527615422,9.284145961990196,9.828240592998718,30,0,False,42
ABC-SMC,3271672.9559748424,11.305081419474922,15605880.0,53.925238370895386,6.2509661059615445,24.42090220462012,16683.093003859012,27.631021114931727,8.793113763224243,9.972219527615422,9.284145961990196,9.828240592998718,30,0,False,42
ABC-SMC,3275698.1132075465,11.311494129508795,15625080.0,53.95582699775696,6.2509661059615445,24.42090220462012,16683.093003859012,27.631021114931727,8.793113763224243,9.972219527615422,9.284145961990196,9.828240592998718,30,0,False,42
ABC-SMC,3279723.270440251,11.317783531652804,15644280.0,53.98582744598389,6.2509661059615445,24.42090220462012,16683.093003859012,27.631021114931727,8.793113763224243,9.972219527615422,9.284145961990196,9.828240592998718,30,0,False,42
ABC-SMC,3283748.427672955,11.324279413283245,15663480.0,54.016812801361084,6.2509661059615445,24.42090220462012,16683.093003859012,27.631021114931727,8.793113763224243,9.972219527615422,9.284145961990196,9.828240592998718,30,0,False,42
ABC-SMC,3287773.58490566,11.330604753154377,15682680.0,54.04698467254639,6.2509661059615445,24.42090220462012,16683.093003859012,27.631021114931727,8.793113763224243,9.972219527615422,9.284145961990196,9.828240592998718,30,0,False,42
ABC-SMC,3291798.742138364,11.337148218534775,15701880.0,54.07819700241089,6.2509661059615445,24.42090220462012,16683.093003859012,27.631021114931727,8.793113763224243,9.972219527615422,9.284145961990196,9.828240592998718,30,0,False,42
ABC-SMC,3295823.8993710685,11.343431222863664,15721080.0,54.10816693305969,6.2509661059615445,24.42090220462012,16683.093003859012,27.631021114931727,8.793113763224243,9.972219527615422,9.284145961990196,9.828240592998718,30,0,False,42
ABC-SMC,3299849.056603773,11.349833936311413,15740280.0,54.138707876205444,6.2509661059615445,24.42090220462012,16683.093003859012,27.631021114931727,8.793113763224243,9.972219527615422,9.284145961990196,9.828240592998718,30,0,False,42
ABC-SMC,3303874.213836477,11.356143731491118,15759480.0,54.16880559921265,6.2509661059615445,24.42090220462012,16683.093003859012,27.631021114931727,8.793113763224243,9.972219527615422,9.284145961990196,9.828240592998718,30,0,False,42
ABC-SMC,3307899.3710691817,11.362547344631617,15778680.0,54.19935083389282,6.2509661059615445,24.42090220462012,16683.093003859012,27.631021114931727,8.793113763224243,9.972219527615422,9.284145961990196,9.828240592998718,30,0,False,42
ABC-SMC,3311924.5283018863,11.36891157122278,15797880.0,54.229708194732666,6.2509661059615445,24.42090220462012,16683.093003859012,27.631021114931727,8.793113763224243,9.972219527615422,9.284145961990196,9.828240592998718,30,0,False,42
ABC-SMC,3315949.6855345904,11.375330779037634,15817080.0,54.26032781600952,6.2509661059615445,24.42090220462012,16683.093003859012,27.631021114931727,8.793113763224243,9.972219527615422,9.284145961990196,9.828240592998718,30,0,False,42
ABC-SMC,3319974.842767295,11.381722696172364,15836280.0,54.29081726074219,6.2509661059615445,24.42090220462012,16683.093003859012,27.631021114931727,8.793113763224243,9.972219527615422,9.284145961990196,9.828240592998718,30,0,False,42
ABC-SMC,3323999.9999999995,11.388143053594623,15855480.0,54.32144236564636,6.2509661059615445,24.42090220462012,16683.093003859012,27.631021114931727,8.793113763224243,9.972219527615422,9.284145961990196,9.828240592998718,30,0,False,42
ABC-SMC,3328025.1572327036,11.39442510824783,15874680.0,54.35140776634216,6.2509661059615445,24.42090220462012,16683.093003859012,27.631021114931727,8.793113763224243,9.972219527615422,9.284145961990196,9.828240592998718,30,0,False,42
ABC-SMC,3332050.314465408,11.400836068879132,15893880.0,54.38198804855347,6.2509661059615445,24.42090220462012,16683.093003859012,27.631021114931727,8.793113763224243,9.972219527615422,9.284145961990196,9.828240592998718,30,0,False,42
ABC-SMC,3336075.471698113,11.40711657406149,15913080.0,54.411946058273315,6.2509661059615445,24.42090220462012,16683.093003859012,27.631021114931727,8.793113763224243,9.972219527615422,9.284145961990196,9.828240592998718,30,0,False,42
ABC-SMC,3340100.628930817,11.413634548147268,15932280.0,54.443036794662476,6.2509661059615445,24.42090220462012,16683.093003859012,27.631021114931727,8.793113763224243,9.972219527615422,9.284145961990196,9.828240592998718,30,0,False,42
ABC-SMC,3323225.0,11.348564078410465,15951480.0,54.47310757637024,6.2509661059615445,24.42090220462012,16683.093003859012,27.631021114931727,8.793113763224243,9.972219527615422,9.284145961990196,9.828240592998718,30,0,False,42
ABC-SMC,3327225.0,11.354998449484507,15970680.0,54.503992557525635,6.2509661059615445,24.42090220462012,16683.093003859012,27.631021114931727,8.793113763224243,9.972219527615422,9.284145961990196,9.828240592998718,30,0,False,42
ABC-SMC,3331225.0,11.361259073019028,15989880.0,54.53404355049133,6.2509661059615445,24.42090220462012,16683.093003859012,27.631021114931727,8.793113763224243,9.972219527615422,9.284145961990196,9.828240592998718,30,0,False,42
ABC-SMC,3335225.0,11.367716193199158,16009080.0,54.56503772735596,6.2509661059615445,24.42090220462012,16683.093003859012,27.631021114931727,8.793113763224243,9.972219527615422,9.284145961990196,9.828240592998718,30,0,False,42
ABC-SMC,3339225.0,11.374004979928335,16028280.0,54.595223903656006,6.2509661059615445,24.42090220462012,16683.093003859012,27.631021114931727,8.793113763224243,9.972219527615422,9.284145961990196,9.828240592998718,30,0,False,42
ABC-SMC,3322459.6273291926,11.30979061126709,16047480.0,54.626288652420044,6.2509661059615445,24.42090220462012,16683.093003859012,27.631021114931727,8.793113763224243,9.972219527615422,9.284145961990196,9.828240592998718,30,0,False,42
ABC-SMC,3326434.7826086953,11.316140739567285,16066680.0,54.656959772109985,6.2509661059615445,24.42090220462012,16683.093003859012,27.631021114931727,8.793113763224243,9.972219527615422,9.284145961990196,9.828240592998718,30,0,False,42
ABC-SMC,3330409.937888199,11.32252986386696,16085880.0,54.68781924247742,6.2509661059615445,24.42090220462012,16683.093003859012,27.631021114931727,8.793113763224243,9.972219527615422,9.284145961990196,9.828240592998718,30,0,False,42
ABC-SMC,3334385.093167702,11.328848746005546,16105080.0,54.71833944320679,6.2509661059615445,24.42090220462012,16683.093003859012,27.631021114931727,8.793113763224243,9.972219527615422,9.284145961990196,9.828240592998718,30,0,False,42
ABC-SMC,3338360.248447205,11.335207710108154,16124280.0,54.74905323982239,6.2509661059615445,24.42090220462012,16683.093003859012,27.631021114931727,8.793113763224243,9.972219527615422,9.284145961990196,9.828240592998718,30,0,False,42
ABC-SMC,3342335.403726708,11.341432705675839,16143480.0,54.77911996841431,6.2509661059615445,24.42090220462012,16683.093003859012,27.631021114931727,8.793113763224243,9.972219527615422,9.284145961990196,9.828240592998718,30,0,False,42
ABC-SMC,3346310.5590062113,11.347804800077007,16162680.0,54.80989718437195,6.2509661059615445,24.42090220462012,16683.093003859012,27.631021114931727,8.793113763224243,9.972219527615422,9.284145961990196,9.828240592998718,30,0,False,42
ABC-SMC,3350285.714285714,11.354014641503122,16181880.0,54.83989071846008,6.2509661059615445,24.42090220462012,16683.093003859012,27.631021114931727,8.793113763224243,9.972219527615422,9.284145961990196,9.828240592998718,30,0,False,42
ABC-SMC,3354260.8695652173,11.36046897303737,16201080.0,54.87106513977051,6.2509661059615445,24.42090220462012,16683.093003859012,27.631021114931727,8.793113763224243,9.972219527615422,9.284145961990196,9.828240592998718,30,0,False,42
ABC-SMC,3358236.0248447205,11.36668848942032,16220280.0,54.90110540390015,6.2509661059615445,24.42090220462012,16683.093003859012,27.631021114931727,8.793113763224243,9.972219527615422,9.284145961990196,9.828240592998718,30,0,False,42
ABC-SMC,3362211.1801242237,11.373040839011624,16239480.0,54.93178725242615,6.2509661059615445,24.42090220462012,16683.093003859012,27.631021114931727,8.793113763224243,9.972219527615422,9.284145961990196,9.828240592998718,30,0,False,42
ABC-SMC,3366186.335403727,11.379174317385592,16258680.0,54.96141195297241,6.2509661059615445,24.42090220462012,16683.093003859012,27.631021114931727,8.793113763224243,9.972219527615422,9.284145961990196,9.828240592998718,30,0,False,42
ABC-SMC,3370161.4906832296,11.38543184252753,16277880.0,54.99163579940796,6.2509661059615445,24.42090220462012,16683.093003859012,27.631021114931727,8.793113763224243,9.972219527615422,9.284145961990196,9.828240592998718,30,0,False,42
ABC-SMC,3374136.645962733,11.391551252724469,16297080.0,55.02119255065918,6.2509661059615445,24.42090220462012,16683.093003859012,27.631021114931727,8.793113763224243,9.972219527615422,9.284145961990196,9.828240592998718,30,0,False,42
ABC-SMC,3378111.801242236,11.397809567658797,16316280.0,55.05142021179199,6.2509661059615445,24.42090220462012,16683.093003859012,27.631021114931727,8.793113763224243,9.972219527615422,9.284145961990196,9.828240592998718,30,0,False,42
ABC-SMC,3382086.956521739,11.40400835199139,16335480.0,55.08136034011841,6.2509661059615445,24.42090220462012,16683.093003859012,27.631021114931727,8.793113763224243,9.972219527615422,9.284145961990196,9.828240592998718,30,0,False,42
ABC-SMC,3365160.4938271604,11.339860688511727,16354680.0,55.11172294616699,6.2509661059615445,24.42090220462012,16683.093003859012,27.631021114931727,8.793113763224243,9.972219527615422,9.284145961990196,9.828240592998718,30,0,False,42
ABC-SMC,3369111.1111111115,11.346040684499858,16373880.0,55.14175772666931,6.2509661059615445,24.42090220462012,16683.093003859012,27.631021114931727,8.793113763224243,9.972219527615422,9.284145961990196,9.828240592998718,30,0,False,42
ABC-SMC,3373061.728395062,11.352269835923435,16393080.0,55.17203140258789,6.2509661059615445,24.42090220462012,16683.093003859012,27.631021114931727,8.793113763224243,9.972219527615422,9.284145961990196,9.828240592998718,30,0,False,42
ABC-SMC,3377012.3456790126,11.358368298644391,16412280.0,55.20166993141174,6.2509661059615445,24.42090220462012,16683.093003859012,27.631021114931727,8.793113763224243,9.972219527615422,9.284145961990196,9.828240592998718,30,0,False,42
ABC-SMC,3380962.962962963,11.364601472768273,16431480.0,55.23196315765381,6.2509661059615445,24.42090220462012,16683.093003859012,27.631021114931727,8.793113763224243,9.972219527615422,9.284145961990196,9.828240592998718,30,0,False,42
ABC-SMC,3384913.5802469137,11.370710139411957,16450680.0,55.261651277542114,6.2509661059615445,24.42090220462012,16683.093003859012,27.631021114931727,8.793113763224243,9.972219527615422,9.284145961990196,9.828240592998718,30,0,False,42
ABC-SMC,3388864.1975308643,11.377074590926307,16469880.0,55.292582511901855,6.2509661059615445,24.42090220462012,16683.093003859012,27.631021114931727,8.793113763224243,9.972219527615422,9.284145961990196,9.828240592998718,30,0,False,42
ABC-SMC,3392814.814814815,11.383202193695821,16489080.0,55.322362661361694,6.2509661059615445,24.42090220462012,16683.093003859012,27.631021114931727,8.793113763224243,9.972219527615422,9.284145961990196,9.828240592998718,30,0,False,42
ABC-SMC,3396765.4320987654,11.389544618473131,16508280.0,55.35318684577942,6.2509661059615445,24.42090220462012,16683.093003859012,27.631021114931727,8.793113763224243,9.972219527615422,9.284145961990196,9.828240592998718,30,0,False,42
ABC-SMC,3400716.049382716,11.395638518863255,16527480.0,55.382803201675415,6.2509661059615445,24.42090220462012,16683.093003859012,27.631021114931727,8.793113763224243,9.972219527615422,9.284145961990196,9.828240592998718,30,0,False,42
ABC-SMC,3383779.141104294,11.331920779799633,16546680.0,55.413092613220215,6.2509661059615445,24.42090220462012,16683.093003859012,27.631021114931727,8.793113763224243,9.972219527615422,9.284145961990196,9.828240592998718,30,0,False,42
ABC-SMC,3387705.5214723917,11.337983583867668,16565880.0,55.442739725112915,6.2509661059615445,24.42090220462012,16683.093003859012,27.631021114931727,8.793113763224243,9.972219527615422,9.284145961990196,9.828240592998718,30,0,False,42
ABC-SMC,3391631.9018404903,11.344209770483472,16585080.0,55.473185777664185,6.2509661059615445,24.42090220462012,16683.093003859012,27.631021114931727,8.793113763224243,9.972219527615422,9.284145961990196,9.828240592998718,30,0,False,42
ABC-SMC,3395558.2822085884,11.350315626413542,16604280.0,55.50304341316223,6.2509661059615445,24.42090220462012,16683.093003859012,27.631021114931727,8.793113763224243,9.972219527615422,9.284145961990196,9.828240592998718,30,0,False,42
ABC-SMC,3399484.662576686,11.356519628887526,16623480.0,55.53338098526001,6.2509661059615445,24.42090220462012,16683.093003859012,27.631021114931727,8.793113763224243,9.972219527615422,9.284145961990196,9.828240592998718,30,0,False,42
ABC-SMC,3382658.536585366,11.293507494577547,16642680.0,55.56405687332153,6.2509661059615445,24.42090220462012,16683.093003859012,27.631021114931727,8.793113763224243,9.972219527615422,9.284145961990196,9.828240592998718,30,0,False,42
ABC-SMC,3386560.975609756,11.299735113857238,16661880.0,55.59469676017761,6.2509661059615445,24.42090220462012,16683.093003859012,27.631021114931727,8.793113763224243,9.972219527615422,9.284145961990196,9.828240592998718,30,0,False,42
ABC-SMC,3390463.4146341463,11.305811298571951,16681080.0,55.624591588974,6.2509661059615445,24.42090220462012,16683.093003859012,27.631021114931727,8.793113763224243,9.972219527615422,9.284145961990196,9.828240592998718,30,0,False,42
ABC-SMC,3394365.853658537,11.311988568887477,16700280.0,55.65498375892639,6.2509661059615445,24.42090220462012,16683.093003859012,27.631021114931727,8.793113763224243,9.972219527615422,9.284145961990196,9.828240592998718,30,0,False,42
ABC-SMC,3398268.292682927,11.318008686468854,16719480.0,55.68460273742676,6.2509661059615445,24.42090220462012,16683.093003859012,27.631021114931727,8.793113763224243,9.972219527615422,9.284145961990196,9.828240592998718,30,0,False,42
ABC-SMC,3402170.731707317,11.324263152068223,16738680.0,55.71537470817566,6.2509661059615445,24.42090220462012,16683.093003859012,27.631021114931727,8.793113763224243,9.972219527615422,9.284145961990196,9.828240592998718,30,0,False,42
ABC-SMC,3406073.1707317075,11.330268150422633,16757880.0,55.744919300079346,6.2509661059615445,24.42090220462012,16683.093003859012,27.631021114931727,8.793113763224243,9.972219527615422,9.284145961990196,9.828240592998718,30,0,False,42
ABC-SMC,3389309.0909090913,11.267931196424696,16777080.0,55.776259422302246,6.2509661059615445,24.42090220462012,16683.093003859012,27.631021114931727,8.793113763224243,9.972219527615422,9.284145961990196,9.828240592998718,30,0,False,42
ABC-SMC,3393187.8787878784,11.273947195573285,16796280.0,55.80603861808777,6.2509661059615445,24.42090220462012,16683.093003859012,27.631021114931727,8.793113763224243,9.972219527615422,9.284145961990196,9.828240592998718,30,0,False,42
ABC-SMC,3397066.6666666665,11.280095890314891,16815480.0,55.836474657058716,6.2509661059615445,24.42090220462012,16683.093003859012,27.631021114931727,8.793113763224243,9.972219527615422,9.284145961990196,9.828240592998718,30,0,False,42
ABC-SMC,3400945.4545454546,11.286127832200792,16834680.0,55.86633276939392,6.2509661059615445,24.42090220462012,16683.093003859012,27.631021114931727,8.793113763224243,9.972219527615422,9.284145961990196,9.828240592998718,30,0,False,42
ABC-SMC,3404824.2424242427,11.292301621099917,16853880.0,55.89689302444458,6.2509661059615445,24.42090220462012,16683.093003859012,27.631021114931727,8.793113763224243,9.972219527615422,9.284145961990196,9.828240592998718,30,0,False,42
ABC-SMC,3408703.0303030303,11.298401524322202,16873080.0,55.9270875453949,6.2509661059615445,24.42090220462012,16683.093003859012,27.631021114931727,8.793113763224243,9.972219527615422,9.284145961990196,9.828240592998718,30,0,False,42
ABC-SMC,3412581.818181818,11.304571122834176,16892280.0,55.957627058029175,6.2509661059615445,24.42090220462012,16683.093003859012,27.631021114931727,8.793113763224243,9.972219527615422,9.284145961990196,9.828240592998718,30,0,False,42
ABC-SMC,3416460.606060606,11.310706668429903,16911480.0,55.98799800872803,6.2509661059615445,24.42090220462012,16683.093003859012,27.631021114931727,8.793113763224243,9.972219527615422,9.284145961990196,9.828240592998718,30,0,False,42
ABC-SMC,3420339.393939394,11.31688117980957,16930680.0,56.01856184005737,6.2509661059615445,24.42090220462012,16683.093003859012,27.631021114931727,8.793113763224243,9.972219527615422,9.284145961990196,9.828240592998718,30,0,False,42
ABC-SMC,3424218.1818181816,11.32295680768562,16949880.0,56.04863619804382,6.2509661059615445,24.42090220462012,16683.093003859012,27.631021114931727,8.793113763224243,9.972219527615422,9.284145961990196,9.828240592998718,30,0,False,42
ABC-SMC,3428096.9696969697,11.329135750279281,16969080.0,56.079221963882446,6.2509661059615445,24.42090220462012,16683.093003859012,27.631021114931727,8.793113763224243,9.972219527615422,9.284145961990196,9.828240592998718,30,0,False,42
ABC-SMC,3431975.757575758,11.335195290921915,16988280.0,56.10921669006348,6.2509661059615445,24.42090220462012,16683.093003859012,27.631021114931727,8.793113763224243,9.972219527615422,9.284145961990196,9.828240592998718,30,0,False,42
ABC-SMC,3435854.5454545454,11.341443206324723,17007480.0,56.14014387130737,6.2509661059615445,24.42090220462012,16683.093003859012,27.631021114931727,8.793113763224243,9.972219527615422,9.284145961990196,9.828240592998718,30,0,False,42
ABC-SMC,3439733.333333333,11.34750419192844,17026680.0,56.170145750045776,6.2509661059615445,24.42090220462012,16683.093003859012,27.631021114931727,8.793113763224243,9.972219527615422,9.284145961990196,9.828240592998718,30,0,False,42
ABC-SMC,3443612.121212121,11.35373390082157,17045880.0,56.20098280906677,6.2509661059615445,24.42090220462012,16683.093003859012,27.631021114931727,8.793113763224243,9.972219527615422,9.284145961990196,9.828240592998718,30,0,False,42
ABC-SMC,3447490.909090909,11.359829709987448,17065080.0,56.231157064437866,6.2509661059615445,24.42090220462012,16683.093003859012,27.631021114931727,8.793113763224243,9.972219527615422,9.284145961990196,9.828240592998718,30,0,False,42
ABC-SMC,3451369.6969696973,11.366017948497426,17084280.0,56.261788845062256,6.2509661059615445,24.42090220462012,16683.093003859012,27.631021114931727,8.793113763224243,9.972219527615422,9.284145961990196,9.828240592998718,30,0,False,42
ABC-SMC,3455248.4848484844,11.37204131694755,17103480.0,56.29160451889038,6.2509661059615445,24.42090220462012,16683.093003859012,27.631021114931727,8.793113763224243,9.972219527615422,9.284145961990196,9.828240592998718,30,0,False,42
ABC-SMC,3459127.2727272725,11.378184280010185,17122680.0,56.322012186050415,6.2509661059615445,24.42090220462012,16683.093003859012,27.631021114931727,8.793113763224243,9.972219527615422,9.284145961990196,9.828240592998718,30,0,False,42
ABC-SMC,3463006.0606060605,11.384295502094307,17141880.0,56.35226273536682,6.2509661059615445,24.42090220462012,16683.093003859012,27.631021114931727,8.793113763224243,9.972219527615422,9.284145961990196,9.828240592998718,30,0,False,42
ABC-SMC,3466884.8484848486,11.390582046123466,17161080.0,56.38338112831116,6.2509661059615445,24.42090220462012,16683.093003859012,27.631021114931727,8.793113763224243,9.972219527615422,9.284145961990196,9.828240592998718,30,0,False,42
ABC-SMC,3470763.6363636367,11.396753474919484,17180280.0,56.41392970085144,6.2509661059615445,24.42090220462012,16683.093003859012,27.631021114931727,8.793113763224243,9.972219527615422,9.284145961990196,9.828240592998718,30,0,False,42
ABC-SMC,3474642.4242424243,11.402939112499507,17199480.0,56.44454860687256,6.2509661059615445,24.42090220462012,16683.093003859012,27.631021114931727,8.793113763224243,9.972219527615422,9.284145961990196,9.828240592998718,30,0,False,42
ABC-SMC,3478521.212121212,11.409025914741283,17218680.0,56.47467827796936,6.2509661059615445,24.42090220462012,16683.093003859012,27.631021114931727,8.793113763224243,9.972219527615422,9.284145961990196,9.828240592998718,30,0,False,42
ABC-SMC,3482400.0,11.415212708290177,17237880.0,56.50530290603638,6.2509661059615445,24.42090220462012,16683.093003859012,27.631021114931727,8.793113763224243,9.972219527615422,9.284145961990196,9.828240592998718,30,0,False,42
ABC-SMC,3486278.787878788,11.42131391197744,17257080.0,56.53550386428833,6.2509661059615445,24.42090220462012,16683.093003859012,27.631021114931727,8.793113763224243,9.972219527615422,9.284145961990196,9.828240592998718,30,0,False,42
ABC-SMC,3490157.5757575757,11.427657772796323,17276280.0,56.5669059753418,6.2509661059615445,24.42090220462012,16683.093003859012,27.631021114931727,8.793113763224243,9.972219527615422,9.284145961990196,9.828240592998718,30,0,False,42
ABC-SMC,3494036.3636363638,11.4337885018551,17295480.0,56.59725308418274,6.2509661059615445,24.42090220462012,16683.093003859012,27.631021114931727,8.793113763224243,9.972219527615422,9.284145961990196,9.828240592998718,30,0,False,42
ABC-SMC,3497915.1515151514,11.440080006917318,17314680.0,56.62839603424072,6.2509661059615445,24.42090220462012,16683.093003859012,27.631021114931727,8.793113763224243,9.972219527615422,9.284145961990196,9.828240592998718,30,0,False,42
ABC-SMC,3501793.9393939395,11.446162426110469,17333880.0,56.658504009246826,6.2509661059615445,24.42090220462012,16683.093003859012,27.631021114931727,8.793113763224243,9.972219527615422,9.284145961990196,9.828240592998718,30,0,False,42
ABC-SMC,3505672.727272727,11.452330868653576,17353080.0,56.689037799835205,6.2509661059615445,24.42090220462012,16683.093003859012,27.631021114931727,8.793113763224243,9.972219527615422,9.284145961990196,9.828240592998718,30,0,False,42
ABC-SMC,3509551.515151515,11.458375911519985,17372280.0,56.718960762023926,6.2509661059615445,24.42090220462012,16683.093003859012,27.631021114931727,8.793113763224243,9.972219527615422,9.284145961990196,9.828240592998718,30,0,False,42
ABC-SMC,3513430.303030303,11.46454459488994,17391480.0,56.7494957447052,6.2509661059615445,24.42090220462012,16683.093003859012,27.631021114931727,8.793113763224243,9.972219527615422,9.284145961990196,9.828240592998718,30,0,False,42
ABC-SMC,3496120.481927711,11.4016027335661,17410680.0,56.77998161315918,6.2509661059615445,24.42090220462012,16683.093003859012,27.631021114931727,8.793113763224243,9.972219527615422,9.284145961990196,9.828240592998718,30,0,False,42
ABC-SMC,3499975.9036144577,11.407720037253506,17429880.0,56.81044578552246,6.2509661059615445,24.42090220462012,16683.093003859012,27.631021114931727,8.793113763224243,9.972219527615422,9.284145961990196,9.828240592998718,30,0,False,42
ABC-SMC,3503831.325301205,11.413808998812632,17449080.0,56.840768814086914,6.2509661059615445,24.42090220462012,16683.093003859012,27.631021114931727,8.793113763224243,9.972219527615422,9.284145961990196,9.828240592998718,30,0,False,42
ABC-SMC,3507686.7469879515,11.419932047526041,17468280.0,56.87126159667969,6.2509661059615445,24.42090220462012,16683.093003859012,27.631021114931727,8.793113763224243,9.972219527615422,9.284145961990196,9.828240592998718,30,0,False,42
ABC-SMC,3511542.1686746986,11.425950584641424,17487480.0,56.90123391151428,6.2509661059615445,24.42090220462012,16683.093003859012,27.631021114931727,8.793113763224243,9.972219527615422,9.284145961990196,9.828240592998718,30,0,False,42
ABC-SMC,3515397.590361446,11.432082394519485,17506680.0,56.93177032470703,6.2509661059615445,24.42090220462012,16683.093003859012,27.631021114931727,8.793113763224243,9.972219527615422,9.284145961990196,9.828240592998718,30,0,False,42
ABC-SMC,3519253.012048193,11.438076036522189,17525880.0,56.96161866188049,6.2509661059615445,24.42090220462012,16683.093003859012,27.631021114931727,8.793113763224243,9.972219527615422,9.284145961990196,9.828240592998718,30,0,False,42
ABC-SMC,3523108.43373494,11.444266014788525,17545080.0,56.99244475364685,6.2509661059615445,24.42090220462012,16683.093003859012,27.631021114931727,8.793113763224243,9.972219527615422,9.284145961990196,9.828240592998718,30,0,False,42
ABC-SMC,3526963.8554216865,11.450267029574597,17564280.0,57.022329807281494,6.2509661059615445,24.42090220462012,16683.093003859012,27.631021114931727,8.793113763224243,9.972219527615422,9.284145961990196,9.828240592998718,30,0,False,42
ABC-SMC,3509676.6467065862,11.387911004696537,17583480.0,57.05343413352966,6.2509661059615445,24.42090220462012,16683.093003859012,27.631021114931727,8.793113763224243,9.972219527615422,9.284145961990196,9.828240592998718,30,0,False,42
ABC-SMC,3513508.9820359275,11.393977020553008,17602680.0,57.08382487297058,6.2509661059615445,24.42090220462012,16683.093003859012,27.631021114931727,8.793113763224243,9.972219527615422,9.284145961990196,9.828240592998718,30,0,False,42
ABC-SMC,3517341.3173652687,11.400126221175201,17621880.0,57.11463236808777,6.2509661059615445,24.42090220462012,16683.093003859012,27.631021114931727,8.793113763224243,9.972219527615422,9.284145961990196,9.828240592998718,30,0,False,42
ABC-SMC,3521173.65269461,11.40610410305792,17641080.0,57.14458155632019,6.2509661059615445,24.42090220462012,16683.093003859012,27.631021114931727,8.793113763224243,9.972219527615422,9.284145961990196,9.828240592998718,30,0,False,42
ABC-SMC,3525005.9880239516,11.412244642566062,17660280.0,57.17534565925598,6.2509661059615445,24.42090220462012,16683.093003859012,27.631021114931727,8.793113763224243,9.972219527615422,9.284145961990196,9.828240592998718,30,0,False,42
ABC-SMC,3528838.323353293,11.418285436496998,17679480.0,57.205610036849976,6.2509661059615445,24.42090220462012,16683.093003859012,27.631021114931727,8.793113763224243,9.972219527615422,9.284145961990196,9.828240592998718,30,0,False,42
ABC-SMC,3532670.658682634,11.424426785010299,17698680.0,57.23637819290161,6.2509661059615445,24.42090220462012,16683.093003859012,27.631021114931727,8.793113763224243,9.972219527615422,9.284145961990196,9.828240592998718,30,0,False,42
ABC-SMC,3536502.9940119754,11.43050341311091,17717880.0,57.26682209968567,6.2509661059615445,24.42090220462012,16683.093003859012,27.631021114931727,8.793113763224243,9.972219527615422,9.284145961990196,9.828240592998718,30,0,False,42
ABC-SMC,3519261.9047619044,11.368582078388759,17737080.0,57.297653675079346,6.2509661059615445,24.42090220462012,16683.093003859012,27.631021114931727,8.793113763224243,9.972219527615422,9.284145961990196,9.828240592998718,30,0,False,42
ABC-SMC,3523071.4285714286,11.374533460253762,17756280.0,57.327648639678955,6.2509661059615445,24.42090220462012,16683.093003859012,27.631021114931727,8.793113763224243,9.972219527615422,9.284145961990196,9.828240592998718,30,0,False,42
ABC-SMC,3526880.9523809524,11.380665264432393,17775480.0,57.35855293273926,6.2509661059615445,24.42090220462012,16683.093003859012,27.631021114931727,8.793113763224243,9.972219527615422,9.284145961990196,9.828240592998718,30,0,False,42
ABC-SMC,3530690.476190476,11.386653497105552,17794680.0,57.38873362541199,6.2509661059615445,24.42090220462012,16683.093003859012,27.631021114931727,8.793113763224243,9.972219527615422,9.284145961990196,9.828240592998718,30,0,False,42
ABC-SMC,3513585.798816568,11.325466703381059,17813880.0,57.42011618614197,6.2509661059615445,24.42090220462012,16683.093003859012,27.631021114931727,8.793113763224243,9.972219527615422,9.284145961990196,9.828240592998718,30,0,False,42
ABC-SMC,3517372.7810650887,11.331389500544622,17833080.0,57.45014476776123,6.2509661059615445,24.42090220462012,16683.093003859012,27.631021114931727,8.793113763224243,9.972219527615422,9.284145961990196,9.828240592998718,30,0,False,42
ABC-SMC,3521159.763313609,11.337561814272426,17852280.0,57.481438398361206,6.2509661059615445,24.42090220462012,16683.093003859012,27.631021114931727,8.793113763224243,9.972219527615422,9.284145961990196,9.828240592998718,30,0,False,42
ABC-SMC,3524946.74556213,11.343496791004428,17871480.0,57.511528730392456,6.2509661059615445,24.42090220462012,16683.093003859012,27.631021114931727,8.793113763224243,9.972219527615422,9.284145961990196,9.828240592998718,30,0,False,42
ABC-SMC,3528733.727810651,11.349635058371037,17890680.0,57.54264974594116,6.2509661059615445,24.42090220462012,16683.093003859012,27.631021114931727,8.793113763224243,9.972219527615422,9.284145961990196,9.828240592998718,30,0,False,42
ABC-SMC,3532520.7100591715,11.35567396115034,17909880.0,57.57326698303223,6.2509661059615445,24.42090220462012,16683.093003859012,27.631021114931727,8.793113763224243,9.972219527615422,9.284145961990196,9.828240592998718,30,0,False,42
ABC-SMC,3536307.6923076925,11.361821915741267,17929080.0,57.60443711280823,6.2509661059615445,24.42090220462012,16683.093003859012,27.631021114931727,8.793113763224243,9.972219527615422,9.284145961990196,9.828240592998718,30,0,False,42
ABC-SMC,3540094.674556213,11.367831662796894,17948280.0,57.63490653038025,6.2509661059615445,24.42090220462012,16683.093003859012,27.631021114931727,8.793113763224243,9.972219527615422,9.284145961990196,9.828240592998718,30,0,False,42
ABC-SMC,3543881.6568047334,11.373809526657917,17967480.0,57.66521430015564,6.2509661059615445,24.42090220462012,16683.093003859012,27.631021114931727,8.793113763224243,9.972219527615422,9.284145961990196,9.828240592998718,30,0,False,42
ABC-SMC,3547668.6390532544,11.379765523726181,17986680.0,57.69541120529175,6.2509661059615445,24.42090220462012,16683.093003859012,27.631021114931727,8.793113763224243,9.972219527615422,9.284145961990196,9.828240592998718,30,0,False,42
ABC-SMC,3551455.621301775,11.38737573191024,18005880.0,57.73399496078491,6.2509661059615445,24.42090220462012,16683.093003859012,27.631021114931727,8.793113763224243,9.972219527615422,9.284145961990196,9.828240592998718,30,0,False,42
ABC-SMC,3555242.603550296,11.393375133386495,18025080.0,57.76441192626953,6.2509661059615445,24.42090220462012,16683.093003859012,27.631021114931727,8.793113763224243,9.972219527615422,9.284145961990196,9.828240592998718,30,0,False,42
ABC-SMC,3559029.5857988168,11.399434727324538,18044280.0,57.7951340675354,6.2509661059615445,24.42090220462012,16683.093003859012,27.631021114931727,8.793113763224243,9.972219527615422,9.284145961990196,9.828240592998718,30,0,False,42
ABC-SMC,3562816.5680473372,11.405348871821719,18063480.0,57.82511878013611,6.2509661059615445,24.42090220462012,16683.093003859012,27.631021114931727,8.793113763224243,9.972219527615422,9.284145961990196,9.828240592998718,30,0,False,42
ABC-SMC,3566603.550295858,11.411470492210615,18082680.0,57.85615539550781,6.2509661059615445,24.42090220462012,16683.093003859012,27.631021114931727,8.793113763224243,9.972219527615422,9.284145961990196,9.828240592998718,30,0,False,42
ABC-SMC,3570390.5325443787,11.417305163848093,18101880.0,57.88573718070984,6.2509661059615445,24.42090220462012,16683.093003859012,27.631021114931727,8.793113763224243,9.972219527615422,9.284145961990196,9.828240592998718,30,0,False,42
ABC-SMC,3574177.514792899,11.423368331713554,18121080.0,57.91647744178772,6.2509661059615445,24.42090220462012,16683.093003859012,27.631021114931727,8.793113763224243,9.972219527615422,9.284145961990196,9.828240592998718,30,0,False,42
ABC-SMC,3556917.6470588227,11.361982261433319,18140280.0,57.94610953330994,6.2509661059615445,24.42090220462012,16683.093003859012,27.631021114931727,8.793113763224243,9.972219527615422,9.284145961990196,9.828240592998718,30,0,False,42
ABC-SMC,3560682.352941176,11.367936134338377,18159480.0,57.97647428512573,6.2509661059615445,24.42090220462012,16683.093003859012,27.631021114931727,8.793113763224243,9.972219527615422,9.284145961990196,9.828240592998718,30,0,False,42
ABC-SMC,3543602.339181286,11.30723497788576,18178680.0,58.006115436553955,6.2509661059615445,24.42090220462012,16683.093003859012,27.631021114931727,8.793113763224243,9.972219527615422,9.284145961990196,9.828240592998718,30,0,False,42
ABC-SMC,3547345.029239766,11.313141019720778,18197880.0,58.0364134311676,6.2509661059615445,24.42090220462012,16683.093003859012,27.631021114931727,8.793113763224243,9.972219527615422,9.284145961990196,9.828240592998718,30,0,False,42
ABC-SMC,3551087.719298245,11.318968982956793,18217080.0,58.06631088256836,6.2509661059615445,24.42090220462012,16683.093003859012,27.631021114931727,8.793113763224243,9.972219527615422,9.284145961990196,9.828240592998718,30,0,False,42
ABC-SMC,3554830.4093567245,11.324911507946704,18236280.0,58.0967960357666,6.2509661059615445,24.42090220462012,16683.093003859012,27.631021114931727,8.793113763224243,9.972219527615422,9.284145961990196,9.828240592998718,30,0,False,42
ABC-SMC,3558573.099415204,11.330767031069152,18255480.0,58.126834869384766,6.2509661059615445,24.42090220462012,16683.093003859012,27.631021114931727,8.793113763224243,9.972219527615422,9.284145961990196,9.828240592998718,30,0,False,42
ABC-SMC,3562315.7894736836,11.336671120939197,18274680.0,58.15712285041809,6.2509661059615445,24.42090220462012,16683.093003859012,27.631021114931727,8.793113763224243,9.972219527615422,9.284145961990196,9.828240592998718,30,0,False,42
ABC-SMC,3566058.4795321627,11.342429138763604,18293880.0,58.1866614818573,6.2509661059615445,24.42090220462012,16683.093003859012,27.631021114931727,8.793113763224243,9.972219527615422,9.284145961990196,9.828240592998718,30,0,False,42
ABC-SMC,3569801.1695906427,11.348328209295142,18313080.0,58.21692371368408,6.2509661059615445,24.42090220462012,16683.093003859012,27.631021114931727,8.793113763224243,9.972219527615422,9.284145961990196,9.828240592998718,30,0,False,42
ABC-SMC,3573543.859649122,11.35408971277129,18332280.0,58.246480226516724,6.2509661059615445,24.42090220462012,16683.093003859012,27.631021114931727,8.793113763224243,9.972219527615422,9.284145961990196,9.828240592998718,30,0,False,42
ABC-SMC,3577286.549707602,11.360074762712443,18351480.0,58.277183532714844,6.2509661059615445,24.42090220462012,16683.093003859012,27.631021114931727,8.793113763224243,9.972219527615422,9.284145961990196,9.828240592998718,30,0,False,42
ABC-SMC,3581029.2397660813,11.365879395319471,18370680.0,58.30696129798889,6.2509661059615445,24.42090220462012,16683.093003859012,27.631021114931727,8.793113763224243,9.972219527615422,9.284145961990196,9.828240592998718,30,0,False,42
ABC-SMC,3584771.9298245604,11.372007914686293,18389880.0,58.3384006023407,6.2509661059615445,24.42090220462012,16683.093003859012,27.631021114931727,8.793113763224243,9.972219527615422,9.284145961990196,9.828240592998718,30,0,False,42
ABC-SMC,3588514.6198830404,11.37790768234818,18409080.0,58.36866641044617,6.2509661059615445,24.42090220462012,16683.093003859012,27.631021114931727,8.793113763224243,9.972219527615422,9.284145961990196,9.828240592998718,30,0,False,42
ABC-SMC,3592257.30994152,11.38382297277915,18428280.0,58.399011850357056,6.2509661059615445,24.42090220462012,16683.093003859012,27.631021114931727,8.793113763224243,9.972219527615422,9.284145961990196,9.828240592998718,30,0,False,42
ABC-SMC,3595999.9999999995,11.389680819669428,18447480.0,58.429062604904175,6.2509661059615445,24.42090220462012,16683.093003859012,27.631021114931727,8.793113763224243,9.972219527615422,9.284145961990196,9.828240592998718,30,0,False,42
ABC-SMC,3578813.9534883727,11.329424011614897,18466680.0,58.45982789993286,6.2509661059615445,24.42090220462012,16683.093003859012,27.631021114931727,8.793113763224243,9.972219527615422,9.284145961990196,9.828240592998718,30,0,False,42
ABC-SMC,3582534.8837209307,11.33532302324162,18485880.0,58.49026679992676,6.2509661059615445,24.42090220462012,16683.093003859012,27.631021114931727,8.793113763224243,9.972219527615422,9.284145961990196,9.828240592998718,30,0,False,42
ABC-SMC,3586255.813953489,11.341320590455405,18505080.0,58.52121424674988,6.2509661059615445,24.42090220462012,16683.093003859012,27.631021114931727,8.793113763224243,9.972219527615422,9.284145961990196,9.828240592998718,30,0,False,42
ABC-SMC,3589976.744186047,11.347343847733137,18524280.0,58.55229425430298,6.2509661059615445,24.42090220462012,16683.093003859012,27.631021114931727,8.793113763224243,9.972219527615422,9.284145961990196,9.828240592998718,30,0,False,42
ABC-SMC,3593697.6744186054,11.353383276813716,18543480.0,58.583457708358765,6.2509661059615445,24.42090220462012,16683.093003859012,27.631021114931727,8.793113763224243,9.972219527615422,9.284145961990196,9.828240592998718,30,0,False,42
ABC-SMC,3597418.604651164,11.359207436095838,18562680.0,58.61351037025452,6.2509661059615445,24.42090220462012,16683.093003859012,27.631021114931727,8.793113763224243,9.972219527615422,9.284145961990196,9.828240592998718,30,0,False,42
ABC-SMC,3601139.5348837213,11.365161986314051,18581880.0,58.64423584938049,6.2509661059615445,24.42090220462012,16683.093003859012,27.631021114931727,8.793113763224243,9.972219527615422,9.284145961990196,9.828240592998718,30,0,False,42
ABC-SMC,3604860.4651162797,11.370968957280006,18601080.0,58.67419981956482,6.2509661059615445,24.42090220462012,16683.093003859012,27.631021114931727,8.793113763224243,9.972219527615422,9.284145961990196,9.828240592998718,30,0,False,42
ABC-SMC,3608581.3953488376,11.377002841742467,18620280.0,58.70533466339111,6.2509661059615445,24.42090220462012,16683.093003859012,27.631021114931727,8.793113763224243,9.972219527615422,9.284145961990196,9.828240592998718,30,0,False,42
ABC-SMC,3612302.325581396,11.38279900070309,18639480.0,58.73524284362793,6.2509661059615445,24.42090220462012,16683.093003859012,27.631021114931727,8.793113763224243,9.972219527615422,9.284145961990196,9.828240592998718,30,0,False,42
ABC-SMC,3616023.2558139544,11.388819901518122,18658680.0,58.766310691833496,6.2509661059615445,24.42090220462012,16683.093003859012,27.631021114931727,8.793113763224243,9.972219527615422,9.284145961990196,9.828240592998718,30,0,False,42
ABC-SMC,3619744.1860465123,11.394619664480523,18677880.0,58.79623746871948,6.2509661059615445,24.42090220462012,16683.093003859012,27.631021114931727,8.793113763224243,9.972219527615422,9.284145961990196,9.828240592998718,30,0,False,42
ABC-SMC,3623465.1162790707,11.40056469643763,18697080.0,58.826913833618164,6.2509661059615445,24.42090220462012,16683.093003859012,27.631021114931727,8.793113763224243,9.972219527615422,9.284145961990196,9.828240592998718,30,0,False,42
ABC-SMC,3627186.046511628,11.406392505926682,18716280.0,58.856985330581665,6.2509661059615445,24.42090220462012,16683.093003859012,27.631021114931727,8.793113763224243,9.972219527615422,9.284145961990196,9.828240592998718,30,0,False,42
ABC-SMC,3609919.0751445093,11.346375000499807,18735480.0,58.887686252593994,6.2509661059615445,24.42090220462012,16683.093003859012,27.631021114931727,8.793113763224243,9.972219527615422,9.284145961990196,9.828240592998718,30,0,False,42
ABC-SMC,3613618.497109827,11.352228245523856,18754680.0,58.9180645942688,6.2509661059615445,24.42090220462012,16683.093003859012,27.631021114931727,8.793113763224243,9.972219527615422,9.284145961990196,9.828240592998718,30,0,False,42
ABC-SMC,3617317.9190751454,11.35815209736025,18773880.0,58.94880938529968,6.2509661059615445,24.42090220462012,16683.093003859012,27.631021114931727,8.793113763224243,9.972219527615422,9.284145961990196,9.828240592998718,30,0,False,42
ABC-SMC,3621017.341040463,11.363988804679387,18793080.0,58.97910189628601,6.2509661059615445,24.42090220462012,16683.093003859012,27.631021114931727,8.793113763224243,9.972219527615422,9.284145961990196,9.828240592998718,30,0,False,42
ABC-SMC,3624716.763005781,11.369909027408314,18812280.0,59.009827852249146,6.2509661059615445,24.42090220462012,16683.093003859012,27.631021114931727,8.793113763224243,9.972219527615422,9.284145961990196,9.828240592998718,30,0,False,42
ABC-SMC,3607563.2183908047,11.310316502362832,18831480.0,59.039852142333984,6.2509661059615445,24.42090220462012,16683.093003859012,27.631021114931727,8.793113763224243,9.972219527615422,9.284145961990196,9.828240592998718,30,0,False,42
ABC-SMC,3611241.379310345,11.316199732009478,18850680.0,59.07056260108948,6.2509661059615445,24.42090220462012,16683.093003859012,27.631021114931727,8.793113763224243,9.972219527615422,9.284145961990196,9.828240592998718,30,0,False,42
ABC-SMC,3614919.540229885,11.32193812922043,18869880.0,59.10051703453064,6.2509661059615445,24.42090220462012,16683.093003859012,27.631021114931727,8.793113763224243,9.972219527615422,9.284145961990196,9.828240592998718,30,0,False,42
ABC-SMC,3618597.701149425,11.327896309995102,18889080.0,59.13161873817444,6.2509661059615445,24.42090220462012,16683.093003859012,27.631021114931727,8.793113763224243,9.972219527615422,9.284145961990196,9.828240592998718,30,0,False,42
ABC-SMC,3622275.8620689656,11.333607576816018,18908280.0,59.161431550979614,6.2509661059615445,24.42090220462012,16683.093003859012,27.631021114931727,8.793113763224243,9.972219527615422,9.284145961990196,9.828240592998718,30,0,False,42
ABC-SMC,3625954.0229885057,11.339536480519962,18927480.0,59.19238042831421,6.2509661059615445,24.42090220462012,16683.093003859012,27.631021114931727,8.793113763224243,9.972219527615422,9.284145961990196,9.828240592998718,30,0,False,42
ABC-SMC,3629632.183908046,11.345292644939203,18946680.0,59.22242760658264,6.2509661059615445,24.42090220462012,16683.093003859012,27.631021114931727,8.793113763224243,9.972219527615422,9.284145961990196,9.828240592998718,30,0,False,42
ABC-SMC,3633310.344827586,11.351161395909685,18965880.0,59.25306248664856,6.2509661059615445,24.42090220462012,16683.093003859012,27.631021114931727,8.793113763224243,9.972219527615422,9.284145961990196,9.828240592998718,30,0,False,42
ABC-SMC,3636988.5057471264,11.356903812437679,18985080.0,59.28303790092468,6.2509661059615445,24.42090220462012,16683.093003859012,27.631021114931727,8.793113763224243,9.972219527615422,9.284145961990196,9.828240592998718,30,0,False,42
ABC-SMC,3640666.6666666665,11.36279033061645,19004280.0,59.31376552581787,6.2509661059615445,24.42090220462012,16683.093003859012,27.631021114931727,8.793113763224243,9.972219527615422,9.284145961990196,9.828240592998718,30,0,False,42
ABC-SMC,3644344.827586207,11.368612128656029,19023480.0,59.34415531158447,6.2509661059615445,24.42090220462012,16683.093003859012,27.631021114931727,8.793113763224243,9.972219527615422,9.284145961990196,9.828240592998718,30,0,False,42
ABC-SMC,3648022.988505747,11.374498692508858,19042680.0,59.37488317489624,6.2509661059615445,24.42090220462012,16683.093003859012,27.631021114931727,8.793113763224243,9.972219527615422,9.284145961990196,9.828240592998718,30,0,False,42
ABC-SMC,3630834.2857142854,11.315265700930642,19061880.0,59.405144929885864,6.2509661059615445,24.42090220462012,16683.093003859012,27.631021114931727,8.793113763224243,9.972219527615422,9.284145961990196,9.828240592998718,30,0,False,42
ABC-SMC,3634491.4285714286,11.321085702805291,19081080.0,59.43569993972778,6.2509661059615445,24.42090220462012,16683.093003859012,27.631021114931727,8.793113763224243,9.972219527615422,9.284145961990196,9.828240592998718,30,0,False,42
ABC-SMC,3638148.5714285714,11.326757658095586,19100280.0,59.46547770500183,6.2509661059615445,24.42090220462012,16683.093003859012,27.631021114931727,8.793113763224243,9.972219527615422,9.284145961990196,9.828240592998718,30,0,False,42
ABC-SMC,3641805.714285714,11.332565262204124,19119480.0,59.495967626571655,6.2509661059615445,24.42090220462012,16683.093003859012,27.631021114931727,8.793113763224243,9.972219527615422,9.284145961990196,9.828240592998718,30,0,False,42
ABC-SMC,3645462.8571428573,11.338274864923386,19138680.0,59.52594304084778,6.2509661059615445,24.42090220462012,16683.093003859012,27.631021114931727,8.793113763224243,9.972219527615422,9.284145961990196,9.828240592998718,30,0,False,42
ABC-SMC,3649120.0,11.344366754804339,19157880.0,59.55792546272278,6.2509661059615445,24.42090220462012,16683.093003859012,27.631021114931727,8.793113763224243,9.972219527615422,9.284145961990196,9.828240592998718,30,0,False,42
ABC-SMC,3652777.1428571427,11.35019216083345,19177080.0,59.58850884437561,6.2509661059615445,24.42090220462012,16683.093003859012,27.631021114931727,8.793113763224243,9.972219527615422,9.284145961990196,9.828240592998718,30,0,False,42
ABC-SMC,3656434.2857142854,11.356136322021484,19196280.0,59.61971569061279,6.2509661059615445,24.42090220462012,16683.093003859012,27.631021114931727,8.793113763224243,9.972219527615422,9.284145961990196,9.828240592998718,30,0,False,42
ABC-SMC,3660091.4285714286,11.361868722098214,19215480.0,59.649810791015625,6.2509661059615445,24.42090220462012,16683.093003859012,27.631021114931727,8.793113763224243,9.972219527615422,9.284145961990196,9.828240592998718,30,0,False,42
ABC-SMC,3663748.5714285714,11.367702438717798,19234680.0,59.68043780326843,6.2509661059615445,24.42090220462012,16683.093003859012,27.631021114931727,8.793113763224243,9.972219527615422,9.284145961990196,9.828240592998718,30,0,False,42
ABC-SMC,3667405.714285714,11.373450915018717,19253880.0,59.71061730384827,6.2509661059615445,24.42090220462012,16683.093003859012,27.631021114931727,8.793113763224243,9.972219527615422,9.284145961990196,9.828240592998718,30,0,False,42
ABC-SMC,3671062.857142857,11.379279363723029,19273080.0,59.7412166595459,6.2509661059615445,24.42090220462012,16683.093003859012,27.631021114931727,8.793113763224243,9.972219527615422,9.284145961990196,9.828240592998718,30,0,False,42
ABC-SMC,3674720.0,11.385062490190778,19292280.0,59.77157807350159,6.2509661059615445,24.42090220462012,16683.093003859012,27.631021114931727,8.793113763224243,9.972219527615422,9.284145961990196,9.828240592998718,30,0,False,42
ABC-SMC,3657477.2727272734,11.326175702340677,19311480.0,59.802207708358765,6.2509661059615445,24.42090220462012,16683.093003859012,27.631021114931727,8.793113763224243,9.972219527615422,9.284145961990196,9.828240592998718,30,0,False,42
ABC-SMC,3661113.636363637,11.33195897846511,19330680.0,59.832743406295776,6.2509661059615445,24.42090220462012,16683.093003859012,27.631021114931727,8.793113763224243,9.972219527615422,9.284145961990196,9.828240592998718,30,0,False,42
ABC-SMC,3664750.0000000005,11.33780660051288,19349880.0,59.86361885070801,6.2509661059615445,24.42090220462012,16683.093003859012,27.631021114931727,8.793113763224243,9.972219527615422,9.284145961990196,9.828240592998718,30,0,False,42
ABC-SMC,3668386.363636364,11.343532349124102,19369080.0,59.893850803375244,6.2509661059615445,24.42090220462012,16683.093003859012,27.631021114931727,8.793113763224243,9.972219527615422,9.284145961990196,9.828240592998718,30,0,False,42
ABC-SMC,3672022.727272728,11.349422236283623,19388280.0,59.924949407577515,6.2509661059615445,24.42090220462012,16683.093003859012,27.631021114931727,8.793113763224243,9.972219527615422,9.284145961990196,9.828240592998718,30,0,False,42
ABC-SMC,3654892.655367232,11.29104619645803,19407480.0,59.95545530319214,6.2509661059615445,24.42090220462012,16683.093003859012,27.631021114931727,8.793113763224243,9.972219527615422,9.284145961990196,9.828240592998718,30,0,False,42
ABC-SMC,3637955.056179775,11.233465457230473,19426680.0,59.98670554161072,6.2509661059615445,24.42090220462012,16683.093003859012,27.631021114931727,8.793113763224243,9.972219527615422,9.284145961990196,9.828240592998718,30,0,False,42
ABC-SMC,3641550.561797753,11.239092001754248,19445880.0,60.016751289367676,6.2509661059615445,24.42090220462012,16683.093003859012,27.631021114931727,8.793113763224243,9.972219527615422,9.284145961990196,9.828240592998718,30,0,False,42
ABC-SMC,3645146.06741573,11.244888430677548,19465080.0,60.047704219818115,6.2509661059615445,24.42090220462012,16683.093003859012,27.631021114931727,8.793113763224243,9.972219527615422,9.284145961990196,9.828240592998718,30,0,False,42
ABC-SMC,3648741.573033708,11.250514662667607,19484280.0,60.07774829864502,6.2509661059615445,24.42090220462012,16683.093003859012,27.631021114931727,8.793113763224243,9.972219527615422,9.284145961990196,9.828240592998718,30,0,False,42
ABC-SMC,3652337.0786516853,11.256278766674942,19503480.0,60.10852861404419,6.2509661059615445,24.42090220462012,16683.093003859012,27.631021114931727,8.793113763224243,9.972219527615422,9.284145961990196,9.828240592998718,30,0,False,42
ABC-SMC,3655932.584269663,11.26184534937255,19522680.0,60.138254165649414,6.2509661059615445,24.42090220462012,16683.093003859012,27.631021114931727,8.793113763224243,9.972219527615422,9.284145961990196,9.828240592998718,30,0,False,42
ABC-SMC,3659528.0898876404,11.26750685302506,19541880.0,60.16848659515381,6.2509661059615445,24.42090220462012,16683.093003859012,27.631021114931727,8.793113763224243,9.972219527615422,9.284145961990196,9.828240592998718,30,0,False,42
ABC-SMC,3663123.595505618,11.273152774639344,19561080.0,60.1986358165741,6.2509661059615445,24.42090220462012,16683.093003859012,27.631021114931727,8.793113763224243,9.972219527615422,9.284145961990196,9.828240592998718,30,0,False,42
ABC-SMC,3666719.1011235956,11.278809143809344,19580280.0,60.228840827941895,6.2509661059615445,24.42090220462012,16683.093003859012,27.631021114931727,8.793113763224243,9.972219527615422,9.284145961990196,9.828240592998718,30,0,False,42
ABC-SMC,3670314.606741573,11.284433545244768,19599480.0,60.258875131607056,6.2509661059615445,24.42090220462012,16683.093003859012,27.631021114931727,8.793113763224243,9.972219527615422,9.284145961990196,9.828240592998718,30,0,False,42
ABC-SMC,3653385.4748603352,11.227028241148652,19618680.0,60.28914165496826,6.2509661059615445,24.42090220462012,16683.093003859012,27.631021114931727,8.793113763224243,9.972219527615422,9.284145961990196,9.828240592998718,30,0,False,42
ABC-SMC,3656960.8938547485,11.232551960083804,19637880.0,60.318804025650024,6.2509661059615445,24.42090220462012,16683.093003859012,27.631021114931727,8.793113763224243,9.972219527615422,9.284145961990196,9.828240592998718,30,0,False,42
ABC-SMC,3660536.312849162,11.23817415432779,19657080.0,60.348995208740234,6.2509661059615445,24.42090220462012,16683.093003859012,27.631021114931727,8.793113763224243,9.972219527615422,9.284145961990196,9.828240592998718,30,0,False,42
ABC-SMC,3664111.7318435754,11.24370013757347,19676280.0,60.37866973876953,6.2509661059615445,24.42090220462012,16683.093003859012,27.631021114931727,8.793113763224243,9.972219527615422,9.284145961990196,9.828240592998718,30,0,False,42
ABC-SMC,3667687.1508379886,11.249514354229861,19695480.0,60.409892082214355,6.2509661059615445,24.42090220462012,16683.093003859012,27.631021114931727,8.793113763224243,9.972219527615422,9.284145961990196,9.828240592998718,30,0,False,42
ABC-SMC,3671262.5698324023,11.25508731081943,19714680.0,60.43981885910034,6.2509661059615445,24.42090220462012,16683.093003859012,27.631021114931727,8.793113763224243,9.972219527615422,9.284145961990196,9.828240592998718,30,0,False,42
ABC-SMC,3674837.9888268155,11.26085406575123,19733880.0,60.470786333084106,6.2509661059615445,24.42090220462012,16683.093003859012,27.631021114931727,8.793113763224243,9.972219527615422,9.284145961990196,9.828240592998718,30,0,False,42
ABC-SMC,3678413.407821229,11.26638808507937,19753080.0,60.50050401687622,6.2509661059615445,24.42090220462012,16683.093003859012,27.631021114931727,8.793113763224243,9.972219527615422,9.284145961990196,9.828240592998718,30,0,False,42
ABC-SMC,3681988.8268156424,11.272158480667313,19772280.0,60.53149104118347,6.2509661059615445,24.42090220462012,16683.093003859012,27.631021114931727,8.793113763224243,9.972219527615422,9.284145961990196,9.828240592998718,30,0,False,42
ABC-SMC,3685564.245810056,11.27781876860606,19791480.0,60.56188678741455,6.2509661059615445,24.42090220462012,16683.093003859012,27.631021114931727,8.793113763224243,9.972219527615422,9.284145961990196,9.828240592998718,30,0,False,42
ABC-SMC,3689139.6648044693,11.28355639828872,19810680.0,60.592697858810425,6.2509661059615445,24.42090220462012,16683.093003859012,27.631021114931727,8.793113763224243,9.972219527615422,9.284145961990196,9.828240592998718,30,0,False,42
ABC-SMC,3692715.0837988826,11.289157503366027,19829880.0,60.62277579307556,6.2509661059615445,24.42090220462012,16683.093003859012,27.631021114931727,8.793113763224243,9.972219527615422,9.284145961990196,9.828240592998718,30,0,False,42
ABC-SMC,3696290.5027932962,11.294847893315321,19849080.0,60.65333318710327,6.2509661059615445,24.42090220462012,16683.093003859012,27.631021114931727,8.793113763224243,9.972219527615422,9.284145961990196,9.828240592998718,30,0,False,42
ABC-SMC,3699865.9217877095,11.300448021631222,19868280.0,60.68340587615967,6.2509661059615445,24.42090220462012,16683.093003859012,27.631021114931727,8.793113763224243,9.972219527615422,9.284145961990196,9.828240592998718,30,0,False,42
ABC-SMC,3703441.340782123,11.306190446324411,19887480.0,60.714242696762085,6.2509661059615445,24.42090220462012,16683.093003859012,27.631021114931727,8.793113763224243,9.972219527615422,9.284145961990196,9.828240592998718,30,0,False,42
ABC-SMC,3707016.7597765364,11.311819833084192,19906680.0,60.74447250366211,6.2509661059615445,24.42090220462012,16683.093003859012,27.631021114931727,8.793113763224243,9.972219527615422,9.284145961990196,9.828240592998718,30,0,False,42
ABC-SMC,3710592.17877095,11.317550048259827,19925880.0,60.77524375915527,6.2509661059615445,24.42090220462012,16683.093003859012,27.631021114931727,8.793113763224243,9.972219527615422,9.284145961990196,9.828240592998718,30,0,False,42
ABC-SMC,3714167.5977653633,11.323099651372189,19945080.0,60.80504512786865,6.2509661059615445,24.42090220462012,16683.093003859012,27.631021114931727,8.793113763224243,9.972219527615422,9.284145961990196,9.828240592998718,30,0,False,42
ABC-SMC,3717743.0167597765,11.328857615451351,19964280.0,60.835965394973755,6.2509661059615445,24.42090220462012,16683.093003859012,27.631021114931727,8.793113763224243,9.972219527615422,9.284145961990196,9.828240592998718,30,0,False,42
ABC-SMC,3721318.43575419,11.334398960490024,19983480.0,60.86572241783142,6.2509661059615445,24.42090220462012,16683.093003859012,27.631021114931727,8.793113763224243,9.972219527615422,9.284145961990196,9.828240592998718,30,0,False,42
ABC-SMC,3724893.854748603,11.340138099713032,20002680.0,60.896541595458984,6.2509661059615445,24.42090220462012,16683.093003859012,27.631021114931727,8.793113763224243,9.972219527615422,9.284145961990196,9.828240592998718,30,0,False,42
ABC-SMC,3707755.5555555564,11.282637119293215,20021880.0,60.92624044418335,6.2509661059615445,24.42090220462012,16683.093003859012,27.631021114931727,8.793113763224243,9.972219527615422,9.284145961990196,9.828240592998718,30,0,False,42
ABC-SMC,3711311.1111111115,11.28830044357865,20041080.0,60.95682239532471,6.2509661059615445,24.42090220462012,16683.093003859012,27.631021114931727,8.793113763224243,9.972219527615422,9.284145961990196,9.828240592998718,30,0,False,42
ABC-SMC,3714866.6666666674,11.29380539611534,20060280.0,60.98654913902283,6.2509661059615445,24.42090220462012,16683.093003859012,27.631021114931727,8.793113763224243,9.972219527615422,9.284145961990196,9.828240592998718,30,0,False,42
ABC-SMC,3697878.4530386743,11.237051693334983,20079480.0,61.01719069480896,6.2509661059615445,24.42090220462012,16683.093003859012,27.631021114931727,8.793113763224243,9.972219527615422,9.284145961990196,9.828240592998718,30,0,False,42
ABC-SMC,3701414.3646408836,11.24256983207295,20098680.0,61.04715418815613,6.2509661059615445,24.42090220462012,16683.093003859012,27.631021114931727,8.793113763224243,9.972219527615422,9.284145961990196,9.828240592998718,30,0,False,42
ABC-SMC,3704950.276243094,11.248181142859696,20117880.0,61.07762360572815,6.2509661059615445,24.42090220462012,16683.093003859012,27.631021114931727,8.793113763224243,9.972219527615422,9.284145961990196,9.828240592998718,30,0,False,42
ABC-SMC,3708486.1878453037,11.253694276124733,20137080.0,61.1075599193573,6.2509661059615445,24.42090220462012,16683.093003859012,27.631021114931727,8.793113763224243,9.972219527615422,9.284145961990196,9.828240592998718,30,0,False,42
ABC-SMC,3712022.099447514,11.259302030391236,20156280.0,61.138010025024414,6.2509661059615445,24.42090220462012,16683.093003859012,27.631021114931727,8.793113763224243,9.972219527615422,9.284145961990196,9.828240592998718,30,0,False,42
ABC-SMC,3695142.8571428573,11.20285180025485,20175480.0,61.16757082939148,6.2509661059615445,24.42090220462012,16683.093003859012,27.631021114931727,8.793113763224243,9.972219527615422,9.284145961990196,9.828240592998718,30,0,False,42
ABC-SMC,3698659.340659341,11.208422018058133,20194680.0,61.19798421859741,6.2509661059615445,24.42090220462012,16683.093003859012,27.631021114931727,8.793113763224243,9.972219527615422,9.284145961990196,9.828240592998718,30,0,False,42
ABC-SMC,3702175.8241758244,11.213863201630422,20213880.0,61.2276930809021,6.2509661059615445,24.42090220462012,16683.093003859012,27.631021114931727,8.793113763224243,9.972219527615422,9.284145961990196,9.828240592998718,30,0,False,42
ABC-SMC,3685442.62295082,11.158221884069112,20233080.0,61.25863814353943,6.2509661059615445,24.42090220462012,16683.093003859012,27.631021114931727,8.793113763224243,9.972219527615422,9.284145961990196,9.828240592998718,30,0,False,42
ABC-SMC,3688939.8907103823,11.163648664408479,20252280.0,61.28843116760254,6.2509661059615445,24.42090220462012,16683.093003859012,27.631021114931727,8.793113763224243,9.972219527615422,9.284145961990196,9.828240592998718,30,0,False,42
ABC-SMC,3672369.5652173916,11.108528574307758,20271480.0,61.31907773017883,6.2509661059615445,24.42090220462012,16683.093003859012,27.631021114931727,8.793113763224243,9.972219527615422,9.284145961990196,9.828240592998718,30,0,False,42
ABC-SMC,3655978.378378378,11.053838686900095,20290680.0,61.34880471229553,6.2509661059615445,24.42090220462012,16683.093003859012,27.631021114931727,8.793113763224243,9.972219527615422,9.284145961990196,9.828240592998718,30,0,False,42
ABC-SMC,3659437.8378378376,11.059346413827157,20309880.0,61.37937259674072,6.2509661059615445,24.42090220462012,16683.093003859012,27.631021114931727,8.793113763224243,9.972219527615422,9.284145961990196,9.828240592998718,30,0,False,42
ABC-SMC,3662897.2972972975,11.064722344682023,20329080.0,61.40920901298523,6.2509661059615445,24.42090220462012,16683.093003859012,27.631021114931727,8.793113763224243,9.972219527615422,9.284145961990196,9.828240592998718,30,0,False,42
ABC-SMC,3666356.7567567565,11.070220577824223,20348280.0,61.43972420692444,6.2509661059615445,24.42090220462012,16683.093003859012,27.631021114931727,8.793113763224243,9.972219527615422,9.284145961990196,9.828240592998718,30,0,False,42
ABC-SMC,3669816.2162162163,11.075655791136596,20367480.0,61.469889640808105,6.2509661059615445,24.42090220462012,16683.093003859012,27.631021114931727,8.793113763224243,9.972219527615422,9.284145961990196,9.828240592998718,30,0,False,42
ABC-SMC,3673275.6756756757,11.081139762122351,20386680.0,61.50032567977905,6.2509661059615445,24.42090220462012,16683.093003859012,27.631021114931727,8.793113763224243,9.972219527615422,9.284145961990196,9.828240592998718,30,0,False,42
ABC-SMC,3676735.135135135,11.086517239476109,20405880.0,61.53017067909241,6.2509661059615445,24.42090220462012,16683.093003859012,27.631021114931727,8.793113763224243,9.972219527615422,9.284145961990196,9.828240592998718,30,0,False,42
ABC-SMC,3660408.6021505375,11.0324016608645,20425080.0,61.5608012676239,6.2509661059615445,24.42090220462012,16683.093003859012,27.631021114931727,8.793113763224243,9.972219527615422,9.284145961990196,9.828240592998718,30,0,False,42
ABC-SMC,3663849.4623655914,11.037720702455037,20444280.0,61.5904815196991,6.2509661059615445,24.42090220462012,16683.093003859012,27.631021114931727,8.793113763224243,9.972219527615422,9.284145961990196,9.828240592998718,30,0,False,42
ABC-SMC,3667290.3225806453,11.043147801498359,20463480.0,61.62076473236084,6.2509661059615445,24.42090220462012,16683.093003859012,27.631021114931727,8.793113763224243,9.972219527615422,9.284145961990196,9.828240592998718,30,0,False,42
ABC-SMC,3670731.1827956988,11.0484298839364,20482680.0,61.65023875236511,6.2509661059615445,24.42090220462012,16683.093003859012,27.631021114931727,8.793113763224243,9.972219527615422,9.284145961990196,9.828240592998718,30,0,False,42
ABC-SMC,3674172.0430107526,11.053903085783817,20501880.0,61.680779218673706,6.2509661059615445,24.42090220462012,16683.093003859012,27.631021114931727,8.793113763224243,9.972219527615422,9.284145961990196,9.828240592998718,30,0,False,42
ABC-SMC,3677612.9032258065,11.059168547285072,20521080.0,61.71016049385071,6.2509661059615445,24.42090220462012,16683.093003859012,27.631021114931727,8.793113763224243,9.972219527615422,9.284145961990196,9.828240592998718,30,0,False,42
ABC-SMC,3681053.76344086,11.064627008198839,20540280.0,61.74061870574951,6.2509661059615445,24.42090220462012,16683.093003859012,27.631021114931727,8.793113763224243,9.972219527615422,9.284145961990196,9.828240592998718,30,0,False,42
ABC-SMC,3684494.623655914,11.069929813398682,20559480.0,61.77020835876465,6.2509661059615445,24.42090220462012,16683.093003859012,27.631021114931727,8.793113763224243,9.972219527615422,9.284145961990196,9.828240592998718,30,0,False,42
ABC-SMC,3687935.4838709678,11.075355288802937,20578680.0,61.800482511520386,6.2509661059615445,24.42090220462012,16683.093003859012,27.631021114931727,8.793113763224243,9.972219527615422,9.284145961990196,9.828240592998718,30,0,False,42
ABC-SMC,3671636.3636363633,11.021382923432212,20597880.0,61.82995820045471,6.2509661059615445,24.42090220462012,16683.093003859012,27.631021114931727,8.793113763224243,9.972219527615422,9.284145961990196,9.828240592998718,30,0,False,42
ABC-SMC,3675058.8235294116,11.026751378853266,20617080.0,61.86007523536682,6.2509661059615445,24.42090220462012,16683.093003859012,27.631021114931727,8.793113763224243,9.972219527615422,9.284145961990196,9.828240592998718,30,0,False,42
ABC-SMC,3678481.28342246,11.032057913441921,20636280.0,61.88984489440918,6.2509661059615445,24.42090220462012,16683.093003859012,27.631021114931727,8.793113763224243,9.972219527615422,9.284145961990196,9.828240592998718,30,0,False,42
ABC-SMC,3681903.743315508,11.03740817935284,20655480.0,61.919859886169434,6.2509661059615445,24.42090220462012,16683.093003859012,27.631021114931727,8.793113763224243,9.972219527615422,9.284145961990196,9.828240592998718,30,0,False,42
ABC-SMC,3685326.2032085564,11.042713651470109,20674680.0,61.949623584747314,6.2509661059615445,24.42090220462012,16683.093003859012,27.631021114931727,8.793113763224243,9.972219527615422,9.284145961990196,9.828240592998718,30,0,False,42
ABC-SMC,3688748.663101604,11.048078494488449,20693880.0,61.9797203540802,6.2509661059615445,24.42090220462012,16683.093003859012,27.631021114931727,8.793113763224243,9.972219527615422,9.284145961990196,9.828240592998718,30,0,False,42
ABC-SMC,3692171.122994652,11.053302028812402,20713080.0,62.00902438163757,6.2509661059615445,24.42090220462012,16683.093003859012,27.631021114931727,8.793113763224243,9.972219527615422,9.284145961990196,9.828240592998718,30,0,False,42
ABC-SMC,3675936.1702127657,10.999864213010097,20732280.0,62.03923416137695,6.2509661059615445,24.42090220462012,16683.093003859012,27.631021114931727,8.793113763224243,9.972219527615422,9.284145961990196,9.828240592998718,30,0,False,42
ABC-SMC,3679340.425531915,11.005104940833775,20751480.0,62.06879186630249,6.2509661059615445,24.42090220462012,16683.093003859012,27.631021114931727,8.793113763224243,9.972219527615422,9.284145961990196,9.828240592998718,30,0,False,42
ABC-SMC,3663259.2592592593,10.952255082508874,20770680.0,62.09928631782532,6.2509661059615445,24.42090220462012,16683.093003859012,27.631021114931727,8.793113763224243,9.972219527615422,9.284145961990196,9.828240592998718,30,0,False,42
ABC-SMC,3666645.502645503,10.957431751163758,20789880.0,62.12863802909851,6.2509661059615445,24.42090220462012,16683.093003859012,27.631021114931727,8.793113763224243,9.972219527615422,9.284145961990196,9.828240592998718,30,0,False,42
ABC-SMC,3650715.789473684,10.905099249722664,20809080.0,62.15906572341919,6.2509661059615445,24.42090220462012,16683.093003859012,27.631021114931727,8.793113763224243,9.972219527615422,9.284145961990196,9.828240592998718,30,0,False,42
ABC-SMC,3654084.210526316,10.910227005941827,20828280.0,62.18829393386841,6.2509661059615445,24.42090220462012,16683.093003859012,27.631021114931727,8.793113763224243,9.972219527615422,9.284145961990196,9.828240592998718,30,0,False,42
ABC-SMC,3619354.1666666665,10.801794545518026,20847480.0,62.21833658218384,6.2509661059615445,24.42090220462012,16683.093003859012,27.631021114931727,8.793113763224243,9.972219527615422,9.284145961990196,9.828240592998718,30,0,False,42
ABC-SMC,3622687.5,10.806895833876396,20866680.0,62.24772000312805,6.2509661059615445,24.42090220462012,16683.093003859012,27.631021114931727,8.793113763224243,9.972219527615422,9.284145961990196,9.828240592998718,30,0,False,42
ABC-SMC,3626020.8333333335,10.81211595899529,20885880.0,62.277787923812866,6.2509661059615445,24.42090220462012,16683.093003859012,27.631021114931727,8.793113763224243,9.972219527615422,9.284145961990196,9.828240592998718,30,0,False,42
ABC-SMC,3629354.1666666665,10.8172710157103,20905080.0,62.30748105049133,6.2509661059615445,24.42090220462012,16683.093003859012,27.631021114931727,8.793113763224243,9.972219527615422,9.284145961990196,9.828240592998718,30,0,False,42
ABC-SMC,3632687.5,10.82248729136255,20924280.0,62.33752679824829,6.2509661059615445,24.42090220462012,16683.093003859012,27.631021114931727,8.793113763224243,9.972219527615422,9.284145961990196,9.828240592998718,30,0,False,42
ABC-SMC,3636020.8333333335,10.827657125062412,20943480.0,62.3673050403595,6.2509661059615445,24.42090220462012,16683.093003859012,27.631021114931727,8.793113763224243,9.972219527615422,9.284145961990196,9.828240592998718,30,0,False,42
ABC-SMC,3639354.1666666665,10.832908045914438,20962680.0,62.39755034446716,6.2509661059615445,24.42090220462012,16683.093003859012,27.631021114931727,8.793113763224243,9.972219527615422,9.284145961990196,9.828240592998718,30,0,False,42
ABC-SMC,3642687.5,10.83801401158174,20981880.0,62.426960706710815,6.2509661059615445,24.42090220462012,16683.093003859012,27.631021114931727,8.793113763224243,9.972219527615422,9.284145961990196,9.828240592998718,30,0,False,42
ABC-SMC,3646020.8333333335,10.84324349131849,21001080.0,62.45708250999451,6.2509661059615445,24.42090220462012,16683.093003859012,27.631021114931727,8.793113763224243,9.972219527615422,9.284145961990196,9.828240592998718,30,0,False,42
ABC-SMC,3649354.1666666665,10.84836402701007,21020280.0,62.486576795578,6.2509661059615445,24.42090220462012,16683.093003859012,27.631021114931727,8.793113763224243,9.972219527615422,9.284145961990196,9.828240592998718,30,0,False,42
ABC-SMC,3633761.6580310883,10.79741240783059,21039480.0,62.51701784133911,6.2509661059615445,24.42090220462012,16683.093003859012,27.631021114931727,8.793113763224243,9.972219527615422,9.284145961990196,9.828240592998718,30,0,False,42
ABC-SMC,3637077.720207254,10.802530336462361,21058680.0,62.546650648117065,6.2509661059615445,24.42090220462012,16683.093003859012,27.631021114931727,8.793113763224243,9.972219527615422,9.284145961990196,9.828240592998718,30,0,False,42
ABC-SMC,3640393.78238342,10.80785065323166,21077880.0,62.577455282211304,6.2509661059615445,24.42090220462012,16683.093003859012,27.631021114931727,8.793113763224243,9.972219527615422,9.284145961990196,9.828240592998718,30,0,False,42
ABC-SMC,3643709.8445595857,10.81293860453604,21097080.0,62.60691452026367,6.2509661059615445,24.42090220462012,16683.093003859012,27.631021114931727,8.793113763224243,9.972219527615422,9.284145961990196,9.828240592998718,30,0,False,42
ABC-SMC,3647025.9067357513,10.81812974702509,21116280.0,62.63697123527527,6.2509661059615445,24.42090220462012,16683.093003859012,27.631021114931727,8.793113763224243,9.972219527615422,9.284145961990196,9.828240592998718,30,0,False,42
ABC-SMC,3650341.9689119174,10.823197933058665,21135480.0,62.66631603240967,6.2509661059615445,24.42090220462012,16683.093003859012,27.631021114931727,8.793113763224243,9.972219527615422,9.284145961990196,9.828240592998718,30,0,False,42
ABC-SMC,3653658.0310880826,10.828410446746773,21154680.0,62.69649648666382,6.2509661059615445,24.42090220462012,16683.093003859012,27.631021114931727,8.793113763224243,9.972219527615422,9.284145961990196,9.828240592998718,30,0,False,42
ABC-SMC,3656974.0932642487,10.833559546857712,21173880.0,62.72630977630615,6.2509661059615445,24.42090220462012,16683.093003859012,27.631021114931727,8.793113763224243,9.972219527615422,9.284145961990196,9.828240592998718,30,0,False,42
ABC-SMC,3660290.1554404143,10.83877156641405,21193080.0,62.75648736953735,6.2509661059615445,24.42090220462012,16683.093003859012,27.631021114931727,8.793113763224243,9.972219527615422,9.284145961990196,9.828240592998718,30,0,False,42
ABC-SMC,3663606.21761658,10.84392429015797,21212280.0,62.78632164001465,6.2509661059615445,24.42090220462012,16683.093003859012,27.631021114931727,8.793113763224243,9.972219527615422,9.284145961990196,9.828240592998718,30,0,False,42
ABC-SMC,3666922.279792746,10.849109214822246,21231480.0,62.8163423538208,6.2509661059615445,24.42090220462012,16683.093003859012,27.631021114931727,8.793113763224243,9.972219527615422,9.284145961990196,9.828240592998718,30,0,False,42
ABC-SMC,3651319.587628866,10.798261665396673,21250680.0,62.84588289260864,6.2509661059615445,24.42090220462012,16683.093003859012,27.631021114931727,8.793113763224243,9.972219527615422,9.284145961990196,9.828240592998718,30,0,False,42
ABC-SMC,3654618.556701031,10.803443418745323,21269880.0,62.87604069709778,6.2509661059615445,24.42090220462012,16683.093003859012,27.631021114931727,8.793113763224243,9.972219527615422,9.284145961990196,9.828240592998718,30,0,False,42
ABC-SMC,3657917.525773196,10.808506085700595,21289080.0,62.905505418777466,6.2509661059615445,24.42090220462012,16683.093003859012,27.631021114931727,8.793113763224243,9.972219527615422,9.284145961990196,9.828240592998718,30,0,False,42
ABC-SMC,3661216.494845361,10.813730484021898,21308280.0,62.935911417007446,6.2509661059615445,24.42090220462012,16683.093003859012,27.631021114931727,8.793113763224243,9.972219527615422,9.284145961990196,9.828240592998718,30,0,False,42
ABC-SMC,3664515.463917526,10.818792495530905,21327480.0,62.96537232398987,6.2509661059615445,24.42090220462012,16683.093003859012,27.631021114931727,8.793113763224243,9.972219527615422,9.284145961990196,9.828240592998718,30,0,False,42
ABC-SMC,3667814.432989691,10.824038318752013,21346680.0,62.99590301513672,6.2509661059615445,24.42090220462012,16683.093003859012,27.631021114931727,8.793113763224243,9.972219527615422,9.284145961990196,9.828240592998718,30,0,False,42
ABC-SMC,3671113.4020618554,10.82909520958707,21365880.0,63.02533411979675,6.2509661059615445,24.42090220462012,16683.093003859012,27.631021114931727,8.793113763224243,9.972219527615422,9.284145961990196,9.828240592998718,30,0,False,42
ABC-SMC,3674412.371134021,10.83427720872807,21385080.0,63.05549335479736,6.2509661059615445,24.42090220462012,16683.093003859012,27.631021114931727,8.793113763224243,9.972219527615422,9.284145961990196,9.828240592998718,30,0,False,42
ABC-SMC,3677711.3402061854,10.839375802331775,21404280.0,63.08516716957092,6.2509661059615445,24.42090220462012,16683.093003859012,27.631021114931727,8.793113763224243,9.972219527615422,9.284145961990196,9.828240592998718,30,0,False,42
ABC-SMC,3681010.309278351,10.844574228594803,21423480.0,63.11542201042175,6.2509661059615445,24.42090220462012,16683.093003859012,27.631021114931727,8.793113763224243,9.972219527615422,9.284145961990196,9.828240592998718,30,0,False,42
ABC-SMC,3684309.2783505153,10.849676427152968,21442680.0,63.14511680603027,6.2509661059615445,24.42090220462012,16683.093003859012,27.631021114931727,8.793113763224243,9.972219527615422,9.284145961990196,9.828240592998718,30,0,False,42
ABC-SMC,3687608.2474226807,10.8548733786619,21461880.0,63.175363063812256,6.2509661059615445,24.42090220462012,16683.093003859012,27.631021114931727,8.793113763224243,9.972219527615422,9.284145961990196,9.828240592998718,30,0,False,42
ABC-SMC,3690907.216494845,10.859964270771984,21481080.0,63.204992055892944,6.2509661059615445,24.42090220462012,16683.093003859012,27.631021114931727,8.793113763224243,9.972219527615422,9.284145961990196,9.828240592998718,30,0,False,42
ABC-SMC,3694206.18556701,10.865152824375638,21500280.0,63.23518943786621,6.2509661059615445,24.42090220462012,16683.093003859012,27.631021114931727,8.793113763224243,9.972219527615422,9.284145961990196,9.828240592998718,30,0,False,42
ABC-SMC,3697505.154639175,10.870213279199763,21519480.0,63.26464128494263,6.2509661059615445,24.42090220462012,16683.093003859012,27.631021114931727,8.793113763224243,9.972219527615422,9.284145961990196,9.828240592998718,30,0,False,42
ABC-SMC,3700804.12371134,10.875405069069354,21538680.0,63.29485750198364,6.2509661059615445,24.42090220462012,16683.093003859012,27.631021114931727,8.793113763224243,9.972219527615422,9.284145961990196,9.828240592998718,30,0,False,42
ABC-SMC,3704103.092783505,10.880430949102971,21557880.0,63.3241081237793,6.2509661059615445,24.42090220462012,16683.093003859012,27.631021114931727,8.793113763224243,9.972219527615422,9.284145961990196,9.828240592998718,30,0,False,42
ABC-SMC,3707402.06185567,10.885664032087293,21577080.0,63.35456466674805,6.2509661059615445,24.42090220462012,16683.093003859012,27.631021114931727,8.793113763224243,9.972219527615422,9.284145961990196,9.828240592998718,30,0,False,42
ABC-SMC,3691671.794871794,10.834837734189806,21596280.0,63.383800745010376,6.2509661059615445,24.42090220462012,16683.093003859012,27.631021114931727,8.793113763224243,9.972219527615422,9.284145961990196,9.828240592998718,30,0,False,42
ABC-SMC,3694953.8461538455,10.840030327821387,21615480.0,63.41417741775513,6.2509661059615445,24.42090220462012,16683.093003859012,27.631021114931727,8.793113763224243,9.972219527615422,9.284145961990196,9.828240592998718,30,0,False,42
ABC-SMC,3698235.8974358966,10.84503956330128,21634680.0,63.4434814453125,6.2509661059615445,24.42090220462012,16683.093003859012,27.631021114931727,8.793113763224243,9.972219527615422,9.284145961990196,9.828240592998718,30,0,False,42
ABC-SMC,3701517.948717948,10.850175629314192,21653880.0,63.47352743148804,6.2509661059615445,24.42090220462012,16683.093003859012,27.631021114931727,8.793113763224243,9.972219527615422,9.284145961990196,9.828240592998718,30,0,False,42
ABC-SMC,3704799.999999999,10.855223786117682,21673080.0,63.50305914878845,6.2509661059615445,24.42090220462012,16683.093003859012,27.631021114931727,8.793113763224243,9.972219527615422,9.284145961990196,9.828240592998718,30,0,False,42
ABC-SMC,3708082.0512820506,10.86039005181728,21692280.0,63.5332818031311,6.2509661059615445,24.42090220462012,16683.093003859012,27.631021114931727,8.793113763224243,9.972219527615422,9.284145961990196,9.828240592998718,30,0,False,42
ABC-SMC,3711364.102564102,10.865544213189018,21711480.0,63.56343364715576,6.2509661059615445,24.42090220462012,16683.093003859012,27.631021114931727,8.793113763224243,9.972219527615422,9.284145961990196,9.828240592998718,30,0,False,42
ABC-SMC,3714646.153846153,10.870709093207985,21730680.0,63.593648195266724,6.2509661059615445,24.42090220462012,16683.093003859012,27.631021114931727,8.793113763224243,9.972219527615422,9.284145961990196,9.828240592998718,30,0,False,42
ABC-SMC,3717928.2051282045,10.875819401863293,21749880.0,63.62354350090027,6.2509661059615445,24.42090220462012,16683.093003859012,27.631021114931727,8.793113763224243,9.972219527615422,9.284145961990196,9.828240592998718,30,0,False,42
ABC-SMC,3721210.2564102556,10.880939247261763,21769080.0,63.65349459648132,6.2509661059615445,24.42090220462012,16683.093003859012,27.631021114931727,8.793113763224243,9.972219527615422,9.284145961990196,9.828240592998718,30,0,False,42
ABC-SMC,3724492.307692307,10.885979171492094,21788280.0,63.68297815322876,6.2509661059615445,24.42090220462012,16683.093003859012,27.631021114931727,8.793113763224243,9.972219527615422,9.284145961990196,9.828240592998718,30,0,False,42
ABC-SMC,3727774.3589743585,10.891116623185638,21807480.0,63.713032245635986,6.2509661059615445,24.42090220462012,16683.093003859012,27.631021114931727,8.793113763224243,9.972219527615422,9.284145961990196,9.828240592998718,30,0,False,42
ABC-SMC,3731056.41025641,10.896144443088106,21826680.0,63.74244499206543,6.2509661059615445,24.42090220462012,16683.093003859012,27.631021114931727,8.793113763224243,9.972219527615422,9.284145961990196,9.828240592998718,30,0,False,42
ABC-SMC,3734338.461538461,10.901313724680842,21845880.0,63.772685289382935,6.2509661059615445,24.42090220462012,16683.093003859012,27.631021114931727,8.793113763224243,9.972219527615422,9.284145961990196,9.828240592998718,30,0,False,42
ABC-SMC,3737620.5128205125,10.906356705559624,21865080.0,63.802186727523804,6.2509661059615445,24.42090220462012,16683.093003859012,27.631021114931727,8.793113763224243,9.972219527615422,9.284145961990196,9.828240592998718,30,0,False,42
ABC-SMC,3740902.5641025635,10.91156177031688,21884280.0,63.83263635635376,6.2509661059615445,24.42090220462012,16683.093003859012,27.631021114931727,8.793113763224243,9.972219527615422,9.284145961990196,9.828240592998718,30,0,False,42
ABC-SMC,3744184.615384615,10.916609112014118,21903480.0,63.86216330528259,6.2509661059615445,24.42090220462012,16683.093003859012,27.631021114931727,8.793113763224243,9.972219527615422,9.284145961990196,9.828240592998718,30,0,False,42
ABC-SMC,3747466.666666666,10.921726675115078,21922680.0,63.89210104942322,6.2509661059615445,24.42090220462012,16683.093003859012,27.631021114931727,8.793113763224243,9.972219527615422,9.284145961990196,9.828240592998718,30,0,False,42
ABC-SMC,3750748.7179487175,10.926764317047901,21941880.0,63.921571254730225,6.2509661059615445,24.42090220462012,16683.093003859012,27.631021114931727,8.793113763224243,9.972219527615422,9.284145961990196,9.828240592998718,30,0,False,42
ABC-SMC,3754030.769230769,10.931885548127001,21961080.0,63.95153045654297,6.2509661059615445,24.42090220462012,16683.093003859012,27.631021114931727,8.793113763224243,9.972219527615422,9.284145961990196,9.828240592998718,30,0,False,42
ABC-SMC,3757312.82051282,10.936971851903147,21980280.0,63.98128533363342,6.2509661059615445,24.42090220462012,16683.093003859012,27.631021114931727,8.793113763224243,9.972219527615422,9.284145961990196,9.828240592998718,30,0,False,42
ABC-SMC,3760594.8717948715,10.942091452769743,21999480.0,64.011234998703,6.2509661059615445,24.42090220462012,16683.093003859012,27.631021114931727,8.793113763224243,9.972219527615422,9.284145961990196,9.828240592998718,30,0,False,42
ABC-SMC,3763876.9230769225,10.947170868898048,22018680.0,64.04094958305359,6.2509661059615445,24.42090220462012,16683.093003859012,27.631021114931727,8.793113763224243,9.972219527615422,9.284145961990196,9.828240592998718,30,0,False,42
ABC-SMC,3747938.775510204,10.896431183328433,22037880.0,64.07101535797119,6.2509661059615445,24.42090220462012,16683.093003859012,27.631021114931727,8.793113763224243,9.972219527615422,9.284145961990196,9.828240592998718,30,0,False,42
ABC-SMC,3751204.081632653,10.901478683056474,22057080.0,64.10069465637207,6.2509661059615445,24.42090220462012,16683.093003859012,27.631021114931727,8.793113763224243,9.972219527615422,9.284145961990196,9.828240592998718,30,0,False,42
ABC-SMC,3754469.387755102,10.906595437705112,22076280.0,64.13078117370605,6.2509661059615445,24.42090220462012,16683.093003859012,27.631021114931727,8.793113763224243,9.972219527615422,9.284145961990196,9.828240592998718,30,0,False,42
ABC-SMC,3757734.693877551,10.911612161973707,22095480.0,64.1602795124054,6.2509661059615445,24.42090220462012,16683.093003859012,27.631021114931727,8.793113763224243,9.972219527615422,9.284145961990196,9.828240592998718,30,0,False,42
ABC-SMC,3761000.0,10.916797320048016,22114680.0,64.19076824188232,6.2509661059615445,24.42090220462012,16683.093003859012,27.631021114931727,8.793113763224243,9.972219527615422,9.284145961990196,9.828240592998718,30,0,False,42
ABC-SMC,3745157.3604060914,10.866389540851419,22133880.0,64.22036218643188,6.2509661059615445,24.42090220462012,16683.093003859012,27.631021114931727,8.793113763224243,9.972219527615422,9.284145961990196,9.828240592998718,30,0,False,42
ABC-SMC,3748406.0913705584,10.871541842994754,22153080.0,64.250812292099,6.2509661059615445,24.42090220462012,16683.093003859012,27.631021114931727,8.793113763224243,9.972219527615422,9.284145961990196,9.828240592998718,30,0,False,42
ABC-SMC,3751654.8223350253,10.87652600154457,22172280.0,64.28026866912842,6.2509661059615445,24.42090220462012,16683.093003859012,27.631021114931727,8.793113763224243,9.972219527615422,9.284145961990196,9.828240592998718,30,0,False,42
ABC-SMC,3754903.553299492,10.881600000733249,22191480.0,64.3102560043335,6.2509661059615445,24.42090220462012,16683.093003859012,27.631021114931727,8.793113763224243,9.972219527615422,9.284145961990196,9.828240592998718,30,0,False,42
ABC-SMC,3758152.284263959,10.886582061522303,22210680.0,64.3396999835968,6.2509661059615445,24.42090220462012,16683.093003859012,27.631021114931727,8.793113763224243,9.972219527615422,9.284145961990196,9.828240592998718,30,0,False,42
ABC-SMC,3761401.0152284265,10.891660135207847,22229880.0,64.36971139907837,6.2509661059615445,24.42090220462012,16683.093003859012,27.631021114931727,8.793113763224243,9.972219527615422,9.284145961990196,9.828240592998718,30,0,False,42
ABC-SMC,3764649.7461928935,10.896699803734792,22249080.0,64.39949584007263,6.2509661059615445,24.42090220462012,16683.093003859012,27.631021114931727,8.793113763224243,9.972219527615422,9.284145961990196,9.828240592998718,30,0,False,42
ABC-SMC,3767898.4771573604,10.901770010817476,22268280.0,64.42946076393127,6.2509661059615445,24.42090220462012,16683.093003859012,27.631021114931727,8.793113763224243,9.972219527615422,9.284145961990196,9.828240592998718,30,0,False,42
ABC-SMC,3771147.208121828,10.90680197410777,22287480.0,64.45919966697693,6.2509661059615445,24.42090220462012,16683.093003859012,27.631021114931727,8.793113763224243,9.972219527615422,9.284145961990196,9.828240592998718,30,0,False,42
ABC-SMC,3774395.9390862943,10.911865121418652,22306680.0,64.48912286758423,6.2509661059615445,24.42090220462012,16683.093003859012,27.631021114931727,8.793113763224243,9.972219527615422,9.284145961990196,9.828240592998718,30,0,False,42
ABC-SMC,3777644.670050761,10.91685726759599,22325880.0,64.51862645149231,6.2509661059615445,24.42090220462012,16683.093003859012,27.631021114931727,8.793113763224243,9.972219527615422,9.284145961990196,9.828240592998718,30,0,False,42
ABC-SMC,3780893.4010152286,10.922008924274477,22345080.0,64.54907274246216,6.2509661059615445,24.42090220462012,16683.093003859012,27.631021114931727,8.793113763224243,9.972219527615422,9.284145961990196,9.828240592998718,30,0,False,42
ABC-SMC,3784142.1319796955,10.927049924072678,22364280.0,64.57886505126953,6.2509661059615445,24.42090220462012,16683.093003859012,27.631021114931727,8.793113763224243,9.972219527615422,9.284145961990196,9.828240592998718,30,0,False,42
ABC-SMC,3787390.8629441625,10.932177295136169,22383480.0,64.60916781425476,6.2509661059615445,24.42090220462012,16683.093003859012,27.631021114931727,8.793113763224243,9.972219527615422,9.284145961990196,9.828240592998718,30,0,False,42
ABC-SMC,3790639.59390863,10.937151812054784,22402680.0,64.63856720924377,6.2509661059615445,24.42090220462012,16683.093003859012,27.631021114931727,8.793113763224243,9.972219527615422,9.284145961990196,9.828240592998718,30,0,False,42
ABC-SMC,3793888.3248730963,10.94226502323312,22421880.0,64.66878628730774,6.2509661059615445,24.42090220462012,16683.093003859012,27.631021114931727,8.793113763224243,9.972219527615422,9.284145961990196,9.828240592998718,30,0,False,42
ABC-SMC,3797137.0558375632,10.947258662047927,22441080.0,64.69829869270325,6.2509661059615445,24.42090220462012,16683.093003859012,27.631021114931727,8.793113763224243,9.972219527615422,9.284145961990196,9.828240592998718,30,0,False,42
ABC-SMC,3800385.7868020306,10.95234698248797,22460280.0,64.7283706665039,6.2509661059615445,24.42090220462012,16683.093003859012,27.631021114931727,8.793113763224243,9.972219527615422,9.284145961990196,9.828240592998718,30,0,False,42
ABC-SMC,3803634.5177664976,10.957322023846775,22479480.0,64.75777316093445,6.2509661059615445,24.42090220462012,16683.093003859012,27.631021114931727,8.793113763224243,9.972219527615422,9.284145961990196,9.828240592998718,30,0,False,42
ABC-SMC,3806883.2487309645,10.962408972674012,22498680.0,64.78783702850342,6.2509661059615445,24.42090220462012,16683.093003859012,27.631021114931727,8.793113763224243,9.972219527615422,9.284145961990196,9.828240592998718,30,0,False,42
ABC-SMC,3810131.9796954314,10.967434642682019,22517880.0,64.81753873825073,6.2509661059615445,24.42090220462012,16683.093003859012,27.631021114931727,8.793113763224243,9.972219527615422,9.284145961990196,9.828240592998718,30,0,False,42
ABC-SMC,3813380.7106598984,10.972493392763607,22537080.0,64.84743595123291,6.2509661059615445,24.42090220462012,16683.093003859012,27.631021114931727,8.793113763224243,9.972219527615422,9.284145961990196,9.828240592998718,30,0,False,42
ABC-SMC,3816629.4416243653,10.97757328181904,22556280.0,64.87745809555054,6.2509661059615445,24.42090220462012,16683.093003859012,27.631021114931727,8.793113763224243,9.972219527615422,9.284145961990196,9.828240592998718,30,0,False,42
ABC-SMC,3819878.1725888327,10.982639010989322,22575480.0,64.9073965549469,6.2509661059615445,24.42090220462012,16683.093003859012,27.631021114931727,8.793113763224243,9.972219527615422,9.284145961990196,9.828240592998718,30,0,False,42
ABC-SMC,3823126.9035532996,10.987611228439409,22594680.0,64.9367823600769,6.2509661059615445,24.42090220462012,16683.093003859012,27.631021114931727,8.793113763224243,9.972219527615422,9.284145961990196,9.828240592998718,30,0,False,42
ABC-SMC,3826375.6345177665,10.992664371045107,22613880.0,64.96664643287659,6.2509661059615445,24.42090220462012,16683.093003859012,27.631021114931727,8.793113763224243,9.972219527615422,9.284145961990196,9.828240592998718,30,0,False,42
ABC-SMC,3829624.3654822335,10.997664908265504,22633080.0,64.99619960784912,6.2509661059615445,24.42090220462012,16683.093003859012,27.631021114931727,8.793113763224243,9.972219527615422,9.284145961990196,9.828240592998718,30,0,False,42
ABC-SMC,3832873.0964467004,11.002836332305032,22652280.0,65.02676272392273,6.2509661059615445,24.42090220462012,16683.093003859012,27.631021114931727,8.793113763224243,9.972219527615422,9.284145961990196,9.828240592998718,30,0,False,42
ABC-SMC,3836121.8274111673,11.00780592755416,22671480.0,65.05613303184509,6.2509661059615445,24.42090220462012,16683.093003859012,27.631021114931727,8.793113763224243,9.972219527615422,9.284145961990196,9.828240592998718,30,0,False,42
ABC-SMC,3819979.797979798,10.957341964798745,22690680.0,65.08661127090454,6.2509661059615445,24.42090220462012,16683.093003859012,27.631021114931727,8.793113763224243,9.972219527615422,9.284145961990196,9.828240592998718,30,0,False,42
ABC-SMC,3823212.121212121,10.962294047127669,22709880.0,65.11602663993835,6.2509661059615445,24.42090220462012,16683.093003859012,27.631021114931727,8.793113763224243,9.972219527615422,9.284145961990196,9.828240592998718,30,0,False,42
ABC-SMC,3826444.4444444445,10.967338847792911,22729080.0,65.14599275588989,6.2509661059615445,24.42090220462012,16683.093003859012,27.631021114931727,8.793113763224243,9.972219527615422,9.284145961990196,9.828240592998718,30,0,False,42
ABC-SMC,3829676.767676768,10.97227900919288,22748280.0,65.17533731460571,6.2509661059615445,24.42090220462012,16683.093003859012,27.631021114931727,8.793113763224243,9.972219527615422,9.284145961990196,9.828240592998718,30,0,False,42
ABC-SMC,3832909.090909091,10.977326940607142,22767480.0,65.20532202720642,6.2509661059615445,24.42090220462012,16683.093003859012,27.631021114931727,8.793113763224243,9.972219527615422,9.284145961990196,9.828240592998718,30,0,False,42
ABC-SMC,3836141.414141414,10.98235026754514,22786680.0,65.23516058921814,6.2509661059615445,24.42090220462012,16683.093003859012,27.631021114931727,8.793113763224243,9.972219527615422,9.284145961990196,9.828240592998718,30,0,False,42
ABC-SMC,3839373.737373737,10.987422803435663,22805880.0,65.26529145240784,6.2509661059615445,24.42090220462012,16683.093003859012,27.631021114931727,8.793113763224243,9.972219527615422,9.284145961990196,9.828240592998718,30,0,False,42
ABC-SMC,3842606.0606060605,10.99245488041579,22825080.0,65.2951819896698,6.2509661059615445,24.42090220462012,16683.093003859012,27.631021114931727,8.793113763224243,9.972219527615422,9.284145961990196,9.828240592998718,30,0,False,42
ABC-SMC,3845838.383838384,10.99749121200356,22844280.0,65.32509779930115,6.2509661059615445,24.42090220462012,16683.093003859012,27.631021114931727,8.793113763224243,9.972219527615422,9.284145961990196,9.828240592998718,30,0,False,42
ABC-SMC,3849070.7070707073,11.00248331172699,22863480.0,65.35475087165833,6.2509661059615445,24.42090220462012,16683.093003859012,27.631021114931727,8.793113763224243,9.972219527615422,9.284145961990196,9.828240592998718,30,0,False,42
ABC-SMC,3852303.0303030303,11.007547699642503,22882680.0,65.38483333587646,6.2509661059615445,24.42090220462012,16683.093003859012,27.631021114931727,8.793113763224243,9.972219527615422,9.284145961990196,9.828240592998718,30,0,False,42
ABC-SMC,3855535.353535353,11.012488422971783,22901880.0,65.41418123245239,6.2509661059615445,24.42090220462012,16683.093003859012,27.631021114931727,8.793113763224243,9.972219527615422,9.284145961990196,9.828240592998718,30,0,False,42
ABC-SMC,3858767.6767676766,11.017604789348564,22921080.0,65.44457244873047,6.2509661059615445,24.42090220462012,16683.093003859012,27.631021114931727,8.793113763224243,9.972219527615422,9.284145961990196,9.828240592998718,30,0,False,42
ABC-SMC,3862000.0,11.022553219136967,22940280.0,65.47396612167358,6.2509661059615445,24.42090220462012,16683.093003859012,27.631021114931727,8.793113763224243,9.972219527615422,9.284145961990196,9.828240592998718,30,0,False,42
ABC-SMC,3865232.3232323234,11.027693668198506,22959480.0,65.50450038909912,6.2509661059615445,24.42090220462012,16683.093003859012,27.631021114931727,8.793113763224243,9.972219527615422,9.284145961990196,9.828240592998718,30,0,False,42
ABC-SMC,3868464.646464647,11.032714948108302,22978680.0,65.5343267917633,6.2509661059615445,24.42090220462012,16683.093003859012,27.631021114931727,8.793113763224243,9.972219527615422,9.284145961990196,9.828240592998718,30,0,False,42
ABC-SMC,3871696.9696969697,11.03783312068644,22997880.0,65.56472873687744,6.2509661059615445,24.42090220462012,16683.093003859012,27.631021114931727,8.793113763224243,9.972219527615422,9.284145961990196,9.828240592998718,30,0,False,42
ABC-SMC,3874929.2929292927,11.04279379250626,23017080.0,65.59419512748718,6.2509661059615445,24.42090220462012,16683.093003859012,27.631021114931727,8.793113763224243,9.972219527615422,9.284145961990196,9.828240592998718,30,0,False,42
ABC-SMC,3878161.616161616,11.047874717198638,23036280.0,65.62437582015991,6.2509661059615445,24.42090220462012,16683.093003859012,27.631021114931727,8.793113763224243,9.972219527615422,9.284145961990196,9.828240592998718,30,0,False,42
ABC-SMC,3881393.9393939395,11.05287512544831,23055480.0,65.65407824516296,6.2509661059615445,24.42090220462012,16683.093003859012,27.631021114931727,8.793113763224243,9.972219527615422,9.284145961990196,9.828240592998718,30,0,False,42
ABC-SMC,3884626.262626263,11.05792189286614,23074680.0,65.68405604362488,6.2509661059615445,24.42090220462012,16683.093003859012,27.631021114931727,8.793113763224243,9.972219527615422,9.284145961990196,9.828240592998718,30,0,False,42
ABC-SMC,3887858.585858586,11.062915718515313,23093880.0,65.71371936798096,6.2509661059615445,24.42090220462012,16683.093003859012,27.631021114931727,8.793113763224243,9.972219527615422,9.284145961990196,9.828240592998718,30,0,False,42
ABC-SMC,3891090.909090909,11.067970633908153,23113080.0,65.74374556541443,6.2509661059615445,24.42090220462012,16683.093003859012,27.631021114931727,8.793113763224243,9.972219527615422,9.284145961990196,9.828240592998718,30,0,False,42
ABC-SMC,3894323.232323232,11.072900841131757,23132280.0,65.77303099632263,6.2509661059615445,24.42090220462012,16683.093003859012,27.631021114931727,8.793113763224243,9.972219527615422,9.284145961990196,9.828240592998718,30,0,False,42
ABC-SMC,3897555.5555555555,11.077945922761653,23151480.0,65.80299878120422,6.2509661059615445,24.42090220462012,16683.093003859012,27.631021114931727,8.793113763224243,9.972219527615422,9.284145961990196,9.828240592998718,30,0,False,42
ABC-SMC,3900787.878787879,11.082898045228387,23170680.0,65.83241438865662,6.2509661059615445,24.42090220462012,16683.093003859012,27.631021114931727,8.793113763224243,9.972219527615422,9.284145961990196,9.828240592998718,30,0,False,42
ABC-SMC,3904020.202020202,11.088039256908274,23189880.0,65.86295318603516,6.2509661059615445,24.42090220462012,16683.093003859012,27.631021114931727,8.793113763224243,9.972219527615422,9.284145961990196,9.828240592998718,30,0,False,42
ABC-SMC,3907252.525252525,11.092968420548871,23209080.0,65.8922324180603,6.2509661059615445,24.42090220462012,16683.093003859012,27.631021114931727,8.793113763224243,9.972219527615422,9.284145961990196,9.828240592998718,30,0,False,42
ABC-SMC,3910484.8484848486,11.098067286841395,23228280.0,65.92251968383789,6.2509661059615445,24.42090220462012,16683.093003859012,27.631021114931727,8.793113763224243,9.972219527615422,9.284145961990196,9.828240592998718,30,0,False,42
ABC-SMC,3913717.171717172,11.102987740577673,23247480.0,65.95174717903137,6.2509661059615445,24.42090220462012,16683.093003859012,27.631021114931727,8.793113763224243,9.972219527615422,9.284145961990196,9.828240592998718,30,0,False,42
ABC-SMC,3916949.494949495,11.108016044603856,23266680.0,65.9816153049469,6.2509661059615445,24.42090220462012,16683.093003859012,27.631021114931727,8.793113763224243,9.972219527615422,9.284145961990196,9.828240592998718,30,0,False,42
ABC-SMC,3920181.818181818,11.1129363377889,23285880.0,66.01084184646606,6.2509661059615445,24.42090220462012,16683.093003859012,27.631021114931727,8.793113763224243,9.972219527615422,9.284145961990196,9.828240592998718,30,0,False,42
ABC-SMC,3923414.1414141413,11.118016098484848,23305080.0,66.041015625,6.2509661059615445,24.42090220462012,16683.093003859012,27.631021114931727,8.793113763224243,9.972219527615422,9.284145961990196,9.828240592998718,30,0,False,42
ABC-SMC,3926646.4646464647,11.123009281929093,23324280.0,66.07067513465881,6.2509661059615445,24.42090220462012,16683.093003859012,27.631021114931727,8.793113763224243,9.972219527615422,9.284145961990196,9.828240592998718,30,0,False,42
ABC-SMC,3929878.787878788,11.128081576992768,23343480.0,66.10080456733704,6.2509661059615445,24.42090220462012,16683.093003859012,27.631021114931727,8.793113763224243,9.972219527615422,9.284145961990196,9.828240592998718,30,0,False,42
ABC-SMC,3933111.1111111115,11.133069261557326,23362680.0,66.13043141365051,6.2509661059615445,24.42090220462012,16683.093003859012,27.631021114931727,8.793113763224243,9.972219527615422,9.284145961990196,9.828240592998718,30,0,False,42
ABC-SMC,3936343.4343434344,11.138134773331458,23381880.0,66.16052055358887,6.2509661059615445,24.42090220462012,16683.093003859012,27.631021114931727,8.793113763224243,9.972219527615422,9.284145961990196,9.828240592998718,30,0,False,42
ABC-SMC,3939575.7575757573,11.143069837229822,23401080.0,66.18983483314514,6.2509661059615445,24.42090220462012,16683.093003859012,27.631021114931727,8.793113763224243,9.972219527615422,9.284145961990196,9.828240592998718,30,0,False,42
ABC-SMC,3942808.0808080807,11.14816721842345,23420280.0,66.2201132774353,6.2509661059615445,24.42090220462012,16683.093003859012,27.631021114931727,8.793113763224243,9.972219527615422,9.284145961990196,9.828240592998718,30,0,False,42
ABC-SMC,3946040.404040404,11.15313455311939,23439480.0,66.24961924552917,6.2509661059615445,24.42090220462012,16683.093003859012,27.631021114931727,8.793113763224243,9.972219527615422,9.284145961990196,9.828240592998718,30,0,False,42
ABC-SMC,3949272.7272727275,11.158269543439049,23458680.0,66.28012108802795,6.2509661059615445,24.42090220462012,16683.093003859012,27.631021114931727,8.793113763224243,9.972219527615422,9.284145961990196,9.828240592998718,30,0,False,42
ABC-SMC,3952505.0505050505,11.163706249660915,23477880.0,66.31241512298584,6.2509661059615445,24.42090220462012,16683.093003859012,27.631021114931727,8.793113763224243,9.972219527615422,9.284145961990196,9.828240592998718,30,0,False,42
ABC-SMC,3955737.373737374,11.168922438766018,23497080.0,66.34339928627014,6.2509661059615445,24.42090220462012,16683.093003859012,27.631021114931727,8.793113763224243,9.972219527615422,9.284145961990196,9.828240592998718,30,0,False,42
ABC-SMC,3958969.696969697,11.17398176931773,23516280.0,66.37345170974731,6.2509661059615445,24.42090220462012,16683.093003859012,27.631021114931727,8.793113763224243,9.972219527615422,9.284145961990196,9.828240592998718,30,0,False,42
ABC-SMC,3942291.4572864315,11.122940972422434,23535480.0,66.40395760536194,6.2509661059615445,24.42090220462012,16683.093003859012,27.631021114931727,8.793113763224243,9.972219527615422,9.284145961990196,9.828240592998718,30,0,False,42
ABC-SMC,3945507.5376884416,11.12797192393036,23554680.0,66.43399238586426,6.2509661059615445,24.42090220462012,16683.093003859012,27.631021114931727,8.793113763224243,9.972219527615422,9.284145961990196,9.828240592998718,30,0,False,42
ABC-SMC,3948723.6180904517,11.13310163743931,23573880.0,66.4646167755127,6.2509661059615445,24.42090220462012,16683.093003859012,27.631021114931727,8.793113763224243,9.972219527615422,9.284145961990196,9.828240592998718,30,0,False,42
ABC-SMC,3951939.6984924613,11.138169969146574,23593080.0,66.49487471580505,6.2509661059615445,24.42090220462012,16683.093003859012,27.631021114931727,8.793113763224243,9.972219527615422,9.284145961990196,9.828240592998718,30,0,False,42
ABC-SMC,3955155.778894472,11.143322166685682,23612280.0,66.52563333511353,6.2509661059615445,24.42090220462012,16683.093003859012,27.631021114931727,8.793113763224243,9.972219527615422,9.284145961990196,9.828240592998718,30,0,False,42
ABC-SMC,3958371.859296482,11.148458789141731,23631480.0,66.55629897117615,6.2509661059615445,24.42090220462012,16683.093003859012,27.631021114931727,8.793113763224243,9.972219527615422,9.284145961990196,9.828240592998718,30,0,False,42
ABC-SMC,3961587.9396984917,11.153599405208821,23650680.0,66.58698844909668,6.2509661059615445,24.42090220462012,16683.093003859012,27.631021114931727,8.793113763224243,9.972219527615422,9.284145961990196,9.828240592998718,30,0,False,42
ABC-SMC,3964804.020100502,11.158609070769904,23669880.0,66.61689615249634,6.2509661059615445,24.42090220462012,16683.093003859012,27.631021114931727,8.793113763224243,9.972219527615422,9.284145961990196,9.828240592998718,30,0,False,42
ABC-SMC,3968020.100502512,11.163711787468223,23689080.0,66.6473593711853,6.2509661059615445,24.42090220462012,16683.093003859012,27.631021114931727,8.793113763224243,9.972219527615422,9.284145961990196,9.828240592998718,30,0,False,42
ABC-SMC,3971236.180904522,11.168751445048215,23708280.0,66.67744612693787,6.2509661059615445,24.42090220462012,16683.093003859012,27.631021114931727,8.793113763224243,9.972219527615422,9.284145961990196,9.828240592998718,30,0,False,42
ABC-SMC,3974452.2613065317,11.173918299139842,23727480.0,66.70829224586487,6.2509661059615445,24.42090220462012,16683.093003859012,27.631021114931727,8.793113763224243,9.972219527615422,9.284145961990196,9.828240592998718,30,0,False,42
ABC-SMC,3957780.0,11.12305482228597,23746680.0,66.73832893371582,6.2509661059615445,24.42090220462012,16683.093003859012,27.631021114931727,8.793113763224243,9.972219527615422,9.284145961990196,9.828240592998718,30,0,False,42
ABC-SMC,3960980.0,11.128221591313679,23765880.0,66.76932954788208,6.2509661059615445,24.42090220462012,16683.093003859012,27.631021114931727,8.793113763224243,9.972219527615422,9.284145961990196,9.828240592998718,30,0,False,42
ABC-SMC,3964180.0,11.133233666419983,23785080.0,66.7994019985199,6.2509661059615445,24.42090220462012,16683.093003859012,27.631021114931727,8.793113763224243,9.972219527615422,9.284145961990196,9.828240592998718,30,0,False,42
ABC-SMC,3967380.0,11.138333717981974,23804280.0,66.83000230789185,6.2509661059615445,24.42090220462012,16683.093003859012,27.631021114931727,8.793113763224243,9.972219527615422,9.284145961990196,9.828240592998718,30,0,False,42
ABC-SMC,3970580.0,11.143333514531454,23823480.0,66.86000108718872,6.2509661059615445,24.42090220462012,16683.093003859012,27.631021114931727,8.793113763224243,9.972219527615422,9.284145961990196,9.828240592998718,30,0,False,42
ABC-SMC,3973780.0,11.148414731025696,23842680.0,66.89048838615417,6.2509661059615445,24.42090220462012,16683.093003859012,27.631021114931727,8.793113763224243,9.972219527615422,9.284145961990196,9.828240592998718,30,0,False,42
ABC-SMC,3976980.0,11.15346626440684,23861880.0,66.92079758644104,6.2509661059615445,24.42090220462012,16683.093003859012,27.631021114931727,8.793113763224243,9.972219527615422,9.284145961990196,9.828240592998718,30,0,False,42
ABC-SMC,3980180.0,11.15855610370636,23881080.0,66.95133662223816,6.2509661059615445,24.42090220462012,16683.093003859012,27.631021114931727,8.793113763224243,9.972219527615422,9.284145961990196,9.828240592998718,30,0,False,42
ABC-SMC,3983380.0,11.163603385289509,23900280.0,66.98162031173706,6.2509661059615445,24.42090220462012,16683.093003859012,27.631021114931727,8.793113763224243,9.972219527615422,9.284145961990196,9.828240592998718,30,0,False,42
ABC-SMC,3986580.0,11.16870379447937,23919480.0,67.01222276687622,6.2509661059615445,24.42090220462012,16683.093003859012,27.631021114931727,8.793113763224243,9.972219527615422,9.284145961990196,9.828240592998718,30,0,False,42
ABC-SMC,3989780.0,11.173690875371298,23938680.0,67.04214525222778,6.2509661059615445,24.42090220462012,16683.093003859012,27.631021114931727,8.793113763224243,9.972219527615422,9.284145961990196,9.828240592998718,30,0,False,42
ABC-SMC,3992980.0,11.178776701291401,23957880.0,67.07266020774841,6.2509661059615445,24.42090220462012,16683.093003859012,27.631021114931727,8.793113763224243,9.972219527615422,9.284145961990196,9.828240592998718,30,0,False,42
ABC-SMC,3996180.0,11.18376859029134,23977080.0,67.10261154174805,6.2509661059615445,24.42090220462012,16683.093003859012,27.631021114931727,8.793113763224243,9.972219527615422,9.284145961990196,9.828240592998718,30,0,False,42
ABC-SMC,3999380.0,11.188924590746563,23996280.0,67.13354754447937,6.2509661059615445,24.42090220462012,16683.093003859012,27.631021114931727,8.793113763224243,9.972219527615422,9.284145961990196,9.828240592998718,30,0,False,42
ABC-SMC,4002580.0,11.193915804227194,24015480.0,67.16349482536316,6.2509661059615445,24.42090220462012,16683.093003859012,27.631021114931727,8.793113763224243,9.972219527615422,9.284145961990196,9.828240592998718,30,0,False,42
ABC-SMC,4005780.0,11.199045618375143,24034680.0,67.19427371025085,6.2509661059615445,24.42090220462012,16683.093003859012,27.631021114931727,8.793113763224243,9.972219527615422,9.284145961990196,9.828240592998718,30,0,False,42
ABC-SMC,4008980.0,11.204032897949219,24053880.0,67.22419738769531,6.2509661059615445,24.42090220462012,16683.093003859012,27.631021114931727,8.793113763224243,9.972219527615422,9.284145961990196,9.828240592998718,30,0,False,42
ABC-SMC,3992218.9054726367,11.153346191393597,24073080.0,67.2546775341034,6.2509661059615445,24.42090220462012,16683.093003859012,27.631021114931727,8.793113763224243,9.972219527615422,9.284145961990196,9.828240592998718,30,0,False,42
ABC-SMC,3995402.9850746267,11.158303162747158,24092280.0,67.28456807136536,6.2509661059615445,24.42090220462012,16683.093003859012,27.631021114931727,8.793113763224243,9.972219527615422,9.284145961990196,9.828240592998718,30,0,False,42
ABC-SMC,3998587.0646766173,11.163371198410616,24111480.0,67.31512832641602,6.2509661059615445,24.42090220462012,16683.093003859012,27.631021114931727,8.793113763224243,9.972219527615422,9.284145961990196,9.828240592998718,30,0,False,42
ABC-SMC,4001771.1442786073,11.168433777728485,24130680.0,67.34565567970276,6.2509661059615445,24.42090220462012,16683.093003859012,27.631021114931727,8.793113763224243,9.972219527615422,9.284145961990196,9.828240592998718,30,0,False,42
ABC-SMC,4004955.223880597,11.1734979385958,24149880.0,67.37619256973267,6.2509661059615445,24.42090220462012,16683.093003859012,27.631021114931727,8.793113763224243,9.972219527615422,9.284145961990196,9.828240592998718,30,0,False,42
ABC-SMC,3988297.02970297,11.123173228978322,24169080.0,67.40642976760864,6.2509661059615445,24.42090220462012,16683.093003859012,27.631021114931727,8.793113763224243,9.972219527615422,9.284145961990196,9.828240592998718,30,0,False,42
ABC-SMC,3991465.3465346526,11.128164557340513,24188280.0,67.43667721748352,6.2509661059615445,24.42090220462012,16683.093003859012,27.631021114931727,8.793113763224243,9.972219527615422,9.284145961990196,9.828240592998718,30,0,False,42
ABC-SMC,3994633.663366336,11.133017004913228,24207480.0,67.46608304977417,6.2509661059615445,24.42090220462012,16683.093003859012,27.631021114931727,8.793113763224243,9.972219527615422,9.284145961990196,9.828240592998718,30,0,False,42
ABC-SMC,3997801.980198019,11.138050076198262,24226680.0,67.49658346176147,6.2509661059615445,24.42090220462012,16683.093003859012,27.631021114931727,8.793113763224243,9.972219527615422,9.284145961990196,9.828240592998718,30,0,False,42
ABC-SMC,4000970.2970297025,11.143046007691435,24245880.0,67.52685880661011,6.2509661059615445,24.42090220462012,16683.093003859012,27.631021114931727,8.793113763224243,9.972219527615422,9.284145961990196,9.828240592998718,30,0,False,42
ABC-SMC,4004138.6138613857,11.148135929611254,24265080.0,67.55770373344421,6.2509661059615445,24.42090220462012,16683.093003859012,27.631021114931727,8.793113763224243,9.972219527615422,9.284145961990196,9.828240592998718,30,0,False,42
ABC-SMC,3987566.5024630534,11.098120326087587,24284280.0,67.58755278587341,6.2509661059615445,24.42090220462012,16683.093003859012,27.631021114931727,8.793113763224243,9.972219527615422,9.284145961990196,9.828240592998718,30,0,False,42
ABC-SMC,3990719.2118226592,11.103165717352002,24303480.0,67.6182792186737,6.2509661059615445,24.42090220462012,16683.093003859012,27.631021114931727,8.793113763224243,9.972219527615422,9.284145961990196,9.828240592998718,30,0,False,42
ABC-SMC,3974294.1176470593,11.053588927960865,24322680.0,67.64796423912048,6.2509661059615445,24.42090220462012,16683.093003859012,27.631021114931727,8.793113763224243,9.972219527615422,9.284145961990196,9.828240592998718,30,0,False,42
ABC-SMC,3977431.37254902,11.058548930423713,24341880.0,67.67831945419312,6.2509661059615445,24.42090220462012,16683.093003859012,27.631021114931727,8.793113763224243,9.972219527615422,9.284145961990196,9.828240592998718,30,0,False,42
ABC-SMC,3980568.6274509807,11.063395489275067,24361080.0,67.7079803943634,6.2509661059615445,24.42090220462012,16683.093003859012,27.631021114931727,8.793113763224243,9.972219527615422,9.284145961990196,9.828240592998718,30,0,False,42
ABC-SMC,3983705.8823529417,11.068335311864717,24380280.0,67.73821210861206,6.2509661059615445,24.42090220462012,16683.093003859012,27.631021114931727,8.793113763224243,9.972219527615422,9.284145961990196,9.828240592998718,30,0,False,42
ABC-SMC,3986843.1372549026,11.073258577608597,24399480.0,67.7683424949646,6.2509661059615445,24.42090220462012,16683.093003859012,27.631021114931727,8.793113763224243,9.972219527615422,9.284145961990196,9.828240592998718,30,0,False,42
ABC-SMC,3989980.392156863,11.078219709832686,24418680.0,67.79870462417603,6.2509661059615445,24.42090220462012,16683.093003859012,27.631021114931727,8.793113763224243,9.972219527615422,9.284145961990196,9.828240592998718,30,0,False,42
ABC-SMC,3993117.6470588245,11.08312937948439,24437880.0,67.82875180244446,6.2509661059615445,24.42090220462012,16683.093003859012,27.631021114931727,8.793113763224243,9.972219527615422,9.284145961990196,9.828240592998718,30,0,False,42
ABC-SMC,3996254.901960785,11.088117781807396,24457080.0,67.85928082466125,6.2509661059615445,24.42090220462012,16683.093003859012,27.631021114931727,8.793113763224243,9.972219527615422,9.284145961990196,9.828240592998718,30,0,False,42
ABC-SMC,3999392.1568627455,11.092998194538692,24476280.0,67.88914895057678,6.2509661059615445,24.42090220462012,16683.093003859012,27.631021114931727,8.793113763224243,9.972219527615422,9.284145961990196,9.828240592998718,30,0,False,42
ABC-SMC,4002529.4117647065,11.097995829738045,24495480.0,67.91973447799683,6.2509661059615445,24.42090220462012,16683.093003859012,27.631021114931727,8.793113763224243,9.972219527615422,9.284145961990196,9.828240592998718,30,0,False,42
ABC-SMC,4005666.6666666674,11.102842505461252,24514680.0,67.94939613342285,6.2509661059615445,24.42090220462012,16683.093003859012,27.631021114931727,8.793113763224243,9.972219527615422,9.284145961990196,9.828240592998718,30,0,False,42
ABC-SMC,4008803.921568628,11.107845360936683,24533880.0,67.9800136089325,6.2509661059615445,24.42090220462012,16683.093003859012,27.631021114931727,8.793113763224243,9.972219527615422,9.284145961990196,9.828240592998718,30,0,False,42
ABC-SMC,4011941.176470589,11.112711398430122,24553080.0,68.00979375839233,6.2509661059615445,24.42090220462012,16683.093003859012,27.631021114931727,8.793113763224243,9.972219527615422,9.284145961990196,9.828240592998718,30,0,False,42
ABC-SMC,4015078.4313725494,11.117699995539548,24572280.0,68.04032397270203,6.2509661059615445,24.42090220462012,16683.093003859012,27.631021114931727,8.793113763224243,9.972219527615422,9.284145961990196,9.828240592998718,30,0,False,42
ABC-SMC,4018215.6862745103,11.122561942518148,24591480.0,68.07007908821106,6.2509661059615445,24.42090220462012,16683.093003859012,27.631021114931727,8.793113763224243,9.972219527615422,9.284145961990196,9.828240592998718,30,0,False,42
ABC-SMC,4021352.9411764713,11.127489766264276,24610680.0,68.10023736953735,6.2509661059615445,24.42090220462012,16683.093003859012,27.631021114931727,8.793113763224243,9.972219527615422,9.284145961990196,9.828240592998718,30,0,False,42
ABC-SMC,4004858.5365853664,11.078032943291394,24629880.0,68.12990260124207,6.2509661059615445,24.42090220462012,16683.093003859012,27.631021114931727,8.793113763224243,9.972219527615422,9.284145961990196,9.828240592998718,30,0,False,42
ABC-SMC,4007980.4878048785,11.082954367971034,24649080.0,68.16016936302185,6.2509661059615445,24.42090220462012,16683.093003859012,27.631021114931727,8.793113763224243,9.972219527615422,9.284145961990196,9.828240592998718,30,0,False,42
ABC-SMC,4011102.439024391,11.087838692393731,24668280.0,68.19020795822144,6.2509661059615445,24.42090220462012,16683.093003859012,27.631021114931727,8.793113763224243,9.972219527615422,9.284145961990196,9.828240592998718,30,0,False,42
ABC-SMC,4014224.3902439033,11.092740927285297,24687480.0,68.22035670280457,6.2509661059615445,24.42090220462012,16683.093003859012,27.631021114931727,8.793113763224243,9.972219527615422,9.284145961990196,9.828240592998718,30,0,False,42
ABC-SMC,4017346.3414634154,11.097602883005532,24706680.0,68.25025773048401,6.2509661059615445,24.42090220462012,16683.093003859012,27.631021114931727,8.793113763224243,9.972219527615422,9.284145961990196,9.828240592998718,30,0,False,42
ABC-SMC,4000951.4563106797,11.048630950520339,24725880.0,68.2805392742157,6.2509661059615445,24.42090220462012,16683.093003859012,27.631021114931727,8.793113763224243,9.972219527615422,9.284145961990196,9.828240592998718,30,0,False,42
ABC-SMC,4004058.2524271845,11.053414213618801,24745080.0,68.31009984016418,6.2509661059615445,24.42090220462012,16683.093003859012,27.631021114931727,8.793113763224243,9.972219527615422,9.284145961990196,9.828240592998718,30,0,False,42
ABC-SMC,4007165.0485436893,11.058303183336475,24764280.0,68.34031367301941,6.2509661059615445,24.42090220462012,16683.093003859012,27.631021114931727,8.793113763224243,9.972219527615422,9.284145961990196,9.828240592998718,30,0,False,42
ABC-SMC,4010271.844660194,11.063138451005262,24783480.0,68.37019562721252,6.2509661059615445,24.42090220462012,16683.093003859012,27.631021114931727,8.793113763224243,9.972219527615422,9.284145961990196,9.828240592998718,30,0,False,42
ABC-SMC,4013378.640776699,11.068092349277732,24802680.0,68.40081071853638,6.2509661059615445,24.42090220462012,16683.093003859012,27.631021114931727,8.793113763224243,9.972219527615422,9.284145961990196,9.828240592998718,30,0,False,42
ABC-SMC,4016485.4368932038,11.072878158594026,24821880.0,68.43038702011108,6.2509661059615445,24.42090220462012,16683.093003859012,27.631021114931727,8.793113763224243,9.972219527615422,9.284145961990196,9.828240592998718,30,0,False,42
ABC-SMC,4019592.2330097086,11.077850304760979,24841080.0,68.46111488342285,6.2509661059615445,24.42090220462012,16683.093003859012,27.631021114931727,8.793113763224243,9.972219527615422,9.284145961990196,9.828240592998718,30,0,False,42
ABC-SMC,4022699.029126214,11.082622418511647,24860280.0,68.49060654640198,6.2509661059615445,24.42090220462012,16683.093003859012,27.631021114931727,8.793113763224243,9.972219527615422,9.284145961990196,9.828240592998718,30,0,False,42
ABC-SMC,4025805.8252427187,11.087545839328211,24879480.0,68.52103328704834,6.2509661059615445,24.42090220462012,16683.093003859012,27.631021114931727,8.793113763224243,9.972219527615422,9.284145961990196,9.828240592998718,30,0,False,42
ABC-SMC,4028912.6213592235,11.092424932807008,24898680.0,68.55118608474731,6.2509661059615445,24.42090220462012,16683.093003859012,27.631021114931727,8.793113763224243,9.972219527615422,9.284145961990196,9.828240592998718,30,0,False,42
ABC-SMC,4032019.417475728,11.097328523987706,24917880.0,68.58149027824402,6.2509661059615445,24.42090220462012,16683.093003859012,27.631021114931727,8.793113763224243,9.972219527615422,9.284145961990196,9.828240592998718,30,0,False,42
ABC-SMC,4035126.213592233,11.102196043749071,24937080.0,68.61157155036926,6.2509661059615445,24.42090220462012,16683.093003859012,27.631021114931727,8.793113763224243,9.972219527615422,9.284145961990196,9.828240592998718,30,0,False,42
ABC-SMC,4018724.6376811597,11.053448598741909,24956280.0,68.64191579818726,6.2509661059615445,24.42090220462012,16683.093003859012,27.631021114931727,8.793113763224243,9.972219527615422,9.284145961990196,9.828240592998718,30,0,False,42
ABC-SMC,4021816.4251207733,11.05827640220163,24975480.0,68.67189645767212,6.2509661059615445,24.42090220462012,16683.093003859012,27.631021114931727,8.793113763224243,9.972219527615422,9.284145961990196,9.828240592998718,30,0,False,42
ABC-SMC,4024908.2125603864,11.063142521561822,24994680.0,68.70211505889893,6.2509661059615445,24.42090220462012,16683.093003859012,27.631021114931727,8.793113763224243,9.972219527615422,9.284145961990196,9.828240592998718,30,0,False,42
ABC-SMC,4028000.0,11.067913004741577,25013880.0,68.73173975944519,6.2509661059615445,24.42090220462012,16683.093003859012,27.631021114931727,8.793113763224243,9.972219527615422,9.284145961990196,9.828240592998718,30,0,False,42
ABC-SMC,4031091.7874396136,11.072768182186305,25033080.0,68.76189041137695,6.2509661059615445,24.42090220462012,16683.093003859012,27.631021114931727,8.793113763224243,9.972219527615422,9.284145961990196,9.828240592998718,30,0,False,42
ABC-SMC,4034183.5748792267,11.077528913623853,25052280.0,68.79145455360413,6.2509661059615445,24.42090220462012,16683.093003859012,27.631021114931727,8.793113763224243,9.972219527615422,9.284145961990196,9.828240592998718,30,0,False,42
ABC-SMC,4037275.3623188403,11.082433387277208,25071480.0,68.82191133499146,6.2509661059615445,24.42090220462012,16683.093003859012,27.631021114931727,8.793113763224243,9.972219527615422,9.284145961990196,9.828240592998718,30,0,False,42
ABC-SMC,4040367.149758454,11.087195539244131,25090680.0,68.85148429870605,6.2509661059615445,24.42090220462012,16683.093003859012,27.631021114931727,8.793113763224243,9.972219527615422,9.284145961990196,9.828240592998718,30,0,False,42
ABC-SMC,4043458.937198068,11.092104927161273,25109880.0,68.88197159767151,6.2509661059615445,24.42090220462012,16683.093003859012,27.631021114931727,8.793113763224243,9.972219527615422,9.284145961990196,9.828240592998718,30,0,False,42
ABC-SMC,4046550.724637681,11.09687502641417,25129080.0,68.91159391403198,6.2509661059615445,24.42090220462012,16683.093003859012,27.631021114931727,8.793113763224243,9.972219527615422,9.284145961990196,9.828240592998718,30,0,False,42
ABC-SMC,4049642.5120772948,11.101750820731196,25148280.0,68.94187259674072,6.2509661059615445,24.42090220462012,16683.093003859012,27.631021114931727,8.793113763224243,9.972219527615422,9.284145961990196,9.828240592998718,30,0,False,42
ABC-SMC,4052734.2995169084,11.106523377115984,25167480.0,68.97151017189026,6.2509661059615445,24.42090220462012,16683.093003859012,27.631021114931727,8.793113763224243,9.972219527615422,9.284145961990196,9.828240592998718,30,0,False,42
ABC-SMC,4055826.0869565215,11.111403317843083,25186680.0,69.00181460380554,6.2509661059615445,24.42090220462012,16683.093003859012,27.631021114931727,8.793113763224243,9.972219527615422,9.284145961990196,9.828240592998718,30,0,False,42
ABC-SMC,4058917.874396135,11.116242216789011,25205880.0,69.03186416625977,6.2509661059615445,24.42090220462012,16683.093003859012,27.631021114931727,8.793113763224243,9.972219527615422,9.284145961990196,9.828240592998718,30,0,False,42
ABC-SMC,4062009.6618357487,11.121106416514914,25225080.0,69.06207084655762,6.2509661059615445,24.42090220462012,16683.093003859012,27.631021114931727,8.793113763224243,9.972219527615422,9.284145961990196,9.828240592998718,30,0,False,42
ABC-SMC,4065101.4492753623,11.125933068194058,25244280.0,69.09204435348511,6.2509661059615445,24.42090220462012,16683.093003859012,27.631021114931727,8.793113763224243,9.972219527615422,9.284145961990196,9.828240592998718,30,0,False,42
ABC-SMC,4068193.236714976,11.130818806216721,25263480.0,69.12238478660583,6.2509661059615445,24.42090220462012,16683.093003859012,27.631021114931727,8.793113763224243,9.972219527615422,9.284145961990196,9.828240592998718,30,0,False,42
ABC-SMC,4071285.0241545895,11.1356223071063,25282680.0,69.15221452713013,6.2509661059615445,24.42090220462012,16683.093003859012,27.631021114931727,8.793113763224243,9.972219527615422,9.284145961990196,9.828240592998718,30,0,False,42
ABC-SMC,4074376.811594203,11.140523440595986,25301880.0,69.18265056610107,6.2509661059615445,24.42090220462012,16683.093003859012,27.631021114931727,8.793113763224243,9.972219527615422,9.284145961990196,9.828240592998718,30,0,False,42
ABC-SMC,4077468.5990338167,11.145323255787725,25321080.0,69.21245741844177,6.2509661059615445,24.42090220462012,16683.093003859012,27.631021114931727,8.793113763224243,9.972219527615422,9.284145961990196,9.828240592998718,30,0,False,42
ABC-SMC,4080560.38647343,11.150246503464459,25340280.0,69.24303078651428,6.2509661059615445,24.42090220462012,16683.093003859012,27.631021114931727,8.793113763224243,9.972219527615422,9.284145961990196,9.828240592998718,30,0,False,42
ABC-SMC,4083652.1739130435,11.155045742765909,25359480.0,69.2728340625763,6.2509661059615445,24.42090220462012,16683.093003859012,27.631021114931727,8.793113763224243,9.972219527615422,9.284145961990196,9.828240592998718,30,0,False,42
ABC-SMC,4086743.961352657,11.159981698421657,25378680.0,69.30348634719849,6.2509661059615445,24.42090220462012,16683.093003859012,27.631021114931727,8.793113763224243,9.972219527615422,9.284145961990196,9.828240592998718,30,0,False,42
ABC-SMC,4089835.74879227,11.164748073584024,25397880.0,69.33308553695679,6.2509661059615445,24.42090220462012,16683.093003859012,27.631021114931727,8.793113763224243,9.972219527615422,9.284145961990196,9.828240592998718,30,0,False,42
ABC-SMC,4092927.536231884,11.169620566130067,25417080.0,69.36334371566772,6.2509661059615445,24.42090220462012,16683.093003859012,27.631021114931727,8.793113763224243,9.972219527615422,9.284145961990196,9.828240592998718,30,0,False,42
ABC-SMC,4096019.323671498,11.174408210840394,25436280.0,69.39307498931885,6.2509661059615445,24.42090220462012,16683.093003859012,27.631021114931727,8.793113763224243,9.972219527615422,9.284145961990196,9.828240592998718,30,0,False,42
ABC-SMC,4099111.1111111115,11.179271796283324,25455480.0,69.42327785491943,6.2509661059615445,24.42090220462012,16683.093003859012,27.631021114931727,8.793113763224243,9.972219527615422,9.284145961990196,9.828240592998718,30,0,False,42
ABC-SMC,4102202.898550725,11.18409990688453,25474680.0,69.45326042175293,6.2509661059615445,24.42090220462012,16683.093003859012,27.631021114931727,8.793113763224243,9.972219527615422,9.284145961990196,9.828240592998718,30,0,False,42
ABC-SMC,4105294.6859903377,11.188958961990528,25493880.0,69.48343515396118,6.2509661059615445,24.42090220462012,16683.093003859012,27.631021114931727,8.793113763224243,9.972219527615422,9.284145961990196,9.828240592998718,30,0,False,42
ABC-SMC,4108386.4734299514,11.193840208068945,25513080.0,69.51374769210815,6.2509661059615445,24.42090220462012,16683.093003859012,27.631021114931727,8.793113763224243,9.972219527615422,9.284145961990196,9.828240592998718,30,0,False,42
ABC-SMC,4091711.538461539,11.14496172238619,25532280.0,69.54456114768982,6.2509661059615445,24.42090220462012,16683.093003859012,27.631021114931727,8.793113763224243,9.972219527615422,9.284145961990196,9.828240592998718,30,0,False,42
ABC-SMC,4075196.172248804,11.096391001006253,25551480.0,69.5743715763092,6.2509661059615445,24.42090220462012,16683.093003859012,27.631021114931727,8.793113763224243,9.972219527615422,9.284145961990196,9.828240592998718,30,0,False,42
ABC-SMC,4078258.3732057414,11.101192644718541,25570680.0,69.60447788238525,6.2509661059615445,24.42090220462012,16683.093003859012,27.631021114931727,8.793113763224243,9.972219527615422,9.284145961990196,9.828240592998718,30,0,False,42
ABC-SMC,4081320.5741626793,11.105943562691671,25589880.0,69.63426613807678,6.2509661059615445,24.42090220462012,16683.093003859012,27.631021114931727,8.793113763224243,9.972219527615422,9.284145961990196,9.828240592998718,30,0,False,42
ABC-SMC,4084382.775119617,11.110817074205317,25609080.0,69.66482305526733,6.2509661059615445,24.42090220462012,16683.093003859012,27.631021114931727,8.793113763224243,9.972219527615422,9.284145961990196,9.828240592998718,30,0,False,42
ABC-SMC,4087444.976076555,11.115529472557931,25628280.0,69.69436979293823,6.2509661059615445,24.42090220462012,16683.093003859012,27.631021114931727,8.793113763224243,9.972219527615422,9.284145961990196,9.828240592998718,30,0,False,42
ABC-SMC,4090507.177033493,11.12043131291391,25647480.0,69.72510433197021,6.2509661059615445,24.42090220462012,16683.093003859012,27.631021114931727,8.793113763224243,9.972219527615422,9.284145961990196,9.828240592998718,30,0,False,42
ABC-SMC,4093569.37799043,11.125146144885194,25666680.0,69.75466632843018,6.2509661059615445,24.42090220462012,16683.093003859012,27.631021114931727,8.793113763224243,9.972219527615422,9.284145961990196,9.828240592998718,30,0,False,42
ABC-SMC,4096631.5789473685,11.129959462362043,25685880.0,69.78484582901001,6.2509661059615445,24.42090220462012,16683.093003859012,27.631021114931727,8.793113763224243,9.972219527615422,9.284145961990196,9.828240592998718,30,0,False,42
ABC-SMC,4099693.7799043064,11.134689656551185,25705080.0,69.81450414657593,6.2509661059615445,24.42090220462012,16683.093003859012,27.631021114931727,8.793113763224243,9.972219527615422,9.284145961990196,9.828240592998718,30,0,False,42
ABC-SMC,4102755.9808612443,11.139504533064994,25724280.0,69.8446934223175,6.2509661059615445,24.42090220462012,16683.093003859012,27.631021114931727,8.793113763224243,9.972219527615422,9.284145961990196,9.828240592998718,30,0,False,42
ABC-SMC,4086266.666666667,11.09122601766435,25743480.0,69.8747239112854,6.2509661059615445,24.42090220462012,16683.093003859012,27.631021114931727,8.793113763224243,9.972219527615422,9.284145961990196,9.828240592998718,30,0,False,42
ABC-SMC,4069933.6492890995,11.043431144943357,25762680.0,69.90491914749146,6.2509661059615445,24.42090220462012,16683.093003859012,27.631021114931727,8.793113763224243,9.972219527615422,9.284145961990196,9.828240592998718,30,0,False,42
ABC-SMC,4072966.8246445497,11.04818520387767,25781880.0,69.93501234054565,6.2509661059615445,24.42090220462012,16683.093003859012,27.631021114931727,8.793113763224243,9.972219527615422,9.284145961990196,9.828240592998718,30,0,False,42
ABC-SMC,4076000.0,11.052982163090277,25801080.0,69.96537709236145,6.2509661059615445,24.42090220462012,16683.093003859012,27.631021114931727,8.793113763224243,9.972219527615422,9.284145961990196,9.828240592998718,30,0,False,42
ABC-SMC,4079033.1753554503,11.057670572169396,25820280.0,69.99505472183228,6.2509661059615445,24.42090220462012,16683.093003859012,27.631021114931727,8.793113763224243,9.972219527615422,9.284145961990196,9.828240592998718,30,0,False,42
ABC-SMC,4043737.089201878,10.958578552998288,25839480.0,70.02531695365906,6.2509661059615445,24.42090220462012,16683.093003859012,27.631021114931727,8.793113763224243,9.972219527615422,9.284145961990196,9.828240592998718,30,0,False,42
ABC-SMC,4046741.784037559,10.963220551540035,25858680.0,70.05497932434082,6.2509661059615445,24.42090220462012,16683.093003859012,27.631021114931727,8.793113763224243,9.972219527615422,9.284145961990196,9.828240592998718,30,0,False,42
ABC-SMC,4049746.4788732394,10.967994295935117,25877880.0,70.08548355102539,6.2509661059615445,24.42090220462012,16683.093003859012,27.631021114931727,8.793113763224243,9.972219527615422,9.284145961990196,9.828240592998718,30,0,False,42
ABC-SMC,4052751.1737089204,10.972665956882246,25897080.0,70.11533546447754,6.2509661059615445,24.42090220462012,16683.093003859012,27.631021114931727,8.793113763224243,9.972219527615422,9.284145961990196,9.828240592998718,30,0,False,42
ABC-SMC,4055755.868544601,10.977449327567374,25916280.0,70.14590120315552,6.2509661059615445,24.42090220462012,16683.093003859012,27.631021114931727,8.793113763224243,9.972219527615422,9.284145961990196,9.828240592998718,30,0,False,42
ABC-SMC,4058760.563380282,10.982099907685521,25935480.0,70.17561841011047,6.2509661059615445,24.42090220462012,16683.093003859012,27.631021114931727,8.793113763224243,9.972219527615422,9.284145961990196,9.828240592998718,30,0,False,42
ABC-SMC,4061765.2582159624,10.986864175035361,25954680.0,70.20606207847595,6.2509661059615445,24.42090220462012,16683.093003859012,27.631021114931727,8.793113763224243,9.972219527615422,9.284145961990196,9.828240592998718,30,0,False,42
ABC-SMC,4064769.9530516434,10.991538895501032,25973880.0,70.23593354225159,6.2509661059615445,24.42090220462012,16683.093003859012,27.631021114931727,8.793113763224243,9.972219527615422,9.284145961990196,9.828240592998718,30,0,False,42
ABC-SMC,4067774.647887324,10.99624857656273,25993080.0,70.26602840423584,6.2509661059615445,24.42090220462012,16683.093003859012,27.631021114931727,8.793113763224243,9.972219527615422,9.284145961990196,9.828240592998718,30,0,False,42
ABC-SMC,4070779.342723005,11.000944713658198,26012280.0,70.29603672027588,6.2509661059615445,24.42090220462012,16683.093003859012,27.631021114931727,8.793113763224243,9.972219527615422,9.284145961990196,9.828240592998718,30,0,False,42
ABC-SMC,4054747.663551402,10.954275235208767,26031480.0,70.32644701004028,6.2509661059615445,24.42090220462012,16683.093003859012,27.631021114931727,8.793113763224243,9.972219527615422,9.284145961990196,9.828240592998718,30,0,False,42
ABC-SMC,4057738.3177570095,10.95894831363286,26050680.0,70.35644817352295,6.2509661059615445,24.42090220462012,16683.093003859012,27.631021114931727,8.793113763224243,9.972219527615422,9.284145961990196,9.828240592998718,30,0,False,42
ABC-SMC,4060728.971962617,10.963659457328536,26069880.0,70.3866937160492,6.2509661059615445,24.42090220462012,16683.093003859012,27.631021114931727,8.793113763224243,9.972219527615422,9.284145961990196,9.828240592998718,30,0,False,42
ABC-SMC,4063719.6261682245,10.96829669869206,26089080.0,70.41646480560303,6.2509661059615445,24.42090220462012,16683.093003859012,27.631021114931727,8.793113763224243,9.972219527615422,9.284145961990196,9.828240592998718,30,0,False,42
ABC-SMC,4066710.2803738317,10.973024999612589,26108280.0,70.44682049751282,6.2509661059615445,24.42090220462012,16683.093003859012,27.631021114931727,8.793113763224243,9.972219527615422,9.284145961990196,9.828240592998718,30,0,False,42
ABC-SMC,4069700.934579439,10.977657413185572,26127480.0,70.47656059265137,6.2509661059615445,24.42090220462012,16683.093003859012,27.631021114931727,8.793113763224243,9.972219527615422,9.284145961990196,9.828240592998718,30,0,False,42
ABC-SMC,4072691.5887850467,10.98246637534501,26146680.0,70.50743412971497,6.2509661059615445,24.42090220462012,16683.093003859012,27.631021114931727,8.793113763224243,9.972219527615422,9.284145961990196,9.828240592998718,30,0,False,42
ABC-SMC,4075682.2429906544,10.987157836510013,26165880.0,70.53755331039429,6.2509661059615445,24.42090220462012,16683.093003859012,27.631021114931727,8.793113763224243,9.972219527615422,9.284145961990196,9.828240592998718,30,0,False,42
ABC-SMC,4078672.8971962617,10.991943402453746,26185080.0,70.56827664375305,6.2509661059615445,24.42090220462012,16683.093003859012,27.631021114931727,8.793113763224243,9.972219527615422,9.284145961990196,9.828240592998718,30,0,False,42
ABC-SMC,4081663.551401869,10.996568202972412,26204280.0,70.59796786308289,6.2509661059615445,24.42090220462012,16683.093003859012,27.631021114931727,8.793113763224243,9.972219527615422,9.284145961990196,9.828240592998718,30,0,False,42
ABC-SMC,4084654.2056074766,11.00127388755109,26223480.0,70.628178358078,6.2509661059615445,24.42090220462012,16683.093003859012,27.631021114931727,8.793113763224243,9.972219527615422,9.284145961990196,9.828240592998718,30,0,False,42
ABC-SMC,4087644.8598130844,11.005885875856395,26242680.0,70.65778732299805,6.2509661059615445,24.42090220462012,16683.093003859012,27.631021114931727,8.793113763224243,9.972219527615422,9.284145961990196,9.828240592998718,30,0,False,42
ABC-SMC,4090635.5140186916,11.01057106089369,26261880.0,70.6878662109375,6.2509661059615445,24.42090220462012,16683.093003859012,27.631021114931727,8.793113763224243,9.972219527615422,9.284145961990196,9.828240592998718,30,0,False,42
ABC-SMC,4093626.168224299,11.01523715758992,26281080.0,70.7178225517273,6.2509661059615445,24.42090220462012,16683.093003859012,27.631021114931727,8.793113763224243,9.972219527615422,9.284145961990196,9.828240592998718,30,0,False,42
ABC-SMC,4077562.7906976743,10.968725145325179,26300280.0,70.74827718734741,6.2509661059615445,24.42090220462012,16683.093003859012,27.631021114931727,8.793113763224243,9.972219527615422,9.284145961990196,9.828240592998718,30,0,False,42
ABC-SMC,4080539.534883721,10.97337608189546,26319480.0,70.77827572822571,6.2509661059615445,24.42090220462012,16683.093003859012,27.631021114931727,8.793113763224243,9.972219527615422,9.284145961990196,9.828240592998718,30,0,False,42
ABC-SMC,4083516.2790697673,10.978047311768051,26338680.0,70.80840516090393,6.2509661059615445,24.42090220462012,16683.093003859012,27.631021114931727,8.793113763224243,9.972219527615422,9.284145961990196,9.828240592998718,30,0,False,42
ABC-SMC,4086493.023255814,10.982647053031034,26357880.0,70.83807349205017,6.2509661059615445,24.42090220462012,16683.093003859012,27.631021114931727,8.793113763224243,9.972219527615422,9.284145961990196,9.828240592998718,30,0,False,42
ABC-SMC,4089469.7674418604,10.98735306614129,26377080.0,70.86842727661133,6.2509661059615445,24.42090220462012,16683.093003859012,27.631021114931727,8.793113763224243,9.972219527615422,9.284145961990196,9.828240592998718,30,0,False,42
ABC-SMC,4092446.511627907,10.991936321406403,26396280.0,70.89798927307129,6.2509661059615445,24.42090220462012,16683.093003859012,27.631021114931727,8.793113763224243,9.972219527615422,9.284145961990196,9.828240592998718,30,0,False,42
ABC-SMC,4095423.2558139535,10.996658894442772,26415480.0,70.92844986915588,6.2509661059615445,24.42090220462012,16683.093003859012,27.631021114931727,8.793113763224243,9.972219527615422,9.284145961990196,9.828240592998718,30,0,False,42
ABC-SMC,4098399.9999999995,11.001268911731335,26434680.0,70.95818448066711,6.2509661059615445,24.42090220462012,16683.093003859012,27.631021114931727,8.793113763224243,9.972219527615422,9.284145961990196,9.828240592998718,30,0,False,42
ABC-SMC,4101376.7441860465,11.006002019542132,26453880.0,70.98871302604675,6.2509661059615445,24.42090220462012,16683.093003859012,27.631021114931727,8.793113763224243,9.972219527615422,9.284145961990196,9.828240592998718,30,0,False,42
ABC-SMC,4104353.488372093,11.010651440583459,26473080.0,71.0187017917633,6.2509661059615445,24.42090220462012,16683.093003859012,27.631021114931727,8.793113763224243,9.972219527615422,9.284145961990196,9.828240592998718,30,0,False,42
ABC-SMC,4107330.23255814,11.015323409738466,26492280.0,71.04883599281311,6.2509661059615445,24.42090220462012,16683.093003859012,27.631021114931727,8.793113763224243,9.972219527615422,9.284145961990196,9.828240592998718,30,0,False,42
ABC-SMC,4110306.9767441857,11.019925664561665,26511480.0,71.07852053642273,6.2509661059615445,24.42090220462012,16683.093003859012,27.631021114931727,8.793113763224243,9.972219527615422,9.284145961990196,9.828240592998718,30,0,False,42
ABC-SMC,4113283.7209302327,11.02460184762644,26530680.0,71.10868191719055,6.2509661059615445,24.42090220462012,16683.093003859012,27.631021114931727,8.793113763224243,9.972219527615422,9.284145961990196,9.828240592998718,30,0,False,42
ABC-SMC,4116260.465116279,11.02923825729725,26549880.0,71.13858675956726,6.2509661059615445,24.42090220462012,16683.093003859012,27.631021114931727,8.793113763224243,9.972219527615422,9.284145961990196,9.828240592998718,30,0,False,42
ABC-SMC,4119237.2093023257,11.033915179644444,26569080.0,71.16875290870667,6.2509661059615445,24.42090220462012,16683.093003859012,27.631021114931727,8.793113763224243,9.972219527615422,9.284145961990196,9.828240592998718,30,0,False,42
ABC-SMC,4122213.953488372,11.038559684457706,26588280.0,71.1987099647522,6.2509661059615445,24.42090220462012,16683.093003859012,27.631021114931727,8.793113763224243,9.972219527615422,9.284145961990196,9.828240592998718,30,0,False,42
ABC-SMC,4106092.5925925933,10.992130085274027,26607480.0,71.22900295257568,6.2509661059615445,24.42090220462012,16683.093003859012,27.631021114931727,8.793113763224243,9.972219527615422,9.284145961990196,9.828240592998718,30,0,False,42
ABC-SMC,4109055.5555555564,10.996690245322242,26626680.0,71.25855278968811,6.2509661059615445,24.42090220462012,16683.093003859012,27.631021114931727,8.793113763224243,9.972219527615422,9.284145961990196,9.828240592998718,30,0,False,42
ABC-SMC,4112018.518518519,11.001331607500715,26645880.0,71.28862881660461,6.2509661059615445,24.42090220462012,16683.093003859012,27.631021114931727,8.793113763224243,9.972219527615422,9.284145961990196,9.828240592998718,30,0,False,42
ABC-SMC,4114981.481481482,11.005899236526021,26665080.0,71.3182270526886,6.2509661059615445,24.42090220462012,16683.093003859012,27.631021114931727,8.793113763224243,9.972219527615422,9.284145961990196,9.828240592998718,30,0,False,42
ABC-SMC,4117944.4444444454,11.010630005671656,26684280.0,71.34888243675232,6.2509661059615445,24.42090220462012,16683.093003859012,27.631021114931727,8.793113763224243,9.972219527615422,9.284145961990196,9.828240592998718,30,0,False,42
ABC-SMC,4120907.4074074076,11.01521227830722,26703480.0,71.37857556343079,6.2509661059615445,24.42090220462012,16683.093003859012,27.631021114931727,8.793113763224243,9.972219527615422,9.284145961990196,9.828240592998718,30,0,False,42
ABC-SMC,4123870.3703703713,11.019901508166468,26722680.0,71.4089617729187,6.2509661059615445,24.42090220462012,16683.093003859012,27.631021114931727,8.793113763224243,9.972219527615422,9.284145961990196,9.828240592998718,30,0,False,42
ABC-SMC,4126833.333333334,11.024442241515644,26741880.0,71.43838572502136,6.2509661059615445,24.42090220462012,16683.093003859012,27.631021114931727,8.793113763224243,9.972219527615422,9.284145961990196,9.828240592998718,30,0,False,42
ABC-SMC,4129796.2962962966,11.029089564158594,26761080.0,71.46850037574768,6.2509661059615445,24.42090220462012,16683.093003859012,27.631021114931727,8.793113763224243,9.972219527615422,9.284145961990196,9.828240592998718,30,0,False,42
ABC-SMC,4132759.2592592603,11.03370116080767,26780280.0,71.49838352203369,6.2509661059615445,24.42090220462012,16683.093003859012,27.631021114931727,8.793113763224243,9.972219527615422,9.284145961990196,9.828240592998718,30,0,False,42
ABC-SMC,4135722.2222222225,11.038414710833704,26799480.0,71.52892732620239,6.2509661059615445,24.42090220462012,16683.093003859012,27.631021114931727,8.793113763224243,9.972219527615422,9.284145961990196,9.828240592998718,30,0,False,42
ABC-SMC,4138685.185185186,11.043053129572929,26818680.0,71.55898427963257,6.2509661059615445,24.42090220462012,16683.093003859012,27.631021114931727,8.793113763224243,9.972219527615422,9.284145961990196,9.828240592998718,30,0,False,42
ABC-SMC,4141648.148148149,11.047738569754143,26837880.0,71.58934593200684,6.2509661059615445,24.42090220462012,16683.093003859012,27.631021114931727,8.793113763224243,9.972219527615422,9.284145961990196,9.828240592998718,30,0,False,42
ABC-SMC,4144611.1111111115,11.052377577181216,26857080.0,71.61940670013428,6.2509661059615445,24.42090220462012,16683.093003859012,27.631021114931727,8.793113763224243,9.972219527615422,9.284145961990196,9.828240592998718,30,0,False,42
ABC-SMC,4147574.0740740746,11.057035864135367,26876280.0,71.64959239959717,6.2509661059615445,24.42090220462012,16683.093003859012,27.631021114931727,8.793113763224243,9.972219527615422,9.284145961990196,9.828240592998718,30,0,False,42
ABC-SMC,4150537.0370370373,11.061617768841026,26895480.0,71.67928314208984,6.2509661059615445,24.42090220462012,16683.093003859012,27.631021114931727,8.793113763224243,9.972219527615422,9.284145961990196,9.828240592998718,30,0,False,42
ABC-SMC,4153500.000000001,11.06630129578673,26914680.0,71.709632396698,6.2509661059615445,24.42090220462012,16683.093003859012,27.631021114931727,8.793113763224243,9.972219527615422,9.284145961990196,9.828240592998718,30,0,False,42
ABC-SMC,4156462.9629629636,11.070870322945678,26933880.0,71.73923969268799,6.2509661059615445,24.42090220462012,16683.093003859012,27.631021114931727,8.793113763224243,9.972219527615422,9.284145961990196,9.828240592998718,30,0,False,42
ABC-SMC,4159425.9259259263,11.075575962478732,26953080.0,71.76973223686218,6.2509661059615445,24.42090220462012,16683.093003859012,27.631021114931727,8.793113763224243,9.972219527615422,9.284145961990196,9.828240592998718,30,0,False,42
ABC-SMC,4162388.8888888895,11.080160332314763,26972280.0,71.79943895339966,6.2509661059615445,24.42090220462012,16683.093003859012,27.631021114931727,8.793113763224243,9.972219527615422,9.284145961990196,9.828240592998718,30,0,False,42
ABC-SMC,4165351.851851852,11.08484831121233,26991480.0,71.82981705665588,6.2509661059615445,24.42090220462012,16683.093003859012,27.631021114931727,8.793113763224243,9.972219527615422,9.284145961990196,9.828240592998718,30,0,False,42
ABC-SMC,4168314.8148148158,11.089401075869432,27010680.0,71.85931897163391,6.2509661059615445,24.42090220462012,16683.093003859012,27.631021114931727,8.793113763224243,9.972219527615422,9.284145961990196,9.828240592998718,30,0,False,42
ABC-SMC,4171277.7777777785,11.094061864746942,27029880.0,71.88952088356018,6.2509661059615445,24.42090220462012,16683.093003859012,27.631021114931727,8.793113763224243,9.972219527615422,9.284145961990196,9.828240592998718,30,0,False,42
ABC-SMC,4174240.7407407407,11.098623827651698,27049080.0,71.91908240318298,6.2509661059615445,24.42090220462012,16683.093003859012,27.631021114931727,8.793113763224243,9.972219527615422,9.284145961990196,9.828240592998718,30,0,False,42
ABC-SMC,4177203.7037037043,11.103299517690402,27068280.0,71.94938087463379,6.2509661059615445,24.42090220462012,16683.093003859012,27.631021114931727,8.793113763224243,9.972219527615422,9.284145961990196,9.828240592998718,30,0,False,42
ABC-SMC,4180166.666666667,11.107928186287115,27087480.0,71.9793746471405,6.2509661059615445,24.42090220462012,16683.093003859012,27.631021114931727,8.793113763224243,9.972219527615422,9.284145961990196,9.828240592998718,30,0,False,42
ABC-SMC,4183129.6296296306,11.112591918603876,27106680.0,72.0095956325531,6.2509661059615445,24.42090220462012,16683.093003859012,27.631021114931727,8.793113763224243,9.972219527615422,9.284145961990196,9.828240592998718,30,0,False,42
ABC-SMC,4186092.5925925933,11.117225039152453,27125880.0,72.03961825370789,6.2509661059615445,24.42090220462012,16683.093003859012,27.631021114931727,8.793113763224243,9.972219527615422,9.284145961990196,9.828240592998718,30,0,False,42
ABC-SMC,4189055.5555555564,11.121901501843961,27145080.0,72.06992173194885,6.2509661059615445,24.42090220462012,16683.093003859012,27.631021114931727,8.793113763224243,9.972219527615422,9.284145961990196,9.828240592998718,30,0,False,42
ABC-SMC,4192018.518518519,11.126488520775315,27164280.0,72.09964561462402,6.2509661059615445,24.42090220462012,16683.093003859012,27.631021114931727,8.793113763224243,9.972219527615422,9.284145961990196,9.828240592998718,30,0,False,42
ABC-SMC,4194981.481481481,11.13116369571215,27183480.0,72.12994074821472,6.2509661059615445,24.42090220462012,16683.093003859012,27.631021114931727,8.793113763224243,9.972219527615422,9.284145961990196,9.828240592998718,30,0,False,42
ABC-SMC,4197944.444444445,11.135748470271077,27202680.0,72.15965008735657,6.2509661059615445,24.42090220462012,16683.093003859012,27.631021114931727,8.793113763224243,9.972219527615422,9.284145961990196,9.828240592998718,30,0,False,42
ABC-SMC,4200907.407407408,11.140470077962053,27221880.0,72.19024610519409,6.2509661059615445,24.42090220462012,16683.093003859012,27.631021114931727,8.793113763224243,9.972219527615422,9.284145961990196,9.828240592998718,30,0,False,42
ABC-SMC,4203870.370370371,11.14505132039388,27241080.0,72.21993255615234,6.2509661059615445,24.42090220462012,16683.093003859012,27.631021114931727,8.793113763224243,9.972219527615422,9.284145961990196,9.828240592998718,30,0,False,42
ABC-SMC,4206833.333333334,11.149763987388141,27260280.0,72.25047063827515,6.2509661059615445,24.42090220462012,16683.093003859012,27.631021114931727,8.793113763224243,9.972219527615422,9.284145961990196,9.828240592998718,30,0,False,42
ABC-SMC,4209796.296296297,11.154345450577916,27279480.0,72.28015851974487,6.2509661059615445,24.42090220462012,16683.093003859012,27.631021114931727,8.793113763224243,9.972219527615422,9.284145961990196,9.828240592998718,30,0,False,42
ABC-SMC,4193345.6221198156,11.107587118485739,27298680.0,72.31039214134216,6.2509661059615445,24.42090220462012,16683.093003859012,27.631021114931727,8.793113763224243,9.972219527615422,9.284145961990196,9.828240592998718,30,0,False,42
ABC-SMC,4196294.930875576,11.112158382726339,27317880.0,72.34015107154846,6.2509661059615445,24.42090220462012,16683.093003859012,27.631021114931727,8.793113763224243,9.972219527615422,9.284145961990196,9.828240592998718,30,0,False,42
ABC-SMC,4199244.239631336,11.116824465047012,27337080.0,72.37052726745605,6.2509661059615445,24.42090220462012,16683.093003859012,27.631021114931727,8.793113763224243,9.972219527615422,9.284145961990196,9.828240592998718,30,0,False,42
ABC-SMC,4182917.4311926607,11.070419342146007,27356280.0,72.40054249763489,6.2509661059615445,24.42090220462012,16683.093003859012,27.631021114931727,8.793113763224243,9.972219527615422,9.284145961990196,9.828240592998718,30,0,False,42
ABC-SMC,4185853.2110091746,11.075052281767585,27375480.0,72.43084192276001,6.2509661059615445,24.42090220462012,16683.093003859012,27.631021114931727,8.793113763224243,9.972219527615422,9.284145961990196,9.828240592998718,30,0,False,42
ABC-SMC,4188788.9908256885,11.07964643280076,27394680.0,72.46088767051697,6.2509661059615445,24.42090220462012,16683.093003859012,27.631021114931727,8.793113763224243,9.972219527615422,9.284145961990196,9.828240592998718,30,0,False,42
ABC-SMC,4191724.7706422023,11.084342294512174,27413880.0,72.49159860610962,6.2509661059615445,24.42090220462012,16683.093003859012,27.631021114931727,8.793113763224243,9.972219527615422,9.284145961990196,9.828240592998718,30,0,False,42
ABC-SMC,4194660.550458716,11.088944866752042,27433080.0,72.52169942855835,6.2509661059615445,24.42090220462012,16683.093003859012,27.631021114931727,8.793113763224243,9.972219527615422,9.284145961990196,9.828240592998718,30,0,False,42
ABC-SMC,4197596.33027523,11.09359231563883,27452280.0,72.55209374427795,6.2509661059615445,24.42090220462012,16683.093003859012,27.631021114931727,8.793113763224243,9.972219527615422,9.284145961990196,9.828240592998718,30,0,False,42
ABC-SMC,4200532.110091744,11.098166562001639,27471480.0,72.58200931549072,6.2509661059615445,24.42090220462012,16683.093003859012,27.631021114931727,8.793113763224243,9.972219527615422,9.284145961990196,9.828240592998718,30,0,False,42
ABC-SMC,4203467.889908256,11.102870772008867,27490680.0,72.61277484893799,6.2509661059615445,24.42090220462012,16683.093003859012,27.631021114931727,8.793113763224243,9.972219527615422,9.284145961990196,9.828240592998718,30,0,False,42
ABC-SMC,4206403.66972477,11.107428977977973,27509880.0,72.64258551597595,6.2509661059615445,24.42090220462012,16683.093003859012,27.631021114931727,8.793113763224243,9.972219527615422,9.284145961990196,9.828240592998718,30,0,False,42
ABC-SMC,4209339.449541284,11.112136396063942,27529080.0,72.67337203025818,6.2509661059615445,24.42090220462012,16683.093003859012,27.631021114931727,8.793113763224243,9.972219527615422,9.284145961990196,9.828240592998718,30,0,False,42
ABC-SMC,4212275.229357798,11.116727740028217,27548280.0,72.70339941978455,6.2509661059615445,24.42090220462012,16683.093003859012,27.631021114931727,8.793113763224243,9.972219527615422,9.284145961990196,9.828240592998718,30,0,False,42
ABC-SMC,4215211.0091743115,11.12138200608233,27567480.0,72.73383831977844,6.2509661059615445,24.42090220462012,16683.093003859012,27.631021114931727,8.793113763224243,9.972219527615422,9.284145961990196,9.828240592998718,30,0,False,42
ABC-SMC,4218146.788990825,11.125916479559848,27586680.0,72.76349377632141,6.2509661059615445,24.42090220462012,16683.093003859012,27.631021114931727,8.793113763224243,9.972219527615422,9.284145961990196,9.828240592998718,30,0,False,42
ABC-SMC,4221082.568807339,11.130486752279673,27605880.0,72.79338335990906,6.2509661059615445,24.42090220462012,16683.093003859012,27.631021114931727,8.793113763224243,9.972219527615422,9.284145961990196,9.828240592998718,30,0,False,42
ABC-SMC,4224018.348623853,11.135011820253611,27625080.0,72.82297730445862,6.2509661059615445,24.42090220462012,16683.093003859012,27.631021114931727,8.793113763224243,9.972219527615422,9.284145961990196,9.828240592998718,30,0,False,42
ABC-SMC,4226954.128440367,11.139588910140759,27644280.0,72.85291147232056,6.2509661059615445,24.42090220462012,16683.093003859012,27.631021114931727,8.793113763224243,9.972219527615422,9.284145961990196,9.828240592998718,30,0,False,42
ABC-SMC,4229889.908256881,11.144105921462407,27663480.0,72.88245272636414,6.2509661059615445,24.42090220462012,16683.093003859012,27.631021114931727,8.793113763224243,9.972219527615422,9.284145961990196,9.828240592998718,30,0,False,42
ABC-SMC,4232825.688073394,11.148670179034593,27682680.0,72.91230297088623,6.2509661059615445,24.42090220462012,16683.093003859012,27.631021114931727,8.793113763224243,9.972219527615422,9.284145961990196,9.828240592998718,30,0,False,42
ABC-SMC,4235761.467889908,11.153141183590671,27701880.0,72.94154334068298,6.2509661059615445,24.42090220462012,16683.093003859012,27.631021114931727,8.793113763224243,9.972219527615422,9.284145961990196,9.828240592998718,30,0,False,42
ABC-SMC,4238697.247706422,11.157705076608455,27721080.0,72.97139120101929,6.2509661059615445,24.42090220462012,16683.093003859012,27.631021114931727,8.793113763224243,9.972219527615422,9.284145961990196,9.828240592998718,30,0,False,42
ABC-SMC,4241633.0275229355,11.16217881532255,27740280.0,73.00064945220947,6.2509661059615445,24.42090220462012,16683.093003859012,27.631021114931727,8.793113763224243,9.972219527615422,9.284145961990196,9.828240592998718,30,0,False,42
ABC-SMC,4244568.807339449,11.166810260271077,27759480.0,73.03093910217285,6.2509661059615445,24.42090220462012,16683.093003859012,27.631021114931727,8.793113763224243,9.972219527615422,9.284145961990196,9.828240592998718,30,0,False,42
ABC-SMC,4247504.587155963,11.171275723600242,27778680.0,73.06014323234558,6.2509661059615445,24.42090220462012,16683.093003859012,27.631021114931727,8.793113763224243,9.972219527615422,9.284145961990196,9.828240592998718,30,0,False,42
ABC-SMC,4250440.366972477,11.17590694981613,27797880.0,73.09043145179749,6.2509661059615445,24.42090220462012,16683.093003859012,27.631021114931727,8.793113763224243,9.972219527615422,9.284145961990196,9.828240592998718,30,0,False,42
ABC-SMC,4253376.146788991,11.180364866869166,27817080.0,73.11958622932434,6.2509661059615445,24.42090220462012,16683.093003859012,27.631021114931727,8.793113763224243,9.972219527615422,9.284145961990196,9.828240592998718,30,0,False,42
ABC-SMC,4256311.926605505,11.18494009752886,27836280.0,73.14950823783875,6.2509661059615445,24.42090220462012,16683.093003859012,27.631021114931727,8.793113763224243,9.972219527615422,9.284145961990196,9.828240592998718,30,0,False,42
ABC-SMC,4259247.706422019,11.189423897944458,27855480.0,73.17883229255676,6.2509661059615445,24.42090220462012,16683.093003859012,27.631021114931727,8.793113763224243,9.972219527615422,9.284145961990196,9.828240592998718,30,0,False,42
ABC-SMC,4262183.486238532,11.19400948194918,27874680.0,73.20882201194763,6.2509661059615445,24.42090220462012,16683.093003859012,27.631021114931727,8.793113763224243,9.972219527615422,9.284145961990196,9.828240592998718,30,0,False,42
ABC-SMC,4265119.266055046,11.198539216219467,27893880.0,73.23844647407532,6.2509661059615445,24.42090220462012,16683.093003859012,27.631021114931727,8.793113763224243,9.972219527615422,9.284145961990196,9.828240592998718,30,0,False,42
ABC-SMC,4268055.0458715595,11.20312851867909,27913080.0,73.26846051216125,6.2509661059615445,24.42090220462012,16683.093003859012,27.631021114931727,8.793113763224243,9.972219527615422,9.284145961990196,9.828240592998718,30,0,False,42
ABC-SMC,4270990.825688073,11.207646295564984,27932280.0,73.298006772995,6.2509661059615445,24.42090220462012,16683.093003859012,27.631021114931727,8.793113763224243,9.972219527615422,9.284145961990196,9.828240592998718,30,0,False,42
ABC-SMC,4273926.605504587,11.212246644022997,27951480.0,73.3280930519104,6.2509661059615445,24.42090220462012,16683.093003859012,27.631021114931727,8.793113763224243,9.972219527615422,9.284145961990196,9.828240592998718,30,0,False,42
ABC-SMC,4276862.385321101,11.216710138758389,27970680.0,73.35728430747986,6.2509661059615445,24.42090220462012,16683.093003859012,27.631021114931727,8.793113763224243,9.972219527615422,9.284145961990196,9.828240592998718,30,0,False,42
ABC-SMC,4279798.165137615,11.22130691458326,27989880.0,73.38734722137451,6.2509661059615445,24.42090220462012,16683.093003859012,27.631021114931727,8.793113763224243,9.972219527615422,9.284145961990196,9.828240592998718,30,0,False,42
ABC-SMC,4282733.944954129,11.225775622446603,28009080.0,73.41657257080078,6.2509661059615445,24.42090220462012,16683.093003859012,27.631021114931727,8.793113763224243,9.972219527615422,9.284145961990196,9.828240592998718,30,0,False,42
ABC-SMC,4285669.724770643,11.230413009631889,28028280.0,73.44690108299255,6.2509661059615445,24.42090220462012,16683.093003859012,27.631021114931727,8.793113763224243,9.972219527615422,9.284145961990196,9.828240592998718,30,0,False,42
ABC-SMC,4288605.504587157,11.234875301337752,28047480.0,73.4760844707489,6.2509661059615445,24.42090220462012,16683.093003859012,27.631021114931727,8.793113763224243,9.972219527615422,9.284145961990196,9.828240592998718,30,0,False,42
ABC-SMC,4291541.28440367,11.239592635303461,28066680.0,73.50693583488464,6.2509661059615445,24.42090220462012,16683.093003859012,27.631021114931727,8.793113763224243,9.972219527615422,9.284145961990196,9.828240592998718,30,0,False,42
ABC-SMC,4294477.0642201835,11.244072644353277,28085880.0,73.53623509407043,6.2509661059615445,24.42090220462012,16683.093003859012,27.631021114931727,8.793113763224243,9.972219527615422,9.284145961990196,9.828240592998718,30,0,False,42
ABC-SMC,4297412.844036697,11.248650171705707,28105080.0,73.56617212295532,6.2509661059615445,24.42090220462012,16683.093003859012,27.631021114931727,8.793113763224243,9.972219527615422,9.284145961990196,9.828240592998718,30,0,False,42
ABC-SMC,4300348.623853211,11.253124457251406,28124280.0,73.5954339504242,6.2509661059615445,24.42090220462012,16683.093003859012,27.631021114931727,8.793113763224243,9.972219527615422,9.284145961990196,9.828240592998718,30,0,False,42
ABC-SMC,4303284.403669725,11.257873142895713,28143480.0,73.62649035453796,6.2509661059615445,24.42090220462012,16683.093003859012,27.631021114931727,8.793113763224243,9.972219527615422,9.284145961990196,9.828240592998718,30,0,False,42
ABC-SMC,4306220.183486239,11.262473892363568,28162680.0,73.65657925605774,6.2509661059615445,24.42090220462012,16683.093003859012,27.631021114931727,8.793113763224243,9.972219527615422,9.284145961990196,9.828240592998718,30,0,False,42
ABC-SMC,4309155.963302752,11.267078396741768,28181880.0,73.68669271469116,6.2509661059615445,24.42090220462012,16683.093003859012,27.631021114931727,8.793113763224243,9.972219527615422,9.284145961990196,9.828240592998718,30,0,False,42
ABC-SMC,4312091.743119266,11.271683192763488,28201080.0,73.71680808067322,6.2509661059615445,24.42090220462012,16683.093003859012,27.631021114931727,8.793113763224243,9.972219527615422,9.284145961990196,9.828240592998718,30,0,False,42
ABC-SMC,4315027.52293578,11.27634668204398,28220280.0,73.74730730056763,6.2509661059615445,24.42090220462012,16683.093003859012,27.631021114931727,8.793113763224243,9.972219527615422,9.284145961990196,9.828240592998718,30,0,False,42
ABC-SMC,4317963.302752294,11.280865443226759,28239480.0,73.776859998703,6.2509661059615445,24.42090220462012,16683.093003859012,27.631021114931727,8.793113763224243,9.972219527615422,9.284145961990196,9.828240592998718,30,0,False,42
ABC-SMC,4320899.082568807,11.285526344170993,28258680.0,73.8073422908783,6.2509661059615445,24.42090220462012,16683.093003859012,27.631021114931727,8.793113763224243,9.972219527615422,9.284145961990196,9.828240592998718,30,0,False,42
ABC-SMC,4323834.8623853205,11.290050610125247,28277880.0,73.83693099021912,6.2509661059615445,24.42090220462012,16683.093003859012,27.631021114931727,8.793113763224243,9.972219527615422,9.284145961990196,9.828240592998718,30,0,False,42
ABC-SMC,4326770.642201834,11.294736154947078,28297080.0,73.86757445335388,6.2509661059615445,24.42090220462012,16683.093003859012,27.631021114931727,8.793113763224243,9.972219527615422,9.284145961990196,9.828240592998718,30,0,False,42
ABC-SMC,4329706.422018348,11.299256629535547,28316280.0,73.89713835716248,6.2509661059615445,24.42090220462012,16683.093003859012,27.631021114931727,8.793113763224243,9.972219527615422,9.284145961990196,9.828240592998718,30,0,False,42
ABC-SMC,4332642.201834862,11.303947897861491,28335480.0,73.92781925201416,6.2509661059615445,24.42090220462012,16683.093003859012,27.631021114931727,8.793113763224243,9.972219527615422,9.284145961990196,9.828240592998718,30,0,False,42
ABC-SMC,4335577.981651376,11.3084678620738,28354680.0,73.95737981796265,6.2509661059615445,24.42090220462012,16683.093003859012,27.631021114931727,8.793113763224243,9.972219527615422,9.284145961990196,9.828240592998718,30,0,False,42
ABC-SMC,4338513.76146789,11.31311560260411,28373880.0,73.98777604103088,6.2509661059615445,24.42090220462012,16683.093003859012,27.631021114931727,8.793113763224243,9.972219527615422,9.284145961990196,9.828240592998718,30,0,False,42
ABC-SMC,4341449.541284404,11.317653393526689,28393080.0,74.01745319366455,6.2509661059615445,24.42090220462012,16683.093003859012,27.631021114931727,8.793113763224243,9.972219527615422,9.284145961990196,9.828240592998718,30,0,False,42
ABC-SMC,4324547.94520548,11.27062152328375,28412280.0,74.04798340797424,6.2509661059615445,24.42090220462012,16683.093003859012,27.631021114931727,8.793113763224243,9.972219527615422,9.284145961990196,9.828240592998718,30,0,False,42
ABC-SMC,4327470.319634704,11.27520395014747,28431480.0,74.07808995246887,6.2509661059615445,24.42090220462012,16683.093003859012,27.631021114931727,8.793113763224243,9.972219527615422,9.284145961990196,9.828240592998718,30,0,False,42
ABC-SMC,4330392.694063927,11.279842262035817,28450680.0,74.10856366157532,6.2509661059615445,24.42090220462012,16683.093003859012,27.631021114931727,8.793113763224243,9.972219527615422,9.284145961990196,9.828240592998718,30,0,False,42
ABC-SMC,4333315.068493151,11.284430204824044,28469880.0,74.13870644569397,6.2509661059615445,24.42090220462012,16683.093003859012,27.631021114931727,8.793113763224243,9.972219527615422,9.284145961990196,9.828240592998718,30,0,False,42
ABC-SMC,4336237.442922374,11.289075484195983,28489080.0,74.1692259311676,6.2509661059615445,24.42090220462012,16683.093003859012,27.631021114931727,8.793113763224243,9.972219527615422,9.284145961990196,9.828240592998718,30,0,False,42
ABC-SMC,4339159.817351598,11.293605727510728,28508280.0,74.19898962974548,6.2509661059615445,24.42090220462012,16683.093003859012,27.631021114931727,8.793113763224243,9.972219527615422,9.284145961990196,9.828240592998718,30,0,False,42
ABC-SMC,4342082.191780821,11.298256776830014,28527480.0,74.2295470237732,6.2509661059615445,24.42090220462012,16683.093003859012,27.631021114931727,8.793113763224243,9.972219527615422,9.284145961990196,9.828240592998718,30,0,False,42
ABC-SMC,4345004.5662100455,11.3027921731795,28546680.0,74.2593445777893,6.2509661059615445,24.42090220462012,16683.093003859012,27.631021114931727,8.793113763224243,9.972219527615422,9.284145961990196,9.828240592998718,30,0,False,42
ABC-SMC,4347926.94063927,11.30740207079883,28565880.0,74.28963160514832,6.2509661059615445,24.42090220462012,16683.093003859012,27.631021114931727,8.793113763224243,9.972219527615422,9.284145961990196,9.828240592998718,30,0,False,42
ABC-SMC,4350849.315068494,11.311885900511951,28585080.0,74.31909036636353,6.2509661059615445,24.42090220462012,16683.093003859012,27.631021114931727,8.793113763224243,9.972219527615422,9.284145961990196,9.828240592998718,30,0,False,42
ABC-SMC,4353771.689497717,11.316514523243432,28604280.0,74.34950041770935,6.2509661059615445,24.42090220462012,16683.093003859012,27.631021114931727,8.793113763224243,9.972219527615422,9.284145961990196,9.828240592998718,30,0,False,42
ABC-SMC,4356694.063926941,11.321074269496505,28623480.0,74.37945795059204,6.2509661059615445,24.42090220462012,16683.093003859012,27.631021114931727,8.793113763224243,9.972219527615422,9.284145961990196,9.828240592998718,30,0,False,42
ABC-SMC,4359616.438356165,11.325699263330282,28642680.0,74.40984416007996,6.2509661059615445,24.42090220462012,16683.093003859012,27.631021114931727,8.793113763224243,9.972219527615422,9.284145961990196,9.828240592998718,30,0,False,42
ABC-SMC,4362538.812785389,11.330196556253885,28661880.0,74.43939137458801,6.2509661059615445,24.42090220462012,16683.093003859012,27.631021114931727,8.793113763224243,9.972219527615422,9.284145961990196,9.828240592998718,30,0,False,42
ABC-SMC,4365461.187214611,11.334834360096552,28681080.0,74.46986174583435,6.2509661059615445,24.42090220462012,16683.093003859012,27.631021114931727,8.793113763224243,9.972219527615422,9.284145961990196,9.828240592998718,30,0,False,42
ABC-SMC,4368383.561643835,11.339449737351416,28700280.0,74.5001847743988,6.2509661059615445,24.42090220462012,16683.093003859012,27.631021114931727,8.793113763224243,9.972219527615422,9.284145961990196,9.828240592998718,30,0,False,42
ABC-SMC,4371305.936073059,11.344139652165104,28719480.0,74.53099751472473,6.2509661059615445,24.42090220462012,16683.093003859012,27.631021114931727,8.793113763224243,9.972219527615422,9.284145961990196,9.828240592998718,30,0,False,42
ABC-SMC,4374228.310502283,11.348731296428989,28738680.0,74.56116461753845,6.2509661059615445,24.42090220462012,16683.093003859012,27.631021114931727,8.793113763224243,9.972219527615422,9.284145961990196,9.828240592998718,30,0,False,42
ABC-SMC,4377150.684931506,11.353373854127648,28757880.0,74.59166622161865,6.2509661059615445,24.42090220462012,16683.093003859012,27.631021114931727,8.793113763224243,9.972219527615422,9.284145961990196,9.828240592998718,30,0,False,42
ABC-SMC,4380073.05936073,11.357900758856507,28777080.0,74.62140798568726,6.2509661059615445,24.42090220462012,16683.093003859012,27.631021114931727,8.793113763224243,9.972219527615422,9.284145961990196,9.828240592998718,30,0,False,42
ABC-SMC,4382995.4337899545,11.362519619853167,28796280.0,74.6517539024353,6.2509661059615445,24.42090220462012,16683.093003859012,27.631021114931727,8.793113763224243,9.972219527615422,9.284145961990196,9.828240592998718,30,0,False,42
ABC-SMC,4385917.808219179,11.36705062523643,28815480.0,74.68152260780334,6.2509661059615445,24.42090220462012,16683.093003859012,27.631021114931727,8.793113763224243,9.972219527615422,9.284145961990196,9.828240592998718,30,0,False,42
ABC-SMC,4388840.182648402,11.371771530836503,28834680.0,74.71253895759583,6.2509661059615445,24.42090220462012,16683.093003859012,27.631021114931727,8.793113763224243,9.972219527615422,9.284145961990196,9.828240592998718,30,0,False,42
ABC-SMC,4371800.0,11.324613708438294,28853880.0,74.74245047569275,6.2509661059615445,24.42090220462012,16683.093003859012,27.631021114931727,8.793113763224243,9.972219527615422,9.284145961990196,9.828240592998718,30,0,False,42
ABC-SMC,4374709.090909091,11.329292384060945,28873080.0,74.77332973480225,6.2509661059615445,24.42090220462012,16683.093003859012,27.631021114931727,8.793113763224243,9.972219527615422,9.284145961990196,9.828240592998718,30,0,False,42
ABC-SMC,4377618.181818183,11.333822084195685,28892280.0,74.80322575569153,6.2509661059615445,24.42090220462012,16683.093003859012,27.631021114931727,8.793113763224243,9.972219527615422,9.284145961990196,9.828240592998718,30,0,False,42
ABC-SMC,4380527.272727273,11.33845759160591,28911480.0,74.833820104599,6.2509661059615445,24.42090220462012,16683.093003859012,27.631021114931727,8.793113763224243,9.972219527615422,9.284145961990196,9.828240592998718,30,0,False,42
ABC-SMC,4383436.363636363,11.343022187550863,28930680.0,74.8639464378357,6.2509661059615445,24.42090220462012,16683.093003859012,27.631021114931727,8.793113763224243,9.972219527615422,9.284145961990196,9.828240592998718,30,0,False,42
ABC-SMC,4386345.454545454,11.347654949535023,28949880.0,74.89452266693115,6.2509661059615445,24.42090220462012,16683.093003859012,27.631021114931727,8.793113763224243,9.972219527615422,9.284145961990196,9.828240592998718,30,0,False,42
ABC-SMC,4389254.545454545,11.352202711683331,28969080.0,74.92453789710999,6.2509661059615445,24.42090220462012,16683.093003859012,27.631021114931727,8.793113763224243,9.972219527615422,9.284145961990196,9.828240592998718,30,0,False,42
ABC-SMC,4392163.636363636,11.356802095066417,28988280.0,74.95489382743835,6.2509661059615445,24.42090220462012,16683.093003859012,27.631021114931727,8.793113763224243,9.972219527615422,9.284145961990196,9.828240592998718,30,0,False,42
ABC-SMC,4375185.520361991,11.309966530375531,29007480.0,74.98507809638977,6.2509661059615445,24.42090220462012,16683.093003859012,27.631021114931727,8.793113763224243,9.972219527615422,9.284145961990196,9.828240592998718,30,0,False,42
ABC-SMC,4378081.447963801,11.31455225822253,29026680.0,75.01548147201538,6.2509661059615445,24.42090220462012,16683.093003859012,27.631021114931727,8.793113763224243,9.972219527615422,9.284145961990196,9.828240592998718,30,0,False,42
ABC-SMC,4380977.375565611,11.31908199546204,29045880.0,75.04551362991333,6.2509661059615445,24.42090220462012,16683.093003859012,27.631021114931727,8.793113763224243,9.972219527615422,9.284145961990196,9.828240592998718,30,0,False,42
ABC-SMC,4383873.303167421,11.32370123856028,29065080.0,75.07613921165466,6.2509661059615445,24.42090220462012,16683.093003859012,27.631021114931727,8.793113763224243,9.972219527615422,9.284145961990196,9.828240592998718,30,0,False,42
ABC-SMC,4386769.23076923,11.32817944430298,29084280.0,75.10582971572876,6.2509661059615445,24.42090220462012,16683.093003859012,27.631021114931727,8.793113763224243,9.972219527615422,9.284145961990196,9.828240592998718,30,0,False,42
ABC-SMC,4389665.158371041,11.33280821695227,29103480.0,75.13651847839355,6.2509661059615445,24.42090220462012,16683.093003859012,27.631021114931727,8.793113763224243,9.972219527615422,9.284145961990196,9.828240592998718,30,0,False,42
ABC-SMC,4392561.08597285,11.33730630889018,29122680.0,75.1663408279419,6.2509661059615445,24.42090220462012,16683.093003859012,27.631021114931727,8.793113763224243,9.972219527615422,9.284145961990196,9.828240592998718,30,0,False,42
ABC-SMC,4395457.013574661,11.3419451145385,29141880.0,75.19709610939026,6.2509661059615445,24.42090220462012,16683.093003859012,27.631021114931727,8.793113763224243,9.972219527615422,9.284145961990196,9.828240592998718,30,0,False,42
ABC-SMC,4398352.94117647,11.34642429121659,29161080.0,75.22679305076599,6.2509661059615445,24.42090220462012,16683.093003859012,27.631021114931727,8.793113763224243,9.972219527615422,9.284145961990196,9.828240592998718,30,0,False,42
ABC-SMC,4401248.868778281,11.35099329739854,29180280.0,75.25708556175232,6.2509661059615445,24.42090220462012,16683.093003859012,27.631021114931727,8.793113763224243,9.972219527615422,9.284145961990196,9.828240592998718,30,0,False,42
ABC-SMC,4404144.7963800905,11.35544582729426,29199480.0,75.28660583496094,6.2509661059615445,24.42090220462012,16683.093003859012,27.631021114931727,8.793113763224243,9.972219527615422,9.284145961990196,9.828240592998718,30,0,False,42
ABC-SMC,4407040.7239819,11.360014437909939,29218680.0,75.3168957233429,6.2509661059615445,24.42090220462012,16683.093003859012,27.631021114931727,8.793113763224243,9.972219527615422,9.284145961990196,9.828240592998718,30,0,False,42
ABC-SMC,4409936.65158371,11.364523461861129,29237880.0,75.34679055213928,6.2509661059615445,24.42090220462012,16683.093003859012,27.631021114931727,8.793113763224243,9.972219527615422,9.284145961990196,9.828240592998718,30,0,False,42
ABC-SMC,4412832.57918552,11.369114224187928,29257080.0,75.37722730636597,6.2509661059615445,24.42090220462012,16683.093003859012,27.631021114931727,8.793113763224243,9.972219527615422,9.284145961990196,9.828240592998718,30,0,False,42
ABC-SMC,4415728.50678733,11.373602642732507,29276280.0,75.40698552131653,6.2509661059615445,24.42090220462012,16683.093003859012,27.631021114931727,8.793113763224243,9.972219527615422,9.284145961990196,9.828240592998718,30,0,False,42
ABC-SMC,4418624.43438914,11.378154208038008,29295480.0,75.43716239929199,6.2509661059615445,24.42090220462012,16683.093003859012,27.631021114931727,8.793113763224243,9.972219527615422,9.284145961990196,9.828240592998718,30,0,False,42
ABC-SMC,4421520.36199095,11.382558586730497,29314680.0,75.4663634300232,6.2509661059615445,24.42090220462012,16683.093003859012,27.631021114931727,8.793113763224243,9.972219527615422,9.284145961990196,9.828240592998718,30,0,False,42
ABC-SMC,4424416.289592761,11.387170134266757,29333880.0,75.4969379901886,6.2509661059615445,24.42090220462012,16683.093003859012,27.631021114931727,8.793113763224243,9.972219527615422,9.284145961990196,9.828240592998718,30,0,False,42
ABC-SMC,4407369.369369369,11.340309012759555,29353080.0,75.52645802497864,6.2509661059615445,24.42090220462012,16683.093003859012,27.631021114931727,8.793113763224243,9.972219527615422,9.284145961990196,9.828240592998718,30,0,False,42
ABC-SMC,4410252.252252252,11.344863988973716,29372280.0,75.55679416656494,6.2509661059615445,24.42090220462012,16683.093003859012,27.631021114931727,8.793113763224243,9.972219527615422,9.284145961990196,9.828240592998718,30,0,False,42
ABC-SMC,4393345.29147982,11.29837727511054,29391480.0,75.5861439704895,6.2509661059615445,24.42090220462012,16683.093003859012,27.631021114931727,8.793113763224243,9.972219527615422,9.284145961990196,9.828240592998718,30,0,False,42
ABC-SMC,4396215.246636772,11.302901454748772,29410680.0,75.61641073226929,6.2509661059615445,24.42090220462012,16683.093003859012,27.631021114931727,8.793113763224243,9.972219527615422,9.284145961990196,9.828240592998718,30,0,False,42
ABC-SMC,4399085.201793722,11.30729202732377,29429880.0,75.64578366279602,6.2509661059615445,24.42090220462012,16683.093003859012,27.631021114931727,8.793113763224243,9.972219527615422,9.284145961990196,9.828240592998718,30,0,False,42
ABC-SMC,4401955.156950673,11.311766776981553,29449080.0,75.67571973800659,6.2509661059615445,24.42090220462012,16683.093003859012,27.631021114931727,8.793113763224243,9.972219527615422,9.284145961990196,9.828240592998718,30,0,False,42
ABC-SMC,4404825.112107623,11.316137214056223,29468280.0,75.70495796203613,6.2509661059615445,24.42090220462012,16683.093003859012,27.631021114931727,8.793113763224243,9.972219527615422,9.284145961990196,9.828240592998718,30,0,False,42
ABC-SMC,4407695.067264575,11.320601236659849,29487480.0,75.7348222732544,6.2509661059615445,24.42090220462012,16683.093003859012,27.631021114931727,8.793113763224243,9.972219527615422,9.284145961990196,9.828240592998718,30,0,False,42
ABC-SMC,4390875.0,11.274469714789165,29506680.0,75.76443648338318,6.2509661059615445,24.42090220462012,16683.093003859012,27.631021114931727,8.793113763224243,9.972219527615422,9.284145961990196,9.828240592998718,30,0,False,42
ABC-SMC,4393732.142857143,11.278922110795975,29525880.0,75.79435658454895,6.2509661059615445,24.42090220462012,16683.093003859012,27.631021114931727,8.793113763224243,9.972219527615422,9.284145961990196,9.828240592998718,30,0,False,42
ABC-SMC,4396589.285714285,11.283335267078309,29545080.0,75.82401299476624,6.2509661059615445,24.42090220462012,16683.093003859012,27.631021114931727,8.793113763224243,9.972219527615422,9.284145961990196,9.828240592998718,30,0,False,42
ABC-SMC,4399446.428571428,11.287799725929895,29564280.0,75.8540141582489,6.2509661059615445,24.42090220462012,16683.093003859012,27.631021114931727,8.793113763224243,9.972219527615422,9.284145961990196,9.828240592998718,30,0,False,42
ABC-SMC,4402303.571428572,11.292158563931784,29583480.0,75.88330554962158,6.2509661059615445,24.42090220462012,16683.093003859012,27.631021114931727,8.793113763224243,9.972219527615422,9.284145961990196,9.828240592998718,30,0,False,42
ABC-SMC,4405160.714285715,11.296633914822625,29602680.0,75.91337990760803,6.2509661059615445,24.42090220462012,16683.093003859012,27.631021114931727,8.793113763224243,9.972219527615422,9.284145961990196,9.828240592998718,30,0,False,42
ABC-SMC,4388426.666666666,11.250787028559932,29621880.0,75.94281244277954,6.2509661059615445,24.42090220462012,16683.093003859012,27.631021114931727,8.793113763224243,9.972219527615422,9.284145961990196,9.828240592998718,30,0,False,42
ABC-SMC,4391271.111111111,11.255291055749964,29641080.0,75.97321462631226,6.2509661059615445,24.42090220462012,16683.093003859012,27.631021114931727,8.793113763224243,9.972219527615422,9.284145961990196,9.828240592998718,30,0,False,42
ABC-SMC,4394115.555555555,11.25961501510055,29660280.0,76.00240135192871,6.2509661059615445,24.42090220462012,16683.093003859012,27.631021114931727,8.793113763224243,9.972219527615422,9.284145961990196,9.828240592998718,30,0,False,42
ABC-SMC,4396960.0,11.264216634962294,29679480.0,76.03346228599548,6.2509661059615445,24.42090220462012,16683.093003859012,27.631021114931727,8.793113763224243,9.972219527615422,9.284145961990196,9.828240592998718,30,0,False,42
ABC-SMC,4399804.444444444,11.268615652013708,29698680.0,76.06315565109253,6.2509661059615445,24.42090220462012,16683.093003859012,27.631021114931727,8.793113763224243,9.972219527615422,9.284145961990196,9.828240592998718,30,0,False,42
ABC-SMC,4402648.888888889,11.27313585634585,29717880.0,76.09366703033447,6.2509661059615445,24.42090220462012,16683.093003859012,27.631021114931727,8.793113763224243,9.972219527615422,9.284145961990196,9.828240592998718,30,0,False,42
ABC-SMC,4405493.333333333,11.277568675853589,29737080.0,76.12358856201172,6.2509661059615445,24.42090220462012,16683.093003859012,27.631021114931727,8.793113763224243,9.972219527615422,9.284145961990196,9.828240592998718,30,0,False,42
ABC-SMC,4408337.777777778,11.28214422861735,29756280.0,76.15447354316711,6.2509661059615445,24.42090220462012,16683.093003859012,27.631021114931727,8.793113763224243,9.972219527615422,9.284145961990196,9.828240592998718,30,0,False,42
ABC-SMC,4411182.222222223,11.286557939317492,29775480.0,76.18426609039307,6.2509661059615445,24.42090220462012,16683.093003859012,27.631021114931727,8.793113763224243,9.972219527615422,9.284145961990196,9.828240592998718,30,0,False,42
ABC-SMC,4414026.666666667,11.291056668316877,29794680.0,76.21463251113892,6.2509661059615445,24.42090220462012,16683.093003859012,27.631021114931727,8.793113763224243,9.972219527615422,9.284145961990196,9.828240592998718,30,0,False,42
ABC-SMC,4416871.111111112,11.295490088286224,29813880.0,76.244558095932,6.2509661059615445,24.42090220462012,16683.093003859012,27.631021114931727,8.793113763224243,9.972219527615422,9.284145961990196,9.828240592998718,30,0,False,42
ABC-SMC,4419715.555555556,11.2999895590323,29833080.0,76.27492952346802,6.2509661059615445,24.42090220462012,16683.093003859012,27.631021114931727,8.793113763224243,9.972219527615422,9.284145961990196,9.828240592998718,30,0,False,42
ABC-SMC,4422560.0,11.304406519289369,29852280.0,76.30474400520325,6.2509661059615445,24.42090220462012,16683.093003859012,27.631021114931727,8.793113763224243,9.972219527615422,9.284145961990196,9.828240592998718,30,0,False,42
ABC-SMC,4425404.444444444,11.308933929160789,29871480.0,76.33530402183533,6.2509661059615445,24.42090220462012,16683.093003859012,27.631021114931727,8.793113763224243,9.972219527615422,9.284145961990196,9.828240592998718,30,0,False,42
ABC-SMC,4428248.888888889,11.313353432549372,29890680.0,76.36513566970825,6.2509661059615445,24.42090220462012,16683.093003859012,27.631021114931727,8.793113763224243,9.972219527615422,9.284145961990196,9.828240592998718,30,0,False,42
ABC-SMC,4431093.333333333,11.317911642569083,29909880.0,76.39590358734131,6.2509661059615445,24.42090220462012,16683.093003859012,27.631021114931727,8.793113763224243,9.972219527615422,9.284145961990196,9.828240592998718,30,0,False,42
ABC-SMC,4433937.777777778,11.322279894793475,29929080.0,76.42538928985596,6.2509661059615445,24.42090220462012,16683.093003859012,27.631021114931727,8.793113763224243,9.972219527615422,9.284145961990196,9.828240592998718,30,0,False,42
ABC-SMC,4436782.222222222,11.326817689118561,29948280.0,76.4560194015503,6.2509661059615445,24.42090220462012,16683.093003859012,27.631021114931727,8.793113763224243,9.972219527615422,9.284145961990196,9.828240592998718,30,0,False,42
ABC-SMC,4439626.666666667,11.331251992119684,29967480.0,76.48595094680786,6.2509661059615445,24.42090220462012,16683.093003859012,27.631021114931727,8.793113763224243,9.972219527615422,9.284145961990196,9.828240592998718,30,0,False,42
ABC-SMC,4442471.111111111,11.335828286630136,29986680.0,76.51684093475342,6.2509661059615445,24.42090220462012,16683.093003859012,27.631021114931727,8.793113763224243,9.972219527615422,9.284145961990196,9.828240592998718,30,0,False,42
ABC-SMC,4719603.773584907,12.037891936752034,30016680.0,76.56099271774292,6.2509661059615445,24.416284010429358,16649.339570627533,27.631021114931688,8.804848107326483,9.966185254087135,9.281626919709437,9.831275682558802,30,0,False,42
permABC-SMC,950.0,0.04448380470275879,28500.0,1.3345141410827637,3.0146493050563237,23.93314481438298,2749.966249601078,27.631021114573546,3.6562270458017205,10.033859233753812,2.8255895833664963,3.319296624229594,30,0,False,42
permABC-SMC,1852.0,0.07327094872792561,55560.0,2.1981284618377686,2.8791650363464205,23.937889453062922,2659.069501191885,27.631021114594873,3.481070807270979,10.037327959416334,2.739228030772255,3.242179915701026,30,0,False,42
permABC-SMC,2708.0,0.10157519976298014,81240.0,3.0472559928894043,2.798520983543995,23.935066780667945,2594.0673441115896,27.631021114594116,3.3747266876581046,10.040554574533585,2.671876495365065,3.1840366824237023,30,0,False,42
permABC-SMC,3521.0,0.1295207659403483,105630.0,3.885622978210449,2.736339016371706,23.93553888219864,2516.831669858392,27.631021114593537,3.281825716903102,10.038590968159351,2.6061320044851612,3.127698446189033,30,0,False,42
permABC-SMC,4293.0,0.16148883501688638,128790.0,4.844665050506592,2.6708216688139803,23.94226929428382,2440.266004545447,27.631021114614647,3.195657182674738,10.042345540386611,2.5462551386029095,3.0758396857647097,30,0,False,42
permABC-SMC,5026.0,0.1933666706085205,150780.0,5.801000118255615,2.60541298365595,23.946626846711453,2372.984787297297,27.631021114635,3.0881182240961915,10.042653842191637,2.4858710195859195,3.027432999367461,30,0,False,42
permABC-SMC,5722.0,0.2244378964106242,171660.0,6.733136892318726,2.5535788172603975,23.957853968234808,2327.270346528223,27.63102111465604,3.010838930219821,10.055203386748268,2.4313223582847825,2.984071508594503,30,0,False,42
permABC-SMC,6383.0,0.25657030741373693,191490.0,7.697109222412109,2.508021806545428,23.957691094212123,2287.645663013159,27.63102111467651,2.9315592454070236,10.060866852083125,2.3838338054905597,2.947358849344359,30,0,False,42
permABC-SMC,7011.0,0.2887150764465332,210330.0,8.661452293395996,2.4615201936742017,23.971193127708062,2227.0329011009853,27.63102111469775,2.8479817536022063,10.06633582990868,2.3280037015469093,2.9041704476778336,30,0,False,42
permABC-SMC,7607.0,0.3190313259760539,228210.0,9.570939779281616,2.421883965645841,23.976135807583233,2170.4235029825186,27.63102111469788,2.7724756612324852,10.066985194261228,2.279766223966536,2.8626108913933006,30,0,False,42
permABC-SMC,8173.0,0.35166382789611816,245190.0,10.549914836883545,2.369003465838319,23.965516691154207,2113.7054159972304,27.63102111469692,2.6847478088298895,10.060171548257072,2.2304189684248166,2.827411643108529,30,0,False,42
permABC-SMC,8710.0,0.3838126023610433,261300.0,11.514378070831299,2.314944887469195,23.960389860668855,2060.547224008787,27.63102111469623,2.5942147476684503,10.054640379595442,2.1758236327674583,2.7824263108311205,30,0,False,42
permABC-SMC,9220.0,0.4147152900695801,276600.0,12.441458702087402,2.278933850908706,23.953953520428833,2002.3884229880605,27.631021114695447,2.5044336038120343,10.04560678782646,2.12458188241191,2.7449655241143467,30,0,False,42
permABC-SMC,16170.886075949365,0.7068519476596816,306600.0,13.401912927627563,2.2404759190970007,23.955481909501454,1995.165693065965,27.631021114595683,2.512501723720036,10.053469440834157,2.1209792670485865,2.7455530437602733,30,0,False,42
permABC-SMC,15622.377622377622,0.6335142108943912,335100.0,13.588879823684692,2.199710713747825,23.95309270646996,1968.2367767171972,27.63102111461596,2.444010279360556,10.05964322278311,2.0836944275396734,2.7139183111122174,30,0,False,42
permABC-SMC,15397.959183673469,0.5865424364602485,362160.0,13.795478105545044,2.1645819691907864,23.95279456664672,1934.6402978889712,27.631021114616072,2.3691878163400437,10.063671239416509,2.0415086730978103,2.6804179363846483,30,0,False,42
permABC-SMC,15482.634730538924,0.557838200095171,387840.0,13.973846912384033,2.144124208656925,23.96458490675198,1883.767963993785,27.631021114636855,2.2975580661741417,10.060759184658098,2.0034681652270754,2.6474297995970324,30,0,False,42
permABC-SMC,16033.838973162194,0.5503554883887916,412230.0,14.14963960647583,2.1086317673276325,23.96745442666957,1852.9879676291857,27.631021114657592,2.247201652094708,10.063828653159776,1.9671819895500333,2.6221777841559613,30,0,False,42
permABC-SMC,16380.361173814897,0.5398273468017578,435390.0,14.348610877990723,2.0687045448560477,23.96152115637871,1819.1613383711772,27.63102111465677,2.186890684896818,10.060575662218842,1.9297767777183599,2.593518081646975,30,0,False,42
permABC-SMC,16846.408839779004,0.5354176480906224,457380.0,14.5365891456604,2.0379779102020597,23.972707055338486,1794.152719968769,27.631021114678507,2.118491763369687,10.069771910756112,1.8898967463408112,2.5659921026326127,30,0,False,42
permABC-SMC,17499.451152579582,0.5380866381871668,478260.0,14.705907821655273,2.0067868423810857,23.96691141937909,1765.3251990898025,27.631021114677903,2.0690120492728257,10.070303103856272,1.8562194988465248,2.5446546733125053,30,0,False,42
permABC-SMC,18086.056644880173,0.539995780784147,498090.0,14.87148380279541,1.9756945002747293,23.97323135084988,1738.1783804618844,27.631021114699013,2.009347924098019,10.072566276095621,1.822289078826162,2.5175843346796523,30,0,False,42
permABC-SMC,18628.108108108107,0.543375960341445,516930.0,15.078682899475098,1.943993720366758,23.969456713498435,1719.496264428452,27.63102111471919,1.9557663785827646,10.077726667634742,1.7848012759315586,2.490935200423063,30,0,False,42
permABC-SMC,19230.852211434732,0.5483649695189639,534810.0,15.250029802322388,1.9036106312558128,23.971254542596817,1692.4332774094373,27.631021114739948,1.9032097406071382,10.077751742797144,1.7549765543364393,2.4669558245432546,30,0,False,42
permABC-SMC,19820.04310344828,0.5534875324402733,551790.0,15.409092903137207,1.880752666683049,23.967566898880385,1669.8516431331623,27.631021114739475,1.8412043236554372,10.07928666996013,1.7177489846981149,2.4411387016421053,30,0,False,42
permABC-SMC,20332.97529538131,0.5575148042623518,567900.0,15.571388483047485,1.853375130133206,23.968880128223255,1655.9912224381856,27.631021114739546,1.7963529218217011,10.085878310321137,1.6913548876616507,2.423615021701492,30,0,False,42
permABC-SMC,20858.369098712446,0.5624641676317469,583200.0,15.726498126983643,1.833883942675616,23.97172780310843,1650.6107858245296,27.631021114739763,1.7463583497043973,10.100397331242208,1.6577484616316205,2.4019533408280327,30,0,False,42
permABC-SMC,31987.480438184666,0.8325177427997301,613200.0,15.959365129470825,1.8152714412799142,23.98326810505712,1569.6403738703834,27.631021114719797,1.6415841525620902,10.065667329752,1.6133592602834157,2.35468536818378,30,0,False,42
permABC-SMC,28983.739837398374,0.7292201094726452,641700.0,16.144933223724365,1.7871909818167642,23.98954552689849,1536.7168511162827,27.631021114719886,1.589959153975948,10.059397201121717,1.5804330510861402,2.332263347158654,30,0,False,42
permABC-SMC,27693.16770186335,0.7105942246336374,668790.0,17.160850524902344,1.7576649365518926,23.981220878311113,1520.5049840338993,27.631021114719797,1.5434588407148504,10.060393949699527,1.5497817130226517,2.3121355438702658,30,0,False,42
permABC-SMC,27461.447212336894,0.7249714122453949,694500.0,18.334527015686035,1.7381448152533905,23.98521127084223,1500.209397246391,27.631021114740392,1.4972621652490372,10.061362213058151,1.5169435392891324,2.292199892470103,30,0,False,42
permABC-SMC,27608.294930875578,0.7434968757922382,718920.0,19.360658645629883,1.711068278845504,23.982894027148504,1479.9600524934356,27.63102111474015,1.462703734468108,10.060420669586087,1.4945017732743606,2.2775880960025616,30,0,False,42
permABC-SMC,27764.309764309764,0.7621545003141038,742140.0,20.372389793395996,1.6864722702749122,23.99407145131793,1455.8508304512586,27.631021114740946,1.432656134858292,10.059351064621515,1.474933615590075,2.2654924431172416,30,0,False,42
permABC-SMC,28209.302325581393,0.7901426169563369,764190.0,21.404963493347168,1.6622195969824338,23.997955245257668,1423.9126364539004,27.631021114741017,1.389527205045703,10.047846098389053,1.4486893005939168,2.246305818359352,30,0,False,42
permABC-SMC,28759.340659340658,0.820270571516547,785130.0,22.393386602401733,1.6428414594727385,23.995308266986626,1404.2354561325758,27.631021114740662,1.3518027824837107,10.044886835897307,1.426991634014118,2.2282254358688216,30,0,False,42
permABC-SMC,29294.75982532751,0.8464610819559778,805020.0,23.26075053215027,1.6232674109652754,23.994444703812846,1387.4511428918781,27.63102111474034,1.320529905638083,10.043675384720949,1.405362052899355,2.2168062536007533,30,0,False,42
permABC-SMC,29851.08695652174,0.8744830152262811,823890.0,24.13573122024536,1.6062049412910369,23.99638696297003,1377.2168400995251,27.6310211147406,1.2940981895045798,10.048583525815436,1.3866052914388702,2.2031793580020995,30,0,False,42
permABC-SMC,30433.839479392624,0.9094303531743269,841800.0,25.15484356880188,1.5868306342147422,24.011818643277735,1362.6855296405563,27.63102111476248,1.270837876200732,10.052755832144621,1.3699066589263975,2.192185494116696,30,0,False,42
permABC-SMC,30948.10810810811,0.9425173149452554,858810.0,26.154855489730835,1.5694311191821826,24.01136727521368,1350.6886339757427,27.631021114783,1.2472970390716318,10.054120543610175,1.3508991002774924,2.178728504102613,30,0,False,42
permABC-SMC,31495.680345572353,0.9781948862700603,874950.0,27.174253940582275,1.5589767077675918,24.01416228294149,1330.8679980300997,27.6310211147834,1.2118756032844857,10.048424794601278,1.3259133897503732,2.1589226380230238,30,0,False,42
permABC-SMC,32047.516198704103,1.0142327213218696,890280.0,28.175384998321533,1.5448390894906165,24.012815721597168,1320.1264949796464,27.631021114783245,1.1886821135700079,10.05235505140736,1.305598172217308,2.1485632117533062,30,0,False,42
permABC-SMC,47781.93146417446,1.4732616712742506,920280.0,28.375019788742065,1.5288799631362062,24.039741296716453,1311.9399614930655,27.63102111470429,1.144925060858006,10.089737293357567,1.2875390598245677,2.130830288798555,30,0,False,42
permABC-SMC,43503.43878954608,1.3475322439166615,948810.0,29.389678239822388,1.5103713750659111,24.035892328334107,1292.1155107588593,27.631021114703913,1.1180397324689397,10.081870557630074,1.2675714558893212,2.1161387899485122,30,0,False,42
permABC-SMC,40211.37206427688,1.2525796595551026,975930.0,30.400108337402344,1.4960723021843751,24.030126051258947,1278.5224774437895,27.631021114703625,1.0913390508972505,10.078567050501363,1.2474764583575046,2.104223210790153,30,0,False,42
permABC-SMC,39748.80952380953,1.246625232318091,1001670.0,31.414955854415894,1.4781042294871616,24.03428267545177,1267.0078150850522,27.63102111470422,1.0722060646884737,10.081067051303368,1.2281719195455258,2.09340341585117,30,0,False,42
permABC-SMC,39450.980392156875,1.2468373853396748,1026120.0,32.43024039268494,1.4580504893958304,24.040129799324667,1255.3400698156306,27.631021114725392,1.0528768252664622,10.081590292280604,1.2129059937050113,2.0827932879070827,30,0,False,42
permABC-SMC,39702.610669693524,1.2336443916577713,1049340.0,32.60522127151489,1.446242620082634,24.051664113957308,1244.674447222084,27.631021114746776,1.0302772068047938,10.083713234316615,1.1951579342889775,2.069504540673305,30,0,False,42
permABC-SMC,39947.42729306487,1.2232983672378848,1071390.0,32.80886220932007,1.4318362626680727,24.053994266683468,1230.6999620750162,27.63102111476728,1.0067433733477336,10.080380858549121,1.177005268674489,2.0586202608484494,30,0,False,42
permABC-SMC,40501.66852057842,1.2232021088506453,1092330.0,32.989760875701904,1.4184069326443403,24.062605776385823,1216.775439589513,27.631021114788414,0.9872436575861239,10.081015471176023,1.1602282651985054,2.0505360823528487,30,0,False,42
permABC-SMC,41056.47840531562,1.224309899086176,1112220.0,33.16655516624451,1.4071776334883508,24.06524953765257,1208.4993189149604,27.631021114808956,0.9684613753805452,10.083335781642674,1.1454353537343132,2.0425225513430822,30,0,False,42
permABC-SMC,41386.38858397365,1.2189022490623185,1131090.0,33.31259846687317,1.3939414752087864,24.061391737654414,1199.3496740548908,27.631021114808547,0.9536251810693711,10.083411654588698,1.1336256121356942,2.034480655980246,30,0,False,42
permABC-SMC,41903.71991247265,1.2166714250910988,1149000.0,33.361130475997925,1.3812205579077954,24.064779096683267,1190.7926804997232,27.631021114809098,0.9365159395917536,10.08580737690282,1.1180737806313001,2.0259593598354404,30,0,False,42
permABC-SMC,42431.22270742358,1.2206885925720525,1166010.0,33.544522523880005,1.365744626449641,24.061056761835275,1182.1001134395997,27.631021114808558,0.9178862659402184,10.090534095521809,1.1042806423084508,2.016761477456203,30,0,False,42
permABC-SMC,42971.64667393675,1.2209408935829753,1182150.0,33.58808398246765,1.3545397960288497,24.07094862580491,1175.1203991327397,27.63102111482978,0.9027283283094677,10.097745402429744,1.0946487829839553,2.0111502782677864,30,0,False,42
permABC-SMC,43528.8985823337,1.2271801457323623,1197480.0,33.75972580909729,1.3420118188484922,24.06925226068745,1166.0533408855545,27.631021114829352,0.8857440466741566,10.096541317577651,1.0799485190439606,2.0035868129456533,30,0,False,42
permABC-SMC,63831.513260530424,1.766760945630086,1227480.0,33.97481298446655,1.3317812052240803,24.0134445522009,1162.4917713100208,27.631021114663017,0.835947814945897,10.096668140717924,1.0588224232748016,1.988563170103205,30,0,False,42
permABC-SMC,56728.997289972904,1.542366154040963,1255980.0,34.14798665046692,1.3220164195713977,24.007447054727916,1153.9233687023266,27.63102111466249,0.822333951692987,10.096207543586994,1.046358690244482,1.9802530522842419,30,0,False,42
permABC-SMC,52671.18226600984,1.4096022630951477,1283070.0,34.3379111289978,1.3120632470507383,24.005172805764524,1147.2066532711694,27.631021114662097,0.8070747920129462,10.097030724266364,1.0344729361676293,1.9728138575980536,30,0,False,42
permABC-SMC,51628.40236686391,1.362815599234617,1308780.0,34.547375440597534,1.3028951616834823,24.010449506497306,1142.2887301066253,27.631021114661767,0.7961449469020211,10.103371151048304,1.024516057104194,1.968073399232229,30,0,False,42
permABC-SMC,51436.342592592606,1.340089168077634,1333230.0,34.735111236572266,1.294949266579557,24.01579372187947,1135.0068906402748,27.63102111468209,0.7836393490811738,10.106617361446153,1.0121330622080928,1.9599156885965452,30,0,False,42
permABC-SMC,51264.1723356009,1.3192990649764682,1356450.0,34.908653259277344,1.2855829487297525,24.01045487847521,1128.0393075905215,27.631021114681722,0.769046911972326,10.107031128218646,1.0003877395804193,1.9522649772066938,30,0,False,42
permABC-SMC,51455.767077267636,1.310428748962015,1378500.0,35.10638618469238,1.2743971419310558,24.00957204501089,1119.774514987504,27.63102111468169,0.7566493211309662,10.104281879740176,0.9898783310172682,1.9424049750546777,30,0,False,42
permABC-SMC,51889.87764182425,1.3394148207435708,1399470.0,36.1240177154541,1.2662863078146325,24.015909733921177,1109.7571663285403,27.631021114682063,0.7498216618357226,10.10117777344595,0.9807351724207763,1.9396172265964449,30,0,False,42
permABC-SMC,52221.85430463576,1.3599663380755493,1419390.0,36.96388506889343,1.2576940863162342,24.03254936799944,1100.4593934505342,27.631021114744854,0.7382351072426281,10.103783034838225,0.9699164009794543,1.9351487735872495,30,0,False,42
permABC-SMC,52511.500547645126,1.387625499640385,1438290.0,38.00706243515015,1.2484053630028544,24.03505733249966,1088.5488929320004,27.63102111474465,0.7240627795762754,10.096362407142266,0.9589546369642242,1.9272398239505557,30,0,False,42
permABC-SMC,53166.48411829135,1.4252048985459327,1456230.0,39.036362171173096,1.2390559064075564,24.033118264231312,1083.659515148885,27.63102111474435,0.7076835065750956,10.100323484614096,0.9484564147661005,1.9213483314409445,30,0,False,42
permABC-SMC,53612.445414847156,1.4568487542858986,1473270.0,40.03420376777649,1.2323291750733392,24.037115002933724,1074.3593512386446,27.631021114744748,0.6991844384860784,10.097687006274835,0.9391230332505508,1.9144784425518364,30,0,False,42
permABC-SMC,54200.87336244541,1.4884579997222323,1489440.0,40.90282583236694,1.2231223874336283,24.03920064172187,1067.0534594531914,27.63102111474443,0.6907165284887221,10.097981251267912,0.9320230671900637,1.9080298285733641,30,0,False,42
permABC-SMC,54759.82532751092,1.5203923897972274,1504800.0,41.78038287162781,1.214613838623088,24.044578644390207,1062.980985227262,27.631021114786144,0.679358021831526,10.102141990817557,0.9232462550182194,1.9068467994132818,30,0,False,42
permABC-SMC,79564.54121306376,2.178491119772366,1534800.0,42.023093700408936,1.205014409628199,24.041339033032116,1043.520438137099,27.631021114745987,0.6525176844580588,10.075492215453753,0.9106650523672406,1.9024140676062269,30,0,False,42
permABC-SMC,71285.9097127223,1.9261706652730446,1563300.0,42.240922689437866,1.1932450199509943,24.04375145748638,1036.3759700973696,27.63102111474669,0.6408149155279946,10.07481707180059,0.901611607437408,1.8954499535477118,30,0,False,42
permABC-SMC,66599.24623115578,1.7765704011996983,1590390.0,42.424501180648804,1.1864798358834616,24.046695259543284,1034.7012268093858,27.631021114746762,0.6320058052662334,10.083525317214036,0.8926798183999632,1.8916928076869315,30,0,False,42
permABC-SMC,65455.65006075336,1.7253824359929337,1616100.0,42.59969234466553,1.1811693145002928,24.046551241786915,1025.5805375759387,27.63102111474629,0.6224404545206409,10.077328287891937,0.883268674926393,1.8865241362217782,30,0,False,42
permABC-SMC,64259.69447708579,1.675485135805733,1640550.0,42.77513551712036,1.1735741195079608,24.038536727939068,1019.9549840971,27.631021114745696,0.6123809558587584,10.075048402379075,0.8760988405983435,1.8826389575406024,30,0,False,42
permABC-SMC,63819.33256616801,1.6471924981167365,1663770.0,42.94230842590332,1.165338996105192,24.04970013895137,1013.8769286200384,27.63102111474585,0.6017949424406351,10.080259333571469,0.8681208002578231,1.8797854916534138,30,0,False,42
permABC-SMC,63352.874859075535,1.6202724593691877,1685820.0,43.11545014381409,1.1584371879992672,24.060560807006752,1008.355835411538,27.631021114766877,0.5900748386391949,10.08555022727196,0.8598745905021146,1.8777056325833483,30,0,False,42
permABC-SMC,63566.48044692737,1.6133425444420044,1706760.0,43.31824731826782,1.15024624148072,24.05509370468401,1003.3516586637638,27.631021114766675,0.5807376721113138,10.084289805685561,0.8512418035752414,1.872987808674711,30,0,False,42
permABC-SMC,63737.541528239206,1.6057600082617132,1726650.0,43.500038623809814,1.1417848082178768,24.06884598270432,999.7986374020742,27.631021114788116,0.5721815403594877,10.09085681414028,0.8450340609710068,1.8707896297392046,30,0,False,42
permABC-SMC,64008.800880088005,1.6016786510270289,1745520.0,43.67777681350708,1.133696166737326,24.081925531526927,994.5616685254063,27.63102111483043,0.5632198991801566,10.0938299901932,0.8373946291362142,1.865035410969757,30,0,False,42
permABC-SMC,64452.850877192985,1.6038300785404898,1763430.0,43.8807909488678,1.126028374994429,24.07366725340837,985.9129909374617,27.631021114829736,0.5554260814626496,10.086213845013644,0.8294462969850801,1.8621415473533327,30,0,False,42
permABC-SMC,64932.16630196936,1.6021459751282183,1780440.0,43.93084263801575,1.1197982118830594,24.07989402431652,980.493599566511,27.631021114850768,0.5498748762596686,10.08629652190028,0.8242501569798514,1.859503097461186,30,0,False,42
permABC-SMC,65449.180327868846,1.6061179885447348,1796580.0,44.08793878555298,1.1111869316374954,24.084097499378032,974.2583165015952,27.631021114851144,0.5422639478229726,10.083065928366516,0.8196122632155537,1.8514281520417226,30,0,False,42
permABC-SMC,65935.58951965065,1.6109488763489923,1811910.0,44.26887512207031,1.1057255297498083,24.08092755708062,967.5032084251168,27.631021114871693,0.5347505498636618,10.080331821864833,0.813134132040662,1.8463818847482614,30,0,False,42
permABC-SMC,100158.23817292007,2.411709368520615,1841910.0,44.351335287094116,1.099184152510718,24.02075900705239,970.4925131636406,27.631021114724273,0.5085669272564541,10.101628891568279,0.8053147863731586,1.8440169093720404,30,0,False,42
permABC-SMC,88561.07954545456,2.108887966835138,1870410.0,44.539713859558105,1.092962021335374,24.0243248349126,965.8744966587594,27.631021114724266,0.500368456124202,10.10211639647903,0.7970687081821913,1.8424574063415988,30,0,False,42
permABC-SMC,82570.49608355091,1.9410249458591868,1897470.0,44.604753255844116,1.0862415381397037,24.035344701834504,965.1681924151744,27.6310211147249,0.4921469937546332,10.116147493033411,0.7897386924826141,1.8385211450143788,30,0,False,42
permABC-SMC,79732.58706467663,1.8566263453482,1923150.0,44.781827449798584,1.081021995419409,24.042313823448996,961.6655727664686,27.63102111476635,0.48561675354382977,10.120443963209183,0.7828717278371718,1.8355912863517176,30,0,False,42
permABC-SMC,77653.11004784689,1.787939187632413,1947540.0,44.84151482582092,1.0752163678242022,24.057622004019834,956.8649868228478,27.631021114787803,0.47610681825710904,10.126153876013698,0.7745416534390953,1.8303770337684526,30,0,False,42
permABC-SMC,77010.550996483,1.7592207907512347,1970700.0,45.0184600353241,1.0675961577549111,24.053663848529627,952.7000306281014,27.6310211147873,0.46971175568408796,10.125356678474493,0.7679893602747299,1.8265084358871087,30,0,False,42
permABC-SMC,76173.16513761468,1.7230405082031857,1992690.0,45.07473969459534,1.0609544942526445,24.054945905886733,950.1430539031188,27.63102111478706,0.46270563326607433,10.129225071469873,0.7618425039939007,1.8244356701053352,30,0,False,42
permABC-SMC,76358.36177474403,1.7155643480494025,2013570.0,45.239431858062744,1.054512170444491,24.06226315898517,943.7787649816561,27.631021114787423,0.45511926513153167,10.128375389122384,0.7570879917874951,1.8235739477254733,30,0,False,42
permABC-SMC,76587.57062146893,1.7058755942881667,2033400.0,45.29099702835083,1.0497922462961138,24.074363851995965,939.5955023511762,27.631021114788698,0.44862450430123485,10.131472891643028,0.7530626553075019,1.822148290764118,30,0,False,42
permABC-SMC,76604.7032474804,1.6924049125406537,2052240.0,45.33952760696411,1.044368212182771,24.076049639278175,934.6766134803605,27.63102111478857,0.4403674979427305,10.131953389037788,0.745316429582698,1.8200643849445541,30,0,False,42
permABC-SMC,77185.68232662193,1.6922519955503506,2070120.0,45.3861985206604,1.0378237218596191,24.07899901616519,931.5726324536924,27.63102111478845,0.4358917894092729,10.134765115948621,0.7405012190448309,1.8190768395642838,30,0,False,42
permABC-SMC,77731.84357541898,1.6920494278493985,2087100.0,45.43152713775635,1.031565464959496,24.08181508341857,928.6162749507096,27.631021114788503,0.4291770363405554,10.13926470774117,0.73339872224233,1.8136840269918535,30,0,False,42
permABC-SMC,78331.843575419,1.6989543495675483,2103210.0,45.61692428588867,1.0255750634135525,24.089341648732443,927.2795977692997,27.631021114788854,0.4234298466642895,10.146013153164922,0.7277351540344544,1.81206777741396,30,0,False,42
permABC-SMC,78725.75250836121,1.701782840372948,2118510.0,45.794976234436035,1.0189831283611406,24.08737066036561,923.5711341614566,27.631021114789565,0.4165967019493183,10.146258421483324,0.7214137325631537,1.8090050698590885,30,0,False,42
permABC-SMC,118767.82752902155,2.5360907158711923,2148510.0,45.87788105010986,1.013076420457523,24.10018028221537,915.4037351475208,27.631021114731176,0.40767090913678233,10.14225108263065,0.7251343449692833,1.8078161565907707,30,0,False,42
permABC-SMC,107667.65578635012,2.278196505104163,2177040.0,46.06513333320618,1.0081967177930349,24.097061068544388,913.4532057457209,27.63102111473043,0.4015983557290141,10.143993263933226,0.7209149839918109,1.807365870714278,30,0,False,42
permABC-SMC,100370.21857923498,2.1059833154869425,2204130.0,46.24739360809326,1.003036586745524,24.10088480880663,910.5001630985034,27.631021114730956,0.3960962630961753,10.146612727376946,0.7158021782137483,1.80694380934548,30,0,False,42
permABC-SMC,96156.53298835705,2.0020980267444526,2229870.0,46.42865324020386,0.9988332575313328,24.126177502745247,905.8131045605741,27.631021114754343,0.3904321074110453,10.151419321606525,0.712387929406434,1.8048859001520503,30,0,False,42
permABC-SMC,94520.75471698113,1.955785401462259,2254320.0,46.64548182487488,0.9957359251941401,24.118406273879152,903.8262138578342,27.63102111475362,0.3846817839777865,10.152054671730568,0.7063002148776539,1.8006357900071321,30,0,False,42
permABC-SMC,92582.9268292683,1.8988257695019732,2277540.0,46.711113929748535,0.9918736991243339,24.12418327676272,899.0151614087738,27.6310211147739,0.3809255354266071,10.149971826823789,0.7015309664469426,1.7974826383849467,30,0,False,42
permABC-SMC,91471.36038186157,1.86513778986965,2299590.0,46.889564037323,0.9869116584535164,24.12459964686285,897.2538670276421,27.63102111477382,0.3758716195030624,10.153138834425897,0.6961362292094845,1.7945594366976845,30,0,False,42
permABC-SMC,90469.00584795322,1.83017712122748,2320530.0,46.94404315948486,0.9829491696853959,24.116907378174517,893.800401348182,27.63102111477304,0.369535325020825,10.150524856544076,0.691025771574035,1.7910419376990097,30,0,False,42
permABC-SMC,90608.59465737516,1.8246043526844788,2340420.0,47.12953042984009,0.9778929545096964,24.10789805622414,891.3138932769037,27.63102111477254,0.36536699640590625,10.149452541046779,0.6859448978340513,1.7890503371181277,30,0,False,42
permABC-SMC,90498.27387802071,1.8142529726485708,2359290.0,47.29757499694824,0.9733905725926668,24.110373499017754,889.2621258777343,27.631021114772953,0.3604160093754965,10.154273902401627,0.6793913662641771,1.7862046826291662,30,0,False,42
permABC-SMC,90871.55963302751,1.8144510390197102,2377200.0,47.466039180755615,0.9690767945597341,24.112122367450823,888.8309364703093,27.63102111477265,0.356987406420055,10.162580145934285,0.6762740269178209,1.784337339271688,30,0,False,42
permABC-SMC,91312.35697940504,1.8166769469266262,2394210.0,47.63326954841614,0.9653452149560783,24.11970627239466,887.2222061573257,27.631021114793914,0.35492511103674623,10.167012118446056,0.674611599145456,1.7835603285115884,30,0,False,42
permABC-SMC,91825.14285714286,1.8452407836914062,2410410.0,48.437570571899414,0.9618460990231148,24.112603810888537,884.8797308693456,27.631021114793178,0.35105424417240416,10.167319210415936,0.6704115603098925,1.7815578683672324,30,0,False,42
permABC-SMC,91990.89874857794,1.8745735553253948,2425800.0,49.432504653930664,0.9554340441273016,24.117069175126467,880.8982844166135,27.63102111479321,0.34653262827362774,10.16531719355063,0.6658144531764125,1.780091592603893,30,0,False,42
permABC-SMC,143111.8881118881,2.892613466525133,2455800.0,49.63724708557129,0.951984243053174,24.159058905893183,872.958302294666,27.631021114838983,0.33206466608724167,10.160438036684926,0.6628209979301162,1.7775252408397515,30,0,False,42
permABC-SMC,126427.4809160305,2.536304998033829,2484300.0,49.838393211364746,0.9477927980362038,24.164718159299525,869.3185542016998,27.631021114839196,0.32900578171919537,10.160817063059586,0.658951323011522,1.775716765183724,30,0,False,42
permABC-SMC,119079.6586059744,2.373367432114523,2511390.0,50.05431914329529,0.9439606902776605,24.179356841241972,869.3764406969964,27.631021114860594,0.3268929886663227,10.171928083481365,0.656219885750597,1.7745090632060747,30,0,False,42
permABC-SMC,113822.34185733514,2.2542373114714658,2537100.0,50.246949672698975,0.9393000127828199,24.20808414339369,868.418090831578,27.63102111488324,0.3231256016756525,10.183822978427454,0.6528375105650174,1.7742905980048465,30,0,False,42
permABC-SMC,110744.48767833982,2.181179421421155,2561520.0,50.45068001747131,0.9346643850122432,24.211876907774453,866.6710637885665,27.631021114883435,0.32025734459689886,10.188980369979694,0.649207213167994,1.7724951200240586,30,0,False,42
permABC-SMC,108921.61820480405,2.161662065174024,2584710.0,51.29624080657959,0.9308472895911826,24.215093546535353,864.8205592038858,27.631021114903817,0.3168714630095348,10.192269700817178,0.649096102339003,1.774404722420386,30,0,False,42
permABC-SMC,107140.56720098642,2.150590273758731,2606730.0,52.32386136054993,0.9275116020774514,24.213410735930047,861.619024069658,27.631021114903795,0.3145068716959786,10.18985014156731,0.6434979060676522,1.7719842239060826,30,0,False,42
permABC-SMC,106296.11650485436,2.1575407688671717,2627640.0,53.334407806396484,0.9241614880448059,24.209181460337923,859.4490247037068,27.631021114903167,0.31181078251426475,10.189508288320003,0.6401105716441133,1.773772784335631,30,0,False,42
permABC-SMC,106325.30120481928,2.1808491174475737,2647500.0,54.30314302444458,0.9215621906375057,24.214221877777717,856.8818817578136,27.63102111490295,0.3084752476861036,10.190742299450664,0.6376374310765104,1.7722047560765035,30,0,False,42
permABC-SMC,106186.37992831542,2.170802140701154,2666340.0,54.50884175300598,0.9168561285649187,24.21561257862927,854.0999028703475,27.631021114903618,0.30481559977081557,10.191900408735616,0.635955953972178,1.7701994149758675,30,0,False,42
permABC-SMC,106011.84834123222,2.1596994916033028,2684220.0,54.68359112739563,0.9129738535474965,24.224519055134103,853.3455593816489,27.63102111490381,0.3019518419735258,10.200090048792923,0.632606202057142,1.7697441004938543,30,0,False,42
permABC-SMC,106180.4245283019,2.15655839855566,2701230.0,54.86284565925598,0.9101732835200771,24.211817730250345,851.4734544124074,27.631021114902865,0.3000770172251249,10.199781364664238,0.6279989721611366,1.769245144057036,30,0,False,42
permABC-SMC,106563.5294117647,2.1593460288702273,2717370.0,55.063323736190796,0.9073045362682144,24.21422618506197,848.4484520201511,27.631021114903017,0.2991916967012671,10.20043881621497,0.626787316704431,1.7681095083633316,30,0,False,42
permABC-SMC,106787.80773739741,2.158417604825794,2732700.0,55.233906507492065,0.9032236167878764,24.206109265680876,846.6640275484872,27.6310211149023,0.2973980790002237,10.199064390499824,0.6254641294569453,1.7670032126319304,30,0,False,42
permABC-SMC,160715.53228621295,3.2266267584533876,2762700.0,55.46571397781372,0.8990925554601934,24.163499854662312,840.9809781576677,27.631021114839143,0.28400566140315464,10.181425547275444,0.6144461013626762,1.7632312427861028,30,0,False,42
permABC-SMC,146289.3081761006,2.9111304498068686,2791200.0,55.54436898231506,0.8945233585628058,24.16142497165113,840.0020305525811,27.63102111483864,0.2789853648356409,10.184172421362765,0.6085401811073599,1.762633687267365,30,0,False,42
permABC-SMC,134975.5747126437,2.6685057243624866,2818290.0,55.71839952468872,0.8898300882255928,24.155374412917297,838.3505873241127,27.631021114837882,0.275121760089155,10.18492465030205,0.6045109957817718,1.7606147715212537,30,0,False,42
permABC-SMC,127935.22267206479,2.5152866656963644,2844000.0,55.914822578430176,0.8860524289078257,24.148385812979196,836.7170000648341,27.631021114837303,0.27096337581180957,10.185598369556107,0.5988113890368152,1.7584754361136794,30,0,False,42
permABC-SMC,125807.8947368421,2.455464005470276,2868420.0,55.98457932472229,0.8812328783652829,24.147681836557965,834.3123737588354,27.631021114836813,0.2700632979506788,10.184260477991204,0.5967084742140744,1.7581974213053393,30,0,False,42
permABC-SMC,123257.03324808183,2.389195508054455,2891610.0,56.05052661895752,0.8774668536460881,24.156010537657522,831.3593019682833,27.63102111487879,0.26755299608230343,10.184788713991002,0.5937325525973888,1.7580526866002135,30,0,False,42
permABC-SMC,120797.26368159204,2.332021842153116,2913630.0,56.248366832733154,0.8750467452366242,24.15684819367962,830.2345971568625,27.631021114899116,0.26630067525592827,10.186012308722093,0.5908514932242743,1.7575523404862168,30,0,False,42
permABC-SMC,120022.08588957055,2.302813247181399,2934540.0,56.303783893585205,0.8715651690800434,24.164634021257726,829.4347529398694,27.63102111489975,0.2664587278398049,10.190390883354919,0.5910271046771062,1.760033432067267,30,0,False,42
permABC-SMC,118507.82190132371,2.265177201517031,2954400.0,56.47086763381958,0.8681880065287414,24.164537911170118,828.4639868654126,27.631021114899347,0.26539130572434916,10.194538255670318,0.5881082274252979,1.7603253348995473,30,0,False,42
permABC-SMC,118408.60215053763,2.2565534512676693,2973240.0,56.66205716133118,0.8651257853954658,24.156598355241798,825.2016890704979,27.631021114898594,0.26322681098369227,10.188697701522377,0.5834088752131651,1.757497009196604,30,0,False,42
permABC-SMC,118132.70142180094,2.2398235391101564,2991120.0,56.712332010269165,0.8622191878242746,24.1568060215291,824.462422398148,27.631021114898378,0.261203139338065,10.192395127657042,0.5796307148497567,1.7567815310031258,30,0,False,42
permABC-SMC,118522.4586288416,2.2363515892209174,3008100.0,56.75860333442688,0.859450998089103,24.162946244113087,821.5849475434622,27.63102111491985,0.25725625584302947,10.19318050451284,0.5771103389295243,1.7580494301014744,30,0,False,42
permABC-SMC,118040.98360655738,2.2217319404399554,3024210.0,56.920772314071655,0.8565859289389886,24.154111623330863,819.3636477453942,27.63102111491924,0.25463504534337805,10.191666785937072,0.5718992528883874,1.7541761651356627,30,0,False,42
permABC-SMC,118085.08158508159,2.2130550760211367,3039510.0,56.96403765678406,0.8522262239301501,24.156872190887633,814.7793549219836,27.631021114940157,0.25269469226931646,10.186155253609083,0.5678834778830398,1.7504716963389564,30,0,False,42
permABC-SMC,182708.92857142858,3.3955015313057673,3069510.0,57.04442572593689,0.849021860937037,24.110336702361074,819.8612433987298,27.63102111487542,0.23767211448779593,10.213443369057202,0.5650740730851365,1.752255884062454,30,0,False,42
permABC-SMC,166828.75605815832,3.0760371434669307,3098010.0,57.12200975418091,0.8448351279741192,24.106182494135606,818.7564980327586,27.631021114874926,0.23899670284578145,10.21439228201748,0.5662004982080657,1.7512017335313883,30,0,False,42
permABC-SMC,157354.9848942598,2.880016302414171,3125070.0,57.197123765945435,0.8423269636842503,24.10156923486179,816.5090199282299,27.631021114874432,0.23556621273952325,10.2128705940447,0.5613056010358349,1.7491847382811592,30,0,False,42
permABC-SMC,150684.36154949784,2.7447554097114026,3150810.0,57.39283561706543,0.839298902338327,24.105943896769972,815.6768862282102,27.631021114874667,0.2352916621153764,10.218397008654916,0.56021621450171,1.7490238102245759,30,0,False,42
permABC-SMC,147002.77777777778,2.6652733264146033,3175260.0,57.56990385055542,0.8364687188604135,24.11377793498873,813.9443871130348,27.6310211148954,0.23303119831753352,10.222772356687893,0.5552534338870501,1.7488171607690952,30,0,False,42
permABC-SMC,142344.4592790387,2.5714592345831497,3198480.0,57.780689001083374,0.8336121057417876,24.118371246129996,809.6197486504568,27.631021114895987,0.23041170682665507,10.218502035620803,0.5496688060374559,1.747169946508362,30,0,False,42
permABC-SMC,139963.49413298565,2.5532427480665305,3220560.0,58.750115633010864,0.8301453497123443,24.1234038167865,808.6367308330914,27.631021114896395,0.22905709803786448,10.224178544810096,0.5476264651553332,1.7467951624212807,30,0,False,42
permABC-SMC,138172.63427109976,2.5129900157502445,3241530.0,58.95474576950073,0.8263893706669938,24.13122714958584,803.8064135123327,27.63102111489654,0.2267139596808402,10.216939167067032,0.5451034302959281,1.7422941487722217,30,0,False,42
permABC-SMC,137963.19796954317,2.4962346868466607,3261450.0,59.010987997055054,0.8233258793861364,24.140260921735106,800.0194732145738,27.63102111489773,0.2233447326134565,10.213284608816348,0.5415509871781071,1.7408172296553668,30,0,False,42
permABC-SMC,137715.3652392947,2.5195550358065226,3280380.0,60.01580095291138,0.8204816915839084,24.136199936837166,798.1447011675134,27.631021114897216,0.22228601139236315,10.215376961825463,0.542895785517905,1.740251944632815,30,0,False,42
permABC-SMC,136409.42928039705,2.523048994854721,3298380.0,61.00732469558716,0.8182008991803157,24.13690443818694,796.435655962747,27.63102111489696,0.22006644817346746,10.217319551785211,0.5385377774993322,1.7394317612561563,30,0,False,42
permABC-SMC,135769.0417690418,2.540262754972991,3315480.0,62.03321647644043,0.8157245081349276,24.13397228630192,793.8835406107985,27.631021114896644,0.2186666628972809,10.215091222738035,0.5365801256099626,1.7378376315741086,30,0,False,42
permABC-SMC,135600.73260073262,2.562732651896432,3331710.0,62.96634125709534,0.8130551899101014,24.15074250756728,791.291424110352,27.631021114898232,0.2185487312305559,10.218112436413408,0.5353664323250313,1.7376897365562836,30,0,False,42
permABC-SMC,135237.57575757577,2.589840860077829,3347130.0,64.09856128692627,0.8094151000041224,24.162810559509,789.2957302069594,27.631021114899255,0.21742501189558366,10.221398858051115,0.532149857182548,1.736992567217373,30,0,False,42
permABC-SMC,215653.25670498083,4.0986901042105135,3377130.0,64.18548703193665,0.8059481589088857,24.172148593245005,786.68929667088,27.631021114900644,0.2041468771723976,10.226556303021903,0.530164315219682,1.7404336255783015,30,0,False,42
permABC-SMC,193391.82282793868,3.6493183197723336,3405630.0,64.2644956111908,0.8035651736782593,24.17122739053738,785.9581683626676,27.631021114900612,0.20381033856527322,10.230282394410409,0.529330253531915,1.7411173622438842,30,0,False,42
permABC-SMC,179347.96238244514,3.3674510295114546,3432720.0,64.45301270484924,0.8005126713317274,24.185103482541525,782.4107637919615,27.631021114922863,0.2018269526940988,10.230133342213698,0.5259770624195427,1.7400693372524934,30,0,False,42
permABC-SMC,170534.02366863907,3.1813778938391266,3458430.0,64.5183436870575,0.7976515344882261,24.188622018422095,781.1803663556864,27.631021114943405,0.19948273368347902,10.232970702178253,0.5225729270557063,1.7392170709907282,30,0,False,42
permABC-SMC,164207.92079207924,3.0447963721793765,3482850.0,64.58013105392456,0.7944753578680395,24.183464742699073,779.8787476829666,27.631021114942858,0.19784654873732674,10.23394092818192,0.5177770379358151,1.7374041516586027,30,0,False,42
permABC-SMC,159004.08163265305,2.938062176953097,3506040.0,64.7842710018158,0.7916312291846369,24.191942651662664,778.9829834112711,27.631021114943145,0.1969644847618532,10.239920388959844,0.5159569278525107,1.7374480222739694,30,0,False,42
permABC-SMC,155352.70805812418,2.860446429788043,3528060.0,64.96073842048645,0.7876845441819167,24.201485070848083,776.3842125473998,27.631021114943657,0.19644990132225726,10.239739365536153,0.5134392487850868,1.737038220496128,30,0,False,42
permABC-SMC,154035.15625,2.827005119373401,3548970.0,65.13419795036316,0.7859202417845594,24.219215662289137,774.4227186133188,27.631021114944563,0.19676531188187116,10.244270862860137,0.5130876839615113,1.7376191770884188,30,0,False,42
permABC-SMC,151929.75734355042,2.7751076013395357,3568830.0,65.1872775554657,0.7825034901983846,24.240921703848883,770.3177711367864,27.63102111498746,0.1947892233563812,10.243063767887653,0.5090168813806543,1.738362743591209,30,0,False,42
permABC-SMC,150617.12846347605,2.7442267019142133,3587700.0,65.36748003959656,0.7795304231573833,24.24170879826002,768.4053458634401,27.631021114987686,0.1934938429629785,10.24622291106117,0.5081310398244396,1.7390329533148596,30,0,False,42
permABC-SMC,150233.75,2.72563636302948,3605610.0,65.41527271270752,0.774858368207996,24.252592826700003,766.2623981238506,27.63102111498859,0.19235968509202245,10.249947389446515,0.5039809565204868,1.7386171980189986,30,0,False,42
permABC-SMC,149633.20941759602,2.7038830856014413,3622620.0,65.46100950241089,0.7726387221443999,24.25897710018127,765.5628034590972,27.63102111498898,0.19051839358384473,10.253707428622315,0.49952802282934533,1.738793131562048,30,0,False,42
permABC-SMC,149743.2098765432,2.6956964127811385,3638760.0,65.50542283058167,0.7695642368330933,24.25679542635499,761.4957738632635,27.631021114988712,0.19049852593653357,10.247694314295487,0.4981918666466043,1.735069437824469,30,0,False,42
permABC-SMC,150003.69458128078,2.690798504207717,3654090.0,65.5478515625,0.7672484285428667,24.24880254514951,759.7294641124674,27.63102111498835,0.19008071184024825,10.243102124050598,0.4962548618006903,1.7333922233543635,30,0,False,42
permABC-SMC,238916.34241245137,4.255953264916763,3684090.0,65.62679934501648,0.7639709237207628,24.241581368029177,756.7816179345077,27.631021114947764,0.1758755114351319,10.235505679184685,0.48840881149755194,1.7302306896262647,30,0,False,42
permABC-SMC,219033.6283185841,3.876404509080195,3712620.0,65.7050564289093,0.7607677026914548,24.23744387541536,756.1591723744325,27.631021114947142,0.1750385319516769,10.237852166117719,0.4864092224305161,1.7301726725712567,30,0,False,42
permABC-SMC,205367.3805601318,3.6123619179094577,3739740.0,65.78111052513123,0.7579341168683669,24.23965707877901,754.7733445083588,27.631021114946805,0.17329287344505626,10.239423824801696,0.48385060460381424,1.7280248984500501,30,0,False,42
permABC-SMC,195509.34579439252,3.4591946646431895,3765510.0,66.62408924102783,0.753894484012166,24.235291483116164,752.1449451084407,27.631021114946286,0.17431346807489667,10.232978810849168,0.48377967030988245,1.726620435103688,30,0,False,42
permABC-SMC,186608.56720827176,3.328779834294659,3790020.0,67.60751843452454,0.7520394129783656,24.240277572993577,750.8060190285507,27.631021114946762,0.17458484206121969,10.235408610532081,0.4829850329496782,1.7271754559846313,30,0,False,42
permABC-SMC,180297.87234042553,3.2359429961400674,3813300.0,68.44019436836243,0.7497538825080564,24.249385687259515,746.7365210735611,27.63102111494761,0.17474446992996862,10.23009081265684,0.48237982693482206,1.725163284435371,30,0,False,42
permABC-SMC,175855.57083906466,3.1827636510612,3835410.0,69.41607522964478,0.7471251859107586,24.256075438735202,745.1493729655117,27.63102111494778,0.1735290756599036,10.232557787512572,0.47837846298341263,1.7266424509342633,30,0,False,42
permABC-SMC,173010.76716016151,3.1507651118111215,3856410.0,70.2305543422699,0.7443449892966626,24.263108082796222,744.2514640706895,27.631021114948368,0.1730044246457896,10.238704410386344,0.4750932772302775,1.7268271911079869,30,0,False,42
permABC-SMC,172975.9036144578,3.1794433985262884,3876390.0,71.25132656097412,0.7414149341808834,24.262067709168274,742.6197326213269,27.631021114948396,0.17254059397808494,10.235243104825374,0.4736201666350402,1.7261989518239755,30,0,False,42
permABC-SMC,172436.91899070385,3.192238830897385,3895350.0,72.11267518997192,0.7391290646860035,24.26529955924191,742.0849503419706,27.631021114948496,0.17175384724948234,10.239596355272543,0.4712697195775475,1.7253240648873296,30,0,False,42
permABC-SMC,171639.4736842105,3.208349995445787,3913380.0,73.15037989616394,0.7353463643310808,24.270272711839826,741.516334736619,27.631021114949476,0.17374546194759036,10.243544956402488,0.47449345778262636,1.7273035638871392,30,0,False,42
permABC-SMC,170153.24675324676,3.2108366644227657,3930540.0,74.1703269481659,0.7337160214671936,24.269118366607835,740.8085868769534,27.631021114949352,0.17515670468559955,10.246699860685759,0.47508221813675483,1.7283191067426347,30,0,False,42
permABC-SMC,170195.3428201811,3.2424005057699676,3946830.0,75.19126772880554,0.7315481021228463,24.271849561655365,738.4476941612279,27.631021114949135,0.17624833295667122,10.24398810956518,0.47598871898156253,1.727190997648624,30,0,False,42
permABC-SMC,170201.03092783506,3.2754149940825,3962280.0,76.2516610622406,0.7281400007150833,24.279416475676896,737.3297719579775,27.631021114949604,0.1780273600897197,10.24574138792174,0.47655491648613996,1.7278554615053028,30,0,False,42
permABC-SMC,271030.549898167,5.193213872657046,3992280.0,76.49604034423828,0.7260183129689711,24.2503637045288,739.7856137150941,27.631021114928622,0.172362774084952,10.252009926417834,0.4772024739795825,1.731503627907756,30,0,False,42
permABC-SMC,251930.45112781954,4.806275774064219,4020810.0,76.70816135406494,0.7240894438695402,24.24921912497969,738.0430075289986,27.631021114928068,0.17167883935692674,10.250376301598344,0.47505073165553724,1.7313901318036014,30,0,False,42
permABC-SMC,234258.6805555556,4.502050840744267,4047990.0,77.79543852806091,0.7226467352744336,24.24961622174149,736.5641564022034,27.63102111492785,0.1692211783123036,10.250006221198106,0.4703617421786336,1.7317806004486667,30,0,False,42
permABC-SMC,226321.66666666666,4.371879749827914,4073790.0,78.69383549690247,0.720476855567624,24.26189913905264,735.7439791683162,27.631021114928192,0.16705217632924524,10.253826039147697,0.46977442850424705,1.7330184976734255,30,0,False,42
permABC-SMC,218228.43450479233,4.240064435619643,4098330.0,79.62841010093689,0.7180054085547589,24.25238895793772,734.0322503777064,27.631021114927297,0.16531194753862485,10.249571863678897,0.4655840409306404,1.7332637682077894,30,0,False,42
permABC-SMC,211367.69230769228,4.139340168390518,4121670.0,80.71713328361511,0.7150325717296486,24.262235325981496,733.761516938365,27.631021114948826,0.16340407334595,10.258054015056922,0.4636583937124691,1.7339889585350563,30,0,False,42
permABC-SMC,206472.34678624812,4.074334183556557,4143900.0,81.7718870639801,0.7133854751245434,24.289319273992263,733.3234005623369,27.63102111499172,0.16342789745416467,10.268201831869971,0.46320160888696,1.7371346796863056,30,0,False,42
permABC-SMC,203869.30983847284,4.053980966905024,4165050.0,82.82283115386963,0.7117789950088812,24.286584523054508,731.1449108809225,27.63102111499116,0.16233296571016848,10.264805422459276,0.46119132832222653,1.736230235821712,30,0,False,42
permABC-SMC,201014.40922190202,4.027598735578466,4185120.0,83.85460567474365,0.7093911641319489,24.289004617091628,730.0621312560963,27.631021114990826,0.16183458396579672,10.269105680799726,0.4594981943837906,1.7350084547686058,30,0,False,42
permABC-SMC,199344.23897581792,4.023952561003611,4204170.0,84.86515951156616,0.7065140750315926,24.302365445818875,729.3845445359102,27.631021115011947,0.161705974699574,10.274148420333407,0.4571320725843828,1.7358499768029332,30,0,False,42
permABC-SMC,197949.3670886076,4.027565443286636,4222260.0,85.90797090530396,0.7042533878326235,24.30782102237154,728.3840596409009,27.631021115012036,0.16179020458176732,10.27707587453343,0.45472547392848256,1.7369915485161536,30,0,False,42
permABC-SMC,196269.44444444447,3.98496793376075,4239420.0,86.07530736923218,0.7023938648317768,24.30656836330041,727.625328971289,27.63102111501166,0.1621421918525094,10.278796211999081,0.45459932237429607,1.7360225314020197,30,0,False,42
permABC-SMC,194858.5164835165,3.943487248577914,4255710.0,86.12576150894165,0.7003960381272336,24.313952154932924,727.768183951782,27.63102111501245,0.16078428460562594,10.285549793260282,0.4503138353446822,1.7361908843955067,30,0,False,42
permABC-SMC,194763.33789329688,3.9339665675130657,4271160.0,86.27188682556152,0.6986274960386967,24.314933089271875,727.7199795284082,27.631021115013077,0.1620183320383854,10.290361709693471,0.45054392827129136,1.7362322328735693,30,0,False,42
permABC-SMC,298070.6860706861,5.9843883362398,4301160.0,86.35472369194031,0.6961020435937402,24.29835569914336,728.3193208365421,27.631021114973088,0.15473468558985595,10.304344675876095,0.4488904527182846,1.7366495847771877,30,0,False,42
permABC-SMC,272305.6603773585,5.436029374224585,4329660.0,86.4328670501709,0.6940805787323024,24.307862244809602,724.4055219239084,27.631021114973603,0.15608083680449245,10.296200045149575,0.4494730696833297,1.735247694278898,30,0,False,42
permABC-SMC,251256.0553633218,4.988814266495226,4356780.0,86.50603938102722,0.6921975422562061,24.319662972790354,722.539391633801,27.631021114974782,0.15679764941843696,10.293675960183588,0.4518469433606546,1.7344594039898524,30,0,False,42
permABC-SMC,241062.70627062707,4.762271344989571,4382520.0,86.5780930519104,0.6900727768839903,24.32033819329269,721.808320085606,27.63102111497522,0.15564769013490856,10.2977210225297,0.4520493089656982,1.7352048723462616,30,0,False,42
permABC-SMC,234288.67623604467,4.611735316047891,4406970.0,86.74674129486084,0.6877163829589318,24.32498715730615,720.958867406249,27.631021114996233,0.1560437580509436,10.295979714334885,0.45104634150186945,1.7354117002848541,30,0,False,42
permABC-SMC,231468.65203761755,4.535798979154326,4430310.0,86.8151924610138,0.6857880643150429,24.31416273482221,720.3526005434755,27.631021114995402,0.15820279415385485,10.294869394341406,0.4526023502170756,1.7372170817958439,30,0,False,42
permABC-SMC,227984.6390168971,4.453409603175541,4452540.0,86.97508955001831,0.6839771387172928,24.308960982112374,719.6742285761248,27.631021114994798,0.15697675041702683,10.295440132306108,0.44890049407574495,1.7381563914429943,30,0,False,42
permABC-SMC,224920.06033182502,4.423235456448455,4473660.0,87.97815322875977,0.6823650824727568,24.30364732943732,719.9620718739582,27.63102111499409,0.15787852006892983,10.300145534481262,0.44952356171551505,1.7391981927695095,30,0,False,42
permABC-SMC,220603.82916053018,4.370504942488074,4493700.0,89.02718567848206,0.6810129434284854,24.30488558611732,718.5296605914892,27.631021114993604,0.1570483295399247,10.297023738306018,0.44655459575943346,1.7374352148007404,30,0,False,42
permABC-SMC,216756.4841498559,4.326167092886712,4512870.0,90.07079887390137,0.678218508225483,24.31052495132362,716.9990746464626,27.63102111501441,0.15982627291647974,10.295554137666642,0.4487837345837551,1.7384164802093118,30,0,False,42
permABC-SMC,215459.3437945792,4.324316162185561,4531110.0,90.94036889076233,0.6766471141634998,24.314060079757617,716.6164669871332,27.631021115014217,0.16014286983034592,10.296342350854365,0.44797666420308263,1.7374556025892813,30,0,False,42
permABC-SMC,215974.35897435897,4.367823410577584,4548420.0,91.98636102676392,0.6753854575979811,24.336783210554206,714.8180223366276,27.631021115036635,0.16094214681539273,10.295748838785098,0.44746077780408366,1.7379788085880195,30,0,False,42
permABC-SMC,215528.32861189803,4.392368552592479,4564890.0,93.03036594390869,0.6740011915239148,24.340492744760994,715.6330953543084,27.63102111505832,0.16147375906379116,10.307993373085521,0.44592404270813296,1.7387068911461392,30,0,False,42
permABC-SMC,215351.1988716502,4.422923797836986,4580520.0,94.07558917999268,0.6722023712081767,24.34026728811775,714.426980073194,27.631021115079044,0.16140975831873458,10.306736128962175,0.44361989497240745,1.7373231753335256,30,0,False,42
permABC-SMC,330503.2258064516,6.750258886685934,4610520.0,94.1661114692688,0.6707338662731754,24.304732708956372,713.5128929119367,27.631021114976164,0.14939107185074893,10.308566608388594,0.43737013376435363,1.7328602631212746,30,0,False,42
permABC-SMC,304399.6062992126,6.184015358526876,4639050.0,94.24439406394958,0.6686993336046926,24.313826332151876,711.136274500554,27.631021114996987,0.15061165338622715,10.302020491088683,0.43857880409298056,1.732001442278703,30,0,False,42
permABC-SMC,286443.8305709024,5.797579231402711,4666170.0,94.44256567955017,0.6673524379986359,24.328271640202786,709.1307765701332,27.631021114998234,0.148950530983211,10.304880763311726,0.4356888789327507,1.733410600810117,30,0,False,42
permABC-SMC,271994.7826086956,5.487406122511712,4691910.0,94.65775561332703,0.6649091977882503,24.33633525418074,707.8423614917523,27.6310211149986,0.14940210644740504,10.306516092230897,0.4337668165399185,1.7330204643087292,30,0,False,42
permABC-SMC,262896.3210702342,5.27984907262966,4716360.0,94.72049236297607,0.6631460621791209,24.32952503408999,706.324377718784,27.631021114997832,0.1488675179127713,10.304677066363606,0.4309758208520409,1.73085847529203,30,0,False,42
permABC-SMC,253589.08507223113,5.071202148531388,4739580.0,94.78076815605164,0.6609399735925882,24.323888262931874,705.8597323039456,27.631021114997143,0.14853393768859077,10.303662054960258,0.429130950345006,1.729704768365532,30,0,False,42
permABC-SMC,249171.11459968603,4.962756033657359,4761660.0,94.83826780319214,0.658734880195347,24.333237043719663,704.5119332608197,27.631021115017735,0.14860463116431685,10.303487555002656,0.4270166824425878,1.7297036384327333,30,0,False,42
permABC-SMC,243024.39024390245,4.872469858425419,4782720.0,95.89020681381226,0.6571109736237801,24.34307856289343,702.9047379956769,27.631021115038543,0.1488065249253114,10.302195801549528,0.42649411282558075,1.7303650828025343,30,0,False,42
permABC-SMC,243300.9118541033,4.860647072545662,4802760.0,95.94917321205139,0.6551616712328461,24.3460352712732,703.1011280661792,27.6310211150385,0.1495992152627089,10.306704686331807,0.4256703365973015,1.7296628524041016,30,0,False,42
permABC-SMC,241330.33033033033,4.847577169492796,4821780.0,96.85459184646606,0.6534239680945644,24.343117533587268,701.8320731564799,27.63102111503814,0.14990252907587864,10.30375565617075,0.42533575216468283,1.7292651241403585,30,0,False,42
permABC-SMC,239359.0504451038,4.843548615301869,4839840.0,97.93655300140381,0.6505387340625168,24.341707842213314,700.695053117967,27.631021115038436,0.1492960171047631,10.302985824865399,0.4235554559233344,1.729128310194575,30,0,False,42
permABC-SMC,237741.55653450807,4.844952936681298,4857060.0,98.98238849639893,0.6488062083543628,24.348528257809534,700.1281367162453,27.631021115038394,0.15099328309739427,10.305393308768037,0.4228009248201006,1.730687563855439,30,0,False,42
permABC-SMC,236114.8255813954,4.835905758447426,4873410.0,99.81309485435486,0.6467314205852779,24.340001767478732,699.6942944069758,27.631021115037676,0.1488675131157433,10.306573210863538,0.42001148413935235,1.7295016316728984,30,0,False,42
permABC-SMC,233472.77936962753,4.815208479235485,4888920.0,100.83046555519104,0.6453423047907824,24.35305408491307,698.9481836605179,27.63102111505928,0.15240420874433244,10.310420116042815,0.42110498040313193,1.730731678627625,30,0,False,42
permABC-SMC,371800.45351473923,7.627636180713333,4918920.0,100.9136266708374,0.6439007600316045,24.354885331311333,695.9553061210216,27.63102111501836,0.14623566006851724,10.305054369797576,0.42408881724930036,1.7291804690838988,30,0,False,42
permABC-SMC,353894.8497854077,7.234848773530625,4947450.0,101.14318585395813,0.6419387086583017,24.361873851518205,695.8223839288139,27.63102111503943,0.14826475841823408,10.310308391206535,0.42553155693500455,1.7304699333630331,30,0,False,42
permABC-SMC,331638.0,6.74748174349467,4974570.0,101.21222615242004,0.6406879959365873,24.370897635276055,692.026522160944,27.631021115039527,0.14696784577650387,10.302610988892908,0.4240837112218188,1.731245710569733,30,0,False,42
permABC-SMC,319917.46641074854,6.479819874998399,5000310.0,101.27958464622498,0.6383531773712108,24.357455264522045,692.2684756130566,27.63102111503873,0.14854753920440514,10.30443108183231,0.4241204833869253,1.7309156088326554,30,0,False,42
permABC-SMC,308456.7219152854,6.221184546117623,5024760.0,101.3430962562561,0.6374806116253403,24.350590063268353,691.6887996016133,27.631021115059372,0.148155242096289,10.308138837180566,0.42617386998786616,1.7346648125389073,30,0,False,42
permABC-SMC,302095.1526032316,6.118278828728777,5048010.0,102.23643922805786,0.6355465037935962,24.34781473787622,690.5849580833228,27.631021115058942,0.14693252191104922,10.305523483824244,0.42337973653287114,1.7347225091809706,30,0,False,42
permABC-SMC,295978.9842381786,5.971611485589825,5070120.0,102.29370474815369,0.6341476890571325,24.342997309714193,689.6376745713443,27.63102111505839,0.14536832576925757,10.304748714268653,0.42051607547183406,1.7340925938933383,30,0,False,42
permABC-SMC,288613.94557823124,5.847357662897261,5091150.0,103.14738917350769,0.6327802259240447,24.34229594977927,688.5228417487034,27.63102111505811,0.14694802754375674,10.303617117681073,0.4199756601173078,1.7351263315851704,30,0,False,42
permABC-SMC,283479.20133111486,5.730537077617592,5111130.0,103.32158350944519,0.6299341767043315,24.344673008679546,687.7071044488762,27.631021115058047,0.14715806406495943,10.303051380790363,0.42007565628413707,1.7347690888782912,30,0,False,42
permABC-SMC,280793.1034482759,5.658054208259603,5130090.0,103.37265038490295,0.6284085130145087,24.363651176732894,684.4921372506763,27.631021115059365,0.14515695066389192,10.29659949267508,0.414850263159774,1.731826758375504,30,0,False,42
permABC-SMC,276333.3333333333,5.551313995611136,5148090.0,103.42097973823547,0.626284253203726,24.359499889383244,684.441740633356,27.631021115059035,0.1478393403062917,10.298279163584914,0.4165576989676184,1.732830844061262,30,0,False,42
permABC-SMC,273724.96025437204,5.490845438659538,5165190.0,103.6122534275055,0.6242735098257661,24.36154621773215,683.6714656837503,27.631021115059063,0.15052669863620635,10.299050189741488,0.4186214352322461,1.7331377397594114,30,0,False,42
permABC-SMC,271564.465408805,5.48132613020123,5181450.0,104.5837025642395,0.6228675787935032,24.371228315347853,682.9752182708646,27.631021115059113,0.15088943146911146,10.304482862772993,0.42018985278985455,1.7343908540754454,30,0,False,42
permABC-SMC,268572.0930232558,5.407095780976367,5196870.0,104.6273033618927,0.6216398756349079,24.3766711584176,681.1237642349583,27.631021115059216,0.1536556109589711,10.301287750584732,0.42180062720154754,1.7345518122645935,30,0,False,42
permABC-SMC,423914.84184914845,8.492136852391251,5226870.0,104.70804738998413,0.6204928238577035,24.356368550566806,680.2539961659882,27.631021115059163,0.1454267872453897,10.299791486810733,0.4189369888338518,1.7323466799011265,30,0,False,42
permABC-SMC,398136.36363636365,7.938436992240675,5255400.0,104.7873682975769,0.6173035121955736,24.364991180457743,679.1806983894547,27.631021115059198,0.1446326596367907,10.299040235581206,0.41619280057622027,1.73016493983244,30,0,False,42
permABC-SMC,377051.39186295494,7.484729012619334,5282490.0,104.86105346679688,0.6155481691145606,24.354414542953485,678.796322532481,27.63102111505863,0.1447640713787432,10.299171572009337,0.41209542338079164,1.7284582435816969,30,0,False,42
permABC-SMC,362588.11475409835,7.175620396931966,5308290.0,105.05108261108398,0.6136046569050978,24.348882147765654,678.3192375407508,27.631021115058115,0.14805646761211103,10.298907949825752,0.41557561007262306,1.7290349119661426,30,0,False,42
permABC-SMC,355520.0,7.007603693008423,5332800.0,105.11405539512634,0.6124730245637241,24.34558851117707,677.1802738801606,27.63102111505765,0.14835164689388522,10.296447733387176,0.4141019565122408,1.728646248189658,30,0,False,42
permABC-SMC,344671.8146718146,6.827962137710786,5356200.0,106.10653162002563,0.6112396522199207,24.361371359148343,674.9881709893066,27.63102111505816,0.1493219952213854,10.29105394582167,0.41298936794809626,1.7265858682332422,30,0,False,42
permABC-SMC,338266.0377358491,6.676990610998382,5378430.0,106.16415071487427,0.6098273766673639,24.36487695614561,674.8581317220043,27.631021115058456,0.1497579890217457,10.294693083943992,0.4124625029913165,1.7275873354502758,30,0,False,42
permABC-SMC,326059.78260869556,6.414223465942529,5399550.0,106.2195405960083,0.6083458650987147,24.347374649679963,675.0680349060763,27.631021115057592,0.14982683698150268,10.297729560509211,0.40921613887708574,1.7297683443033656,30,0,False,42
permABC-SMC,323173.5241502683,6.345750763790195,5419620.0,106.4182403087616,0.6068483415564311,24.352760460428108,674.282157162226,27.631021115057607,0.15102644343191426,10.29732415457012,0.4084554687534757,1.7292960409777889,30,0,False,42
permABC-SMC,318050.87719298253,6.233314505794593,5438670.0,106.58967804908752,0.6059999452274996,24.357831374771433,674.0752444291638,27.631021115057653,0.14882841925700607,10.30177809747604,0.40286140586034447,1.7298209008680216,30,0,False,42
permABC-SMC,314693.77162629756,6.204372610050364,5456790.0,107.58382105827332,0.6051361920819731,24.35270309885807,673.9310844309261,27.631021115057237,0.1502102540442681,10.30625336282088,0.40384332560615116,1.7303218559239812,30,0,False,42
permABC-SMC,312441.7808219178,6.190790079500033,5473980.0,108.46264219284058,0.6039870475572913,24.34175940493278,673.6494439555678,27.631021115057035,0.1517866300649441,10.309568099106274,0.40446606585447775,1.7327759715305975,30,0,False,42
permABC-SMC,311771.72061328794,6.208972386647733,5490300.0,109.34000372886658,0.6022074020891345,24.347614576786924,672.9443630303955,27.631021115056967,0.15424924727588493,10.308593398499674,0.4065067280535065,1.7319707241081919,30,0,False,42
permABC-SMC,311589.1341256368,6.23839232094489,5505780.0,110.23239231109619,0.6010264229109349,24.347400950520314,672.1593092587063,27.63102111505734,0.15657902989435832,10.308081071332335,0.4084469137226089,1.730638760466967,30,0,False,42
permABC-SMC,509740.3314917127,10.157851970876338,5535780.0,110.31427240371704,0.5988413854481973,24.351318807066253,669.8573195739917,27.63102111507754,0.15477469767722105,10.3009856051876,0.4134650168596125,1.731846283117771,30,0,False,42
permABC-SMC,478030.92783505155,9.483799901614892,5564280.0,110.39143085479736,0.5975079906270392,24.34655680501556,670.2879645574922,27.63102111507718,0.15570236083314754,10.307858736502354,0.41251135528488553,1.7333561748510224,30,0,False,42
permABC-SMC,465947.5,9.205560743808746,5591370.0,110.46672892570496,0.5957310754657142,24.340125057934443,669.8875095719663,27.631021115077008,0.1565242074311228,10.309002050229152,0.41004442546929654,1.7316404255778752,30,0,False,42
permABC-SMC,454468.4466019418,9.020187322375843,5617230.0,111.48951530456543,0.5949106648165662,24.341633037116544,669.1543909110655,27.631021115076713,0.15619763798010375,10.307285963139929,0.40977641107564006,1.7317543500511732,30,0,False,42
permABC-SMC,439406.5420560748,8.761873014990787,5641980.0,112.50244951248169,0.5930663856178738,24.362672087509257,667.9696021962972,27.6310211150773,0.15621406791886805,10.308169316820736,0.4083077920625183,1.7329968975763204,30,0,False,42
permABC-SMC,425337.8378378378,8.52509438096582,5665500.0,113.55425715446472,0.5920609276311556,24.352780961489387,667.1139203375925,27.631021115076646,0.15470441400751722,10.30866821105301,0.4051711346175265,1.731669917761666,30,0,False,42
permABC-SMC,408614.2241379311,8.227374122060578,5687910.0,114.52504777908325,0.5897509452246085,24.351367163773297,666.2446361024386,27.631021115076415,0.15411967995143203,10.305274534405774,0.40337209959319403,1.731801575561276,30,0,False,42
permABC-SMC,406647.4358974359,8.230767324779109,5709330.0,115.55997323989868,0.588461755201557,24.359619585495146,664.3362684047984,27.631021115077512,0.15432610659213528,10.298674888563353,0.40133497682460106,1.7292037279896477,30,0,False,42
permABC-SMC,397066.5280665281,8.079565752733934,5729670.0,116.58813381195068,0.5869973962001827,24.352420498866586,663.4263719252315,27.631021115077008,0.15510469162030097,10.2991577100684,0.40067337928402236,1.7276610222577293,30,0,False,42
permABC-SMC,392690.5737704918,8.032483758170748,5748990.0,117.59556221961975,0.5860785920022736,24.352774715970774,664.0647342319452,27.6310211150771,0.15678963902184054,10.304886761868286,0.39978152917537135,1.7302902009295686,30,0,False,42
permABC-SMC,389949.2900608519,8.01255375731225,5767350.0,118.5056700706482,0.5842809062583878,24.370210992783946,661.5893360512882,27.63102111507809,0.15751526649808106,10.292068204612306,0.4005648659498609,1.7266628183838475,30,0,False,42
permABC-SMC,386432.86573146295,7.985527386407336,5784900.0,119.54334497451782,0.5826476685138008,24.37094566216107,660.5094807959641,27.6310211150779,0.16126679580549366,10.287248835082565,0.4021195199224341,1.725990738382836,30,0,False,42
permABC-SMC,384463.22067594435,7.989523188020317,5801550.0,120.56190490722656,0.581677122336088,24.353543192041002,660.2130804795836,27.63102111507711,0.16422230621567838,10.285722650962438,0.40485350352447014,1.725007884431861,30,0,False,42
permABC-SMC,381716.53543307085,7.994909377235753,5817360.0,121.84241890907288,0.5807409946440147,24.36045897471785,660.3293407178671,27.63102111507756,0.16370013912568573,10.287064342933617,0.40246423807079024,1.724322276132019,30,0,False,42
permABC-SMC,379710.9375,7.999817732100685,5832360.0,122.87720036506653,0.5800111070715989,24.378240461697825,657.3087230219573,27.63102111507832,0.16596123037776528,10.275179118159588,0.40631536269218593,1.7240152484377942,30,0,False,42
permABC-SMC,620355.5555555556,13.012107238567696,5862360.0,122.96441340446472,0.5784049149452528,24.377028889544135,657.5816713137565,27.631021115057347,0.16196701539028896,10.280960941973776,0.40570259640134976,1.7241553801075276,30,0,False,42
permABC-SMC,575841.642228739,12.02753876660926,5890860.0,123.04172158241272,0.5762828265615884,24.38836214655158,656.493566176867,27.631021115079502,0.16300312129780606,10.277451188769666,0.4065407546758787,1.7257206633863351,30,0,False,42
permABC-SMC,563617.1428571428,11.725554579780216,5917980.0,123.11832308769226,0.5750207293062299,24.37701644738002,656.6955944633412,27.631021115078763,0.16665396178111766,10.279085501789377,0.4110411660371208,1.7272122918061557,30,0,False,42
permABC-SMC,547314.9171270718,11.34363667521468,5943840.0,123.19189429283142,0.5729050112133124,24.385594454276948,656.0938205335992,27.63102111507988,0.1685714533284869,10.27903726700267,0.41309152600458404,1.727307236232493,30,0,False,42
permABC-SMC,520803.66492146597,10.845850982799163,5968410.0,124.29345226287842,0.5708019927120123,24.37669136992468,655.91777119569,27.63102111507924,0.170155036679012,10.27592288654604,0.41197944476462245,1.7261789928541948,30,0,False,42
permABC-SMC,514765.4639175257,10.76997838069483,5991870.0,125.36254835128784,0.569468808476266,24.40519767386375,656.3232417891776,27.631021115102065,0.1726097151803615,10.28445230449591,0.41410935922019065,1.7292041033806904,30,0,False,42
permABC-SMC,502436.0902255639,10.562215731755433,6014160.0,126.42972230911255,0.568464303579542,24.457639172028173,654.7659894900053,27.63102111512615,0.17558854460854034,10.306075302300309,0.4185417416341644,1.7347725287390023,30,0,False,42
permABC-SMC,482446.0431654676,10.18924385333042,6035400.0,127.46744060516357,0.5667852835879373,24.470869098766805,652.7889599329635,27.63102111512792,0.17899550260555605,10.299878090697264,0.4203482335521212,1.7347551361104043,30,0,False,42
permABC-SMC,477191.4893617021,10.127223749814586,6055560.0,128.5144693851471,0.5662467328839204,24.48643451020223,653.6725742702097,27.63102111512809,0.17330207973991632,10.314044816822657,0.4172573456684405,1.7331458125009616,30,0,False,42
permABC-SMC,469819.0255220418,10.015150768666514,6074760.0,129.49589943885803,0.5641742756796626,24.52130601084972,649.7292046120078,27.631021115150645,0.17470487000682278,10.299420744762193,0.41597287617354545,1.7297297916689063,30,0,False,42
permABC-SMC,463703.196347032,9.937784298006983,6093060.0,130.58248567581177,0.5629076764432858,24.528507283936868,648.8652389129429,27.631021115172008,0.1753476237552685,10.299807893065282,0.4171676049668386,1.7295012809443493,30,0,False,42
permABC-SMC,460816.74208144797,9.929544929285754,6110430.0,131.6657657623291,0.5620570988793667,24.522591955222858,648.3929085936877,27.631021115171517,0.1800113998048122,10.301313408973497,0.4226201602460056,1.7324526498070976,30,0,False,42
permABC-SMC,459979.72972972976,9.965601250216052,6126930.0,132.7418086528778,0.5606104961758797,24.54082511594512,647.2897132765979,27.63102111519339,0.18223813579712558,10.304915773192016,0.4223177542992299,1.734626772248775,30,0,False,42
permABC-SMC,458060.40268456377,9.978476466748539,6142590.0,133.8113694190979,0.5589483571668342,24.54282709888613,644.8561291547743,27.63102111521418,0.18356178246866575,10.296879238768117,0.4230797497495345,1.7322186753502196,30,0,False,42
permABC-SMC,729620.5673758867,15.8271227886209,6172590.0,133.8974587917328,0.5577654799720952,24.523660703198864,644.5149983679781,27.631021115131478,0.1794342015270662,10.295987474829735,0.4218096925617871,1.7329412793414307,30,0,False,42
permABC-SMC,689020.0,14.99783664279514,6201180.0,134.98052978515625,0.5567800935431718,24.511905759876754,642.9938546081698,27.631021115151405,0.17868360683785786,10.287860640237287,0.41958227947820964,1.7323446778361125,30,0,False,42
permABC-SMC,667562.7009646302,14.474727128735182,6228360.0,135.04920411109924,0.5551749518120617,24.51256438797831,642.9205035335642,27.631021115151096,0.18180582913691842,10.285882148422523,0.4214412854449578,1.7310243490540556,30,0,False,42
permABC-SMC,647431.6770186336,14.090884398229374,6254190.0,136.11794328689575,0.5536699700619391,24.538626786927694,644.450227931592,27.631021115173315,0.18519738094667698,10.300638268857936,0.422899114553989,1.733441337752165,30,0,False,42
permABC-SMC,628501.5015015015,13.644617336529034,6278730.0,136.30972719192505,0.5527064691611568,24.545330046593158,644.5415991147861,27.631021115173322,0.18947774364918724,10.303277539838287,0.4223643295190606,1.7326054648903697,30,0,False,42
permABC-SMC,617849.9999999999,13.3850439155803,6302070.0,136.52744793891907,0.5519755688006929,24.532954784932457,644.5552037970937,27.631021115172857,0.19211338225007146,10.308768602027891,0.42490763480941524,1.7354318319618265,30,0,False,42
permABC-SMC,611078.2608695653,13.280186330638646,6324660.0,137.44992852210999,0.5507236148874441,24.529418759844603,645.0650816103896,27.631021115172498,0.19609910619066806,10.31182345073146,0.42782441534533366,1.7353309597898943,30,0,False,42
permABC-SMC,590888.2681564246,12.900244967675519,6346140.0,138.54863095283508,0.5503058936542002,24.53901874635047,643.1132278910859,27.631021115193178,0.19283491050063198,10.302143596469959,0.42334943226542693,1.7320745149513292,30,0,False,42
permABC-SMC,581435.6164383562,12.751656819696295,6366720.0,139.63064217567444,0.5496417625495617,24.527451267920405,642.5815588104592,27.631021115192635,0.19298788943355044,10.297061139500187,0.4205249077947804,1.7299335731832006,30,0,False,42
permABC-SMC,581636.6120218579,12.815047569830778,6386370.0,140.70922231674194,0.5487072340016095,24.533965137760575,642.0967824021137,27.631021115192862,0.19404849627048934,10.297495812307687,0.4178957851539066,1.7272178767993507,30,0,False,42
permABC-SMC,575474.3935309974,12.72511987780411,6405030.0,141.63058423995972,0.548167937436781,24.563202554533365,640.869216705808,27.63102111519451,0.19377859036972495,10.296349105603728,0.4149854012203295,1.7262059463121358,30,0,False,42
permABC-SMC,570928.0,12.594294781155057,6422940.0,141.68581628799438,0.5467273153838145,24.57195887036687,640.8358330625811,27.63102111519451,0.19966501653154717,10.298089152964206,0.41625471451028084,1.7252865416920105,30,0,False,42
permABC-SMC,566398.4168865435,12.46548390954654,6439950.0,141.7325520515442,0.5462618392538909,24.55294286821997,640.8014916204502,27.631021115193796,0.19888636863558548,10.301864619788754,0.41575526388294926,1.7240300815291896,30,0,False,42
permABC-SMC,564839.8950131234,12.404001645633032,6456120.0,141.77773880958557,0.5453759273373471,24.555617751306848,640.7391227714364,27.631021115193498,0.19653505246619576,10.307880871729681,0.4158793542265197,1.726520843997936,30,0,False,42
permABC-SMC,563255.8746736293,12.434111625033944,6471810.0,142.86794257164001,0.5446918242568138,24.539456070866585,640.8296915527828,27.631021115192972,0.19732508501295498,10.308995204462068,0.4161334414528238,1.727317484783446,30,0,False,42
permABC-SMC,863454.1832669323,18.984632314755462,6501810.0,142.95428133010864,0.5441940546636237,24.505007859542555,640.5040534393733,27.631021115171013,0.1884791745510044,10.304960191459518,0.41597001733941397,1.7276980640397532,30,0,False,42
permABC-SMC,830828.2442748093,18.197604263101823,6530310.0,143.03316950798035,0.5423837173989371,24.505053076452523,640.5804982459806,27.631021115170814,0.19190808436948917,10.30308644618868,0.41778057139076374,1.7288571467962595,30,0,False,42
permABC-SMC,786262.5899280575,17.159494221639292,6557430.0,143.11018180847168,0.5412399751439116,24.49967107447013,640.2563095450612,27.631021115170284,0.19202365284724704,10.301389891071187,0.41910275146049614,1.727896439654091,30,0,False,42
permABC-SMC,767286.7132867132,16.80925434285944,6583320.0,144.223402261734,0.5383181033686415,24.527055383436448,639.8353947026087,27.63102111517118,0.20064393069092834,10.303920908250854,0.4244703238446698,1.7295451672309337,30,0,False,42
permABC-SMC,749197.2789115646,16.47208047832221,6607920.0,145.28374981880188,0.5375607124889638,24.531489272307244,640.4132744065519,27.631021115170924,0.20210662417713607,10.305887951586175,0.42528427362393306,1.7286878633944216,30,0,False,42
permABC-SMC,732000.0,16.153900144379133,6631920.0,146.35433530807495,0.5370745744596985,24.513476767874604,640.1247895818806,27.63102111517049,0.20133471307141332,10.304823260209787,0.4229766858723833,1.7263691202418485,30,0,False,42
permABC-SMC,710977.5641025641,15.75272093471299,6654750.0,147.44546794891357,0.5369160301033516,24.471384474998846,639.0375414019746,27.63102111516947,0.1944133083800373,10.30769114722173,0.4248713877765415,1.7313408332595916,30,0,False,42
permABC-SMC,682671.7791411041,15.188235495475656,6676530.0,148.54094314575195,0.5352290463901649,24.49139818830389,638.5839308764819,27.631021115171094,0.19627631284441863,10.310986315879253,0.42625886565716026,1.7321140642000983,30,0,False,42
permABC-SMC,676496.9696969697,15.114843291465682,6697320.0,149.63694858551025,0.5336936662522495,24.50883989453844,638.7354468822264,27.631021115171848,0.20108526543122782,10.314618287054968,0.4301427424899842,1.7328533928046563,30,0,False,42
permABC-SMC,660477.8761061947,14.819944244804871,6717060.0,150.71883296966553,0.5333079381532694,24.535161752658954,639.993850642742,27.6310211151729,0.20264169415734068,10.328305222132734,0.42813967059468455,1.7340875001960783,30,0,False,42
permABC-SMC,645198.275862069,14.52506317032708,6735870.0,151.64165949821472,0.5318956804922181,24.535389522685612,639.6561224688699,27.63102111517304,0.20578363511161743,10.32720392889051,0.4287614860023344,1.7345846145530188,30,0,False,42
permABC-SMC,639568.181818182,14.465554194016892,6753840.0,152.75625228881836,0.5315371257333701,24.52112079560456,640.9922318551264,27.63102111517235,0.20454381163124058,10.346706663939097,0.4341512752276497,1.7368740950105956,30,0,False,42
permABC-SMC,630438.5474860335,14.308587621266172,6770910.0,153.67423105239868,0.530403590422323,24.53497547217897,641.4434865352944,27.63102111519347,0.2107600557477631,10.347372546098068,0.43782830248179105,1.7374339816609197,30,0,False,42
permABC-SMC,623258.9531680441,14.212807260378442,6787290.0,154.77747106552124,0.5291164440628103,24.535151061834462,640.41963240356,27.631021115193267,0.21644206347242326,10.34356046682047,0.44055291374995525,1.736249095792399,30,0,False,42
permABC-SMC,624699.7245179063,14.217248392061316,6802980.0,154.82583498954773,0.5280342914486498,24.553175574250023,640.9369783549228,27.63102111519359,0.21737997256635597,10.348261130086444,0.43952804558912495,1.7369105323971223,30,0,False,42
permABC-SMC,626077.134986226,14.221177306932741,6817980.0,154.86862087249756,0.526834691018436,24.575576413963496,640.6497792583676,27.63102111521533,0.2207305479803879,10.348401923226351,0.44073640842620454,1.7361709291984877,30,0,False,42
permABC-SMC,1028225.2252252251,23.26589002981558,6847980.0,154.95082759857178,0.5266088350341512,24.542917327569192,640.498580038755,27.631021115173485,0.2105390298138188,10.345320320886339,0.44023137932148537,1.733856926703536,30,0,False,42
permABC-SMC,967172.9957805909,21.924267237699485,6876600.0,155.88154006004333,0.5265382868422727,24.589575459559455,642.1515682239932,27.631021115196578,0.20339564149899142,10.389311940635281,0.43442388681011807,1.741408151415881,30,0,False,42
permABC-SMC,924204.8192771084,21.018098667762683,6903810.0,157.00519704818726,0.5257649274568108,24.60588672744179,640.4730531889766,27.631021115196777,0.2046049569674981,10.382679216846077,0.4342110013967318,1.7407277154819456,30,0,False,42
permABC-SMC,895329.4573643411,20.428798765483137,6929850.0,158.11890244483948,0.5240811219527354,24.599768950858156,639.9721417720291,27.631021115196347,0.21014865485202647,10.383119952902861,0.4373257649699412,1.739646306548904,30,0,False,42
permABC-SMC,874792.4528301887,19.913587540200673,6954600.0,158.31302094459534,0.524020094407051,24.578965453214206,640.7388248984496,27.63102111519549,0.20282057615296278,10.394239283845996,0.4327073299791854,1.7423505428224342,30,0,False,42
permABC-SMC,842768.1159420288,19.1273087752614,6978120.0,158.37411665916443,0.5231725327606298,24.605361655664396,641.3572813490717,27.631021115218072,0.20909259927508725,10.400481937048012,0.43797341420610897,1.7423187670663847,30,0,False,42
permABC-SMC,804648.275862069,18.328878304053998,7000440.0,159.46124124526978,0.5217451001065436,24.60499783306798,640.2875329001148,27.631021115217887,0.2161231825393391,10.397797633201643,0.44292293345888545,1.7442897720778388,30,0,False,42
permABC-SMC,798819.1126279864,18.265732156538718,7021620.0,160.55578565597534,0.5211753580096271,24.58764606029945,639.8035566845505,27.631021115217163,0.22010419598282036,10.394643220066577,0.4455446136285647,1.744176952521779,30,0,False,42
permABC-SMC,792986.4864864866,18.20475520851376,7041720.0,161.65822625160217,0.5202433006148057,24.586600136748956,639.1756118813569,27.63102111521696,0.220360726702241,10.39937253008374,0.4480003959322003,1.7465059064636115,30,0,False,42
permABC-SMC,779344.3708609272,17.94556458264787,7060860.0,162.58681511878967,0.5199587221561776,24.561533948419445,638.2053238580409,27.631021115216146,0.21711440300063628,10.397800786955052,0.44614863074632916,1.747128437749422,30,0,False,42
permABC-SMC,763653.7216828478,17.66047629466463,7079070.0,163.71261525154114,0.519174480259887,24.540871111056724,637.5587600746688,27.631021115215386,0.22402973744258103,10.397433720485589,0.4496851785568216,1.7476631207561852,30,0,False,42
permABC-SMC,750955.5555555555,17.440679640997022,7096530.0,164.81442260742188,0.5176045798344374,24.556189696816446,636.5835573101261,27.631021115215752,0.22827260764092294,10.394287797354563,0.44969074843025314,1.7469271624873037,30,0,False,42
permABC-SMC,731808.6419753087,16.961865685113665,7113180.0,164.8693344593048,0.5166779214575644,24.545414642155222,636.8949703277946,27.63102111521516,0.2320184542296228,10.396682313841449,0.45407615942368296,1.7463990797214783,30,0,False,42
permABC-SMC,720106.0606060607,16.764506860212848,7129050.0,165.96861791610718,0.5152104698681657,24.55436196883676,636.1628844346935,27.63102111521523,0.23589671756850197,10.39527832964679,0.45499533132364983,1.7463889686110483,30,0,False,42
permABC-SMC,715126.1261261262,16.722246882197137,7144110.0,167.0552463531494,0.5144344423857977,24.553192365257292,636.49062883956,27.631021115215407,0.23468099998310313,10.396925973393856,0.4515422859874884,1.7451761644365373,30,0,False,42
permABC-SMC,1149697.1153846155,26.785632891532707,7174110.0,167.14234924316406,0.5134140267655317,24.550835906281783,636.1014889578078,27.631021115175095,0.2258331157928021,10.395320038188549,0.44746648657175964,1.7429531680126622,30,0,False,42
permABC-SMC,1076627.802690583,24.99561994065084,7202640.0,167.2206974029541,0.512596770042015,24.54731552269965,635.6991622136813,27.631021115174747,0.2248106674016235,10.393203058909853,0.44694228377025363,1.7413069877199434,30,0,False,42
permABC-SMC,1038771.5517241379,24.037152768551618,7229850.0,167.29858326911926,0.5111434260302622,24.561140968442206,634.6626916623931,27.63102111517651,0.23038266311934688,10.389794244747502,0.44927785059343317,1.7404714832369468,30,0,False,42
permABC-SMC,995316.8724279836,23.098079330800164,7255860.0,168.3849983215332,0.5109545365154374,24.57014290529539,634.3313962330112,27.631021115176484,0.23168400107419243,10.389065344084239,0.449599169411769,1.7385847288422833,30,0,False,42
permABC-SMC,951709.8039215687,22.1549600401735,7280580.0,169.48544430732727,0.5092415877410303,24.58374598025428,634.4952325571222,27.63102111519847,0.23850663404674752,10.392487098266692,0.4537707690672562,1.7387330597345876,30,0,False,42
permABC-SMC,936415.3846153845,21.754271831267918,7304040.0,169.68332028388977,0.5080377631270012,24.604063545512574,633.5302199708644,27.63102111519882,0.24251358165206374,10.386870854461298,0.4546916877940534,1.737752929587429,30,0,False,42
permABC-SMC,911231.343283582,21.239078815896708,7326300.0,170.76219367980957,0.5073310200539699,24.622848568458586,631.9888568715685,27.631021115198955,0.24861337070225722,10.378214923575241,0.45797685721051595,1.7388003326487398,30,0,False,42
permABC-SMC,884252.7075812274,20.678492975292368,7348140.0,171.83827662467957,0.5067507905619661,24.626144055216006,631.7363006297574,27.631021115199026,0.25207804665552086,10.37718105341307,0.45893697915187254,1.7390130345822616,30,0,False,42
permABC-SMC,877257.1428571428,20.590148000490096,7368960.0,172.95724320411682,0.5062128994531887,24.615927166070815,633.0010070849584,27.63102111519849,0.25112763763108853,10.388567695335514,0.46009804463091436,1.742694263771519,30,0,False,42
permABC-SMC,867309.8591549295,20.428060505871482,7389480.0,174.04707551002502,0.5060395001128812,24.618964524032346,632.80355056087,27.631021115198664,0.25382737192203186,10.387082725078333,0.4604532270274188,1.7421111404304535,30,0,False,42
permABC-SMC,857524.3055555557,20.250977023884108,7409010.0,174.96844148635864,0.5056759671884086,24.63126983904501,632.8380891310148,27.631021115198656,0.2462111913890409,10.381315539796322,0.45345775887537126,1.7386133889683097,30,0,False,42
permABC-SMC,845071.6723549487,19.930462517157892,7428180.0,175.18876552581787,0.5054616072332843,24.627101715551273,632.9217773121647,27.631021115198386,0.25041942472368095,10.381595489893515,0.45530514357642604,1.7381921712554622,30,0,False,42
permABC-SMC,844261.9047619049,19.883597167441096,7446390.0,175.37332701683044,0.5051487237943714,24.633599917064863,633.0665722346325,27.631021115197996,0.2506985511393546,10.379095839730589,0.45477495554022596,1.7361565901566474,30,0,False,42
permABC-SMC,840523.6486486489,19.755113500732563,7463850.0,175.42540788650513,0.5041216840874317,24.615694766061637,633.546290081035,27.631021115197285,0.25053455031422794,10.382854674600384,0.45186203365554195,1.7391799235983383,30,0,False,42
permABC-SMC,831183.3333333333,19.608925183614094,7480650.0,176.48032665252686,0.50374335412868,24.602407466210977,634.6553907256914,27.631021115196802,0.2531700680996624,10.392700408839712,0.45182884758189845,1.7419932372663545,30,0,False,42
permABC-SMC,822003.2894736842,19.474530821306665,7496670.0,177.60772109031677,0.503260844550973,24.57973102853272,634.4539162516179,27.631021115195967,0.25811033695163027,10.392386875180788,0.45415782762097656,1.74379410312582,30,0,False,42
permABC-SMC,807770.9677419355,19.19776762685468,7512270.0,178.53923892974854,0.5029428200562127,24.57640144766809,634.7794130379724,27.631021115195743,0.2606305333847184,10.393631664314952,0.4534056835744137,1.7434418487723404,30,0,False,42
permABC-SMC,1238467.9802955664,29.331599980935277,7542270.0,178.62944388389587,0.5024505250699601,24.505747312102155,626.3651134861659,27.63102111513073,0.19119191662627982,10.37107121445971,0.4379096206239522,1.7454231906302244,30,0,False,42
permABC-SMC,1213298.0769230772,28.811200650838707,7570980.0,179.78189206123352,0.5020821869712359,24.502118851510275,624.1306247863193,27.631021115130228,0.18686588489542347,10.363670744533428,0.43621350969278,1.7422631795974868,30,0,False,42
permABC-SMC,1172791.6666666667,27.756548332579346,7599690.0,179.86243319511414,0.5020821869712359,24.502118851510275,624.1306247863193,27.631021115130228,0.1868658848954235,10.363670744533428,0.43621350969278,1.7422631795974868,30,0,False,42
permABC-SMC,1145405.4054054054,27.018158679251915,7628400.0,179.94093680381775,0.5020821869712359,24.502118851510275,624.1306247863193,27.631021115130228,0.1868658848954235,10.363670744533428,0.43621350969278,1.7422631795974868,30,0,False,42
permABC-SMC,1100159.4827586208,25.86490162487688,7657110.0,180.01971530914307,0.5020821869712359,24.502118851510275,624.1306247863193,27.631021115130228,0.1868658848954235,10.363670744533428,0.43621350969278,1.7422631795974868,30,0,False,42
permABC-SMC,1054296.2962962964,24.704861608225293,7685820.0,180.0984411239624,0.5020821869712359,24.502118851510275,624.1306247863193,27.631021115130228,0.1868658848954235,10.363670744533428,0.43621350969278,1.7422631795974868,30,0,False,42
permABC-SMC,1024505.9760956176,23.92782595053137,7714530.0,180.17652940750122,0.5020821869712359,24.502118851510275,624.1306247863193,27.631021115130228,0.1868658848954235,10.363670744533428,0.43621350969278,1.7422631795974868,30,0,False,42
permABC-SMC,996555.9845559844,23.19881449641715,7743240.0,180.25478863716125,0.5020821869712359,24.502118851510275,624.1306247863193,27.631021115130228,0.1868658848954235,10.363670744533428,0.43621350969278,1.7422631795974868,30,0,False,42
permABC-SMC,977603.7735849057,22.68337237759956,7771950.0,180.3328104019165,0.5020821869712359,24.502118851510275,624.1306247863193,27.631021115130228,0.1868658848954235,10.363670744533428,0.43621350969278,1.7422631795974868,30,0,False,42
permABC-SMC,952461.5384615384,22.028259683732436,7800660.0,180.41144680976868,0.5020821869712359,24.502118851510275,624.1306247863193,27.631021115130228,0.1868658848954235,10.363670744533428,0.43621350969278,1.7422631795974868,30,0,False,42
permABC-SMC,928750.8896797152,21.41046755961534,7829370.0,180.49024152755737,0.5020821869712359,24.502118851510275,624.1306247863193,27.631021115130228,0.1868658848954235,10.363670744533428,0.43621350969278,1.7422631795974868,30,0,False,42
permABC-SMC,897041.095890411,20.612915629121268,7858080.0,180.5691409111023,0.5020821869712359,24.502118851510275,624.1306247863193,27.631021115130228,0.1868658848954235,10.363670744533428,0.43621350969278,1.7422631795974868,30,0,False,42
permABC-SMC,885161.6161616162,20.274776962871105,7886790.0,180.64826273918152,0.5020821869712359,24.502118851510275,624.1306247863193,27.631021115130228,0.1868658848954235,10.363670744533428,0.43621350969278,1.7422631795974868,30,0,False,42
permABC-SMC,859446.2540716614,19.62290591965799,7915500.0,180.72696352005005,0.5020821869712359,24.502118851510275,624.1306247863193,27.631021115130228,0.1868658848954235,10.363670744533428,0.43621350969278,1.7422631795974868,30,0,False,42
permABC-SMC,851469.4533762059,19.379015316406118,7944210.0,180.8062129020691,0.5020821869712359,24.502118851510275,624.1306247863193,27.631021115130228,0.1868658848954235,10.363670744533428,0.43621350969278,1.7422631795974868,30,0,False,42
permABC-SMC,841025.3164556961,19.080726733187582,7972920.0,180.8852894306183,0.5020821869712359,24.502118851510275,624.1306247863193,27.631021115130228,0.1868658848954235,10.363670744533428,0.43621350969278,1.7422631795974868,30,0,False,42
permABC-SMC,830906.5420560747,18.791756624992267,8001630.0,180.96461629867554,0.5020821869712359,24.502118851510275,624.1306247863193,27.631021115130228,0.1868658848954235,10.363670744533428,0.43621350969278,1.7422631795974868,30,0,False,42
permABC-SMC,799038.8059701492,18.014295682385193,8030340.0,181.0436716079712,0.5020821869712359,24.502118851510275,624.1306247863193,27.631021115130228,0.1868658848954235,10.363670744533428,0.43621350969278,1.7422631795974868,30,0,False,42
permABC-SMC,792433.6283185841,17.809477574471295,8059050.0,181.12238693237305,0.5020821869712359,24.502118851510275,624.1306247863193,27.631021115130228,0.1868658848954235,10.363670744533428,0.43621350969278,1.7422631795974868,30,0,False,42
permABC-SMC,781426.0869565217,17.50738383491258,8087760.0,181.20142269134521,0.5020821869712359,24.502118851510275,624.1306247863193,27.631021115130228,0.1868658848954235,10.363670744533428,0.43621350969278,1.7422631795974868,30,0,False,42
permABC-SMC,779680.1152737752,17.414060426834794,8116470.0,181.28036904335022,0.5020821869712359,24.502118851510275,624.1306247863193,27.631021115130228,0.1868658848954235,10.363670744533428,0.43621350969278,1.7422631795974868,30,0,False,42
permABC-SMC,769138.8101983003,17.12552409221588,8145180.0,181.35930013656616,0.5020821869712359,24.502118851510275,624.1306247863193,27.631021115130228,0.1868658848954235,10.363670744533428,0.43621350969278,1.7422631795974868,30,0,False,42
permABC-SMC,763201.6806722691,16.94104900769716,8173890.0,181.43863487243652,0.5020821869712359,24.502118851510275,624.1306247863193,27.631021115130228,0.1868658848954235,10.363670744533428,0.43621350969278,1.7422631795974868,30,0,False,42
permABC-SMC,757396.1218836565,16.760620714224608,8202600.0,181.5175223350525,0.5020821869712359,24.502118851510275,624.1306247863193,27.631021115130228,0.1868658848954235,10.363670744533428,0.43621350969278,1.7422631795974868,30,0,False,42
permABC-SMC,751717.8082191781,16.584099242676338,8231310.0,181.5958867073059,0.5020821869712359,24.502118851510275,624.1306247863193,27.631021115130228,0.1868658848954235,10.363670744533428,0.43621350969278,1.7422631795974868,30,0,False,42
permABC-SMC,740145.1612903225,16.279103614950696,8260020.0,181.67479634284973,0.5020821869712359,24.502118851510275,624.1306247863193,27.631021115130228,0.1868658848954235,10.363670744533428,0.43621350969278,1.7422631795974868,30,0,False,42
permABC-SMC,740726.5415549598,16.2425438136901,8288730.0,181.75406527519226,0.5020821869712359,24.502118851510275,624.1306247863193,27.631021115130228,0.1868658848954235,10.363670744533428,0.43621350969278,1.7422631795974868,30,0,False,42
permABC-SMC,729600.0,15.950242364615727,8317440.0,181.83276295661926,0.5020821869712359,24.502118851510275,624.1306247863193,27.631021115130228,0.1868658848954235,10.363670744533428,0.43621350969278,1.7422631795974868,30,0,False,42
permABC-SMC,724492.1875,15.790934777922102,8346150.0,181.9115686416626,0.5020821869712359,24.502118851510275,624.1306247863193,27.631021115130228,0.1868658848954235,10.363670744533428,0.43621350969278,1.7422631795974868,30,0,False,42
permABC-SMC,713969.3094629156,15.514930516151109,8374860.0,181.99013495445251,0.5020821869712359,24.502118851510275,624.1306247863193,27.631021115130228,0.1868658848954235,10.363670744533428,0.43621350969278,1.7422631795974868,30,0,False,42
permABC-SMC,703816.5829145728,15.248630014895593,8403570.0,182.0686423778534,0.5020821869712359,24.502118851510275,624.1306247863193,27.631021115130228,0.1868658848954235,10.363670744533428,0.43621350969278,1.7422631795974868,30,0,False,42
permABC-SMC,697459.0570719603,15.065959823141421,8432280.0,182.14745426177979,0.5020821869712359,24.502118851510275,624.1306247863193,27.631021115130228,0.1868658848954235,10.363670744533428,0.43621350969278,1.7422631795974868,30,0,False,42
permABC-SMC,691257.3529411766,14.887775782666177,8460990.0,182.22637557983398,0.5020821869712359,24.502118851510275,624.1306247863193,27.631021115130228,0.1868658848954235,10.363670744533428,0.43621350969278,1.7422631795974868,30,0,False,42
permABC-SMC,688540.1459854014,14.78547877832244,8489700.0,182.3049533367157,0.5020821869712359,24.502118851510275,624.1306247863193,27.631021115130228,0.1868658848954235,10.363670744533428,0.43621350969278,1.7422631795974868,30,0,False,42
permABC-SMC,689191.7475728155,14.755990165722794,8518410.0,182.38403844833374,0.5020821869712359,24.502118851510275,624.1306247863193,27.631021115130228,0.1868658848954235,10.363670744533428,0.43621350969278,1.7422631795974868,30,0,False,42
permABC-SMC,681588.5167464116,14.550457578716857,8547120.0,182.46273803710938,0.5020821869712359,24.502118851510275,624.1306247863193,27.631021115130228,0.1868658848954235,10.363670744533428,0.43621350969278,1.7422631795974868,30,0,False,42
permABC-SMC,675794.3262411348,14.38466474895312,8575830.0,182.5413956642151,0.5020821869712359,24.502118851510275,624.1306247863193,27.631021115130228,0.1868658848954235,10.363670744533428,0.43621350969278,1.7422631795974868,30,0,False,42
permABC-SMC,665470.9976798143,14.123776008800675,8604540.0,182.62042379379272,0.5020821869712359,24.502118851510275,624.1306247863193,27.631021115130228,0.1868658848954235,10.363670744533428,0.43621350969278,1.7422631795974868,30,0,False,42
permABC-SMC,660034.4036697247,13.96780830639947,8633250.0,182.69893264770508,0.5020821869712359,24.502118851510275,624.1306247863193,27.631021115130228,0.1868658848954235,10.363670744533428,0.43621350969278,1.7422631795974868,30,0,False,42
permABC-SMC,653239.8190045248,13.784163677854236,8661960.0,182.77801036834717,0.5020821869712359,24.502118851510275,624.1306247863193,27.631021115130228,0.1868658848954235,10.363670744533428,0.43621350969278,1.7422631795974868,30,0,False,42
permABC-SMC,649526.9058295964,13.66645863950698,8690670.0,182.8572165966034,0.5020821869712359,24.502118851510275,624.1306247863193,27.631021115130228,0.1868658848954235,10.363670744533428,0.43621350969278,1.7422631795974868,30,0,False,42
permABC-SMC,641602.6490066225,13.461054520540328,8719380.0,182.93573093414307,0.5020821869712359,24.502118851510275,624.1306247863193,27.631021115130228,0.1868658848954235,10.363670744533428,0.43621350969278,1.7422631795974868,30,0,False,42
permABC-SMC,638080.9628008752,13.348977397081192,8748090.0,183.01448011398315,0.5020821869712359,24.502118851510275,624.1306247863193,27.631021115130228,0.1868658848954235,10.363670744533428,0.43621350969278,1.7422631795974868,30,0,False,42
permABC-SMC,630517.2413793104,13.164640706160974,8776800.0,183.25179862976074,0.5020821869712359,24.502118851510275,624.1306247863193,27.631021115130228,0.1868658848954235,10.363670744533428,0.43621350969278,1.7422631795974868,30,0,False,42
permABC-SMC,621858.0508474576,12.947072518073908,8805510.0,183.3305468559265,0.5020821869712359,24.502118851510275,624.1306247863193,27.631021115130228,0.1868658848954235,10.363670744533428,0.43621350969278,1.7422631795974868,30,0,False,42
permABC-SMC,616054.3933054394,12.790012692141566,8834220.0,183.40878200531006,0.5020821869712359,24.502118851510275,624.1306247863193,27.631021115130228,0.1868658848954235,10.363670744533428,0.43621350969278,1.7422631795974868,30,0,False,42
permABC-SMC,611658.3850931677,12.6630291270749,8862930.0,183.4872920513153,0.5020821869712359,24.502118851510275,624.1306247863193,27.631021115130228,0.1868658848954235,10.363670744533428,0.43621350969278,1.7422631795974868,30,0,False,42
permABC-SMC,611109.2783505155,12.616211180015119,8891640.0,183.56587266921997,0.5020821869712359,24.502118851510275,624.1306247863193,27.631021115130228,0.1868658848954235,10.363670744533428,0.43621350969278,1.7422631795974868,30,0,False,42
permABC-SMC,606826.530612245,12.492825011817777,8920350.0,183.6445276737213,0.5020821869712359,24.502118851510275,624.1306247863193,27.631021115130228,0.1868658848954235,10.363670744533428,0.43621350969278,1.7422631795974868,30,0,False,42
permABC-SMC,603850.2024291498,12.396947414125346,8949060.0,183.72276067733765,0.5020821869712359,24.502118851510275,624.1306247863193,27.631021115130228,0.1868658848954235,10.363670744533428,0.43621350969278,1.7422631795974868,30,0,False,42
permABC-SMC,602130.7847082495,12.327408454787562,8977770.0,183.80166006088257,0.5020821869712359,24.502118851510275,624.1306247863193,27.631021115130228,0.1868658848954235,10.363670744533428,0.43621350969278,1.7422631795974868,30,0,False,42
permABC-SMC,599233.5329341318,12.23420068889321,9006480.0,183.88003635406494,0.5020821869712359,24.502118851510275,624.1306247863193,27.631021115130228,0.1868658848954235,10.363670744533428,0.43621350969278,1.7422631795974868,30,0,False,42
permABC-SMC,595203.557312253,12.118486594776863,9035190.0,183.95862650871277,0.5020821869712359,24.502118851510275,624.1306247863193,27.631021115130228,0.1868658848954235,10.363670744533428,0.43621350969278,1.7422631795974868,30,0,False,42
permABC-SMC,593575.6385068762,12.052196650701795,9063900.0,184.03704285621643,0.5020821869712359,24.502118851510275,624.1306247863193,27.631021115130228,0.1868658848954235,10.363670744533428,0.43621350969278,1.7422631795974868,30,0,False,42
permABC-SMC,590812.8654970761,11.963298725105865,9092610.0,184.11516737937927,0.5020821869712359,24.502118851510275,624.1306247863193,27.631021115130228,0.1868658848954235,10.363670744533428,0.43621350969278,1.7422631795974868,30,0,False,42
permABC-SMC,584699.9999999999,11.80722022667909,9121320.0,184.19263553619385,0.5020821869712359,24.502118851510275,624.1306247863193,27.631021115130228,0.1868658848954235,10.363670744533428,0.43621350969278,1.7422631795974868,30,0,False,42
permABC-SMC,577653.4090909092,11.633274260193412,9150030.0,184.27106428146362,0.5020821869712359,24.502118851510275,624.1306247863193,27.631021115130228,0.1868658848954235,10.363670744533428,0.43621350969278,1.7422631795974868,30,0,False,42
permABC-SMC,576192.0903954802,11.572441497989518,9178740.0,184.34899306297302,0.5020821869712359,24.502118851510275,624.1306247863193,27.631021115130228,0.1868658848954235,10.363670744533428,0.43621350969278,1.7422631795974868,30,0,False,42
permABC-SMC,574747.1910112359,11.512337552474232,9207450.0,184.4276475906372,0.5020821869712359,24.502118851510275,624.1306247863193,27.631021115130228,0.1868658848954235,10.363670744533428,0.43621350969278,1.7422631795974868,30,0,False,42
permABC-SMC,576539.3258426966,11.51726653662216,9236160.0,184.506609916687,0.5020821869712359,24.502118851510275,624.1306247863193,27.631021115130228,0.1868658848954235,10.363670744533428,0.43621350969278,1.7422631795974868,30,0,False,42
permABC-SMC,576173.5074626865,11.479171725054877,9264870.0,184.58508133888245,0.5020821869712359,24.502118851510275,624.1306247863193,27.631021115130228,0.1868658848954235,10.363670744533428,0.43621350969278,1.7422631795974868,30,0,False,42
permABC-SMC,574742.1150278293,11.420123578592369,9293580.0,184.66339826583862,0.5020821869712359,24.502118851510275,624.1306247863193,27.631021115130228,0.1868658848954235,10.363670744533428,0.43621350969278,1.7422631795974868,30,0,False,42
permABC-SMC,575449.9999999998,11.403805694462338,9322290.0,184.74165225028992,0.5020821869712359,24.502118851510275,624.1306247863193,27.631021115130228,0.1868658848954235,10.363670744533428,0.43621350969278,1.7422631795974868,30,0,False,42
permABC-SMC,574033.1491712707,11.345629607189498,9351000.0,184.82030630111694,0.5020821869712359,24.502118851510275,624.1306247863193,27.631021115130228,0.1868658848954235,10.363670744533428,0.43621350969278,1.7422631795974868,30,0,False,42
permABC-SMC,568467.2727272727,11.205927762118254,9379710.0,184.89780807495117,0.5020821869712359,24.502118851510275,624.1306247863193,27.631021115130228,0.1868658848954235,10.363670744533428,0.43621350969278,1.7422631795974868,30,0,False,42
permABC-SMC,568141.304347826,11.17003308114222,9408420.0,184.9757478237152,0.5020821869712359,24.502118851510275,624.1306247863193,27.631021115130228,0.1868658848954235,10.363670744533428,0.43621350969278,1.7422631795974868,30,0,False,42
permABC-SMC,566794.5945945946,11.114345012126382,9437130.0,185.0538444519043,0.5020821869712359,24.502118851510275,624.1306247863193,27.631021115130228,0.1868658848954235,10.363670744533428,0.43621350969278,1.7422631795974868,30,0,False,42
permABC-SMC,565462.3655913977,11.059275080795924,9465840.0,185.1322648525238,0.5020821869712359,24.502118851510275,624.1306247863193,27.631021115130228,0.1868658848954235,10.363670744533428,0.43621350969278,1.7422631795974868,30,0,False,42
permABC-SMC,564144.3850267378,11.004790180294695,9494550.0,185.21061873435974,0.5020821869712359,24.502118851510275,624.1306247863193,27.631021115130228,0.1868658848954235,10.363670744533428,0.43621350969278,1.7422631795974868,30,0,False,42
permABC-SMC,559862.4338624339,10.892900644085957,9523260.0,185.2882399559021,0.5020821869712359,24.502118851510275,624.1306247863193,27.631021115130228,0.1868658848954235,10.363670744533428,0.43621350969278,1.7422631795974868,30,0,False,42
permABC-SMC,557616.4623467601,10.821172833373097,9551970.0,185.36669063568115,0.5020821869712359,24.502118851510275,624.1306247863193,27.631021115130228,0.1868658848954235,10.363670744533428,0.43621350969278,1.7422631795974868,30,0,False,42
permABC-SMC,555401.7391304347,10.750430217687633,9580680.0,185.4449212551117,0.5020821869712359,24.502118851510275,624.1306247863193,27.631021115130228,0.1868658848954235,10.363670744533428,0.43621350969278,1.7422631795974868,30,0,False,42
permABC-SMC,552263.7931034482,10.662244476121046,9609390.0,185.52305388450623,0.5020821869712359,24.502118851510275,624.1306247863193,27.631021115130228,0.1868658848954235,10.363670744533428,0.43621350969278,1.7422631795974868,30,0,False,42
permABC-SMC,552960.413080895,10.648384124331274,9638100.0,185.60133528709412,0.5020821869712359,24.502118851510275,624.1306247863193,27.631021115130228,0.1868658848954235,10.363670744533428,0.43621350969278,1.7422631795974868,30,0,False,42
permABC-SMC,551758.5616438356,10.598172417514402,9666810.0,185.6799807548523,0.5020821869712359,24.502118851510275,624.1306247863193,27.631021115130228,0.1868658848954235,10.363670744533428,0.43621350969278,1.7422631795974868,30,0,False,42
permABC-SMC,551508.5324232082,10.566458604441568,9695520.0,185.75834226608276,0.5020821869712359,24.502118851510275,624.1306247863193,27.631021115130228,0.1868658848954235,10.363670744533428,0.43621350969278,1.7422631795974868,30,0,False,42
permABC-SMC,551260.2040816327,10.534953570960601,9724230.0,185.836580991745,0.5020821869712359,24.502118851510275,624.1306247863193,27.631021115130228,0.1868658848954235,10.363670744533428,0.43621350969278,1.7422631795974868,30,0,False,42
permABC-SMC,549152.0270270271,10.468178383401925,9752940.0,185.91484808921814,0.5020821869712359,24.502118851510275,624.1306247863193,27.631021115130228,0.1868658848954235,10.363670744533428,0.43621350969278,1.7422631795974868,30,0,False,42
permABC-SMC,548914.1414141414,10.437277069798222,9781650.0,185.99227738380432,0.5020821869712359,24.502118851510275,624.1306247863193,27.631021115130228,0.1868658848954235,10.363670744533428,0.43621350969278,1.7422631795974868,30,0,False,42
permABC-SMC,550525.2525252525,10.441692201911934,9810360.0,186.07095503807068,0.5020821869712359,24.502118851510275,624.1306247863193,27.631021115130228,0.1868658848954235,10.363670744533428,0.43621350969278,1.7422631795974868,30,0,False,42
permABC-SMC,550283.5570469799,10.411041361640232,9839070.0,186.14941954612732,0.5020821869712359,24.502118851510275,624.1306247863193,27.631021115130228,0.1868658848954235,10.363670744533428,0.43621350969278,1.7422631795974868,30,0,False,42
permABC-SMC,546388.7043189369,10.3116085759033,9867780.0,186.2276508808136,0.5020821869712359,24.502118851510275,624.1306247863193,27.631021115130228,0.1868658848954235,10.363670744533428,0.43621350969278,1.7422631795974868,30,0,False,42
permABC-SMC,546163.9072847683,10.2817740661419,9896490.0,186.3057460784912,0.5020821869712359,24.502118851510275,624.1306247863193,27.631021115130228,0.1868658848954235,10.363670744533428,0.43621350969278,1.7422631795974868,30,0,False,42
permABC-SMC,546842.9752066116,10.269097992868135,9925200.0,186.38412857055664,0.5020821869712359,24.502118851510275,624.1306247863193,27.631021115130228,0.1868658848954235,10.363670744533428,0.43621350969278,1.7422631795974868,30,0,False,42
permABC-SMC,545718.75,10.22272494278456,9953910.0,186.46250295639038,0.5020821869712359,24.502118851510275,624.1306247863193,27.631021115130228,0.1868658848954235,10.363670744533428,0.43621350969278,1.7422631795974868,30,0,False,42
permABC-SMC,541063.4146341464,10.110619061684543,9982620.0,186.54092168807983,0.5020821869712359,24.502118851510275,624.1306247863193,27.631021115130228,0.1868658848954235,10.363670744533428,0.43621350969278,1.7422631795974868,30,0,False,42
permABC-SMC,537376.8115942029,10.017123583242322,10011330.0,186.61901235580444,0.5020821869712359,24.502118851510275,624.1306247863193,27.631021115130228,0.1868658848954235,10.363670744533428,0.43621350969278,1.7422631795974868,30,0,False,42
permABC-SMC,537187.8009630819,9.98916296859423,10040040.0,186.69745588302612,0.5020821869712359,24.502118851510275,624.1306247863193,27.631021115130228,0.1868658848954235,10.363670744533428,0.43621350969278,1.7422631795974868,30,0,False,42
permABC-SMC,536142.1725239616,9.945486744625754,10068750.0,186.77624106407166,0.5020821869712359,24.502118851510275,624.1306247863193,27.631021115130228,0.1868658848954235,10.363670744533428,0.43621350969278,1.7422631795974868,30,0,False,42
permABC-SMC,536813.3971291865,9.933823008032824,10097460.0,186.8552107810974,0.5020821869712359,24.502118851510275,624.1306247863193,27.631021115130228,0.1868658848954235,10.363670744533428,0.43621350969278,1.7422631795974868,30,0,False,42
permABC-SMC,536627.9809220986,9.906379053310927,10126170.0,186.93337273597717,0.5020821869712359,24.502118851510275,624.1306247863193,27.631021115130228,0.1868658848954235,10.363670744533428,0.43621350969278,1.7422631795974868,30,0,False,42
permABC-SMC,536443.7400950871,9.879120694728233,10154880.0,187.01175475120544,0.5020821869712359,24.502118851510275,624.1306247863193,27.631021115130228,0.1868658848954235,10.363670744533428,0.43621350969278,1.7422631795974868,30,0,False,42
permABC-SMC,537109.1772151899,9.867601442437635,10183590.0,187.08972334861755,0.5020821869712359,24.502118851510275,624.1306247863193,27.631021115130228,0.1868658848954235,10.363670744533428,0.43621350969278,1.7422631795974868,30,0,False,42
permABC-SMC,537772.5118483411,9.85613820928219,10212300.0,187.1680645942688,0.5020821869712359,24.502118851510275,624.1306247863193,27.631021115130228,0.1868658848954235,10.363670744533428,0.43621350969278,1.7422631795974868,30,0,False,42
permABC-SMC,539284.3601895734,9.860279837553595,10241010.0,187.24671411514282,0.5020821869712359,24.502118851510275,624.1306247863193,27.631021115130228,0.1868658848954235,10.363670744533428,0.43621350969278,1.7422631795974868,30,0,False,42
permABC-SMC,539943.2176656151,9.848835139871271,10269720.0,187.32484436035156,0.5020821869712359,24.502118851510275,624.1306247863193,27.631021115130228,0.1868658848954235,10.363670744533428,0.43621350969278,1.7422631795974868,30,0,False,42
permABC-SMC,540600.0,9.837444398033963,10298430.0,187.403315782547,0.5020821869712359,24.502118851510275,624.1306247863193,27.631021115130228,0.1868658848954235,10.363670744533428,0.43621350969278,1.7422631795974868,30,0,False,42
permABC-SMC,540405.0235478807,9.810671414585402,10327140.0,187.48193073272705,0.5020821869712359,24.502118851510275,624.1306247863193,27.631021115130228,0.1868658848954235,10.363670744533428,0.43621350969278,1.7422631795974868,30,0,False,42
permABC-SMC,539367.1875,9.76875743518273,10355850.0,187.56014275550842,0.5020821869712359,24.502118851510275,624.1306247863193,27.631021115130228,0.1868658848954235,10.363670744533428,0.43621350969278,1.7422631795974868,30,0,False,42
permABC-SMC,538339.035769829,9.727248124596738,10384560.0,187.63861632347107,0.5020821869712359,24.502118851510275,624.1306247863193,27.631021115130228,0.1868658848954235,10.363670744533428,0.43621350969278,1.7422631795974868,30,0,False,42
permABC-SMC,538989.1304347826,9.716214983112817,10413270.0,187.71727347373962,0.5020821869712359,24.502118851510275,624.1306247863193,27.631021115130228,0.1868658848954235,10.363670744533428,0.43621350969278,1.7422631795974868,30,0,False,42
permABC-SMC,538801.8575851393,9.690195623443099,10441980.0,187.79599118232727,0.5020821869712359,24.502118851510275,624.1306247863193,27.631021115130228,0.1868658848954235,10.363670744533428,0.43621350969278,1.7422631795974868,30,0,False,42
permABC-SMC,537785.8243451463,9.649433523921642,10470690.0,187.8744707107544,0.5020821869712359,24.502118851510275,624.1306247863193,27.631021115130228,0.1868658848954235,10.363670744533428,0.43621350969278,1.7422631795974868,30,0,False,42
permABC-SMC,539260.4006163329,9.653458499761502,10499400.0,187.95283699035645,0.5020821869712359,24.502118851510275,624.1306247863193,27.631021115130228,0.1868658848954235,10.363670744533428,0.43621350969278,1.7422631795974868,30,0,False,42
permABC-SMC,539073.732718894,9.62780352073392,10528110.0,188.03100275993347,0.5020821869712359,24.502118851510275,624.1306247863193,27.631021115130228,0.1868658848954235,10.363670744533428,0.43621350969278,1.7422631795974868,30,0,False,42
permABC-SMC,539714.7239263803,9.617031449432996,10556820.0,188.10913515090942,0.5020821869712359,24.502118851510275,624.1306247863193,27.631021115130228,0.1868658848954235,10.363670744533428,0.43621350969278,1.7422631795974868,30,0,False,42
permABC-SMC,539527.5229357799,9.591585148608162,10585530.0,188.18690061569214,0.5020821869712359,24.502118851510275,624.1306247863193,27.631021115130228,0.1868658848954235,10.363670744533428,0.43621350969278,1.7422631795974868,30,0,False,42
permABC-SMC,540164.8854961832,9.580909386845944,10614240.0,188.26486945152283,0.5020821869712359,24.502118851510275,624.1306247863193,27.631021115130228,0.1868658848954235,10.363670744533428,0.43621350969278,1.7422631795974868,30,0,False,42
permABC-SMC,539156.5349544073,9.541187605234626,10642950.0,188.34304332733154,0.5020821869712359,24.502118851510275,624.1306247863193,27.631021115130228,0.1868658848954235,10.363670744533428,0.43621350969278,1.7422631795974868,30,0,False,42
permABC-SMC,537344.4108761329,9.487486401833555,10671660.0,188.42147994041443,0.5020821869712359,24.502118851510275,624.1306247863193,27.631021115130228,0.1868658848954235,10.363670744533428,0.43621350969278,1.7422631795974868,30,0,False,42
permABC-SMC,537167.1686746988,9.462840944887644,10700370.0,188.49979162216187,0.5020821869712359,24.502118851510275,624.1306247863193,27.631021115130228,0.1868658848954235,10.363670744533428,0.43621350969278,1.7422631795974868,30,0,False,42
permABC-SMC,536990.990990991,9.438326659503284,10729080.0,188.5777666568756,0.5020821869712359,24.502118851510275,624.1306247863193,27.631021115130228,0.1868658848954235,10.363670744533428,0.43621350969278,1.7422631795974868,30,0,False,42
permABC-SMC,537620.6896551724,9.428080530657523,10757790.0,188.65589141845703,0.5020821869712359,24.502118851510275,624.1306247863193,27.631021115130228,0.1868658848954235,10.363670744533428,0.43621350969278,1.7422631795974868,30,0,False,42
permABC-SMC,537443.9461883408,9.403775340594875,10786500.0,188.73377108573914,0.5020821869712359,24.502118851510275,624.1306247863193,27.631021115130228,0.1868658848954235,10.363670744533428,0.43621350969278,1.7422631795974868,30,0,False,42
permABC-SMC,533294.3786982248,9.310260597300482,10815210.0,188.81208491325378,0.5020821869712359,24.502118851510275,624.1306247863193,27.631021115130228,0.1868658848954235,10.363670744533428,0.43621350969278,1.7422631795974868,30,0,False,42
permABC-SMC,533132.7433628319,9.286635615949901,10843920.0,188.89016842842102,0.5020821869712359,24.502118851510275,624.1306247863193,27.631021115130228,0.1868658848954235,10.363670744533428,0.43621350969278,1.7422631795974868,30,0,False,42
permABC-SMC,532972.0588235293,9.263142172028035,10872630.0,188.96810030937195,0.5020821869712359,24.502118851510275,624.1306247863193,27.631021115130228,0.1868658848954235,10.363670744533428,0.43621350969278,1.7422631795974868,30,0,False,42
permABC-SMC,533594.7136563876,9.253363824042395,10901340.0,189.04622292518616,0.5020821869712359,24.502118851510275,624.1306247863193,27.631021115130228,0.1868658848954235,10.363670744533428,0.43621350969278,1.7422631795974868,30,0,False,42
permABC-SMC,534215.5425219942,9.24361617917073,10930050.0,189.12438702583313,0.5020821869712359,24.502118851510275,624.1306247863193,27.631021115130228,0.1868658848954235,10.363670744533428,0.43621350969278,1.7422631795974868,30,0,False,42
permABC-SMC,534834.5534407027,9.233874143653521,10958760.0,189.2020812034607,0.5020821869712359,24.502118851510275,624.1306247863193,27.631021115130228,0.1868658848954235,10.363670744533428,0.43621350969278,1.7422631795974868,30,0,False,42
permABC-SMC,534670.0729927007,9.210695153025235,10987470.0,189.27978539466858,0.5020821869712359,24.502118851510275,624.1306247863193,27.631021115130228,0.1868658848954235,10.363670744533428,0.43621350969278,1.7422631795974868,30,0,False,42
permABC-SMC,535285.7142857142,9.20105954764304,11016180.0,189.35780549049377,0.5020821869712359,24.502118851510275,624.1306247863193,27.631021115130228,0.1868658848954235,10.363670744533428,0.43621350969278,1.7422631795974868,30,0,False,42
permABC-SMC,536680.7580174926,9.20480196631221,11044890.0,189.43482446670532,0.5020821869712359,24.502118851510275,624.1306247863193,27.631021115130228,0.1868658848954235,10.363670744533428,0.43621350969278,1.7422631795974868,30,0,False,42
permABC-SMC,538075.801749271,9.20860225188141,11073600.0,189.51303434371948,0.5020821869712359,24.502118851510275,624.1306247863193,27.631021115130228,0.1868658848954235,10.363670744533428,0.43621350969278,1.7422631795974868,30,0,False,42
permABC-SMC,539470.8454810494,9.212378846197248,11102310.0,189.59075665473938,0.5020821869712359,24.502118851510275,624.1306247863193,27.631021115130228,0.1868658848954235,10.363670744533428,0.43621350969278,1.7422631795974868,30,0,False,42
permABC-SMC,538510.8853410741,9.176044644049881,11131020.0,189.668842792511,0.5020821869712359,24.502118851510275,624.1306247863193,27.631021115130228,0.1868658848954235,10.363670744533428,0.43621350969278,1.7422631795974868,30,0,False,42
permABC-SMC,537559.2485549134,9.140028900723468,11159730.0,189.74699997901917,0.5020821869712359,24.502118851510275,624.1306247863193,27.631021115130228,0.1868658848954235,10.363670744533428,0.43621350969278,1.7422631795974868,30,0,False,42
permABC-SMC,536615.8273381296,9.104309539429005,11188440.0,189.82485389709473,0.5020821869712359,24.502118851510275,624.1306247863193,27.631021115130228,0.1868658848954235,10.363670744533428,0.43621350969278,1.7422631795974868,30,0,False,42
permABC-SMC,537219.8275862068,9.094946434671394,11217150.0,189.90248155593872,0.5020821869712359,24.502118851510275,624.1306247863193,27.631021115130228,0.1868658848954235,10.363670744533428,0.43621350969278,1.7422631795974868,30,0,False,42
permABC-SMC,537822.0946915352,9.085656329811275,11245860.0,189.98107385635376,0.5020821869712359,24.502118851510275,624.1306247863193,27.631021115130228,0.1868658848954235,10.363670744533428,0.43621350969278,1.7422631795974868,30,0,False,42
permABC-SMC,538422.636103152,9.07638417957164,11274570.0,190.0594847202301,0.5020821869712359,24.502118851510275,624.1306247863193,27.631021115130228,0.1868658848954235,10.363670744533428,0.43621350969278,1.7422631795974868,30,0,False,42
permABC-SMC,537483.5948644794,9.041244021155865,11303280.0,190.13736176490784,0.5020821869712359,24.502118851510275,624.1306247863193,27.631021115130228,0.1868658848954235,10.363670744533428,0.43621350969278,1.7422631795974868,30,0,False,42
permABC-SMC,538081.1965811965,9.032064987610095,11331990.0,190.2152886390686,0.5020821869712359,24.502118851510275,624.1306247863193,27.631021115130228,0.1868658848954235,10.363670744533428,0.43621350969278,1.7422631795974868,30,0,False,42
permABC-SMC,537911.9318181819,9.010081072196817,11360700.0,190.29291224479675,0.5020821869712359,24.502118851510275,624.1306247863193,27.631021115130228,0.1868658848954235,10.363670744533428,0.43621350969278,1.7422631795974868,30,0,False,42
permABC-SMC,538506.3829787234,9.00099983170241,11389410.0,190.37114644050598,0.5020821869712359,24.502118851510275,624.1306247863193,27.631021115130228,0.1868658848954235,10.363670744533428,0.43621350969278,1.7422631795974868,30,0,False,42
permABC-SMC,536818.053596615,8.953896059808342,11418120.0,190.4493691921234,0.5020821869712359,24.502118851510275,624.1306247863193,27.631021115130228,0.1868658848954235,10.363670744533428,0.43621350969278,1.7422631795974868,30,0,False,42
permABC-SMC,537409.8591549296,8.944922579286246,11446830.0,190.526850938797,0.5020821869712359,24.502118851510275,624.1306247863193,27.631021115130228,0.1868658848954235,10.363670744533428,0.43621350969278,1.7422631795974868,30,0,False,42
permABC-SMC,537244.3820224719,8.923454867320114,11475540.0,190.60499596595764,0.5020821869712359,24.502118851510275,624.1306247863193,27.631021115130228,0.1868658848954235,10.363670744533428,0.43621350969278,1.7422631795974868,30,0,False,42
permABC-SMC,537833.0995792426,8.914590851621908,11504250.0,190.68309831619263,0.5020821869712359,24.502118851510275,624.1306247863193,27.631021115130228,0.1868658848954235,10.363670744533428,0.43621350969278,1.7422631795974868,30,0,False,42
permABC-SMC,538420.168067227,8.905722113216626,11532960.0,190.7605676651001,0.5020821869712359,24.502118851510275,624.1306247863193,27.631021115130228,0.1868658848954235,10.363670744533428,0.43621350969278,1.7422631795974868,30,0,False,42
permABC-SMC,538252.7932960894,8.884495518949,11561670.0,190.83896374702454,0.5020821869712359,24.502118851510275,624.1306247863193,27.631021115130228,0.1868658848954235,10.363670744533428,0.43621350969278,1.7422631795974868,30,0,False,42
permABC-SMC,538836.8200836822,8.875758932779581,11590380.0,190.91757464408875,0.5020821869712359,24.502118851510275,624.1306247863193,27.631021115130228,0.1868658848954235,10.363670744533428,0.43621350969278,1.7422631795974868,30,0,False,42
permABC-SMC,537920.8333333335,8.842388965465405,11619090.0,190.99560165405273,0.5020821869712359,24.502118851510275,624.1306247863193,27.631021115130228,0.1868658848954235,10.363670744533428,0.43621350969278,1.7422631795974868,30,0,False,42
permABC-SMC,537756.2326869806,8.821490574851701,11647800.0,191.07348585128784,0.5020821869712359,24.502118851510275,624.1306247863193,27.631021115130228,0.1868658848954235,10.363670744533428,0.43621350969278,1.7422631795974868,30,0,False,42
permABC-SMC,538336.0995850624,8.81284367054385,11676510.0,191.15057921409607,0.5020821869712359,24.502118851510275,624.1306247863193,27.631021115130228,0.1868658848954235,10.363670744533428,0.43621350969278,1.7422631795974868,30,0,False,42
permABC-SMC,538914.364640884,8.80424806206705,11705220.0,191.2282679080963,0.5020821869712359,24.502118851510275,624.1306247863193,27.631021115130228,0.1868658848954235,10.363670744533428,0.43621350969278,1.7422631795974868,30,0,False,42
permABC-SMC,539491.0344827586,8.795686151789523,11733930.0,191.30617380142212,0.5020821869712359,24.502118851510275,624.1306247863193,27.631021115130228,0.1868658848954235,10.363670744533428,0.43621350969278,1.7422631795974868,30,0,False,42
permABC-SMC,540811.0344827586,8.799266848070868,11762640.0,191.38405394554138,0.5020821869712359,24.502118851510275,624.1306247863193,27.631021115130228,0.1868658848954235,10.363670744533428,0.43621350969278,1.7422631795974868,30,0,False,42
permABC-SMC,540639.6148555708,8.778638841908004,11791350.0,191.46211314201355,0.5020821869712359,24.502118851510275,624.1306247863193,27.631021115130228,0.1868658848954235,10.363670744533428,0.43621350969278,1.7422631795974868,30,0,False,42
permABC-SMC,541211.5384615385,8.770164356126891,11820060.0,191.54038953781128,0.5020821869712359,24.502118851510275,624.1306247863193,27.631021115130228,0.1868658848954235,10.363670744533428,0.43621350969278,1.7422631795974868,30,0,False,42
permABC-SMC,541781.8930041152,8.761711898981625,11848770.0,191.61863923072815,0.5020821869712359,24.502118851510275,624.1306247863193,27.631021115130228,0.1868658848954235,10.363670744533428,0.43621350969278,1.7422631795974868,30,0,False,42
permABC-SMC,540868.8524590164,8.729339937911876,11877480.0,191.6963050365448,0.5020821869712359,24.502118851510275,624.1306247863193,27.631021115130228,0.1868658848954235,10.363670744533428,0.43621350969278,1.7422631795974868,30,0,False,42
permABC-SMC,538497.9647218452,8.673651258312486,11906190.0,191.77442932128906,0.5020821869712359,24.502118851510275,624.1306247863193,27.631021115130228,0.1868658848954235,10.363670744533428,0.43621350969278,1.7422631795974868,30,0,False,42
permABC-SMC,539796.472184532,8.677186927122532,11934900.0,191.8526029586792,0.5020821869712359,24.502118851510275,624.1306247863193,27.631021115130228,0.1868658848954235,10.363670744533428,0.43621350969278,1.7422631795974868,30,0,False,42
permABC-SMC,541094.9796472185,8.680723695828332,11963610.0,191.9308009147644,0.5020821869712359,24.502118851510275,624.1306247863193,27.631021115130228,0.1868658848954235,10.363670744533428,0.43621350969278,1.7422631795974868,30,0,False,42
permABC-SMC,541658.5365853658,8.672525813801395,11992320.0,192.00972151756287,0.5020821869712359,24.502118851510275,624.1306247863193,27.631021115130228,0.1868658848954235,10.363670744533428,0.43621350969278,1.7422631795974868,30,0,False,42
permABC-SMC,542955.2845528455,8.676067266576228,12021030.0,192.08812928199768,0.5020821869712359,24.502118851510275,624.1306247863193,27.631021115130228,0.1868658848954235,10.363670744533428,0.43621350969278,1.7422631795974868,30,0,False,42
permABC-SMC,543515.5615696888,8.667840686638076,12049740.0,192.1660280227661,0.5020821869712359,24.502118851510275,624.1306247863193,27.631021115130228,0.1868658848954235,10.363670744533428,0.43621350969278,1.7422631795974868,30,0,False,42
permABC-SMC,544074.3243243244,8.659642655570227,12078450.0,192.24406695365906,0.5020821869712359,24.502118851510275,624.1306247863193,27.631021115130228,0.1868658848954235,10.363670744533428,0.43621350969278,1.7422631795974868,30,0,False,42
permABC-SMC,543897.5741239893,8.63981856382975,12107160.0,192.32236123085022,0.5020821869712359,24.502118851510275,624.1306247863193,27.631021115130228,0.1868658848954235,10.363670744533428,0.43621350969278,1.7422631795974868,30,0,False,42
permABC-SMC,543721.7741935484,8.62008787184206,12135870.0,192.40036129951477,0.5020821869712359,24.502118851510275,624.1306247863193,27.631021115130228,0.1868658848954235,10.363670744533428,0.43621350969278,1.7422631795974868,30,0,False,42
permABC-SMC,544276.5100671141,8.61201494332128,12164580.0,192.4785339832306,0.5020821869712359,24.502118851510275,624.1306247863193,27.631021115130228,0.1868658848954235,10.363670744533428,0.43621350969278,1.7422631795974868,30,0,False,42
permABC-SMC,544829.7587131367,8.603955934471696,12193290.0,192.55653381347656,0.5020821869712359,24.502118851510275,624.1306247863193,27.631021115130228,0.1868658848954235,10.363670744533428,0.43621350969278,1.7422631795974868,30,0,False,42
permABC-SMC,546112.600536193,8.607446753201046,12222000.0,192.6346583366394,0.5020821869712359,24.502118851510275,624.1306247863193,27.631021115130228,0.1868658848954235,10.363670744533428,0.43621350969278,1.7422631795974868,30,0,False,42
permABC-SMC,545931.8181818181,8.587921111978948,12250710.0,192.71294975280762,0.5020821869712359,24.502118851510275,624.1306247863193,27.631021115130228,0.1868658848954235,10.363670744533428,0.43621350969278,1.7422631795974868,30,0,False,42
permABC-SMC,546480.6408544726,8.579957023640977,12279420.0,192.79163432121277,0.5020821869712359,24.502118851510275,624.1306247863193,27.631021115130228,0.1868658848954235,10.363670744533428,0.43621350969278,1.7422631795974868,30,0,False,42
permABC-SMC,546299.6005326231,8.560566440773602,12308130.0,192.86956191062927,0.5020821869712359,24.502118851510275,624.1306247863193,27.631021115130228,0.1868658848954235,10.363670744533428,0.43621350969278,1.7422631795974868,30,0,False,42
permABC-SMC,546845.7446808511,8.552640158656642,12336840.0,192.94756197929382,0.5020821869712359,24.502118851510275,624.1306247863193,27.631021115130228,0.1868658848954235,10.363670744533428,0.43621350969278,1.7422631795974868,30,0,False,42
permABC-SMC,545940.3973509934,8.52208839610186,12365550.0,193.02530217170715,0.5020821869712359,24.502118851510275,624.1306247863193,27.631021115130228,0.1868658848954235,10.363670744533428,0.43621350969278,1.7422631795974868,30,0,False,42
permABC-SMC,545762.2192866579,8.50299523822645,12394260.0,193.10302186012268,0.5020821869712359,24.502118851510275,624.1306247863193,27.631021115130228,0.1868658848954235,10.363670744533428,0.43621350969278,1.7422631795974868,30,0,False,42
permABC-SMC,546304.7493403694,8.49521003905995,12422970.0,193.18107628822327,0.5020821869712359,24.502118851510275,624.1306247863193,27.631021115130228,0.1868658848954235,10.363670744533428,0.43621350969278,1.7422631795974868,30,0,False,42
permABC-SMC,545408.6727989487,8.465131019428535,12451680.0,193.25894117355347,0.5020821869712359,24.502118851510275,624.1306247863193,27.631021115130228,0.1868658848954235,10.363670744533428,0.43621350969278,1.7422631795974868,30,0,False,42
permABC-SMC,546666.2286465176,8.46855877472338,12480390.0,193.33719682693481,0.5020821869712359,24.502118851510275,624.1306247863193,27.631021115130228,0.1868658848954235,10.363670744533428,0.43621350969278,1.7422631795974868,30,0,False,42
permABC-SMC,547923.7844940866,8.4719886499907,12509100.0,193.41550087928772,0.5020821869712359,24.502118851510275,624.1306247863193,27.631021115130228,0.1868658848954235,10.363670744533428,0.43621350969278,1.7422631795974868,30,0,False,42
permABC-SMC,549181.3403416557,8.475403925644635,12537810.0,193.49347162246704,0.5020821869712359,24.502118851510275,624.1306247863193,27.631021115130228,0.1868658848954235,10.363670744533428,0.43621350969278,1.7422631795974868,30,0,False,42
permABC-SMC,550438.8961892246,8.47883102301699,12566520.0,193.5717122554779,0.5020821869712359,24.502118851510275,624.1306247863193,27.631021115130228,0.1868658848954235,10.363670744533428,0.43621350969278,1.7422631795974868,30,0,False,42
permABC-SMC,550972.4409448819,8.471121062131067,12595230.0,193.64982748031616,0.5020821869712359,24.502118851510275,624.1306247863193,27.631021115130228,0.1868658848954235,10.363670744533428,0.43621350969278,1.7422631795974868,30,0,False,42
permABC-SMC,550062.7450980393,8.441293743441047,12623940.0,193.72769141197205,0.5020821869712359,24.502118851510275,624.1306247863193,27.631021115130228,0.1868658848954235,10.363670744533428,0.43621350969278,1.7422631795974868,30,0,False,42
permABC-SMC,549160.15625,8.411701654808388,12652650.0,193.80560612678528,0.5020821869712359,24.502118851510275,624.1306247863193,27.631021115130228,0.1868658848954235,10.363670744533428,0.43621350969278,1.7422631795974868,30,0,False,42
permABC-SMC,549690.5071521456,8.404144385081118,12681360.0,193.8836109638214,0.5020821869712359,24.502118851510275,624.1306247863193,27.631021115130228,0.1868658848954235,10.363670744533428,0.43621350969278,1.7422631795974868,30,0,False,42
permABC-SMC,550219.4805194805,8.396623268787994,12710070.0,193.96199750900269,0.5020821869712359,24.502118851510275,624.1306247863193,27.631021115130228,0.1868658848954235,10.363670744533428,0.43621350969278,1.7422631795974868,30,0,False,42
permABC-SMC,551462.3376623376,8.399989161140475,12738780.0,194.03974962234497,0.5020821869712359,24.502118851510275,624.1306247863193,27.631021115130228,0.1868658848954235,10.363670744533428,0.43621350969278,1.7422631795974868,30,0,False,42
permABC-SMC,551988.3268482491,8.392460182328477,12767490.0,194.1176040172577,0.5020821869712359,24.502118851510275,624.1306247863193,27.631021115130228,0.1868658848954235,10.363670744533428,0.43621350969278,1.7422631795974868,30,0,False,42
permABC-SMC,553229.5719844358,8.395838294253945,12796200.0,194.19573974609375,0.5020821869712359,24.502118851510275,624.1306247863193,27.631021115130228,0.1868658848954235,10.363670744533428,0.43621350969278,1.7422631795974868,30,0,False,42
permABC-SMC,554470.8171206225,8.399225858398912,12824910.0,194.27409410476685,0.5020821869712359,24.502118851510275,624.1306247863193,27.631021115130228,0.1868658848954235,10.363670744533428,0.43621350969278,1.7422631795974868,30,0,False,42
permABC-SMC,554992.2279792746,8.391707579706617,12853620.0,194.35194754600525,0.5020821869712359,24.502118851510275,624.1306247863193,27.631021115130228,0.1868658848954235,10.363670744533428,0.43621350969278,1.7422631795974868,30,0,False,42
permABC-SMC,555512.2897800776,8.384190206128803,12882330.0,194.42937088012695,0.5020821869712359,24.502118851510275,624.1306247863193,27.631021115130228,0.1868658848954235,10.363670744533428,0.43621350969278,1.7422631795974868,30,0,False,42
permABC-SMC,556031.007751938,8.376712638894409,12911040.0,194.50726747512817,0.5020821869712359,24.502118851510275,624.1306247863193,27.631021115130228,0.1868658848954235,10.363670744533428,0.43621350969278,1.7422631795974868,30,0,False,42
permABC-SMC,556548.3870967742,8.369220426005702,12939750.0,194.58437490463257,0.5020821869712359,24.502118851510275,624.1306247863193,27.631021115130228,0.1868658848954235,10.363670744533428,0.43621350969278,1.7422631795974868,30,0,False,42
permABC-SMC,556347.4903474903,8.350989205905776,12968460.0,194.6615583896637,0.5020821869712359,24.502118851510275,624.1306247863193,27.631021115130228,0.1868658848954235,10.363670744533428,0.43621350969278,1.7422631795974868,30,0,False,42
permABC-SMC,556147.6251604621,8.332850854520263,12997170.0,194.73872447013855,0.5020821869712359,24.502118851510275,624.1306247863193,27.631021115130228,0.1868658848954235,10.363670744533428,0.43621350969278,1.7422631795974868,30,0,False,42
permABC-SMC,555237.851662404,8.304289346664051,13025880.0,194.81862807273865,0.5020821869712359,24.502118851510275,624.1306247863193,27.631021115130228,0.1868658848954235,10.363670744533428,0.43621350969278,1.7422631795974868,30,0,False,42
permABC-SMC,556461.6368286444,8.307600529500794,13054590.0,194.89630842208862,0.5020821869712359,24.502118851510275,624.1306247863193,27.631021115130228,0.1868658848954235,10.363670744533428,0.43621350969278,1.7422631795974868,30,0,False,42
permABC-SMC,556973.1800766283,8.300309761781396,13083300.0,194.974276304245,0.5020821869712359,24.502118851510275,624.1306247863193,27.631021115130228,0.1868658848954235,10.363670744533428,0.43621350969278,1.7422631795974868,30,0,False,42
permABC-SMC,558195.4022988505,8.30363516809586,13112010.0,195.05239009857178,0.5020821869712359,24.502118851510275,624.1306247863193,27.631021115130228,0.1868658848954235,10.363670744533428,0.43621350969278,1.7422631795974868,30,0,False,42
permABC-SMC,558704.081632653,8.29634489048095,13140720.0,195.13003182411194,0.5020821869712359,24.502118851510275,624.1306247863193,27.631021115130228,0.1868658848954235,10.363670744533428,0.43621350969278,1.7422631795974868,30,0,False,42
permABC-SMC,559924.7448979592,8.299635137830462,13169430.0,195.20741844177246,0.5020821869712359,24.502118851510275,624.1306247863193,27.631021115130228,0.1868658848954235,10.363670744533428,0.43621350969278,1.7422631795974868,30,0,False,42
permABC-SMC,561145.4081632653,8.302955734891958,13198140.0,195.2855188846588,0.5020821869712359,24.502118851510275,624.1306247863193,27.631021115130228,0.1868658848954235,10.363670744533428,0.43621350969278,1.7422631795974868,30,0,False,42
permABC-SMC,562366.0714285715,8.306268181930594,13226850.0,195.36342763900757,0.5020821869712359,24.502118851510275,624.1306247863193,27.631021115130228,0.1868658848954235,10.363670744533428,0.43621350969278,1.7422631795974868,30,0,False,42
permABC-SMC,562868.7898089172,8.298996218703609,13255560.0,195.44136095046997,0.5020821869712359,24.502118851510275,624.1306247863193,27.631021115130228,0.1868658848954235,10.363670744533428,0.43621350969278,1.7422631795974868,30,0,False,42
permABC-SMC,564087.898089172,8.302317030110936,13284270.0,195.51956605911255,0.5020821869712359,24.502118851510275,624.1306247863193,27.631021115130228,0.1868658848954235,10.363670744533428,0.43621350969278,1.7422631795974868,30,0,False,42
permABC-SMC,563870.3939008894,8.284511792361863,13312980.0,195.59732341766357,0.5020821869712359,24.502118851510275,624.1306247863193,27.631021115130228,0.1868658848954235,10.363670744533428,0.43621350969278,1.7422631795974868,30,0,False,42
permABC-SMC,565086.4040660737,8.287821741035458,13341690.0,195.67547130584717,0.5020821869712359,24.502118851510275,624.1306247863193,27.631021115130228,0.1868658848954235,10.363670744533428,0.43621350969278,1.7422631795974868,30,0,False,42
permABC-SMC,566302.4142312579,8.291105626246425,13370400.0,195.7530038356781,0.5020821869712359,24.502118851510275,624.1306247863193,27.631021115130228,0.1868658848954235,10.363670744533428,0.43621350969278,1.7422631795974868,30,0,False,42
permABC-SMC,566798.2233502538,8.283894094315478,13399110.0,195.83125638961792,0.5020821869712359,24.502118851510275,624.1306247863193,27.631021115130228,0.1868658848954235,10.363670744533428,0.43621350969278,1.7422631795974868,30,0,False,42
permABC-SMC,566574.6835443038,8.266212990515342,13427820.0,195.90924787521362,0.5020821869712359,24.502118851510275,624.1306247863193,27.631021115130228,0.1868658848954235,10.363670744533428,0.43621350969278,1.7422631795974868,30,0,False,42
permABC-SMC,567068.2680151707,8.259051076179308,13456530.0,195.98728203773499,0.5020821869712359,24.502118851510275,624.1306247863193,27.631021115130228,0.1868658848954235,10.363670744533428,0.43621350969278,1.7422631795974868,30,0,False,42
permABC-SMC,567560.606060606,8.251903645117276,13485240.0,196.06523060798645,0.5020821869712359,24.502118851510275,624.1306247863193,27.631021115130228,0.1868658848954235,10.363670744533428,0.43621350969278,1.7422631795974868,30,0,False,42
permABC-SMC,568051.7023959646,8.244779251262187,13513950.0,196.14329838752747,0.5020821869712359,24.502118851510275,624.1306247863193,27.631021115130228,0.1868658848954235,10.363670744533428,0.43621350969278,1.7422631795974868,30,0,False,42
permABC-SMC,569258.5119798235,8.24805909517985,13542660.0,196.2213258743286,0.5020821869712359,24.502118851510275,624.1306247863193,27.631021115130228,0.1868658848954235,10.363670744533428,0.43621350969278,1.7422631795974868,30,0,False,42
permABC-SMC,570465.321563682,8.251342406639685,13571370.0,196.29943585395813,0.5020821869712359,24.502118851510275,624.1306247863193,27.631021115130228,0.1868658848954235,10.363670744533428,0.43621350969278,1.7422631795974868,30,0,False,42
permABC-SMC,570952.1410579345,8.244209565804047,13600080.0,196.3770718574524,0.5020821869712359,24.502118851510275,624.1306247863193,27.631021115130228,0.1868658848954235,10.363670744533428,0.43621350969278,1.7422631795974868,30,0,False,42
permABC-SMC,571437.7358490566,8.23712800783681,13628790.0,196.45550298690796,0.5020821869712359,24.502118851510275,624.1306247863193,27.631021115130228,0.1868658848954235,10.363670744533428,0.43621350969278,1.7422631795974868,30,0,False,42
permABC-SMC,571922.1105527637,8.230042787053476,13657500.0,196.53342175483704,0.5020821869712359,24.502118851510275,624.1306247863193,27.631021115130228,0.1868658848954235,10.363670744533428,0.43621350969278,1.7422631795974868,30,0,False,42
permABC-SMC,572405.2697616061,8.222980052544353,13686210.0,196.61145305633545,0.5020821869712359,24.502118851510275,624.1306247863193,27.631021115130228,0.1868658848954235,10.363670744533428,0.43621350969278,1.7422631795974868,30,0,False,42
permABC-SMC,573606.0225846926,8.226241132097233,13714920.0,196.68942546844482,0.5020821869712359,24.502118851510275,624.1306247863193,27.631021115130228,0.1868658848954235,10.363670744533428,0.43621350969278,1.7422631795974868,30,0,False,42
permABC-SMC,574086.4661654135,8.219189890843188,13743630.0,196.7674059867859,0.5020821869712359,24.502118851510275,624.1306247863193,27.631021115130228,0.1868658848954235,10.363670744533428,0.43621350969278,1.7422631795974868,30,0,False,42
permABC-SMC,574565.7071339173,8.212166465119514,13772340.0,196.8456301689148,0.5020821869712359,24.502118851510275,624.1306247863193,27.631021115130228,0.1868658848954235,10.363670744533428,0.43621350969278,1.7422631795974868,30,0,False,42
permABC-SMC,575763.4543178973,8.21541647738002,13801050.0,196.92353296279907,0.5020821869712359,24.502118851510275,624.1306247863193,27.631021115130228,0.1868658848954235,10.363670744533428,0.43621350969278,1.7422631795974868,30,0,False,42
permABC-SMC,576240.0,8.208393464485804,13829760.0,197.0014431476593,0.5020821869712359,24.502118851510275,624.1306247863193,27.631021115130228,0.1868658848954235,10.363670744533428,0.43621350969278,1.7422631795974868,30,0,False,42
permABC-SMC,577436.25,8.21162728468577,13858470.0,197.0790548324585,0.5020821869712359,24.502118851510275,624.1306247863193,27.631021115130228,0.1868658848954235,10.363670744533428,0.43621350969278,1.7422631795974868,30,0,False,42
permABC-SMC,578632.5,8.214869717756907,13887180.0,197.15687322616577,0.5020821869712359,24.502118851510275,624.1306247863193,27.631021115130228,0.1868658848954235,10.363670744533428,0.43621350969278,1.7422631795974868,30,0,False,42
permABC-SMC,579828.75,8.218129237492878,13915890.0,197.2351016998291,0.5020821869712359,24.502118851510275,624.1306247863193,27.631021115130228,0.1868658848954235,10.363670744533428,0.43621350969278,1.7422631795974868,30,0,False,42
permABC-SMC,581025.0,8.221378137667974,13944600.0,197.31307530403137,0.5020821869712359,24.502118851510275,624.1306247863193,27.631021115130228,0.1868658848954235,10.363670744533428,0.43621350969278,1.7422631795974868,30,0,False,42
permABC-SMC,580769.3266832916,8.204118628751607,13973310.0,197.39109420776367,0.5020821869712359,24.502118851510275,624.1306247863193,27.631021115130228,0.1868658848954235,10.363670744533428,0.43621350969278,1.7422631795974868,30,0,False,42
permABC-SMC,579793.7888198757,8.176770634779524,14002020.0,197.46901082992554,0.5020821869712359,24.502118851510275,624.1306247863193,27.631021115130228,0.1868658848954235,10.363670744533428,0.43621350969278,1.7422631795974868,30,0,False,42
permABC-SMC,580261.7866004963,8.169848776928545,14030730.0,197.5469434261322,0.5020821869712359,24.502118851510275,624.1306247863193,27.631021115130228,0.1868658848954235,10.363670744533428,0.43621350969278,1.7422631795974868,30,0,False,42
permABC-SMC,580728.6245353159,8.162942488101926,14059440.0,197.62483763694763,0.5020821869712359,24.502118851510275,624.1306247863193,27.631021115130228,0.1868658848954235,10.363670744533428,0.43621350969278,1.7422631795974868,30,0,False,42
permABC-SMC,581914.498141264,8.166171449710887,14088150.0,197.7030107975006,0.5020821869712359,24.502118851510275,624.1306247863193,27.631021115130228,0.1868658848954235,10.363670744533428,0.43621350969278,1.7422631795974868,30,0,False,42
permABC-SMC,582378.712871287,8.159262197639288,14116860.0,197.78051567077637,0.5020821869712359,24.502118851510275,624.1306247863193,27.631021115130228,0.1868658848954235,10.363670744533428,0.43621350969278,1.7422631795974868,30,0,False,42
permABC-SMC,582841.7799752781,8.152385312046196,14145570.0,197.8583915233612,0.5020821869712359,24.502118851510275,624.1306247863193,27.631021115130228,0.1868658848954235,10.363670744533428,0.43621350969278,1.7422631795974868,30,0,False,42
permABC-SMC,583303.7037037037,8.145526564170304,14174280.0,197.93629550933838,0.5020821869712359,24.502118851510275,624.1306247863193,27.631021115130228,0.1868658848954235,10.363670744533428,0.43621350969278,1.7422631795974868,30,0,False,42
permABC-SMC,584485.1851851852,8.14874596065945,14202990.0,198.01452684402466,0.5020821869712359,24.502118851510275,624.1306247863193,27.631021115130228,0.1868658848954235,10.363670744533428,0.43621350969278,1.7422631795974868,30,0,False,42
permABC-SMC,585666.6666666666,8.151901298099094,14231700.0,198.09120154380798,0.5020821869712359,24.502118851510275,624.1306247863193,27.631021115130228,0.1868658848954235,10.363670744533428,0.43621350969278,1.7422631795974868,30,0,False,42
permABC-SMC,586124.5376078914,8.145065803465116,14260410.0,198.16945099830627,0.5020821869712359,24.502118851510275,624.1306247863193,27.631021115130228,0.1868658848954235,10.363670744533428,0.43621350969278,1.7422631795974868,30,0,False,42
permABC-SMC,587304.5622688038,8.148248137831931,14289120.0,198.24687719345093,0.5020821869712359,24.502118851510275,624.1306247863193,27.631021115130228,0.1868658848954235,10.363670744533428,0.43621350969278,1.7422631795974868,30,0,False,42
permABC-SMC,587759.8522167486,8.141435259472951,14317830.0,198.3253629207611,0.5020821869712359,24.502118851510275,624.1306247863193,27.631021115130228,0.1868658848954235,10.363670744533428,0.43621350969278,1.7422631795974868,30,0,False,42
permABC-SMC,588938.4236453201,8.14463626379254,14346540.0,198.40333938598633,0.5020821869712359,24.502118851510275,624.1306247863193,27.631021115130228,0.1868658848954235,10.363670744533428,0.43621350969278,1.7422631795974868,30,0,False,42
permABC-SMC,589391.1439114392,8.137806696498819,14375250.0,198.4811053276062,0.5020821869712359,24.502118851510275,624.1306247863193,27.631021115130228,0.1868658848954235,10.363670744533428,0.43621350969278,1.7422631795974868,30,0,False,42
permABC-SMC,589119.0184049079,8.121033631463236,14403960.0,198.55927228927612,0.5020821869712359,24.502118851510275,624.1306247863193,27.631021115130228,0.1868658848954235,10.363670744533428,0.43621350969278,1.7422631795974868,30,0,False,42
permABC-SMC,590293.2515337424,8.124230039631662,14432670.0,198.63742446899414,0.5020821869712359,24.502118851510275,624.1306247863193,27.631021115130228,0.1868658848954235,10.363670744533428,0.43621350969278,1.7422631795974868,30,0,False,42
permABC-SMC,590742.6470588236,8.11745204956703,14461380.0,198.71522617340088,0.5020821869712359,24.502118851510275,624.1306247863193,27.631021115130228,0.1868658848954235,10.363670744533428,0.43621350969278,1.7422631795974868,30,0,False,42
permABC-SMC,591915.4411764707,8.120670515337801,14490090.0,198.79401421546936,0.5020821869712359,24.502118851510275,624.1306247863193,27.631021115130228,0.1868658848954235,10.363670744533428,0.43621350969278,1.7422631795974868,30,0,False,42
permABC-SMC,593088.2352941177,8.123859276179395,14518800.0,198.87207508087158,0.5020821869712359,24.502118851510275,624.1306247863193,27.631021115130228,0.1868658848954235,10.363670744533428,0.43621350969278,1.7422631795974868,30,0,False,42
permABC-SMC,594261.0294117647,8.127052965117436,14547510.0,198.95025658607483,0.5020821869712359,24.502118851510275,624.1306247863193,27.631021115130228,0.1868658848954235,10.363670744533428,0.43621350969278,1.7422631795974868,30,0,False,42
permABC-SMC,594705.0183598532,8.12028165449176,14576220.0,199.02810335159302,0.5020821869712359,24.502118851510275,624.1306247863193,27.631021115130228,0.1868658848954235,10.363670744533428,0.43621350969278,1.7422631795974868,30,0,False,42
permABC-SMC,595876.3769889842,8.123452115769,14604930.0,199.10581135749817,0.5020821869712359,24.502118851510275,624.1306247863193,27.631021115130228,0.1868658848954235,10.363670744533428,0.43621350969278,1.7422631795974868,30,0,False,42
permABC-SMC,596317.848410758,8.11668822895538,14633640.0,199.18352913856506,0.5020821869712359,24.502118851510275,624.1306247863193,27.631021115130228,0.1868658848954235,10.363670744533428,0.43621350969278,1.7422631795974868,30,0,False,42
permABC-SMC,596758.2417582418,8.109959762272041,14662350.0,199.26171135902405,0.5020821869712359,24.502118851510275,624.1306247863193,27.631021115130228,0.1868658848954235,10.363670744533428,0.43621350969278,1.7422631795974868,30,0,False,42
permABC-SMC,597926.73992674,8.113115766352156,14691060.0,199.33925437927246,0.5020821869712359,24.502118851510275,624.1306247863193,27.631021115130228,0.1868658848954235,10.363670744533428,0.43621350969278,1.7422631795974868,30,0,False,42
permABC-SMC,599095.2380952381,8.116287975520878,14719770.0,199.41719555854797,0.5020821869712359,24.502118851510275,624.1306247863193,27.631021115130228,0.1868658848954235,10.363670744533428,0.43621350969278,1.7422631795974868,30,0,False,42
permABC-SMC,600263.7362637363,8.119452829326029,14748480.0,199.49495601654053,0.5020821869712359,24.502118851510275,624.1306247863193,27.631021115130228,0.1868658848954235,10.363670744533428,0.43621350969278,1.7422631795974868,30,0,False,42
permABC-SMC,600698.7804878049,8.112715521479041,14777190.0,199.5728018283844,0.5020821869712359,24.502118851510275,624.1306247863193,27.631021115130228,0.1868658848954235,10.363670744533428,0.43621350969278,1.7422631795974868,30,0,False,42
permABC-SMC,601865.8536585367,8.115902567297464,14805900.0,199.65120315551758,0.5020821869712359,24.502118851510275,624.1306247863193,27.631021115130228,0.1868658848954235,10.363670744533428,0.43621350969278,1.7422631795974868,30,0,False,42
permABC-SMC,602298.4165651645,8.109224379861253,14834610.0,199.73019647598267,0.5020821869712359,24.502118851510275,624.1306247863193,27.631021115130228,0.1868658848954235,10.363670744533428,0.43621350969278,1.7422631795974868,30,0,False,42
permABC-SMC,603464.0682095006,8.11242999170933,14863320.0,199.80915069580078,0.5020821869712359,24.502118851510275,624.1306247863193,27.631021115130228,0.1868658848954235,10.363670744533428,0.43621350969278,1.7422631795974868,30,0,False,42
permABC-SMC,603894.1605839416,8.105716160034032,14892030.0,199.8869605064392,0.5020821869712359,24.502118851510275,624.1306247863193,27.631021115130228,0.1868658848954235,10.363670744533428,0.43621350969278,1.7422631795974868,30,0,False,42
permABC-SMC,605058.394160584,8.108871967349705,14920740.0,199.96478271484375,0.5020821869712359,24.502118851510275,624.1306247863193,27.631021115130228,0.1868658848954235,10.363670744533428,0.43621350969278,1.7422631795974868,30,0,False,42
permABC-SMC,606222.6277372263,8.11203238641162,14949450.0,200.04271864891052,0.5020821869712359,24.502118851510275,624.1306247863193,27.631021115130228,0.1868658848954235,10.363670744533428,0.43621350969278,1.7422631795974868,30,0,False,42
permABC-SMC,607386.8613138687,8.11518457780886,14978160.0,200.12045168876648,0.5020821869712359,24.502118851510275,624.1306247863193,27.631021115130228,0.1868658848954235,10.363670744533428,0.43621350969278,1.7422631795974868,30,0,False,42
permABC-SMC,607811.6646415554,8.108478183445056,15006870.0,200.19832634925842,0.5020821869712359,24.502118851510275,624.1306247863193,27.631021115130228,0.1868658848954235,10.363670744533428,0.43621350969278,1.7422631795974868,30,0,False,42
permABC-SMC,608235.4368932039,8.101784073804959,15035580.0,200.27610230445862,0.5020821869712359,24.502118851510275,624.1306247863193,27.631021115130228,0.1868658848954235,10.363670744533428,0.43621350969278,1.7422631795974868,30,0,False,42
permABC-SMC,608658.1818181818,8.095104034500892,15064290.0,200.3538248538971,0.5020821869712359,24.502118851510275,624.1306247863193,27.631021115130228,0.1868658848954235,10.363670744533428,0.43621350969278,1.7422631795974868,30,0,False,42
permABC-SMC,609818.1818181819,8.098235929855193,15093000.0,200.43133926391602,0.5020821869712359,24.502118851510275,624.1306247863193,27.631021115130228,0.1868658848954235,10.363670744533428,0.43621350969278,1.7422631795974868,30,0,False,42
permABC-SMC,610238.4987893463,8.091558709656452,15121710.0,200.50882482528687,0.5020821869712359,24.502118851510275,624.1306247863193,27.631021115130228,0.1868658848954235,10.363670744533428,0.43621350969278,1.7422631795974868,30,0,False,42
permABC-SMC,609920.2898550725,8.075154931456954,15150420.0,200.58684849739075,0.5020821869712359,24.502118851510275,624.1306247863193,27.631021115130228,0.1868658848954235,10.363670744533428,0.43621350969278,1.7422631795974868,30,0,False,42
permABC-SMC,610338.962605549,8.06854488286907,15179130.0,200.66471123695374,0.5020821869712359,24.502118851510275,624.1306247863193,27.631021115130228,0.1868658848954235,10.363670744533428,0.43621350969278,1.7422631795974868,30,0,False,42
permABC-SMC,610756.626506024,8.061964243770126,15207840.0,200.7429096698761,0.5020821869712359,24.502118851510275,624.1306247863193,27.631021115130228,0.1868658848954235,10.363670744533428,0.43621350969278,1.7422631795974868,30,0,False,42
permABC-SMC,611909.6385542168,8.065109003978561,15236550.0,200.82121419906616,0.5020821869712359,24.502118851510275,624.1306247863193,27.631021115130228,0.1868658848954235,10.363670744533428,0.43621350969278,1.7422631795974868,30,0,False,42
permABC-SMC,613062.6506024097,8.073359512421023,15265260.0,201.02665185928345,0.5020821869712359,24.502118851510275,624.1306247863193,27.631021115130228,0.1868658848954235,10.363670744533428,0.43621350969278,1.7422631795974868,30,0,False,42
permABC-SMC,613476.5342960288,8.066767073997378,15293970.0,201.10450315475464,0.5020821869712359,24.502118851510275,624.1306247863193,27.631021115130228,0.1868658848954235,10.363670744533428,0.43621350969278,1.7422631795974868,30,0,False,42
permABC-SMC,613152.4609843937,8.050512065406606,15322680.0,201.1822965145111,0.5020821869712359,24.502118851510275,624.1306247863193,27.631021115130228,0.1868658848954235,10.363670744533428,0.43621350969278,1.7422631795974868,30,0,False,42
permABC-SMC,613564.7482014389,8.043947341821367,15351390.0,201.2595624923706,0.5020821869712359,24.502118851510275,624.1306247863193,27.631021115130228,0.1868658848954235,10.363670744533428,0.43621350969278,1.7422631795974868,30,0,False,42
permABC-SMC,614712.2302158274,8.047036844477665,15380100.0,201.33686184883118,0.5020821869712359,24.502118851510275,624.1306247863193,27.631021115130228,0.1868658848954235,10.363670744533428,0.43621350969278,1.7422631795974868,30,0,False,42
permABC-SMC,615859.7122302158,8.050119610046217,15408810.0,201.41399264335632,0.5020821869712359,24.502118851510275,624.1306247863193,27.631021115130228,0.1868658848954235,10.363670744533428,0.43621350969278,1.7422631795974868,30,0,False,42
permABC-SMC,615531.1004784689,8.033954393730589,15437520.0,201.49157619476318,0.5020821869712359,24.502118851510275,624.1306247863193,27.631021115130228,0.1868658848954235,10.363670744533428,0.43621350969278,1.7422631795974868,30,0,False,42
permABC-SMC,615939.0681003585,8.027459843041933,15466230.0,201.56951665878296,0.5020821869712359,24.502118851510275,624.1306247863193,27.631021115130228,0.1868658848954235,10.363670744533428,0.43621350969278,1.7422631795974868,30,0,False,42
permABC-SMC,616346.062052506,8.02095258814433,15494940.0,201.6467480659485,0.5020821869712359,24.502118851510275,624.1306247863193,27.631021115130228,0.1868658848954235,10.363670744533428,0.43621350969278,1.7422631795974868,30,0,False,42
permABC-SMC,617488.0668257757,8.024075378381552,15523650.0,201.7252550125122,0.5020821869712359,24.502118851510275,624.1306247863193,27.631021115130228,0.1868658848954235,10.363670744533428,0.43621350969278,1.7422631795974868,30,0,False,42
permABC-SMC,618630.0715990453,8.027174393146305,15552360.0,201.80316424369812,0.5020821869712359,24.502118851510275,624.1306247863193,27.631021115130228,0.1868658848954235,10.363670744533428,0.43621350969278,1.7422631795974868,30,0,False,42
permABC-SMC,619772.0763723151,8.030282948447677,15581070.0,201.8813133239746,0.5020821869712359,24.502118851510275,624.1306247863193,27.631021115130228,0.1868658848954235,10.363670744533428,0.43621350969278,1.7422631795974868,30,0,False,42
permABC-SMC,620914.0811455848,8.033405833521245,15609780.0,201.95982265472412,0.5020821869712359,24.502118851510275,624.1306247863193,27.631021115130228,0.1868658848954235,10.363670744533428,0.43621350969278,1.7422631795974868,30,0,False,42
permABC-SMC,622056.0859188543,8.036523578464749,15638490.0,202.03820276260376,0.5020821869712359,24.502118851510275,624.1306247863193,27.631021115130228,0.1868658848954235,10.363670744533428,0.43621350969278,1.7422631795974868,30,0,False,42
permABC-SMC,622455.303933254,8.03001457421989,15667200.0,202.11546683311462,0.5020821869712359,24.502118851510275,624.1306247863193,27.631021115130228,0.1868658848954235,10.363670744533428,0.43621350969278,1.7422631795974868,30,0,False,42
permABC-SMC,623595.9475566151,8.033125922468669,15695910.0,202.19377946853638,0.5020821869712359,24.502118851510275,624.1306247863193,27.631021115130228,0.1868658848954235,10.363670744533428,0.43621350969278,1.7422631795974868,30,0,False,42
permABC-SMC,624736.5911799762,8.036229579184424,15724620.0,202.2718985080719,0.5020821869712359,24.502118851510275,624.1306247863193,27.631021115130228,0.1868658848954235,10.363670744533428,0.43621350969278,1.7422631795974868,30,0,False,42
permABC-SMC,625877.2348033374,8.039325553839483,15753330.0,202.34982419013977,0.5020821869712359,24.502118851510275,624.1306247863193,27.631021115130228,0.1868658848954235,10.363670744533428,0.43621350969278,1.7422631795974868,30,0,False,42
permABC-SMC,627017.8784266985,8.042444565204292,15782040.0,202.42832970619202,0.5020821869712359,24.502118851510275,624.1306247863193,27.631021115130228,0.1868658848954235,10.363670744533428,0.43621350969278,1.7422631795974868,30,0,False,42
permABC-SMC,628158.5220500596,8.045564807972172,15810750.0,202.50686621665955,0.5020821869712359,24.502118851510275,624.1306247863193,27.631021115130228,0.1868658848954235,10.363670744533428,0.43621350969278,1.7422631795974868,30,0,False,42
permABC-SMC,629299.1656734208,8.048653138455863,15839460.0,202.58459949493408,0.5020821869712359,24.502118851510275,624.1306247863193,27.631021115130228,0.1868658848954235,10.363670744533428,0.43621350969278,1.7422631795974868,30,0,False,42
permABC-SMC,630439.809296782,8.051755459572902,15868170.0,202.66268491744995,0.5020821869712359,24.502118851510275,624.1306247863193,27.631021115130228,0.1868658848954235,10.363670744533428,0.43621350969278,1.7422631795974868,30,0,False,42
permABC-SMC,630078.4780023781,8.035712718396635,15896880.0,202.7410318851471,0.5020821869712359,24.502118851510275,624.1306247863193,27.631021115130228,0.1868658848954235,10.363670744533428,0.43621350969278,1.7422631795974868,30,0,False,42
permABC-SMC,629718.8612099644,8.019745382879883,15925590.0,202.81936073303223,0.5020821869712359,24.502118851510275,624.1306247863193,27.631021115130228,0.1868658848954235,10.363670744533428,0.43621350969278,1.7422631795974868,30,0,False,42
permABC-SMC,630854.0925266903,8.022846596756676,15954300.0,202.89779043197632,0.5020821869712359,24.502118851510275,624.1306247863193,27.631021115130228,0.1868658848954235,10.363670744533428,0.43621350969278,1.7422631795974868,30,0,False,42
permABC-SMC,631989.3238434164,8.025923365422887,15983010.0,202.9756019115448,0.5020821869712359,24.502118851510275,624.1306247863193,27.631021115130228,0.1868658848954235,10.363670744533428,0.43621350969278,1.7422631795974868,30,0,False,42
permABC-SMC,633124.5551601424,8.029014567416286,16011720.0,203.05377840995789,0.5020821869712359,24.502118851510275,624.1306247863193,27.631021115130228,0.1868658848954235,10.363670744533428,0.43621350969278,1.7422631795974868,30,0,False,42
permABC-SMC,633508.2938388626,8.022598764531043,16040430.0,203.13220071792603,0.5020821869712359,24.502118851510275,624.1306247863193,27.631021115130228,0.1868658848954235,10.363670744533428,0.43621350969278,1.7422631795974868,30,0,False,42
permABC-SMC,633891.1242603551,8.016184180445926,16069140.0,203.2102689743042,0.5020821869712359,24.502118851510275,624.1306247863193,27.631021115130228,0.1868658848954235,10.363670744533428,0.43621350969278,1.7422631795974868,30,0,False,42
permABC-SMC,634273.0496453901,8.009793694513439,16097850.0,203.2885639667511,0.5020821869712359,24.502118851510275,624.1306247863193,27.631021115130228,0.1868658848954235,10.363670744533428,0.43621350969278,1.7422631795974868,30,0,False,42
permABC-SMC,634654.0731995277,8.003409168749332,16126560.0,203.36662697792053,0.5020821869712359,24.502118851510275,624.1306247863193,27.631021115130228,0.1868658848954235,10.363670744533428,0.43621350969278,1.7422631795974868,30,0,False,42
permABC-SMC,635034.1981132076,7.9970347431470765,16155270.0,203.44456386566162,0.5020821869712359,24.502118851510275,624.1306247863193,27.631021115130228,0.1868658848954235,10.363670744533428,0.43621350969278,1.7422631795974868,30,0,False,42
permABC-SMC,636106.1320754718,8.041421534880154,16182540.0,204.57376384735107,0.502004026166977,24.486076702189067,624.306681927433,27.631021115129375,0.17619885625704376,10.37651059587971,0.43330656969813425,1.7430300815444189,30,0,False,42
permABC-SMC,637123.820754717,8.044393726114958,16208430.0,204.6493763923645,0.5009987548809504,24.479780210898777,623.7456781626436,27.63102111512938,0.17792708379086847,10.374484526477962,0.43473581831840297,1.742061526664629,30,0,False,42
permABC-SMC,638089.6226415095,8.04710495959288,16233000.0,204.71835017204285,0.4998743464835052,24.484197386135335,623.2932897575179,27.63102111512919,0.1798930130773489,10.374669095470795,0.43596253033634097,1.743049653947766,30,0,False,42
permABC-SMC,639029.4811320757,8.088486318318349,16256910.0,205.7710919380188,0.4991791545758928,24.49643390483694,622.4295841784393,27.631021115150244,0.18052681081561028,10.372347755818366,0.4357549403024269,1.7431174829567977,30,0,False,42
permABC-SMC,639922.1698113208,8.123377368510145,16279620.0,206.65872025489807,0.49887179095117384,24.480658102650402,622.9018953683765,27.631021115149533,0.17178818806514481,10.379067521372765,0.4268278945766412,1.7453875504009573,30,0,False,42
permABC-SMC,640770.0471698114,8.161576420256177,16301190.0,207.63050413131714,0.4977086212902294,24.48478499641581,622.0267397064831,27.631021115150038,0.17291232861749217,10.378731384945862,0.42703053873082375,1.7446722570881845,30,0,False,42
permABC-SMC,641575.4716981134,8.209026562717726,16321680.0,208.83763575553894,0.49653699818434954,24.476914680731404,621.5540180667514,27.63102111514962,0.17400713807211737,10.378058195935541,0.4275941807117357,1.7441962067199437,30,0,False,42
permABC-SMC,642339.6226415095,8.251266228327962,16341120.0,209.91221284866333,0.49548694436662494,24.47375417972801,621.4348001808173,27.631021115149185,0.17624874350110814,10.379810588695001,0.4295744324847849,1.7447878077326455,30,0,False,42
permABC-SMC,642307.4204946996,8.281092349809901,16359570.0,210.9194221496582,0.4946127038896524,24.475199543786424,621.0359190239247,27.631021115148993,0.1772085032698172,10.379763033179389,0.4294408363172569,1.7443199300845238,30,0,False,42
permABC-SMC,642995.288574794,8.317240828104847,16377090.0,211.84012389183044,0.49344970912183694,24.471238735565912,620.6965629647034,27.63102111514871,0.17919283874549324,10.379304922270586,0.43183165529666734,1.7438831544289493,30,0,False,42
permABC-SMC,643647.8209658421,8.354538995048603,16393710.0,212.79010820388794,0.4924370330948294,24.473437510569745,619.8906275906576,27.63102111514856,0.1793261117400998,10.376646189589946,0.43026272617201694,1.7428589903422247,30,0,False,42
permABC-SMC,644267.3733804476,8.394768662110094,16409490.0,213.8147578239441,0.4914229569955931,24.482045740252552,618.9984674879403,27.631021115169602,0.18150924063458998,10.375079316080225,0.43273220800418416,1.742264658253415,30,0,False,42
permABC-SMC,1102581.4889336016,14.345586307891498,16439490.0,213.89269185066223,0.4905661134180264,24.474765197213294,619.8474318134081,27.631021115190055,0.18212160442453304,10.38217777499394,0.4342207124565317,1.7466768706227933,30,0,False,42
permABC-SMC,1084847.8260869565,14.0955861535154,16467990.0,213.97099781036377,0.48937328207556846,24.476079962161702,619.1181334296799,27.63102111519023,0.18335760902845746,10.380217651334606,0.4346638950093934,1.7455616434322658,30,0,False,42
permABC-SMC,1080225.9332023575,14.027451844330933,16495050.0,214.19918966293335,0.48803590767800886,24.47274550383552,618.4982973372778,27.631021115190094,0.18501201766706296,10.377604982149132,0.4358361625918966,1.7461111989472555,30,0,False,42
permABC-SMC,1067232.558139535,13.841809659657244,16520760.0,214.27121353149414,0.4869246043804308,24.47213825233408,618.1705722786419,27.631021115189878,0.18759198853757328,10.378049863528553,0.43741261428000705,1.7465852524762877,30,0,False,42
permABC-SMC,1050489.523809524,13.608955701192219,16545210.0,214.34105229377747,0.48595736883879054,24.459656465449203,617.9934984780693,27.631021115189338,0.18931683858084628,10.381249669969327,0.4390406155342445,1.7464801241310084,30,0,False,42
permABC-SMC,1038122.1804511278,13.434022620208282,16568430.0,214.40700101852417,0.48529934899569904,24.465045700670814,618.4932605696687,27.631021115189437,0.1923985335580918,10.386589851404675,0.44147691706615955,1.7482395329311216,30,0,False,42
permABC-SMC,1018445.6721915284,13.165421834234959,16590480.0,214.4647216796875,0.48455664851045754,24.46132635711549,619.0906440761546,27.63102111518919,0.1951998531157794,10.39349936619795,0.4430387579689066,1.749564906263897,30,0,False,42
permABC-SMC,1014128.205128205,13.096859865572862,16611420.0,214.5265645980835,0.4834651462984427,24.466954073334897,617.8376494534812,27.63102111521089,0.19633096827115423,10.389335443589768,0.44284114573768474,1.7511779467450712,30,0,False,42
permABC-SMC,1009795.9927140253,13.0359216683115,16631340.0,214.70162987709045,0.4823797540977656,24.4715738332009,618.1633307131924,27.631021115232326,0.19750325675048433,10.39225355902884,0.44268630954602145,1.7531541715336696,30,0,False,42
permABC-SMC,1005451.0869565215,12.968143561612,16650270.0,214.7524573802948,0.48189288795362595,24.479184016461886,617.0486302825212,27.631021115232347,0.19503886694795639,10.393445925149564,0.44041945525878134,1.7532023499832134,30,0,False,42
permABC-SMC,999296.7625899281,12.877785144664115,16668270.0,214.80145621299744,0.4812185783778896,24.482006759656947,616.4804637412817,27.63102111523242,0.19602299342052906,10.391682914540977,0.4411485432291887,1.7528563271574273,30,0,False,42
permABC-SMC,989644.1281138788,12.788556097241056,16685400.0,215.61505579948425,0.48062466978706486,24.476671728625192,616.9307144126569,27.631021115232432,0.19707998622259895,10.39730890482964,0.4410645397254035,1.7552949278643328,30,0,False,42
permABC-SMC,981874.7795414464,12.678553916509543,16701690.0,215.66220211982727,0.4801503765896108,24.470252821485737,617.3729535475034,27.631021115232134,0.1991990321224091,10.400407722367234,0.4426067791915283,1.7556747302822677,30,0,False,42
permABC-SMC,974194.0559440559,12.570256133735318,16717170.0,215.70559525489807,0.4791379728352437,24.48790471203072,617.448035197278,27.631021115232965,0.20070562177888573,10.405737730279274,0.44227019151545516,1.7565135172742568,30,0,False,42
permABC-SMC,1806598.705501618,23.277593199103396,16747170.0,215.78328895568848,0.4782411696301108,24.496917277786956,617.6349472580722,27.63102111523356,0.20045536344591944,10.410912238077527,0.44227624444245944,1.7580560739572855,30,0,False,42
permABC-SMC,1798035.3697749197,23.13631166088108,16775670.0,215.8617877960205,0.4770245265608784,24.494237163335406,617.2806963755032,27.631021115233587,0.20343996433543945,10.412772446982748,0.44478222700414605,1.7579934943442075,30,0,False,42
permABC-SMC,1761298.7421383644,22.63483508827801,16802790.0,215.93632674217224,0.47628629588305654,24.484864358707284,616.8999028386686,27.63102111523314,0.20496022043744083,10.412418713366607,0.44514857734171953,1.7570811688211017,30,0,False,42
permABC-SMC,1720714.72392638,22.086746341611704,16828590.0,216.00837922096252,0.47543455363025344,24.498748756361366,616.4622114828688,27.63102111523349,0.20697923765341983,10.41604242802012,0.44700857664293625,1.7580499537090781,30,0,False,42
permABC-SMC,1697193.3534743201,21.759886371885305,16853130.0,216.07567167282104,0.474397054628881,24.50034449915942,616.5039920105497,27.63102111523345,0.2099933600798254,10.422188350284031,0.44810213236213675,1.759036838899029,30,0,False,42
permABC-SMC,1640090.3790087462,21.016364009549477,16876530.0,216.25838565826416,0.4736516710604218,24.496017915156116,616.1000503108444,27.631021115233427,0.21351117364548974,10.422745683255863,0.45007297037118216,1.760303968635891,30,0,False,42
permABC-SMC,1618655.172413793,20.719904324104046,16898760.0,216.31580114364624,0.47238947714591173,24.501583133831762,615.9587678913724,27.631021115233768,0.2167312717422558,10.42355221113835,0.4524520021513937,1.7601934448362744,30,0,False,42
permABC-SMC,1597725.2124645892,20.44274788965472,16919910.0,216.48870015144348,0.47149938471233516,24.49596338799425,615.0214737725908,27.63102111523362,0.2174411487017192,10.419259723583064,0.45342247948671116,1.7589330740627116,30,0,False,42
permABC-SMC,1572888.5793871866,20.106070796537974,16940010.0,216.542382478714,0.47035837232959604,24.503163158296907,613.9268091532886,27.63102111523375,0.2218074359075733,10.416581403000919,0.4562922819193602,1.7592108630416194,30,0,False,42
permABC-SMC,1531991.8699186991,19.56573723669836,16959150.0,216.59271121025085,0.4691371737962878,24.49237244689263,613.9404410199002,27.631021115233306,0.2206689820154101,10.417801407480026,0.4545812747784797,1.7603853384416117,30,0,False,42
permABC-SMC,1525369.272237197,19.464666952662714,16977360.0,216.641743183136,0.4679964537992849,24.51209126310178,613.2840627537703,27.631021115234333,0.22268908728247083,10.4166401557093,0.45332730298046237,1.7608176439365195,30,0,False,42
permABC-SMC,1514676.4705882354,19.312789202161436,16994670.0,216.68949484825134,0.46722467598474393,24.518998387974193,612.7367146514936,27.631021115234464,0.22526214158005736,10.415207545688506,0.4550468018375143,1.761276634784801,30,0,False,42
permABC-SMC,1512104.0,19.26535964541965,17011170.0,216.73529601097107,0.46627587330103987,24.533410474532864,612.0701276229013,27.63102111523549,0.22957528152042647,10.412614109203997,0.4577065996724813,1.7605234511885237,30,0,False,42
permABC-SMC,1501484.126984127,19.11638514705436,17026830.0,216.77980756759644,0.46539817508441045,24.512129368042277,612.3246197162048,27.63102111523479,0.23133678917670178,10.414133347815504,0.45531039462697737,1.7595661305324601,30,0,False,42
permABC-SMC,2608077.981651376,33.15846391409544,17056830.0,216.8563539981842,0.4638986598512561,24.50569507945434,610.7237054539846,27.631021115234212,0.22879210353343218,10.402582025979138,0.4546872511625233,1.7587618516083807,30,0,False,42
permABC-SMC,2565387.387387387,32.70379172431098,17085480.0,217.80725288391113,0.46322863571956346,24.504288560614246,610.2751208881507,27.63102111523397,0.23186954076571584,10.401756525566306,0.4569170629014803,1.7592899220083666,30,0,False,42
permABC-SMC,2524008.8495575218,32.297361108054105,17112780.0,218.9761083126068,0.462836615768274,24.509283656218994,610.2533807392124,27.631021115233988,0.23278520834677968,10.403785660920413,0.4567216004600487,1.7581674323826333,30,0,False,42
permABC-SMC,2441423.0769230765,31.20372950860917,17138790.0,219.0501811504364,0.4620214443899649,24.514550664668988,609.0438687011734,27.631021115234528,0.2367196125495329,10.397801901246309,0.4578700146331134,1.7571394496320607,30,0,False,42
permABC-SMC,2364136.3636363633,30.305218105473795,17163630.0,220.01588344573975,0.4607993069115042,24.50200829556276,609.156578480581,27.63102111523405,0.23807386238001327,10.39815310174289,0.4567151239829583,1.75697819219374,30,0,False,42
permABC-SMC,2347991.803278689,30.211941498876268,17187300.0,221.1514117717743,0.46028541643312404,24.502749767115894,608.277138414786,27.631021115234805,0.2407505871472457,10.39685647277844,0.45822170343264257,1.7558500653537692,30,0,False,42
permABC-SMC,2322506.072874494,29.99566293116684,17209770.0,222.2678623199463,0.4598214013021137,24.53221782407659,607.6818592970178,27.631021115257653,0.24354571234638425,10.40414505863948,0.46155052822339643,1.7570846376722413,30,0,False,42
permABC-SMC,2306714.8594377507,29.902544717392928,17231160.0,223.37200903892517,0.4578743591116982,24.555636071617926,606.3605516230913,27.63102111527993,0.24712079418295577,10.398531077226817,0.4625793941223202,1.756315980359601,30,0,False,42
permABC-SMC,2272932.8063241104,29.5703662713997,17251560.0,224.4390799999237,0.4568025992300943,24.551434823616766,605.5850251916718,27.631021115279665,0.2538776579760171,10.393227185106793,0.465528221008586,1.7555378484968525,30,0,False,42
permABC-SMC,2266531.496062992,29.60284948348999,17270970.0,225.57371306419373,0.45640462523996606,24.544985006519248,606.2179820198392,27.631021115279307,0.2574023518026903,10.398649065765879,0.46518527116364294,1.7559805996094597,30,0,False,42
permABC-SMC,2225169.884169884,29.15495930184422,17289570.0,226.5340337753296,0.4556282951131963,24.55417810996042,605.588258778037,27.631021115301184,0.26271838843420764,10.395115501807126,0.46651453783942,1.754928039861642,30,0,False,42
permABC-SMC,2201946.564885496,28.96742996672031,17307300.0,227.68399953842163,0.45472087753044715,24.60728447504092,605.8365428954892,27.631021115304392,0.2633899751480691,10.404508478985012,0.4665706540540932,1.7574953126998833,30,0,False,42
permABC-SMC,2179139.6226415094,28.757735888163246,17324160.0,228.62400031089783,0.45365072282733987,24.61791041553111,605.5323119046839,27.631021115304645,0.2640796237988913,10.396938865347174,0.46478424033776033,1.7537891577681268,30,0,False,42
permABC-SMC,2172951.127819549,28.77096526306076,17340150.0,229.59230279922485,0.4531838582626114,24.642482166797436,604.6280901765014,27.631021115327236,0.26325893714711474,10.393084301095746,0.46333529789798156,1.7540326787168232,30,0,False,42
permABC-SMC,2166707.8651685393,28.78558522604229,17355330.0,230.57253766059875,0.4522287062768182,24.67801970891419,603.6884406728038,27.631021115350247,0.2690800935580615,10.394509477943691,0.4667107540810974,1.7542825729661058,30,0,False,42
permABC-SMC,3996627.5862068967,53.02467176283913,17385330.0,230.65732216835022,0.45096599614936894,24.66434763373215,603.3563282469597,27.63102111532889,0.2669204145700674,10.393340023698007,0.47001468822443615,1.756469734250154,30,0,False,42
permABC-SMC,3844132.450331126,50.93595634233083,17413920.0,230.73988223075867,0.4504679676822448,24.687461707281994,601.881938132902,27.631021115329393,0.2700795539866892,10.38811238627986,0.47041275770979085,1.7555762676313371,30,0,False,42
permABC-SMC,3775155.8441558443,49.96027342684857,17441220.0,230.8164632320404,0.45015225442144485,24.690288808864683,601.7928029956846,27.631021115329318,0.2741116865981439,10.393902187850172,0.47487335020621185,1.7577072856874252,30,0,False,42
permABC-SMC,3661911.9496855335,48.63107699268268,17467320.0,231.97023725509644,0.4497789298822366,24.692373707292255,601.7068818524824,27.63102111532912,0.2748515844561749,10.387926648291081,0.4747775215764057,1.7569777398715987,30,0,False,42
permABC-SMC,3644212.5,48.55867048104604,17492220.0,233.081618309021,0.44953704998173055,24.677903139581517,601.4944278723848,27.631021115328622,0.2769835470316559,10.391316816346848,0.4723066005120285,1.7566670029551719,30,0,False,42
permABC-SMC,3496203.5928143705,46.75258138698493,17515980.0,234.23043274879456,0.44928415021812046,24.697325249838585,600.3924550117475,27.631021115328892,0.27769867140328225,10.386086255855862,0.4724523661726417,1.7557105929841115,30,0,False,42
permABC-SMC,3379312.1387283243,45.34941224923254,17538630.0,235.36344957351685,0.4478999296607199,24.680386300994883,600.7407255814799,27.631021115328362,0.2799000931978694,10.386402678396955,0.4735504182239172,1.7535335512408183,30,0,False,42
permABC-SMC,3325857.954545455,44.76127764492325,17560530.0,236.3395459651947,0.4476408296614265,24.68036619883145,600.2039274013755,27.631021115328352,0.2818364797452947,10.385189971945499,0.47447219602483826,1.7531701720609012,30,0,False,42
permABC-SMC,3274000.0,44.19348941390963,17581380.0,237.3190381526947,0.4471683714983729,24.71696993938886,599.6612892664616,27.631021115329236,0.2862472643537829,10.391761705708102,0.47706146527055304,1.7558480109523156,30,0,False,42
permABC-SMC,3223741.758241758,43.668105750730184,17601630.0,238.42785739898682,0.44706486677900303,24.71088642813194,599.0093376538332,27.631021115328945,0.28653535339595376,10.388270063592573,0.47757271338298496,1.7531148801399636,30,0,False,42
permABC-SMC,3174983.7837837837,42.97059617600999,17621160.0,238.48680877685547,0.4466273930376653,24.733181996358393,599.3895195010447,27.631021115329567,0.28805611611050236,10.404943420297203,0.47972071537989713,1.7566230054754668,30,0,False,42
permABC-SMC,3111084.6560846562,42.22735488225543,17639850.0,239.4291021823883,0.4461980632112589,24.726938010240907,598.9149828866933,27.63102111532932,0.2867911981517192,10.400024828849649,0.4781307901522825,1.753720323616693,30,0,False,42
permABC-SMC,3065614.5833333335,41.577447040213485,17657940.0,239.48609495162964,0.4461411188990877,24.70681362898551,598.7043025739783,27.631021115328828,0.2895256645325482,10.398720160676179,0.47858667496982693,1.7536990711061673,30,0,False,42
permABC-SMC,3068593.75,41.58565952546066,17675100.0,239.53339886665344,0.4446193889363215,24.733723079362562,598.6483493061046,27.631021115329954,0.29481921795776317,10.406485224742283,0.4821480294778514,1.7555620480469536,30,0,False,42
permABC-SMC,3055538.860103627,41.40342233094527,17691570.0,239.7258152961731,0.44297256238238475,24.738945722363425,598.6480494583113,27.63102111532986,0.30072423077232574,10.409019840462141,0.48581815920630295,1.75815550462487,30,0,False,42
permABC-SMC,3026887.179487179,41.17089332678379,17707290.0,240.84972596168518,0.4419551619017832,24.763721974398145,596.8912440696935,27.63102111533038,0.3050349093382615,10.40079421608494,0.4879884208263569,1.7568057500807697,30,0,False,42
permABC-SMC,3014056.12244898,40.97038746691074,17722650.0,240.90587830543518,0.4416969210705567,24.778615359540073,596.7842825979218,27.631021115351945,0.30682843737716775,10.399473722150816,0.4890836461100026,1.7571364641659886,30,0,False,42
permABC-SMC,4811016.260162601,65.3071659367259,17752650.0,240.98344230651855,0.44135885281365067,24.72502551407885,596.4855196993203,27.631021115245456,0.2880824417946879,10.40464514970808,0.48354256736874307,1.7571653192988377,30,0,False,42
permABC-SMC,4666992.125984252,63.270927914797156,17781240.0,241.0622353553772,0.4402983380732388,24.736879942983226,597.0940361610621,27.631021115267586,0.29061109579924993,10.409974743662813,0.4824229358707412,1.7577162785338007,30,0,False,42
permABC-SMC,4637625.0,63.07172949115434,17808480.0,242.19544124603271,0.4396562211994346,24.716780286542416,597.6844207734309,27.631021115266854,0.2947697769428628,10.410643898111745,0.48437205931295607,1.7569885518510533,30,0,False,42
permABC-SMC,4503621.212121212,61.17882114468199,17834340.0,242.26813173294067,0.4375765569621165,24.737645787668967,596.4640796362522,27.63102111526781,0.3025719578172989,10.40262032141141,0.48743421994354585,1.757036606040978,30,0,False,42
permABC-SMC,4409614.814814814,59.8366774453057,17858940.0,242.33854365348816,0.4367349118937431,24.719097322588514,596.3044367163787,27.631021115267107,0.30268685094581343,10.402629383409142,0.4880957201864987,1.7561943142671348,30,0,False,42
permABC-SMC,4383051.470588235,59.4134273482304,17882850.0,242.40678358078003,0.43610240334798983,24.74421308405901,594.8720726474538,27.631021115268073,0.30565732445069543,10.395510484884387,0.48942280592144205,1.75458583073343,30,0,False,42
permABC-SMC,4325086.956521738,58.826136358694164,17905860.0,243.5402045249939,0.4357676470667106,24.740214331334908,594.732032734405,27.631021115267636,0.3058378911945691,10.39036088783709,0.4875139681618377,1.7553960906426707,30,0,False,42
permABC-SMC,4330391.304347825,59.06239886214766,17927820.0,244.51833128929138,0.43557664080200026,24.72551675294492,595.1763937276327,27.631021115266957,0.3083882865512147,10.391091340066538,0.4841899206637995,1.754878027862074,30,0,False,42
permABC-SMC,4273542.857142857,58.26855477832613,17948880.0,244.72793006896973,0.4355072270959447,24.702363842227005,596.2328723877856,27.631021115266233,0.3053997645143601,10.395486322328939,0.4792050747088642,1.7551118985462966,30,0,False,42
permABC-SMC,4248092.198581561,58.12275691517139,17969430.0,245.85926175117493,0.43530821221235033,24.694313016826076,595.8177470046065,27.631021115265877,0.30756724496041943,10.393254614854198,0.4818886491201866,1.7564604823685437,30,0,False,42
permABC-SMC,4252709.2198581565,58.136335445070394,17988960.0,245.9166989326477,0.43507348788609457,24.684167570215124,595.5628686566823,27.631021115265547,0.3049979433147985,10.386588813280845,0.4776239197349893,1.7566279882198246,30,0,False,42
permABC-SMC,4257120.567375888,58.14808987556621,18007620.0,245.96642017364502,0.434468278074454,24.681948620575326,595.2617454107301,27.631021115265163,0.3096509481960341,10.38137673437634,0.4792573158038029,1.7555351329042301,30,0,False,42
permABC-SMC,4172527.7777777785,57.19740992342985,18025320.0,247.09281086921692,0.43406769389352245,24.664165642914547,594.9649333719822,27.631021115264456,0.3118885200792176,10.378307731158271,0.4807946567831665,1.7561156139517202,30,0,False,42
permABC-SMC,4119410.95890411,56.427299105413425,18043020.0,247.15157008171082,0.43371596229618614,24.664165642914547,594.9649333719824,27.631021115264456,0.3118885200792177,10.378307731158271,0.4807946567831665,1.7561156139517202,30,0,False,42
permABC-SMC,4123452.05479452,56.43822352091472,18060720.0,247.19941902160645,0.43371596229618614,24.664165642914547,594.9649333719824,27.631021115264456,0.3118885200792177,10.378307731158271,0.4807946567831665,1.7561156139517202,30,0,False,42
permABC-SMC,4071716.2162162173,55.68647320206102,18078420.0,247.24794101715088,0.43371596229618614,24.664165642914547,594.9649333719822,27.631021115264456,0.3118885200792176,10.378307731158271,0.4807946567831665,1.7561156139517202,30,0,False,42
permABC-SMC,4048348.9932885906,55.32345297085892,18096120.0,247.29583477973938,0.43371596229618614,24.664165642914547,594.9649333719824,27.631021115264456,0.3118885200792177,10.378307731158271,0.4807946567831665,1.7561156139517202,30,0,False,42
permABC-SMC,3998635.7615894037,54.601309894199666,18113820.0,247.3439338207245,0.43371596229618614,24.664165642914547,594.9649333719824,27.631021115264456,0.3118885200792177,10.378307731158271,0.4807946567831665,1.7561156139517202,30,0,False,42
permABC-SMC,3924571.4285714286,53.54804987515206,18131520.0,247.39199042320251,0.43371596229618614,24.664165642914547,594.9649333719822,27.631021115264456,0.3118885200792176,10.378307731158271,0.4807946567831665,1.7561156139517202,30,0,False,42
permABC-SMC,3878038.4615384615,52.87184969991701,18149220.0,247.44025659561157,0.43371596229618614,24.664165642914547,594.9649333719824,27.631021115264456,0.3118885200792177,10.378307731158271,0.4807946567831665,1.7561156139517202,30,0,False,42
permABC-SMC,3857095.5414012736,52.5464599552681,18166920.0,247.49382638931274,0.43371596229618614,24.664165642914547,594.9649333719824,27.631021115264456,0.3118885200792177,10.378307731158271,0.4807946567831665,1.7561156139517202,30,0,False,42
permABC-SMC,3836417.7215189873,52.22413439287918,18184620.0,247.54239702224731,0.43371596229618614,24.664165642914547,594.9649333719822,27.631021115264456,0.3118885200792176,10.378307731158271,0.4807946567831665,1.7561156139517202,30,0,False,42
permABC-SMC,3815999.999999999,51.90585764199182,18202320.0,247.59094095230103,0.43371596229618614,24.664165642914547,594.9649333719824,27.631021115264456,0.3118885200792177,10.378307731158271,0.4807946567831665,1.7561156139517202,30,0,False,42
permABC-SMC,3772260.8695652173,51.27111932505732,18220020.0,247.63950634002686,0.43371596229618614,24.664165642914547,594.9649333719824,27.631021115264456,0.3118885200792177,10.378307731158271,0.4807946567831665,1.7561156139517202,30,0,False,42
permABC-SMC,3752617.283950617,50.96447193082958,18237720.0,247.6873335838318,0.43371596229618614,24.664165642914547,594.9649333719822,27.631021115264456,0.3118885200792176,10.378307731158271,0.4807946567831665,1.7561156139517202,30,0,False,42
permABC-SMC,3756259.2592592593,50.97442850654508,18255420.0,247.73572254180908,0.43371596229618614,24.664165642914547,594.9649333719824,27.631021115264456,0.3118885200792177,10.378307731158271,0.4807946567831665,1.7561156139517202,30,0,False,42
permABC-SMC,3714048.7804878047,50.36264832426862,18273120.0,247.7842297554016,0.43371596229618614,24.664165642914547,594.9649333719824,27.631021115264456,0.3118885200792177,10.378307731158271,0.4807946567831665,1.7561156139517202,30,0,False,42
permABC-SMC,3695115.1515151514,50.067180864738695,18290820.0,247.83254528045654,0.43371596229618614,24.664165642914547,594.9649333719822,27.631021115264456,0.3118885200792176,10.378307731158271,0.4807946567831665,1.7561156139517202,30,0,False,42
permABC-SMC,3654395.2095808377,49.47718084453346,18308520.0,247.88067603111267,0.43371596229618614,24.664165642914547,594.9649333719824,27.631021115264456,0.3118885200792177,10.378307731158271,0.4807946567831665,1.7561156139517202,30,0,False,42
permABC-SMC,3636154.761904762,49.19230999454619,18326220.0,247.92924237251282,0.43371596229618614,24.664165642914547,594.9649333719824,27.631021115264456,0.3118885200792177,10.378307731158271,0.4807946567831665,1.7561156139517202,30,0,False,42
permABC-SMC,3575812.8654970755,48.33866587856359,18343920.0,247.97735595703125,0.43371596229618614,24.664165642914547,594.9649333719822,27.631021115264456,0.3118885200792176,10.378307731158271,0.4807946567831665,1.7561156139517202,30,0,False,42
permABC-SMC,3517551.724137931,47.51445287945627,18361620.0,248.02544403076172,0.43371596229618614,24.664165642914547,594.9649333719824,27.631021115264456,0.3118885200792177,10.378307731158271,0.4807946567831665,1.7561156139517202,30,0,False,42
permABC-SMC,3480931.818181819,46.98361804087958,18379320.0,248.07350325584412,0.43371596229618614,24.664165642914547,594.9649333719824,27.631021115264456,0.3118885200792177,10.378307731158271,0.4807946567831665,1.7561156139517202,30,0,False,42
permABC-SMC,3445134.8314606743,46.46471359310079,18397020.0,248.1215705871582,0.43371596229618614,24.664165642914547,594.9649333719822,27.631021115264456,0.3118885200792176,10.378307731158271,0.4807946567831665,1.7561156139517202,30,0,False,42
permABC-SMC,3448449.438202247,46.47375376483475,18414720.0,248.16984510421753,0.43371596229618614,24.664165642914547,594.9649333719824,27.631021115264456,0.3118885200792177,10.378307731158271,0.4807946567831665,1.7561156139517202,30,0,False,42
permABC-SMC,3413411.1111111115,45.96615106971176,18432420.0,248.21721577644348,0.43371596229618614,24.664165642914547,594.9649333719824,27.631021115264456,0.3118885200792177,10.378307731158271,0.4807946567831665,1.7561156139517202,30,0,False,42
permABC-SMC,3397812.1546961325,45.721029357137375,18450120.0,248.26518940925598,0.43371596229618614,24.664165642914547,594.9649333719822,27.631021115264456,0.3118885200792176,10.378307731158271,0.4807946567831665,1.7561156139517202,30,0,False,42
permABC-SMC,3382384.615384615,45.47862600494217,18467820.0,248.31329798698425,0.43371596229618614,24.664165642914547,594.9649333719824,27.631021115264456,0.3118885200792177,10.378307731158271,0.4807946567831665,1.7561156139517202,30,0,False,42
permABC-SMC,3385626.3736263737,45.487421991187574,18485520.0,248.36132407188416,0.43371596229618614,24.664165642914547,594.9649333719824,27.631021115264456,0.3118885200792177,10.378307731158271,0.4807946567831665,1.7561156139517202,30,0,False,42
permABC-SMC,3333913.5135135134,44.7584208926639,18503220.0,248.40923595428467,0.43371596229618614,24.664165642914547,594.9649333719822,27.631021115264456,0.3118885200792176,10.378307731158271,0.4807946567831665,1.7561156139517202,30,0,False,42
permABC-SMC,3337102.7027027025,44.7669892697721,18520920.0,248.4567904472351,0.43371596229618614,24.664165642914547,594.9649333719824,27.631021115264456,0.3118885200792177,10.378307731158271,0.4807946567831665,1.7561156139517202,30,0,False,42
permABC-SMC,3322333.3333333335,44.53488840424459,18538620.0,248.50467729568481,0.43371596229618614,24.664165642914547,594.9649333719824,27.631021115264456,0.3118885200792177,10.378307731158271,0.4807946567831665,1.7561156139517202,30,0,False,42
permABC-SMC,3307721.92513369,44.305332034241914,18556320.0,248.55291271209717,0.43371596229618614,24.664165642914547,594.9649333719822,27.631021115264456,0.3118885200792176,10.378307731158271,0.4807946567831665,1.7561156139517202,30,0,False,42
permABC-SMC,3310877.0053475937,44.3138584096164,18574020.0,248.600745677948,0.43371596229618614,24.664165642914547,594.9649333719824,27.631021115264456,0.3118885200792177,10.378307731158271,0.4807946567831665,1.7561156139517202,30,0,False,42
permABC-SMC,3261705.263157895,43.62262433035332,18591720.0,248.64895868301392,0.43371596229618614,24.664165642914547,594.9649333719824,27.631021115264456,0.3118885200792177,10.378307731158271,0.4807946567831665,1.7561156139517202,30,0,False,42
permABC-SMC,3247717.277486911,43.402583686469114,18609420.0,248.69680452346802,0.43371596229618614,24.664165642914547,594.9649333719822,27.631021115264456,0.3118885200792176,10.378307731158271,0.4807946567831665,1.7561156139517202,30,0,False,42
permABC-SMC,3200536.082474227,42.73963035996427,18627120.0,248.74464869499207,0.43371596229618614,24.664165642914547,594.9649333719824,27.631021115264456,0.3118885200792177,10.378307731158271,0.4807946567831665,1.7561156139517202,30,0,False,42
permABC-SMC,3187148.7179487175,42.52876285813812,18644820.0,248.79326272010803,0.43371596229618614,24.664165642914547,594.9649333719824,27.631021115264456,0.3118885200792177,10.378307731158271,0.4807946567831665,1.7561156139517202,30,0,False,42
permABC-SMC,3157786.8020304567,42.10515518478935,18662520.0,248.8414671421051,0.43371596229618614,24.664165642914547,594.9649333719822,27.631021115264456,0.3118885200792176,10.378307731158271,0.4807946567831665,1.7561156139517202,30,0,False,42
permABC-SMC,3160781.725888325,42.11320308259296,18680220.0,248.8890302181244,0.43371596229618614,24.664165642914547,594.9649333719824,27.631021115264456,0.3118885200792177,10.378307731158271,0.4807946567831665,1.7561156139517202,30,0,False,42
permABC-SMC,3131979.899497487,41.69804874177354,18697920.0,248.93735098838806,0.43371596229618614,24.664165642914547,594.9649333719824,27.631021115264456,0.3118885200792177,10.378307731158271,0.4807946567831665,1.7561156139517202,30,0,False,42
permABC-SMC,3134944.72361809,41.706097066102906,18715620.0,248.9853994846344,0.43371596229618614,24.664165642914547,594.9649333719822,27.631021115264456,0.3118885200792176,10.378307731158271,0.4807946567831665,1.7561156139517202,30,0,False,42
permABC-SMC,3137909.547738693,41.714098625247,18733320.0,249.0331687927246,0.43371596229618614,24.664165642914547,594.9649333719824,27.631021115264456,0.3118885200792177,10.378307731158271,0.4807946567831665,1.7561156139517202,30,0,False,42
permABC-SMC,3140874.3718592958,41.722092237105116,18751020.0,249.08089065551758,0.43371596229618614,24.664165642914547,594.9649333719824,27.631021115264456,0.3118885200792177,10.378307731158271,0.4807946567831665,1.7561156139517202,30,0,False,42
permABC-SMC,3112557.213930348,41.31485316686172,18768720.0,249.12856459617615,0.43371596229618614,24.664165642914547,594.9649333719822,27.631021115264456,0.3118885200792176,10.378307731158271,0.4807946567831665,1.7561156139517202,30,0,False,42
permABC-SMC,3069676.4705882357,40.71504080217649,18786420.0,249.17604970932007,0.43371596229618614,24.664165642914547,594.9649333719824,27.631021115264456,0.3118885200792177,10.378307731158271,0.4807946567831665,1.7561156139517202,30,0,False,42
permABC-SMC,3072568.6274509807,40.72290853737228,18804120.0,249.22420024871826,0.43371596229618614,24.664165642914547,594.9649333719824,27.631021115264456,0.3118885200792177,10.378307731158271,0.4807946567831665,1.7561156139517202,30,0,False,42
permABC-SMC,3060458.5365853664,40.53209045069005,18821820.0,249.27235627174377,0.43371596229618614,24.664165642914547,594.9649333719822,27.631021115264456,0.3118885200792176,10.378307731158271,0.4807946567831665,1.7561156139517202,30,0,False,42
permABC-SMC,3033739.1304347827,40.14830466437839,18839520.0,249.3209719657898,0.43371596229618614,24.664165642914547,594.9649333719824,27.631021115264456,0.3118885200792177,10.378307731158271,0.4807946567831665,1.7561156139517202,30,0,False,42
permABC-SMC,3007531.100478469,39.771730934033556,18857220.0,249.36875295639038,0.43371596229618614,24.664165642914547,594.9649333719824,27.631021115264456,0.3118885200792177,10.378307731158271,0.4807946567831665,1.7561156139517202,30,0,False,42
permABC-SMC,2981819.90521327,39.40224805714395,18874920.0,249.4162302017212,0.43371596229618614,24.664165642914547,594.9649333719822,27.631021115264456,0.3118885200792176,10.378307731158271,0.4807946567831665,1.7561156139517202,30,0,False,42
permABC-SMC,2956591.5492957747,39.03982374403211,18892620.0,249.46447372436523,0.43371596229618614,24.664165642914547,594.9649333719824,27.631021115264456,0.3118885200792177,10.378307731158271,0.4807946567831665,1.7561156139517202,30,0,False,42
permABC-SMC,2945532.710280374,38.86485894521077,18910320.0,249.51239442825317,0.43371596229618614,24.664165642914547,594.9649333719824,27.631021115264456,0.3118885200792177,10.378307731158271,0.4807946567831665,1.7561156139517202,30,0,False,42
permABC-SMC,2934576.7441860465,38.69152719660323,18928020.0,249.56035041809082,0.43371596229618614,24.664165642914547,594.9649333719822,27.631021115264456,0.3118885200792176,10.378307731158271,0.4807946567831665,1.7561156139517202,30,0,False,42
permABC-SMC,2923722.2222222225,38.51982579555041,18945720.0,249.60847115516663,0.43371596229618614,24.664165642914547,594.9649333719824,27.631021115264456,0.3118885200792177,10.378307731158271,0.4807946567831665,1.7561156139517202,30,0,False,42
permABC-SMC,2899605.5045871558,38.17381778623715,18963420.0,249.65676832199097,0.43371596229618614,24.664165642914547,594.9649333719824,27.631021115264456,0.3118885200792177,10.378307731158271,0.4807946567831665,1.7561156139517202,30,0,False,42
permABC-SMC,2875927.272727273,37.8341374614022,18981120.0,249.70530724525452,0.43371596229618614,24.664165642914547,594.9649333719822,27.631021115264456,0.3118885200792176,10.378307731158271,0.4807946567831665,1.7561156139517202,30,0,False,42
permABC-SMC,2865583.71040724,37.67043860969141,18998820.0,249.75500798225403,0.43371596229618614,24.664165642914547,594.9649333719824,27.631021115264456,0.3118885200792177,10.378307731158271,0.4807946567831665,1.7561156139517202,30,0,False,42
permABC-SMC,2842529.147982063,37.33982772570555,19016520.0,249.8034474849701,0.43371596229618614,24.664165642914547,594.9649333719824,27.631021115264456,0.3118885200792177,10.378307731158271,0.4807946567831665,1.7561156139517202,30,0,False,42
permABC-SMC,2832473.214285714,37.180333016883765,19034220.0,249.85183787345886,0.43371596229618614,24.664165642914547,594.9649333719822,27.631021115264456,0.3118885200792176,10.378307731158271,0.4807946567831665,1.7561156139517202,30,0,False,42
permABC-SMC,2797638.7665198236,36.69615187483912,19051920.0,249.90079426765442,0.43371596229618614,24.664165642914547,594.9649333719824,27.631021115264456,0.3118885200792177,10.378307731158271,0.4807946567831665,1.7561156139517202,30,0,False,42
permABC-SMC,2800237.885462555,36.703135963753624,19069620.0,249.94835591316223,0.43371596229618614,24.664165642914547,594.9649333719824,27.631021115264456,0.3118885200792177,10.378307731158271,0.4807946567831665,1.7561156139517202,30,0,False,42
permABC-SMC,2778358.07860262,36.38955904753795,19087320.0,249.9962706565857,0.43371596229618614,24.664165642914547,594.9649333719822,27.631021115264456,0.3118885200792176,10.378307731158271,0.4807946567831665,1.7561156139517202,30,0,False,42
permABC-SMC,2780934.4978165943,36.39641932524969,19105020.0,250.04340076446533,0.43371596229618614,24.664165642914547,594.9649333719824,27.631021115264456,0.3118885200792177,10.378307731158271,0.4807946567831665,1.7561156139517202,30,0,False,42
permABC-SMC,2783510.917030568,36.40338545109334,19122720.0,250.09125804901123,0.43371596229618614,24.664165642914547,594.9649333719824,27.631021115264456,0.3118885200792177,10.378307731158271,0.4807946567831665,1.7561156139517202,30,0,False,42
permABC-SMC,2773973.913043478,36.25211722608926,19140420.0,250.13960886001587,0.43371596229618614,24.664165642914547,594.9649333719822,27.631021115264456,0.3118885200792176,10.378307731158271,0.4807946567831665,1.7561156139517202,30,0,False,42
permABC-SMC,2752603.448275862,35.946469402861325,19158120.0,250.1874270439148,0.43371596229618614,24.664165642914547,594.9649333719824,27.631021115264456,0.3118885200792177,10.378307731158271,0.4807946567831665,1.7561156139517202,30,0,False,42
permABC-SMC,2755146.551724138,35.95338210292246,19175820.0,250.23553943634033,0.43371596229618614,24.664165642914547,594.9649333719824,27.631021115264456,0.3118885200792177,10.378307731158271,0.4807946567831665,1.7561156139517202,30,0,False,42
permABC-SMC,2757689.655172414,35.96031360927669,19193520.0,250.2837827205658,0.43371596229618614,24.664165642914547,594.9649333719822,27.631021115264456,0.3118885200792176,10.378307731158271,0.4807946567831665,1.7561156139517202,30,0,False,42
permABC-SMC,2736641.0256410255,35.65972187580206,19211220.0,250.3312475681305,0.43371596229618614,24.664165642914547,594.9649333719824,27.631021115264456,0.3118885200792177,10.378307731158271,0.4807946567831665,1.7561156139517202,30,0,False,42
permABC-SMC,2715949.1525423727,35.364239195645865,19228920.0,250.37881350517273,0.43371596229618614,24.664165642914547,594.9649333719824,27.631021115264456,0.3118885200792177,10.378307731158271,0.4807946567831665,1.7561156139517202,30,0,False,42
permABC-SMC,2706978.902953587,35.221769538106805,19246620.0,250.42678141593933,0.43371596229618614,24.664165642914547,594.9649333719822,27.631021115264456,0.3118885200792176,10.378307731158271,0.4807946567831665,1.7561156139517202,30,0,False,42
permABC-SMC,2698084.0336134452,35.08038223624563,19264320.0,250.47392916679382,0.43371596229618614,24.664165642914547,594.9649333719824,27.631021115264456,0.3118885200792177,10.378307731158271,0.4807946567831665,1.7561156139517202,30,0,False,42
permABC-SMC,2700563.025210084,35.08695661186838,19282020.0,250.52087020874023,0.43371596229618614,24.664165642914547,594.9649333719824,27.631021115264456,0.3118885200792177,10.378307731158271,0.4807946567831665,1.7561156139517202,30,0,False,42
permABC-SMC,2680516.666666667,34.80115638838875,19299720.0,250.56832599639893,0.43371596229618614,24.664165642914547,594.9649333719822,27.631021115264456,0.3118885200792176,10.378307731158271,0.4807946567831665,1.7561156139517202,30,0,False,42
permABC-SMC,2682975.0000000005,34.807841281096145,19317420.0,250.6164572238922,0.43371596229618614,24.664165642914547,594.9649333719824,27.631021115264456,0.3118885200792177,10.378307731158271,0.4807946567831665,1.7561156139517202,30,0,False,42
permABC-SMC,2674290.4564315355,34.68654083183363,19335120.0,250.7836902141571,0.43371596229618614,24.664165642914547,594.9649333719824,27.631021115264456,0.3118885200792177,10.378307731158271,0.4807946567831665,1.7561156139517202,30,0,False,42
permABC-SMC,2676738.5892116185,34.69313473787216,19352820.0,250.83136415481567,0.43371596229618614,24.664165642914547,594.9649333719822,27.631021115264456,0.3118885200792176,10.378307731158271,0.4807946567831665,1.7561156139517202,30,0,False,42
permABC-SMC,2668115.7024793387,34.55637456956974,19370520.0,250.8792793750763,0.43371596229618614,24.664165642914547,594.9649333719824,27.631021115264456,0.3118885200792177,10.378307731158271,0.4807946567831665,1.7561156139517202,30,0,False,42
permABC-SMC,2659563.7860082304,34.420743923946006,19388220.0,250.9272232055664,0.43371596229618614,24.664165642914547,594.9649333719824,27.631021115264456,0.3118885200792177,10.378307731158271,0.4807946567831665,1.7561156139517202,30,0,False,42
permABC-SMC,2651081.9672131147,34.28619946938395,19405920.0,250.9749801158905,0.43371596229618614,24.664165642914547,594.9649333719822,27.631021115264456,0.3118885200792176,10.378307731158271,0.4807946567831665,1.7561156139517202,30,0,False,42
permABC-SMC,2631926.8292682925,34.0139112498379,19423620.0,251.0226650238037,0.43371596229618614,24.664165642914547,594.9649333719824,27.631021115264456,0.3118885200792177,10.378307731158271,0.4807946567831665,1.7561156139517202,30,0,False,42
permABC-SMC,2623659.91902834,33.88266801512354,19441320.0,251.07056999206543,0.43371596229618614,24.664165642914547,594.9649333719824,27.631021115264456,0.3118885200792177,10.378307731158271,0.4807946567831665,1.7561156139517202,30,0,False,42
permABC-SMC,2604955.8232931728,33.61688474095969,19459020.0,251.11812901496887,0.43371596229618614,24.664165642914547,594.9649333719822,27.631021115264456,0.3118885200792176,10.378307731158271,0.4807946567831665,1.7561156139517202,30,0,False,42
permABC-SMC,2607325.301204819,33.62328393392295,19476720.0,251.16593098640442,0.43371596229618614,24.664165642914547,594.9649333719824,27.631021115264456,0.3118885200792177,10.378307731158271,0.4807946567831665,1.7561156139517202,30,0,False,42
permABC-SMC,2599256.0,33.49516537984212,19494420.0,251.21374034881592,0.43371596229618614,24.664165642914547,594.9649333719824,27.631021115264456,0.3118885200792177,10.378307731158271,0.4807946567831665,1.7561156139517202,30,0,False,42
permABC-SMC,2591250.9960159366,33.36797745262642,19512120.0,251.26087021827698,0.43371596229618614,24.664165642914547,594.9649333719822,27.631021115264456,0.3118885200792176,10.378307731158271,0.4807946567831665,1.7561156139517202,30,0,False,42
permABC-SMC,2583309.5238095233,33.24188025540145,19529820.0,251.30861473083496,0.43371596229618614,24.664165642914547,594.9649333719824,27.631021115264456,0.3118885200792177,10.378307731158271,0.4807946567831665,1.7561156139517202,30,0,False,42
permABC-SMC,2585650.7936507934,33.248197496252715,19547520.0,251.35637307167053,0.43371596229618614,24.664165642914547,594.9649333719824,27.631021115264456,0.3118885200792177,10.378307731158271,0.4807946567831665,1.7561156139517202,30,0,False,42
permABC-SMC,2587992.063492063,33.254521202158045,19565220.0,251.40418028831482,0.43371596229618614,24.664165642914547,594.9649333719822,27.631021115264456,0.3118885200792176,10.378307731158271,0.4807946567831665,1.7561156139517202,30,0,False,42
permABC-SMC,2580094.861660079,33.12938964099909,19582920.0,251.4520673751831,0.43371596229618614,24.664165642914547,594.9649333719824,27.631021115264456,0.3118885200792177,10.378307731158271,0.4807946567831665,1.7561156139517202,30,0,False,42
permABC-SMC,2582426.8774703555,33.135575205283985,19600620.0,251.49901580810547,0.43371596229618614,24.664165642914547,594.9649333719824,27.631021115264456,0.3118885200792177,10.378307731158271,0.4807946567831665,1.7561156139517202,30,0,False,42
permABC-SMC,2574582.677165354,33.01136775279608,19618320.0,251.54662227630615,0.43371596229618614,24.664165642914547,594.9649333719822,27.631021115264456,0.3118885200792176,10.378307731158271,0.4807946567831665,1.7561156139517202,30,0,False,42
permABC-SMC,2556773.4375,32.759656508763634,19636020.0,251.5941619873047,0.43371596229618614,24.664165642914547,594.9649333719824,27.631021115264456,0.3118885200792177,10.378307731158271,0.4807946567831665,1.7561156139517202,30,0,False,42
permABC-SMC,2549120.6225680937,32.638414144206756,19653720.0,251.6421730518341,0.43371596229618614,24.664165642914547,594.9649333719824,27.631021115264456,0.3118885200792177,10.378307731158271,0.4807946567831665,1.7561156139517202,30,0,False,42
permABC-SMC,2551416.3424124513,32.64465709295409,19671420.0,251.69030618667603,0.43371596229618614,24.664165642914547,594.9649333719822,27.631021115264456,0.3118885200792176,10.378307731158271,0.4807946567831665,1.7561156139517202,30,0,False,42
permABC-SMC,2524246.1538461535,32.27421121719556,19689120.0,251.73884749412537,0.43371596229618614,24.664165642914547,594.9649333719824,27.631021115264456,0.3118885200792177,10.378307731158271,0.4807946567831665,1.7561156139517202,30,0,False,42
permABC-SMC,2516835.249042146,32.15675159127929,19706820.0,251.7873649597168,0.43371596229618614,24.664165642914547,594.9649333719824,27.631021115264456,0.3118885200792177,10.378307731158271,0.4807946567831665,1.7561156139517202,30,0,False,42
permABC-SMC,2499939.1634980985,31.918410898312565,19724520.0,251.83626198768616,0.43371596229618614,24.664165642914547,594.9649333719822,27.631021115264456,0.3118885200792176,10.378307731158271,0.4807946567831665,1.7561156139517202,30,0,False,42
permABC-SMC,2492704.5454545454,31.803659628135993,19742220.0,251.88498425483704,0.43371596229618614,24.664165642914547,594.9649333719824,27.631021115264456,0.3118885200792177,10.378307731158271,0.4807946567831665,1.7561156139517202,30,0,False,42
permABC-SMC,2466906.3670411985,31.45229465208399,19759920.0,251.93288016319275,0.43371596229618614,24.664165642914547,594.9649333719824,27.631021115264456,0.3118885200792177,10.378307731158271,0.4807946567831665,1.7561156139517202,30,0,False,42
permABC-SMC,2469116.1048689135,31.45825731918011,19777620.0,251.9806411266327,0.43371596229618614,24.664165642914547,594.9649333719822,27.631021115264456,0.3118885200792176,10.378307731158271,0.4807946567831665,1.7561156139517202,30,0,False,42
permABC-SMC,2462104.4776119404,31.34683753127482,19795320.0,252.02857375144958,0.43371596229618614,24.664165642914547,594.9649333719824,27.631021115264456,0.3118885200792177,10.378307731158271,0.4807946567831665,1.7561156139517202,30,0,False,42
permABC-SMC,2455144.9814126394,31.236301094773683,19813020.0,252.0769498348236,0.43371596229618614,24.664165642914547,594.9649333719824,27.631021115264456,0.3118885200792177,10.378307731158271,0.4807946567831665,1.7561156139517202,30,0,False,42
permABC-SMC,2448237.0370370364,31.126565933227532,19830720.0,252.12518405914307,0.43371596229618614,24.664165642914547,594.9649333719822,27.631021115264456,0.3118885200792176,10.378307731158271,0.4807946567831665,1.7561156139517202,30,0,False,42
permABC-SMC,2450422.2222222215,31.13243341445922,19848420.0,252.17271065711975,0.43371596229618614,24.664165642914547,594.9649333719824,27.631021115264456,0.3118885200792177,10.378307731158271,0.4807946567831665,1.7561156139517202,30,0,False,42
permABC-SMC,2434573.529411765,30.909380229080426,19866120.0,252.22054266929626,0.43371596229618614,24.664165642914547,594.9649333719824,27.631021115264456,0.3118885200792177,10.378307731158271,0.4807946567831665,1.7561156139517202,30,0,False,42
permABC-SMC,2410160.0,30.578038678024754,19883820.0,252.26881909370422,0.43371596229618614,24.664165642914547,594.9649333719822,27.631021115264456,0.3118885200792176,10.378307731158271,0.4807946567831665,1.7561156139517202,30,0,False,42
permABC-SMC,2394888.086642599,30.362976271609824,19901520.0,252.31633281707764,0.43371596229618614,24.664165642914547,594.9649333719824,27.631021115264456,0.3118885200792177,10.378307731158271,0.4807946567831665,1.7561156139517202,30,0,False,42
permABC-SMC,2396909.7472924185,30.36851131241818,19918320.0,252.36232900619507,0.4337126758262017,24.716997986205723,595.8603600184006,27.631021115287698,0.3075972551644148,10.406428677724655,0.48290851508579224,1.7646102203899379,30,0,False,42
permABC-SMC,2398888.086642599,30.471047253384917,19934760.0,253.21440267562866,0.43352038907443835,24.71559499224183,595.492305047945,27.631021115287503,0.31244025512180695,10.406585084513297,0.48637932847331805,1.766163462841124,30,0,False,42
permABC-SMC,2392154.676258993,30.368040448470083,19950570.0,253.26945734024048,0.4330946383979556,24.71766019903483,595.1883276084469,27.631021115287226,0.31387484978120705,10.40676457149668,0.48889539904094703,1.768064945764742,30,0,False,42
permABC-SMC,2385372.75985663,30.26442559104381,19965570.0,253.31324219703674,0.43270798040531416,24.704013043678078,594.9779490918595,27.63102111528658,0.31370545752318396,10.404121133189046,0.487564402005128,1.7651606870063323,30,0,False,42
permABC-SMC,3129197.183098592,39.65418137295145,19995570.0,253.3902189731598,0.43236737110060147,24.62700284589167,594.4572170073543,27.631021115178783,0.2638509192429134,10.409491685749067,0.4765967873981812,1.765666590051431,30,0,False,42
permABC-SMC,3119014.0186915887,39.48112577664146,20024070.0,253.4688274860382,0.4320141580346755,24.611830016569087,593.0422216391714,27.631021115177933,0.2660982694283265,10.403086724439094,0.4801933344213715,1.7640980410903155,30,0,False,42
permABC-SMC,3094314.8148148153,39.127001387101636,20051160.0,253.54296898841858,0.43124592419603625,24.606401006465696,592.7282180984578,27.631021115177372,0.2698341960219539,10.402772695368629,0.4829276340817931,1.7625547253700995,30,0,False,42
permABC-SMC,3069862.385321101,38.7790359488321,20076900.0,253.61489510536194,0.429736717131634,24.595121859262722,593.2521357883957,27.631021115176715,0.2745434107875064,10.404844904790115,0.485609031379221,1.7628119423742996,30,0,False,42
permABC-SMC,3031886.8778280546,38.26318657416204,20101410.0,253.68492698669434,0.4284701400894041,24.598819831019796,593.0346184701582,27.6310211151766,0.27906544263201183,10.404471912856685,0.48717032185543413,1.7627875124265013,30,0,False,42
permABC-SMC,2994852.6785714286,37.76091833909353,20125410.0,253.7533712387085,0.4278816868002513,24.607944577643575,593.1965482744861,27.631021115197942,0.27993444476434726,10.406632071385337,0.48722159746767896,1.7639069713912532,30,0,False,42
permABC-SMC,2971889.3805309734,37.43585977582453,20149410.0,253.81512928009033,0.4278816868002513,24.607944577643575,593.1965482744863,27.631021115197942,0.27993444476434726,10.406632071385337,0.48722159746767896,1.7639069713912534,30,0,False,42
permABC-SMC,2975429.203539823,37.44597688185431,20173410.0,253.88372325897217,0.4278816868002513,24.607944577643575,593.1965482744864,27.631021115197942,0.27993444476434726,10.406632071385337,0.48722159746767896,1.7639069713912534,30,0,False,42
permABC-SMC,2965845.8149779732,37.29005791192187,20197410.0,253.945294380188,0.4278816868002513,24.607944577643575,593.1965482744861,27.631021115197942,0.27993444476434726,10.406632071385337,0.48722159746767896,1.7639069713912532,30,0,False,42
permABC-SMC,2969370.044052863,37.30009424878987,20221410.0,254.01364183425903,0.4278816868002513,24.607944577643575,593.1965482744863,27.631021115197942,0.27993444476434726,10.406632071385337,0.48722159746767896,1.7639069713912534,30,0,False,42
permABC-SMC,2959855.2631578944,37.145505488267425,20245410.0,254.07525753974915,0.4278816868002513,24.607944577643575,593.1965482744864,27.631021115197942,0.27993444476434726,10.406632071385337,0.48722159746767896,1.7639069713912534,30,0,False,42
permABC-SMC,2963364.0350877196,37.15536601362172,20269410.0,254.1427035331726,0.4278816868002513,24.607944577643575,593.1965482744861,27.631021115197942,0.27993444476434726,10.406632071385337,0.48722159746767896,1.7639069713912532,30,0,False,42
permABC-SMC,2941073.913043478,36.84115330378215,20293410.0,254.2039577960968,0.4278816868002513,24.607944577643575,593.1965482744863,27.631021115197942,0.27993444476434726,10.406632071385337,0.48722159746767896,1.7639069713912534,30,0,False,42
permABC-SMC,2906639.484978541,36.376514728147754,20317410.0,254.2718379497528,0.4278816868002513,24.607944577643575,593.1965482744864,27.631021115197942,0.27993444476434726,10.406632071385337,0.48722159746767896,1.7639069713912534,30,0,False,42
permABC-SMC,2873080.5084745763,35.92274576257178,20341410.0,254.33303999900818,0.4278816868002513,24.607944577643575,593.1965482744861,27.631021115197942,0.27993444476434726,10.406632071385337,0.48722159746767896,1.7639069713912532,30,0,False,42
permABC-SMC,2828529.166666667,35.333483484056266,20365410.0,254.40108108520508,0.4278816868002513,24.607944577643575,593.1965482744863,27.631021115197942,0.27993444476434726,10.406632071385337,0.48722159746767896,1.7639069713912534,30,0,False,42
permABC-SMC,2831862.5,35.341954595512824,20389410.0,254.46207308769226,0.4278816868002513,24.607944577643575,593.1965482744864,27.631021115197942,0.27993444476434726,10.406632071385337,0.48722159746767896,1.7639069713912534,30,0,False,42
permABC-SMC,2811764.4628099175,35.05922532935445,20413410.0,254.52997589111328,0.4278816868002513,24.607944577643575,593.1965482744861,27.631021115197942,0.27993444476434726,10.406632071385337,0.48722159746767896,1.7639069713912532,30,0,False,42
permABC-SMC,2780600.0,34.6382880373066,20437410.0,254.5914170742035,0.4278816868002513,24.607944577643575,593.1965482744863,27.631021115197942,0.27993444476434726,10.406632071385337,0.48722159746767896,1.7639069713912534,30,0,False,42
permABC-SMC,2783865.306122449,34.64756796960117,20461410.0,254.6596245765686,0.4278816868002513,24.607944577643575,593.1965482744864,27.631021115197942,0.27993444476434726,10.406632071385337,0.48722159746767896,1.7639069713912534,30,0,False,42
permABC-SMC,2775800.81300813,34.51499176542287,20485410.0,254.7206392288208,0.4278816868002513,24.607944577643575,593.1965482744861,27.631021115197942,0.27993444476434726,10.406632071385337,0.48722159746767896,1.7639069713912532,30,0,False,42
permABC-SMC,2767801.6194331986,34.384533268237405,20509410.0,254.78939151763916,0.4278816868002513,24.607944577643575,593.1965482744863,27.631021115197942,0.27993444476434726,10.406632071385337,0.48722159746767896,1.7639069713912534,30,0,False,42
permABC-SMC,2737788.0,33.98007106781006,20533410.0,254.85053300857544,0.4278816868002513,24.607944577643575,593.1965482744864,27.631021115197942,0.27993444476434726,10.406632071385337,0.48722159746767896,1.7639069713912534,30,0,False,42
permABC-SMC,2676746.09375,33.19240187605222,20557410.0,254.91764640808105,0.4278816868002513,24.607944577643575,593.1965482744861,27.631021115197942,0.27993444476434726,10.406632071385337,0.48722159746767896,1.7639069713912532,30,0,False,42
permABC-SMC,2669443.579766537,33.07124322181237,20581410.0,254.97928524017334,0.4278816868002513,24.607944577643575,593.1965482744863,27.631021115197942,0.27993444476434726,10.406632071385337,0.48722159746767896,1.7639069713912534,30,0,False,42
permABC-SMC,2651918.918918919,32.82458331133868,20605410.0,255.04701232910156,0.4278816868002513,24.607944577643575,593.1965482744864,27.631021115197942,0.27993444476434726,10.406632071385337,0.48722159746767896,1.7639069713912534,30,0,False,42
permABC-SMC,2614627.3764258553,32.33313188806686,20629410.0,255.10841059684753,0.4278816868002513,24.607944577643575,593.1965482744861,27.631021115197942,0.27993444476434726,10.406632071385337,0.48722159746767896,1.7639069713912532,30,0,False,42
permABC-SMC,2578453.1835205993,31.877205434363432,20653410.0,255.3364155292511,0.4278816868002513,24.607944577643575,593.1965482744863,27.631021115197942,0.27993444476434726,10.406632071385337,0.48722159746767896,1.7639069713912534,30,0,False,42
permABC-SMC,2552766.666666666,31.530650397877626,20677410.0,255.39826822280884,0.4278816868002513,24.607944577643575,593.1965482744864,27.631021115197942,0.27993444476434726,10.406632071385337,0.48722159746767896,1.7639069713912534,30,0,False,42
permABC-SMC,2546298.89298893,31.422550622534192,20701410.0,255.465336561203,0.4278816868002513,24.607944577643575,593.1965482744861,27.631021115197942,0.27993444476434726,10.406632071385337,0.48722159746767896,1.7639069713912532,30,0,False,42
permABC-SMC,2530575.0915750912,31.199866220336837,20725410.0,255.52690434455872,0.4278816868002513,24.607944577643575,593.1965482744863,27.631021115197942,0.27993444476434726,10.406632071385337,0.48722159746767896,1.7639069713912534,30,0,False,42
permABC-SMC,2524259.124087591,31.09422974342847,20749410.0,255.59456849098206,0.4278816868002513,24.607944577643575,593.1965482744864,27.631021115197942,0.27993444476434726,10.406632071385337,0.48722159746767896,1.7639069713912534,30,0,False,42
permABC-SMC,2517989.090909091,30.988628820939496,20773410.0,255.65618777275085,0.4278816868002513,24.607944577643575,593.1965482744861,27.631021115197942,0.27993444476434726,10.406632071385337,0.48722159746767896,1.7639069713912532,30,0,False,42
permABC-SMC,2511764.4927536226,30.884545868721556,20797410.0,255.72403979301453,0.4278816868002513,24.607944577643575,593.1965482744863,27.631021115197942,0.27993444476434726,10.406632071385337,0.48722159746767896,1.7639069713912534,30,0,False,42
permABC-SMC,2505584.8375451267,30.78045262613308,20821410.0,255.7855613231659,0.4278816868002513,24.607944577643575,593.1965482744864,27.631021115197942,0.27993444476434726,10.406632071385337,0.48722159746767896,1.7639069713912534,30,0,False,42
permABC-SMC,2490491.0394265223,30.567871399108075,20845410.0,255.85308361053467,0.4278816868002513,24.607944577643575,593.1965482744861,27.631021115197942,0.27993444476434726,10.406632071385337,0.48722159746767896,1.7639069713912532,30,0,False,42
permABC-SMC,2449461.267605634,30.036847524239985,20869410.0,255.91394090652466,0.4278816868002513,24.607944577643575,593.1965482744863,27.631021115197942,0.27993444476434726,10.406632071385337,0.48722159746767896,1.7639069713912534,30,0,False,42
permABC-SMC,2426644.5993031356,29.73075644064448,20893410.0,255.98181295394897,0.4278816868002513,24.607944577643575,593.1965482744864,27.631021115197942,0.27993444476434726,10.406632071385337,0.48722159746767896,1.7639069713912534,30,0,False,42
permABC-SMC,2396037.8006872856,29.329057930534518,20917410.0,256.0426757335663,0.4278816868002513,24.607944577643575,593.1965482744861,27.631021115197942,0.27993444476434726,10.406632071385337,0.48722159746767896,1.7639069713912532,30,0,False,42
permABC-SMC,2398786.941580756,29.33682382175057,20941410.0,256.11047196388245,0.4278816868002513,24.607944577643575,593.1965482744863,27.631021115197942,0.27993444476434726,10.406632071385337,0.48722159746767896,1.7639069713912534,30,0,False,42
permABC-SMC,2385143.3447098974,29.143547794789043,20965410.0,256.1717851161957,0.4278816868002513,24.607944577643575,593.1965482744864,27.631021115197942,0.27993444476434726,10.406632071385337,0.48722159746767896,1.7639069713912534,30,0,False,42
permABC-SMC,2347808.724832215,28.662169939719593,20989410.0,256.23979926109314,0.4278816868002513,24.607944577643575,593.1965482744861,27.631021115197942,0.27993444476434726,10.406632071385337,0.48722159746767896,1.7639069713912532,30,0,False,42
permABC-SMC,2350493.288590604,28.669033301223312,21013410.0,256.3011577129364,0.4278816868002513,24.607944577643575,593.1965482744863,27.631021115197942,0.27993444476434726,10.406632071385337,0.48722159746767896,1.7639069713912534,30,0,False,42
permABC-SMC,2329724.2524916944,28.390745757558154,21037410.0,256.3684341907501,0.4278816868002513,24.607944577643575,593.1965482744864,27.631021115197942,0.27993444476434726,10.406632071385337,0.48722159746767896,1.7639069713912534,30,0,False,42
permABC-SMC,2316986.798679868,28.210142763009824,21061410.0,256.4301977157593,0.4278816868002513,24.607944577643575,593.1965482744861,27.631021115197942,0.27993444476434726,10.406632071385337,0.48722159746767896,1.7639069713912532,30,0,False,42
permABC-SMC,2281970.779220779,27.759497325657765,21085410.0,256.49775528907776,0.4278816868002513,24.607944577643575,593.1965482744863,27.631021115197942,0.27993444476434726,10.406632071385337,0.48722159746767896,1.7639069713912534,30,0,False,42
permABC-SMC,2284568.181818182,27.766159138122163,21109410.0,256.5593104362488,0.4278816868002513,24.607944577643575,593.1965482744864,27.631021115197942,0.27993444476434726,10.406632071385337,0.48722159746767896,1.7639069713912534,30,0,False,42
permABC-SMC,2272409.677419355,27.594351717220842,21133410.0,256.6274709701538,0.4278816868002513,24.607944577643575,593.1965482744861,27.631021115197942,0.27993444476434726,10.406632071385337,0.48722159746767896,1.7639069713912532,30,0,False,42
permABC-SMC,2253185.303514377,27.336421535926632,21157410.0,256.6889982223511,0.4278816868002513,24.607944577643575,593.1965482744863,27.631021115197942,0.27993444476434726,10.406632071385337,0.48722159746767896,1.7639069713912534,30,0,False,42
permABC-SMC,2220273.58490566,26.9137101603254,21181410.0,256.7567949295044,0.4278816868002513,24.607944577643575,593.1965482744864,27.631021115197942,0.27993444476434726,10.406632071385337,0.48722159746767896,1.7639069713912534,30,0,False,42
permABC-SMC,2195177.0186335403,26.585769455872214,21205410.0,256.8185329437256,0.4278816868002513,24.607944577643575,593.1965482744861,27.631021115197942,0.27993444476434726,10.406632071385337,0.48722159746767896,1.7639069713912532,30,0,False,42
permABC-SMC,2177375.3846153845,26.347371394817646,21229410.0,256.88687109947205,0.4278816868002513,24.607944577643575,593.1965482744863,27.631021115197942,0.27993444476434726,10.406632071385337,0.48722159746767896,1.7639069713912534,30,0,False,42
permABC-SMC,2173150.306748466,26.27286457576634,21253410.0,256.9486155509949,0.4278816868002513,24.607944577643575,593.1965482744864,27.631021115197942,0.27993444476434726,10.406632071385337,0.48722159746767896,1.7639069713912534,30,0,False,42
permABC-SMC,2155765.957446808,26.04009708976552,21277410.0,257.0157582759857,0.4278816868002513,24.607944577643575,593.1965482744861,27.631021115197942,0.27993444476434726,10.406632071385337,0.48722159746767896,1.7639069713912532,30,0,False,42
permABC-SMC,2145157.099697885,25.888978894743676,21301410.0,257.0775604248047,0.4278816868002513,24.607944577643575,593.1965482744863,27.631021115197942,0.27993444476434726,10.406632071385337,0.48722159746767896,1.7639069713912534,30,0,False,42
permABC-SMC,2141105.421686747,25.817692710692622,21325410.0,257.14421939849854,0.4278816868002513,24.607944577643575,593.1965482744864,27.631021115197942,0.27993444476434726,10.406632071385337,0.48722159746767896,1.7639069713912534,30,0,False,42
permABC-SMC,2130679.6407185625,25.669207044704226,21349410.0,257.2054545879364,0.4278816868002513,24.607944577643575,593.1965482744861,27.631021115197942,0.27993444476434726,10.406632071385337,0.48722159746767896,1.7639069713912532,30,0,False,42
permABC-SMC,2126707.462686567,25.599334750009415,21373410.0,257.2733142375946,0.4278816868002513,24.607944577643575,593.1965482744863,27.631021115197942,0.27993444476434726,10.406632071385337,0.48722159746767896,1.7639069713912534,30,0,False,42
permABC-SMC,2110198.2248520707,25.378169557281733,21397410.0,257.3346393108368,0.4278816868002513,24.607944577643575,593.1965482744864,27.631021115197942,0.27993444476434726,10.406632071385337,0.48722159746767896,1.7639069713912534,30,0,False,42
permABC-SMC,2106333.3333333335,25.310029087985626,21421410.0,257.40299582481384,0.4278816868002513,24.607944577643575,593.1965482744861,27.631021115197942,0.27993444476434726,10.406632071385337,0.48722159746767896,1.7639069713912532,30,0,False,42
permABC-SMC,2108693.215339233,25.31603371968077,21445410.0,257.46406292915344,0.4278816868002513,24.607944577643575,593.1965482744863,27.631021115197942,0.27993444476434726,10.406632071385337,0.48722159746767896,1.7639069713912534,30,0,False,42
permABC-SMC,2104844.1176470583,25.248252340391563,21469410.0,257.532173871994,0.4278816868002513,24.607944577643575,593.1965482744864,27.631021115197942,0.27993444476434726,10.406632071385337,0.48722159746767896,1.7639069713912534,30,0,False,42
permABC-SMC,2101017.595307918,25.18018061114896,21493410.0,257.59324765205383,0.4278816868002513,24.607944577643575,593.1965482744861,27.631021115197942,0.27993444476434726,10.406632071385337,0.48722159746767896,1.7639069713912532,30,0,False,42
permABC-SMC,2091099.1253644312,25.04045954019381,21517410.0,257.66632866859436,0.4278816868002513,24.607944577643575,593.1965482744863,27.631021115197942,0.27993444476434726,10.406632071385337,0.48722159746767896,1.7639069713912534,30,0,False,42
permABC-SMC,2087345.9302325586,24.973663757013725,21541410.0,257.7282099723816,0.4278816868002513,24.607944577643575,593.1965482744864,27.631021115197942,0.27993444476434726,10.406632071385337,0.48722159746767896,1.7639069713912534,30,0,False,42
permABC-SMC,2065652.298850575,24.693203703197025,21565410.0,257.79704666137695,0.4278816868002513,24.607944577643575,593.1965482744861,27.631021115197942,0.27993444476434726,10.406632071385337,0.48722159746767896,1.7639069713912532,30,0,False,42
permABC-SMC,2056134.285714286,24.55789681843349,21589410.0,257.85791659355164,0.4278816868002513,24.607944577643575,593.1965482744863,27.631021115197942,0.27993444476434726,10.406632071385337,0.48722159746767896,1.7639069713912534,30,0,False,42
permABC-SMC,2046724.431818182,24.424811068809397,21613410.0,257.9260048866272,0.4278816868002513,24.607944577643575,593.1965482744864,27.631021115197942,0.27993444476434726,10.406632071385337,0.48722159746767896,1.7639069713912534,30,0,False,42
permABC-SMC,2043192.6345609066,24.361424788312036,21637410.0,257.9874885082245,0.4278816868002513,24.607944577643575,593.1965482744861,27.631021115197942,0.27993444476434726,10.406632071385337,0.48722159746767896,1.7639069713912532,30,0,False,42
permABC-SMC,2028221.9101123596,24.162496118509814,21661410.0,258.0554585456848,0.4278816868002513,24.607944577643575,593.1965482744863,27.631021115197942,0.27993444476434726,10.406632071385337,0.48722159746767896,1.7639069713912534,30,0,False,42
permABC-SMC,2002346.2603878116,23.833457893061617,21685410.0,258.1163489818573,0.4278816868002513,24.607944577643575,593.1965482744864,27.631021115197942,0.27993444476434726,10.406632071385337,0.48722159746767896,1.7639069713912534,30,0,False,42
permABC-SMC,1999024.861878453,23.773866156407703,21709410.0,258.18418645858765,0.4278816868002513,24.607944577643575,593.1965482744861,27.631021115197942,0.27993444476434726,10.406632071385337,0.48722159746767896,1.7639069713912532,30,0,False,42
permABC-SMC,1995721.7630853995,23.714001688856506,21733410.0,258.24547839164734,0.4278816868002513,24.607944577643575,593.1965482744863,27.631021115197942,0.27993444476434726,10.406632071385337,0.48722159746767896,1.7639069713912534,30,0,False,42
permABC-SMC,1992436.8131868131,23.655101493164732,21757410.0,258.3137083053589,0.4278816868002513,24.607944577643575,593.1965482744864,27.631021115197942,0.27993444476434726,10.406632071385337,0.48722159746767896,1.7639069713912534,30,0,False,42
permABC-SMC,1983734.9726775957,23.531390300431102,21781410.0,258.3746654987335,0.4278816868002513,24.607944577643575,593.1965482744861,27.631021115197942,0.27993444476434726,10.406632071385337,0.48722159746767896,1.7639069713912532,30,0,False,42
permABC-SMC,1969775.0677506775,23.34621992860706,21805410.0,258.4426546096802,0.4278816868002513,24.607944577643575,593.1965482744863,27.631021115197942,0.27993444476434726,10.406632071385337,0.48722159746767896,1.7639069713912534,30,0,False,42
permABC-SMC,1966613.5135135134,23.288676416551745,21829410.0,258.50430822372437,0.4278816868002513,24.607944577643575,593.1965482744864,27.631021115197942,0.27993444476434726,10.406632071385337,0.48722159746767896,1.7639069713912534,30,0,False,42
permABC-SMC,1952941.0187667562,23.107372148426865,21853410.0,258.5714943408966,0.4278816868002513,24.607944577643575,593.1965482744861,27.631021115197942,0.27993444476434726,10.406632071385337,0.48722159746767896,1.7639069713912532,30,0,False,42
permABC-SMC,1949858.2887700533,23.05110208490953,21877410.0,258.63336539268494,0.4278816868002513,24.607944577643575,593.1965482744863,27.631021115197942,0.27993444476434726,10.406632071385337,0.48722159746767896,1.7639069713912534,30,0,False,42
permABC-SMC,1951997.3262032086,23.05716405790332,21901410.0,258.7013807296753,0.4278816868002513,24.607944577643575,593.1965482744864,27.631021115197942,0.27993444476434726,10.406632071385337,0.48722159746767896,1.7639069713912534,30,0,False,42
permABC-SMC,1948925.3333333333,23.00116867489285,21925410.0,258.76314759254456,0.4278816868002513,24.607944577643575,593.1965482744861,27.631021115197942,0.27993444476434726,10.406632071385337,0.48722159746767896,1.7639069713912532,30,0,False,42
permABC-SMC,1945869.6808510637,22.94599582962956,21949410.0,258.83083295822144,0.4278816868002513,24.607944577643575,593.1965482744863,27.631021115197942,0.27993444476434726,10.406632071385337,0.48722159746767896,1.7639069713912534,30,0,False,42
permABC-SMC,1937690.4761904762,22.8300504163039,21973410.0,258.89277172088623,0.4278816868002513,24.607944577643575,593.1965482744864,27.631021115197942,0.27993444476434726,10.406632071385337,0.48722159746767896,1.7639069713912534,30,0,False,42
permABC-SMC,1939806.8783068785,22.83604740045268,21997410.0,258.9607775211334,0.4278816868002513,24.607944577643575,593.1965482744861,27.631021115197942,0.27993444476434726,10.406632071385337,0.48722159746767896,1.7639069713912532,30,0,False,42
permABC-SMC,1926632.5459317586,22.66158267060394,22021410.0,259.02188992500305,0.4278816868002513,24.607944577643575,593.1965482744863,27.631021115197942,0.27993444476434726,10.406632071385337,0.48722159746767896,1.7639069713912534,30,0,False,42
permABC-SMC,1923683.2460732986,22.608171083540192,22045410.0,259.0896406173706,0.4278816868002513,24.607944577643575,593.1965482744864,27.631021115197942,0.27993444476434726,10.406632071385337,0.48722159746767896,1.7639069713912534,30,0,False,42
permABC-SMC,1925777.4869109949,22.613513781762247,22069410.0,259.15086793899536,0.4278816868002513,24.607944577643575,593.1965482744861,27.631021115197942,0.27993444476434726,10.406632071385337,0.48722159746767896,1.7639069713912532,30,0,False,42
permABC-SMC,1912849.3506493508,22.44318976546779,22093410.0,259.21884179115295,0.4278816868002513,24.607944577643575,593.1965482744863,27.631021115197942,0.27993444476434726,10.406632071385337,0.48722159746767896,1.7639069713912534,30,0,False,42
permABC-SMC,1905031.007751938,22.332509009618374,22117410.0,259.2804296016693,0.4278816868002513,24.607944577643575,593.1965482744864,27.631021115197942,0.27993444476434726,10.406632071385337,0.48722159746767896,1.7639069713912534,30,0,False,42
permABC-SMC,1902182.9896907215,22.280787663771115,22141410.0,259.3483684062958,0.4278816868002513,24.607944577643575,593.1965482744861,27.631021115197942,0.27993444476434726,10.406632071385337,0.48722159746767896,1.7639069713912532,30,0,False,42
permABC-SMC,1904244.8453608246,22.286035146090583,22165410.0,259.4094491004944,0.4278816868002513,24.607944577643575,593.1965482744863,27.631021115197942,0.27993444476434726,10.406632071385337,0.48722159746767896,1.7639069713912534,30,0,False,42
permABC-SMC,1896530.769230769,22.17758667774689,22189410.0,259.4777641296387,0.4278816868002513,24.607944577643575,593.1965482744864,27.631021115197942,0.27993444476434726,10.406632071385337,0.48722159746767896,1.7639069713912534,30,0,False,42
permABC-SMC,1888895.4081632653,22.06966678301493,22213410.0,259.5392813682556,0.4278816868002513,24.607944577643575,593.1965482744861,27.631021115197942,0.27993444476434726,10.406632071385337,0.48722159746767896,1.7639069713912532,30,0,False,42
permABC-SMC,1886124.681933842,22.019217032512632,22237410.0,259.606568813324,0.4278816868002513,24.607944577643575,593.1965482744863,27.631021115197942,0.27993444476434726,10.406632071385337,0.48722159746767896,1.7639069713912534,30,0,False,42
permABC-SMC,1883368.0203045686,21.96854498180641,22261410.0,259.6682016849518,0.4278816868002513,24.607944577643575,593.1965482744864,27.631021115197942,0.27993444476434726,10.406632071385337,0.48722159746767896,1.7639069713912534,30,0,False,42
permABC-SMC,1875876.2626262626,21.863318091691145,22285410.0,259.73621892929077,0.4278816868002513,24.607944577643575,593.1965482744861,27.631021115197942,0.27993444476434726,10.406632071385337,0.48722159746767896,1.7639069713912532,30,0,False,42
permABC-SMC,1873166.2468513856,21.81336237141107,22309410.0,259.79714584350586,0.4278816868002513,24.607944577643575,593.1965482744863,27.631021115197942,0.27993444476434726,10.406632071385337,0.48722159746767896,1.7639069713912534,30,0,False,42
permABC-SMC,1875181.3602015113,21.819060335231367,22333410.0,259.8650085926056,0.4278816868002513,24.607944577643575,593.1965482744864,27.631021115197942,0.27993444476434726,10.406632071385337,0.48722159746767896,1.7639069713912534,30,0,False,42
permABC-SMC,1867786.9674185463,21.714769090924943,22357410.0,259.9257860183716,0.4278816868002513,24.607944577643575,593.1965482744861,27.631021115197942,0.27993444476434726,10.406632071385337,0.48722159746767896,1.7639069713912532,30,0,False,42
permABC-SMC,1837554.187192118,21.345946217209637,22381410.0,259.9936249256134,0.4278816868002513,24.607944577643575,593.1965482744863,27.631021115197942,0.27993444476434726,10.406632071385337,0.48722159746767896,1.7639069713912534,30,0,False,42
permABC-SMC,1830507.3529411769,21.24651606176414,22405410.0,260.05735659599304,0.4278816868002513,24.607944577643575,593.1965482744864,27.631021115197942,0.27993444476434726,10.406632071385337,0.48722159746767896,1.7639069713912534,30,0,False,42
permABC-SMC,1832468.1372549024,21.25212172277613,22429410.0,260.1259698867798,0.4278816868002513,24.607944577643575,593.1965482744861,27.631021115197942,0.27993444476434726,10.406632071385337,0.48722159746767896,1.7639069713912532,30,0,False,42
permABC-SMC,1829943.7652811736,21.205142288549993,22453410.0,260.1870958805084,0.4278816868002513,24.607944577643575,593.1965482744863,27.631021115197942,0.27993444476434726,10.406632071385337,0.48722159746767896,1.7639069713912534,30,0,False,42
permABC-SMC,1831899.7555012223,21.210501887687553,22477410.0,260.25285816192627,0.4278816868002513,24.607944577643575,593.1965482744864,27.631021115197942,0.27993444476434726,10.406632071385337,0.48722159746767896,1.7639069713912534,30,0,False,42
permABC-SMC,1829382.9268292687,21.163920193183714,22501410.0,260.31621837615967,0.4278816868002513,24.607944577643575,593.1965482744861,27.631021115197942,0.27993444476434726,10.406632071385337,0.48722159746767896,1.7639069713912532,30,0,False,42
permABC-SMC,1826878.3454987833,21.117946121234382,22525410.0,260.38427567481995,0.4278816868002513,24.607944577643575,593.1965482744863,27.631021115197942,0.27993444476434726,10.406632071385337,0.48722159746767896,1.7639069713912534,30,0,False,42
permABC-SMC,1824385.922330097,21.07168401329263,22549410.0,260.4460144042969,0.4278816868002513,24.607944577643575,593.1965482744864,27.631021115197942,0.27993444476434726,10.406632071385337,0.48722159746767896,1.7639069713912534,30,0,False,42
permABC-SMC,1821905.5690072642,21.026168800920516,22573410.0,260.51423144340515,0.4278816868002513,24.607944577643575,593.1965482744861,27.631021115197942,0.27993444476434726,10.406632071385337,0.48722159746767896,1.7639069713912532,30,0,False,42
permABC-SMC,1819437.1980676327,20.980322130636317,22597410.0,260.57560086250305,0.4278816868002513,24.607944577643575,593.1965482744863,27.631021115197942,0.27993444476434726,10.406632071385337,0.48722159746767896,1.7639069713912534,30,0,False,42
permABC-SMC,1816980.7228915663,20.935269053202557,22621410.0,260.6440997123718,0.4278816868002513,24.607944577643575,593.1965482744864,27.631021115197942,0.27993444476434726,10.406632071385337,0.48722159746767896,1.7639069713912534,30,0,False,42
permABC-SMC,1818908.4337349397,20.940122738420722,22645410.0,260.704528093338,0.4278816868002513,24.607944577643575,593.1965482744861,27.631021115197942,0.27993444476434726,10.406632071385337,0.48722159746767896,1.7639069713912532,30,0,False,42
permABC-SMC,1816459.134615385,20.895287948541153,22669410.0,260.7731935977936,0.4278816868002513,24.607944577643575,593.1965482744863,27.631021115197942,0.27993444476434726,10.406632071385337,0.48722159746767896,1.7639069713912534,30,0,False,42
permABC-SMC,1814021.582733813,20.85006997453795,22693410.0,260.8343753814697,0.4278816868002513,24.607944577643575,593.1965482744864,27.631021115197942,0.27993444476434726,10.406632071385337,0.48722159746767896,1.7639069713912534,30,0,False,42
permABC-SMC,1802969.0476190476,20.706563998782446,22717410.0,260.9027063846588,0.4278816868002513,24.607944577643575,593.1965482744861,27.631021115197942,0.27993444476434726,10.406632071385337,0.48722159746767896,1.7639069713912532,30,0,False,42
permABC-SMC,1804873.8095238095,20.711454701802086,22741410.0,260.9643292427063,0.4278816868002513,24.607944577643575,593.1965482744863,27.631021115197942,0.27993444476434726,10.406632071385337,0.48722159746767896,1.7639069713912534,30,0,False,42
permABC-SMC,1806778.5714285714,20.716835392846,22765410.0,261.0321259498596,0.4278816868002513,24.607944577643575,593.1965482744864,27.631021115197942,0.27993444476434726,10.406632071385337,0.48722159746767896,1.7639069713912534,30,0,False,42
permABC-SMC,1795855.791962175,20.57474910790193,22789410.0,261.0935661792755,0.4278816868002513,24.607944577643575,593.1965482744861,27.631021115197942,0.27993444476434726,10.406632071385337,0.48722159746767896,1.7639069713912532,30,0,False,42
permABC-SMC,1793507.0754716983,20.53157724674393,22813410.0,261.16166257858276,0.4278816868002513,24.607944577643575,593.1965482744863,27.631021115197942,0.27993444476434726,10.406632071385337,0.48722159746767896,1.7639069713912534,30,0,False,42
permABC-SMC,1795393.8679245287,20.536403967149607,22837410.0,261.22305846214294,0.4278816868002513,24.607944577643575,593.1965482744864,27.631021115197942,0.27993444476434726,10.406632071385337,0.48722159746767896,1.7639069713912534,30,0,False,42
permABC-SMC,1784653.3957845434,20.39737781447233,22861410.0,261.2904098033905,0.4278816868002513,24.607944577643575,593.1965482744861,27.631021115197942,0.27993444476434726,10.406632071385337,0.48722159746767896,1.7639069713912532,30,0,False,42
permABC-SMC,1774062.7906976745,20.259839823079666,22885410.0,261.35193371772766,0.4278816868002513,24.607944577643575,593.1965482744863,27.631021115197942,0.27993444476434726,10.406632071385337,0.48722159746767896,1.7639069713912534,30,0,False,42
permABC-SMC,1767701.3888888892,20.171311221740865,22909410.0,261.4201934337616,0.4278816868002513,24.607944577643575,593.1965482744864,27.631021115197942,0.27993444476434726,10.406632071385337,0.48722159746767896,1.7639069713912534,30,0,False,42
permABC-SMC,1765466.5127020786,20.129468167534785,22933410.0,261.48179149627686,0.4278816868002513,24.607944577643575,593.1965482744861,27.631021115197942,0.27993444476434726,10.406632071385337,0.48722159746767896,1.7639069713912532,30,0,False,42
permABC-SMC,1759188.5057471264,20.042108283645803,22957410.0,261.54951310157776,0.4278816868002513,24.607944577643575,593.1965482744863,27.631021115197942,0.27993444476434726,10.406632071385337,0.48722159746767896,1.7639069713912534,30,0,False,42
permABC-SMC,1748965.7534246575,19.90953506037162,22981410.0,261.6112906932831,0.4278816868002513,24.607944577643575,593.1965482744864,27.631021115197942,0.27993444476434726,10.406632071385337,0.48722159746767896,1.7639069713912534,30,0,False,42
permABC-SMC,1746804.1002277904,19.86936574282751,23005410.0,261.67954683303833,0.4278816868002513,24.607944577643575,593.1965482744861,27.631021115197942,0.27993444476434726,10.406632071385337,0.48722159746767896,1.7639069713912532,30,0,False,42
permABC-SMC,1740696.1451247167,19.78391521551892,23029410.0,261.7411983013153,0.4278816868002513,24.607944577643575,593.1965482744863,27.631021115197942,0.27993444476434726,10.406632071385337,0.48722159746767896,1.7639069713912534,30,0,False,42
permABC-SMC,1738567.8733031675,19.744337054579148,23053410.0,261.8099093437195,0.4278816868002513,24.607944577643575,593.1965482744864,27.631021115197942,0.27993444476434726,10.406632071385337,0.48722159746767896,1.7639069713912534,30,0,False,42
permABC-SMC,1740377.8280542986,19.74897208436762,23077410.0,261.8713698387146,0.4278816868002513,24.607944577643575,593.1965482744861,27.631021115197942,0.27993444476434726,10.406632071385337,0.48722159746767896,1.7639069713912532,30,0,False,42
permABC-SMC,1742187.7828054298,19.75412095474082,23101410.0,261.9396438598633,0.4278816868002513,24.607944577643575,593.1965482744863,27.631021115197942,0.27993444476434726,10.406632071385337,0.48722159746767896,1.7639069713912534,30,0,False,42
permABC-SMC,1732240.4494382022,19.625532921780362,23125410.0,262.0008645057678,0.4278816868002513,24.607944577643575,593.1965482744864,27.631021115197942,0.27993444476434726,10.406632071385337,0.48722159746767896,1.7639069713912534,30,0,False,42
permABC-SMC,1734038.202247191,19.63064581267396,23149410.0,262.0691215991974,0.4278816868002513,24.607944577643575,593.1965482744861,27.631021115197942,0.27993444476434726,10.406632071385337,0.48722159746767896,1.7639069713912532,30,0,False,42
permABC-SMC,1735835.9550561798,19.635281562805176,23173410.0,262.1310088634491,0.4278816868002513,24.607944577643575,593.1965482744863,27.631021115197942,0.27993444476434726,10.406632071385337,0.48722159746767896,1.7639069713912534,30,0,False,42
permABC-SMC,1737633.7078651686,19.640372915660844,23197410.0,262.19897842407227,0.4278816868002513,24.607944577643575,593.1965482744864,27.631021115197942,0.27993444476434726,10.406632071385337,0.48722159746767896,1.7639069713912534,30,0,False,42
permABC-SMC,1739431.4606741574,19.644928639301202,23221410.0,262.259797334671,0.4278816868002513,24.607944577643575,593.1965482744861,27.631021115197942,0.27993444476434726,10.406632071385337,0.48722159746767896,1.7639069713912532,30,0,False,42
permABC-SMC,1733438.4787472035,19.562114680729014,23245410.0,262.32795786857605,0.4278816868002513,24.607944577643575,593.1965482744863,27.631021115197942,0.27993444476434726,10.406632071385337,0.48722159746767896,1.7639069713912534,30,0,False,42
permABC-SMC,1735228.1879194633,19.566662981828408,23269410.0,262.38895058631897,0.4278816868002513,24.607944577643575,593.1965482744864,27.631021115197942,0.27993444476434726,10.406632071385337,0.48722159746767896,1.7639069713912534,30,0,False,42
permABC-SMC,1737017.8970917226,19.571770526507645,23293410.0,262.45744276046753,0.4278816868002513,24.607944577643575,593.1965482744861,27.631021115197942,0.27993444476434726,10.406632071385337,0.48722159746767896,1.7639069713912532,30,0,False,42
permABC-SMC,1731062.3608017818,19.48917940447042,23317410.0,262.51924657821655,0.4278816868002513,24.607944577643575,593.1965482744863,27.631021115197942,0.27993444476434726,10.406632071385337,0.48722159746767896,1.7639069713912534,30,0,False,42
permABC-SMC,1728993.3333333333,19.450946542951794,23341410.0,262.58777832984924,0.4278816868002513,24.607944577643575,593.1965482744864,27.631021115197942,0.27993444476434726,10.406632071385337,0.48722159746767896,1.7639069713912534,30,0,False,42
permABC-SMC,1723112.8318584072,19.369408532229848,23365410.0,262.64917969703674,0.4278816868002513,24.607944577643575,593.1965482744861,27.631021115197942,0.27993444476434726,10.406632071385337,0.48722159746767896,1.7639069713912532,30,0,False,42
permABC-SMC,1721075.055187638,19.331657088267793,23389410.0,262.7172198295593,0.4278816868002513,24.607944577643575,593.1965482744863,27.631021115197942,0.27993444476434726,10.406632071385337,0.48722159746767896,1.7639069713912534,30,0,False,42
permABC-SMC,1719046.2555066077,19.293605878664707,23413410.0,262.77891206741333,0.4278816868002513,24.607944577643575,593.1965482744864,27.631021115197942,0.27993444476434726,10.406632071385337,0.48722159746767896,1.7639069713912534,30,0,False,42
permABC-SMC,1717026.3736263737,19.25612005995307,23437410.0,262.8460388183594,0.4278816868002513,24.607944577643575,593.1965482744861,27.631021115197942,0.27993444476434726,10.406632071385337,0.48722159746767896,1.7639069713912532,30,0,False,42
permABC-SMC,1715015.350877193,19.21833948782313,23461410.0,262.9068841934204,0.4278816868002513,24.607944577643575,593.1965482744863,27.631021115197942,0.27993444476434726,10.406632071385337,0.48722159746767896,1.7639069713912534,30,0,False,42
permABC-SMC,1716769.7368421052,19.22329753114466,23485410.0,262.97471022605896,0.4278816868002513,24.607944577643575,593.1965482744864,27.631021115197942,0.27993444476434726,10.406632071385337,0.48722159746767896,1.7639069713912534,30,0,False,42
permABC-SMC,1714763.6761487965,19.185714874712765,23509410.0,263.036150932312,0.4278816868002513,24.607944577643575,593.1965482744861,27.631021115197942,0.27993444476434726,10.406632071385337,0.48722159746767896,1.7639069713912532,30,0,False,42
permABC-SMC,1712766.3755458517,19.148784346629093,23533410.0,263.1042969226837,0.4278816868002513,24.607944577643575,593.1965482744863,27.631021115197942,0.27993444476434726,10.406632071385337,0.48722159746767896,1.7639069713912534,30,0,False,42
permABC-SMC,1710777.7777777775,19.111506957980104,23557410.0,263.1654508113861,0.4278816868002513,24.607944577643575,593.1965482744864,27.631021115197942,0.27993444476434726,10.406632071385337,0.48722159746767896,1.7639069713912534,30,0,False,42
permABC-SMC,1705091.1062906724,19.033499981127868,23581410.0,263.2333047389984,0.4278816868002513,24.607944577643575,593.1965482744861,27.631021115197942,0.27993444476434726,10.406632071385337,0.48722159746767896,1.7639069713912532,30,0,False,42
permABC-SMC,1706826.464208243,19.03795392635674,23605410.0,263.2949028015137,0.4278816868002513,24.607944577643575,593.1965482744863,27.631021115197942,0.27993444476434726,10.406632071385337,0.48722159746767896,1.7639069713912534,30,0,False,42
permABC-SMC,1708561.8221258135,19.042664184487563,23629410.0,263.360045671463,0.4278816868002513,24.607944577643575,593.1965482744864,27.631021115197942,0.27993444476434726,10.406632071385337,0.48722159746767896,1.7639069713912534,30,0,False,42
permABC-SMC,1702909.2872570194,18.964933096032247,23653410.0,263.42292070388794,0.4278816868002513,24.607944577643575,593.1965482744861,27.631021115197942,0.27993444476434726,10.406632071385337,0.48722159746767896,1.7639069713912532,30,0,False,42
permABC-SMC,1693663.0901287554,18.847717628287995,23677410.0,263.4910924434662,0.4278816868002513,24.607944577643575,593.1965482744863,27.631021115197942,0.27993444476434726,10.406632071385337,0.48722159746767896,1.7639069713912534,30,0,False,42
permABC-SMC,1688134.6153846153,18.771548607410526,23701410.0,263.5525424480438,0.4278816868002513,24.607944577643575,593.1965482744864,27.631021115197942,0.27993444476434726,10.406632071385337,0.48722159746767896,1.7639069713912534,30,0,False,42
permABC-SMC,1689844.0170940168,18.77640304062781,23725410.0,263.62069869041443,0.4278816868002513,24.607944577643575,593.1965482744861,27.631021115197942,0.27993444476434726,10.406632071385337,0.48722159746767896,1.7639069713912532,30,0,False,42
permABC-SMC,1691553.4188034185,18.780720539582077,23749410.0,263.6813163757324,0.4278816868002513,24.607944577643575,593.1965482744863,27.631021115197942,0.27993444476434726,10.406632071385337,0.48722159746767896,1.7639069713912534,30,0,False,42
permABC-SMC,1693262.8205128203,18.785572170871614,23773410.0,263.7494332790375,0.4278816868002513,24.607944577643575,593.1965482744864,27.631021115197942,0.27993444476434726,10.406632071385337,0.48722159746767896,1.7639069713912534,30,0,False,42
permABC-SMC,1694972.222222222,18.789949478247223,23797410.0,263.81089067459106,0.4278816868002513,24.607944577643575,593.1965482744861,27.631021115197942,0.27993444476434726,10.406632071385337,0.48722159746767896,1.7639069713912532,30,0,False,42
permABC-SMC,1696681.6239316238,18.794799920840138,23821410.0,263.8789908885956,0.4278816868002513,24.607944577643575,593.1965482744863,27.631021115197942,0.27993444476434726,10.406632071385337,0.48722159746767896,1.7639069713912534,30,0,False,42
permABC-SMC,1687573.2484076435,18.679431660835068,23845410.0,263.9403693675995,0.4278816868002513,24.607944577643575,593.1965482744864,27.631021115197942,0.27993444476434726,10.406632071385337,0.48722159746767896,1.7639069713912534,30,0,False,42
permABC-SMC,1678580.1687763715,18.565999757388475,23869410.0,264.0085165500641,0.4278816868002513,24.607944577643575,593.1965482744861,27.631021115197942,0.27993444476434726,10.406632071385337,0.48722159746767896,1.7639069713912532,30,0,False,42
permABC-SMC,1676730.5263157897,18.531205394811796,23893410.0,264.0696768760681,0.4278816868002513,24.607944577643575,593.1965482744863,27.631021115197942,0.27993444476434726,10.406632071385337,0.48722159746767896,1.7639069713912534,30,0,False,42
permABC-SMC,1674888.655462185,18.49703994117865,23917410.0,264.1377303600311,0.4278816868002513,24.607944577643575,593.1965482744864,27.631021115197942,0.27993444476434726,10.406632071385337,0.48722159746767896,1.7639069713912534,30,0,False,42
permABC-SMC,1673054.5073375264,18.462558995586107,23941410.0,264.19921922683716,0.4278816868002513,24.607944577643575,593.1965482744861,27.631021115197942,0.27993444476434726,10.406632071385337,0.48722159746767896,1.7639069713912532,30,0,False,42
permABC-SMC,1671228.0334728034,18.428670495457563,23965410.0,264.26713490486145,0.4278816868002513,24.607944577643575,593.1965482744863,27.631021115197942,0.27993444476434726,10.406632071385337,0.48722159746767896,1.7639069713912534,30,0,False,42
permABC-SMC,1669409.1858037577,18.394457024671837,23989410.0,264.3283474445343,0.4278816868002513,24.607944577643575,593.1965482744864,27.631021115197942,0.27993444476434726,10.406632071385337,0.48722159746767896,1.7639069713912534,30,0,False,42
permABC-SMC,1671079.331941545,18.399196693112472,24013410.0,264.39645648002625,0.4278816868002513,24.607944577643575,593.1965482744861,27.631021115197942,0.27993444476434726,10.406632071385337,0.48722159746767896,1.7639069713912532,30,0,False,42
permABC-SMC,1658896.4803312628,18.251034553664727,24037410.0,264.45749068260193,0.4278816868002513,24.607944577643575,593.1965482744863,27.631021115197942,0.27993444476434726,10.406632071385337,0.48722159746767896,1.7639069713912534,30,0,False,42
permABC-SMC,1660552.7950310558,18.255708331153507,24061410.0,264.5252137184143,0.4278816868002513,24.607944577643575,593.1965482744864,27.631021115197942,0.27993444476434726,10.406632071385337,0.48722159746767896,1.7639069713912534,30,0,False,42
permABC-SMC,1658774.7933884298,18.22226615648296,24085410.0,264.58730459213257,0.4278816868002513,24.607944577643575,593.1965482744861,27.631021115197942,0.27993444476434726,10.406632071385337,0.48722159746767896,1.7639069713912532,30,0,False,42
permABC-SMC,1660427.685950413,18.22699901157831,24109410.0,264.65602564811707,0.4278816868002513,24.607944577643575,593.1965482744863,27.631021115197942,0.27993444476434726,10.406632071385337,0.48722159746767896,1.7639069713912534,30,0,False,42
permABC-SMC,1655240.7407407407,18.156239934091868,24133410.0,264.71797823905945,0.4278816868002513,24.607944577643575,593.1965482744864,27.631021115197942,0.27993444476434726,10.406632071385337,0.48722159746767896,1.7639069713912534,30,0,False,42
permABC-SMC,1656886.8312757201,18.160937025386776,24157410.0,264.78646183013916,0.4278816868002513,24.607944577643575,593.1965482744861,27.631021115197942,0.27993444476434726,10.406632071385337,0.48722159746767896,1.7639069713912532,30,0,False,42
permABC-SMC,1655127.3100616017,18.12787641816397,24181410.0,264.8482744693756,0.4278816868002513,24.607944577643575,593.1965482744863,27.631021115197942,0.27993444476434726,10.406632071385337,0.48722159746767896,1.7639069713912534,30,0,False,42
permABC-SMC,1653375.0,18.095383764616127,24205410.0,264.9164183139801,0.4278816868002513,24.607944577643575,593.1965482744864,27.631021115197942,0.27993444476434726,10.406632071385337,0.48722159746767896,1.7639069713912534,30,0,False,42
permABC-SMC,1648259.1836734693,18.025689319688446,24229410.0,264.97763299942017,0.4278816868002513,24.607944577643575,593.1965482744861,27.631021115197942,0.27993444476434726,10.406632071385337,0.48722159746767896,1.7639069713912532,30,0,False,42
permABC-SMC,1649891.836734694,18.030352105899734,24253410.0,265.0461759567261,0.4278816868002513,24.607944577643575,593.1965482744863,27.631021115197942,0.27993444476434726,10.406632071385337,0.48722159746767896,1.7639069713912534,30,0,False,42
permABC-SMC,1648160.8961303462,17.997832453663626,24277410.0,265.1080720424652,0.4278816868002513,24.607944577643575,593.1965482744864,27.631021115197942,0.27993444476434726,10.406632071385337,0.48722159746767896,1.7639069713912534,30,0,False,42
permABC-SMC,1649790.2240325867,18.002430452267813,24301410.0,265.1758005619049,0.4278816868002513,24.607944577643575,593.1965482744861,27.631021115197942,0.27993444476434726,10.406632071385337,0.48722159746767896,1.7639069713912532,30,0,False,42
permABC-SMC,1644720.0811359026,17.933551631641194,24325410.0,265.23722863197327,0.4278816868002513,24.607944577643575,593.1965482744863,27.631021115197942,0.27993444476434726,10.406632071385337,0.48722159746767896,1.7639069713912534,30,0,False,42
permABC-SMC,1646342.7991886411,17.93809548030438,24349410.0,265.3044321537018,0.4278816868002513,24.607944577643575,593.1965482744864,27.631021115197942,0.27993444476434726,10.406632071385337,0.48722159746767896,1.7639069713912534,30,0,False,42
permABC-SMC,1647965.5172413792,17.942268176204536,24373410.0,265.36614632606506,0.4278816868002513,24.607944577643575,593.1965482744861,27.631021115197942,0.27993444476434726,10.406632071385337,0.48722159746767896,1.7639069713912532,30,0,False,42
permABC-SMC,1649588.2352941176,17.946867349584654,24397410.0,265.43416810035706,0.4278816868002513,24.607944577643575,593.1965482744863,27.631021115197942,0.27993444476434726,10.406632071385337,0.48722159746767896,1.7639069713912534,30,0,False,42
permABC-SMC,1651210.9533468562,17.95103174355322,24421410.0,265.4957594871521,0.4278816868002513,24.607944577643575,593.1965482744864,27.631021115197942,0.27993444476434726,10.406632071385337,0.48722159746767896,1.7639069713912534,30,0,False,42
permABC-SMC,1652833.6713995943,17.955630610648484,24445410.0,265.5637767314911,0.4278816868002513,24.607944577643575,593.1965482744861,27.631021115197942,0.27993444476434726,10.406632071385337,0.48722159746767896,1.7639069713912532,30,0,False,42
permABC-SMC,1651107.2874493927,17.92344167004069,24469410.0,265.62540555000305,0.4278816868002513,24.607944577643575,593.1965482744863,27.631021115197942,0.27993444476434726,10.406632071385337,0.48722159746767896,1.7639069713912534,30,0,False,42
permABC-SMC,1652726.7206477735,17.92802644966424,24493410.0,265.69335198402405,0.4278816868002513,24.607944577643575,593.1965482744864,27.631021115197942,0.27993444476434726,10.406632071385337,0.48722159746767896,1.7639069713912534,30,0,False,42
permABC-SMC,1654346.1538461538,17.932181593216704,24517410.0,265.75493121147156,0.4278816868002513,24.607944577643575,593.1965482744861,27.631021115197942,0.27993444476434726,10.406632071385337,0.48722159746767896,1.7639069713912532,30,0,False,42
permABC-SMC,1652620.202020202,17.900557148737537,24541410.0,265.82327365875244,0.4278816868002513,24.607944577643575,593.1965482744863,27.631021115197942,0.27993444476434726,10.406632071385337,0.48722159746767896,1.7639069713912534,30,0,False,42
permABC-SMC,1654236.3636363638,17.904687714496447,24565410.0,265.8846125602722,0.4278816868002513,24.607944577643575,593.1965482744864,27.631021115197942,0.27993444476434726,10.406632071385337,0.48722159746767896,1.7639069713912534,30,0,False,42
permABC-SMC,1655852.5252525252,17.90909160267223,24589410.0,265.9500102996826,0.4278816868002513,24.607944577643575,593.1965482744861,27.631021115197942,0.27993444476434726,10.406632071385337,0.48722159746767896,1.7639069713912532,30,0,False,42
permABC-SMC,1644182.364729459,17.769755167250803,24613410.0,266.0132348537445,0.4278816868002513,24.607944577643575,593.1965482744863,27.631021115197942,0.27993444476434726,10.406632071385337,0.48722159746767896,1.7639069713912534,30,0,False,42
permABC-SMC,1642494.0,17.738762601216635,24637410.0,266.0814390182495,0.4278816868002513,24.607944577643575,593.1965482744864,27.631021115197942,0.27993444476434726,10.406632071385337,0.48722159746767896,1.7639069713912534,30,0,False,42
permABC-SMC,1640812.375249501,17.707463795553426,24661410.0,266.14318084716797,0.4278816868002513,24.607944577643575,593.1965482744861,27.631021115197942,0.27993444476434726,10.406632071385337,0.48722159746767896,1.7639069713912532,30,0,False,42
permABC-SMC,1642409.1816367265,17.711995937629137,24685410.0,266.2112989425659,0.4278816868002513,24.607944577643575,593.1965482744863,27.631021115197942,0.27993444476434726,10.406632071385337,0.48722159746767896,1.7639069713912534,30,0,False,42
permABC-SMC,1637469.1848906563,17.64566237915423,24709410.0,266.2730453014374,0.4278816868002513,24.607944577643575,593.1965482744864,27.631021115197942,0.27993444476434726,10.406632071385337,0.48722159746767896,1.7639069713912534,30,0,False,42
permABC-SMC,1635807.5396825394,17.615116557116227,24733410.0,266.3405623435974,0.4278816868002513,24.607944577643575,593.1965482744861,27.631021115197942,0.27993444476434726,10.406632071385337,0.48722159746767896,1.7639069713912532,30,0,False,42
permABC-SMC,1634152.4752475247,17.584274704306825,24757410.0,266.4017617702484,0.4278816868002513,24.607944577643575,593.1965482744863,27.631021115197942,0.27993444476434726,10.406632071385337,0.48722159746767896,1.7639069713912534,30,0,False,42
permABC-SMC,1629284.0236686391,17.51938491648236,24781410.0,266.46984457969666,0.4278816868002513,24.607944577643575,593.1965482744864,27.631021115197942,0.27993444476434726,10.406632071385337,0.48722159746767896,1.7639069713912534,30,0,False,42
permABC-SMC,1630861.9329388558,17.52340060013991,24805410.0,266.53092312812805,0.4278816868002513,24.607944577643575,593.1965482744861,27.631021115197942,0.27993444476434726,10.406632071385337,0.48722159746767896,1.7639069713912532,30,0,False,42
permABC-SMC,1632439.842209073,17.527889217850724,24829410.0,266.5991950035095,0.4278816868002513,24.607944577643575,593.1965482744863,27.631021115197942,0.27993444476434726,10.406632071385337,0.48722159746767896,1.7639069713912534,30,0,False,42
permABC-SMC,1627597.2495088407,17.46305729254602,24853410.0,266.66088485717773,0.4278816868002513,24.607944577643575,593.1965482744864,27.631021115197942,0.27993444476434726,10.406632071385337,0.48722159746767896,1.7639069713912534,30,0,False,42
permABC-SMC,1629168.9587426325,17.46754234104119,24877410.0,266.729371547699,0.4278816868002513,24.607944577643575,593.1965482744861,27.631021115197942,0.27993444476434726,10.406632071385337,0.48722159746767896,1.7639069713912532,30,0,False,42
permABC-SMC,1621185.546875,17.369228089228272,24901410.0,266.79134345054626,0.4278816868002513,24.607944577643575,593.1965482744863,27.631021115197942,0.27993444476434726,10.406632071385337,0.48722159746767896,1.7639069713912534,30,0,False,42
permABC-SMC,1622748.046875,17.373738391324878,24925410.0,266.8606216907501,0.4278816868002513,24.607944577643575,593.1965482744864,27.631021115197942,0.27993444476434726,10.406632071385337,0.48722159746767896,1.7639069713912534,30,0,False,42
permABC-SMC,1624310.546875,17.37776705995202,24949410.0,266.92250204086304,0.4278816868002513,24.607944577643575,593.1965482744861,27.631021115197942,0.27993444476434726,10.406632071385337,0.48722159746767896,1.7639069713912532,30,0,False,42
permABC-SMC,1619546.692607004,17.314571814778247,24973410.0,266.9906973838806,0.4278816868002513,24.607944577643575,593.1965482744863,27.631021115197942,0.27993444476434726,10.406632071385337,0.48722159746767896,1.7639069713912534,30,0,False,42
permABC-SMC,1621103.1128404671,17.318496212421227,24997410.0,267.0512115955353,0.4278816868002513,24.607944577643575,593.1965482744864,27.631021115197942,0.27993444476434726,10.406632071385337,0.48722159746767896,1.7639069713912534,30,0,False,42
permABC-SMC,1619508.7378640773,17.28928008897405,25021410.0,267.11937737464905,0.4278816868002513,24.607944577643575,593.1965482744861,27.631021115197942,0.27993444476434726,10.406632071385337,0.48722159746767896,1.7639069713912532,30,0,False,42
permABC-SMC,1621062.1359223297,17.293250738224163,25045410.0,267.18072390556335,0.4278816868002513,24.607944577643575,593.1965482744863,27.631021115197942,0.27993444476434726,10.406632071385337,0.48722159746767896,1.7639069713912534,30,0,False,42
permABC-SMC,1619470.9302325582,17.264131982197135,25069410.0,267.2487630844116,0.4278816868002513,24.607944577643575,593.1965482744864,27.631021115197942,0.27993444476434726,10.406632071385337,0.48722159746767896,1.7639069713912534,30,0,False,42
permABC-SMC,1617885.8800773693,17.2346905383043,25093410.0,267.31005024909973,0.4278816868002513,24.607944577643575,593.1965482744861,27.631021115197942,0.27993444476434726,10.406632071385337,0.48722159746767896,1.7639069713912532,30,0,False,42
permABC-SMC,1616306.9498069496,17.205802016583494,25117410.0,267.3781633377075,0.4278816868002513,24.607944577643575,593.1965482744863,27.631021115197942,0.27993444476434726,10.406632071385337,0.48722159746767896,1.7639069713912534,30,0,False,42
permABC-SMC,1614734.1040462428,17.176606169708585,25141410.0,267.43975806236267,0.4278816868002513,24.607944577643575,593.1965482744864,27.631021115197942,0.27993444476434726,10.406632071385337,0.48722159746767896,1.7639069713912534,30,0,False,42
permABC-SMC,1613167.3076923075,17.147939006487526,25165410.0,267.50784850120544,0.4278816868002513,24.607944577643575,593.1965482744861,27.631021115197942,0.27993444476434726,10.406632071385337,0.48722159746767896,1.7639069713912532,30,0,False,42
permABC-SMC,1614705.769230769,17.151880447681133,25189410.0,267.5693349838257,0.4278816868002513,24.607944577643575,593.1965482744863,27.631021115197942,0.27993444476434726,10.406632071385337,0.48722159746767896,1.7639069713912534,30,0,False,42
permABC-SMC,1616244.2307692305,17.156209319065777,25213410.0,267.63686537742615,0.4278816868002513,24.607944577643575,593.1965482744864,27.631021115197942,0.27993444476434726,10.406632071385337,0.48722159746767896,1.7639069713912534,30,0,False,42
permABC-SMC,1614677.5431861803,17.127223588378477,25237410.0,267.6985046863556,0.4278816868002513,24.607944577643575,593.1965482744861,27.631021115197942,0.27993444476434726,10.406632071385337,0.48722159746767896,1.7639069713912532,30,0,False,42
permABC-SMC,1616213.0518234165,17.131610963105086,25261410.0,267.7670793533325,0.4278816868002513,24.607944577643575,593.1965482744863,27.631021115197942,0.27993444476434726,10.406632071385337,0.48722159746767896,1.7639069713912534,30,0,False,42
permABC-SMC,1617748.5604606527,17.135566591224986,25285410.0,267.82890582084656,0.4278816868002513,24.607944577643575,593.1965482744864,27.631021115197942,0.27993444476434726,10.406632071385337,0.48722159746767896,1.7639069713912534,30,0,False,42
permABC-SMC,1616181.9923371647,17.107106244731526,25309410.0,267.8972837924957,0.4278816868002513,24.607944577643575,593.1965482744861,27.631021115197942,0.27993444476434726,10.406632071385337,0.48722159746767896,1.7639069713912532,30,0,False,42
permABC-SMC,1608470.4761904762,17.013226584782675,25333410.0,267.95831871032715,0.4278816868002513,24.607944577643575,593.1965482744863,27.631021115197942,0.27993444476434726,10.406632071385337,0.48722159746767896,1.7639069713912534,30,0,False,42
permABC-SMC,1609994.2857142857,17.017548742748442,25357410.0,268.02639269828796,0.4278816868002513,24.607944577643575,593.1965482744864,27.631021115197942,0.27993444476434726,10.406632071385337,0.48722159746767896,1.7639069713912534,30,0,False,42
permABC-SMC,1608454.372623574,16.989091352213773,25381410.0,268.08786153793335,0.4278816868002513,24.607944577643575,593.1965482744861,27.631021115197942,0.27993444476434726,10.406632071385337,0.48722159746767896,1.7639069713912532,30,0,False,42
permABC-SMC,1609975.2851711025,16.993407665247847,25405410.0,268.1559729576111,0.4278816868002513,24.607944577643575,593.1965482744863,27.631021115197942,0.27993444476434726,10.406632071385337,0.48722159746767896,1.7639069713912534,30,0,False,42
permABC-SMC,1611496.197718631,16.997296728562038,25429410.0,268.217342376709,0.4278816868002513,24.607944577643575,593.1965482744864,27.631021115197942,0.27993444476434726,10.406632071385337,0.48722159746767896,1.7639069713912534,30,0,False,42
permABC-SMC,1609956.356736243,16.969316658681137,25453410.0,268.2848963737488,0.4278816868002513,24.607944577643575,593.1965482744861,27.631021115197942,0.27993444476434726,10.406632071385337,0.48722159746767896,1.7639069713912532,30,0,False,42
permABC-SMC,1611474.383301708,16.973208310406545,25477410.0,268.34642338752747,0.4278816868002513,24.607944577643575,593.1965482744863,27.631021115197942,0.27993444476434726,10.406632071385337,0.48722159746767896,1.7639069713912534,30,0,False,42
permABC-SMC,1609937.5,16.945361699720827,25501410.0,268.4145293235779,0.4278816868002513,24.607944577643575,593.1965482744864,27.631021115197942,0.27993444476434726,10.406632071385337,0.48722159746767896,1.7639069713912534,30,0,False,42
permABC-SMC,1608406.4272211718,16.917211572254086,25525410.0,268.47614765167236,0.4278816868002513,24.607944577643575,593.1965482744861,27.631021115197942,0.27993444476434726,10.406632071385337,0.48722159746767896,1.7639069713912532,30,0,False,42
permABC-SMC,1606881.1320754716,16.88956596566446,25549410.0,268.54409885406494,0.4278816868002513,24.607944577643575,593.1965482744863,27.631021115197942,0.27993444476434726,10.406632071385337,0.48722159746767896,1.7639069713912534,30,0,False,42
permABC-SMC,1605361.5819209036,16.86166616931922,25573410.0,268.60634207725525,0.4278816868002513,24.607944577643575,593.1965482744864,27.631021115197942,0.27993444476434726,10.406632071385337,0.48722159746767896,1.7639069713912534,30,0,False,42
permABC-SMC,1606868.1732580035,16.865951298021024,25597410.0,268.674604177475,0.4278816868002513,24.607944577643575,593.1965482744861,27.631021115197942,0.27993444476434726,10.406632071385337,0.48722159746767896,1.7639069713912532,30,0,False,42
permABC-SMC,1605351.5037593984,16.838100081995915,25621410.0,268.7360773086548,0.4278816868002513,24.607944577643575,593.1965482744863,27.631021115197942,0.27993444476434726,10.406632071385337,0.48722159746767896,1.7639069713912534,30,0,False,42
permABC-SMC,1603840.5253283302,16.8107821391179,25645410.0,268.80440640449524,0.4278816868002513,24.607944577643575,593.1965482744864,27.631021115197942,0.27993444476434726,10.406632071385337,0.48722159746767896,1.7639069713912534,30,0,False,42
permABC-SMC,1602335.2059925094,16.783152224865745,25669410.0,268.86609864234924,0.4278816868002513,24.607944577643575,593.1965482744861,27.631021115197942,0.27993444476434726,10.406632071385337,0.48722159746767896,1.7639069713912532,30,0,False,42
permABC-SMC,1603833.3333333333,16.787388574764524,25693410.0,268.93396496772766,0.4278816868002513,24.607944577643575,593.1965482744863,27.631021115197942,0.27993444476434726,10.406632071385337,0.48722159746767896,1.7639069713912534,30,0,False,42
permABC-SMC,1605331.4606741574,16.791233587800786,25717410.0,268.9955620765686,0.4278816868002513,24.607944577643575,593.1965482744864,27.631021115197942,0.27993444476434726,10.406632071385337,0.48722159746767896,1.7639069713912534,30,0,False,42
permABC-SMC,1606829.5880149812,16.795492216888885,25741410.0,269.06378531455994,0.4278816868002513,24.607944577643575,593.1965482744861,27.631021115197942,0.27993444476434726,10.406632071385337,0.48722159746767896,1.7639069713912532,30,0,False,42
permABC-SMC,1608327.7153558051,16.79937087938878,25765410.0,269.1259214878082,0.4278816868002513,24.607944577643575,593.1965482744863,27.631021115197942,0.27993444476434726,10.406632071385337,0.48722159746767896,1.7639069713912534,30,0,False,42
permABC-SMC,1600832.402234637,16.709720548230766,25789410.0,269.1935980319977,0.4278816868002513,24.607944577643575,593.1965482744864,27.631021115197942,0.27993444476434726,10.406632071385337,0.48722159746767896,1.7639069713912534,30,0,False,42
permABC-SMC,1602322.160148976,16.713509598109827,25813410.0,269.2546396255493,0.4278816868002513,24.607944577643575,593.1965482744861,27.631021115197942,0.27993444476434726,10.406632071385337,0.48722159746767896,1.7639069713912532,30,0,False,42
permABC-SMC,1603811.9180633149,16.717547766545188,25837410.0,269.31969451904297,0.4278816868002513,24.607944577643575,593.1965482744863,27.631021115197942,0.27993444476434726,10.406632071385337,0.48722159746767896,1.7639069713912534,30,0,False,42
permABC-SMC,1602317.8438661708,16.690370200439606,25861410.0,269.3825750350952,0.4278816868002513,24.607944577643575,593.1965482744864,27.631021115197942,0.27993444476434726,10.406632071385337,0.48722159746767896,1.7639069713912534,30,0,False,42
permABC-SMC,1600829.313543599,16.66360774302674,25885410.0,269.45053720474243,0.4278816868002513,24.607944577643575,593.1965482744861,27.631021115197942,0.27993444476434726,10.406632071385337,0.48722159746767896,1.7639069713912532,30,0,False,42
permABC-SMC,1602313.5435992577,16.667425610360056,25909410.0,269.5122721195221,0.4278816868002513,24.607944577643575,593.1965482744863,27.631021115197942,0.27993444476434726,10.406632071385337,0.48722159746767896,1.7639069713912534,30,0,False,42
permABC-SMC,1597868.7615526803,16.609994952354032,25933410.0,269.58021807670593,0.4278816868002513,24.607944577643575,593.1965482744864,27.631021115197942,0.27993444476434726,10.406632071385337,0.48722159746767896,1.7639069713912534,30,0,False,42
permABC-SMC,1593456.7219152853,16.55253204851519,25957410.0,269.6407470703125,0.4278816868002513,24.607944577643575,593.1965482744861,27.631021115197942,0.27993444476434726,10.406632071385337,0.48722159746767896,1.7639069713912532,30,0,False,42
permABC-SMC,1594930.0184162061,16.556715833548022,25981410.0,269.7089009284973,0.4278816868002513,24.607944577643575,593.1965482744863,27.631021115197942,0.27993444476434726,10.406632071385337,0.48722159746767896,1.7639069713912534,30,0,False,42
permABC-SMC,1593468.75,16.530047079511714,26005410.0,269.7703683376312,0.4278816868002513,24.607944577643575,593.1965482744864,27.631021115197942,0.27993444476434726,10.406632071385337,0.48722159746767896,1.7639069713912534,30,0,False,42
permABC-SMC,1592012.844036697,16.503880162486972,26029410.0,269.838440656662,0.4278816868002513,24.607944577643575,593.1965482744861,27.631021115197942,0.27993444476434726,10.406632071385337,0.48722159746767896,1.7639069713912532,30,0,False,42
permABC-SMC,1593480.733944954,16.507645834476573,26053410.0,269.900009393692,0.4278816868002513,24.607944577643575,593.1965482744863,27.631021115197942,0.27993444476434726,10.406632071385337,0.48722159746767896,1.7639069713912534,30,0,False,42
permABC-SMC,1592027.4725274723,16.4815518154475,26077410.0,269.96781873703003,0.4278816868002513,24.607944577643575,593.1965482744864,27.631021115197942,0.27993444476434726,10.406632071385337,0.48722159746767896,1.7639069713912534,30,0,False,42
permABC-SMC,1590579.5246800731,16.455118820334555,26101410.0,270.02849984169006,0.4278816868002513,24.607944577643575,593.1965482744861,27.631021115197942,0.27993444476434726,10.406632071385337,0.48722159746767896,1.7639069713912532,30,0,False,42
permABC-SMC,1589136.8613138685,16.42922057142513,26125410.0,270.0963861942291,0.4278816868002513,24.607944577643575,593.1965482744863,27.631021115197942,0.27993444476434726,10.406632071385337,0.48722159746767896,1.7639069713912534,30,0,False,42
permABC-SMC,1590596.715328467,16.432947268451215,26149410.0,270.157653093338,0.4278816868002513,24.607944577643575,593.1965482744864,27.631021115197942,0.27993444476434726,10.406632071385337,0.48722159746767896,1.7639069713912534,30,0,False,42
permABC-SMC,1589156.64845173,16.4070680927492,26173410.0,270.22441148757935,0.4278816868002513,24.607944577643575,593.1965482744861,27.631021115197942,0.27993444476434726,10.406632071385337,0.48722159746767896,1.7639069713912532,30,0,False,42
permABC-SMC,1590613.843351548,16.41073994153039,26197410.0,270.2848868370056,0.4278816868002513,24.607944577643575,593.1965482744863,27.631021115197942,0.27993444476434726,10.406632071385337,0.48722159746767896,1.7639069713912534,30,0,False,42
permABC-SMC,1592071.0382513658,16.414862310227726,26221410.0,270.3527822494507,0.4278816868002513,24.607944577643575,593.1965482744864,27.631021115197942,0.27993444476434726,10.406632071385337,0.48722159746767896,1.7639069713912534,30,0,False,42
permABC-SMC,1593528.2331511837,16.41858247966569,26245410.0,270.414053440094,0.4278816868002513,24.607944577643575,593.1965482744861,27.631021115197942,0.27993444476434726,10.406632071385337,0.48722159746767896,1.7639069713912532,30,0,False,42
permABC-SMC,1594985.4280510014,16.422693788751946,26269410.0,270.48176670074463,0.4278816868002513,24.607944577643575,593.1965482744863,27.631021115197942,0.27993444476434726,10.406632071385337,0.48722159746767896,1.7639069713912534,30,0,False,42
permABC-SMC,1590647.9128856624,16.36678601349763,26293410.0,270.54297280311584,0.4278816868002513,24.607944577643575,593.1965482744864,27.631021115197942,0.27993444476434726,10.406632071385337,0.48722159746767896,1.7639069713912534,30,0,False,42
permABC-SMC,1589215.5797101445,16.3412368527933,26317410.0,270.6108822822571,0.4278816868002513,24.607944577643575,593.1965482744861,27.631021115197942,0.27993444476434726,10.406632071385337,0.48722159746767896,1.7639069713912532,30,0,False,42
permABC-SMC,1590664.8550724636,16.3449488112316,26341410.0,270.67235231399536,0.4278816868002513,24.607944577643575,593.1965482744863,27.631021115197942,0.27993444476434726,10.406632071385337,0.48722159746767896,1.7639069713912534,30,0,False,42
permABC-SMC,1592114.1304347822,16.34904579551899,26365410.0,270.74019837379456,0.4278816868002513,24.607944577643575,593.1965482744864,27.631021115197942,0.27993444476434726,10.406632071385337,0.48722159746767896,1.7639069713912534,30,0,False,42
permABC-SMC,1590681.7359855333,16.32319094546952,26389410.0,270.80173778533936,0.4278816868002513,24.607944577643575,593.1965482744861,27.631021115197942,0.27993444476434726,10.406632071385337,0.48722159746767896,1.7639069713912532,30,0,False,42
permABC-SMC,1592128.390596745,16.32728823845181,26413410.0,270.8697118759155,0.4278816868002513,24.607944577643575,593.1965482744863,27.631021115197942,0.27993444476434726,10.406632071385337,0.48722159746767896,1.7639069713912534,30,0,False,42
permABC-SMC,1593575.0452079568,16.331004104821204,26437410.0,270.93135809898376,0.4278816868002513,24.607944577643575,593.1965482744864,27.631021115197942,0.27993444476434726,10.406632071385337,0.48722159746767896,1.7639069713912534,30,0,False,42
permABC-SMC,1592142.5992779785,16.305610763467175,26461410.0,270.99925088882446,0.4278816868002513,24.607944577643575,593.1965482744861,27.631021115197942,0.27993444476434726,10.406632071385337,0.48722159746767896,1.7639069713912532,30,0,False,42
permABC-SMC,1593586.642599278,16.309315461113997,26485410.0,271.0608229637146,0.4278816868002513,24.607944577643575,593.1965482744863,27.631021115197942,0.27993444476434726,10.406632071385337,0.48722159746767896,1.7639069713912534,30,0,False,42
permABC-SMC,1595030.6859205775,16.313437405619524,26509410.0,271.1293296813965,0.4278816868002513,24.607944577643575,593.1965482744864,27.631021115197942,0.27993444476434726,10.406632071385337,0.48722159746767896,1.7639069713912534,30,0,False,42
permABC-SMC,1596474.729241877,16.317136551642392,26533410.0,271.1908094882965,0.4278816868002513,24.607944577643575,593.1965482744861,27.631021115197942,0.27993444476434726,10.406632071385337,0.48722159746767896,1.7639069713912532,30,0,False,42
permABC-SMC,1592170.8633093527,16.262501249496314,26557410.0,271.2585208415985,0.4278816868002513,24.607944577643575,593.1965482744863,27.631021115197942,0.27993444476434726,10.406632071385337,0.48722159746767896,1.7639069713912534,30,0,False,42
permABC-SMC,1593609.7122302158,16.266162518402943,26581410.0,271.31959080696106,0.4278816868002513,24.607944577643575,593.1965482744864,27.631021115197942,0.27993444476434726,10.406632071385337,0.48722159746767896,1.7639069713912534,30,0,False,42
permABC-SMC,1592184.9192100537,16.24105233478375,26605410.0,271.38798451423645,0.4278816868002513,24.607944577643575,593.1965482744861,27.631021115197942,0.27993444476434726,10.406632071385337,0.48722159746767896,1.7639069713912532,30,0,False,42
permABC-SMC,1593621.18491921,16.244732256352293,26629410.0,271.44947600364685,0.4278816868002513,24.607944577643575,593.1965482744863,27.631021115197942,0.27993444476434726,10.406632071385337,0.48722159746767896,1.7639069713912534,30,0,False,42
permABC-SMC,1595057.4506283663,16.248799397658615,26653410.0,271.5174379348755,0.4278816868002513,24.607944577643575,593.1965482744864,27.631021115197942,0.27993444476434726,10.406632071385337,0.48722159746767896,1.7639069713912534,30,0,False,42
permABC-SMC,1590781.75313059,16.194323037590518,26677410.0,271.57879734039307,0.4278816868002513,24.607944577643575,593.1965482744861,27.631021115197942,0.27993444476434726,10.406632071385337,0.48722159746767896,1.7639069713912532,30,0,False,42
permABC-SMC,1592212.8801431125,16.19838607687998,26701410.0,271.64693450927734,0.4278816868002513,24.607944577643575,593.1965482744863,27.631021115197942,0.27993444476434726,10.406632071385337,0.48722159746767896,1.7639069713912534,30,0,False,42
permABC-SMC,1593644.0071556347,16.20204226915226,26725410.0,271.7082488536835,0.4278816868002513,24.607944577643575,593.1965482744864,27.631021115197942,0.27993444476434726,10.406632071385337,0.48722159746767896,1.7639069713912534,30,0,False,42
permABC-SMC,1595075.1341681571,16.206122766880313,26749410.0,271.7766788005829,0.4278816868002513,24.607944577643575,593.1965482744861,27.631021115197942,0.27993444476434726,10.406632071385337,0.48722159746767896,1.7639069713912532,30,0,False,42
permABC-SMC,1596506.2611806795,16.209795123846952,26773410.0,271.83826422691345,0.4278816868002513,24.607944577643575,593.1965482744863,27.631021115197942,0.27993444476434726,10.406632071385337,0.48722159746767896,1.7639069713912534,30,0,False,42
permABC-SMC,1595083.9285714284,16.184835263660975,26797410.0,271.9052324295044,0.4278816868002513,24.607944577643575,593.1965482744864,27.631021115197942,0.27993444476434726,10.406632071385337,0.48722159746767896,1.7639069713912534,30,0,False,42
permABC-SMC,1596512.5,16.188503816014247,26821410.0,271.9668641090393,0.4278816868002513,24.607944577643575,593.1965482744861,27.631021115197942,0.27993444476434726,10.406632071385337,0.48722159746767896,1.7639069713912532,30,0,False,42
permABC-SMC,1595092.691622103,16.16368841997442,26845410.0,272.03487610816956,0.4278816868002513,24.607944577643575,593.1965482744863,27.631021115197942,0.27993444476434726,10.406632071385337,0.48722159746767896,1.7639069713912534,30,0,False,42
permABC-SMC,1593677.9359430603,16.138563221176888,26869410.0,272.09617590904236,0.4278816868002513,24.607944577643575,593.1965482744864,27.631021115197942,0.27993444476434726,10.406632071385337,0.48722159746767896,1.7639069713912534,30,0,False,42
permABC-SMC,1595101.4234875443,16.14256651800298,26893410.0,272.1636714935303,0.4278816868002513,24.607944577643575,593.1965482744861,27.631021115197942,0.27993444476434726,10.406632071385337,0.48722159746767896,1.7639069713912532,30,0,False,42
permABC-SMC,1596524.911032028,16.146196730761904,26917410.0,272.22487688064575,0.4278816868002513,24.607944577643575,593.1965482744863,27.631021115197942,0.27993444476434726,10.406632071385337,0.48722159746767896,1.7639069713912534,30,0,False,42
permABC-SMC,1597948.398576512,16.150185504700644,26941410.0,272.29212760925293,0.4278816868002513,24.607944577643575,593.1965482744864,27.631021115197942,0.27993444476434726,10.406632071385337,0.48722159746767896,1.7639069713912534,30,0,False,42
permABC-SMC,1599371.8861209962,16.153803273310718,26965410.0,272.3531231880188,0.4278816868002513,24.607944577643575,593.1965482744861,27.631021115197942,0.27993444476434726,10.406632071385337,0.48722159746767896,1.7639069713912532,30,0,False,42
permABC-SMC,1600795.3736654802,16.157829860492672,26989410.0,272.4210114479065,0.4278816868002513,24.607944577643575,593.1965482744863,27.631021115197942,0.27993444476434726,10.406632071385337,0.48722159746767896,1.7639069713912534,30,0,False,42
permABC-SMC,1596537.2340425535,16.104169503453214,27013410.0,272.48254799842834,0.4278816868002513,24.607944577643575,593.1965482744864,27.631021115197942,0.27993444476434726,10.406632071385337,0.48722159746767896,1.7639069713912534,30,0,False,42
permABC-SMC,1597955.6737588656,16.108153982365387,27037410.0,272.5499653816223,0.4278816868002513,24.607944577643575,593.1965482744861,27.631021115197942,0.27993444476434726,10.406632071385337,0.48722159746767896,1.7639069713912532,30,0,False,42
permABC-SMC,1599374.1134751777,16.111773337032783,27061410.0,272.6112048625946,0.4278816868002513,24.607944577643575,593.1965482744863,27.631021115197942,0.27993444476434726,10.406632071385337,0.48722159746767896,1.7639069713912534,30,0,False,42
permABC-SMC,1597959.2920353983,16.087275057767343,27085410.0,272.6793122291565,0.4278816868002513,24.607944577643575,593.1965482744864,27.631021115197942,0.27993444476434726,10.406632071385337,0.48722159746767896,1.7639069713912534,30,0,False,42
permABC-SMC,1599375.2212389382,16.09088726099965,27109410.0,272.7405390739441,0.4278816868002513,24.607944577643575,593.1965482744861,27.631021115197942,0.27993444476434726,10.406632071385337,0.48722159746767896,1.7639069713912532,30,0,False,42
permABC-SMC,1600791.1504424778,16.094914959595265,27133410.0,272.80880856513977,0.4278816868002513,24.607944577643575,593.1965482744863,27.631021115197942,0.27993444476434726,10.406632071385337,0.48722159746767896,1.7639069713912534,30,0,False,42
permABC-SMC,1602207.0796460176,16.09854274794767,27157410.0,272.870299577713,0.4278816868002513,24.607944577643575,593.1965482744864,27.631021115197942,0.27993444476434726,10.406632071385337,0.48722159746767896,1.7639069713912534,30,0,False,42
permABC-SMC,1603623.0088495575,16.102562541455296,27181410.0,272.93843507766724,0.4278816868002513,24.607944577643575,593.1965482744861,27.631021115197942,0.27993444476434726,10.406632071385337,0.48722159746767896,1.7639069713912532,30,0,False,42
permABC-SMC,1602203.1802120146,16.077722101806895,27205410.0,272.99972128868103,0.4278816868002513,24.607944577643575,593.1965482744863,27.631021115197942,0.27993444476434726,10.406632071385337,0.48722159746767896,1.7639069713912534,30,0,False,42
permABC-SMC,1603616.6077738518,16.08172360241624,27229410.0,273.0676667690277,0.4278816868002513,24.607944577643575,593.1965482744864,27.631021115197942,0.27993444476434726,10.406632071385337,0.48722159746767896,1.7639069713912534,30,0,False,42
permABC-SMC,1602199.2945326283,16.056970944480295,27253410.0,273.12907576560974,0.4278816868002513,24.607944577643575,593.1965482744861,27.631021115197942,0.27993444476434726,10.406632071385337,0.48722159746767896,1.7639069713912532,30,0,False,42
permABC-SMC,1603610.2292768962,16.060975563659312,27277410.0,273.19719433784485,0.4278816868002513,24.607944577643575,593.1965482744863,27.631021115197942,0.27993444476434726,10.406632071385337,0.48722159746767896,1.7639069713912534,30,0,False,42
permABC-SMC,1602195.4225352113,16.036297555820482,27301410.0,273.25851035118103,0.4278816868002513,24.607944577643575,593.1965482744864,27.631021115197942,0.27993444476434726,10.406632071385337,0.48722159746767896,1.7639069713912534,30,0,False,42
permABC-SMC,1597977.1929824564,15.98400912089655,27325410.0,273.32655596733093,0.4278816868002513,24.607944577643575,593.1965482744861,27.631021115197942,0.27993444476434726,10.406632071385337,0.48722159746767896,1.7639069713912532,30,0,False,42
permABC-SMC,1599380.7017543863,15.987595772882655,27349410.0,273.38788771629333,0.4278816868002513,24.607944577643575,593.1965482744863,27.631021115197942,0.27993444476434726,10.406632071385337,0.48722159746767896,1.7639069713912534,30,0,False,42
permABC-SMC,1600784.2105263162,15.991520337891165,27373410.0,273.45499777793884,0.4278816868002513,24.607944577643575,593.1965482744864,27.631021115197942,0.27993444476434726,10.406632071385337,0.48722159746767896,1.7639069713912534,30,0,False,42
permABC-SMC,1602187.719298246,15.995112009215775,27397410.0,273.5164153575897,0.4278816868002513,24.607944577643575,593.1965482744861,27.631021115197942,0.27993444476434726,10.406632071385337,0.48722159746767896,1.7639069713912532,30,0,False,42
permABC-SMC,1603591.2280701757,15.999081678557816,27421410.0,273.5842967033386,0.4278816868002513,24.607944577643575,593.1965482744863,27.631021115197942,0.27993444476434726,10.406632071385337,0.48722159746767896,1.7639069713912534,30,0,False,42
permABC-SMC,1604994.7368421056,16.002736412293736,27445410.0,273.6467926502228,0.4278816868002513,24.607944577643575,593.1965482744864,27.631021115197942,0.27993444476434726,10.406632071385337,0.48722159746767896,1.7639069713912534,30,0,False,42
permABC-SMC,1606398.2456140355,16.00670917689452,27469410.0,273.71472692489624,0.4278816868002513,24.607944577643575,593.1965482744861,27.631021115197942,0.27993444476434726,10.406632071385337,0.48722159746767896,1.7639069713912532,30,0,False,42
permABC-SMC,1607801.7543859654,16.010331898404843,27493410.0,273.7766754627228,0.4278816868002513,24.607944577643575,593.1965482744863,27.631021115197942,0.27993444476434726,10.406632071385337,0.48722159746767896,1.7639069713912534,30,0,False,42
permABC-SMC,1609205.263157895,16.014327445225415,27517410.0,273.8449993133545,0.4278816868002513,24.607944577643575,593.1965482744864,27.631021115197942,0.27993444476434726,10.406632071385337,0.48722159746767896,1.7639069713912534,30,0,False,42
permABC-SMC,1610608.7719298247,16.017934439475077,27541410.0,273.9066789150238,0.4278816868002513,24.607944577643575,593.1965482744861,27.631021115197942,0.27993444476434726,10.406632071385337,0.48722159746767896,1.7639069713912532,30,0,False,42
permABC-SMC,1606375.8741258741,15.965885993761894,27565410.0,273.9746036529541,0.4278816868002513,24.607944577643575,593.1965482744863,27.631021115197942,0.27993444476434726,10.406632071385337,0.48722159746767896,1.7639069713912534,30,0,False,42
permABC-SMC,1607774.4755244756,15.969461522180161,27589410.0,274.0359597206116,0.4278816868002513,24.607944577643575,593.1965482744864,27.631021115197942,0.27993444476434726,10.406632071385337,0.48722159746767896,1.7639069713912534,30,0,False,42
permABC-SMC,1609173.076923077,15.973430691343365,27613410.0,274.10407066345215,0.4278816868002513,24.607944577643575,593.1965482744861,27.631021115197942,0.27993444476434726,10.406632071385337,0.48722159746767896,1.7639069713912532,30,0,False,42
permABC-SMC,1610571.6783216782,15.977007748085859,27637410.0,274.1654529571533,0.4278816868002513,24.607944577643575,593.1965482744863,27.631021115197942,0.27993444476434726,10.406632071385337,0.48722159746767896,1.7639069713912534,30,0,False,42
permABC-SMC,1611970.2797202796,15.980996966084124,27661410.0,274.23390793800354,0.4278816868002513,24.607944577643575,593.1965482744864,27.631021115197942,0.27993444476434726,10.406632071385337,0.48722159746767896,1.7639069713912534,30,0,False,42
permABC-SMC,1610553.2286212917,15.956623808043586,27685410.0,274.29436326026917,0.4278816868002513,24.607944577643575,593.1965482744861,27.631021115197942,0.27993444476434726,10.406632071385337,0.48722159746767896,1.7639069713912532,30,0,False,42
permABC-SMC,1611949.3891797562,15.960416424891644,27709410.0,274.35955834388733,0.4278816868002513,24.607944577643575,593.1965482744863,27.631021115197942,0.27993444476434726,10.406632071385337,0.48722159746767896,1.7639069713912534,30,0,False,42
permABC-SMC,1613345.5497382202,15.964094312333868,27733410.0,274.42278122901917,0.4278816868002513,24.607944577643575,593.1965482744864,27.631021115197942,0.27993444476434726,10.406632071385337,0.48722159746767896,1.7639069713912534,30,0,False,42
permABC-SMC,1611928.5714285714,15.940238692896152,27757410.0,274.49091029167175,0.4278816868002513,24.607944577643575,593.1965482744861,27.631021115197942,0.27993444476434726,10.406632071385337,0.48722159746767896,1.7639069713912532,30,0,False,42
permABC-SMC,1610516.5217391304,15.91607121453769,27781410.0,274.55222845077515,0.4278816868002513,24.607944577643575,593.1965482744863,27.631021115197942,0.27993444476434726,10.406632071385337,0.48722159746767896,1.7639069713912534,30,0,False,42
permABC-SMC,1611907.8260869565,15.920018431069195,27805410.0,274.6203179359436,0.4278816868002513,24.607944577643575,593.1965482744864,27.631021115197942,0.27993444476434726,10.406632071385337,0.48722159746767896,1.7639069713912534,30,0,False,42
permABC-SMC,1613299.1304347827,15.92356988658076,27829410.0,274.68158054351807,0.4278816868002513,24.607944577643575,593.1965482744861,27.631021115197942,0.27993444476434726,10.406632071385337,0.48722159746767896,1.7639069713912532,30,0,False,42
permABC-SMC,1609093.5875216636,15.872304526317473,27853410.0,274.7495913505554,0.4278816868002513,24.607944577643575,593.1965482744863,27.631021115197942,0.27993444476434726,10.406632071385337,0.48722159746767896,1.7639069713912534,30,0,False,42
permABC-SMC,1610480.0693240901,15.87581374203105,27877410.0,274.8103358745575,0.4278816868002513,24.607944577643575,593.1965482744864,27.631021115197942,0.27993444476434726,10.406632071385337,0.48722159746767896,1.7639069713912534,30,0,False,42
permABC-SMC,1609077.8546712801,15.852261318329983,27901410.0,274.8782112598419,0.4278816868002513,24.607944577643575,593.1965482744861,27.631021115197942,0.27993444476434726,10.406632071385337,0.48722159746767896,1.7639069713912532,30,0,False,42
permABC-SMC,1607680.483592401,15.828437247904954,27925410.0,274.939954996109,0.4278816868002513,24.607944577643575,593.1965482744863,27.631021115197942,0.27993444476434726,10.406632071385337,0.48722159746767896,1.7639069713912534,30,0,False,42
permABC-SMC,1609062.1761658036,15.832357428577627,27949410.0,275.0080485343933,0.4278816868002513,24.607944577643575,593.1965482744864,27.631021115197942,0.27993444476434726,10.406632071385337,0.48722159746767896,1.7639069713912534,30,0,False,42
permABC-SMC,1610443.8687392056,15.835896565026093,27973410.0,275.0695233345032,0.4278816868002513,24.607944577643575,593.1965482744861,27.631021115197942,0.27993444476434726,10.406632071385337,0.48722159746767896,1.7639069713912532,30,0,False,42
permABC-SMC,1609046.551724138,15.81245589530331,27997410.0,275.1367325782776,0.4278816868002513,24.607944577643575,593.1965482744863,27.631021115197942,0.27993444476434726,10.406632071385337,0.48722159746767896,1.7639069713912534,30,0,False,42
permABC-SMC,1607654.0447504304,15.788768148942031,28021410.0,275.19822883605957,0.4278816868002513,24.607944577643575,593.1965482744864,27.631021115197942,0.27993444476434726,10.406632071385337,0.48722159746767896,1.7639069713912534,30,0,False,42
permABC-SMC,1606266.3230240552,15.765528061682147,28045410.0,275.2661199569702,0.4278816868002513,24.607944577643575,593.1965482744861,27.631021115197942,0.27993444476434726,10.406632071385337,0.48722159746767896,1.7639069713912532,30,0,False,42
permABC-SMC,1607640.8934707907,15.7690648633863,28069410.0,275.32787251472473,0.4278816868002513,24.607944577643575,593.1965482744863,27.631021115197942,0.27993444476434726,10.406632071385337,0.48722159746767896,1.7639069713912534,30,0,False,42
permABC-SMC,1606255.5746140652,15.745912189821707,28093410.0,275.3960041999817,0.4278816868002513,24.607944577643575,593.1965482744864,27.631021115197942,0.27993444476434726,10.406632071385337,0.48722159746767896,1.7639069713912534,30,0,False,42
permABC-SMC,1604875.0,15.722455894021683,28117410.0,275.4574272632599,0.4278816868002513,24.607944577643575,593.1965482744861,27.631021115197942,0.27993444476434726,10.406632071385337,0.48722159746767896,1.7639069713912532,30,0,False,42
permABC-SMC,1600762.7986348122,15.672642907998666,28141410.0,275.5250623226166,0.4278816868002513,24.607944577643575,593.1965482744863,27.631021115197942,0.27993444476434726,10.406632071385337,0.48722159746767896,1.7639069713912534,30,0,False,42
permABC-SMC,1599398.6371379897,15.64942630159117,28165410.0,275.5863971710205,0.4278816868002513,24.607944577643575,593.1965482744864,27.631021115197942,0.27993444476434726,10.406632071385337,0.48722159746767896,1.7639069713912534,30,0,False,42
permABC-SMC,1598039.1156462585,15.6266843786045,28189410.0,275.6547124385834,0.4278816868002513,24.607944577643575,593.1965482744861,27.631021115197942,0.27993444476434726,10.406632071385337,0.48722159746767896,1.7639069713912532,30,0,False,42
permABC-SMC,1599399.6598639456,15.630164141017023,28213410.0,275.7160954475403,0.4278816868002513,24.607944577643575,593.1965482744863,27.631021115197942,0.27993444476434726,10.406632071385337,0.48722159746767896,1.7639069713912534,30,0,False,42
permABC-SMC,1598042.4448217321,15.607477435299284,28237410.0,275.7841262817383,0.4278816868002513,24.607944577643575,593.1965482744864,27.631021115197942,0.27993444476434726,10.406632071385337,0.48722159746767896,1.7639069713912534,30,0,False,42
permABC-SMC,1599400.679117148,15.610954379657604,28261410.0,275.8455638885498,0.4278816868002513,24.607944577643575,593.1965482744861,27.631021115197942,0.27993444476434726,10.406632071385337,0.48722159746767896,1.7639069713912532,30,0,False,42
permABC-SMC,1598045.7627118644,15.588336044785667,28285410.0,275.9135479927063,0.4278816868002513,24.607944577643575,593.1965482744863,27.631021115197942,0.27993444476434726,10.406632071385337,0.48722159746767896,1.7639069713912534,30,0,False,42
permABC-SMC,1599401.6949152541,15.591982636748062,28309410.0,275.9780926704407,0.4278816868002513,24.607944577643575,593.1965482744864,27.631021115197942,0.27993444476434726,10.406632071385337,0.48722159746767896,1.7639069713912534,30,0,False,42
permABC-SMC,1600757.627118644,15.595869681255964,28333410.0,276.0468933582306,0.4278816868002513,24.607944577643575,593.1965482744861,27.631021115197942,0.27993444476434726,10.406632071385337,0.48722159746767896,1.7639069713912532,30,0,False,42
permABC-SMC,1602113.559322034,15.599321659001927,28357410.0,276.1079933643341,0.4278816868002513,24.607944577643575,593.1965482744863,27.631021115197942,0.27993444476434726,10.406632071385337,0.48722159746767896,1.7639069713912534,30,0,False,42
permABC-SMC,1603469.4915254237,15.603151536930753,28381410.0,276.1757822036743,0.4278816868002513,24.607944577643575,593.1965482744864,27.631021115197942,0.27993444476434726,10.406632071385337,0.48722159746767896,1.7639069713912534,30,0,False,42
permABC-SMC,1604825.4237288137,15.606628097383316,28405410.0,276.2373173236847,0.4278816868002513,24.607944577643575,593.1965482744861,27.631021115197942,0.27993444476434726,10.406632071385337,0.48722159746767896,1.7639069713912532,30,0,False,42
permABC-SMC,1606181.3559322034,15.610468751293118,28429410.0,276.3052968978882,0.4278816868002513,24.607944577643575,593.1965482744863,27.631021115197942,0.27993444476434726,10.406632071385337,0.48722159746767896,1.7639069713912534,30,0,False,42
permABC-SMC,1607537.288135593,15.613944948056323,28453410.0,276.3668255805969,0.4278816868002513,24.607944577643575,593.1965482744864,27.631021115197942,0.27993444476434726,10.406632071385337,0.48722159746767896,1.7639069713912534,30,0,False,42
permABC-SMC,1608893.2203389832,15.617618493441135,28477410.0,276.4318473339081,0.4278816868002513,24.607944577643575,593.1965482744861,27.631021115197942,0.27993444476434726,10.406632071385337,0.48722159746767896,1.7639069713912532,30,0,False,42
permABC-SMC,1607524.5346869712,15.59474526054094,28501410.0,276.49483346939087,0.4278816868002513,24.607944577643575,593.1965482744863,27.631021115197942,0.27993444476434726,10.406632071385337,0.48722159746767896,1.7639069713912534,30,0,False,42
permABC-SMC,1606160.4729729732,15.572224463428467,28525410.0,276.5627064704895,0.4278816868002513,24.607944577643575,593.1965482744864,27.631021115197942,0.27993444476434726,10.406632071385337,0.48722159746767896,1.7639069713912534,30,0,False,42
permABC-SMC,1604801.0118043844,15.549435703991637,28549410.0,276.62446117401123,0.4278816868002513,24.607944577643575,593.1965482744861,27.631021115197942,0.27993444476434726,10.406632071385337,0.48722159746767896,1.7639069713912532,30,0,False,42
permABC-SMC,1606150.084317032,15.553255587765982,28573410.0,276.6924169063568,0.4278816868002513,24.607944577643575,593.1965482744863,27.631021115197942,0.27993444476434726,10.406632071385337,0.48722159746767896,1.7639069713912534,30,0,False,42
permABC-SMC,1607499.1568296796,15.556739326807271,28597410.0,276.75439262390137,0.4278816868002513,24.607944577643575,593.1965482744864,27.631021115197942,0.27993444476434726,10.406632071385337,0.48722159746767896,1.7639069713912534,30,0,False,42
permABC-SMC,1608848.2293423272,15.56056351256947,28621410.0,276.82242488861084,0.4278816868002513,24.607944577643575,593.1965482744861,27.631021115197942,0.27993444476434726,10.406632071385337,0.48722159746767896,1.7639069713912532,30,0,False,42
permABC-SMC,1604784.8739495801,15.511706923904208,28645410.0,276.88396859169006,0.4278816868002513,24.607944577643575,593.1965482744863,27.631021115197942,0.27993444476434726,10.406632071385337,0.48722159746767896,1.7639069713912534,30,0,False,42
permABC-SMC,1606129.4117647063,15.515511349803596,28669410.0,276.95187759399414,0.4278816868002513,24.607944577643575,593.1965482744864,27.631021115197942,0.27993444476434726,10.406632071385337,0.48722159746767896,1.7639069713912534,30,0,False,42
permABC-SMC,1607473.9495798321,15.5189287762682,28693410.0,277.01287865638733,0.4278816868002513,24.607944577643575,593.1965482744861,27.631021115197942,0.27993444476434726,10.406632071385337,0.48722159746767896,1.7639069713912532,30,0,False,42
permABC-SMC,1603428.8107202682,15.470724755462358,28717410.0,277.0806803703308,0.4278816868002513,24.607944577643575,593.1965482744863,27.631021115197942,0.27993444476434726,10.406632071385337,0.48722159746767896,1.7639069713912534,30,0,False,42
permABC-SMC,1604768.8442211056,15.474139971815628,28741410.0,277.1418468952179,0.4278816868002513,24.607944577643575,593.1965482744864,27.631021115197942,0.27993444476434726,10.406632071385337,0.48722159746767896,1.7639069713912534,30,0,False,42
permABC-SMC,1606108.8777219432,15.477931985370544,28765410.0,277.20976185798645,0.4278816868002513,24.607944577643575,593.1965482744861,27.631021115197942,0.27993444476434726,10.406632071385337,0.48722159746767896,1.7639069713912532,30,0,False,42
permABC-SMC,1607448.9112227806,15.48137185561597,28789410.0,277.27136993408203,0.4278816868002513,24.607944577643575,593.1965482744863,27.631021115197942,0.27993444476434726,10.406632071385337,0.48722159746767896,1.7639069713912534,30,0,False,42
permABC-SMC,1606098.662207358,15.459270687273383,28813410.0,277.33931612968445,0.4278816868002513,24.607944577643575,593.1965482744864,27.631021115197942,0.27993444476434726,10.406632071385337,0.48722159746767896,1.7639069713912534,30,0,False,42
permABC-SMC,1604752.921535893,15.436893260406002,28837410.0,277.40097188949585,0.4278816868002513,24.607944577643575,593.1965482744861,27.631021115197942,0.27993444476434726,10.406632071385337,0.48722159746767896,1.7639069713912532,30,0,False,42
permABC-SMC,1606088.4808013358,15.440686251895588,28861410.0,277.4691319465637,0.4278816868002513,24.607944577643575,593.1965482744863,27.631021115197942,0.27993444476434726,10.406632071385337,0.48722159746767896,1.7639069713912534,30,0,False,42
permABC-SMC,1604745.0,15.418372088008455,28885410.0,277.5306975841522,0.4278816868002513,24.607944577643575,593.1965482744864,27.631021115197942,0.27993444476434726,10.406632071385337,0.48722159746767896,1.7639069713912534,30,0,False,42
permABC-SMC,1603405.990016639,15.396500771004693,28909410.0,277.5989089012146,0.4278816868002513,24.607944577643575,593.1965482744861,27.631021115197942,0.27993444476434726,10.406632071385337,0.48722159746767896,1.7639069713912532,30,0,False,42
permABC-SMC,1602071.4285714286,15.374336488223156,28933410.0,277.6605169773102,0.4278816868002513,24.607944577643575,593.1965482744863,27.631021115197942,0.27993444476434726,10.406632071385337,0.48722159746767896,1.7639069713912534,30,0,False,42
permABC-SMC,1600741.2935323382,15.352602345038013,28957410.0,277.72857642173767,0.4278816868002513,24.607944577643575,593.1965482744864,27.631021115197942,0.27993444476434726,10.406632071385337,0.48722159746767896,1.7639069713912534,30,0,False,42
permABC-SMC,1602067.9933665008,15.35600406020435,28981410.0,277.7901134490967,0.4278816868002513,24.607944577643575,593.1965482744861,27.631021115197942,0.27993444476434726,10.406632071385337,0.48722159746767896,1.7639069713912532,30,0,False,42
permABC-SMC,1600740.0662251655,15.33432813406517,29005410.0,277.85802578926086,0.4278816868002513,24.607944577643575,593.1965482744863,27.631021115197942,0.27993444476434726,10.406632071385337,0.48722159746767896,1.7639069713912534,30,0,False,42
permABC-SMC,1599416.5289256198,15.312376521507243,29029410.0,277.91963386535645,0.4278816868002513,24.607944577643575,593.1965482744864,27.631021115197942,0.27993444476434726,10.406632071385337,0.48722159746767896,1.7639069713912534,30,0,False,42
permABC-SMC,1600738.8429752067,15.316108882263016,29053410.0,277.98737621307373,0.4278816868002513,24.607944577643575,593.1965482744861,27.631021115197942,0.27993444476434726,10.406632071385337,0.48722159746767896,1.7639069713912532,30,0,False,42
permABC-SMC,1602061.1570247933,15.319497289736407,29077410.0,278.0488758087158,0.4278816868002513,24.607944577643575,593.1965482744863,27.631021115197942,0.27993444476434726,10.406632071385337,0.48722159746767896,1.7639069713912534,30,0,False,42
permABC-SMC,1600737.6237623761,15.297908620341252,29101410.0,278.11597871780396,0.4278816868002513,24.607944577643575,593.1965482744864,27.631021115197942,0.27993444476434726,10.406632071385337,0.48722159746767896,1.7639069713912534,30,0,False,42
permABC-SMC,1602057.7557755776,15.301291528183503,29125410.0,278.1774799823761,0.4278816868002513,24.607944577643575,593.1965482744861,27.631021115197942,0.27993444476434726,10.406632071385337,0.48722159746767896,1.7639069713912532,30,0,False,42
permABC-SMC,1603377.8877887789,15.305025257555434,29149410.0,278.2453591823578,0.4278816868002513,24.607944577643575,593.1965482744863,27.631021115197942,0.27993444476434726,10.406632071385337,0.48722159746767896,1.7639069713912534,30,0,False,42
permABC-SMC,1602054.3657331136,15.28326852317697,29173410.0,278.3083198070526,0.4278816868002513,24.607944577643575,593.1965482744864,27.631021115197942,0.27993444476434726,10.406632071385337,0.48722159746767896,1.7639069713912534,30,0,False,42
permABC-SMC,1600735.1973684211,15.261812390465487,29197410.0,278.37545800209045,0.4278816868002513,24.607944577643575,593.1965482744861,27.631021115197942,0.27993444476434726,10.406632071385337,0.48722159746767896,1.7639069713912532,30,0,False,42
permABC-SMC,1599420.3612479474,15.240112692525495,29221410.0,278.4368588924408,0.4278816868002513,24.607944577643575,593.1965482744863,27.631021115197942,0.27993444476434726,10.406632071385337,0.48722159746767896,1.7639069713912534,30,0,False,42
permABC-SMC,1600733.9901477832,15.24381016406063,29245410.0,278.5044116973877,0.4278816868002513,24.607944577643575,593.1965482744864,27.631021115197942,0.27993444476434726,10.406632071385337,0.48722159746767896,1.7639069713912534,30,0,False,42
permABC-SMC,1602047.619047619,15.247172127020574,29269410.0,278.5658347606659,0.4278816868002513,24.607944577643575,593.1965482744861,27.631021115197942,0.27993444476434726,10.406632071385337,0.48722159746767896,1.7639069713912532,30,0,False,42
permABC-SMC,1600732.786885246,15.225893200420943,29293410.0,278.63384556770325,0.4278816868002513,24.607944577643575,593.1965482744863,27.631021115197942,0.27993444476434726,10.406632071385337,0.48722159746767896,1.7639069713912534,30,0,False,42
permABC-SMC,1596808.8235294118,15.179478849460876,29317410.0,278.6952316761017,0.4278816868002513,24.607944577643575,593.1965482744864,27.631021115197942,0.27993444476434726,10.406632071385337,0.48722159746767896,1.7639069713912534,30,0,False,42
permABC-SMC,1598116.0130718953,15.183195478256492,29341410.0,278.7634689807892,0.4278816868002513,24.607944577643575,593.1965482744861,27.631021115197942,0.27993444476434726,10.406632071385337,0.48722159746767896,1.7639069713912532,30,0,False,42
permABC-SMC,1599423.202614379,15.186542051809806,29365410.0,278.824912071228,0.4278816868002513,24.607944577643575,593.1965482744863,27.631021115197942,0.27993444476434726,10.406632071385337,0.48722159746767896,1.7639069713912534,30,0,False,42
permABC-SMC,1598119.0864600325,15.165444675381252,29389410.0,278.89252758026123,0.4278816868002513,24.607944577643575,593.1965482744864,27.631021115197942,0.27993444476434726,10.406632071385337,0.48722159746767896,1.7639069713912534,30,0,False,42
permABC-SMC,1599424.1435562805,15.168749333205854,29413410.0,278.95330023765564,0.4278816868002513,24.607944577643575,593.1965482744861,27.631021115197942,0.27993444476434726,10.406632071385337,0.48722159746767896,1.7639069713912532,30,0,False,42
permABC-SMC,1600729.2006525286,15.172454648331627,29437410.0,279.0214409828186,0.4278816868002513,24.607944577643575,593.1965482744863,27.631021115197942,0.27993444476434726,10.406632071385337,0.48722159746767896,1.7639069713912534,30,0,False,42
permABC-SMC,1599425.0814332252,15.151072532165067,29461410.0,279.08275604248047,0.4278816868002513,24.607944577643575,593.1965482744864,27.631021115197942,0.27993444476434726,10.406632071385337,0.48722159746767896,1.7639069713912534,30,0,False,42
permABC-SMC,1600728.0130293164,15.154739906940607,29485410.0,279.15030908584595,0.4278816868002513,24.607944577643575,593.1965482744861,27.631021115197942,0.27993444476434726,10.406632071385337,0.48722159746767896,1.7639069713912532,30,0,False,42
permABC-SMC,1602030.9446254075,15.158078271843067,29509410.0,279.21180176734924,0.4278816868002513,24.607944577643575,593.1965482744863,27.631021115197942,0.27993444476434726,10.406632071385337,0.48722159746767896,1.7639069713912534,30,0,False,42
permABC-SMC,1603333.8762214987,15.161780917553898,29533410.0,279.2800045013428,0.4278816868002513,24.607944577643575,593.1965482744864,27.631021115197942,0.27993444476434726,10.406632071385337,0.48722159746767896,1.7639069713912534,30,0,False,42
permABC-SMC,1604636.80781759,15.165135189971762,29557410.0,279.3417901992798,0.4278816868002513,24.607944577643575,593.1965482744861,27.631021115197942,0.27993444476434726,10.406632071385337,0.48722159746767896,1.7639069713912532,30,0,False,42
permABC-SMC,1605939.739413681,15.168821669297941,29581410.0,279.409695148468,0.4278816868002513,24.607944577643575,593.1965482744863,27.631021115197942,0.27993444476434726,10.406632071385337,0.48722159746767896,1.7639069713912534,30,0,False,42
permABC-SMC,1607242.6710097722,15.1721416415402,29605410.0,279.4708490371704,0.4278816868002513,24.607944577643575,593.1965482744864,27.631021115197942,0.27993444476434726,10.406632071385337,0.48722159746767896,1.7639069713912534,30,0,False,42
permABC-SMC,1608545.6026058635,15.175844403742193,29629410.0,279.53905391693115,0.4278816868002513,24.607944577643575,593.1965482744861,27.631021115197942,0.27993444476434726,10.406632071385337,0.48722159746767896,1.7639069713912532,30,0,False,42
permABC-SMC,1609848.5342019547,15.179180283499853,29653410.0,279.60050082206726,0.4278816868002513,24.607944577643575,593.1965482744863,27.631021115197942,0.27993444476434726,10.406632071385337,0.48722159746767896,1.7639069713912534,30,0,False,42
permABC-SMC,1611151.4657980457,15.18288294215415,29677410.0,279.66870379447937,0.4278816868002513,24.607944577643575,593.1965482744864,27.631021115197942,0.27993444476434726,10.406632071385337,0.48722159746767896,1.7639069713912534,30,0,False,42
permABC-SMC,1612454.3973941372,15.186226277346206,29701410.0,279.73028802871704,0.4278816868002513,24.607944577643575,593.1965482744861,27.631021115197942,0.27993444476434726,10.406632071385337,0.48722159746767896,1.7639069713912532,30,0,False,42
permABC-SMC,1611133.3333333335,15.165230639904818,29725410.0,279.7985053062439,0.4278816868002513,24.607944577643575,593.1965482744863,27.631021115197942,0.27993444476434726,10.406632071385337,0.48722159746767896,1.7639069713912534,30,0,False,42
permABC-SMC,1612434.1463414636,15.168553277405943,29749410.0,279.85980796813965,0.4278816868002513,24.607944577643575,593.1965482744864,27.631021115197942,0.27993444476434726,10.406632071385337,0.48722159746767896,1.7639069713912534,30,0,False,42
permABC-SMC,1611115.2597402597,15.147596365445619,29773410.0,279.92758083343506,0.4278816868002513,24.607944577643575,593.1965482744861,27.631021115197942,0.27993444476434726,10.406632071385337,0.48722159746767896,1.7639069713912532,30,0,False,42
permABC-SMC,1612413.961038961,15.150929490725199,29797410.0,279.9891769886017,0.4278816868002513,24.607944577643575,593.1965482744863,27.631021115197942,0.27993444476434726,10.406632071385337,0.48722159746767896,1.7639069713912534,30,0,False,42
permABC-SMC,1613712.6623376624,15.154598750077286,29821410.0,280.0569849014282,0.4278816868002513,24.607944577643575,593.1965482744864,27.631021115197942,0.27993444476434726,10.406632071385337,0.48722159746767896,1.7639069713912534,30,0,False,42
permABC-SMC,1615011.3636363638,15.157929656309483,29845410.0,280.11854004859924,0.4278816868002513,24.607944577643575,593.1965482744861,27.631021115197942,0.27993444476434726,10.406632071385337,0.48722159746767896,1.7639069713912532,30,0,False,42
permABC-SMC,1616310.0649350649,15.16161122363367,29869410.0,280.18657541275024,0.4278816868002513,24.607944577643575,593.1965482744863,27.631021115197942,0.27993444476434726,10.406632071385337,0.48722159746767896,1.7639069713912534,30,0,False,42
permABC-SMC,1609768.9822294023,15.091441932004436,29893410.0,280.2480766773224,0.4278816868002513,24.607944577643575,593.1965482744864,27.631021115197942,0.27993444476434726,10.406632071385337,0.48722159746767896,1.7639069713912534,30,0,False,42
permABC-SMC,1611061.3893376414,15.09506704990878,29917410.0,280.31539511680603,0.4278816868002513,24.607944577643575,593.1965482744861,27.631021115197942,0.27993444476434726,10.406632071385337,0.48722159746767896,1.7639069713912532,30,0,False,42
permABC-SMC,1612353.7964458806,15.098372453248944,29941410.0,280.3767764568329,0.4278816868002513,24.607944577643575,593.1965482744863,27.631021115197942,0.27993444476434726,10.406632071385337,0.48722159746767896,1.7639069713912534,30,0,False,42
permABC-SMC,1611043.5483870967,15.077660211952782,29965410.0,280.4444799423218,0.4278816868002513,24.607944577643575,593.1965482744864,27.631021115197942,0.27993444476434726,10.406632071385337,0.48722159746767896,1.7639069713912534,30,0,False,42
permABC-SMC,1612333.8709677418,15.08097840893653,29989410.0,280.5061984062195,0.4278816868002513,24.607944577643575,593.1965482744861,27.631021115197942,0.27993444476434726,10.406632071385337,0.48722159746767896,1.7639069713912532,30,0,False,42
permABC-SMC,1613624.193548387,15.084964806033717,30013410.0,280.5803453922272,0.4278816868002513,24.607944577643575,593.1965482744863,27.631021115197942,0.27993444476434726,10.406632071385337,0.48722159746767896,1.7639069713912534,30,0,False,42
permABC-SMC,1735610.0519930676,16.213817502776024,30043410.0,280.661180973053,0.4278816868002513,24.604834569493764,593.2477044911174,27.63102111519802,0.2798986454180825,10.40557466256668,0.48812621526298383,1.763313018940004,30,0,False,42
