method,n_sim,time,n_sim_raw,time_raw,epsilon,kl_sigma2,score_joint,kl_sigma2_true_vs_abc,kl_mu_avg,w2_sigma2,w2_mu_avg,sw2_joint,K,K_outliers,include_osum,seed,M0
ABC-Vanilla,1000.0,0.0107664370536804,1000000.0,10.76643705368042,17.878961531170752,23.940231829986622,23162.247184197746,27.63102111457444,7.922408131109402,10.006319563458812,13.495686283797983,14.17917747049768,20,1,True,42,
ABC-Vanilla,2154.434690031884,0.0231955854764937,464158.8833612779,4.997337400615791,10.522271054753826,23.961893575123845,23429.48386466185,27.631021114657816,7.837127141110718,10.005707973836651,13.571506061672771,14.31638859417618,20,1,True,42,
ABC-Vanilla,4641.588833612778,0.0499733740061579,215443.4690031884,2.3195585476493763,9.555484850396471,23.95145228540861,23281.521144090657,27.631021114555683,7.854850658246631,10.01631236553591,13.478194713086785,14.225678558479904,20,1,True,42,
ABC-Vanilla,10000.0,0.1076643705368042,100000.0,1.076643705368042,8.880241809743403,23.984276604541165,24002.30706949949,27.631021114597075,7.946750318272945,10.040585106474808,13.589961416864274,14.333292741806195,20,1,True,42,
ABC-Vanilla,21544.34690031884,0.2319558547649376,46415.88833612779,0.4997337400615791,8.338564881713594,23.90905821259316,23691.353159660768,27.63102111453227,7.615048231779397,10.030114075156634,13.46190114666506,14.109276211525732,20,1,True,42,
ABC-Vanilla,46415.88833612777,0.4997337400615788,21544.346900318847,0.2319558547649377,7.881583797160302,23.96830923702709,23830.350402262942,27.631021114595057,7.923993408312803,10.040847258178909,13.562222939713608,14.270135257189082,20,1,True,42,
ABC-Vanilla,100000.0,1.076643705368042,10000.0,0.1076643705368042,7.487804721413747,23.919969587359446,23503.564850954703,27.631021114572167,7.7209914461839855,10.000418323808288,13.595893720676433,14.293960531509946,20,1,True,42,
ABC-Vanilla,215443.4690031882,2.3195585476493745,4641.588833612783,0.0499733740061579,7.1368846480189045,23.95906959387856,22613.80091243761,27.63102111461866,7.847951538565288,9.98731352350431,13.40314570882297,14.103304464324662,20,1,True,42,
ABC-Vanilla,464158.8833612778,4.997337400615789,2154.434690031884,0.0231955854764937,6.8106678284999225,23.99177377437072,22684.37663127483,27.631021114620623,8.079865987014358,10.009500677747637,13.406852506676362,14.138014817203514,20,1,True,42,
ABC-Vanilla,1000000.0,10.76643705368042,1000.0,0.0107664370536804,6.512441612978627,23.97994257630944,22926.01543193611,27.63102111459774,7.866980391427778,10.01458080247159,13.40998147359149,14.125285289635553,20,1,True,42,
permABC-Vanilla,1000.0,0.0296879127025604,1000000.0,29.687912702560425,10.033606762478168,23.934753291369752,3361.526963358994,27.63102111459328,7.108275462713257,9.991156626829124,4.755030288355648,5.349977483922763,20,1,True,42,
permABC-Vanilla,2154.434690031884,0.0639606690010343,464158.8833612779,13.779908409347543,3.441300823559998,23.97350597188818,1833.9576690809613,27.631021114555484,4.073639781170527,10.023105890887912,2.9167074827469834,3.925073220007997,20,1,True,42,
permABC-Vanilla,4641.588833612778,0.1377990840934754,215443.4690031884,6.39606690010344,2.7112981475115565,23.975368789486268,1384.642292755103,27.63102111463809,2.706915955407489,10.03164202768956,2.2077615015998484,3.411603825262362,20,1,True,42,
permABC-Vanilla,10000.0,0.2968791270256042,100000.0,2.968791270256043,2.2991742690594714,23.95219587352789,1140.7585034636893,27.63102111459407,1.970548048988893,10.027439663891228,1.7894703501133002,3.090318812946101,20,1,True,42,
permABC-Vanilla,21544.34690031884,0.639606690010344,46415.88833612779,1.3779908409347543,2.019745162424326,23.995525038007383,997.9480531904572,27.63102111471989,1.5504691824543793,10.07350356105334,1.5250439271036962,2.911352739096768,20,1,True,42,
permABC-Vanilla,46415.88833612777,1.377990840934754,21544.346900318847,0.6396066900103442,1.810747858490413,24.01532475165456,894.4515024363322,27.63102111464196,1.211137725018649,10.101099591933378,1.3236664227443666,2.795084110484393,20,1,True,42,
permABC-Vanilla,100000.0,2.968791270256043,10000.0,0.2968791270256042,1.6470722076722806,24.0268919937242,807.7698376351018,27.63102111474324,0.9328187553658124,10.112058664354736,1.1611905812069303,2.703535705014653,20,1,True,42,
permABC-Vanilla,215443.4690031882,6.396066900103434,4641.588833612783,0.1377990840934755,1.5121370878665292,24.04570095007888,743.2776930232072,27.63102111472679,0.7114629560772149,10.133868735635453,1.0154820621669205,2.6320006000913687,20,1,True,42,
permABC-Vanilla,464158.8833612778,13.779908409347543,2154.434690031884,0.0639606690010344,1.3985611647768446,24.031719105647326,688.168410219722,27.63102111474585,0.5503996716595446,10.1199586048792,0.8978927810632685,2.5700705048603365,20,1,True,42,
permABC-Vanilla,1000000.0,29.687912702560425,1000.0,0.0296879127025604,1.3033448647667103,24.07400341611779,650.213247766439,27.63102111477028,0.4386810535758955,10.148433746350996,0.8051913605521541,2.547538487026931,20,1,True,42,
ABC-SMC,950.0,0.038963782787323,19000.0,0.77927565574646,13.011715059645224,23.98514872582951,22251.55522342134,27.63102111459856,7.801996854581357,10.009080210207928,13.33460756045822,13.987066390544411,20,1,True,42,
ABC-SMC,1852.0,0.0604130029678344,37040.0,1.2082600593566897,12.556257806826382,23.988393482416427,21803.87826014327,27.631021114619088,7.787451939244159,10.012807780958331,13.170355306607666,13.806112226016651,20,1,True,42,
ABC-SMC,2708.0,0.0806250691413879,54160.0,1.6125013828277588,12.242273858569968,23.9922830545504,21350.824686622145,27.63102111461937,7.743489641416031,10.015568601342869,13.0268179039527,13.64877855378096,20,1,True,42,
ABC-SMC,3521.0,0.1005134224891662,70420.0,2.010268449783325,11.96465628695318,23.99754507648396,21024.38683309786,27.63102111463976,7.693246615351581,10.020162512817397,12.905649079052427,13.511816182863134,20,1,True,42,
ABC-SMC,4293.0,0.1201049923896789,85860.0,2.402099847793579,11.707128084228364,23.995408731436484,20731.490526987225,27.63102111465976,7.678553332157863,10.021647876205945,12.791927722549108,13.400655330960811,20,1,True,42,
ABC-SMC,5026.0,0.1409128308296203,100520.0,2.8182566165924072,11.556943042921697,24.002926430027195,20484.12248797102,27.63102111466,7.67412721913872,10.027634852986816,12.68089775712861,13.285559119244608,20,1,True,42,
ABC-SMC,5722.0,0.1609045982360839,114440.0,3.21809196472168,11.393689565274157,24.0143039211055,20154.43976903885,27.63102111466112,7.655227517857161,10.029189560593396,12.584098493971918,13.182365789695968,20,1,True,42,
ABC-SMC,6383.0,0.1824412107467651,127660.0,3.648824214935303,11.272802257375211,24.014800907495605,19874.61846711896,27.63102111468141,7.621074690475393,10.029317013259792,12.483582179276311,13.08995701987585,20,1,True,42,
ABC-SMC,7011.0,0.2034815549850464,140220.0,4.069631099700928,11.130595563078725,24.02275974395563,19793.056555523188,27.631021114702648,7.629721775373442,10.042564912422275,12.391387709032449,12.985189531919666,20,1,True,42,
ABC-SMC,7607.0,0.2241846323013305,152140.0,4.483692646026611,10.976159784175922,24.039123588805943,19399.176462679192,27.631021114765872,7.593536414604115,10.040371535856687,12.30158256634675,12.890529880572425,20,1,True,42,
ABC-SMC,8173.0,0.244369637966156,163460.0,4.88739275932312,10.879426484845585,24.042519798573387,19035.83888381655,27.63102111476564,7.619021301538138,10.033915272968688,12.229996084344522,12.80907109894417,20,1,True,42,
ABC-SMC,8710.0,0.2640730500221253,174200.0,5.281461000442505,10.768282605658008,24.05368063507745,18724.86274254975,27.63102111480782,7.647988551532951,10.032901545562654,12.151266620980149,12.718568397169284,20,1,True,42,
ABC-SMC,9220.0,0.2827055335044861,184400.0,5.654110670089722,10.671561598299562,24.05705854135037,18310.04142271332,27.631021114807773,7.595351062058926,10.023467509542426,12.068615967276427,12.63341372016922,20,1,True,42,
ABC-SMC,21028.806584362144,0.6062347947815319,204400.0,5.892602205276489,10.565057662356352,24.06739194514426,17975.137705191064,27.63102111480892,7.622673270752995,10.02212858076194,11.99339614719579,12.553346919402134,20,1,True,42,
ABC-SMC,22983.53909465021,0.6099300619996625,223400.0,5.928520202636719,10.471049225216124,24.066759476058568,17698.25601902141,27.63102111480872,7.574124561963698,10.017434205559695,11.92750778809358,12.478096463116255,20,1,True,42,
ABC-SMC,24790.5544147844,0.6488270338555872,241460.0,6.319575309753418,10.384354368974993,24.07104635227214,17624.5009680977,27.63102111480877,7.577095960442236,10.024644928217192,11.858242651599518,12.400674069095796,20,1,True,42,
ABC-SMC,26284.55284552845,0.6845810306750661,258640.0,6.736277341842651,10.318025052629263,24.07285037139534,17466.956909618093,27.63102111482985,7.58556451453771,10.023020817638256,11.7864157646287,12.340530807199778,20,1,True,42,
ABC-SMC,27945.12195121952,0.7278275925938676,274980.0,7.161823511123657,10.237217280445217,24.078626778933177,17263.267533495688,27.63102111483,7.601968306374374,10.020878025790047,11.719180186010576,12.278977919170435,20,1,True,42,
ABC-SMC,29462.474645030423,0.7691158000644274,290500.0,7.583481788635254,10.167043262773571,24.08265154797285,17075.090970347337,27.63102111485081,7.544448024269629,10.023120934203504,11.65100872613842,12.21939270801832,20,1,True,42,
ABC-SMC,30959.43204868154,0.8128184575821757,305260.0,8.014389991760254,10.070186403962923,24.09941677067311,17049.66270548762,27.631021114851432,7.534840892390337,10.03647073861996,11.587456781563514,12.15605969375038,20,1,True,42,
ABC-SMC,32185.483870967742,0.8506626131073121,319280.0,8.438573122024536,10.014677187997131,24.11299834442891,16840.3369091032,27.63102111485214,7.545292890520495,10.036551508507468,11.536850641295688,12.092358282103824,20,1,True,42,
ABC-SMC,33326.653306613225,0.888438143567714,332600.0,8.866612672805786,9.935667303680454,24.11614689084712,16747.72174437079,27.63102111485262,7.560120777191001,10.038917850481312,11.47578316954494,12.035298064656224,20,1,True,42,
ABC-SMC,34386.454183266935,0.9208990758158772,345240.0,9.245826721191406,9.890796120253007,24.11379259459408,16555.619410967345,27.63102111485256,7.5805821717114,10.033836362882024,11.401750130187748,11.967038067192403,20,1,True,42,
ABC-SMC,35514.91053677932,0.9535493243996712,357280.0,9.592706203460692,9.831430694618676,24.11015254828329,16409.49543111147,27.63102111485201,7.591432327187759,10.029065567117794,11.356567619366434,11.910500160272866,20,1,True,42,
ABC-SMC,36434.78260869565,0.988479188308414,368720.0,10.003409385681152,9.76172400428305,24.10629159372844,16328.913419022476,27.631021114851425,7.594736785858656,10.031026456665074,11.294512630932676,11.867138890456868,20,1,True,42,
ABC-SMC,37509.88142292489,1.0288429354490496,379600.0,10.411890506744385,9.710504086365248,24.096786707051347,16051.708530393596,27.631021114850828,7.5932587862525,10.017157940726332,11.254299145382808,11.818564741061472,20,1,True,42,
ABC-SMC,38379.92125984252,1.0629905725088644,389940.0,10.799984216690063,9.664717666024142,24.111068607296247,16127.058144890843,27.63102111489468,7.534279804214611,10.03350616446182,11.205910209941822,11.775166482267212,20,1,True,42,
ABC-SMC,79138.99613899614,2.095537664347174,409940.0,10.85488510131836,9.62353129550375,24.12507279193192,16133.143945466663,27.631021114916827,7.638923170675741,10.053406938393104,11.153403385934537,11.728271294099011,20,1,True,42,
ABC-SMC,81858.7786259542,2.0785247096578585,428940.0,10.891469478607178,9.564039345999568,24.127322364601405,16007.974649520766,27.63102111491673,7.644464155481273,10.052767576376707,11.10061830512586,11.669185011242812,20,1,True,42,
ABC-SMC,84347.16981132074,2.1286225768755065,447040.0,11.281699657440186,9.515400722270028,24.127313507188138,15985.352336519269,27.63102111491682,7.554313606195256,10.058717458952668,11.05738980610604,11.61923208219699,20,1,True,42,
ABC-SMC,86615.67164179104,2.1821481968039897,464260.0,11.696314334869385,9.459426429085092,24.111992930570374,15923.645356524456,27.63102111491593,7.508942167691719,10.057358249595708,11.001997067669311,11.560091850761037,20,1,True,42,
ABC-SMC,89011.11111111111,2.2408350750252053,480660.0,12.100509405136108,9.43149269687382,24.13891175655928,15867.404083734184,27.631021114938648,7.515925104770012,10.071212395152637,10.951651976787057,11.505177505028458,20,1,True,42,
ABC-SMC,91231.61764705884,2.302038538105348,496300.0,12.52308964729309,9.38067130443774,24.139645923456555,15737.189730356662,27.63102111493864,7.51517090017054,10.070337350331185,10.92251763072165,11.469933400627914,20,1,True,42,
ABC-SMC,93622.7106227106,2.368127557384225,511180.0,12.929976463317873,9.350736658054842,24.167234529294657,15337.706465380308,27.6310211149405,7.5121541963610365,10.057586499749693,10.882435201715872,11.417042232651314,20,1,True,42,
ABC-SMC,95864.96350364963,2.43154894696535,525340.0,13.324888229370115,9.306877466773306,24.160281959192343,15483.103058431132,27.6310211149399,7.552662966508153,10.073521061849318,10.840778108137858,11.385196467483052,20,1,True,42,
ABC-SMC,97259.92779783392,2.4749382308243844,538820.0,13.71115779876709,9.27736910926836,24.19190248868968,15180.483144936805,27.63102111494232,7.568898424814684,10.067174729623462,10.805695428181782,11.339734791760389,20,1,True,42,
ABC-SMC,98514.28571428572,2.5255870819091792,551680.0,14.143287658691406,9.243371517115008,24.2109305889353,15204.526474017232,27.631021114943,7.526542834966378,10.077093234157289,10.74292262209254,11.28504538163492,20,1,True,42,
ABC-SMC,100334.51957295372,2.5934767044311733,563880.0,14.575339078903198,9.195665823800722,24.231955521760035,14889.32851636038,27.63102111498648,7.539908471977384,10.064714679451424,10.693821456796446,11.236878200467173,20,1,True,42,
ABC-SMC,102042.55319148937,2.65441469266905,575520.0,14.970898866653442,9.176143091802397,24.26964260908452,14552.751352152987,27.63102111503116,7.525813417884696,10.0618860793761,10.653057677544275,11.195941927102812,20,1,True,42,
ABC-SMC,103643.10954063604,2.715334538436189,586620.0,15.368793487548828,9.133171819538552,24.302805222279137,14408.778986648747,27.63102111503349,7.543784960166074,10.06198393747372,10.607702047045828,11.151802255048644,20,1,True,42,
ABC-SMC,104402.09790209791,2.7581632137298584,597180.0,15.77669358253479,9.0892307470595,24.31713546684901,14373.02929766636,27.63102111503475,7.52768680390548,10.06881927950553,10.541862998094704,11.107170826284603,20,1,True,42,
ABC-SMC,105423.61111111112,2.805376218424904,607240.0,16.15896701812744,9.056876907302724,24.34077701094069,14148.260760596151,27.63102111507789,7.614436622529165,10.064413496385296,10.503914570872745,11.068005266502896,20,1,True,42,
ABC-SMC,214808.2191780822,5.552407405147814,627240.0,16.213029623031616,9.030067264395454,24.320137921308984,14211.697629473563,27.631021114975457,7.57466591718711,10.078776439135536,10.44401242311316,11.001633149907809,20,1,True,42,
ABC-SMC,215426.6666666667,5.531504233678183,646280.0,16.594512701034546,8.97346838602481,24.32913408179346,13926.043337702762,27.631021114997164,7.556348815536209,10.066600963984232,10.40053819479739,10.959401213618689,20,1,True,42,
ABC-SMC,217137.2549019608,5.565311861973183,664440.0,17.02985429763794,8.95478782891657,24.322033136366286,13775.355752497677,27.6310211149964,7.552383995149666,10.059311736673854,10.357998189584032,10.920202603535806,20,1,True,42,
ABC-SMC,218500.0,5.59734365878961,681720.0,17.463712215423584,8.934068537230493,24.31249671379544,13728.25257088169,27.631021114995608,7.486361544686227,10.064185041119943,10.313600749203674,10.898231714676744,20,1,True,42,
ABC-SMC,223762.82051282053,5.734404997947888,698140.0,17.891343593597412,8.901491707503208,24.305407401709644,13665.95848493297,27.631021114994955,7.605329381912827,10.063429901267725,10.28753336353146,10.842843186729306,20,1,True,42,
ABC-SMC,225879.74683544305,5.67561478554448,713780.0,17.934942722320557,8.860548458200721,24.308290820587608,13411.512457553938,27.631021114994542,7.6662725428878655,10.049251399753562,10.242410542907589,10.807882822719192,20,1,True,42,
ABC-SMC,227712.5,5.721372738480568,728680.0,18.308392763137817,8.856830883089511,24.305827631001613,13436.718513594373,27.63102111499392,7.69185662845581,10.05578733414084,10.208139712094606,10.764003432490023,20,1,True,42,
ABC-SMC,229308.64197530865,5.77723663530232,742960.0,18.71824669837952,8.822103138825018,24.31620504169325,13083.158168305115,27.631021115014725,7.64147478844797,10.037529181063473,10.169825118500896,10.692471264458728,20,1,True,42,
ABC-SMC,227903.61445783128,5.763064737779548,756640.0,19.1333749294281,8.8119369227402,24.298717411814245,13093.676615072924,27.63102111501387,7.689379563193211,10.046775494143366,10.130807538925822,10.652993569186297,20,1,True,42,
ABC-SMC,231825.3012048193,5.884884567145841,769660.0,19.537816762924194,8.775371188816411,24.304106078979306,12889.055286857272,27.63102111501357,7.659880335960976,10.041961255966276,10.075548873378196,10.595088097451445,20,1,True,42,
ABC-SMC,231402.36686390528,5.9034818022914175,782140.0,19.953768491744995,8.743454521887639,24.35064907131857,12536.468765563288,27.63102111507916,7.645586767483091,10.027741864541062,10.053709556231947,10.553161180367283,20,1,True,42,
ABC-SMC,232181.2865497076,5.842380774648565,794060.0,19.980942249298096,8.704669424958427,24.402884396755,12616.753390822289,27.6310211151246,7.6667155553025905,10.059914917024114,10.01480289139696,10.510151835991586,20,1,True,42,
ABC-SMC,234139.5348837209,5.927686774453452,805440.0,20.39124250411988,8.69103725978834,24.413561986070395,12551.2075566494,27.63102111512526,7.735471958954046,10.057362570280798,9.987555017248212,10.4707893629845,20,1,True,42,
ABC-SMC,234586.2068965517,5.973317910884989,816360.0,20.78714632987976,8.659931180141092,24.43488462067764,12393.04025159341,27.631021115147792,7.777578476764748,10.057572762206403,9.953511189417314,10.431862805853743,20,1,True,42,
ABC-SMC,236245.7142857143,6.046798774174282,826860.0,21.163795709609985,8.607411525789228,24.42441171612032,12496.614037677966,27.63102111514724,7.817634259718268,10.074966375753707,9.894027871495428,10.392564339500227,20,1,True,42,
ABC-SMC,237755.68181818185,6.121611391956157,836900.0,21.54807209968567,8.563996289547568,24.414889676216568,12594.509561461316,27.631021115146687,7.821567085889603,10.090658077969875,9.831766788835468,10.363289531537806,20,1,True,42,
ABC-SMC,437193.8775510204,11.015329069020796,856900.0,21.59004497528076,8.540848957964686,24.388853548360206,12735.442843866264,27.63102111510345,7.876278950545883,10.101525267045457,9.817213345291604,10.318362389655949,20,1,True,42,
ABC-SMC,433772.2772277228,10.87527334099949,876220.0,21.96805214881897,8.535961488510742,24.42137400987016,12260.125457403412,27.63102111512629,7.9708014068622335,10.081917785073893,9.788040499292372,10.257758095284233,20,1,True,42,
ABC-SMC,430115.3846153846,10.741915037998783,894640.0,22.34318327903748,8.464914839458496,24.42536527139461,12216.39961006859,27.6310211151476,7.869779590096249,10.093969491426115,9.737357057620564,10.20283739317514,20,1,True,42,
ABC-SMC,422333.3333333333,10.529902467021234,912240.0,22.74458932876587,8.458767037053072,24.453978694512983,12206.37039544625,27.631021115148336,7.997472393763273,10.10696445995904,9.685874611626218,10.172051966949804,20,1,True,42,
ABC-SMC,414714.28571428574,10.34736984542438,928960.0,23.17810845375061,8.384080609442266,24.445228685129685,12054.22334726434,27.631021115147707,7.983382353456088,10.10295539743506,9.662730468685302,10.112788287430371,20,1,True,42,
ABC-SMC,410860.8695652173,10.27301270028819,944980.0,23.62792921066284,8.364822510902798,24.46274891886173,11989.661714115957,27.631021115169133,8.109222675236762,10.103166578124384,9.62861961826216,10.071097689640055,20,1,True,42,
ABC-SMC,400116.6666666667,10.02547820409139,960280.0,24.061147689819336,8.293925669214142,24.47434117791746,12096.835567736369,27.63102111517041,8.09447349555106,10.120912211046278,9.582997826011509,10.03876488957196,20,1,True,42,
ABC-SMC,403000.0,10.110397378275216,975260.0,24.467161655426025,8.287047379006642,24.466381517338608,12073.791980104468,27.63102111517008,8.12211494697561,10.119699471068042,9.563813224867053,10.034595391300348,20,1,True,42,
ABC-SMC,399064.5161290322,10.036292672157288,989680.0,24.89000582695008,8.25611642549063,24.46320378661852,11876.33485318254,27.63102111516991,8.097451458319142,10.107954942235358,9.52112578437146,9.978138133769503,20,1,True,42,
ABC-SMC,404620.9677419355,10.210544159335477,1003460.0,25.322149515151978,8.232329546690595,24.477697406857644,11920.737440791245,27.631021115170984,8.240651755261954,10.11624315487456,9.466409996081138,9.9494727096273,20,1,True,42,
ABC-SMC,409903.2258064516,10.385297863714158,1016560.0,25.75553870201111,8.198242641770703,24.48830030189064,11852.986282707432,27.63102111517121,8.399454937614548,10.116335046318992,9.43595477199993,9.906194107204511,20,1,True,42,
ABC-SMC,411624.0,10.47581548690796,1029060.0,26.189538717269897,8.161304983526442,24.51355732232444,11668.213623929198,27.63102111517325,8.360843208301239,10.115002476624325,9.388331488655854,9.86322280634166,20,1,True,42,
ABC-SMC,413111.1111111111,10.561700661977133,1041040.0,26.615485668182373,8.08502055580604,24.554338826009264,11472.638059112742,27.631021115217504,8.317110359208836,10.103694455065762,9.350153687979212,9.855756373225068,20,1,True,42,
ABC-SMC,414393.7007874016,10.640684544570805,1052560.0,27.02733874320984,8.047430601634549,24.558355827188613,11503.934727384914,27.631021115217283,8.341302031061717,10.113645247854578,9.325754390756574,9.810537187959998,20,1,True,42,
ABC-SMC,415500.0,10.71775145828724,1063680.0,27.43744373321533,8.013445029095474,24.598399582428755,11405.541311315475,27.63102111521958,8.406688726370554,10.11307406854201,9.301561613900086,9.795980197862978,20,1,True,42,
ABC-SMC,413261.5384615384,10.701258274225088,1074480.0,27.82327151298523,8.002140387985028,24.601799142377857,11369.24935942758,27.6310211152194,8.391620162996535,10.111111459390177,9.273412247475482,9.797625013612624,20,1,True,42,
ABC-SMC,414099.2366412213,10.773307858532622,1084940.0,28.22606658935547,8.000215160045379,24.635511207124715,11241.793559223686,27.631021115220687,8.281957768321304,10.10225080287575,9.259941366862568,9.77658718352366,20,1,True,42,
ABC-SMC,411661.6541353383,10.75737010267444,1095020.0,28.614604473114014,7.9993066059502995,24.66019746896015,11122.861696973334,27.63102111522115,8.294010982121598,10.093352109318378,9.218374672151985,9.752005757745923,20,1,True,42,
ABC-SMC,724038.9610389611,18.616810866764613,1115020.0,28.669888734817505,7.963044063498044,24.338042785141205,11779.37712907008,27.63102111487018,7.827012070400423,10.128492985491274,9.273264396546828,9.785296816068325,20,1,True,42,
ABC-SMC,717924.0506329114,18.38828068745288,1134320.0,29.053483486175537,7.958802559782797,24.326973607690256,11793.462027505697,27.631021114869284,7.839903543344596,10.134429870011903,9.215907377508584,9.749477681701832,20,1,True,42,
ABC-SMC,711716.0493827161,18.19326333057733,1152980.0,29.47308659553528,7.921688554827055,24.313675617763977,11658.826846652812,27.63102111486837,7.902038461645176,10.127696114501385,9.197212574749525,9.729782565886502,20,1,True,42,
ABC-SMC,688823.5294117646,17.580759244806625,1171000.0,29.887290716171265,7.914719150817686,24.319167357743112,11648.29188289044,27.63102111486796,7.976677840162142,10.126136469330255,9.176229867044704,9.7017309387997,20,1,True,42,
ABC-SMC,682839.0804597703,17.42243917509057,1188140.0,30.3150441646576,7.848760767862133,24.320382089582523,11626.425044040909,27.631021114867355,7.755935161471359,10.127524224337009,9.14684214054191,9.658706403233955,20,1,True,42,
ABC-SMC,676696.6292134832,17.241274238972185,1204520.0,30.689468145370483,7.804883067983786,24.33504737024144,11662.74442502937,27.6310211148673,7.766355858742232,10.134191944549514,9.129050318783191,9.621091431656245,20,1,True,42,
ABC-SMC,663239.1304347827,16.89673130926879,1220360.0,31.089985609054565,7.790023153485984,24.34914304874051,11442.166516085374,27.63102111486732,7.76253620121224,10.121001362748563,9.098811578167554,9.612355080629817,20,1,True,42,
ABC-SMC,657170.2127659575,16.75509049537334,1235480.0,31.49957013130188,7.785119730658625,24.35771010757599,11516.395131814534,27.631021114866805,7.760158666951329,10.135363688096168,9.085753748172287,9.585605588744375,20,1,True,42,
ABC-SMC,657905.2631578947,16.80736453909623,1250020.0,31.93399262428284,7.774472458227057,24.3279071656127,11382.706248046066,27.6310211148656,7.812699627241093,10.125045530187652,9.048384278116416,9.560841751106167,20,1,True,42,
ABC-SMC,644826.530612245,16.509306795743047,1263860.0,32.35824131965637,7.764155590007783,24.307215914772364,11357.85348804759,27.63102111486432,7.673064794800515,10.122836232333553,8.996343553731677,9.518869909039498,20,1,True,42,
ABC-SMC,638510.0,16.38546323776245,1277020.0,32.7709264755249,7.757321227258432,24.27790215991604,11219.42693378864,27.631021114862808,7.690680181642136,10.110496236959229,8.983533488540797,9.512071645703571,20,1,True,42,
ABC-SMC,638683.1683168317,16.42996060966265,1290140.0,33.188520431518555,7.748348389687036,24.28076620070303,11232.40804480272,27.631021114862893,7.701235940682372,10.112611536621973,8.982422428322526,9.512182353804643,20,1,True,42,
ABC-SMC,632650.4854368932,16.130972834466732,1303260.0,33.229804039001465,7.748348389687036,24.28076620070303,11232.40804480272,27.631021114862893,7.701235940682372,10.112611536621973,8.982422428322526,9.512182353804643,20,1,True,42,
ABC-SMC,603844.0366972476,15.257570940420168,1316380.0,33.26150465011597,7.748348389687036,24.28076620070303,11232.40804480272,27.631021114862893,7.701235940682372,10.112611536621973,8.982422428322526,9.512182353804643,20,1,True,42,
ABC-SMC,573060.3448275861,14.348237576155825,1329500.0,33.28791117668152,7.748348389687036,24.28076620070303,11232.40804480272,27.631021114862893,7.701235940682372,10.112611536621973,8.982422428322526,9.512182353804643,20,1,True,42,
ABC-SMC,573769.2307692306,14.235474716903814,1342620.0,33.31101083755493,7.748348389687036,24.28076620070303,11232.40804480272,27.631021114862893,7.701235940682372,10.112611536621973,8.982422428322526,9.512182353804643,20,1,True,42,
ABC-SMC,574466.1016949152,14.124529745619176,1355740.0,33.333890199661255,7.748348389687036,24.28076620070303,11232.40804480272,27.631021114862893,7.701235940682372,10.112611536621973,8.982422428322526,9.512182353804643,20,1,True,42,
ABC-SMC,570358.3333333334,13.898576001326242,1368860.0,33.35658240318298,7.748348389687036,24.28076620070303,11232.40804480272,27.631021114862893,7.701235940682372,10.112611536621973,8.982422428322526,9.512182353804643,20,1,True,42,
ABC-SMC,557250.0,13.459479135851709,1381980.0,33.37950825691223,7.748348389687036,24.28076620070303,11232.40804480272,27.631021114862893,7.701235940682372,10.112611536621973,8.982422428322526,9.512182353804643,20,1,True,42,
ABC-SMC,558040.0,13.360908317565915,1395100.0,33.402270793914795,7.748348389687036,24.28076620070303,11232.40804480272,27.631021114862893,7.701235940682372,10.112611536621973,8.982422428322526,9.512182353804643,20,1,True,42,
ABC-SMC,558817.4603174604,13.263917726183696,1408220.0,33.42507266998291,7.748348389687036,24.28076620070303,11232.40804480272,27.631021114862893,7.701235940682372,10.112611536621973,8.982422428322526,9.512182353804643,20,1,True,42,
ABC-SMC,559582.6771653544,13.168408269957292,1421340.0,33.44775700569153,7.748348389687036,24.28076620070303,11232.40804480272,27.631021114862893,7.701235940682372,10.112611536621973,8.982422428322526,9.512182353804643,20,1,True,42,
ABC-SMC,564748.031496063,13.177451280158335,1434460.0,33.47072625160217,7.748348389687036,24.28076620070303,11232.40804480272,27.631021114862893,7.701235940682372,10.112611536621973,8.982422428322526,9.512182353804643,20,1,True,42,
ABC-SMC,556761.5384615384,12.882963969157291,1447580.0,33.49570631980896,7.748348389687036,24.28076620070303,11232.40804480272,27.631021114862893,7.701235940682372,10.112611536621973,8.982422428322526,9.512182353804643,20,1,True,42,
ABC-SMC,557519.0839694657,12.793413191351272,1460700.0,33.51874256134033,7.748348389687036,24.28076620070303,11232.40804480272,27.631021114862893,7.701235940682372,10.112611536621973,8.982422428322526,9.512182353804643,20,1,True,42,
ABC-SMC,558265.1515151515,12.70515142065106,1473820.0,33.5415997505188,7.748348389687036,24.28076620070303,11232.40804480272,27.631021114862893,7.701235940682372,10.112611536621973,8.982422428322526,9.512182353804643,20,1,True,42,
ABC-SMC,563234.8484848485,12.71384394530094,1486940.0,33.56454801559448,7.748348389687036,24.28076620070303,11232.40804480272,27.631021114862893,7.701235940682372,10.112611536621973,8.982422428322526,9.512182353804643,20,1,True,42,
ABC-SMC,559723.8805970149,12.532561216781389,1500060.0,33.58726406097412,7.748348389687036,24.28076620070303,11232.40804480272,27.631021114862893,7.701235940682372,10.112611536621973,8.982422428322526,9.512182353804643,20,1,True,42,
ABC-SMC,556316.1764705883,12.356671866248634,1513180.0,33.61014747619629,7.748348389687036,24.28076620070303,11232.40804480272,27.631021114862893,7.701235940682372,10.112611536621973,8.982422428322526,9.512182353804643,20,1,True,42,
ABC-SMC,557043.7956204381,12.27482191837617,1526300.0,33.63301205635071,7.748348389687036,24.28076620070303,11232.40804480272,27.631021114862893,7.701235940682372,10.112611536621973,8.982422428322526,9.512182353804643,20,1,True,42,
ABC-SMC,557760.8695652173,12.19416640806889,1539420.0,33.65589928627014,7.748348389687036,24.28076620070303,11232.40804480272,27.631021114862893,7.701235940682372,10.112611536621973,8.982422428322526,9.512182353804643,20,1,True,42,
ABC-SMC,562514.4927536232,12.202421737753824,1552540.0,33.67868399620056,7.748348389687036,24.28076620070303,11232.40804480272,27.631021114862893,7.701235940682372,10.112611536621973,8.982422428322526,9.512182353804643,20,1,True,42,
ABC-SMC,559164.2857142856,12.036273479461668,1565660.0,33.70156574249268,7.748348389687036,24.28076620070303,11232.40804480272,27.631021114862893,7.701235940682372,10.112611536621973,8.982422428322526,9.512182353804643,20,1,True,42,
ABC-SMC,555908.4507042255,11.874752481218794,1578780.0,33.72429704666138,7.748348389687036,24.28076620070303,11232.40804480272,27.631021114862893,7.701235940682372,10.112611536621973,8.982422428322526,9.512182353804643,20,1,True,42,
ABC-SMC,560528.1690140845,11.88280725143325,1591900.0,33.747172594070435,7.748348389687036,24.28076620070303,11232.40804480272,27.631021114862893,7.701235940682372,10.112611536621973,8.982422428322526,9.512182353804643,20,1,True,42,
ABC-SMC,561195.8041958042,11.80763994897162,1605020.0,33.76985025405884,7.748348389687036,24.28076620070303,11232.40804480272,27.631021114862893,7.701235940682372,10.112611536621973,8.982422428322526,9.512182353804643,20,1,True,42,
ABC-SMC,561854.1666666666,11.733601656224993,1618140.0,33.79277276992798,7.748348389687036,24.28076620070303,11232.40804480272,27.631021114862893,7.701235940682372,10.112611536621973,8.982422428322526,9.512182353804643,20,1,True,42,
ABC-SMC,554850.3401360544,11.50187602659472,1631260.0,33.81551551818848,7.748348389687036,24.28076620070303,11232.40804480272,27.631021114862893,7.701235940682372,10.112611536621973,8.982422428322526,9.512182353804643,20,1,True,42,
ABC-SMC,551805.3691275168,11.355144705548383,1644380.0,33.83833122253418,7.748348389687036,24.28076620070303,11232.40804480272,27.631021114862893,7.701235940682372,10.112611536621973,8.982422428322526,9.512182353804643,20,1,True,42,
ABC-SMC,541666.6666666666,11.065732186136682,1657500.0,33.86114048957825,7.748348389687036,24.28076620070303,11232.40804480272,27.631021114862893,7.701235940682372,10.112611536621973,8.982422428322526,9.512182353804643,20,1,True,42,
ABC-SMC,535455.1282051281,10.860261244651598,1670620.0,33.88401508331299,7.748348389687036,24.28076620070303,11232.40804480272,27.631021114862893,7.701235940682372,10.112611536621973,8.982422428322526,9.512182353804643,20,1,True,42,
ABC-SMC,529477.9874213836,10.66389668662593,1683740.0,33.91119146347046,7.748348389687036,24.28076620070303,11232.40804480272,27.631021114862893,7.701235940682372,10.112611536621973,8.982422428322526,9.512182353804643,20,1,True,42,
ABC-SMC,523722.2222222222,10.473645248530822,1696860.0,33.93461060523987,7.748348389687036,24.28076620070303,11232.40804480272,27.631021114862893,7.701235940682372,10.112611536621973,8.982422428322526,9.512182353804643,20,1,True,42,
ABC-SMC,508922.619047619,10.10633614801225,1709980.0,33.95728945732117,7.748348389687036,24.28076620070303,11232.40804480272,27.631021114862893,7.701235940682372,10.112611536621973,8.982422428322526,9.512182353804643,20,1,True,42,
ABC-SMC,506794.1176470588,9.994141564649691,1723100.0,33.98008131980896,7.748348389687036,24.28076620070303,11232.40804480272,27.631021114862893,7.701235940682372,10.112611536621973,8.982422428322526,9.512182353804643,20,1,True,42,
ABC-SMC,504715.11627906986,9.8845184542412,1736220.0,34.00274348258972,7.748348389687036,24.28076620070303,11232.40804480272,27.631021114862893,7.701235940682372,10.112611536621973,8.982422428322526,9.512182353804643,20,1,True,42,
ABC-SMC,508529.0697674419,9.89114046096802,1749340.0,34.02552318572998,7.748348389687036,24.28076620070303,11232.40804480272,27.631021114862893,7.701235940682372,10.112611536621973,8.982422428322526,9.512182353804643,20,1,True,42,
ABC-SMC,503560.0,9.728074959346223,1762460.0,34.04826235771179,7.748348389687036,24.28076620070303,11232.40804480272,27.631021114862893,7.701235940682372,10.112611536621973,8.982422428322526,9.512182353804643,20,1,True,42,
ABC-SMC,501576.2711864407,9.624583370941508,1775580.0,34.071025133132935,7.748348389687036,24.28076620070303,11232.40804480272,27.631021114862893,7.701235940682372,10.112611536621973,8.982422428322526,9.512182353804643,20,1,True,42,
ABC-SMC,499636.8715083799,9.523383465559125,1788700.0,34.09371280670166,7.748348389687036,24.28076620070303,11232.40804480272,27.631021114862893,7.701235940682372,10.112611536621973,8.982422428322526,9.512182353804643,20,1,True,42,
ABC-SMC,503301.6759776537,9.529740051184286,1801820.0,34.116469383239746,7.748348389687036,24.28076620070303,11232.40804480272,27.631021114862893,7.701235940682372,10.112611536621973,8.982422428322526,9.512182353804643,20,1,True,42,
ABC-SMC,504150.0000000001,9.483582244979011,1814940.0,34.14089608192444,7.748348389687036,24.28076620070303,11232.40804480272,27.631021114862893,7.701235940682372,10.112611536621973,8.982422428322526,9.512182353804643,20,1,True,42,
ABC-SMC,504988.9502762431,9.437549575257698,1828060.0,34.16392946243286,7.748348389687036,24.28076620070303,11232.40804480272,27.631021114862893,7.701235940682372,10.112611536621973,8.982422428322526,9.512182353804643,20,1,True,42,
ABC-SMC,500320.65217391314,9.289975464344026,1841180.0,34.18710970878601,7.748348389687036,24.28076620070303,11232.40804480272,27.631021114862893,7.701235940682372,10.112611536621973,8.982422428322526,9.512182353804643,20,1,True,42,
ABC-SMC,495802.13903743314,9.147132399247928,1854300.0,34.210275173187256,7.748348389687036,24.28076620070303,11232.40804480272,27.631021114862893,7.701235940682372,10.112611536621973,8.982422428322526,9.512182353804643,20,1,True,42,
ABC-SMC,491426.3157894737,9.008770428205793,1867420.0,34.23332762718201,7.748348389687036,24.28076620070303,11232.40804480272,27.631021114862893,7.701235940682372,10.112611536621973,8.982422428322526,9.512182353804643,20,1,True,42,
ABC-SMC,489723.9583333333,8.92095702389876,1880540.0,34.25647497177124,7.748348389687036,24.28076620070303,11232.40804480272,27.631021114862893,7.701235940682372,10.112611536621973,8.982422428322526,9.512182353804643,20,1,True,42,
ABC-SMC,493140.625,8.92696026712656,1893660.0,34.27952742576599,7.748348389687036,24.28076620070303,11232.40804480272,27.631021114862893,7.701235940682372,10.112611536621973,8.982422428322526,9.512182353804643,20,1,True,42,
ABC-SMC,488917.9487179487,8.79556405238616,1906780.0,34.30269980430603,7.748348389687036,24.28076620070303,11232.40804480272,27.631021114862893,7.701235940682372,10.112611536621973,8.982422428322526,9.512182353804643,20,1,True,42,
ABC-SMC,482386.9346733668,8.624657134913917,1919900.0,34.3261353969574,7.748348389687036,24.28076620070303,11232.40804480272,27.631021114862893,7.701235940682372,10.112611536621973,8.982422428322526,9.512182353804643,20,1,True,42,
ABC-SMC,485683.4170854271,8.63051510336411,1933020.0,34.34945011138916,7.748348389687036,24.28076620070303,11232.40804480272,27.631021114862893,7.701235940682372,10.112611536621973,8.982422428322526,9.512182353804643,20,1,True,42,
ABC-SMC,486535.0,8.593136429786682,1946140.0,34.37254571914673,7.748348389687036,24.28076620070303,11232.40804480272,27.631021114862893,7.701235940682372,10.112611536621973,8.982422428322526,9.512182353804643,20,1,True,42,
ABC-SMC,484965.3465346535,8.513778448104858,1959260.0,34.39566493034363,7.748348389687036,24.28076620070303,11232.40804480272,27.631021114862893,7.701235940682372,10.112611536621973,8.982422428322526,9.512182353804643,20,1,True,42,
ABC-SMC,485807.88177339896,8.477497511896594,1972380.0,34.41863989830017,7.748348389687036,24.28076620070303,11232.40804480272,27.631021114862893,7.701235940682372,10.112611536621973,8.982422428322526,9.512182353804643,20,1,True,42,
ABC-SMC,489039.408866995,8.48316359402511,1985500.0,34.44164419174194,7.748348389687036,24.28076620070303,11232.40804480272,27.631021114862893,7.701235940682372,10.112611536621973,8.982422428322526,9.512182353804643,20,1,True,42,
ABC-SMC,492270.9359605911,8.488788452054477,1998620.0,34.46448111534119,7.748348389687036,24.28076620070303,11232.40804480272,27.631021114862893,7.701235940682372,10.112611536621973,8.982422428322526,9.512182353804643,20,1,True,42,
ABC-SMC,495502.4630541872,8.494923913420127,2011740.0,34.48939108848572,7.748348389687036,24.28076620070303,11232.40804480272,27.631021114862893,7.701235940682372,10.112611536621973,8.982422428322526,9.512182353804643,20,1,True,42,
ABC-SMC,496289.2156862745,8.458923007927687,2024860.0,34.51240587234497,7.748348389687036,24.28076620070303,11232.40804480272,27.631021114862893,7.701235940682372,10.112611536621973,8.982422428322526,9.512182353804643,20,1,True,42,
ABC-SMC,499504.90196078434,8.464566282197541,2037980.0,34.53543043136597,7.748348389687036,24.28076620070303,11232.40804480272,27.631021114862893,7.701235940682372,10.112611536621973,8.982422428322526,9.512182353804643,20,1,True,42,
ABC-SMC,497839.8058252427,8.387978852373882,2051100.0,34.5584728717804,7.748348389687036,24.28076620070303,11232.40804480272,27.631021114862893,7.701235940682372,10.112611536621973,8.982422428322526,9.512182353804643,20,1,True,42,
ABC-SMC,501024.27184466016,8.393572024928714,2064220.0,34.5815167427063,7.748348389687036,24.28076620070303,11232.40804480272,27.631021114862893,7.701235940682372,10.112611536621973,8.982422428322526,9.512182353804643,20,1,True,42,
ABC-SMC,499360.5769230769,8.3183939067217,2077340.0,34.60451865196228,7.748348389687036,24.28076620070303,11232.40804480272,27.631021114862893,7.701235940682372,10.112611536621973,8.982422428322526,9.512182353804643,20,1,True,42,
ABC-SMC,500110.04784688994,8.284110543830543,2090460.0,34.62758207321167,7.748348389687036,24.28076620070303,11232.40804480272,27.631021114862893,7.701235940682372,10.112611536621973,8.982422428322526,9.512182353804643,20,1,True,42,
ABC-SMC,500852.38095238095,8.250112533569336,2103580.0,34.65047264099121,7.748348389687036,24.28076620070303,11232.40804480272,27.631021114862893,7.701235940682372,10.112611536621973,8.982422428322526,9.512182353804643,20,1,True,42,
ABC-SMC,496877.93427230045,8.139321110058278,2116700.0,34.67350792884827,7.748348389687036,24.28076620070303,11232.40804480272,27.631021114862893,7.701235940682372,10.112611536621973,8.982422428322526,9.512182353804643,20,1,True,42,
ABC-SMC,499957.7464788733,8.144715246460247,2129820.0,34.696486949920654,7.748348389687036,24.28076620070303,11232.40804480272,27.631021114862893,7.701235940682372,10.112611536621973,8.982422428322526,9.512182353804643,20,1,True,42,
ABC-SMC,496050.9259259259,8.036924788245448,2142940.0,34.71951508522034,7.748348389687036,24.28076620070303,11232.40804480272,27.631021114862893,7.701235940682372,10.112611536621973,8.982422428322526,9.512182353804643,20,1,True,42,
ABC-SMC,494509.1743119266,7.968457904430704,2156060.0,34.74247646331787,7.748348389687036,24.28076620070303,11232.40804480272,27.631021114862893,7.701235940682372,10.112611536621973,8.982422428322526,9.512182353804643,20,1,True,42,
ABC-SMC,490764.70588235295,7.865516956035908,2169180.0,34.76558494567871,7.748348389687036,24.28076620070303,11232.40804480272,27.631021114862893,7.701235940682372,10.112611536621973,8.982422428322526,9.512182353804643,20,1,True,42,
ABC-SMC,489304.932735426,7.800129176255298,2182300.0,34.78857612609863,7.748348389687036,24.28076620070303,11232.40804480272,27.631021114862893,7.701235940682372,10.112611536621973,8.982422428322526,9.512182353804643,20,1,True,42,
ABC-SMC,492246.63677130046,7.805285592784797,2195420.0,34.81157374382019,7.748348389687036,24.28076620070303,11232.40804480272,27.631021114862893,7.701235940682372,10.112611536621973,8.982422428322526,9.512182353804643,20,1,True,42,
ABC-SMC,492977.6785714286,7.7755440558706015,2208540.0,34.83443737030029,7.748348389687036,24.28076620070303,11232.40804480272,27.631021114862893,7.701235940682372,10.112611536621973,8.982422428322526,9.512182353804643,20,1,True,42,
ABC-SMC,495906.25,7.780652440020016,2221660.0,34.85732293128967,7.748348389687036,24.28076620070303,11232.40804480272,27.631021114862893,7.701235940682372,10.112611536621973,8.982422428322526,9.512182353804643,20,1,True,42,
ABC-SMC,496617.7777777778,7.751144409179687,2234780.0,34.880149841308594,7.748348389687036,24.28076620070303,11232.40804480272,27.631021114862893,7.701235940682372,10.112611536621973,8.982422428322526,9.512182353804643,20,1,True,42,
ABC-SMC,495132.1585903084,7.687908909919503,2247900.0,34.903106451034546,7.748348389687036,24.28076620070303,11232.40804480272,27.631021114862893,7.701235940682372,10.112611536621973,8.982422428322526,9.512182353804643,20,1,True,42,
ABC-SMC,495837.7192982456,7.659210970527246,2261020.0,34.92600202560425,7.748348389687036,24.28076620070303,11232.40804480272,27.631021114862893,7.701235940682372,10.112611536621973,8.982422428322526,9.512182353804643,20,1,True,42,
ABC-SMC,496537.1179039301,7.630776578161914,2274140.0,34.94895672798157,7.748348389687036,24.28076620070303,11232.40804480272,27.631021114862893,7.701235940682372,10.112611536621973,8.982422428322526,9.512182353804643,20,1,True,42,
ABC-SMC,499401.7467248909,7.635753748198264,2287260.0,34.97175216674805,7.748348389687036,24.28076620070303,11232.40804480272,27.631021114862893,7.701235940682372,10.112611536621973,8.982422428322526,9.512182353804643,20,1,True,42,
ABC-SMC,497917.7489177489,7.574650477537345,2300380.0,34.994885206222534,7.748348389687036,24.28076620070303,11232.40804480272,27.631021114862893,7.701235940682372,10.112611536621973,8.982422428322526,9.512182353804643,20,1,True,42,
ABC-SMC,498599.1379310344,7.5469163985087935,2313500.0,35.01769208908081,7.748348389687036,24.28076620070303,11232.40804480272,27.631021114862893,7.701235940682372,10.112611536621973,8.982422428322526,9.512182353804643,20,1,True,42,
ABC-SMC,499274.678111588,7.519447240706677,2326620.0,35.040624141693115,7.748348389687036,24.28076620070303,11232.40804480272,27.631021114862893,7.701235940682372,10.112611536621973,8.982422428322526,9.512182353804643,20,1,True,42,
ABC-SMC,499944.4444444443,7.492171342556292,2339740.0,35.06336188316345,7.748348389687036,24.28076620070303,11232.40804480272,27.631021114862893,7.701235940682372,10.112611536621973,8.982422428322526,9.512182353804643,20,1,True,42,
ABC-SMC,502747.8632478632,7.497078078424828,2352860.0,35.0863254070282,7.748348389687036,24.28076620070303,11232.40804480272,27.631021114862893,7.701235940682372,10.112611536621973,8.982422428322526,9.512182353804643,20,1,True,42,
ABC-SMC,503400.0000000001,7.470017494039334,2365980.0,35.10908222198486,7.748348389687036,24.28076620070303,11232.40804480272,27.631021114862893,7.701235940682372,10.112611536621973,8.982422428322526,9.512182353804643,20,1,True,42,
ABC-SMC,499810.9243697479,7.380765175619046,2379100.0,35.132442235946655,7.748348389687036,24.28076620070303,11232.40804480272,27.631021114862893,7.701235940682372,10.112611536621973,8.982422428322526,9.512182353804643,20,1,True,42,
ABC-SMC,500464.43514644366,7.354677022750408,2392220.0,35.15535616874695,7.748348389687036,24.28076620070303,11232.40804480272,27.631021114862893,7.701235940682372,10.112611536621973,8.982422428322526,9.512182353804643,20,1,True,42,
ABC-SMC,501112.5,7.32886865735054,2405340.0,35.17856955528259,7.748348389687036,24.28076620070303,11232.40804480272,27.631021114862893,7.701235940682372,10.112611536621973,8.982422428322526,9.512182353804643,20,1,True,42,
ABC-SMC,501755.18672199175,7.303223570352768,2418460.0,35.20153760910034,7.748348389687036,24.28076620070303,11232.40804480272,27.631021114862893,7.701235940682372,10.112611536621973,8.982422428322526,9.512182353804643,20,1,True,42,
ABC-SMC,504477.1784232365,7.308010243775934,2431580.0,35.224609375,7.748348389687036,24.28076620070303,11232.40804480272,27.631021114862893,7.701235940682372,10.112611536621973,8.982422428322526,9.512182353804643,20,1,True,42,
ABC-SMC,507199.1701244813,7.312741714889083,2444700.0,35.24741506576538,7.748348389687036,24.28076620070303,11232.40804480272,27.631021114862893,7.701235940682372,10.112611536621973,8.982422428322526,9.512182353804643,20,1,True,42,
ABC-SMC,505724.27983539103,7.257297647342762,2457820.0,35.270466566085815,7.748348389687036,24.28076620070303,11232.40804480272,27.631021114862893,7.701235940682372,10.112611536621973,8.982422428322526,9.512182353804643,20,1,True,42,
ABC-SMC,506340.1639344263,7.232282787072854,2470940.0,35.29354000091553,7.748348389687036,24.28076620070303,11232.40804480272,27.631021114862893,7.701235940682372,10.112611536621973,8.982422428322526,9.512182353804643,20,1,True,42,
ABC-SMC,504890.243902439,7.178174431731061,2484060.0,35.31661820411682,7.748348389687036,24.28076620070303,11232.40804480272,27.631021114862893,7.701235940682372,10.112611536621973,8.982422428322526,9.512182353804643,20,1,True,42,
ABC-SMC,503463.7096774193,7.124914805735312,2497180.0,35.339577436447144,7.748348389687036,24.28076620070303,11232.40804480272,27.631021114862893,7.701235940682372,10.112611536621973,8.982422428322526,9.512182353804643,20,1,True,42,
ABC-SMC,506108.87096774194,7.129550941528812,2510300.0,35.36257266998291,7.748348389687036,24.28076620070303,11232.40804480272,27.631021114862893,7.701235940682372,10.112611536621973,8.982422428322526,9.512182353804643,20,1,True,42,
ABC-SMC,506710.84337349393,7.105511067861534,2523420.0,35.38544511795044,7.748348389687036,24.28076620070303,11232.40804480272,27.631021114862893,7.701235940682372,10.112611536621973,8.982422428322526,9.512182353804643,20,1,True,42,
ABC-SMC,505286.8525896415,7.053461160317835,2536540.0,35.40837502479553,7.748348389687036,24.28076620070303,11232.40804480272,27.631021114862893,7.701235940682372,10.112611536621973,8.982422428322526,9.512182353804643,20,1,True,42,
ABC-SMC,503885.3754940711,7.002292508664337,2549660.0,35.43160009384155,7.748348389687036,24.28076620070303,11232.40804480272,27.631021114862893,7.701235940682372,10.112611536621973,8.982422428322526,9.512182353804643,20,1,True,42,
ABC-SMC,502505.8823529412,6.951868206846948,2562780.0,35.454527854919434,7.748348389687036,24.28076620070303,11232.40804480272,27.631021114862893,7.701235940682372,10.112611536621973,8.982422428322526,9.512182353804643,20,1,True,42,
ABC-SMC,495365.3846153846,6.822982522157522,2575900.0,35.47950911521912,7.748348389687036,24.28076620070303,11232.40804480272,27.631021114862893,7.701235940682372,10.112611536621973,8.982422428322526,9.512182353804643,20,1,True,42,
ABC-SMC,495980.84291187726,6.801264952882495,2589020.0,35.50260305404663,7.748348389687036,24.28076620070303,11232.40804480272,27.631021114862893,7.701235940682372,10.112611536621973,8.982422428322526,9.512182353804643,20,1,True,42,
ABC-SMC,496591.6030534351,6.779702656141675,2602140.0,35.52564191818237,7.748348389687036,24.28076620070303,11232.40804480272,27.631021114862893,7.701235940682372,10.112611536621973,8.982422428322526,9.512182353804643,20,1,True,42,
ABC-SMC,495314.3939393939,6.732700855442972,2615260.0,35.54866051673889,7.748348389687036,24.28076620070303,11232.40804480272,27.631021114862893,7.701235940682372,10.112611536621973,8.982422428322526,9.512182353804643,20,1,True,42,
ABC-SMC,495920.754716981,6.711616606082555,2628380.0,35.57156801223755,7.748348389687036,24.28076620070303,11232.40804480272,27.631021114862893,7.701235940682372,10.112611536621973,8.982422428322526,9.512182353804643,20,1,True,42,
ABC-SMC,498396.2264150942,6.715966440596669,2641500.0,35.59462213516235,7.748348389687036,24.28076620070303,11232.40804480272,27.631021114862893,7.701235940682372,10.112611536621973,8.982422428322526,9.512182353804643,20,1,True,42,
ABC-SMC,500871.6981132075,6.7202956721467775,2654620.0,35.61756706237793,7.748348389687036,24.28076620070303,11232.40804480272,27.631021114862893,7.701235940682372,10.112611536621973,8.982422428322526,9.512182353804643,20,1,True,42,
ABC-SMC,503347.1698113207,6.7246313365000585,2667740.0,35.64054608345032,7.748348389687036,24.28076620070303,11232.40804480272,27.631021114862893,7.701235940682372,10.112611536621973,8.982422428322526,9.512182353804643,20,1,True,42,
ABC-SMC,502033.7078651685,6.678550430897916,2680860.0,35.66345930099487,7.748348389687036,24.28076620070303,11232.40804480272,27.631021114862893,7.701235940682372,10.112611536621973,8.982422428322526,9.512182353804643,20,1,True,42,
ABC-SMC,504490.6367041198,6.682842233207789,2693980.0,35.68637752532959,7.748348389687036,24.28076620070303,11232.40804480272,27.631021114862893,7.701235940682372,10.112611536621973,8.982422428322526,9.512182353804643,20,1,True,42,
ABC-SMC,501314.8148148148,6.613766793851499,2707100.0,35.714340686798096,7.748348389687036,24.28076620070303,11232.40804480272,27.631021114862893,7.701235940682372,10.112611536621973,8.982422428322526,9.512182353804643,20,1,True,42,
ABC-SMC,501885.6088560885,6.593616334274686,2720220.0,35.7374005317688,7.748348389687036,24.28076620070303,11232.40804480272,27.631021114862893,7.701235940682372,10.112611536621973,8.982422428322526,9.512182353804643,20,1,True,42,
ABC-SMC,504306.2730627306,6.597835903238106,2733340.0,35.76027059555054,7.748348389687036,24.28076620070303,11232.40804480272,27.631021114862893,7.701235940682372,10.112611536621973,8.982422428322526,9.512182353804643,20,1,True,42,
ABC-SMC,506726.9372693727,6.602094710093143,2746460.0,35.783353328704834,7.748348389687036,24.28076620070303,11232.40804480272,27.631021114862893,7.701235940682372,10.112611536621973,8.982422428322526,9.512182353804643,20,1,True,42,
ABC-SMC,507275.7352941177,6.582045160672243,2759580.0,35.80632567405701,7.748348389687036,24.28076620070303,11232.40804480272,27.631021114862893,7.701235940682372,10.112611536621973,8.982422428322526,9.512182353804643,20,1,True,42,
ABC-SMC,505967.15328467154,6.538200334910929,2772700.0,35.82933783531189,7.748348389687036,24.28076620070303,11232.40804480272,27.631021114862893,7.701235940682372,10.112611536621973,8.982422428322526,9.512182353804643,20,1,True,42,
ABC-SMC,508361.3138686132,6.542377489326643,2785820.0,35.85222864151001,7.748348389687036,24.28076620070303,11232.40804480272,27.631021114862893,7.701235940682372,10.112611536621973,8.982422428322526,9.512182353804643,20,1,True,42,
ABC-SMC,507054.34782608686,6.499102409335149,2798940.0,35.87504529953003,7.748348389687036,24.28076620070303,11232.40804480272,27.631021114862893,7.701235940682372,10.112611536621973,8.982422428322526,9.512182353804643,20,1,True,42,
ABC-SMC,507592.0577617327,6.479772032383115,2812060.0,35.897937059402466,7.748348389687036,24.28076620070303,11232.40804480272,27.631021114862893,7.701235940682372,10.112611536621973,8.982422428322526,9.512182353804643,20,1,True,42,
ABC-SMC,508125.89928057545,6.460607566421837,2825180.0,35.92097806930542,7.748348389687036,24.28076620070303,11232.40804480272,27.631021114862893,7.701235940682372,10.112611536621973,8.982422428322526,9.512182353804643,20,1,True,42,
ABC-SMC,506839.2857142856,6.418534474713461,2838300.0,35.943793058395386,7.748348389687036,24.28076620070303,11232.40804480272,27.631021114862893,7.701235940682372,10.112611536621973,8.982422428322526,9.512182353804643,20,1,True,42,
ABC-SMC,509182.1428571428,6.422635103975023,2851420.0,35.96675658226013,7.748348389687036,24.28076620070303,11232.40804480272,27.631021114862893,7.701235940682372,10.112611536621973,8.982422428322526,9.512182353804643,20,1,True,42,
ABC-SMC,509704.6263345195,6.403836024613566,2864540.0,35.98955845832825,7.748348389687036,24.28076620070303,11232.40804480272,27.631021114862893,7.701235940682372,10.112611536621973,8.982422428322526,9.512182353804643,20,1,True,42,
ABC-SMC,506630.2816901408,6.340243237119326,2877660.0,36.01258158683777,7.748348389687036,24.28076620070303,11232.40804480272,27.631021114862893,7.701235940682372,10.112611536621973,8.982422428322526,9.512182353804643,20,1,True,42,
ABC-SMC,508940.1408450704,6.344274651836342,2890780.0,36.03548002243042,7.748348389687036,24.28076620070303,11232.40804480272,27.631021114862893,7.701235940682372,10.112611536621973,8.982422428322526,9.512182353804643,20,1,True,42,
ABC-SMC,509456.1403508773,6.326027125643011,2903900.0,36.05835461616516,7.748348389687036,24.28076620070303,11232.40804480272,27.631021114862893,7.701235940682372,10.112611536621973,8.982422428322526,9.512182353804643,20,1,True,42,
ABC-SMC,511757.8947368421,6.330020636842963,2917020.0,36.08111763000488,7.748348389687036,24.28076620070303,11232.40804480272,27.631021114862893,7.701235940682372,10.112611536621973,8.982422428322526,9.512182353804643,20,1,True,42,
ABC-SMC,514059.6491228071,6.334028829608048,2930140.0,36.10396432876587,7.748348389687036,24.28076620070303,11232.40804480272,27.631021114862893,7.701235940682372,10.112611536621973,8.982422428322526,9.512182353804643,20,1,True,42,
ABC-SMC,516361.403508772,6.33802702552394,2943260.0,36.12675404548645,7.748348389687036,24.28076620070303,11232.40804480272,27.631021114862893,7.701235940682372,10.112611536621973,8.982422428322526,9.512182353804643,20,1,True,42,
ABC-SMC,516849.6503496504,6.319877859595772,2956380.0,36.14970135688782,7.748348389687036,24.28076620070303,11232.40804480272,27.631021114862893,7.701235940682372,10.112611536621973,8.982422428322526,9.512182353804643,20,1,True,42,
ABC-SMC,517334.4947735193,6.301822188839266,2969500.0,36.17245936393738,7.748348389687036,24.28076620070303,11232.40804480272,27.631021114862893,7.701235940682372,10.112611536621973,8.982422428322526,9.512182353804643,20,1,True,42,
ABC-SMC,517815.9722222222,6.283950184782347,2982620.0,36.19555306434631,7.748348389687036,24.28076620070303,11232.40804480272,27.631021114862893,7.701235940682372,10.112611536621973,8.982422428322526,9.512182353804643,20,1,True,42,
ABC-SMC,518294.1176470589,6.266146423907429,2995740.0,36.21832633018494,7.748348389687036,24.28076620070303,11232.40804480272,27.631021114862893,7.701235940682372,10.112611536621973,8.982422428322526,9.512182353804643,20,1,True,42,
ABC-SMC,518768.9655172413,6.250017100367052,3008860.0,36.250099182128906,7.748348389687036,24.28076620070303,11232.40804480272,27.631021114862893,7.701235940682372,10.112611536621973,8.982422428322526,9.512182353804643,20,1,True,42,
ABC-SMC,519240.5498281788,6.232726696840268,3021980.0,36.27446937561035,7.748348389687036,24.28076620070303,11232.40804480272,27.631021114862893,7.701235940682372,10.112611536621973,8.982422428322526,9.512182353804643,20,1,True,42,
ABC-SMC,517935.1535836179,6.194114400258244,3035100.0,36.297510385513306,7.748348389687036,24.28076620070303,11232.40804480272,27.631021114862893,7.701235940682372,10.112611536621973,8.982422428322526,9.512182353804643,20,1,True,42,
ABC-SMC,520174.0614334472,6.19801258471232,3048220.0,36.320353746414185,7.748348389687036,24.28076620070303,11232.40804480272,27.631021114862893,7.701235940682372,10.112611536621973,8.982422428322526,9.512182353804643,20,1,True,42,
ABC-SMC,522412.9692832765,6.201961463628777,3061340.0,36.343494176864624,7.748348389687036,24.28076620070303,11232.40804480272,27.631021114862893,7.701235940682372,10.112611536621973,8.982422428322526,9.512182353804643,20,1,True,42,
ABC-SMC,522867.3469387756,6.184773461348345,3074460.0,36.36646795272827,7.748348389687036,24.28076620070303,11232.40804480272,27.631021114862893,7.701235940682372,10.112611536621973,8.982422428322526,9.512182353804643,20,1,True,42,
ABC-SMC,519794.61279461294,6.12618883049448,3087580.0,36.38956165313721,7.748348389687036,24.28076620070303,11232.40804480272,27.631021114862893,7.701235940682372,10.112611536621973,8.982422428322526,9.512182353804643,20,1,True,42,
ABC-SMC,516783.3333333333,6.068785190582275,3100700.0,36.41271114349365,7.748348389687036,24.28076620070303,11232.40804480272,27.631021114862893,7.701235940682372,10.112611536621973,8.982422428322526,9.512182353804643,20,1,True,42,
ABC-SMC,515533.1125827814,6.032404520653731,3113820.0,36.435723304748535,7.748348389687036,24.28076620070303,11232.40804480272,27.631021114862893,7.701235940682372,10.112611536621973,8.982422428322526,9.512182353804643,20,1,True,42,
ABC-SMC,515996.6996699671,6.016286332221708,3126940.0,36.45869517326355,7.748348389687036,24.28076620070303,11232.40804480272,27.631021114862893,7.701235940682372,10.112611536621973,8.982422428322526,9.512182353804643,20,1,True,42,
ABC-SMC,516457.2368421053,6.000550601043199,3140060.0,36.48334765434265,7.748348389687036,24.28076620070303,11232.40804480272,27.631021114862893,7.701235940682372,10.112611536621973,8.982422428322526,9.512182353804643,20,1,True,42,
ABC-SMC,516914.7540983606,5.984616944047271,3153180.0,36.506163358688354,7.748348389687036,24.28076620070303,11232.40804480272,27.631021114862893,7.701235940682372,10.112611536621973,8.982422428322526,9.512182353804643,20,1,True,42,
ABC-SMC,519065.5737704918,5.988393455255227,3166300.0,36.529200077056885,7.748348389687036,24.28076620070303,11232.40804480272,27.631021114862893,7.701235940682372,10.112611536621973,8.982422428322526,9.512182353804643,20,1,True,42,
ABC-SMC,519513.0718954248,5.972558259963989,3179420.0,36.552056550979614,7.748348389687036,24.28076620070303,11232.40804480272,27.631021114862893,7.701235940682372,10.112611536621973,8.982422428322526,9.512182353804643,20,1,True,42,
ABC-SMC,521656.862745098,5.976327260335286,3192540.0,36.57512283325195,7.748348389687036,24.28076620070303,11232.40804480272,27.631021114862893,7.701235940682372,10.112611536621973,8.982422428322526,9.512182353804643,20,1,True,42,
ABC-SMC,520399.3506493506,5.941223362823585,3205660.0,36.597935914993286,7.748348389687036,24.28076620070303,11232.40804480272,27.631021114862893,7.701235940682372,10.112611536621973,8.982422428322526,9.512182353804643,20,1,True,42,
ABC-SMC,519158.064516129,5.906614257443336,3218780.0,36.62100839614868,7.748348389687036,24.28076620070303,11232.40804480272,27.631021114862893,7.701235940682372,10.112611536621973,8.982422428322526,9.512182353804643,20,1,True,42,
ABC-SMC,521274.1935483871,5.910319897436327,3231900.0,36.643983364105225,7.748348389687036,24.28076620070303,11232.40804480272,27.631021114862893,7.701235940682372,10.112611536621973,8.982422428322526,9.512182353804643,20,1,True,42,
ABC-SMC,521707.3954983923,5.8950130195863,3245020.0,36.66698098182678,7.748348389687036,24.28076620070303,11232.40804480272,27.631021114862893,7.701235940682372,10.112611536621973,8.982422428322526,9.512182353804643,20,1,True,42,
ABC-SMC,522137.82051282056,5.879767353718098,3258140.0,36.68974828720093,7.748348389687036,24.28076620070303,11232.40804480272,27.631021114862893,7.701235940682372,10.112611536621973,8.982422428322526,9.512182353804643,20,1,True,42,
ABC-SMC,520901.2738853503,5.8459592093328006,3271260.0,36.71262383460999,7.748348389687036,24.28076620070303,11232.40804480272,27.631021114862893,7.701235940682372,10.112611536621973,8.982422428322526,9.512182353804643,20,1,True,42,
ABC-SMC,522990.44585987256,5.8495928147795855,3284380.0,36.7354428768158,7.748348389687036,24.28076620070303,11232.40804480272,27.631021114862893,7.701235940682372,10.112611536621973,8.982422428322526,9.512182353804643,20,1,True,42,
ABC-SMC,523412.69841269846,5.834643273126511,3297500.0,36.75825262069702,7.748348389687036,24.28076620070303,11232.40804480272,27.631021114862893,7.701235940682372,10.112611536621973,8.982422428322526,9.512182353804643,20,1,True,42,
ABC-SMC,520537.7358490566,5.783185081661872,3310620.0,36.78105711936951,7.748348389687036,24.28076620070303,11232.40804480272,27.631021114862893,7.701235940682372,10.112611536621973,8.982422428322526,9.512182353804643,20,1,True,42,
ABC-SMC,520962.3824451411,5.768638157919283,3323740.0,36.803911447525024,7.748348389687036,24.28076620070303,11232.40804480272,27.631021114862893,7.701235940682372,10.112611536621973,8.982422428322526,9.512182353804643,20,1,True,42,
ABC-SMC,521384.375,5.754158720374107,3336860.0,36.82661581039429,7.748348389687036,24.28076620070303,11232.40804480272,27.631021114862893,7.701235940682372,10.112611536621973,8.982422428322526,9.512182353804643,20,1,True,42,
ABC-SMC,521803.738317757,5.740443271268566,3349980.0,36.85364580154419,7.748348389687036,24.28076620070303,11232.40804480272,27.631021114862893,7.701235940682372,10.112611536621973,8.982422428322526,9.512182353804643,20,1,True,42,
ABC-SMC,520603.7151702786,5.708429577180845,3363100.0,36.87645506858826,7.748348389687036,24.28076620070303,11232.40804480272,27.631021114862893,7.701235940682372,10.112611536621973,8.982422428322526,9.512182353804643,20,1,True,42,
ABC-SMC,519418.4615384616,5.676819764650785,3376220.0,36.8993284702301,7.748348389687036,24.28076620070303,11232.40804480272,27.631021114862893,7.701235940682372,10.112611536621973,8.982422428322526,9.512182353804643,20,1,True,42,
ABC-SMC,519837.4233128834,5.662877354885171,3389340.0,36.92196035385132,7.748348389687036,24.28076620070303,11232.40804480272,27.631021114862893,7.701235940682372,10.112611536621973,8.982422428322526,9.512182353804643,20,1,True,42,
ABC-SMC,521849.6932515337,5.6663762938025535,3402460.0,36.94477343559265,7.748348389687036,24.28076620070303,11232.40804480272,27.631021114862893,7.701235940682372,10.112611536621973,8.982422428322526,9.512182353804643,20,1,True,42,
ABC-SMC,522259.9388379204,5.652520999266832,3415580.0,36.96748733520508,7.748348389687036,24.28076620070303,11232.40804480272,27.631021114862893,7.701235940682372,10.112611536621973,8.982422428322526,9.512182353804643,20,1,True,42,
ABC-SMC,519499.9999999999,5.604606505596276,3428700.0,36.99040293693543,7.748348389687036,24.28076620070303,11232.40804480272,27.631021114862893,7.701235940682372,10.112611536621973,8.982422428322526,9.512182353804643,20,1,True,42,
ABC-SMC,519912.38670694863,5.591055957932487,3441820.0,37.01279044151306,7.748348389687036,24.28076620070303,11232.40804480272,27.631021114862893,7.701235940682372,10.112611536621973,8.982422428322526,9.512182353804643,20,1,True,42,
ABC-SMC,520322.2891566264,5.577626213969954,3454940.0,37.0354380607605,7.748348389687036,24.28076620070303,11232.40804480272,27.631021114862893,7.701235940682372,10.112611536621973,8.982422428322526,9.512182353804643,20,1,True,42,
ABC-SMC,519170.65868263465,5.547629287856781,3468060.0,37.0581636428833,7.748348389687036,24.28076620070303,11232.40804480272,27.631021114862893,7.701235940682372,10.112611536621973,8.982422428322526,9.512182353804643,20,1,True,42,
ABC-SMC,521134.7305389221,5.551030393132192,3481180.0,37.08088302612305,7.748348389687036,24.28076620070303,11232.40804480272,27.631021114862893,7.701235940682372,10.112611536621973,8.982422428322526,9.512182353804643,20,1,True,42,
ABC-SMC,521537.3134328359,5.537819150668472,3494300.0,37.10338830947876,7.748348389687036,24.28076620070303,11232.40804480272,27.631021114862893,7.701235940682372,10.112611536621973,8.982422428322526,9.512182353804643,20,1,True,42,
ABC-SMC,521937.4999999999,5.524700773613793,3507420.0,37.12598919868469,7.748348389687036,24.28076620070303,11232.40804480272,27.631021114862893,7.701235940682372,10.112611536621973,8.982422428322526,9.512182353804643,20,1,True,42,
ABC-SMC,522335.31157270033,5.511647763521099,3520540.0,37.1485059261322,7.748348389687036,24.28076620070303,11232.40804480272,27.631021114862893,7.701235940682372,10.112611536621973,8.982422428322526,9.512182353804643,20,1,True,42,
ABC-SMC,522730.7692307692,5.498681724424193,3533660.0,37.17108845710754,7.748348389687036,24.28076620070303,11232.40804480272,27.631021114862893,7.701235940682372,10.112611536621973,8.982422428322526,9.512182353804643,20,1,True,42,
ABC-SMC,524671.597633136,5.5020002218393165,3546780.0,37.19352149963379,7.748348389687036,24.28076620070303,11232.40804480272,27.631021114862893,7.701235940682372,10.112611536621973,8.982422428322526,9.512182353804643,20,1,True,42,
ABC-SMC,526612.4260355028,5.505317096879495,3559900.0,37.2159435749054,7.748348389687036,24.28076620070303,11232.40804480272,27.631021114862893,7.701235940682372,10.112611536621973,8.982422428322526,9.512182353804643,20,1,True,42,
ABC-SMC,525444.1176470588,5.476238657446467,3573020.0,37.23842287063599,7.748348389687036,24.28076620070303,11232.40804480272,27.631021114862893,7.701235940682372,10.112611536621973,8.982422428322526,9.512182353804643,20,1,True,42,
ABC-SMC,525826.9794721408,5.463454590514957,3586140.0,37.26076030731201,7.748348389687036,24.28076620070303,11232.40804480272,27.631021114862893,7.701235940682372,10.112611536621973,8.982422428322526,9.512182353804643,20,1,True,42,
ABC-SMC,526207.6023391812,5.450757727985493,3599260.0,37.283182859420776,7.748348389687036,24.28076620070303,11232.40804480272,27.631021114862893,7.701235940682372,10.112611536621973,8.982422428322526,9.512182353804643,20,1,True,42,
ABC-SMC,525055.2325581396,5.4223270263782775,3612380.0,37.305609941482544,7.748348389687036,24.28076620070303,11232.40804480272,27.631021114862893,7.701235940682372,10.112611536621973,8.982422428322526,9.512182353804643,20,1,True,42,
ABC-SMC,526962.2093023256,5.425588197486346,3625500.0,37.328046798706055,7.748348389687036,24.28076620070303,11232.40804480272,27.631021114862893,7.701235940682372,10.112611536621973,8.982422428322526,9.512182353804643,20,1,True,42,
ABC-SMC,527336.2318840581,5.414110612178195,3638620.0,37.35736322402954,7.748348389687036,24.28076620070303,11232.40804480272,27.631021114862893,7.701235940682372,10.112611536621973,8.982422428322526,9.512182353804643,20,1,True,42,
ABC-SMC,529237.6811594204,5.417508629785068,3651740.0,37.38080954551697,7.748348389687036,24.28076620070303,11232.40804480272,27.631021114862893,7.701235940682372,10.112611536621973,8.982422428322526,9.512182353804643,20,1,True,42,
ABC-SMC,531139.1304347827,5.420792448347894,3664860.0,37.403467893600464,7.748348389687036,24.28076620070303,11232.40804480272,27.631021114862893,7.701235940682372,10.112611536621973,8.982422428322526,9.512182353804643,20,1,True,42,
ABC-SMC,533040.579710145,5.424103944197946,3677980.0,37.42631721496582,7.748348389687036,24.28076620070303,11232.40804480272,27.631021114862893,7.701235940682372,10.112611536621973,8.982422428322526,9.512182353804643,20,1,True,42,
ABC-SMC,533395.9537572254,5.411719690168525,3691100.0,37.44910025596619,7.748348389687036,24.28076620070303,11232.40804480272,27.631021114862893,7.701235940682372,10.112611536621973,8.982422428322526,9.512182353804643,20,1,True,42,
ABC-SMC,533749.2795389049,5.399715488169997,3704220.0,37.47402548789978,7.748348389687036,24.28076620070303,11232.40804480272,27.631021114862893,7.701235940682372,10.112611536621973,8.982422428322526,9.512182353804643,20,1,True,42,
ABC-SMC,534100.5747126437,5.387484719013346,3717340.0,37.496893644332886,7.748348389687036,24.28076620070303,11232.40804480272,27.631021114862893,7.701235940682372,10.112611536621973,8.982422428322526,9.512182353804643,20,1,True,42,
ABC-SMC,535985.6321839081,5.390762803198278,3730460.0,37.51970911026001,7.748348389687036,24.28076620070303,11232.40804480272,27.631021114862893,7.701235940682372,10.112611536621973,8.982422428322526,9.512182353804643,20,1,True,42,
ABC-SMC,534797.1428571428,5.363229479108538,3743580.0,37.542606353759766,7.748348389687036,24.28076620070303,11232.40804480272,27.631021114862893,7.701235940682372,10.112611536621973,8.982422428322526,9.512182353804643,20,1,True,42,
ABC-SMC,536671.4285714285,5.366476910454886,3756700.0,37.56533837318421,7.748348389687036,24.28076620070303,11232.40804480272,27.631021114862893,7.701235940682372,10.112611536621973,8.982422428322526,9.512182353804643,20,1,True,42,
ABC-SMC,538545.7142857143,5.369740588324411,3769820.0,37.58818411827088,7.748348389687036,24.28076620070303,11232.40804480272,27.631021114862893,7.701235940682372,10.112611536621973,8.982422428322526,9.512182353804643,20,1,True,42,
ABC-SMC,540420.0,5.372935908181327,3782940.0,37.61055135726929,7.748348389687036,24.28076620070303,11232.40804480272,27.631021114862893,7.701235940682372,10.112611536621973,8.982422428322526,9.512182353804643,20,1,True,42,
ABC-SMC,542294.2857142857,5.376202855791364,3796060.0,37.63341999053955,7.748348389687036,24.28076620070303,11232.40804480272,27.631021114862893,7.701235940682372,10.112611536621973,8.982422428322526,9.512182353804643,20,1,True,42,
ABC-SMC,542618.2336182336,5.364058194337068,3809180.0,37.655688524246216,7.748348389687036,24.28076620070303,11232.40804480272,27.631021114862893,7.701235940682372,10.112611536621973,8.982422428322526,9.512182353804643,20,1,True,42,
ABC-SMC,542940.3409090909,5.352076549421659,3822300.0,37.67861890792847,7.748348389687036,24.28076620070303,11232.40804480272,27.631021114862893,7.701235940682372,10.112611536621973,8.982422428322526,9.512182353804643,20,1,True,42,
ABC-SMC,544803.9772727274,5.355303903872317,3835420.0,37.70133948326111,7.748348389687036,24.28076620070303,11232.40804480272,27.631021114862893,7.701235940682372,10.112611536621973,8.982422428322526,9.512182353804643,20,1,True,42,
ABC-SMC,542047.8873239437,5.313259279224234,3848540.0,37.72414088249207,7.748348389687036,24.28076620070303,11232.40804480272,27.631021114862893,7.701235940682372,10.112611536621973,8.982422428322526,9.512182353804643,20,1,True,42,
ABC-SMC,542367.9775280899,5.3015123257476295,3861660.0,37.74676775932312,7.748348389687036,24.28076620070303,11232.40804480272,27.631021114862893,7.701235940682372,10.112611536621973,8.982422428322526,9.512182353804643,20,1,True,42,
ABC-SMC,542686.2745098039,5.289849613894935,3874780.0,37.76952624320984,7.748348389687036,24.28076620070303,11232.40804480272,27.631021114862893,7.701235940682372,10.112611536621973,8.982422428322526,9.512182353804643,20,1,True,42,
ABC-SMC,544523.8095238095,5.293048229538092,3887900.0,37.79236435890198,7.748348389687036,24.28076620070303,11232.40804480272,27.631021114862893,7.701235940682372,10.112611536621973,8.982422428322526,9.512182353804643,20,1,True,42,
ABC-SMC,546361.3445378152,5.296237862744586,3901020.0,37.81513833999634,7.748348389687036,24.28076620070303,11232.40804480272,27.631021114862893,7.701235940682372,10.112611536621973,8.982422428322526,9.512182353804643,20,1,True,42,
ABC-SMC,546667.597765363,5.284613204401965,3914140.0,37.83783054351807,7.748348389687036,24.28076620070303,11232.40804480272,27.631021114862893,7.701235940682372,10.112611536621973,8.982422428322526,9.512182353804643,20,1,True,42,
ABC-SMC,546972.1448467968,5.273074990859603,3927260.0,37.86067843437195,7.748348389687036,24.28076620070303,11232.40804480272,27.631021114862893,7.701235940682372,10.112611536621973,8.982422428322526,9.512182353804643,20,1,True,42,
ABC-SMC,547275.0000000001,5.261597798930275,3940380.0,37.88350415229797,7.748348389687036,24.28076620070303,11232.40804480272,27.631021114862893,7.701235940682372,10.112611536621973,8.982422428322526,9.512182353804643,20,1,True,42,
ABC-SMC,546063.5359116022,5.23568161284726,3953500.0,37.90633487701416,7.748348389687036,24.28076620070303,11232.40804480272,27.631021114862893,7.701235940682372,10.112611536621973,8.982422428322526,9.512182353804643,20,1,True,42,
ABC-SMC,547875.6906077348,5.238864698462724,3966620.0,37.92938041687012,7.748348389687036,24.28076620070303,11232.40804480272,27.631021114862893,7.701235940682372,10.112611536621973,8.982422428322526,9.512182353804643,20,1,True,42,
ABC-SMC,546667.5824175825,5.2131671499420005,3979740.0,37.95185685157776,7.748348389687036,24.28076620070303,11232.40804480272,27.631021114862893,7.701235940682372,10.112611536621973,8.982422428322526,9.512182353804643,20,1,True,42,
ABC-SMC,545472.6775956284,5.187775626208613,3992860.0,37.974517583847046,7.748348389687036,24.28076620070303,11232.40804480272,27.631021114862893,7.701235940682372,10.112611536621973,8.982422428322526,9.512182353804643,20,1,True,42,
ABC-SMC,547265.0273224044,5.190887444657706,4005980.0,37.99729609489441,7.748348389687036,24.28076620070303,11232.40804480272,27.631021114862893,7.701235940682372,10.112611536621973,8.982422428322526,9.512182353804643,20,1,True,42,
ABC-SMC,549057.3770491803,5.193975160682136,4019100.0,38.01989817619324,7.748348389687036,24.28076620070303,11232.40804480272,27.631021114862893,7.701235940682372,10.112611536621973,8.982422428322526,9.512182353804643,20,1,True,42,
ABC-SMC,549348.7738419619,5.182919515251139,4032220.0,38.04262924194336,7.748348389687036,24.28076620070303,11232.40804480272,27.631021114862893,7.701235940682372,10.112611536621973,8.982422428322526,9.512182353804643,20,1,True,42,
ABC-SMC,551136.2397820164,5.186028668925938,4045340.0,38.06545042991638,7.748348389687036,24.28076620070303,11232.40804480272,27.631021114862893,7.701235940682372,10.112611536621973,8.982422428322526,9.512182353804643,20,1,True,42,
ABC-SMC,552923.7057220709,5.189142435058261,4058460.0,38.08830547332764,7.748348389687036,24.28076620070303,11232.40804480272,27.631021114862893,7.701235940682372,10.112611536621973,8.982422428322526,9.512182353804643,20,1,True,42,
ABC-SMC,554711.1716621254,5.192223719095339,4071580.0,38.11092209815979,7.748348389687036,24.28076620070303,11232.40804480272,27.631021114862893,7.701235940682372,10.112611536621973,8.982422428322526,9.512182353804643,20,1,True,42,
ABC-SMC,554986.4130434784,5.18121489364168,4084700.0,38.13374161720276,7.748348389687036,24.28076620070303,11232.40804480272,27.631021114862893,7.701235940682372,10.112611536621973,8.982422428322526,9.512182353804643,20,1,True,42,
ABC-SMC,556769.0217391305,5.184245077164277,4097820.0,38.15604376792908,7.748348389687036,24.28076620070303,11232.40804480272,27.631021114862893,7.701235940682372,10.112611536621973,8.982422428322526,9.512182353804643,20,1,True,42,
ABC-SMC,558551.6304347826,5.187353686146115,4110940.0,38.1789231300354,7.748348389687036,24.28076620070303,11232.40804480272,27.631021114862893,7.701235940682372,10.112611536621973,8.982422428322526,9.512182353804643,20,1,True,42,
ABC-SMC,560334.2391304348,5.190431261840074,4124060.0,38.201574087142944,7.748348389687036,24.28076620070303,11232.40804480272,27.631021114862893,7.701235940682372,10.112611536621973,8.982422428322526,9.512182353804643,20,1,True,42,
ABC-SMC,560593.4959349594,5.179463363275295,4137180.0,38.22443962097168,7.748348389687036,24.28076620070303,11232.40804480272,27.631021114862893,7.701235940682372,10.112611536621973,8.982422428322526,9.512182353804643,20,1,True,42,
ABC-SMC,562371.2737127371,5.182546781007513,4150300.0,38.24719524383545,7.748348389687036,24.28076620070303,11232.40804480272,27.631021114862893,7.701235940682372,10.112611536621973,8.982422428322526,9.512182353804643,20,1,True,42,
ABC-SMC,564149.0514905149,5.185635981520986,4163420.0,38.26999354362488,7.748348389687036,24.28076620070303,11232.40804480272,27.631021114862893,7.701235940682372,10.112611536621973,8.982422428322526,9.512182353804643,20,1,True,42,
ABC-SMC,561362.9032258065,5.146815059005574,4176540.0,38.292304039001465,7.748348389687036,24.28076620070303,11232.40804480272,27.631021114862893,7.701235940682372,10.112611536621973,8.982422428322526,9.512182353804643,20,1,True,42,
ABC-SMC,563126.3440860217,5.149884217528888,4189660.0,38.31513857841492,7.748348389687036,24.28076620070303,11232.40804480272,27.631021114862893,7.701235940682372,10.112611536621973,8.982422428322526,9.512182353804643,20,1,True,42,
ABC-SMC,564889.7849462366,5.153061946233114,4202780.0,38.338780879974365,7.748348389687036,24.28076620070303,11232.40804480272,27.631021114862893,7.701235940682372,10.112611536621973,8.982422428322526,9.512182353804643,20,1,True,42,
ABC-SMC,565134.0482573727,5.142292068726896,4215900.0,38.36149883270264,7.748348389687036,24.28076620070303,11232.40804480272,27.631021114862893,7.701235940682372,10.112611536621973,8.982422428322526,9.512182353804643,20,1,True,42,
ABC-SMC,566892.7613941019,5.145319856843105,4229020.0,38.38408613204956,7.748348389687036,24.28076620070303,11232.40804480272,27.631021114862893,7.701235940682372,10.112611536621973,8.982422428322526,9.512182353804643,20,1,True,42,
ABC-SMC,568651.4745308311,5.148349722332993,4242140.0,38.406688928604126,7.748348389687036,24.28076620070303,11232.40804480272,27.631021114862893,7.701235940682372,10.112611536621973,8.982422428322526,9.512182353804643,20,1,True,42,
ABC-SMC,570410.1876675603,5.151435581033415,4255260.0,38.42970943450928,7.748348389687036,24.28076620070303,11232.40804480272,27.631021114862893,7.701235940682372,10.112611536621973,8.982422428322526,9.512182353804643,20,1,True,42,
ABC-SMC,570639.0374331551,5.140724475371009,4268380.0,38.45261907577515,7.748348389687036,24.28076620070303,11232.40804480272,27.631021114862893,7.701235940682372,10.112611536621973,8.982422428322526,9.512182353804643,20,1,True,42,
ABC-SMC,569348.4042553192,5.116650335332181,4281500.0,38.477210521698,7.748348389687036,24.28076620070303,11232.40804480272,27.631021114862893,7.701235940682372,10.112611536621973,8.982422428322526,9.512182353804643,20,1,True,42,
ABC-SMC,571093.085106383,5.119678853674138,4294620.0,38.49998497962952,7.748348389687036,24.28076620070303,11232.40804480272,27.631021114862893,7.701235940682372,10.112611536621973,8.982422428322526,9.512182353804643,20,1,True,42,
ABC-SMC,571318.3023872678,5.109107842179761,4307740.0,38.5226731300354,7.748348389687036,24.28076620070303,11232.40804480272,27.631021114862893,7.701235940682372,10.112611536621973,8.982422428322526,9.512182353804643,20,1,True,42,
ABC-SMC,573058.3554376658,5.112117544725656,4320860.0,38.545366287231445,7.748348389687036,24.28076620070303,11232.40804480272,27.631021114862893,7.701235940682372,10.112611536621973,8.982422428322526,9.512182353804643,20,1,True,42,
ABC-SMC,574798.4084880636,5.115110298682903,4333980.0,38.56793165206909,7.748348389687036,24.28076620070303,11232.40804480272,27.631021114862893,7.701235940682372,10.112611536621973,8.982422428322526,9.512182353804643,20,1,True,42,
ABC-SMC,575013.2275132274,5.104593562070654,4347100.0,38.59072732925415,7.748348389687036,24.28076620070303,11232.40804480272,27.631021114862893,7.701235940682372,10.112611536621973,8.982422428322526,9.512182353804643,20,1,True,42,
ABC-SMC,576748.6772486771,5.107557363611049,4360220.0,38.613133668899536,7.748348389687036,24.28076620070303,11232.40804480272,27.631021114862893,7.701235940682372,10.112611536621973,8.982422428322526,9.512182353804643,20,1,True,42,
ABC-SMC,578484.1269841269,5.110583955017977,4373340.0,38.63601469993591,7.748348389687036,24.28076620070303,11232.40804480272,27.631021114862893,7.701235940682372,10.112611536621973,8.982422428322526,9.512182353804643,20,1,True,42,
ABC-SMC,578688.654353562,5.100094265547781,4386460.0,38.65871453285217,7.748348389687036,24.28076620070303,11232.40804480272,27.631021114862893,7.701235940682372,10.112611536621973,8.982422428322526,9.512182353804643,20,1,True,42,
ABC-SMC,578892.1052631579,5.089677164429113,4399580.0,38.681546449661255,7.748348389687036,24.28076620070303,11232.40804480272,27.631021114862893,7.701235940682372,10.112611536621973,8.982422428322526,9.512182353804643,20,1,True,42,
ABC-SMC,579094.4881889763,5.0792836454596735,4412700.0,38.70414137840271,7.748348389687036,24.28076620070303,11232.40804480272,27.631021114862893,7.701235940682372,10.112611536621973,8.982422428322526,9.512182353804643,20,1,True,42,
ABC-SMC,579295.8115183245,5.068949754325506,4425820.0,38.72677612304688,7.748348389687036,24.28076620070303,11232.40804480272,27.631021114862893,7.701235940682372,10.112611536621973,8.982422428322526,9.512182353804643,20,1,True,42,
ABC-SMC,581013.0890052356,5.07194072164166,4438940.0,38.749627113342285,7.748348389687036,24.28076620070303,11232.40804480272,27.631021114862893,7.701235940682372,10.112611536621973,8.982422428322526,9.512182353804643,20,1,True,42,
ABC-SMC,579695.3125,5.048505899806818,4452060.0,38.77252531051636,7.748348389687036,24.28076620070303,11232.40804480272,27.631021114862893,7.701235940682372,10.112611536621973,8.982422428322526,9.512182353804643,20,1,True,42,
ABC-SMC,581403.6458333334,5.051451300581296,4465180.0,38.79514598846436,7.748348389687036,24.28076620070303,11232.40804480272,27.631021114862893,7.701235940682372,10.112611536621973,8.982422428322526,9.512182353804643,20,1,True,42,
ABC-SMC,581597.4025974026,5.041280690725748,4478300.0,38.81786131858826,7.748348389687036,24.28076620070303,11232.40804480272,27.631021114862893,7.701235940682372,10.112611536621973,8.982422428322526,9.512182353804643,20,1,True,42,
ABC-SMC,580286.8217054264,5.018147264032093,4491420.0,38.8404598236084,7.748348389687036,24.28076620070303,11232.40804480272,27.631021114862893,7.701235940682372,10.112611536621973,8.982422428322526,9.512182353804643,20,1,True,42,
ABC-SMC,578989.7172236503,4.995271785706665,4504540.0,38.86321449279785,7.748348389687036,24.28076620070303,11232.40804480272,27.631021114862893,7.701235940682372,10.112611536621973,8.982422428322526,9.512182353804643,20,1,True,42,
ABC-SMC,580676.0925449871,4.998183005266754,4517660.0,38.88586378097534,7.748348389687036,24.28076620070303,11232.40804480272,27.631021114862893,7.701235940682372,10.112611536621973,8.982422428322526,9.512182353804643,20,1,True,42,
ABC-SMC,579383.631713555,4.975536686685079,4530780.0,38.90869688987732,7.748348389687036,24.28076620070303,11232.40804480272,27.631021114862893,7.701235940682372,10.112611536621973,8.982422428322526,9.512182353804643,20,1,True,42,
ABC-SMC,576637.0558375634,4.940518812479707,4543900.0,38.93128824234009,7.748348389687036,24.28076620070303,11232.40804480272,27.631021114862893,7.701235940682372,10.112611536621973,8.982422428322526,9.512182353804643,20,1,True,42,
ABC-SMC,578302.0304568527,4.94339163533322,4557020.0,38.95392608642578,7.748348389687036,24.28076620070303,11232.40804480272,27.631021114862893,7.701235940682372,10.112611536621973,8.982422428322526,9.512182353804643,20,1,True,42,
ABC-SMC,579967.005076142,4.946217591387366,4570140.0,38.976194620132446,7.748348389687036,24.28076620070303,11232.40804480272,27.631021114862893,7.701235940682372,10.112611536621973,8.982422428322526,9.512182353804643,20,1,True,42,
ABC-SMC,581631.9796954314,4.949113287901515,4583260.0,38.99901270866394,7.748348389687036,24.28076620070303,11232.40804480272,27.631021114862893,7.701235940682372,10.112611536621973,8.982422428322526,9.512182353804643,20,1,True,42,
ABC-SMC,581820.253164557,4.939470170419427,4596380.0,39.02181434631348,7.748348389687036,24.28076620070303,11232.40804480272,27.631021114862893,7.701235940682372,10.112611536621973,8.982422428322526,9.512182353804643,20,1,True,42,
ABC-SMC,580541.5617128464,4.917441057017829,4609500.0,39.04448199272156,7.748348389687036,24.28076620070303,11232.40804480272,27.631021114862893,7.701235940682372,10.112611536621973,8.982422428322526,9.512182353804643,20,1,True,42,
ABC-SMC,580731.1557788944,4.907971261134699,4622620.0,39.0674512386322,7.748348389687036,24.28076620070303,11232.40804480272,27.631021114862893,7.701235940682372,10.112611536621973,8.982422428322526,9.512182353804643,20,1,True,42,
ABC-SMC,580919.7994987469,4.898492943374136,4635740.0,39.08997368812561,7.748348389687036,24.28076620070303,11232.40804480272,27.631021114862893,7.701235940682372,10.112611536621973,8.982422428322526,9.512182353804643,20,1,True,42,
ABC-SMC,581107.5,4.889040499925613,4648860.0,39.11232399940491,7.748348389687036,24.28076620070303,11232.40804480272,27.631021114862893,7.701235940682372,10.112611536621973,8.982422428322526,9.512182353804643,20,1,True,42,
ABC-SMC,582747.5,4.891839981079102,4661980.0,39.13471984863281,7.748348389687036,24.28076620070303,11232.40804480272,27.631021114862893,7.701235940682372,10.112611536621973,8.982422428322526,9.512182353804643,20,1,True,42,
ABC-SMC,582930.174563591,4.882854297571349,4675100.0,39.16049146652222,7.748348389687036,24.28076620070303,11232.40804480272,27.631021114862893,7.701235940682372,10.112611536621973,8.982422428322526,9.512182353804643,20,1,True,42,
ABC-SMC,584566.0847880299,4.885748615883235,4688220.0,39.183703899383545,7.748348389687036,24.28076620070303,11232.40804480272,27.631021114862893,7.701235940682372,10.112611536621973,8.982422428322526,9.512182353804643,20,1,True,42,
ABC-SMC,586201.9950124689,4.888558179660331,4701340.0,39.206236600875854,7.748348389687036,24.28076620070303,11232.40804480272,27.631021114862893,7.701235940682372,10.112611536621973,8.982422428322526,9.512182353804643,20,1,True,42,
ABC-SMC,586375.6218905472,4.879321951178175,4714460.0,39.22974848747253,7.748348389687036,24.28076620070303,11232.40804480272,27.631021114862893,7.701235940682372,10.112611536621973,8.982422428322526,9.512182353804643,20,1,True,42,
ABC-SMC,588007.4626865671,4.882148219578301,4727580.0,39.252471685409546,7.748348389687036,24.28076620070303,11232.40804480272,27.631021114862893,7.701235940682372,10.112611536621973,8.982422428322526,9.512182353804643,20,1,True,42,
ABC-SMC,589639.303482587,4.88498818815051,4740700.0,39.2753050327301,7.748348389687036,24.28076620070303,11232.40804480272,27.631021114862893,7.701235940682372,10.112611536621973,8.982422428322526,9.512182353804643,20,1,True,42,
ABC-SMC,591271.144278607,4.887842242397479,4753820.0,39.29825162887573,7.748348389687036,24.28076620070303,11232.40804480272,27.631021114862893,7.701235940682372,10.112611536621973,8.982422428322526,9.512182353804643,20,1,True,42,
ABC-SMC,589967.8217821782,4.866484014114531,4766940.0,39.32119083404541,7.748348389687036,24.28076620070303,11232.40804480272,27.631021114862893,7.701235940682372,10.112611536621973,8.982422428322526,9.512182353804643,20,1,True,42,
ABC-SMC,591591.5841584158,4.869307415320142,4780060.0,39.34400391578674,7.748348389687036,24.28076620070303,11232.40804480272,27.631021114862893,7.701235940682372,10.112611536621973,8.982422428322526,9.512182353804643,20,1,True,42,
ABC-SMC,593215.3465346535,4.872151914209423,4793180.0,39.36698746681213,7.748348389687036,24.28076620070303,11232.40804480272,27.631021114862893,7.701235940682372,10.112611536621973,8.982422428322526,9.512182353804643,20,1,True,42,
ABC-SMC,594839.1089108911,4.874977616980524,4806300.0,39.38981914520264,7.748348389687036,24.28076620070303,11232.40804480272,27.631021114862893,7.701235940682372,10.112611536621973,8.982422428322526,9.512182353804643,20,1,True,42,
ABC-SMC,596462.8712871287,4.877803319751626,4819420.0,39.41265082359314,7.748348389687036,24.28076620070303,11232.40804480272,27.631021114862893,7.701235940682372,10.112611536621973,8.982422428322526,9.512182353804643,20,1,True,42,
ABC-SMC,596609.8765432098,4.8685616917080345,4832540.0,39.43534970283508,7.748348389687036,24.28076620070303,11232.40804480272,27.631021114862893,7.701235940682372,10.112611536621973,8.982422428322526,9.512182353804643,20,1,True,42,
ABC-SMC,598229.6296296294,4.87137441281919,4845660.0,39.45813274383545,7.748348389687036,24.28076620070303,11232.40804480272,27.631021114862893,7.701235940682372,10.112611536621973,8.982422428322526,9.512182353804643,20,1,True,42,
ABC-SMC,598371.921182266,4.862452815906167,4858780.0,39.48311686515808,7.748348389687036,24.28076620070303,11232.40804480272,27.631021114862893,7.701235940682372,10.112611536621973,8.982422428322526,9.512182353804643,20,1,True,42,
ABC-SMC,599987.684729064,4.865271733899421,4871900.0,39.506006479263306,7.748348389687036,24.28076620070303,11232.40804480272,27.631021114862893,7.701235940682372,10.112611536621973,8.982422428322526,9.512182353804643,20,1,True,42,
ABC-SMC,601603.448275862,4.868093529358285,4885020.0,39.52891945838928,7.748348389687036,24.28076620070303,11232.40804480272,27.631021114862893,7.701235940682372,10.112611536621973,8.982422428322526,9.512182353804643,20,1,True,42,
ABC-SMC,603219.2118226599,4.870907044763048,4898140.0,39.55176520347595,7.748348389687036,24.28076620070303,11232.40804480272,27.631021114862893,7.701235940682372,10.112611536621973,8.982422428322526,9.512182353804643,20,1,True,42,
ABC-SMC,604834.9753694581,4.873706084754079,4911260.0,39.574493408203125,7.748348389687036,24.28076620070303,11232.40804480272,27.631021114862893,7.701235940682372,10.112611536621973,8.982422428322526,9.512182353804643,20,1,True,42,
ABC-SMC,604960.687960688,4.86453525557272,4924380.0,39.59731698036194,7.748348389687036,24.28076620070303,11232.40804480272,27.631021114862893,7.701235940682372,10.112611536621973,8.982422428322526,9.512182353804643,20,1,True,42,
ABC-SMC,605085.7843137255,4.855378264305639,4937500.0,39.61988663673401,7.748348389687036,24.28076620070303,11232.40804480272,27.631021114862893,7.701235940682372,10.112611536621973,8.982422428322526,9.512182353804643,20,1,True,42,
ABC-SMC,605210.2689486553,4.846305281725373,4950620.0,39.64277720451355,7.748348389687036,24.28076620070303,11232.40804480272,27.631021114862893,7.701235940682372,10.112611536621973,8.982422428322526,9.512182353804643,20,1,True,42,
ABC-SMC,605334.1463414634,4.837280482780643,4963740.0,39.66569995880127,7.748348389687036,24.28076620070303,11232.40804480272,27.631021114862893,7.701235940682372,10.112611536621973,8.982422428322526,9.512182353804643,20,1,True,42,
ABC-SMC,606934.1463414633,4.840078034052035,4976860.0,39.688639879226685,7.748348389687036,24.28076620070303,11232.40804480272,27.631021114862893,7.701235940682372,10.112611536621973,8.982422428322526,9.512182353804643,20,1,True,42,
ABC-SMC,607053.5279805354,4.831086690118425,4989980.0,39.71153259277344,7.748348389687036,24.28076620070303,11232.40804480272,27.631021114862893,7.701235940682372,10.112611536621973,8.982422428322526,9.512182353804643,20,1,True,42,
ABC-SMC,608649.6350364966,4.833880886254231,5003100.0,39.734500885009766,7.748348389687036,24.28076620070303,11232.40804480272,27.631021114862893,7.701235940682372,10.112611536621973,8.982422428322526,9.512182353804643,20,1,True,42,
ABC-SMC,610245.7420924576,4.836653473893513,5016220.0,39.75729155540466,7.748348389687036,24.28076620070303,11232.40804480272,27.631021114862893,7.701235940682372,10.112611536621973,8.982422428322526,9.512182353804643,20,1,True,42,
ABC-SMC,611841.8491484186,4.839450918554971,5029340.0,39.78028655052185,7.748348389687036,24.28076620070303,11232.40804480272,27.631021114862893,7.701235940682372,10.112611536621973,8.982422428322526,9.512182353804643,20,1,True,42,
ABC-SMC,613437.9562043797,4.842245781798723,5042460.0,39.8032603263855,7.748348389687036,24.28076620070303,11232.40804480272,27.631021114862893,7.701235940682372,10.112611536621973,8.982422428322526,9.512182353804643,20,1,True,42,
ABC-SMC,615034.0632603407,4.84504757716418,5055580.0,39.82629108428955,7.748348389687036,24.28076620070303,11232.40804480272,27.631021114862893,7.701235940682372,10.112611536621973,8.982422428322526,9.512182353804643,20,1,True,42,
ABC-SMC,616630.1703163019,4.847829156258391,5068700.0,39.84915566444397,7.748348389687036,24.28076620070303,11232.40804480272,27.631021114862893,7.701235940682372,10.112611536621973,8.982422428322526,9.512182353804643,20,1,True,42,
ABC-SMC,618226.2773722629,4.850558816951558,5081820.0,39.8715934753418,7.748348389687036,24.28076620070303,11232.40804480272,27.631021114862893,7.701235940682372,10.112611536621973,8.982422428322526,9.512182353804643,20,1,True,42,
ABC-SMC,619822.384428224,4.8533508087306725,5094940.0,39.89454364776611,7.748348389687036,24.28076620070303,11232.40804480272,27.631021114862893,7.701235940682372,10.112611536621973,8.982422428322526,9.512182353804643,20,1,True,42,
ABC-SMC,621418.4914841851,4.856084617094983,5108060.0,39.91701555252075,7.748348389687036,24.28076620070303,11232.40804480272,27.631021114862893,7.701235940682372,10.112611536621973,8.982422428322526,9.512182353804643,20,1,True,42,
ABC-SMC,621502.427184466,4.847018001149002,5121180.0,39.93942832946777,7.748348389687036,24.28076620070303,11232.40804480272,27.631021114862893,7.701235940682372,10.112611536621973,8.982422428322526,9.512182353804643,20,1,True,42,
ABC-SMC,621585.9564164649,4.838192405192673,5134300.0,39.96346926689148,7.748348389687036,24.28076620070303,11232.40804480272,27.631021114862893,7.701235940682372,10.112611536621973,8.982422428322526,9.512182353804643,20,1,True,42,
ABC-SMC,621669.0821256038,4.829252802807352,5147420.0,39.98621320724487,7.748348389687036,24.28076620070303,11232.40804480272,27.631021114862893,7.701235940682372,10.112611536621973,8.982422428322526,9.512182353804643,20,1,True,42,
ABC-SMC,621751.8072289159,4.820316498538099,5160540.0,40.00862693786621,7.748348389687036,24.28076620070303,11232.40804480272,27.631021114862893,7.701235940682372,10.112611536621973,8.982422428322526,9.512182353804643,20,1,True,42,
ABC-SMC,621834.1346153846,4.811429604887962,5173660.0,40.03109431266785,7.748348389687036,24.28076620070303,11232.40804480272,27.631021114862893,7.701235940682372,10.112611536621973,8.982422428322526,9.512182353804643,20,1,True,42,
ABC-SMC,623411.0576923077,4.81412190084274,5186780.0,40.0534942150116,7.748348389687036,24.28076620070303,11232.40804480272,27.631021114862893,7.701235940682372,10.112611536621973,8.982422428322526,9.512182353804643,20,1,True,42,
ABC-SMC,624987.9807692308,4.816805370725119,5199900.0,40.07582068443298,7.748348389687036,24.28076620070303,11232.40804480272,27.631021114862893,7.701235940682372,10.112611536621973,8.982422428322526,9.512182353804643,20,1,True,42,
ABC-SMC,626564.9038461538,4.819510934444574,5213020.0,40.09833097457886,7.748348389687036,24.28076620070303,11232.40804480272,27.631021114862893,7.701235940682372,10.112611536621973,8.982422428322526,9.512182353804643,20,1,True,42,
ABC-SMC,628141.8269230769,4.822198760050994,5226140.0,40.12069368362427,7.748348389687036,24.28076620070303,11232.40804480272,27.631021114862893,7.701235940682372,10.112611536621973,8.982422428322526,9.512182353804643,20,1,True,42,
ABC-SMC,628208.6330935252,4.813330179209904,5239260.0,40.1431736946106,7.748348389687036,24.28076620070303,11232.40804480272,27.631021114862893,7.701235940682372,10.112611536621973,8.982422428322526,9.512182353804643,20,1,True,42,
ABC-SMC,629781.7745803357,4.81602082149588,5252380.0,40.16561365127564,7.748348389687036,24.28076620070303,11232.40804480272,27.631021114862893,7.701235940682372,10.112611536621973,8.982422428322526,9.512182353804643,20,1,True,42,
ABC-SMC,631354.9160671463,4.818721183484121,5265500.0,40.18813467025757,7.748348389687036,24.28076620070303,11232.40804480272,27.631021114862893,7.701235940682372,10.112611536621973,8.982422428322526,9.512182353804643,20,1,True,42,
ABC-SMC,631413.8755980862,4.80986474233381,5278620.0,40.210469245910645,7.748348389687036,24.28076620070303,11232.40804480272,27.631021114862893,7.701235940682372,10.112611536621973,8.982422428322526,9.512182353804643,20,1,True,42,
ABC-SMC,632983.2535885167,4.8125465520831385,5291740.0,40.23288917541504,7.748348389687036,24.28076620070303,11232.40804480272,27.631021114862893,7.701235940682372,10.112611536621973,8.982422428322526,9.512182353804643,20,1,True,42,
ABC-SMC,633038.186157518,4.8037230257202745,5304860.0,40.25519895553589,7.748348389687036,24.28076620070303,11232.40804480272,27.631021114862893,7.701235940682372,10.112611536621973,8.982422428322526,9.512182353804643,20,1,True,42,
ABC-SMC,634603.8186157519,4.806403698386328,5317980.0,40.27766299247742,7.748348389687036,24.28076620070303,11232.40804480272,27.631021114862893,7.701235940682372,10.112611536621973,8.982422428322526,9.512182353804643,20,1,True,42,
ABC-SMC,634654.7619047619,4.797616459074475,5331100.0,40.29997825622559,7.748348389687036,24.28076620070303,11232.40804480272,27.631021114862893,7.701235940682372,10.112611536621973,8.982422428322526,9.512182353804643,20,1,True,42,
ABC-SMC,634705.4631828979,4.788875636465476,5344220.0,40.32233285903931,7.748348389687036,24.28076620070303,11232.40804480272,27.631021114862893,7.701235940682372,10.112611536621973,8.982422428322526,9.512182353804643,20,1,True,42,
ABC-SMC,634755.9241706161,4.780160900540826,5357340.0,40.344558000564575,7.748348389687036,24.28076620070303,11232.40804480272,27.631021114862893,7.701235940682372,10.112611536621973,8.982422428322526,9.512182353804643,20,1,True,42,
ABC-SMC,636232.2274881518,4.828928912420408,5369800.0,40.75616002082825,7.748269520760822,24.26359574980356,11336.235141351472,27.63102111486164,7.559952286141391,10.123617757220424,8.99431437047661,9.477490851995013,20,1,True,42,
ABC-SMC,636193.853427896,4.869046476152209,5382200.0,41.19213318824768,7.737248747855213,24.26603246920197,11338.533490136322,27.631021114861657,7.555865914166179,10.124119909198532,8.989035382687062,9.474739236376466,20,1,True,42,
ABC-SMC,637586.2884160759,4.919644873192971,5393980.0,41.62019562721253,7.734042257619621,24.25637966012907,11020.668990029544,27.631021114860616,7.48896145668278,10.102036377153809,8.958216247645563,9.439753501425338,20,1,True,42,
ABC-SMC,638907.8014184398,4.97242046022528,5405160.0,42.06667709350586,7.689996549767755,24.27625910192824,11033.121484382616,27.63102111486108,7.572799105838437,10.10985216892742,8.922048755449703,9.408687997267664,20,1,True,42,
ABC-SMC,637150.5882352941,4.996459904839011,5415780.0,42.46990919113159,7.652024223842218,24.296577429379823,10998.405601555043,27.63102111486235,7.541329032328946,10.115151376811127,8.878990530685074,9.378612770585049,20,1,True,42,
ABC-SMC,638336.4705882353,5.000790680156035,5425860.0,42.50672078132629,7.617617857460454,24.3253375612017,10933.94185525198,27.63102111488409,7.570208250157101,10.11887735799044,8.83568456321251,9.339563597142975,20,1,True,42,
ABC-SMC,929327.6450511948,7.261208299890722,5445860.0,42.55068063735962,7.573887402265052,24.16184412297529,10866.575918316998,27.631021114772505,7.452578948669469,10.080260099791069,8.86606579133172,9.360343400463403,20,1,True,42,
ABC-SMC,929568.0272108844,7.242221613319552,5465860.0,42.58426308631897,7.573887402265052,24.16184412297529,10866.57591831699,27.631021114772505,7.452578948669469,10.080260099791069,8.86606579133172,9.360343400463403,20,1,True,42,
ABC-SMC,926665.5405405404,7.198304985020612,5485860.0,42.61396551132202,7.573887402265052,24.16184412297529,10866.575918316998,27.631021114772505,7.452578948669469,10.080260099791069,8.86606579133172,9.360343400463403,20,1,True,42,
ABC-SMC,926912.457912458,7.178949426721645,5505860.0,42.64295959472656,7.573887402265052,24.16184412297529,10866.57591831699,27.631021114772505,7.452578948669469,10.080260099791069,8.86606579133172,9.360343400463403,20,1,True,42,
ABC-SMC,920976.6666666667,7.112043023109436,5525860.0,42.672258138656616,7.573887402265052,24.16184412297529,10866.575918316998,27.631021114772505,7.452578948669469,10.080260099791069,8.86606579133172,9.360343400463403,20,1,True,42,
ABC-SMC,918188.7417218544,7.0697341928418895,5545860.0,42.701194524765015,7.573887402265052,24.16184412297529,10866.57591831699,27.631021114772505,7.452578948669469,10.080260099791069,8.86606579133172,9.360343400463403,20,1,True,42,
ABC-SMC,912436.0655737706,7.00500632895798,5565860.0,42.73053860664368,7.573887402265052,24.16184412297529,10866.575918316998,27.631021114772505,7.452578948669469,10.080260099791069,8.86606579133172,9.360343400463403,20,1,True,42,
ABC-SMC,906795.4545454544,6.941460711615426,5585860.0,42.75939798355103,7.573887402265052,24.16184412297529,10866.57591831699,27.631021114772505,7.452578948669469,10.080260099791069,8.86606579133172,9.360343400463403,20,1,True,42,
ABC-SMC,901263.6655948552,6.879223542964726,5605860.0,42.7887704372406,7.573887402265052,24.16184412297529,10866.575918316998,27.631021114772505,7.452578948669469,10.080260099791069,8.86606579133172,9.360343400463403,20,1,True,42,
ABC-SMC,895837.5796178344,6.818108725699649,5625860.0,42.8177227973938,7.573887402265052,24.16184412297529,10866.57591831699,27.631021114772505,7.452578948669469,10.080260099791069,8.86606579133172,9.360343400463403,20,1,True,42,
ABC-SMC,890514.1955835962,6.758196872867621,5645860.0,42.84696817398071,7.573887402265052,24.16184412297529,10866.575918316998,27.631021114772505,7.452578948669469,10.080260099791069,8.86606579133172,9.360343400463403,20,1,True,42,
ABC-SMC,888065.8307210032,6.720342456733919,5665860.0,42.8757848739624,7.573887402265052,24.16184412297529,10866.57591831699,27.631021114772505,7.452578948669469,10.080260099791069,8.86606579133172,9.360343400463403,20,1,True,42,
ABC-SMC,882897.5155279503,6.662297433947924,5685860.0,42.90519547462464,7.573887402265052,24.16184412297529,10866.575918316998,27.631021114772505,7.452578948669469,10.080260099791069,8.86606579133172,9.360343400463403,20,1,True,42,
ABC-SMC,880533.9506172839,6.625639178134777,5705860.0,42.93414187431336,7.573887402265052,24.16184412297529,10866.57591831699,27.631021114772505,7.452578948669469,10.080260099791069,8.86606579133172,9.360343400463403,20,1,True,42,
ABC-SMC,880901.5384615385,6.60976505279541,5725860.0,42.963472843170166,7.573887402265052,24.16184412297529,10866.575918316998,27.631021114772505,7.452578948669469,10.080260099791069,8.86606579133172,9.360343400463403,20,1,True,42,
ABC-SMC,883978.4615384615,6.61421929872953,5745860.0,42.99242544174194,7.573887402265052,24.16184412297529,10866.57591831699,27.631021114772505,7.452578948669469,10.080260099791069,8.86606579133172,9.360343400463403,20,1,True,42,
ABC-SMC,876270.5167173252,6.538288462850461,5765860.0,43.02193808555603,7.573887402265052,24.16184412297529,10866.575918316998,27.631021114772505,7.452578948669469,10.080260099791069,8.86606579133172,9.360343400463403,20,1,True,42,
ABC-SMC,873996.9788519638,6.50315648479404,5785860.0,43.05089592933655,7.573887402265052,24.16184412297529,10866.57591831699,27.631021114772505,7.452578948669469,10.080260099791069,8.86606579133172,9.360343400463403,20,1,True,42,
ABC-SMC,866546.2686567164,6.429890340833522,5805860.0,43.0802652835846,7.573887402265052,24.16184412297529,10866.575918316998,27.631021114772505,7.452578948669469,10.080260099791069,8.86606579133172,9.360343400463403,20,1,True,42,
ABC-SMC,866943.4523809523,6.4150452259041,5825860.0,43.10910391807556,7.573887402265052,24.16184412297529,10866.57591831699,27.631021114772505,7.452578948669469,10.080260099791069,8.86606579133172,9.360343400463403,20,1,True,42,
ABC-SMC,867338.2789317508,6.400369890365827,5845860.0,43.13849306106568,7.573887402265052,24.16184412297529,10866.575918316998,27.631021114772505,7.452578948669469,10.080260099791069,8.86606579133172,9.360343400463403,20,1,True,42,
ABC-SMC,862626.4705882352,6.348185188630048,5865860.0,43.167659282684326,7.573887402265052,24.16184412297529,10866.57591831699,27.631021114772505,7.452578948669469,10.080260099791069,8.86606579133172,9.360343400463403,20,1,True,42,
ABC-SMC,863029.3255131964,6.333904392208871,5885860.0,43.1972279548645,7.573887402265052,24.16184412297529,10866.575918316998,27.631021114772505,7.452578948669469,10.080260099791069,8.86606579133172,9.360343400463403,20,1,True,42,
ABC-SMC,860912.5364431487,6.301220339171741,5905860.0,43.22637152671814,7.573887402265052,24.16184412297529,10866.57591831699,27.631021114772505,7.452578948669469,10.080260099791069,8.86606579133172,9.360343400463403,20,1,True,42,
ABC-SMC,861316.8604651164,6.287180822949078,5925860.0,43.25580406188965,7.573887402265052,24.16184412297529,10866.575918316998,27.631021114772505,7.452578948669469,10.080260099791069,8.86606579133172,9.360343400463403,20,1,True,42,
ABC-SMC,861718.8405797102,6.273164921912596,5945860.0,43.2848379611969,7.573887402265052,24.16184412297529,10866.57591831699,27.631021114772505,7.452578948669469,10.080260099791069,8.86606579133172,9.360343400463403,20,1,True,42,
ABC-SMC,857163.7931034483,6.223302702794131,5965860.0,43.31418681144714,7.573887402265052,24.16184412297529,10866.575918316998,27.631021114772505,7.452578948669469,10.080260099791069,8.86606579133172,9.360343400463403,20,1,True,42,
ABC-SMC,852686.6096866097,6.174220047105751,5985860.0,43.34302473068237,7.573887402265052,24.16184412297529,10866.57591831699,27.631021114772505,7.452578948669469,10.080260099791069,8.86606579133172,9.360343400463403,20,1,True,42,
ABC-SMC,843519.6629213485,6.091630927632365,6005860.0,43.37241220474243,7.573887402265052,24.16184412297529,10866.575918316998,27.631021114772505,7.452578948669469,10.080260099791069,8.86606579133172,9.360343400463403,20,1,True,42,
ABC-SMC,846328.6516853933,6.095682369189317,6025860.0,43.40125846862793,7.573887402265052,24.16184412297529,10866.57591831699,27.631021114772505,7.452578948669469,10.080260099791069,8.86606579133172,9.360343400463403,20,1,True,42,
ABC-SMC,846759.1036414566,6.082746428267963,6045860.0,43.43080949783325,7.573887402265052,24.16184412297529,10866.575918316998,27.631021114772505,7.452578948669469,10.080260099791069,8.86606579133172,9.360343400463403,20,1,True,42,
ABC-SMC,844827.2980501392,6.053202829653174,6065860.0,43.46199631690979,7.573887402265052,24.16184412297529,10866.57591831699,27.631021114772505,7.452578948669469,10.080260099791069,8.86606579133172,9.360343400463403,20,1,True,42,
ABC-SMC,845258.3333333335,6.04050056801902,6085860.0,43.49160408973694,7.573887402265052,24.16184412297529,10866.575918316998,27.631021114772505,7.452578948669469,10.080260099791069,8.86606579133172,9.360343400463403,20,1,True,42,
ABC-SMC,848036.1111111112,6.044525934590235,6105860.0,43.52058672904968,7.573887402265052,24.16184412297529,10866.57591831699,27.631021114772505,7.452578948669469,10.080260099791069,8.86606579133172,9.360343400463403,20,1,True,42,
ABC-SMC,843782.3691460055,5.998629807769103,6125860.0,43.55005240440369,7.573887402265052,24.16184412297529,10866.575918316998,27.631021114772505,7.452578948669469,10.080260099791069,8.86606579133172,9.360343400463403,20,1,True,42,
ABC-SMC,844211.5384615386,5.986126307602768,6145860.0,43.57899951934815,7.573887402265052,24.16184412297529,10866.57591831699,27.631021114772505,7.452578948669469,10.080260099791069,8.86606579133172,9.360343400463403,20,1,True,42,
ABC-SMC,840035.4223433243,5.941204284127466,6165860.0,43.608439445495605,7.573887402265052,24.16184412297529,10866.575918316998,27.631021114772505,7.452578948669469,10.080260099791069,8.86606579133172,9.360343400463403,20,1,True,42,
ABC-SMC,835927.0270270271,5.897008341711921,6185860.0,43.63786172866821,7.573887402265052,24.16184412297529,10866.57591831699,27.631021114772505,7.452578948669469,10.080260099791069,8.86606579133172,9.360343400463403,20,1,True,42,
ABC-SMC,827448.0,5.822309939066569,6205860.0,43.66732454299927,7.573887402265052,24.16184412297529,10866.575918316998,27.631021114772505,7.452578948669469,10.080260099791069,8.86606579133172,9.360343400463403,20,1,True,42,
ABC-SMC,825710.875331565,5.795261651198491,6225860.0,43.69627285003662,7.573887402265052,24.16184412297529,10866.57591831699,27.631021114772505,7.452578948669469,10.080260099791069,8.86606579133172,9.360343400463403,20,1,True,42,
ABC-SMC,821823.6842105263,5.753369990148042,6245860.0,43.72561192512512,7.573887402265052,24.16184412297529,10866.575918316998,27.631021114772505,7.452578948669469,10.080260099791069,8.86606579133172,9.360343400463403,20,1,True,42,
ABC-SMC,817997.3890339426,5.712073309925766,6265860.0,43.75448155403137,7.573887402265052,24.16184412297529,10866.57591831699,27.631021114772505,7.452578948669469,10.080260099791069,8.86606579133172,9.360343400463403,20,1,True,42,
ABC-SMC,818471.3541666666,5.701028772940238,6285860.0,43.78390097618103,7.573887402265052,24.16184412297529,10866.575918316998,27.631021114772505,7.452578948669469,10.080260099791069,8.86606579133172,9.360343400463403,20,1,True,42,
ABC-SMC,816821.243523316,5.675227252930556,6305860.0,43.8127543926239,7.573887402265052,24.16184412297529,10866.57591831699,27.631021114772505,7.452578948669469,10.080260099791069,8.86606579133172,9.360343400463403,20,1,True,42,
ABC-SMC,817294.5736434109,5.664379097694575,6325860.0,43.842294216156006,7.573887402265052,24.16184412297529,10866.575918316998,27.631021114772505,7.452578948669469,10.080260099791069,8.86606579133172,9.360343400463403,20,1,True,42,
ABC-SMC,815663.2390745501,5.638968484873637,6345860.0,43.871174812316895,7.573887402265052,24.16184412297529,10866.57591831699,27.631021114772505,7.452578948669469,10.080260099791069,8.86606579133172,9.360343400463403,20,1,True,42,
ABC-SMC,814048.5933503836,5.614007403478598,6365860.0,43.90153789520264,7.573887402265052,24.16184412297529,10866.575918316998,27.631021114772505,7.452578948669469,10.080260099791069,8.86606579133172,9.360343400463403,20,1,True,42,
ABC-SMC,814522.9591836735,5.603533405430462,6385860.0,43.93170189857483,7.573887402265052,24.16184412297529,10866.57591831699,27.631021114772505,7.452578948669469,10.080260099791069,8.86606579133172,9.360343400463403,20,1,True,42,
ABC-SMC,810868.3544303798,5.564701436441156,6405860.0,43.96114134788513,7.573887402265052,24.16184412297529,10866.575918316998,27.631021114772505,7.452578948669469,10.080260099791069,8.86606579133172,9.360343400463403,20,1,True,42,
ABC-SMC,811345.9595959596,5.554307048971003,6425860.0,43.99011182785034,7.573887402265052,24.16184412297529,10866.57591831699,27.631021114772505,7.452578948669469,10.080260099791069,8.86606579133172,9.360343400463403,20,1,True,42,
ABC-SMC,811821.1586901763,5.544036731912147,6445860.0,44.019651651382446,7.573887402265052,24.16184412297529,10866.575918316998,27.631021114772505,7.452578948669469,10.080260099791069,8.86606579133172,9.360343400463403,20,1,True,42,
ABC-SMC,814340.0503778338,5.547691652696739,6465860.0,44.04867172241211,7.573887402265052,24.16184412297529,10866.57591831699,27.631021114772505,7.452578948669469,10.080260099791069,8.86606579133172,9.360343400463403,20,1,True,42,
ABC-SMC,814806.5326633165,5.537457202547159,6485860.0,44.07815933227539,7.573887402265052,24.16184412297529,10866.575918316998,27.631021114772505,7.452578948669469,10.080260099791069,8.86606579133172,9.360343400463403,20,1,True,42,
ABC-SMC,809186.5671641789,5.485968625367577,6505860.0,44.10718774795532,7.573887402265052,24.16184412297529,10866.57591831699,27.631021114772505,7.452578948669469,10.080260099791069,8.86606579133172,9.360343400463403,20,1,True,42,
ABC-SMC,809660.0496277915,5.476011265596148,6525860.0,44.13665080070496,7.573887402265052,24.16184412297529,10866.575918316998,27.631021114772505,7.452578948669469,10.080260099791069,8.86606579133172,9.360343400463403,20,1,True,42,
ABC-SMC,808130.8641975307,5.452589959274103,6545860.0,44.16597867012024,7.573887402265052,24.16184412297529,10866.57591831699,27.631021114772505,7.452578948669469,10.080260099791069,8.86606579133172,9.360343400463403,20,1,True,42,
ABC-SMC,808603.448275862,5.442809676889128,6565860.0,44.19561457633972,7.573887402265052,24.16184412297529,10866.575918316998,27.631021114772505,7.452578948669469,10.080260099791069,8.86606579133172,9.360343400463403,20,1,True,42,
ABC-SMC,805117.359413203,5.406432571504402,6585860.0,44.224618434906006,7.573887402265052,24.16184412297529,10866.57591831699,27.631021114772505,7.452578948669469,10.080260099791069,8.86606579133172,9.360343400463403,20,1,True,42,
ABC-SMC,805592.6829268293,5.396856418470057,6605860.0,44.25422263145447,7.573887402265052,24.16184412297529,10866.575918316998,27.631021114772505,7.452578948669469,10.080260099791069,8.86606579133172,9.360343400463403,20,1,True,42,
ABC-SMC,806065.6934306571,5.387238052349602,6625860.0,44.28309679031372,7.573887402265052,24.16184412297529,10866.57591831699,27.631021114772505,7.452578948669469,10.080260099791069,8.86606579133172,9.360343400463403,20,1,True,42,
ABC-SMC,804583.5351089588,5.364711983151933,6645860.0,44.31252098083496,7.573887402265052,24.16184412297529,10866.575918316998,27.631021114772505,7.452578948669469,10.080260099791069,8.86606579133172,9.360343400463403,20,1,True,42,
ABC-SMC,807004.8426150121,5.368202708246633,6665860.0,44.34135437011719,7.573887402265052,24.16184412297529,10866.57591831699,27.631021114772505,7.452578948669469,10.080260099791069,8.86606579133172,9.360343400463403,20,1,True,42,
ABC-SMC,803588.9423076923,5.33302308848271,6685860.0,44.37075209617615,7.573887402265052,24.16184412297529,10866.575918316998,27.631021114772505,7.452578948669469,10.080260099791069,8.86606579133172,9.360343400463403,20,1,True,42,
ABC-SMC,794533.1753554503,5.260617247124984,6705860.0,44.39960956573486,7.573887402265052,24.16184412297529,10866.57591831699,27.631021114772505,7.452578948669469,10.080260099791069,8.86606579133172,9.360343400463403,20,1,True,42,
ABC-SMC,791277.6470588235,5.226934657377355,6725860.0,44.42894458770752,7.573887402265052,24.16184412297529,10866.575918316998,27.631021114772505,7.452578948669469,10.080260099791069,8.86606579133172,9.360343400463403,20,1,True,42,
ABC-SMC,789913.3489461358,5.206097205293821,6745860.0,44.46007013320923,7.573887402265052,24.16184412297529,10866.57591831699,27.631021114772505,7.452578948669469,10.080260099791069,8.86606579133172,9.360343400463403,20,1,True,42,
ABC-SMC,788561.7715617716,5.185267336162932,6765860.0,44.489593744277954,7.573887402265052,24.16184412297529,10866.575918316998,27.631021114772505,7.452578948669469,10.080260099791069,8.86606579133172,9.360343400463403,20,1,True,42,
ABC-SMC,787222.7378190255,5.164551956194459,6785860.0,44.51843786239624,7.573887402265052,24.16184412297529,10866.57591831699,27.631021114772505,7.452578948669469,10.080260099791069,8.86606579133172,9.360343400463403,20,1,True,42,
ABC-SMC,785896.0739030023,5.144074552328978,6805860.0,44.54768562316895,7.573887402265052,24.16184412297529,10866.575918316998,27.631021114772505,7.452578948669469,10.080260099791069,8.86606579133172,9.360343400463403,20,1,True,42,
ABC-SMC,780990.8466819222,5.100287316320144,6825860.0,44.57651114463806,7.573887402265052,24.16184412297529,10866.57591831699,27.631021114772505,7.452578948669469,10.080260099791069,8.86606579133172,9.360343400463403,20,1,True,42,
ABC-SMC,779710.7061503417,5.080391660095076,6845860.0,44.605838775634766,7.573887402265052,24.16184412297529,10866.575918316998,27.631021114772505,7.452578948669469,10.080260099791069,8.86606579133172,9.360343400463403,20,1,True,42,
ABC-SMC,781988.6104783599,5.083677030098466,6865860.0,44.634684324264526,7.573887402265052,24.16184412297529,10866.57591831699,27.631021114772505,7.452578948669469,10.080260099791069,8.86606579133172,9.360343400463403,20,1,True,42,
ABC-SMC,777185.1015801354,5.0410949618767935,6885860.0,44.6641013622284,7.573887402265052,24.16184412297529,10866.575918316998,27.631021114772505,7.452578948669469,10.080260099791069,8.86606579133172,9.360343400463403,20,1,True,42,
ABC-SMC,777686.9369369369,5.032985248007216,6905860.0,44.69290900230408,7.573887402265052,24.16184412297529,10866.57591831699,27.631021114772505,7.452578948669469,10.080260099791069,8.86606579133172,9.360343400463403,20,1,True,42,
ABC-SMC,778186.5168539326,5.024961032224505,6925860.0,44.722153186798096,7.573887402265052,24.16184412297529,10866.575918316998,27.631021114772505,7.452578948669469,10.080260099791069,8.86606579133172,9.360343400463403,20,1,True,42,
ABC-SMC,776941.8344519015,5.005700049517672,6945860.0,44.75095844268799,7.573887402265052,24.16184412297529,10866.57591831699,27.631021114772505,7.452578948669469,10.080260099791069,8.86606579133172,9.360343400463403,20,1,True,42,
ABC-SMC,768858.7196467991,4.942644563468614,6965860.0,44.78035974502564,7.573887402265052,24.16184412297529,10866.575918316998,27.631021114772505,7.452578948669469,10.080260099791069,8.86606579133172,9.360343400463403,20,1,True,42,
ABC-SMC,769367.8414096916,4.934945400590938,6985860.0,44.80930423736572,7.573887402265052,24.16184412297529,10866.57591831699,27.631021114772505,7.452578948669469,10.080260099791069,8.86606579133172,9.360343400463403,20,1,True,42,
ABC-SMC,771570.4845814978,4.9381763136859504,7005860.0,44.83864092826843,7.573887402265052,24.16184412297529,10866.575918316998,27.631021114772505,7.452578948669469,10.080260099791069,8.86606579133172,9.360343400463403,20,1,True,42,
ABC-SMC,772072.5274725275,4.930512381123973,7025860.0,44.86766266822815,7.573887402265052,24.16184412297529,10866.57591831699,27.631021114772505,7.452578948669469,10.080260099791069,8.86606579133172,9.360343400463403,20,1,True,42,
ABC-SMC,770881.8380743982,4.91227939301038,7045860.0,44.89823365211487,7.573887402265052,24.16184412297529,10866.575918316998,27.631021114772505,7.452578948669469,10.080260099791069,8.86606579133172,9.360343400463403,20,1,True,42,
ABC-SMC,771382.096069869,4.904768066114734,7065860.0,44.92767548561096,7.573887402265052,24.16184412297529,10866.57591831699,27.631021114772505,7.452578948669469,10.080260099791069,8.86606579133172,9.360343400463403,20,1,True,42,
ABC-SMC,770202.1739130433,4.886620666669762,7085860.0,44.956910133361816,7.573887402265052,24.16184412297529,10866.575918316998,27.631021114772505,7.452578948669469,10.080260099791069,8.86606579133172,9.360343400463403,20,1,True,42,
ABC-SMC,769032.4675324676,4.8686011529072015,7105860.0,44.98587465286255,7.573887402265052,24.16184412297529,10866.57591831699,27.631021114772505,7.452578948669469,10.080260099791069,8.86606579133172,9.360343400463403,20,1,True,42,
ABC-SMC,767872.8448275861,4.850764341395475,7125860.0,45.01509308815002,7.573887402265052,24.16184412297529,10866.575918316998,27.631021114772505,7.452578948669469,10.080260099791069,8.86606579133172,9.360343400463403,20,1,True,42,
ABC-SMC,770028.0172413792,4.853871567495937,7145860.0,45.04392814636231,7.573887402265052,24.16184412297529,10866.57591831699,27.631021114772505,7.452578948669469,10.080260099791069,8.86606579133172,9.360343400463403,20,1,True,42,
ABC-SMC,772183.1896551722,4.857041095865183,7165860.0,45.073341369628906,7.573887402265052,24.16184412297529,10866.575918316998,27.631021114772505,7.452578948669469,10.080260099791069,8.86606579133172,9.360343400463403,20,1,True,42,
ABC-SMC,769364.0256959314,4.828931177453771,7185860.0,45.10221719741821,7.573887402265052,24.16184412297529,10866.57591831699,27.631021114772505,7.452578948669469,10.080260099791069,8.86606579133172,9.360343400463403,20,1,True,42,
ABC-SMC,763332.6271186441,4.780880374423528,7205860.0,45.131510734558105,7.573887402265052,24.16184412297529,10866.575918316998,27.631021114772505,7.452578948669469,10.080260099791069,8.86606579133172,9.360343400463403,20,1,True,42,
ABC-SMC,760616.8421052631,4.753912147722747,7225860.0,45.16216540336609,7.573887402265052,24.16184412297529,10866.57591831699,27.631021114772505,7.452578948669469,10.080260099791069,8.86606579133172,9.360343400463403,20,1,True,42,
ABC-SMC,761119.7478991597,4.747048045406823,7245860.0,45.19189739227295,7.573887402265052,24.16184412297529,10866.575918316998,27.631021114772505,7.452578948669469,10.080260099791069,8.86606579133172,9.360343400463403,20,1,True,42,
ABC-SMC,760027.1966527198,4.730200069219998,7265860.0,45.22071266174317,7.573887402265052,24.16184412297529,10866.57591831699,27.631021114772505,7.452578948669469,10.080260099791069,8.86606579133172,9.360343400463403,20,1,True,42,
ABC-SMC,762119.2468619248,4.733262027157901,7285860.0,45.24998497962952,7.573887402265052,24.16184412297529,10866.575918316998,27.631021114772505,7.452578948669469,10.080260099791069,8.86606579133172,9.360343400463403,20,1,True,42,
ABC-SMC,759444.9064449065,4.706756736533309,7305860.0,45.27899980545044,7.573887402265052,24.16184412297529,10866.57591831699,27.631021114772505,7.452578948669469,10.080260099791069,8.86606579133172,9.360343400463403,20,1,True,42,
ABC-SMC,759943.9834024896,4.700040965654049,7325860.0,45.30839490890503,7.573887402265052,24.16184412297529,10866.575918316998,27.631021114772505,7.452578948669469,10.080260099791069,8.86606579133172,9.360343400463403,20,1,True,42,
ABC-SMC,762018.6721991702,4.703037075976614,7345860.0,45.33727741241455,7.573887402265052,24.16184412297529,10866.57591831699,27.631021114772505,7.452578948669469,10.080260099791069,8.86606579133172,9.360343400463403,20,1,True,42,
ABC-SMC,762511.3871635611,4.696328447472235,7365860.0,45.36653280258179,7.573887402265052,24.16184412297529,10866.575918316998,27.631021114772505,7.452578948669469,10.080260099791069,8.86606579133172,9.360343400463403,20,1,True,42,
ABC-SMC,762898.7603305785,4.689518454646276,7384860.0,45.39453864097595,7.570338191318505,24.13355227318129,10950.88238518239,27.631021114770945,7.417273401756252,10.085949477651116,8.83618740750857,9.351781395195797,20,1,True,42,
ABC-SMC,763195.8762886598,4.7203281491073135,7403000.0,45.78718304634094,7.54102315327833,24.14850577920188,10912.964240300387,27.63102111477108,7.400520604151703,10.088610479233951,8.805613346593727,9.331764501169554,20,1,True,42,
ABC-SMC,764973.1958762886,4.764265964940651,7420240.0,46.21337985992432,7.533417245736647,24.130500436098355,10775.38511274844,27.63102111476977,7.351994234696112,10.07548455080926,8.775712792318991,9.299559325055032,20,1,True,42,
ABC-SMC,766729.8969072165,4.809417675450905,7437280.0,46.65135145187378,7.528697655393032,24.131842835306195,10767.77153302199,27.63102111476973,7.370102895170182,10.076035811749488,8.762215659078903,9.295020602157166,20,1,True,42,
ABC-SMC,768486.5979381443,4.813892349754412,7454320.0,46.6947557926178,7.528697655393032,24.131842835306195,10767.77153302199,27.63102111476973,7.370102895170182,10.076035811749488,8.762215659078903,9.295020602157166,20,1,True,42,
ABC-SMC,770243.2989690722,4.817371417566673,7471360.0,46.72850275039673,7.528697655393032,24.131842835306195,10767.77153302199,27.63102111476973,7.370102895170182,10.076035811749488,8.762215659078903,9.295020602157166,20,1,True,42,
ABC-SMC,770411.522633745,4.810279656830149,7488400.0,46.75591826438904,7.528697655393032,24.131842835306195,10767.77153302199,27.63102111476973,7.370102895170182,10.076035811749488,8.762215659078903,9.295020602157166,20,1,True,42,
ABC-SMC,772164.6090534981,4.812935889993676,7505440.0,46.781736850738525,7.528697655393032,24.131842835306195,10767.77153302199,27.63102111476973,7.370102895170182,10.076035811749488,8.762215659078903,9.295020602157166,20,1,True,42,
ABC-SMC,772328.5420944559,4.805690160277443,7522480.0,46.807422161102295,7.528697655393032,24.131842835306195,10767.77153302199,27.63102111476973,7.370102895170182,10.076035811749488,8.762215659078903,9.295020602157166,20,1,True,42,
ABC-SMC,770912.0654396728,4.78866317277062,7539520.0,46.833125829696655,7.528697655393032,24.131842835306195,10767.77153302199,27.63102111476973,7.370102895170182,10.076035811749488,8.762215659078903,9.295020602157166,20,1,True,42,
ABC-SMC,771077.5510204082,4.781510440670714,7556560.0,46.858802318573,7.528697655393032,24.131842835306195,10767.77153302199,27.63102111476973,7.370102895170182,10.076035811749488,8.762215659078903,9.295020602157166,20,1,True,42,
ABC-SMC,772816.3265306123,4.784167323793684,7573600.0,46.8848397731781,7.528697655393032,24.131842835306195,10767.77153302199,27.63102111476973,7.370102895170182,10.076035811749488,8.762215659078903,9.295020602157166,20,1,True,42,
ABC-SMC,772977.5967413442,4.777055456779154,7590640.0,46.91068458557129,7.528697655393032,24.131842835306195,10767.77153302199,27.63102111476973,7.370102895170182,10.076035811749488,8.762215659078903,9.295020602157166,20,1,True,42,
ABC-SMC,774712.8309572302,4.779664974834186,7607680.0,46.9363100528717,7.528697655393032,24.131842835306195,10767.77153302199,27.63102111476973,7.370102895170182,10.076035811749488,8.762215659078903,9.295020602157166,20,1,True,42,
ABC-SMC,776448.0651731162,4.782286996511238,7624720.0,46.96205830574036,7.528697655393032,24.131842835306195,10767.77153302199,27.63102111476973,7.370102895170182,10.076035811749488,8.762215659078903,9.295020602157166,20,1,True,42,
ABC-SMC,778183.299389002,4.7848936982164565,7641760.0,46.9876561164856,7.528697655393032,24.131842835306195,10767.77153302199,27.63102111476973,7.370102895170182,10.076035811749488,8.762215659078903,9.295020602157166,20,1,True,42,
ABC-SMC,779918.533604888,4.787535628573229,7658800.0,47.01359987258911,7.528697655393032,24.131842835306195,10767.77153302199,27.63102111476973,7.370102895170182,10.076035811749488,8.762215659078903,9.295020602157166,20,1,True,42,
ABC-SMC,781653.767820774,4.790157043278339,7675840.0,47.039342164993286,7.528697655393032,24.131842835306195,10767.77153302199,27.63102111476973,7.370102895170182,10.076035811749488,8.762215659078903,9.295020602157166,20,1,True,42,
ABC-SMC,781796.7479674796,4.78302846109964,7692880.0,47.06500005722046,7.528697655393032,24.131842835306195,10767.77153302199,27.63102111476973,7.370102895170182,10.076035811749488,8.762215659078903,9.295020602157166,20,1,True,42,
ABC-SMC,781939.1480730224,4.775932159191696,7709920.0,47.09069108963013,7.528697655393032,24.131842835306195,10767.77153302199,27.63102111476973,7.370102895170182,10.076035811749488,8.762215659078903,9.295020602157166,20,1,True,42,
ABC-SMC,782080.9716599192,4.768869389406584,7726960.0,47.11642956733704,7.528697655393032,24.131842835306195,10767.77153302199,27.63102111476973,7.370102895170182,10.076035811749488,8.762215659078903,9.295020602157166,20,1,True,42,
ABC-SMC,782222.2222222221,4.761833325781004,7744000.0,47.142149925231934,7.528697655393032,24.131842835306195,10767.77153302199,27.63102111476973,7.370102895170182,10.076035811749488,8.762215659078903,9.295020602157166,20,1,True,42,
ABC-SMC,782362.9032258064,4.754840967155272,7761040.0,47.1680223941803,7.528697655393032,24.131842835306195,10767.77153302199,27.63102111476973,7.370102895170182,10.076035811749488,8.762215659078903,9.295020602157166,20,1,True,42,
ABC-SMC,784080.6451612904,4.757442565694932,7778080.0,47.193830251693726,7.528697655393032,24.131842835306195,10767.77153302199,27.63102111476973,7.370102895170182,10.076035811749488,8.762215659078903,9.295020602157166,20,1,True,42,
ABC-SMC,782642.5702811244,4.740924744242166,7795120.0,47.21961045265198,7.528697655393032,24.131842835306195,10767.77153302199,27.63102111476973,7.370102895170182,10.076035811749488,8.762215659078903,9.295020602157166,20,1,True,42,
ABC-SMC,784353.4136546185,4.743523602504807,7812160.0,47.24549508094788,7.528697655393032,24.131842835306195,10767.77153302199,27.63102111476973,7.370102895170182,10.076035811749488,8.762215659078903,9.295020602157166,20,1,True,42,
ABC-SMC,786064.2570281124,4.746107475824624,7829200.0,47.27123045921326,7.528697655393032,24.131842835306195,10767.77153302199,27.63102111476973,7.370102895170182,10.076035811749488,8.762215659078903,9.295020602157166,20,1,True,42,
ABC-SMC,784624.0,4.729692173004151,7846240.0,47.296921730041504,7.528697655393032,24.131842835306195,10767.77153302199,27.63102111476973,7.370102895170182,10.076035811749488,8.762215659078903,9.295020602157166,20,1,True,42,
ABC-SMC,784758.4830339322,4.722811599929414,7863280.0,47.322572231292725,7.528697655393032,24.131842835306195,10767.77153302199,27.63102111476973,7.370102895170182,10.076035811749488,8.762215659078903,9.295020602157166,20,1,True,42,
ABC-SMC,786459.0818363273,4.725371696753892,7880320.0,47.348224401474,7.528697655393032,24.131842835306195,10767.77153302199,27.63102111476973,7.370102895170182,10.076035811749488,8.762215659078903,9.295020602157166,20,1,True,42,
ABC-SMC,786589.641434263,4.718508425936756,7897360.0,47.37382459640503,7.528697655393032,24.131842835306195,10767.77153302199,27.63102111476973,7.370102895170182,10.076035811749488,8.762215659078903,9.295020602157166,20,1,True,42,
ABC-SMC,786719.6819085487,4.7116745537365405,7914400.0,47.3994460105896,7.528697655393032,24.131842835306195,10767.77153302199,27.63102111476973,7.370102895170182,10.076035811749488,8.762215659078903,9.295020602157166,20,1,True,42,
ABC-SMC,786849.2063492064,4.704867066845061,7931440.0,47.42506003379822,7.528697655393032,24.131842835306195,10767.77153302199,27.63102111476973,7.370102895170182,10.076035811749488,8.762215659078903,9.295020602157166,20,1,True,42,
ABC-SMC,783873.7672583826,4.67955283159335,7948480.0,47.45066571235657,7.528697655393032,24.131842835306195,10767.77153302199,27.63102111476973,7.370102895170182,10.076035811749488,8.762215659078903,9.295020602157166,20,1,True,42,
ABC-SMC,784007.874015748,4.672875906538775,7965520.0,47.47641921043396,7.528697655393032,24.131842835306195,10767.77153302199,27.63102111476973,7.370102895170182,10.076035811749488,8.762215659078903,9.295020602157166,20,1,True,42,
ABC-SMC,785685.0393700787,4.675517612554895,7982560.0,47.50325894355774,7.528697655393032,24.131842835306195,10767.77153302199,27.63102111476973,7.370102895170182,10.076035811749488,8.762215659078903,9.295020602157166,20,1,True,42,
ABC-SMC,787362.2047244095,4.678075097677277,7999600.0,47.52924299240112,7.528697655393032,24.131842835306195,10767.77153302199,27.63102111476973,7.370102895170182,10.076035811749488,8.762215659078903,9.295020602157166,20,1,True,42,
ABC-SMC,785945.0980392158,4.662257292691399,8016640.0,47.55502438545227,7.528697655393032,24.131842835306195,10767.77153302199,27.63102111476973,7.370102895170182,10.076035811749488,8.762215659078903,9.295020602157166,20,1,True,42,
ABC-SMC,787615.6862745098,4.664775530497233,8033680.0,47.58071041107178,7.528697655393032,24.131842835306195,10767.77153302199,27.63102111476973,7.370102895170182,10.076035811749488,8.762215659078903,9.295020602157166,20,1,True,42,
ABC-SMC,789286.2745098039,4.667306530709361,8050720.0,47.606526613235474,7.528697655393032,24.131842835306195,10767.77153302199,27.63102111476973,7.370102895170182,10.076035811749488,8.762215659078903,9.295020602157166,20,1,True,42,
ABC-SMC,790956.8627450981,4.669836175207998,8067760.0,47.63232898712158,7.528697655393032,24.131842835306195,10767.77153302199,27.63102111476973,7.370102895170182,10.076035811749488,8.762215659078903,9.295020602157166,20,1,True,42,
ABC-SMC,792627.4509803922,4.672366567686492,8084800.0,47.65813899040222,7.528697655393032,24.131842835306195,10767.77153302199,27.63102111476973,7.370102895170182,10.076035811749488,8.762215659078903,9.295020602157166,20,1,True,42,
ABC-SMC,794298.0392156863,4.674898783365886,8101840.0,47.68396759033203,7.528697655393032,24.131842835306195,10767.77153302199,27.63102111476973,7.370102895170182,10.076035811749488,8.762215659078903,9.295020602157166,20,1,True,42,
ABC-SMC,789774.3190661478,4.641014801389048,8118880.0,47.70963215827942,7.528697655393032,24.131842835306195,10767.77153302199,27.63102111476973,7.370102895170182,10.076035811749488,8.762215659078903,9.295020602157166,20,1,True,42,
ABC-SMC,791431.9066147858,4.643522000034495,8135920.0,47.73540616035461,7.528697655393032,24.131842835306195,10767.77153302199,27.63102111476973,7.370102895170182,10.076035811749488,8.762215659078903,9.295020602157166,20,1,True,42,
ABC-SMC,793089.494163424,4.646033025437292,8152960.0,47.76121950149536,7.528697655393032,24.131842835306195,10767.77153302199,27.63102111476973,7.370102895170182,10.076035811749488,8.762215659078903,9.295020602157166,20,1,True,42,
ABC-SMC,794747.0817120621,4.648538391877705,8170000.0,47.78697466850281,7.528697655393032,24.131842835306195,10767.77153302199,27.63102111476973,7.370102895170182,10.076035811749488,8.762215659078903,9.295020602157166,20,1,True,42,
ABC-SMC,794858.2524271844,4.642002698287223,8187040.0,47.8126277923584,7.528697655393032,24.131842835306195,10767.77153302199,27.63102111476973,7.370102895170182,10.076035811749488,8.762215659078903,9.295020602157166,20,1,True,42,
ABC-SMC,794968.992248062,4.635494300561358,8204080.0,47.83830118179321,7.528697655393032,24.131842835306195,10767.77153302199,27.63102111476973,7.370102895170182,10.076035811749488,8.762215659078903,9.295020602157166,20,1,True,42,
ABC-SMC,796620.1550387597,4.637978012247603,8221120.0,47.863933086395264,7.528697655393032,24.131842835306195,10767.77153302199,27.63102111476973,7.370102895170182,10.076035811749488,8.762215659078903,9.295020602157166,20,1,True,42,
ABC-SMC,793657.0327552987,4.613851444339936,8238160.0,47.891777992248535,7.528697655393032,24.131842835306195,10767.77153302199,27.63102111476973,7.370102895170182,10.076035811749488,8.762215659078903,9.295020602157166,20,1,True,42,
ABC-SMC,792245.6813819577,4.598641464211433,8255200.0,47.91784405708313,7.528697655393032,24.131842835306195,10767.77153302199,27.63102111476973,7.370102895170182,10.076035811749488,8.762215659078903,9.295020602157166,20,1,True,42,
ABC-SMC,792360.1532567048,4.592332575056288,8272240.0,47.94395208358765,7.528697655393032,24.131842835306195,10767.77153302199,27.63102111476973,7.370102895170182,10.076035811749488,8.762215659078903,9.295020602157166,20,1,True,42,
ABC-SMC,792474.1873804971,4.586046672004131,8289280.0,47.97004818916321,7.528697655393032,24.131842835306195,10767.77153302199,27.63102111476973,7.370102895170182,10.076035811749488,8.762215659078903,9.295020602157166,20,1,True,42,
ABC-SMC,794103.2504780114,4.588536459446865,8306320.0,47.99609136581421,7.528697655393032,24.131842835306195,10767.77153302199,27.63102111476973,7.370102895170182,10.076035811749488,8.762215659078903,9.295020602157166,20,1,True,42,
ABC-SMC,792700.9523809523,4.573534534091041,8323360.0,48.02211260795593,7.528697655393032,24.131842835306195,10767.77153302199,27.63102111476973,7.370102895170182,10.076035811749488,8.762215659078903,9.295020602157166,20,1,True,42,
ABC-SMC,792813.6882129278,4.567318134888043,8340400.0,48.04818677902222,7.528697655393032,24.131842835306195,10767.77153302199,27.63102111476973,7.370102895170182,10.076035811749488,8.762215659078903,9.295020602157166,20,1,True,42,
ABC-SMC,794433.4600760457,4.569795829714932,8357440.0,48.074252128601074,7.528697655393032,24.131842835306195,10767.77153302199,27.63102111476973,7.370102895170182,10.076035811749488,8.762215659078903,9.295020602157166,20,1,True,42,
ABC-SMC,794542.6944971535,4.56359053924821,8374480.0,48.10024428367615,7.528697655393032,24.131842835306195,10767.77153302199,27.63102111476973,7.370102895170182,10.076035811749488,8.762215659078903,9.295020602157166,20,1,True,42,
ABC-SMC,794651.5151515151,4.557412388649854,8391520.0,48.126274824142456,7.528697655393032,24.131842835306195,10767.77153302199,27.63102111476973,7.370102895170182,10.076035811749488,8.762215659078903,9.295020602157166,20,1,True,42,
ABC-SMC,794759.9243856333,4.551271657637252,8408560.0,48.15245413780213,7.528697655393032,24.131842835306195,10767.77153302199,27.63102111476973,7.370102895170182,10.076035811749488,8.762215659078903,9.295020602157166,20,1,True,42,
ABC-SMC,793370.9981167606,4.536606340534044,8425600.0,48.17875933647156,7.528697655393032,24.131842835306195,10767.77153302199,27.63102111476973,7.370102895170182,10.076035811749488,8.762215659078903,9.295020602157166,20,1,True,42,
ABC-SMC,794975.5178907721,4.539076936222514,8442640.0,48.20499706268311,7.528697655393032,24.131842835306195,10767.77153302199,27.63102111476973,7.370102895170182,10.076035811749488,8.762215659078903,9.295020602157166,20,1,True,42,
ABC-SMC,795082.7067669174,4.532990666260396,8459680.0,48.23102068901062,7.528697655393032,24.131842835306195,10767.77153302199,27.63102111476973,7.370102895170182,10.076035811749488,8.762215659078903,9.295020602157166,20,1,True,42,
ABC-SMC,795189.4934333959,4.5269340108975245,8476720.0,48.2571165561676,7.528697655393032,24.131842835306195,10767.77153302199,27.63102111476973,7.370102895170182,10.076035811749488,8.762215659078903,9.295020602157166,20,1,True,42,
ABC-SMC,796787.9924953096,4.529376615950135,8493760.0,48.28315472602844,7.528697655393032,24.131842835306195,10767.77153302199,27.63102111476973,7.370102895170182,10.076035811749488,8.762215659078903,9.295020602157166,20,1,True,42,
ABC-SMC,798386.4915572233,4.5318215917691065,8510800.0,48.30921816825867,7.528697655393032,24.131842835306195,10767.77153302199,27.63102111476973,7.370102895170182,10.076035811749488,8.762215659078903,9.295020602157166,20,1,True,42,
ABC-SMC,799984.990619137,4.534255988602343,8527840.0,48.33516883850098,7.528697655393032,24.131842835306195,10767.77153302199,27.63102111476973,7.370102895170182,10.076035811749488,8.762215659078903,9.295020602157166,20,1,True,42,
ABC-SMC,801583.4896810506,4.536696088694274,8544880.0,48.36118030548096,7.528697655393032,24.131842835306195,10767.77153302199,27.63102111476973,7.370102895170182,10.076035811749488,8.762215659078903,9.295020602157166,20,1,True,42,
ABC-SMC,801677.9026217229,4.5306276069598255,8561920.0,48.38710284233093,7.528697655393032,24.131842835306195,10767.77153302199,27.63102111476973,7.370102895170182,10.076035811749488,8.762215659078903,9.295020602157166,20,1,True,42,
ABC-SMC,801771.9626168223,4.5245921946017535,8578960.0,48.41313648223877,7.528697655393032,24.131842835306195,10767.77153302199,27.63102111476973,7.370102895170182,10.076035811749488,8.762215659078903,9.295020602157166,20,1,True,42,
ABC-SMC,803364.4859813083,4.527007619911264,8596000.0,48.43898153305054,7.528697655393032,24.131842835306195,10767.77153302199,27.63102111476973,7.370102895170182,10.076035811749488,8.762215659078903,9.295020602157166,20,1,True,42,
ABC-SMC,803455.223880597,4.520998294673749,8613040.0,48.46510171890259,7.528697655393032,24.131842835306195,10767.77153302199,27.63102111476973,7.370102895170182,10.076035811749488,8.762215659078903,9.295020602157166,20,1,True,42,
ABC-SMC,805044.776119403,4.523429007672552,8630080.0,48.49115896224976,7.528697655393032,24.131842835306195,10767.77153302199,27.63102111476973,7.370102895170182,10.076035811749488,8.762215659078903,9.295020602157166,20,1,True,42,
ABC-SMC,803635.6877323419,4.509040192600518,8647120.0,48.51727247238159,7.528697655393032,24.131842835306195,10767.77153302199,27.63102111476973,7.370102895170182,10.076035811749488,8.762215659078903,9.295020602157166,20,1,True,42,
ABC-SMC,803725.417439703,4.503117001344188,8664160.0,48.54360127449036,7.528697655393032,24.131842835306195,10767.77153302199,27.63102111476973,7.370102895170182,10.076035811749488,8.762215659078903,9.295020602157166,20,1,True,42,
ABC-SMC,805306.1224489794,4.505542169475378,8681200.0,48.56974458694458,7.528697655393032,24.131842835306195,10767.77153302199,27.63102111476973,7.370102895170182,10.076035811749488,8.762215659078903,9.295020602157166,20,1,True,42,
ABC-SMC,803903.8817005545,4.49129340829338,8698240.0,48.595794677734375,7.528697655393032,24.131842835306195,10767.77153302199,27.63102111476973,7.370102895170182,10.076035811749488,8.762215659078903,9.295020602157166,20,1,True,42,
ABC-SMC,803992.6199261993,4.485412673316758,8715280.0,48.62187337875366,7.528697655393032,24.131842835306195,10767.77153302199,27.63102111476973,7.370102895170182,10.076035811749488,8.762215659078903,9.295020602157166,20,1,True,42,
ABC-SMC,801130.2752293579,4.463102511309702,8732320.0,48.64781737327576,7.528697655393032,24.131842835306195,10767.77153302199,27.63102111476973,7.370102895170182,10.076035811749488,8.762215659078903,9.295020602157166,20,1,True,42,
ABC-SMC,798299.2700729928,4.441042755642076,8749360.0,48.67382860183716,7.528697655393032,24.131842835306195,10767.77153302199,27.63102111476973,7.370102895170182,10.076035811749488,8.762215659078903,9.295020602157166,20,1,True,42,
ABC-SMC,796945.4545454546,4.427254026586359,8766400.0,48.69979429244995,7.528697655393032,24.131842835306195,10767.77153302199,27.63102111476973,7.370102895170182,10.076035811749488,8.762215659078903,9.295020602157166,20,1,True,42,
ABC-SMC,798494.5454545454,4.429608063264327,8783440.0,48.72568869590759,7.528697655393032,24.131842835306195,10767.77153302199,27.63102111476973,7.370102895170182,10.076035811749488,8.762215659078903,9.295020602157166,20,1,True,42,
ABC-SMC,800043.6363636364,4.431973110545765,8800480.0,48.75170421600342,7.528697655393032,24.131842835306195,10767.77153302199,27.63102111476973,7.370102895170182,10.076035811749488,8.762215659078903,9.295020602157166,20,1,True,42,
ABC-SMC,801592.7272727273,4.434335015036843,8817520.0,48.77768516540527,7.528697655393032,24.131842835306195,10767.77153302199,27.63102111476973,7.370102895170182,10.076035811749488,8.762215659078903,9.295020602157166,20,1,True,42,
ABC-SMC,803141.8181818181,4.436695857481523,8834560.0,48.80365443229675,7.528697655393032,24.131842835306195,10767.77153302199,27.63102111476973,7.370102895170182,10.076035811749488,8.762215659078903,9.295020602157166,20,1,True,42,
ABC-SMC,803230.4900181487,4.4309993621009225,8851600.0,48.82961297035217,7.528697655393032,24.131842835306195,10767.77153302199,27.63102111476973,7.370102895170182,10.076035811749488,8.762215659078903,9.295020602157166,20,1,True,42,
ABC-SMC,804776.7695099817,4.433357088189376,8868640.0,48.85559511184693,7.528697655393032,24.131842835306195,10767.77153302199,27.63102111476973,7.370102895170182,10.076035811749488,8.762215659078903,9.295020602157166,20,1,True,42,
ABC-SMC,806323.0490018148,4.435715484965301,8885680.0,48.88158464431763,7.528697655393032,24.131842835306195,10767.77153302199,27.63102111476973,7.370102895170182,10.076035811749488,8.762215659078903,9.295020602157166,20,1,True,42,
ABC-SMC,806405.7971014491,4.430030977380448,8902720.0,48.90754199028015,7.528697655393032,24.131842835306195,10767.77153302199,27.63102111476973,7.370102895170182,10.076035811749488,8.762215659078903,9.295020602157166,20,1,True,42,
ABC-SMC,807949.2753623187,4.432381603164949,8919760.0,48.93349289894104,7.528697655393032,24.131842835306195,10767.77153302199,27.63102111476973,7.370102895170182,10.076035811749488,8.762215659078903,9.295020602157166,20,1,True,42,
ABC-SMC,809492.7536231882,4.434736720893693,8936800.0,48.95949339866638,7.528697655393032,24.131842835306195,10767.77153302199,27.63102111476973,7.370102895170182,10.076035811749488,8.762215659078903,9.295020602157166,20,1,True,42,
ABC-SMC,809569.6202531646,4.4290648877728485,8953840.0,48.9854576587677,7.528697655393032,24.131842835306195,10767.77153302199,27.63102111476973,7.370102895170182,10.076035811749488,8.762215659078903,9.295020602157166,20,1,True,42,
ABC-SMC,811110.3074141049,4.431411047309475,8970880.0,49.0114061832428,7.528697655393032,24.131842835306195,10767.77153302199,27.63102111476973,7.370102895170182,10.076035811749488,8.762215659078903,9.295020602157166,20,1,True,42,
ABC-SMC,812650.9945750452,4.433755913436089,8987920.0,49.03734040260315,7.528697655393032,24.131842835306195,10767.77153302199,27.63102111476973,7.370102895170182,10.076035811749488,8.762215659078903,9.295020602157166,20,1,True,42,
ABC-SMC,812722.0216606497,4.428097573428378,9004960.0,49.063321113586426,7.528697655393032,24.131842835306195,10767.77153302199,27.63102111476973,7.370102895170182,10.076035811749488,8.762215659078903,9.295020602157166,20,1,True,42,
ABC-SMC,811330.9352517985,4.414495096789846,9022000.0,49.0891854763031,7.528697655393032,24.131842835306195,10767.77153302199,27.63102111476973,7.370102895170182,10.076035811749488,8.762215659078903,9.295020602157166,20,1,True,42,
ABC-SMC,809949.8207885305,4.400994337587801,9039040.0,49.11509680747986,7.528697655393032,24.131842835306195,10767.77153302199,27.63102111476973,7.370102895170182,10.076035811749488,8.762215659078903,9.295020602157166,20,1,True,42,
ABC-SMC,811476.7025089605,4.40404902222336,9056080.0,49.149187088012695,7.528697655393032,24.131842835306195,10767.77153302199,27.63102111476973,7.370102895170182,10.076035811749488,8.762215659078903,9.295020602157166,20,1,True,42,
ABC-SMC,811549.1949910553,4.398567006924924,9073120.0,49.175979137420654,7.528697655393032,24.131842835306195,10767.77153302199,27.63102111476973,7.370102895170182,10.076035811749488,8.762215659078903,9.295020602157166,20,1,True,42,
ABC-SMC,811621.4285714284,4.393038345234734,9090160.0,49.20202946662903,7.528697655393032,24.131842835306195,10767.77153302199,27.63102111476973,7.370102895170182,10.076035811749488,8.762215659078903,9.295020602157166,20,1,True,42,
ABC-SMC,810249.1103202846,4.379720513930948,9107200.0,49.22805857658386,7.528697655393032,24.131842835306195,10767.77153302199,27.63102111476973,7.370102895170182,10.076035811749488,8.762215659078903,9.295020602157166,20,1,True,42,
ABC-SMC,811765.1245551601,4.382028210629771,9124240.0,49.25399708747864,7.528697655393032,24.131842835306195,10767.77153302199,27.63102111476973,7.370102895170182,10.076035811749488,8.762215659078903,9.295020602157166,20,1,True,42,
ABC-SMC,813281.1387900355,4.384347807045932,9141280.0,49.28006935119629,7.528697655393032,24.131842835306195,10767.77153302199,27.63102111476973,7.370102895170182,10.076035811749488,8.762215659078903,9.295020602157166,20,1,True,42,
ABC-SMC,814797.153024911,4.3866699064329415,9158320.0,49.306169748306274,7.528697655393032,24.131842835306195,10767.77153302199,27.63102111476973,7.370102895170182,10.076035811749488,8.762215659078903,9.295020602157166,20,1,True,42,
ABC-SMC,813418.439716312,4.373419115729366,9175360.0,49.332167625427246,7.528697655393032,24.131842835306195,10767.77153302199,27.63102111476973,7.370102895170182,10.076035811749488,8.762215659078903,9.295020602157166,20,1,True,42,
ABC-SMC,813486.7256637169,4.367976104263711,9192400.0,49.35812997817993,7.528697655393032,24.131842835306195,10767.77153302199,27.63102111476973,7.370102895170182,10.076035811749488,8.762215659078903,9.295020602157166,20,1,True,42,
ABC-SMC,814994.6902654868,4.370266505047284,9209440.0,49.3840115070343,7.528697655393032,24.131842835306195,10767.77153302199,27.63102111476973,7.370102895170182,10.076035811749488,8.762215659078903,9.295020602157166,20,1,True,42,
ABC-SMC,815060.0706713782,4.36484807371672,9226480.0,49.41008019447327,7.528697655393032,24.131842835306195,10767.77153302199,27.63102111476973,7.370102895170182,10.076035811749488,8.762215659078903,9.295020602157166,20,1,True,42,
ABC-SMC,815125.2204585539,4.359433617331153,9243520.0,49.43597722053528,7.528697655393032,24.131842835306195,10767.77153302199,27.63102111476973,7.370102895170182,10.076035811749488,8.762215659078903,9.295020602157166,20,1,True,42,
ABC-SMC,816627.8659611993,4.36173240133484,9260560.0,49.462045431137085,7.528697655393032,24.131842835306195,10767.77153302199,27.63102111476973,7.370102895170182,10.076035811749488,8.762215659078903,9.295020602157166,20,1,True,42,
ABC-SMC,818130.5114638448,4.364033224721434,9277600.0,49.48813676834106,7.528697655393032,24.131842835306195,10767.77153302199,27.63102111476973,7.370102895170182,10.076035811749488,8.762215659078903,9.295020602157166,20,1,True,42,
ABC-SMC,818190.1408450705,4.35863712304075,9294640.0,49.51411771774292,7.528697655393032,24.131842835306195,10767.77153302199,27.63102111476973,7.370102895170182,10.076035811749488,8.762215659078903,9.295020602157166,20,1,True,42,
ABC-SMC,819690.1408450705,4.360915279724229,9311680.0,49.53999757766724,7.528697655393032,24.131842835306195,10767.77153302199,27.63102111476973,7.370102895170182,10.076035811749488,8.762215659078903,9.295020602157166,20,1,True,42,
ABC-SMC,821190.1408450705,4.363207728929923,9328720.0,49.56603980064392,7.528697655393032,24.131842835306195,10767.77153302199,27.63102111476973,7.370102895170182,10.076035811749488,8.762215659078903,9.295020602157166,20,1,True,42,
ABC-SMC,821244.2882249563,4.357820613103509,9345760.0,49.59199857711792,7.528697655393032,24.131842835306195,10767.77153302199,27.63102111476973,7.370102895170182,10.076035811749488,8.762215659078903,9.295020602157166,20,1,True,42,
ABC-SMC,822741.6520210898,4.360104214747049,9362800.0,49.61798596382141,7.528697655393032,24.131842835306195,10767.77153302199,27.63102111476973,7.370102895170182,10.076035811749488,8.762215659078903,9.295020602157166,20,1,True,42,
ABC-SMC,824239.0158172232,4.36237287856573,9379840.0,49.643803358078,7.528697655393032,24.131842835306195,10767.77153302199,27.63102111476973,7.370102895170182,10.076035811749488,8.762215659078903,9.295020602157166,20,1,True,42,
ABC-SMC,822844.1330998249,4.349362996330195,9396880.0,49.66972541809082,7.528697655393032,24.131842835306195,10767.77153302199,27.63102111476973,7.370102895170182,10.076035811749488,8.762215659078903,9.295020602157166,20,1,True,42,
ABC-SMC,822895.1048951049,4.344013666773176,9413920.0,49.69551634788513,7.528697655393032,24.131842835306195,10767.77153302199,27.63102111476973,7.370102895170182,10.076035811749488,8.762215659078903,9.295020602157166,20,1,True,42,
ABC-SMC,824384.6153846154,4.346279060090339,9430960.0,49.72143244743347,7.528697655393032,24.131842835306195,10767.77153302199,27.63102111476973,7.370102895170182,10.076035811749488,8.762215659078903,9.295020602157166,20,1,True,42,
ABC-SMC,822996.5156794426,4.333380082758462,9448000.0,49.74720335006714,7.528697655393032,24.131842835306195,10767.77153302199,27.63102111476973,7.370102895170182,10.076035811749488,8.762215659078903,9.295020602157166,20,1,True,42,
ABC-SMC,823046.9565217391,4.328111005866009,9465040.0,49.77327656745911,7.528697655393032,24.131842835306195,10767.77153302199,27.63102111476973,7.370102895170182,10.076035811749488,8.762215659078903,9.295020602157166,20,1,True,42,
ABC-SMC,824528.695652174,4.330361905305281,9482080.0,49.79916191101074,7.528697655393032,24.131842835306195,10767.77153302199,27.63102111476973,7.370102895170182,10.076035811749488,8.762215659078903,9.295020602157166,20,1,True,42,
ABC-SMC,824576.3888888889,4.325096640321943,9499120.0,49.82511329650879,7.528697655393032,24.131842835306195,10767.77153302199,27.63102111476973,7.370102895170182,10.076035811749488,8.762215659078903,9.295020602157166,20,1,True,42,
ABC-SMC,826055.5555555555,4.327337526612811,9516160.0,49.85092830657959,7.528697655393032,24.131842835306195,10767.77153302199,27.63102111476973,7.370102895170182,10.076035811749488,8.762215659078903,9.295020602157166,20,1,True,42,
ABC-SMC,827534.7222222221,4.3295943281716776,9533200.0,49.87692666053772,7.528697655393032,24.131842835306195,10767.77153302199,27.63102111476973,7.370102895170182,10.076035811749488,8.762215659078903,9.295020602157166,20,1,True,42,
ABC-SMC,829013.8888888889,4.33183540072706,9550240.0,49.90274381637573,7.528697655393032,24.131842835306195,10767.77153302199,27.63102111476973,7.370102895170182,10.076035811749488,8.762215659078903,9.295020602157166,20,1,True,42,
ABC-SMC,830493.0555555555,4.334096589850055,9567280.0,49.92879271507263,7.528697655393032,24.131842835306195,10767.77153302199,27.63102111476973,7.370102895170182,10.076035811749488,8.762215659078903,9.295020602157166,20,1,True,42,
ABC-SMC,831972.2222222221,4.33634254667494,9584320.0,49.95466613769531,7.528697655393032,24.131842835306195,10767.77153302199,27.63102111476973,7.370102895170182,10.076035811749488,8.762215659078903,9.295020602157166,20,1,True,42,
ABC-SMC,833451.3888888889,4.338591669996579,9601360.0,49.9805760383606,7.528697655393032,24.131842835306195,10767.77153302199,27.63102111476973,7.370102895170182,10.076035811749488,8.762215659078903,9.295020602157166,20,1,True,42,
ABC-SMC,833483.5355285963,4.333309119041085,9618400.0,50.00638723373413,7.528697655393032,24.131842835306195,10767.77153302199,27.63102111476973,7.370102895170182,10.076035811749488,8.762215659078903,9.295020602157166,20,1,True,42,
ABC-SMC,834960.1386481802,4.335553517994476,9635440.0,50.03228759765625,7.528697655393032,24.131842835306195,10767.77153302199,27.63102111476973,7.370102895170182,10.076035811749488,8.762215659078903,9.295020602157166,20,1,True,42,
ABC-SMC,836436.7417677642,4.337793144444246,9652480.0,50.0581328868866,7.528697655393032,24.131842835306195,10767.77153302199,27.63102111476973,7.370102895170182,10.076035811749488,8.762215659078903,9.295020602157166,20,1,True,42,
ABC-SMC,836463.6678200694,4.332544956240275,9669520.0,50.08421969413757,7.528697655393032,24.131842835306195,10767.77153302199,27.63102111476973,7.370102895170182,10.076035811749488,8.762215659078903,9.295020602157166,20,1,True,42,
ABC-SMC,836490.5008635579,4.327300669615751,9686560.0,50.11014175415039,7.528697655393032,24.131842835306195,10767.77153302199,27.63102111476973,7.370102895170182,10.076035811749488,8.762215659078903,9.295020602157166,20,1,True,42,
ABC-SMC,837962.0034542315,4.329544624928161,9703600.0,50.13612675666809,7.528697655393032,24.131842835306195,10767.77153302199,27.63102111476973,7.370102895170182,10.076035811749488,8.762215659078903,9.295020602157166,20,1,True,42,
ABC-SMC,839433.5060449052,4.331794118634161,9720640.0,50.16217589378357,7.528697655393032,24.131842835306195,10767.77153302199,27.63102111476973,7.370102895170182,10.076035811749488,8.762215659078903,9.295020602157166,20,1,True,42,
ABC-SMC,839455.172413793,4.326567732054612,9737680.0,50.188185691833496,7.528697655393032,24.131842835306195,10767.77153302199,27.63102111476973,7.370102895170182,10.076035811749488,8.762215659078903,9.295020602157166,20,1,True,42,
ABC-SMC,839476.7641996559,4.321347497621625,9754720.0,50.21405792236328,7.528697655393032,24.131842835306195,10767.77153302199,27.63102111476973,7.370102895170182,10.076035811749488,8.762215659078903,9.295020602157166,20,1,True,42,
ABC-SMC,839498.2817869417,4.3161462262733705,9771760.0,50.23994207382202,7.528697655393032,24.131842835306195,10767.77153302199,27.63102111476973,7.370102895170182,10.076035811749488,8.762215659078903,9.295020602157166,20,1,True,42,
ABC-SMC,840962.1993127149,4.3183733917183895,9788800.0,50.26586627960205,7.528697655393032,24.131842835306195,10767.77153302199,27.63102111476973,7.370102895170182,10.076035811749488,8.762215659078903,9.295020602157166,20,1,True,42,
ABC-SMC,840981.1320754717,4.313190151037933,9805840.0,50.291797161102295,7.528697655393032,24.131842835306195,10767.77153302199,27.63102111476973,7.370102895170182,10.076035811749488,8.762215659078903,9.295020602157166,20,1,True,42,
ABC-SMC,842442.538593482,4.315410265587206,9822880.0,50.317683696746826,7.528697655393032,24.131842835306195,10767.77153302199,27.63102111476973,7.370102895170182,10.076035811749488,8.762215659078903,9.295020602157166,20,1,True,42,
ABC-SMC,841018.8034188034,4.302868333637205,9839920.0,50.3435595035553,7.528697655393032,24.131842835306195,10767.77153302199,27.63102111476973,7.370102895170182,10.076035811749488,8.762215659078903,9.295020602157166,20,1,True,42,
ABC-SMC,842475.2136752137,4.305074479844834,9856960.0,50.36937141418457,7.528697655393032,24.131842835306195,10767.77153302199,27.63102111476973,7.370102895170182,10.076035811749488,8.762215659078903,9.295020602157166,20,1,True,42,
ABC-SMC,838200.3395585739,4.278030520991275,9874000.0,50.39519953727722,7.528697655393032,24.131842835306195,10767.77153302199,27.63102111476973,7.370102895170182,10.076035811749488,8.762215659078903,9.295020602157166,20,1,True,42,
ABC-SMC,838223.7288135594,4.272960505243076,9891040.0,50.420933961868286,7.528697655393032,24.131842835306195,10767.77153302199,27.63102111476973,7.370102895170182,10.076035811749488,8.762215659078903,9.295020602157166,20,1,True,42,
ABC-SMC,839667.7966101696,4.275153855145988,9908080.0,50.446815490722656,7.528697655393032,24.131842835306195,10767.77153302199,27.63102111476973,7.370102895170182,10.076035811749488,8.762215659078903,9.295020602157166,20,1,True,42,
ABC-SMC,841111.8644067798,4.277352882643878,9925120.0,50.47276401519776,7.528697655393032,24.131842835306195,10767.77153302199,27.63102111476973,7.370102895170182,10.076035811749488,8.762215659078903,9.295020602157166,20,1,True,42,
ABC-SMC,842555.9322033899,4.279547687304223,9942160.0,50.49866271018982,7.528697655393032,24.131842835306195,10767.77153302199,27.63102111476973,7.370102895170182,10.076035811749488,8.762215659078903,9.295020602157166,20,1,True,42,
ABC-SMC,842571.9120135363,4.274499335668212,9959200.0,50.52458214759827,7.528697655393032,24.131842835306195,10767.77153302199,27.63102111476973,7.370102895170182,10.076035811749488,8.762215659078903,9.295020602157166,20,1,True,42,
ABC-SMC,842587.8378378378,4.269470274448395,9976240.0,50.550528049468994,7.528697655393032,24.131842835306195,10767.77153302199,27.63102111476973,7.370102895170182,10.076035811749488,8.762215659078903,9.295020602157166,20,1,True,42,
ABC-SMC,842603.7099494098,4.264466678111187,9993280.0,50.57657480239868,7.528697655393032,24.131842835306195,10767.77153302199,27.63102111476973,7.370102895170182,10.076035811749488,8.762215659078903,9.295020602157166,20,1,True,42,
ABC-SMC,842619.5286195287,4.259466783767598,10010320.0,50.60246539115906,7.528697655393032,24.131842835306195,10767.77153302199,27.63102111476973,7.370102895170182,10.076035811749488,8.762215659078903,9.295020602157166,20,1,True,42,
ABC-SMC,842635.2941176471,4.254489165394247,10027360.0,50.62842106819153,7.528697655393032,24.131842835306195,10767.77153302199,27.63102111476973,7.370102895170182,10.076035811749488,8.762215659078903,9.295020602157166,20,1,True,42,
ABC-SMC,844067.2268907564,4.256673299965739,10044400.0,50.654412269592285,7.528697655393032,24.131842835306195,10767.77153302199,27.63102111476973,7.370102895170182,10.076035811749488,8.762215659078903,9.295020602157166,20,1,True,42,
ABC-SMC,842666.6666666666,4.244583575569804,10061440.0,50.68032789230347,7.528697655393032,24.131842835306195,10767.77153302199,27.63102111476973,7.370102895170182,10.076035811749488,8.762215659078903,9.295020602157166,20,1,True,42,
ABC-SMC,842682.2742474918,4.23964963708833,10078480.0,50.706209659576416,7.528697655393032,24.131842835306195,10767.77153302199,27.63102111476973,7.370102895170182,10.076035811749488,8.762215659078903,9.295020602157166,20,1,True,42,
ABC-SMC,844107.0234113714,4.241807983073104,10095520.0,50.73202347755432,7.528697655393032,24.131842835306195,10767.77153302199,27.63102111476973,7.370102895170182,10.076035811749488,8.762215659078903,9.295020602157166,20,1,True,42,
ABC-SMC,845531.7725752511,4.243973964034116,10112560.0,50.75792860984802,7.528697655393032,24.131842835306195,10767.77153302199,27.63102111476973,7.370102895170182,10.076035811749488,8.762215659078903,9.295020602157166,20,1,True,42,
ABC-SMC,846956.5217391306,4.246146623107502,10129600.0,50.78391361236572,7.528697655393032,24.131842835306195,10767.77153302199,27.63102111476973,7.370102895170182,10.076035811749488,8.762215659078903,9.295020602157166,20,1,True,42,
ABC-SMC,846964.9415692821,4.241225397049485,10146640.0,50.80988025665283,7.528697655393032,24.131842835306195,10767.77153302199,27.63102111476973,7.370102895170182,10.076035811749488,8.762215659078903,9.295020602157166,20,1,True,42,
ABC-SMC,848387.3121869783,4.243430331075729,10163680.0,50.83629536628723,7.528697655393032,24.131842835306195,10767.77153302199,27.63102111476973,7.370102895170182,10.076035811749488,8.762215659078903,9.295020602157166,20,1,True,42,
ABC-SMC,848393.3333333334,4.238514701525371,10180720.0,50.86217641830444,7.528697655393032,24.131842835306195,10767.77153302199,27.63102111476973,7.370102895170182,10.076035811749488,8.762215659078903,9.295020602157166,20,1,True,42,
ABC-SMC,848399.3344425956,4.233620051734658,10197760.0,50.888113021850586,7.528697655393032,24.131842835306195,10767.77153302199,27.63102111476973,7.370102895170182,10.076035811749488,8.762215659078903,9.295020602157166,20,1,True,42,
ABC-SMC,849816.9717138103,4.235773753009105,10214800.0,50.91400051116944,7.528697655393032,24.131842835306195,10767.77153302199,27.63102111476973,7.370102895170182,10.076035811749488,8.762215659078903,9.295020602157166,20,1,True,42,
ABC-SMC,849820.5980066445,4.23088576706541,10231840.0,50.93986463546753,7.528697655393032,24.131842835306195,10767.77153302199,27.63102111476973,7.370102895170182,10.076035811749488,8.762215659078903,9.295020602157166,20,1,True,42,
ABC-SMC,849824.2122719736,4.226020813779057,10248880.0,50.965811014175415,7.528697655393032,24.131842835306195,10767.77153302199,27.63102111476973,7.370102895170182,10.076035811749488,8.762215659078903,9.295020602157166,20,1,True,42,
ABC-SMC,851237.1475953567,4.228173697963482,10265920.0,50.991774797439575,7.528697655393032,24.131842835306195,10767.77153302199,27.63102111476973,7.370102895170182,10.076035811749488,8.762215659078903,9.295020602157166,20,1,True,42,
ABC-SMC,851238.4105960265,4.223318486813678,10282960.0,51.01768732070923,7.528697655393032,24.131842835306195,10767.77153302199,27.63102111476973,7.370102895170182,10.076035811749488,8.762215659078903,9.295020602157166,20,1,True,42,
ABC-SMC,852649.0066225166,4.225473846031341,10300000.0,51.043724060058594,7.528697655393032,24.131842835306195,10767.77153302199,27.63102111476973,7.370102895170182,10.076035811749488,8.762215659078903,9.295020602157166,20,1,True,42,
ABC-SMC,854059.6026490066,4.227631415752386,10317040.0,51.06978750228882,7.528697655393032,24.131842835306195,10767.77153302199,27.63102111476973,7.370102895170182,10.076035811749488,8.762215659078903,9.295020602157166,20,1,True,42,
ABC-SMC,855470.1986754967,4.229778544792277,10334080.0,51.0957248210907,7.528697655393032,24.131842835306195,10767.77153302199,27.63102111476973,7.370102895170182,10.076035811749488,8.762215659078903,9.295020602157166,20,1,True,42,
ABC-SMC,856880.7947019867,4.231922318603819,10351120.0,51.12162160873413,7.528697655393032,24.131842835306195,10767.77153302199,27.63102111476973,7.370102895170182,10.076035811749488,8.762215659078903,9.295020602157166,20,1,True,42,
ABC-SMC,856872.7272727273,4.227077842743928,10368160.0,51.14764189720154,7.528697655393032,24.131842835306195,10767.77153302199,27.63102111476973,7.370102895170182,10.076035811749488,8.762215659078903,9.295020602157166,20,1,True,42,
ABC-SMC,858280.9917355372,4.229220181457268,10385200.0,51.173564195632935,7.528697655393032,24.131842835306195,10767.77153302199,27.63102111476973,7.370102895170182,10.076035811749488,8.762215659078903,9.295020602157166,20,1,True,42,
ABC-SMC,859689.2561983472,4.231371170233104,10402240.0,51.19959115982056,7.528697655393032,24.131842835306195,10767.77153302199,27.63102111476973,7.370102895170182,10.076035811749488,8.762215659078903,9.295020602157166,20,1,True,42,
ABC-SMC,858260.2965403624,4.219563219456932,10419280.0,51.22549748420715,7.528697655393032,24.131842835306195,10767.77153302199,27.63102111476973,7.370102895170182,10.076035811749488,8.762215659078903,9.295020602157166,20,1,True,42,
ABC-SMC,859663.92092257,4.221691822102279,10436320.0,51.251338720321655,7.528697655393032,24.131842835306195,10767.77153302199,27.63102111476973,7.370102895170182,10.076035811749488,8.762215659078903,9.295020602157166,20,1,True,42,
ABC-SMC,859651.3157894736,4.216870822404561,10453360.0,51.27714920043945,7.528697655393032,24.131842835306195,10767.77153302199,27.63102111476973,7.370102895170182,10.076035811749488,8.762215659078903,9.295020602157166,20,1,True,42,
ABC-SMC,859638.7520525451,4.212094958388355,10470400.0,51.303316593170166,7.528697655393032,24.131842835306195,10767.77153302199,27.63102111476973,7.370102895170182,10.076035811749488,8.762215659078903,9.295020602157166,20,1,True,42,
ABC-SMC,859626.2295081967,4.207303133167205,10487440.0,51.32909822463989,7.528697655393032,24.131842835306195,10767.77153302199,27.63102111476973,7.370102895170182,10.076035811749488,8.762215659078903,9.295020602157166,20,1,True,42,
ABC-SMC,861022.9508196721,4.209429299245116,10504480.0,51.355037450790405,7.528697655393032,24.131842835306195,10767.77153302199,27.63102111476973,7.370102895170182,10.076035811749488,8.762215659078903,9.295020602157166,20,1,True,42,
ABC-SMC,861008.1833060558,4.204662205154494,10521520.0,51.38097214698792,7.528697655393032,24.131842835306195,10767.77153302199,27.63102111476973,7.370102895170182,10.076035811749488,8.762215659078903,9.295020602157166,20,1,True,42,
ABC-SMC,860993.4640522875,4.199908430280249,10538560.0,51.40687918663025,7.528697655393032,24.131842835306195,10767.77153302199,27.63102111476973,7.370102895170182,10.076035811749488,8.762215659078903,9.295020602157166,20,1,True,42,
ABC-SMC,862385.6209150327,4.202026557299047,10555600.0,51.43280506134033,7.528697655393032,24.131842835306195,10767.77153302199,27.63102111476973,7.370102895170182,10.076035811749488,8.762215659078903,9.295020602157166,20,1,True,42,
ABC-SMC,862368.6786296901,4.197286878868962,10572640.0,51.45873713493347,7.528697655393032,24.131842835306195,10767.77153302199,27.63102111476973,7.370102895170182,10.076035811749488,8.762215659078903,9.295020602157166,20,1,True,42,
ABC-SMC,863758.564437194,4.1994009087953055,10589680.0,51.48465514183045,7.528697655393032,24.131842835306195,10767.77153302199,27.63102111476973,7.370102895170182,10.076035811749488,8.762215659078903,9.295020602157166,20,1,True,42,
ABC-SMC,865148.4502446982,4.2015050208199085,10606720.0,51.51045155525208,7.528697655393032,24.131842835306195,10767.77153302199,27.63102111476973,7.370102895170182,10.076035811749488,8.762215659078903,9.295020602157166,20,1,True,42,
ABC-SMC,863720.325203252,4.189938394034781,10623760.0,51.53624224662781,7.528697655393032,24.131842835306195,10767.77153302199,27.63102111476973,7.370102895170182,10.076035811749488,8.762215659078903,9.295020602157166,20,1,True,42,
ABC-SMC,865105.6910569106,4.19203816390619,10640800.0,51.56206941604614,7.528697655393032,24.131842835306195,10767.77153302199,27.63102111476973,7.370102895170182,10.076035811749488,8.762215659078903,9.295020602157166,20,1,True,42,
ABC-SMC,866491.0569105691,4.1941273115514734,10657840.0,51.58776593208313,7.528697655393032,24.131842835306195,10767.77153302199,27.63102111476973,7.370102895170182,10.076035811749488,8.762215659078903,9.295020602157166,20,1,True,42,
ABC-SMC,867876.4227642276,4.196219017835167,10674880.0,51.61349391937256,7.528697655393032,24.131842835306195,10767.77153302199,27.63102111476973,7.370102895170182,10.076035811749488,8.762215659078903,9.295020602157166,20,1,True,42,
ABC-SMC,869261.7886178861,4.198315996464675,10691920.0,51.6392867565155,7.528697655393032,24.131842835306195,10767.77153302199,27.63102111476973,7.370102895170182,10.076035811749488,8.762215659078903,9.295020602157166,20,1,True,42,
ABC-SMC,870647.1544715447,4.200405260411705,10708960.0,51.664984703063965,7.528697655393032,24.131842835306195,10767.77153302199,27.63102111476973,7.370102895170182,10.076035811749488,8.762215659078903,9.295020602157166,20,1,True,42,
ABC-SMC,872032.5203252032,4.202499738553675,10726000.0,51.690746784210205,7.528697655393032,24.131842835306195,10767.77153302199,27.63102111476973,7.370102895170182,10.076035811749488,8.762215659078903,9.295020602157166,20,1,True,42,
ABC-SMC,872000.0,4.1977786011510085,10743040.0,51.71663236618042,7.528697655393032,24.131842835306195,10767.77153302199,27.63102111476973,7.370102895170182,10.076035811749488,8.762215659078903,9.295020602157166,20,1,True,42,
ABC-SMC,871967.585089141,4.193078061170285,10760080.0,51.74258327484131,7.528697655393032,24.131842835306195,10767.77153302199,27.63102111476973,7.370102895170182,10.076035811749488,8.762215659078903,9.295020602157166,20,1,True,42,
ABC-SMC,871935.2750809062,4.18838922259877,10777120.0,51.7684907913208,7.528697655393032,24.131842835306195,10767.77153302199,27.63102111476973,7.370102895170182,10.076035811749488,8.762215659078903,9.295020602157166,20,1,True,42,
ABC-SMC,873313.9158576052,4.190479744599475,10794160.0,51.79432964324951,7.528697655393032,24.131842835306195,10767.77153302199,27.63102111476973,7.370102895170182,10.076035811749488,8.762215659078903,9.295020602157166,20,1,True,42,
ABC-SMC,873279.4830371569,4.18580235109961,10811200.0,51.82023310661316,7.528697655393032,24.131842835306195,10767.77153302199,27.63102111476973,7.370102895170182,10.076035811749488,8.762215659078903,9.295020602157166,20,1,True,42,
ABC-SMC,873245.1612903225,4.181110166734264,10828240.0,51.84576606750488,7.528697655393032,24.131842835306195,10767.77153302199,27.63102111476973,7.370102895170182,10.076035811749488,8.762215659078903,9.295020602157166,20,1,True,42,
ABC-SMC,874619.3548387097,4.1831915417025165,10845280.0,51.871575117111206,7.528697655393032,24.131842835306195,10767.77153302199,27.63102111476973,7.370102895170182,10.076035811749488,8.762215659078903,9.295020602157166,20,1,True,42,
ABC-SMC,875993.5483870967,4.185280473001542,10862320.0,51.89747786521912,7.528697655393032,24.131842835306195,10767.77153302199,27.63102111476973,7.370102895170182,10.076035811749488,8.762215659078903,9.295020602157166,20,1,True,42,
ABC-SMC,875954.9114331724,4.180621294583675,10879360.0,51.92331647872925,7.528697655393032,24.131842835306195,10767.77153302199,27.63102111476973,7.370102895170182,10.076035811749488,8.762215659078903,9.295020602157166,20,1,True,42,
ABC-SMC,877326.8921095008,4.1827051919823495,10896400.0,51.949198484420776,7.528697655393032,24.131842835306195,10767.77153302199,27.63102111476973,7.370102895170182,10.076035811749488,8.762215659078903,9.295020602157166,20,1,True,42,
ABC-SMC,878698.8727858292,4.18478204432317,10913440.0,51.974992990493774,7.528697655393032,24.131842835306195,10767.77153302199,27.63102111476973,7.370102895170182,10.076035811749488,8.762215659078903,9.295020602157166,20,1,True,42,
ABC-SMC,878655.9485530547,4.18013604507569,10930480.0,52.00089240074158,7.528697655393032,24.131842835306195,10767.77153302199,27.63102111476973,7.370102895170182,10.076035811749488,8.762215659078903,9.295020602157166,20,1,True,42,
ABC-SMC,880025.7234726688,4.182180216074757,10947520.0,52.02632188796997,7.528697655393032,24.131842835306195,10767.77153302199,27.63102111476973,7.370102895170182,10.076035811749488,8.762215659078903,9.295020602157166,20,1,True,42,
ABC-SMC,881395.498392283,4.184226859420825,10964560.0,52.05178213119507,7.528697655393032,24.131842835306195,10767.77153302199,27.63102111476973,7.370102895170182,10.076035811749488,8.762215659078903,9.295020602157166,20,1,True,42,
ABC-SMC,881348.3146067417,4.179554020038195,10981600.0,52.0772430896759,7.528697655393032,24.131842835306195,10767.77153302199,27.63102111476973,7.370102895170182,10.076035811749488,8.762215659078903,9.295020602157166,20,1,True,42,
ABC-SMC,881301.2820512821,4.174888496979689,10998640.0,52.10260844230652,7.528697655393032,24.131842835306195,10767.77153302199,27.63102111476973,7.370102895170182,10.076035811749488,8.762215659078903,9.295020602157166,20,1,True,42,
ABC-SMC,882666.6666666666,4.176925848691892,11015680.0,52.128034591674805,7.528697655393032,24.131842835306195,10767.77153302199,27.63102111476973,7.370102895170182,10.076035811749488,8.762215659078903,9.295020602157166,20,1,True,42,
ABC-SMC,884032.0512820513,4.179025976321636,11032720.0,52.15424418449402,7.528697655393032,24.131842835306195,10767.77153302199,27.63102111476973,7.370102895170182,10.076035811749488,8.762215659078903,9.295020602157166,20,1,True,42,
ABC-SMC,885397.4358974359,4.1810691356658936,11049760.0,52.17974281311035,7.528697655393032,24.131842835306195,10767.77153302199,27.63102111476973,7.370102895170182,10.076035811749488,8.762215659078903,9.295020602157166,20,1,True,42,
ABC-SMC,886762.8205128205,4.183146395744421,11066800.0,52.20566701889038,7.528697655393032,24.131842835306195,10767.77153302199,27.63102111476973,7.370102895170182,10.076035811749488,8.762215659078903,9.295020602157166,20,1,True,42,
ABC-SMC,888128.2051282051,4.1851852757808485,11083840.0,52.231112241745,7.528697655393032,24.131842835306195,10767.77153302199,27.63102111476973,7.370102895170182,10.076035811749488,8.762215659078903,9.295020602157166,20,1,True,42,
ABC-SMC,889493.5897435897,4.187218042520376,11100880.0,52.2564811706543,7.528697655393032,24.131842835306195,10767.77153302199,27.63102111476973,7.370102895170182,10.076035811749488,8.762215659078903,9.295020602157166,20,1,True,42,
ABC-SMC,890858.9743589744,4.1892590048985605,11117920.0,52.28195238113403,7.528697655393032,24.131842835306195,10767.77153302199,27.63102111476973,7.370102895170182,10.076035811749488,8.762215659078903,9.295020602157166,20,1,True,42,
ABC-SMC,892224.358974359,4.191291542389454,11134960.0,52.30731844902039,7.528697655393032,24.131842835306195,10767.77153302199,27.63102111476973,7.370102895170182,10.076035811749488,8.762215659078903,9.295020602157166,20,1,True,42,
ABC-SMC,893589.7435897435,4.193317966583448,11152000.0,52.33260822296143,7.528697655393032,24.131842835306195,10767.77153302199,27.63102111476973,7.370102895170182,10.076035811749488,8.762215659078903,9.295020602157166,20,1,True,42,
ABC-SMC,892095.8466453673,4.181984019355652,11169040.0,52.35843992233277,7.528697655393032,24.131842835306195,10767.77153302199,27.63102111476973,7.370102895170182,10.076035811749488,8.762215659078903,9.295020602157166,20,1,True,42,
ABC-SMC,893456.8690095847,4.184023659831039,11186080.0,52.3839762210846,7.528697655393032,24.131842835306195,10767.77153302199,27.63102111476973,7.370102895170182,10.076035811749488,8.762215659078903,9.295020602157166,20,1,True,42,
ABC-SMC,894817.8913738019,4.186061072273376,11203120.0,52.40948462486267,7.528697655393032,24.131842835306195,10767.77153302199,27.63102111476973,7.370102895170182,10.076035811749488,8.762215659078903,9.295020602157166,20,1,True,42,
ABC-SMC,894749.601275917,4.181456889071914,11220160.0,52.43546938896179,7.528697655393032,24.131842835306195,10767.77153302199,27.63102111476973,7.370102895170182,10.076035811749488,8.762215659078903,9.295020602157166,20,1,True,42,
ABC-SMC,894681.5286624205,4.176864008994619,11237200.0,52.46141195297241,7.528697655393032,24.131842835306195,10767.77153302199,27.63102111476973,7.370102895170182,10.076035811749488,8.762215659078903,9.295020602157166,20,1,True,42,
ABC-SMC,896038.2165605095,4.178930619719682,11254240.0,52.4873685836792,7.528697655393032,24.131842835306195,10767.77153302199,27.63102111476973,7.370102895170182,10.076035811749488,8.762215659078903,9.295020602157166,20,1,True,42,
ABC-SMC,894546.0317460317,4.1677161814674495,11271280.0,52.51322388648987,7.528697655393032,24.131842835306195,10767.77153302199,27.63102111476973,7.370102895170182,10.076035811749488,8.762215659078903,9.295020602157166,20,1,True,42,
ABC-SMC,895898.4126984127,4.169731064448281,11288320.0,52.53861141204834,7.528697655393032,24.131842835306195,10767.77153302199,27.63102111476973,7.370102895170182,10.076035811749488,8.762215659078903,9.295020602157166,20,1,True,42,
ABC-SMC,897250.7936507936,4.171752437712654,11305360.0,52.56408071517944,7.528697655393032,24.131842835306195,10767.77153302199,27.63102111476973,7.370102895170182,10.076035811749488,8.762215659078903,9.295020602157166,20,1,True,42,
ABC-SMC,898603.1746031746,4.173812166092888,11322400.0,52.59003329277039,7.528697655393032,24.131842835306195,10767.77153302199,27.63102111476973,7.370102895170182,10.076035811749488,8.762215659078903,9.295020602157166,20,1,True,42,
ABC-SMC,899955.5555555555,4.175865517722236,11339440.0,52.61590552330017,7.528697655393032,24.131842835306195,10767.77153302199,27.63102111476973,7.370102895170182,10.076035811749488,8.762215659078903,9.295020602157166,20,1,True,42,
ABC-SMC,899879.5562599048,4.171292755380863,11356480.0,52.641714572906494,7.528697655393032,24.131842835306195,10767.77153302199,27.63102111476973,7.370102895170182,10.076035811749488,8.762215659078903,9.295020602157166,20,1,True,42,
ABC-SMC,899803.7974683545,4.166730370702623,11373520.0,52.66747188568115,7.528697655393032,24.131842835306195,10767.77153302199,27.63102111476973,7.370102895170182,10.076035811749488,8.762215659078903,9.295020602157166,20,1,True,42,
ABC-SMC,899728.2780410743,4.162180009423086,11390560.0,52.693198919296265,7.528697655393032,24.131842835306195,10767.77153302199,27.63102111476973,7.370102895170182,10.076035811749488,8.762215659078903,9.295020602157166,20,1,True,42,
ABC-SMC,901074.2496050552,4.16421545625298,11407600.0,52.71896767616272,7.528697655393032,24.131842835306195,10767.77153302199,27.63102111476973,7.370102895170182,10.076035811749488,8.762215659078903,9.295020602157166,20,1,True,42,
ABC-SMC,902420.2211690363,4.166252033028746,11424640.0,52.74475073814392,7.528697655393032,24.131842835306195,10767.77153302199,27.63102111476973,7.370102895170182,10.076035811749488,8.762215659078903,9.295020602157166,20,1,True,42,
ABC-SMC,903766.1927330174,4.168298590993052,11441680.0,52.770660161972046,7.528697655393032,24.131842835306195,10767.77153302199,27.63102111476973,7.370102895170182,10.076035811749488,8.762215659078903,9.295020602157166,20,1,True,42,
ABC-SMC,903684.5425867508,4.163764064620346,11458720.0,52.79652833938599,7.528697655393032,24.131842835306195,10767.77153302199,27.63102111476973,7.370102895170182,10.076035811749488,8.762215659078903,9.295020602157166,20,1,True,42,
ABC-SMC,905028.3911671924,4.165804498955279,11475760.0,52.82240104675293,7.528697655393032,24.131842835306195,10767.77153302199,27.63102111476973,7.370102895170182,10.076035811749488,8.762215659078903,9.295020602157166,20,1,True,42,
ABC-SMC,906372.2397476342,4.167839988172995,11492800.0,52.84821105003357,7.528697655393032,24.131842835306195,10767.77153302199,27.63102111476973,7.370102895170182,10.076035811749488,8.762215659078903,9.295020602157166,20,1,True,42,
ABC-SMC,906286.6141732284,4.163313174810935,11509840.0,52.87407732009888,7.528697655393032,24.131842835306195,10767.77153302199,27.63102111476973,7.370102895170182,10.076035811749488,8.762215659078903,9.295020602157166,20,1,True,42,
ABC-SMC,907628.3464566928,4.1653120611596295,11526880.0,52.899463176727295,7.528697655393032,24.131842835306195,10767.77153302199,27.63102111476973,7.370102895170182,10.076035811749488,8.762215659078903,9.295020602157166,20,1,True,42,
ABC-SMC,908970.0787401577,4.167309595843938,11543920.0,52.92483186721802,7.528697655393032,24.131842835306195,10767.77153302199,27.63102111476973,7.370102895170182,10.076035811749488,8.762215659078903,9.295020602157166,20,1,True,42,
ABC-SMC,910311.811023622,4.169309833857018,11560960.0,52.95023488998413,7.528697655393032,24.131842835306195,10767.77153302199,27.63102111476973,7.370102895170182,10.076035811749488,8.762215659078903,9.295020602157166,20,1,True,42,
ABC-SMC,910220.1257861636,4.164753732441356,11578000.0,52.97566747665405,7.528697655393032,24.131842835306195,10767.77153302199,27.63102111476973,7.370102895170182,10.076035811749488,8.762215659078903,9.295020602157166,20,1,True,42,
ABC-SMC,910128.7284144426,4.160214967592919,11595040.0,53.00113868713379,7.528697655393032,24.131842835306195,10767.77153302199,27.63102111476973,7.370102895170182,10.076035811749488,8.762215659078903,9.295020602157166,20,1,True,42,
ABC-SMC,910037.6175548588,4.155686039909674,11612080.0,53.02655386924744,7.528697655393032,24.131842835306195,10767.77153302199,27.63102111476973,7.370102895170182,10.076035811749488,8.762215659078903,9.295020602157166,20,1,True,42,
ABC-SMC,911373.0407523512,4.15767543368205,11629120.0,53.05193853378296,7.528697655393032,24.131842835306195,10767.77153302199,27.63102111476973,7.370102895170182,10.076035811749488,8.762215659078903,9.295020602157166,20,1,True,42,
ABC-SMC,912708.4639498432,4.159674169875237,11646160.0,53.07744240760803,7.528697655393032,24.131842835306195,10767.77153302199,27.63102111476973,7.370102895170182,10.076035811749488,8.762215659078903,9.295020602157166,20,1,True,42,
ABC-SMC,914043.8871473356,4.161672700535167,11663200.0,53.102943658828735,7.528697655393032,24.131842835306195,10767.77153302199,27.63102111476973,7.370102895170182,10.076035811749488,8.762215659078903,9.295020602157166,20,1,True,42,
ABC-SMC,915379.3103448276,4.163691130551426,11680240.0,53.12869882583618,7.528697655393032,24.131842835306195,10767.77153302199,27.63102111476973,7.370102895170182,10.076035811749488,8.762215659078903,9.295020602157166,20,1,True,42,
ABC-SMC,915280.125195618,4.159182412710174,11697280.0,53.15435123443604,7.528697655393032,24.131842835306195,10767.77153302199,27.63102111476973,7.370102895170182,10.076035811749488,8.762215659078903,9.295020602157166,20,1,True,42,
ABC-SMC,916613.4585289514,4.161178692592328,11714320.0,53.17986369132996,7.528697655393032,24.131842835306195,10767.77153302199,27.63102111476973,7.370102895170182,10.076035811749488,8.762215659078903,9.295020602157166,20,1,True,42,
ABC-SMC,917946.7918622848,4.163169599661432,11731360.0,53.205307483673096,7.528697655393032,24.131842835306195,10767.77153302199,27.63102111476973,7.370102895170182,10.076035811749488,8.762215659078903,9.295020602157166,20,1,True,42,
ABC-SMC,919280.125195618,4.165165319875559,11748400.0,53.23081278800965,7.528697655393032,24.131842835306195,10767.77153302199,27.63102111476973,7.370102895170182,10.076035811749488,8.762215659078903,9.295020602157166,20,1,True,42,
ABC-SMC,919175.0,4.160653930157423,11765440.0,53.256370306015015,7.528697655393032,24.131842835306195,10767.77153302199,27.63102111476973,7.370102895170182,10.076035811749488,8.762215659078903,9.295020602157166,20,1,True,42,
ABC-SMC,919070.2028081124,4.156207759369183,11782480.0,53.28258347511292,7.528697655393032,24.131842835306195,10767.77153302199,27.63102111476973,7.370102895170182,10.076035811749488,8.762215659078903,9.295020602157166,20,1,True,42,
ABC-SMC,918965.7320872274,4.151742369215064,11799520.0,53.30837202072144,7.528697655393032,24.131842835306195,10767.77153302199,27.63102111476973,7.370102895170182,10.076035811749488,8.762215659078903,9.295020602157166,20,1,True,42,
ABC-SMC,920292.8348909656,4.153762075388543,11816560.0,53.33430504798889,7.528697655393032,24.131842835306195,10767.77153302199,27.63102111476973,7.370102895170182,10.076035811749488,8.762215659078903,9.295020602157166,20,1,True,42,
ABC-SMC,921619.937694704,4.155782004383123,11833600.0,53.3602409362793,7.528697655393032,24.131842835306195,10767.77153302199,27.63102111476973,7.370102895170182,10.076035811749488,8.762215659078903,9.295020602157166,20,1,True,42,
ABC-SMC,921511.66407465,4.1513264086532,11850640.0,53.38605761528015,7.528697655393032,24.131842835306195,10767.77153302199,27.63102111476973,7.370102895170182,10.076035811749488,8.762215659078903,9.295020602157166,20,1,True,42,
ABC-SMC,922836.7029548988,4.153338023700387,11867680.0,53.41192698478699,7.528697655393032,24.131842835306195,10767.77153302199,27.63102111476973,7.370102895170182,10.076035811749488,8.762215659078903,9.295020602157166,20,1,True,42,
ABC-SMC,922726.7080745342,4.148889643064938,11884720.0,53.43769860267639,7.528697655393032,24.131842835306195,10767.77153302199,27.63102111476973,7.370102895170182,10.076035811749488,8.762215659078903,9.295020602157166,20,1,True,42,
ABC-SMC,924049.6894409938,4.15091351692721,11901760.0,53.46376609802246,7.528697655393032,24.131842835306195,10767.77153302199,27.63102111476973,7.370102895170182,10.076035811749488,8.762215659078903,9.295020602157166,20,1,True,42,
ABC-SMC,925372.6708074536,4.152929782867432,11918800.0,53.48973560333252,7.528697655393032,24.131842835306195,10767.77153302199,27.63102111476973,7.370102895170182,10.076035811749488,8.762215659078903,9.295020602157166,20,1,True,42,
ABC-SMC,926695.652173913,4.1549429945323775,11935840.0,53.51566576957703,7.528697655393032,24.131842835306195,10767.77153302199,27.63102111476973,7.370102895170182,10.076035811749488,8.762215659078903,9.295020602157166,20,1,True,42,
ABC-SMC,928018.6335403728,4.156965646684539,11952880.0,53.54171752929688,7.528697655393032,24.131842835306195,10767.77153302199,27.63102111476973,7.370102895170182,10.076035811749488,8.762215659078903,9.295020602157166,20,1,True,42,
ABC-SMC,927900.7751937984,4.15253105089646,11969920.0,53.56765055656433,7.528697655393032,24.131842835306195,10767.77153302199,27.63102111476973,7.370102895170182,10.076035811749488,8.762215659078903,9.295020602157166,20,1,True,42,
ABC-SMC,929221.7054263566,4.154529497604961,11986960.0,53.593430519104,7.528697655393032,24.131842835306195,10767.77153302199,27.63102111476973,7.370102895170182,10.076035811749488,8.762215659078903,9.295020602157166,20,1,True,42,
ABC-SMC,930542.6356589148,4.156531880992327,12004000.0,53.61926126480103,7.528697655393032,24.131842835306195,10767.77153302199,27.63102111476973,7.370102895170182,10.076035811749488,8.762215659078903,9.295020602157166,20,1,True,42,
ABC-SMC,931863.5658914729,4.158506855484127,12021040.0,53.64473843574524,7.528697655393032,24.131842835306195,10767.77153302199,27.63102111476973,7.370102895170182,10.076035811749488,8.762215659078903,9.295020602157166,20,1,True,42,
ABC-SMC,933184.496124031,4.160510440205419,12038080.0,53.6705846786499,7.528697655393032,24.131842835306195,10767.77153302199,27.63102111476973,7.370102895170182,10.076035811749488,8.762215659078903,9.295020602157166,20,1,True,42,
ABC-SMC,934505.4263565892,4.162521990694741,12055120.0,53.69653367996216,7.528697655393032,24.131842835306195,10767.77153302199,27.63102111476973,7.370102895170182,10.076035811749488,8.762215659078903,9.295020602157166,20,1,True,42,
ABC-SMC,935826.3565891472,4.164520899454753,12072160.0,53.72231960296631,7.528697655393032,24.131842835306195,10767.77153302199,27.63102111476973,7.370102895170182,10.076035811749488,8.762215659078903,9.295020602157166,20,1,True,42,
ABC-SMC,937147.2868217054,4.166527866393097,12089200.0,53.74820947647095,7.528697655393032,24.131842835306195,10767.77153302199,27.63102111476973,7.370102895170182,10.076035811749488,8.762215659078903,9.295020602157166,20,1,True,42,
ABC-SMC,938468.2170542636,4.168530952098758,12106240.0,53.774049282073975,7.528697655393032,24.131842835306195,10767.77153302199,27.63102111476973,7.370102895170182,10.076035811749488,8.762215659078903,9.295020602157166,20,1,True,42,
ABC-SMC,938334.3653250774,4.164085022805276,12123280.0,53.799978494644165,7.528697655393032,24.131842835306195,10767.77153302199,27.63102111476973,7.370102895170182,10.076035811749488,8.762215659078903,9.295020602157166,20,1,True,42,
ABC-SMC,939653.2507739938,4.166081095627587,12140320.0,53.82576775550842,7.528697655393032,24.131842835306195,10767.77153302199,27.63102111476973,7.370102895170182,10.076035811749488,8.762215659078903,9.295020602157166,20,1,True,42,
ABC-SMC,940972.13622291,4.168085915385385,12157360.0,53.851670026779175,7.528697655393032,24.131842835306195,10767.77153302199,27.63102111476973,7.370102895170182,10.076035811749488,8.762215659078903,9.295020602157166,20,1,True,42,
ABC-SMC,942291.0216718266,4.170089867831015,12174400.0,53.87756109237671,7.528697655393032,24.131842835306195,10767.77153302199,27.63102111476973,7.370102895170182,10.076035811749488,8.762215659078903,9.295020602157166,20,1,True,42,
ABC-SMC,942151.4683153012,4.165659308249284,12191440.0,53.90363144874573,7.528697655393032,24.131842835306195,10767.77153302199,27.63102111476973,7.370102895170182,10.076035811749488,8.762215659078903,9.295020602157166,20,1,True,42,
ABC-SMC,943468.315301391,4.16765281184932,12208480.0,53.9294273853302,7.528697655393032,24.131842835306195,10767.77153302199,27.63102111476973,7.370102895170182,10.076035811749488,8.762215659078903,9.295020602157166,20,1,True,42,
ABC-SMC,944785.1622874804,4.16965351959653,12225520.0,53.9553165435791,7.528697655393032,24.131842835306195,10767.77153302199,27.63102111476973,7.370102895170182,10.076035811749488,8.762215659078903,9.295020602157166,20,1,True,42,
ABC-SMC,946102.00927357,4.171648718290019,12242560.0,53.98113441467285,7.528697655393032,24.131842835306195,10767.77153302199,27.63102111476973,7.370102895170182,10.076035811749488,8.762215659078903,9.295020602157166,20,1,True,42,
ABC-SMC,947418.85625966,4.173623078388998,12259600.0,54.00668263435364,7.528697655393032,24.131842835306195,10767.77153302199,27.63102111476973,7.370102895170182,10.076035811749488,8.762215659078903,9.295020602157166,20,1,True,42,
ABC-SMC,947271.6049382716,4.16916928909443,12276640.0,54.03243398666382,7.528697655393032,24.131842835306195,10767.77153302199,27.63102111476973,7.370102895170182,10.076035811749488,8.762215659078903,9.295020602157166,20,1,True,42,
ABC-SMC,947124.8073959938,4.1647416050151245,12293680.0,54.05834603309631,7.528697655393032,24.131842835306195,10767.77153302199,27.63102111476973,7.370102895170182,10.076035811749488,8.762215659078903,9.295020602157166,20,1,True,42,
ABC-SMC,946978.4615384616,4.160322959606464,12310720.0,54.08419847488403,7.528697655393032,24.131842835306195,10767.77153302199,27.63102111476973,7.370102895170182,10.076035811749488,8.762215659078903,9.295020602157166,20,1,True,42,
ABC-SMC,948289.2307692308,4.162310508581308,12327760.0,54.11003661155701,7.528697655393032,24.131842835306195,10767.77153302199,27.63102111476973,7.370102895170182,10.076035811749488,8.762215659078903,9.295020602157166,20,1,True,42,
ABC-SMC,949600.0,4.164311555715708,12344800.0,54.1360502243042,7.528697655393032,24.131842835306195,10767.77153302199,27.63102111476973,7.370102895170182,10.076035811749488,8.762215659078903,9.295020602157166,20,1,True,42,
ABC-SMC,950910.7692307692,4.166308017877432,12361840.0,54.162004232406616,7.528697655393032,24.131842835306195,10767.77153302199,27.63102111476973,7.370102895170182,10.076035811749488,8.762215659078903,9.295020602157166,20,1,True,42,
ABC-SMC,952221.5384615384,4.168301032139705,12378880.0,54.18791341781616,7.528697655393032,24.131842835306195,10767.77153302199,27.63102111476973,7.370102895170182,10.076035811749488,8.762215659078903,9.295020602157166,20,1,True,42,
ABC-SMC,952067.5883256528,4.163886306838872,12395920.0,54.213799715042114,7.528697655393032,24.131842835306195,10767.77153302199,27.63102111476973,7.370102895170182,10.076035811749488,8.762215659078903,9.295020602157166,20,1,True,42,
ABC-SMC,953376.3440860217,4.165873860800138,12412960.0,54.2396776676178,7.528697655393032,24.131842835306195,10767.77153302199,27.63102111476973,7.370102895170182,10.076035811749488,8.762215659078903,9.295020602157166,20,1,True,42,
ABC-SMC,954685.09984639,4.167853082929339,12430000.0,54.26544713973999,7.528697655393032,24.131842835306195,10767.77153302199,27.63102111476973,7.370102895170182,10.076035811749488,8.762215659078903,9.295020602157166,20,1,True,42,
ABC-SMC,954527.6073619633,4.163416653323027,12447040.0,54.29095315933228,7.528697655393032,24.131842835306195,10767.77153302199,27.63102111476973,7.370102895170182,10.076035811749488,8.762215659078903,9.295020602157166,20,1,True,42,
ABC-SMC,955834.3558282208,4.165367078196051,12464080.0,54.316386699676514,7.528697655393032,24.131842835306195,10767.77153302199,27.63102111476973,7.370102895170182,10.076035811749488,8.762215659078903,9.295020602157166,20,1,True,42,
ABC-SMC,957141.1042944784,4.16732366465352,12481120.0,54.34190058708191,7.528697655393032,24.131842835306195,10767.77153302199,27.63102111476973,7.370102895170182,10.076035811749488,8.762215659078903,9.295020602157166,20,1,True,42,
ABC-SMC,958447.852760736,4.169314020981817,12498160.0,54.367854833602905,7.528697655393032,24.131842835306195,10767.77153302199,27.63102111476973,7.370102895170182,10.076035811749488,8.762215659078903,9.295020602157166,20,1,True,42,
ABC-SMC,959754.6012269936,4.171263385404107,12515200.0,54.39327454566956,7.528697655393032,24.131842835306195,10767.77153302199,27.63102111476973,7.370102895170182,10.076035811749488,8.762215659078903,9.295020602157166,20,1,True,42,
ABC-SMC,961061.3496932514,4.173216644240303,12532240.0,54.41874504089356,7.528697655393032,24.131842835306195,10767.77153302199,27.63102111476973,7.370102895170182,10.076035811749488,8.762215659078903,9.295020602157166,20,1,True,42,
ABC-SMC,962368.098159509,4.175184182594159,12549280.0,54.44440174102783,7.528697655393032,24.131842835306195,10767.77153302199,27.63102111476973,7.370102895170182,10.076035811749488,8.762215659078903,9.295020602157166,20,1,True,42,
ABC-SMC,962199.0811638592,4.170746825190452,12566320.0,54.469953536987305,7.528697655393032,24.131842835306195,10767.77153302199,27.63102111476973,7.370102895170182,10.076035811749488,8.762215659078903,9.295020602157166,20,1,True,42,
ABC-SMC,963503.8284839204,4.172709415371531,12583360.0,54.4955849647522,7.528697655393032,24.131842835306195,10767.77153302199,27.63102111476973,7.370102895170182,10.076035811749488,8.762215659078903,9.295020602157166,20,1,True,42,
ABC-SMC,964808.5758039816,4.174660157646191,12600400.0,54.52106165885925,7.528697655393032,24.131842835306195,10767.77153302199,27.63102111476973,7.370102895170182,10.076035811749488,8.762215659078903,9.295020602157166,20,1,True,42,
ABC-SMC,966113.3231240428,4.1766081615757615,12617440.0,54.54650259017944,7.528697655393032,24.131842835306195,10767.77153302199,27.63102111476973,7.370102895170182,10.076035811749488,8.762215659078903,9.295020602157166,20,1,True,42,
ABC-SMC,967418.070444104,4.17855936024127,12634480.0,54.57198524475098,7.528697655393032,24.131842835306195,10767.77153302199,27.63102111476973,7.370102895170182,10.076035811749488,8.762215659078903,9.295020602157166,20,1,True,42,
ABC-SMC,968722.8177641652,4.180512658304679,12651520.0,54.59749531745911,7.528697655393032,24.131842835306195,10767.77153302199,27.63102111476973,7.370102895170182,10.076035811749488,8.762215659078903,9.295020602157166,20,1,True,42,
ABC-SMC,970027.5650842268,4.182453980672232,12668560.0,54.62284898757935,7.528697655393032,24.131842835306195,10767.77153302199,27.63102111476973,7.370102895170182,10.076035811749488,8.762215659078903,9.295020602157166,20,1,True,42,
ABC-SMC,971332.312404288,4.184442931988703,12685600.0,54.64882469177246,7.528697655393032,24.131842835306195,10767.77153302199,27.63102111476973,7.370102895170182,10.076035811749488,8.762215659078903,9.295020602157166,20,1,True,42,
ABC-SMC,972637.0597243492,4.186424727096675,12702640.0,54.67470693588257,7.528697655393032,24.131842835306195,10767.77153302199,27.63102111476973,7.370102895170182,10.076035811749488,8.762215659078903,9.295020602157166,20,1,True,42,
ABC-SMC,972452.5993883793,4.181996252194092,12719680.0,54.70051097869873,7.528697655393032,24.131842835306195,10767.77153302199,27.63102111476973,7.370102895170182,10.076035811749488,8.762215659078903,9.295020602157166,20,1,True,42,
ABC-SMC,973755.3516819573,4.18397098870817,12736720.0,54.726340532302856,7.528697655393032,24.131842835306195,10767.77153302199,27.63102111476973,7.370102895170182,10.076035811749488,8.762215659078903,9.295020602157166,20,1,True,42,
ABC-SMC,975058.1039755353,4.185946417875611,12753760.0,54.75217914581299,7.528697655393032,24.131842835306195,10767.77153302199,27.63102111476973,7.370102895170182,10.076035811749488,8.762215659078903,9.295020602157166,20,1,True,42,
ABC-SMC,976360.8562691133,4.187924854616871,12770800.0,54.77805709838867,7.528697655393032,24.131842835306195,10767.77153302199,27.63102111476973,7.370102895170182,10.076035811749488,8.762215659078903,9.295020602157166,20,1,True,42,
ABC-SMC,976170.992366412,4.183506747238508,12787840.0,54.80393838882446,7.528697655393032,24.131842835306195,10767.77153302199,27.63102111476973,7.370102895170182,10.076035811749488,8.762215659078903,9.295020602157166,20,1,True,42,
ABC-SMC,977471.7557251907,4.185478050290173,12804880.0,54.82976245880127,7.528697655393032,24.131842835306195,10767.77153302199,27.63102111476973,7.370102895170182,10.076035811749488,8.762215659078903,9.295020602157166,20,1,True,42,
ABC-SMC,978772.5190839692,4.187459836479361,12821920.0,54.85572385787964,7.528697655393032,24.131842835306195,10767.77153302199,27.63102111476973,7.370102895170182,10.076035811749488,8.762215659078903,9.295020602157166,20,1,True,42,
ABC-SMC,980073.282442748,4.189440585274732,12838960.0,54.881671667099,7.528697655393032,24.131842835306195,10767.77153302199,27.63102111476973,7.370102895170182,10.076035811749488,8.762215659078903,9.295020602157166,20,1,True,42,
ABC-SMC,981374.0458015264,4.191412343323685,12856000.0,54.90750169754028,7.528697655393032,24.131842835306195,10767.77153302199,27.63102111476973,7.370102895170182,10.076035811749488,8.762215659078903,9.295020602157166,20,1,True,42,
ABC-SMC,982674.8091603052,4.193383427976651,12873040.0,54.93332290649414,7.528697655393032,24.131842835306195,10767.77153302199,27.63102111476973,7.370102895170182,10.076035811749488,8.762215659078903,9.295020602157166,20,1,True,42,
ABC-SMC,983975.572519084,4.195371493128419,12890080.0,54.9593665599823,7.528697655393032,24.131842835306195,10767.77153302199,27.63102111476973,7.370102895170182,10.076035811749488,8.762215659078903,9.295020602157166,20,1,True,42,
ABC-SMC,985276.3358778624,4.197339884197438,12907120.0,54.98515248298645,7.528697655393032,24.131842835306195,10767.77153302199,27.63102111476973,7.370102895170182,10.076035811749488,8.762215659078903,9.295020602157166,20,1,True,42,
ABC-SMC,986577.0992366412,4.199319104201921,12924160.0,55.011080265045166,7.528697655393032,24.131842835306195,10767.77153302199,27.63102111476973,7.370102895170182,10.076035811749488,8.762215659078903,9.295020602157166,20,1,True,42,
ABC-SMC,987877.8625954196,4.201263526013788,12941200.0,55.03655219078064,7.528697655393032,24.131842835306195,10767.77153302199,27.63102111476973,7.370102895170182,10.076035811749488,8.762215659078903,9.295020602157166,20,1,True,42,
ABC-SMC,989178.6259541984,4.20326302069744,12958240.0,55.06274557113648,7.528697655393032,24.131842835306195,10767.77153302199,27.63102111476973,7.370102895170182,10.076035811749488,8.762215659078903,9.295020602157166,20,1,True,42,
ABC-SMC,988969.5121951218,4.198820271143099,12975280.0,55.08852195739746,7.528697655393032,24.131842835306195,10767.77153302199,27.63102111476973,7.370102895170182,10.076035811749488,8.762215659078903,9.295020602157166,20,1,True,42,
ABC-SMC,990268.2926829268,4.200795783502299,12992320.0,55.11444067955017,7.528697655393032,24.131842835306195,10767.77153302199,27.63102111476973,7.370102895170182,10.076035811749488,8.762215659078903,9.295020602157166,20,1,True,42,
ABC-SMC,991567.0731707315,4.202927558160409,13009360.0,55.142409563064575,7.528697655393032,24.131842835306195,10767.77153302199,27.63102111476973,7.370102895170182,10.076035811749488,8.762215659078903,9.295020602157166,20,1,True,42,
ABC-SMC,992865.8536585364,4.204912847135125,13026400.0,55.16845655441284,7.528697655393032,24.131842835306195,10767.77153302199,27.63102111476973,7.370102895170182,10.076035811749488,8.762215659078903,9.295020602157166,20,1,True,42,
ABC-SMC,992651.4459665144,4.200476997700637,13043440.0,55.19426774978638,7.528697655393032,24.131842835306195,10767.77153302199,27.63102111476973,7.370102895170182,10.076035811749488,8.762215659078903,9.295020602157166,20,1,True,42,
ABC-SMC,993948.2496194824,4.202440376513987,13060480.0,55.2200665473938,7.528697655393032,24.131842835306195,10767.77153302199,27.63102111476973,7.370102895170182,10.076035811749488,8.762215659078903,9.295020602157166,20,1,True,42,
ABC-SMC,995245.0532724503,4.204402031600929,13077520.0,55.245842695236206,7.528697655393032,24.131842835306195,10767.77153302199,27.63102111476973,7.370102895170182,10.076035811749488,8.762215659078903,9.295020602157166,20,1,True,42,
ABC-SMC,995027.3556231004,4.199979479189701,13094560.0,55.27172994613648,7.528697655393032,24.131842835306195,10767.77153302199,27.63102111476973,7.370102895170182,10.076035811749488,8.762215659078903,9.295020602157166,20,1,True,42,
ABC-SMC,996322.188449848,4.201944530191392,13111600.0,55.297590017318726,7.528697655393032,24.131842835306195,10767.77153302199,27.63102111476973,7.370102895170182,10.076035811749488,8.762215659078903,9.295020602157166,20,1,True,42,
ABC-SMC,997617.0212765958,4.203906465083995,13128640.0,55.32340908050537,7.528697655393032,24.131842835306195,10767.77153302199,27.63102111476973,7.370102895170182,10.076035811749488,8.762215659078903,9.295020602157166,20,1,True,42,
ABC-SMC,998911.8541033434,4.20586233081064,13145680.0,55.34914827346802,7.528697655393032,24.131842835306195,10767.77153302199,27.63102111476973,7.370102895170182,10.076035811749488,8.762215659078903,9.295020602157166,20,1,True,42,
ABC-SMC,1000206.6869300912,4.207828052138123,13162720.0,55.375017166137695,7.528697655393032,24.131842835306195,10767.77153302199,27.63102111476973,7.370102895170182,10.076035811749488,8.762215659078903,9.295020602157166,20,1,True,42,
ABC-SMC,1001501.5197568388,4.209784443255253,13179760.0,55.400763273239136,7.528697655393032,24.131842835306195,10767.77153302199,27.63102111476973,7.370102895170182,10.076035811749488,8.762215659078903,9.295020602157166,20,1,True,42,
ABC-SMC,1002796.3525835868,4.211749838478297,13196800.0,55.42662787437439,7.528697655393032,24.131842835306195,10767.77153302199,27.63102111476973,7.370102895170182,10.076035811749488,8.762215659078903,9.295020602157166,20,1,True,42,
ABC-SMC,1004091.1854103344,4.213725089302179,13213840.0,55.45262217521668,7.528697655393032,24.131842835306195,10767.77153302199,27.63102111476973,7.370102895170182,10.076035811749488,8.762215659078903,9.295020602157166,20,1,True,42,
ABC-SMC,1005386.018237082,4.215700974218027,13230880.0,55.47862482070923,7.528697655393032,24.131842835306195,10767.77153302199,27.63102111476973,7.370102895170182,10.076035811749488,8.762215659078903,9.295020602157166,20,1,True,42,
ABC-SMC,1006680.8510638296,4.217683308755011,13247920.0,55.50471234321594,7.528697655393032,24.131842835306195,10767.77153302199,27.63102111476973,7.370102895170182,10.076035811749488,8.762215659078903,9.295020602157166,20,1,True,42,
ABC-SMC,1007975.6838905776,4.219643667476156,13264960.0,55.530510663986206,7.528697655393032,24.131842835306195,10767.77153302199,27.63102111476973,7.370102895170182,10.076035811749488,8.762215659078903,9.295020602157166,20,1,True,42,
ABC-SMC,1009270.5167173252,4.221618175506592,13282000.0,55.55649518966675,7.528697655393032,24.131842835306195,10767.77153302199,27.63102111476973,7.370102895170182,10.076035811749488,8.762215659078903,9.295020602157166,20,1,True,42,
ABC-SMC,1010565.349544073,4.2235824837148375,13299040.0,55.582345485687256,7.528697655393032,24.131842835306195,10767.77153302199,27.63102111476973,7.370102895170182,10.076035811749488,8.762215659078903,9.295020602157166,20,1,True,42,
ABC-SMC,1010324.7344461303,4.219130210702806,13316080.0,55.60813617706299,7.528697655393032,24.131842835306195,10767.77153302199,27.63102111476973,7.370102895170182,10.076035811749488,8.762215659078903,9.295020602157166,20,1,True,42,
ABC-SMC,1011617.602427921,4.221093907884474,13333120.0,55.63401770591736,7.528697655393032,24.131842835306195,10767.77153302199,27.63102111476973,7.370102895170182,10.076035811749488,8.762215659078903,9.295020602157166,20,1,True,42,
ABC-SMC,1012910.4704097116,4.223054276612532,13350160.0,55.65985536575317,7.528697655393032,24.131842835306195,10767.77153302199,27.63102111476973,7.370102895170182,10.076035811749488,8.762215659078903,9.295020602157166,20,1,True,42,
ABC-SMC,1014203.3383915024,4.225018462208587,13367200.0,55.68574333190918,7.528697655393032,24.131842835306195,10767.77153302199,27.63102111476973,7.370102895170182,10.076035811749488,8.762215659078903,9.295020602157166,20,1,True,42,
ABC-SMC,1015496.206373293,4.227006815272144,13384240.0,55.71194982528687,7.528697655393032,24.131842835306195,10767.77153302199,27.63102111476973,7.370102895170182,10.076035811749488,8.762215659078903,9.295020602157166,20,1,True,42,
ABC-SMC,1016789.0743550836,4.228966279529114,13401280.0,55.737775564193726,7.528697655393032,24.131842835306195,10767.77153302199,27.63102111476973,7.370102895170182,10.076035811749488,8.762215659078903,9.295020602157166,20,1,True,42,
ABC-SMC,1018081.942336874,4.23093279866058,13418320.0,55.76369428634644,7.528697655393032,24.131842835306195,10767.77153302199,27.63102111476973,7.370102895170182,10.076035811749488,8.762215659078903,9.295020602157166,20,1,True,42,
ABC-SMC,1017830.3030303027,4.226480740489381,13435360.0,55.78954577445984,7.528697655393032,24.131842835306195,10767.77153302199,27.63102111476973,7.370102895170182,10.076035811749488,8.762215659078903,9.295020602157166,20,1,True,42,
ABC-SMC,1019121.212121212,4.22844086632584,13452400.0,55.8154194355011,7.528697655393032,24.131842835306195,10767.77153302199,27.63102111476973,7.370102895170182,10.076035811749488,8.762215659078903,9.295020602157166,20,1,True,42,
ABC-SMC,1020412.1212121212,4.23040559797576,13469440.0,55.84135389328003,7.528697655393032,24.131842835306195,10767.77153302199,27.63102111476973,7.370102895170182,10.076035811749488,8.762215659078903,9.295020602157166,20,1,True,42,
ABC-SMC,1021703.0303030302,4.232357740402222,13486480.0,55.867122173309326,7.528697655393032,24.131842835306195,10767.77153302199,27.63102111476973,7.370102895170182,10.076035811749488,8.762215659078903,9.295020602157166,20,1,True,42,
ABC-SMC,1021446.293494705,4.22790584333365,13503520.0,55.89291524887085,7.528697655393032,24.131842835306195,10767.77153302199,27.63102111476973,7.370102895170182,10.076035811749488,8.762215659078903,9.295020602157166,20,1,True,42,
ABC-SMC,1021190.332326284,4.223473626681325,13520560.0,55.91879081726074,7.528697655393032,24.131842835306195,10767.77153302199,27.63102111476973,7.370102895170182,10.076035811749488,8.762215659078903,9.295020602157166,20,1,True,42,
ABC-SMC,1022477.341389728,4.225431666273365,13537600.0,55.94471526145935,7.528697655393032,24.131842835306195,10767.77153302199,27.63102111476973,7.370102895170182,10.076035811749488,8.762215659078903,9.295020602157166,20,1,True,42,
ABC-SMC,1023764.3504531722,4.227384051527502,13554640.0,55.97056484222412,7.528697655393032,24.131842835306195,10767.77153302199,27.63102111476973,7.370102895170182,10.076035811749488,8.762215659078903,9.295020602157166,20,1,True,42,
ABC-SMC,1025051.3595166162,4.229340380412213,13571680.0,55.99646663665772,7.528697655393032,24.131842835306195,10767.77153302199,27.63102111476973,7.370102895170182,10.076035811749488,8.762215659078903,9.295020602157166,20,1,True,42,
ABC-SMC,1026338.3685800604,4.231294494381124,13588720.0,56.02233910560608,7.528697655393032,24.131842835306195,10767.77153302199,27.63102111476973,7.370102895170182,10.076035811749488,8.762215659078903,9.295020602157166,20,1,True,42,
ABC-SMC,1027625.3776435046,4.233260187137524,13605760.0,56.048364877700806,7.528697655393032,24.131842835306195,10767.77153302199,27.63102111476973,7.370102895170182,10.076035811749488,8.762215659078903,9.295020602157166,20,1,True,42,
ABC-SMC,1028912.3867069486,4.235196221631099,13622800.0,56.07399797439575,7.528697655393032,24.131842835306195,10767.77153302199,27.63102111476973,7.370102895170182,10.076035811749488,8.762215659078903,9.295020602157166,20,1,True,42,
ABC-SMC,1030199.3957703928,4.237121325605225,13639840.0,56.099486351013184,7.528697655393032,24.131842835306195,10767.77153302199,27.63102111476973,7.370102895170182,10.076035811749488,8.762215659078903,9.295020602157166,20,1,True,42,
ABC-SMC,1031486.4048338368,4.239062456205892,13656880.0,56.125186920166016,7.528697655393032,24.131842835306195,10767.77153302199,27.63102111476973,7.370102895170182,10.076035811749488,8.762215659078903,9.295020602157166,20,1,True,42,
ABC-SMC,1031215.6862745096,4.234601289798051,13673920.0,56.15081310272217,7.528697655393032,24.131842835306195,10767.77153302199,27.63102111476973,7.370102895170182,10.076035811749488,8.762215659078903,9.295020602157166,20,1,True,42,
ABC-SMC,1032500.7541478128,4.236542117721534,13690960.0,56.17654848098755,7.528697655393032,24.131842835306195,10767.77153302199,27.63102111476973,7.370102895170182,10.076035811749488,8.762215659078903,9.295020602157166,20,1,True,42,
ABC-SMC,1033785.822021116,4.238468885062146,13708000.0,56.20209741592407,7.528697655393032,24.131842835306195,10767.77153302199,27.63102111476973,7.370102895170182,10.076035811749488,8.762215659078903,9.295020602157166,20,1,True,42,
ABC-SMC,1035070.8898944192,4.240402916437899,13725040.0,56.22774267196655,7.528697655393032,24.131842835306195,10767.77153302199,27.63102111476973,7.370102895170182,10.076035811749488,8.762215659078903,9.295020602157166,20,1,True,42,
ABC-SMC,1034795.1807228916,4.235938047788229,13742080.0,56.253257274627686,7.528697655393032,24.131842835306195,10767.77153302199,27.63102111476973,7.370102895170182,10.076035811749488,8.762215659078903,9.295020602157166,20,1,True,42,
ABC-SMC,1036078.313253012,4.237860584833535,13759120.0,56.27878856658936,7.528697655393032,24.131842835306195,10767.77153302199,27.63102111476973,7.370102895170182,10.076035811749488,8.762215659078903,9.295020602157166,20,1,True,42,
ABC-SMC,1037361.4457831325,4.239785707140543,13776160.0,56.304354190826416,7.528697655393032,24.131842835306195,10767.77153302199,27.63102111476973,7.370102895170182,10.076035811749488,8.762215659078903,9.295020602157166,20,1,True,42,
ABC-SMC,1038644.5783132528,4.241709482957082,13793200.0,56.32990193367005,7.528697655393032,24.131842835306195,10767.77153302199,27.63102111476973,7.370102895170182,10.076035811749488,8.762215659078903,9.295020602157166,20,1,True,42,
ABC-SMC,1039927.7108433734,4.24362927316183,13810240.0,56.35539674758911,7.528697655393032,24.131842835306195,10767.77153302199,27.63102111476973,7.370102895170182,10.076035811749488,8.762215659078903,9.295020602157166,20,1,True,42,
ABC-SMC,1041210.843373494,4.245549117226198,13827280.0,56.38089227676392,7.528697655393032,24.131842835306195,10767.77153302199,27.63102111476973,7.370102895170182,10.076035811749488,8.762215659078903,9.295020602157166,20,1,True,42,
ABC-SMC,1040926.3157894736,4.241082704156861,13844320.0,56.406399965286255,7.528697655393032,24.131842835306195,10767.77153302199,27.63102111476973,7.370102895170182,10.076035811749488,8.762215659078903,9.295020602157166,20,1,True,42,
ABC-SMC,1040642.6426426426,4.236629077264138,13861360.0,56.431899309158325,7.528697655393032,24.131842835306195,10767.77153302199,27.63102111476973,7.370102895170182,10.076035811749488,8.762215659078903,9.295020602157166,20,1,True,42,
ABC-SMC,1041921.921921922,4.238544050995651,13878400.0,56.457406759262085,7.528697655393032,24.131842835306195,10767.77153302199,27.63102111476973,7.370102895170182,10.076035811749488,8.762215659078903,9.295020602157166,20,1,True,42,
ABC-SMC,1043201.2012012012,4.2404654684725465,13895440.0,56.48300004005432,7.528697655393032,24.131842835306195,10767.77153302199,27.63102111476973,7.370102895170182,10.076035811749488,8.762215659078903,9.295020602157166,20,1,True,42,
ABC-SMC,1041353.2934131736,4.229734686320413,13912480.0,56.50925540924072,7.528697655393032,24.131842835306195,10767.77153302199,27.63102111476973,7.370102895170182,10.076035811749488,8.762215659078903,9.295020602157166,20,1,True,42,
ABC-SMC,1042628.74251497,4.231668000449677,13929520.0,56.53508448600769,7.528697655393032,24.131842835306195,10767.77153302199,27.63102111476973,7.370102895170182,10.076035811749488,8.762215659078903,9.295020602157166,20,1,True,42,
ABC-SMC,1043904.1916167664,4.233582433826195,13946560.0,56.56066131591797,7.528697655393032,24.131842835306195,10767.77153302199,27.63102111476973,7.370102895170182,10.076035811749488,8.762215659078903,9.295020602157166,20,1,True,42,
ABC-SMC,1045179.6407185628,4.235525420325958,13963600.0,56.58661961555481,7.528697655393032,24.131842835306195,10767.77153302199,27.63102111476973,7.370102895170182,10.076035811749488,8.762215659078903,9.295020602157166,20,1,True,42,
ABC-SMC,1044890.8819133036,4.2311253034480485,13980640.0,56.61245656013489,7.528697655393032,24.131842835306195,10767.77153302199,27.63102111476973,7.370102895170182,10.076035811749488,8.762215659078903,9.295020602157166,20,1,True,42,
ABC-SMC,1046164.4245142004,4.233066811155311,13997680.0,56.63843393325806,7.528697655393032,24.131842835306195,10767.77153302199,27.63102111476973,7.370102895170182,10.076035811749488,8.762215659078903,9.295020602157166,20,1,True,42,
ABC-SMC,1047437.9671150972,4.234998856959321,14014720.0,56.66428470611572,7.528697655393032,24.131842835306195,10767.77153302199,27.63102111476973,7.370102895170182,10.076035811749488,8.762215659078903,9.295020602157166,20,1,True,42,
ABC-SMC,1048711.509715994,4.236932203552292,14031760.0,56.69015288352966,7.528697655393032,24.131842835306195,10767.77153302199,27.63102111476973,7.370102895170182,10.076035811749488,8.762215659078903,9.295020602157166,20,1,True,42,
ABC-SMC,1049985.052316891,4.238867510238214,14048800.0,56.716047286987305,7.528697655393032,24.131842835306195,10767.77153302199,27.63102111476973,7.370102895170182,10.076035811749488,8.762215659078903,9.295020602157166,20,1,True,42,
ABC-SMC,1051258.594917788,4.240807628061384,14065840.0,56.7420060634613,7.528697655393032,24.131842835306195,10767.77153302199,27.63102111476973,7.370102895170182,10.076035811749488,8.762215659078903,9.295020602157166,20,1,True,42,
ABC-SMC,1052532.1375186846,4.2427479775319,14082880.0,56.76796793937683,7.528697655393032,24.131842835306195,10767.77153302199,27.63102111476973,7.370102895170182,10.076035811749488,8.762215659078903,9.295020602157166,20,1,True,42,
ABC-SMC,1049101.1904761903,4.225736093663034,14099920.0,56.79389309883118,7.528697655393032,24.131842835306195,10767.77153302199,27.63102111476973,7.370102895170182,10.076035811749488,8.762215659078903,9.295020602157166,20,1,True,42,
ABC-SMC,1050369.0476190476,4.227653465100697,14116960.0,56.81966257095337,7.528697655393032,24.131842835306195,10767.77153302199,27.63102111476973,7.370102895170182,10.076035811749488,8.762215659078903,9.295020602157166,20,1,True,42,
ABC-SMC,1051636.9047619046,4.229577134052912,14134000.0,56.84551668167114,7.528697655393032,24.131842835306195,10767.77153302199,27.63102111476973,7.370102895170182,10.076035811749488,8.762215659078903,9.295020602157166,20,1,True,42,
ABC-SMC,1051340.2674591383,4.225204727802022,14151040.0,56.87125563621521,7.528697655393032,24.131842835306195,10767.77153302199,27.63102111476973,7.370102895170182,10.076035811749488,8.762215659078903,9.295020602157166,20,1,True,42,
ABC-SMC,1051044.5103857566,4.220852282351486,14168080.0,56.89708876609802,7.528697655393032,24.131842835306195,10767.77153302199,27.63102111476973,7.370102895170182,10.076035811749488,8.762215659078903,9.295020602157166,20,1,True,42,
ABC-SMC,1050749.6296296297,4.216511955967656,14185120.0,56.92291140556336,7.528697655393032,24.131842835306195,10767.77153302199,27.63102111476973,7.370102895170182,10.076035811749488,8.762215659078903,9.295020602157166,20,1,True,42,
ABC-SMC,1052011.851851852,4.218429035610623,14202160.0,56.94879198074341,7.528697655393032,24.131842835306195,10767.77153302199,27.63102111476973,7.370102895170182,10.076035811749488,8.762215659078903,9.295020602157166,20,1,True,42,
ABC-SMC,1051715.9763313606,4.214097674076373,14219200.0,56.97460055351257,7.528697655393032,24.131842835306195,10767.77153302199,27.63102111476973,7.370102895170182,10.076035811749488,8.762215659078903,9.295020602157166,20,1,True,42,
ABC-SMC,1051420.974889217,4.209779988715708,14236240.0,57.00042104721069,7.528697655393032,24.131842835306195,10767.77153302199,27.63102111476973,7.370102895170182,10.076035811749488,8.762215659078903,9.295020602157166,20,1,True,42,
ABC-SMC,1051126.843657817,4.205492534468659,14253280.0,57.02647876739502,7.528697655393032,24.131842835306195,10767.77153302199,27.63102111476973,7.370102895170182,10.076035811749488,8.762215659078903,9.295020602157166,20,1,True,42,
ABC-SMC,1052383.4808259588,4.207391302845823,14270320.0,57.05222606658936,7.528697655393032,24.131842835306195,10767.77153302199,27.63102111476973,7.370102895170182,10.076035811749488,8.762215659078903,9.295020602157166,20,1,True,42,
ABC-SMC,1052088.3652430044,4.20309851201188,14287360.0,57.07807779312134,7.528697655393032,24.131842835306195,10767.77153302199,27.63102111476973,7.370102895170182,10.076035811749488,8.762215659078903,9.295020602157166,20,1,True,42,
ABC-SMC,1051794.1176470588,4.198824167251586,14304400.0,57.10400867462158,7.528697655393032,24.131842835306195,10767.77153302199,27.63102111476973,7.370102895170182,10.076035811749488,8.762215659078903,9.295020602157166,20,1,True,42,
ABC-SMC,1053047.0588235294,4.200747240992153,14321440.0,57.130162477493286,7.528697655393032,24.131842835306195,10767.77153302199,27.63102111476973,7.370102895170182,10.076035811749488,8.762215659078903,9.295020602157166,20,1,True,42,
ABC-SMC,1054300.0,4.202660094289218,14338480.0,57.156177282333374,7.528697655393032,24.131842835306195,10767.77153302199,27.63102111476973,7.370102895170182,10.076035811749488,8.762215659078903,9.295020602157166,20,1,True,42,
ABC-SMC,1054002.9368575625,4.198383777327123,14355520.0,57.18198704719544,7.528697655393032,24.131842835306195,10767.77153302199,27.63102111476973,7.370102895170182,10.076035811749488,8.762215659078903,9.295020602157166,20,1,True,42,
ABC-SMC,1055254.0381791482,4.200290688334057,14372560.0,57.20795917510986,7.528697655393032,24.131842835306195,10767.77153302199,27.63102111476973,7.370102895170182,10.076035811749488,8.762215659078903,9.295020602157166,20,1,True,42,
ABC-SMC,1056505.139500734,4.202183647827955,14389600.0,57.23374128341675,7.528697655393032,24.131842835306195,10767.77153302199,27.63102111476973,7.370102895170182,10.076035811749488,8.762215659078903,9.295020602157166,20,1,True,42,
ABC-SMC,1057756.24082232,4.204086707727149,14406640.0,57.259660959243774,7.528697655393032,24.131842835306195,10767.77153302199,27.63102111476973,7.370102895170182,10.076035811749488,8.762215659078903,9.295020602157166,20,1,True,42,
ABC-SMC,1059007.3421439058,4.205982398006533,14423680.0,57.285480260849,7.528697655393032,24.131842835306195,10767.77153302199,27.63102111476973,7.370102895170182,10.076035811749488,8.762215659078903,9.295020602157166,20,1,True,42,
ABC-SMC,1060258.4434654918,4.207884792714392,14440720.0,57.31139087677002,7.528697655393032,24.131842835306195,10767.77153302199,27.63102111476973,7.370102895170182,10.076035811749488,8.762215659078903,9.295020602157166,20,1,True,42,
ABC-SMC,1061509.5447870777,4.209777437117656,14457760.0,57.33716869354248,7.528697655393032,24.131842835306195,10767.77153302199,27.63102111476973,7.370102895170182,10.076035811749488,8.762215659078903,9.295020602157166,20,1,True,42,
ABC-SMC,1062760.6461086636,4.211684803255503,14474800.0,57.363147020339966,7.528697655393032,24.131842835306195,10767.77153302199,27.63102111476973,7.370102895170182,10.076035811749488,8.762215659078903,9.295020602157166,20,1,True,42,
ABC-SMC,1064011.7474302494,4.213581508826929,14491840.0,57.38898015022278,7.528697655393032,24.131842835306195,10767.77153302199,27.63102111476973,7.370102895170182,10.076035811749488,8.762215659078903,9.295020602157166,20,1,True,42,
ABC-SMC,1065262.8487518355,4.215487999713018,14508880.0,57.41494655609131,7.528697655393032,24.131842835306195,10767.77153302199,27.63102111476973,7.370102895170182,10.076035811749488,8.762215659078903,9.295020602157166,20,1,True,42,
ABC-SMC,1066513.9500734212,4.217388363836795,14525920.0,57.44082951545715,7.528697655393032,24.131842835306195,10767.77153302199,27.63102111476973,7.370102895170182,10.076035811749488,8.762215659078903,9.295020602157166,20,1,True,42,
ABC-SMC,1067765.0513950072,4.219317961369317,14542960.0,57.4671106338501,7.528697655393032,24.131842835306195,10767.77153302199,27.63102111476973,7.370102895170182,10.076035811749488,8.762215659078903,9.295020602157166,20,1,True,42,
ABC-SMC,1069016.1527165931,4.221220461107385,14560000.0,57.49302268028259,7.528697655393032,24.131842835306195,10767.77153302199,27.63102111476973,7.370102895170182,10.076035811749488,8.762215659078903,9.295020602157166,20,1,True,42,
ABC-SMC,1068697.9472140763,4.216932463855688,14577040.0,57.51895880699158,7.528697655393032,24.131842835306195,10767.77153302199,27.63102111476973,7.370102895170182,10.076035811749488,8.762215659078903,9.295020602157166,20,1,True,42,
ABC-SMC,1066818.7134502924,4.206492869477522,14594080.0,57.54482245445252,7.528697655393032,24.131842835306195,10767.77153302199,27.63102111476973,7.370102895170182,10.076035811749488,8.762215659078903,9.295020602157166,20,1,True,42,
ABC-SMC,1068064.3274853798,4.208378920778196,14611120.0,57.57062363624573,7.528697655393032,24.131842835306195,10767.77153302199,27.63102111476973,7.370102895170182,10.076035811749488,8.762215659078903,9.295020602157166,20,1,True,42,
ABC-SMC,1066192.4198250729,4.197990651033362,14628160.0,57.59643173217773,7.528697655393032,24.131842835306195,10767.77153302199,27.63102111476973,7.370102895170182,10.076035811749488,8.762215659078903,9.295020602157166,20,1,True,42,
ABC-SMC,1065880.6404657932,4.19375919011656,14645200.0,57.62225127220154,7.528697655393032,24.131842835306195,10767.77153302199,27.63102111476973,7.370102895170182,10.076035811749488,8.762215659078903,9.295020602157166,20,1,True,42,
ABC-SMC,1067120.8151382825,4.19563811592313,14662240.0,57.64806771278381,7.528697655393032,24.131842835306195,10767.77153302199,27.63102111476973,7.370102895170182,10.076035811749488,8.762215659078903,9.295020602157166,20,1,True,42,
ABC-SMC,1068360.9898107713,4.197519540439699,14679280.0,57.67391848564148,7.528697655393032,24.131842835306195,10767.77153302199,27.63102111476973,7.370102895170182,10.076035811749488,8.762215659078903,9.295020602157166,20,1,True,42,
ABC-SMC,1069601.1644832604,4.199398587711339,14696320.0,57.69973659515381,7.528697655393032,24.131842835306195,10767.77153302199,27.63102111476973,7.370102895170182,10.076035811749488,8.762215659078903,9.295020602157166,20,1,True,42,
ABC-SMC,1070841.3391557494,4.20127907521166,14713360.0,57.7255744934082,7.528697655393032,24.131842835306195,10767.77153302199,27.63102111476973,7.370102895170182,10.076035811749488,8.762215659078903,9.295020602157166,20,1,True,42,
ABC-SMC,1072081.5138282385,4.2031537497408005,14730400.0,57.7513325214386,7.528697655393032,24.131842835306195,10767.77153302199,27.63102111476973,7.370102895170182,10.076035811749488,8.762215659078903,9.295020602157166,20,1,True,42,
ABC-SMC,1073321.6885007278,4.2050356774698,14747440.0,57.77719020843506,7.528697655393032,24.131842835306195,10767.77153302199,27.63102111476973,7.370102895170182,10.076035811749488,8.762215659078903,9.295020602157166,20,1,True,42,
ABC-SMC,1074561.8631732168,4.2069273050522,14764480.0,57.80318117141724,7.528697655393032,24.131842835306195,10767.77153302199,27.63102111476973,7.370102895170182,10.076035811749488,8.762215659078903,9.295020602157166,20,1,True,42,
ABC-SMC,1075802.037845706,4.208810273910366,14781520.0,57.82905316352844,7.528697655393032,24.131842835306195,10767.77153302199,27.63102111476973,7.370102895170182,10.076035811749488,8.762215659078903,9.295020602157166,20,1,True,42,
ABC-SMC,1077042.212518195,4.210686301907423,14798560.0,57.85482978820801,7.528697655393032,24.131842835306195,10767.77153302199,27.63102111476973,7.370102895170182,10.076035811749488,8.762215659078903,9.295020602157166,20,1,True,42,
ABC-SMC,1076715.1162790698,4.206442278484967,14815600.0,57.880645751953125,7.528697655393032,24.131842835306195,10767.77153302199,27.63102111476973,7.370102895170182,10.076035811749488,8.762215659078903,9.295020602157166,20,1,True,42,
ABC-SMC,1077953.4883720933,4.208319426275963,14832640.0,57.90647530555725,7.528697655393032,24.131842835306195,10767.77153302199,27.63102111476973,7.370102895170182,10.076035811749488,8.762215659078903,9.295020602157166,20,1,True,42,
ABC-SMC,1079191.8604651163,4.210170670304188,14849680.0,57.93194842338562,7.528697655393032,24.131842835306195,10767.77153302199,27.63102111476973,7.370102895170182,10.076035811749488,8.762215659078903,9.295020602157166,20,1,True,42,
ABC-SMC,1078862.1190130624,4.205902982692414,14866720.0,57.957343101501465,7.528697655393032,24.131842835306195,10767.77153302199,27.63102111476973,7.370102895170182,10.076035811749488,8.762215659078903,9.295020602157166,20,1,True,42,
ABC-SMC,1080098.693759071,4.207752387651684,14883760.0,57.98282790184021,7.528697655393032,24.131842835306195,10767.77153302199,27.63102111476973,7.370102895170182,10.076035811749488,8.762215659078903,9.295020602157166,20,1,True,42,
ABC-SMC,1081335.2685050797,4.209600027829019,14900800.0,58.00828838348389,7.528697655393032,24.131842835306195,10767.77153302199,27.63102111476973,7.370102895170182,10.076035811749488,8.762215659078903,9.295020602157166,20,1,True,42,
ABC-SMC,1081002.8985507246,4.205340457999188,14917840.0,58.0336983203888,7.528697655393032,24.131842835306195,10767.77153302199,27.63102111476973,7.370102895170182,10.076035811749488,8.762215659078903,9.295020602157166,20,1,True,42,
ABC-SMC,1082237.6811594204,4.207189653230751,14934880.0,58.05921721458435,7.528697655393032,24.131842835306195,10767.77153302199,27.63102111476973,7.370102895170182,10.076035811749488,8.762215659078903,9.295020602157166,20,1,True,42,
ABC-SMC,1083472.4637681162,4.2090389693992725,14951920.0,58.08473777770996,7.528697655393032,24.131842835306195,10767.77153302199,27.63102111476973,7.370102895170182,10.076035811749488,8.762215659078903,9.295020602157166,20,1,True,42,
ABC-SMC,1084707.2463768118,4.21089932538461,14968960.0,58.11041069030762,7.528697655393032,24.131842835306195,10767.77153302199,27.63102111476973,7.370102895170182,10.076035811749488,8.762215659078903,9.295020602157166,20,1,True,42,
ABC-SMC,1085942.0289855076,4.212802406670392,14986000.0,58.13667321205139,7.528697655393032,24.131842835306195,10767.77153302199,27.63102111476973,7.370102895170182,10.076035811749488,8.762215659078903,9.295020602157166,20,1,True,42,
ABC-SMC,1085603.473227207,4.208585563858408,15003040.0,58.16265249252319,7.528697655393032,24.131842835306195,10767.77153302199,27.63102111476973,7.370102895170182,10.076035811749488,8.762215659078903,9.295020602157166,20,1,True,42,
ABC-SMC,1085265.8959537572,4.204381390803122,15020080.0,58.18863844871521,7.528697655393032,24.131842835306195,10767.77153302199,27.63102111476973,7.370102895170182,10.076035811749488,8.762215659078903,9.295020602157166,20,1,True,42,
ABC-SMC,1084929.292929293,4.200182108996063,15037120.0,58.21452403068543,7.528697655393032,24.131842835306195,10767.77153302199,27.63102111476973,7.370102895170182,10.076035811749488,8.762215659078903,9.295020602157166,20,1,True,42,
ABC-SMC,1086158.7301587302,4.202051510198463,15054160.0,58.24043393135071,7.528697655393032,24.131842835306195,10767.77153302199,27.63102111476973,7.370102895170182,10.076035811749488,8.762215659078903,9.295020602157166,20,1,True,42,
ABC-SMC,1087388.1673881677,4.203920687775935,15071200.0,58.26634073257446,7.528697655393032,24.131842835306195,10767.77153302199,27.63102111476973,7.370102895170182,10.076035811749488,8.762215659078903,9.295020602157166,20,1,True,42,
ABC-SMC,1087048.991354467,4.199730817454006,15088240.0,58.2922637462616,7.528697655393032,24.131842835306195,10767.77153302199,27.63102111476973,7.370102895170182,10.076035811749488,8.762215659078903,9.295020602157166,20,1,True,42,
ABC-SMC,1088276.6570605189,4.201595274790563,15105280.0,58.31814241409302,7.528697655393032,24.131842835306195,10767.77153302199,27.63102111476973,7.370102895170182,10.076035811749488,8.762215659078903,9.295020602157166,20,1,True,42,
ABC-SMC,1089504.3227665708,4.20346359698161,15122320.0,58.344074726104736,7.528697655393032,24.131842835306195,10767.77153302199,27.63102111476973,7.370102895170182,10.076035811749488,8.762215659078903,9.295020602157166,20,1,True,42,
ABC-SMC,1090731.9884726226,4.205322248447869,15139360.0,58.36987280845642,7.528697655393032,24.131842835306195,10767.77153302199,27.63102111476973,7.370102895170182,10.076035811749488,8.762215659078903,9.295020602157166,20,1,True,42,
ABC-SMC,1091959.6541786746,4.207189746136625,15156400.0,58.39579367637634,7.528697655393032,24.131842835306195,10767.77153302199,27.63102111476973,7.370102895170182,10.076035811749488,8.762215659078903,9.295020602157166,20,1,True,42,
ABC-SMC,1093187.3198847263,4.209047762049035,15173440.0,58.4215829372406,7.528697655393032,24.131842835306195,10767.77153302199,27.63102111476973,7.370102895170182,10.076035811749488,8.762215659078903,9.295020602157166,20,1,True,42,
ABC-SMC,1094414.9855907783,4.210919931917439,15190480.0,58.44756865501404,7.528697655393032,24.131842835306195,10767.77153302199,27.63102111476973,7.370102895170182,10.076035811749488,8.762215659078903,9.295020602157166,20,1,True,42,
ABC-SMC,1095642.65129683,4.212792994996657,15207520.0,58.47356677055359,7.528697655393032,24.131842835306195,10767.77153302199,27.63102111476973,7.370102895170182,10.076035811749488,8.762215659078903,9.295020602157166,20,1,True,42,
ABC-SMC,1096870.317002882,4.214669407616432,15224560.0,58.499611377716064,7.528697655393032,24.131842835306195,10767.77153302199,27.63102111476973,7.370102895170182,10.076035811749488,8.762215659078903,9.295020602157166,20,1,True,42,
ABC-SMC,1096517.985611511,4.21046447410858,15241600.0,58.52545619010925,7.528697655393032,24.131842835306195,10767.77153302199,27.63102111476973,7.370102895170182,10.076035811749488,8.762215659078903,9.295020602157166,20,1,True,42,
ABC-SMC,1097743.8848920865,4.212328444281929,15258640.0,58.5513653755188,7.528697655393032,24.131842835306195,10767.77153302199,27.63102111476973,7.370102895170182,10.076035811749488,8.762215659078903,9.295020602157166,20,1,True,42,
ABC-SMC,1098969.784172662,4.214188949667293,15275680.0,58.577226400375366,7.528697655393032,24.131842835306195,10767.77153302199,27.63102111476973,7.370102895170182,10.076035811749488,8.762215659078903,9.295020602157166,20,1,True,42,
ABC-SMC,1100195.6834532374,4.216056230256884,15292720.0,58.60318160057068,7.528697655393032,24.131842835306195,10767.77153302199,27.63102111476973,7.370102895170182,10.076035811749488,8.762215659078903,9.295020602157166,20,1,True,42,
ABC-SMC,1101421.582733813,4.217920028906074,15309760.0,58.629088401794434,7.528697655393032,24.131842835306195,10767.77153302199,27.63102111476973,7.370102895170182,10.076035811749488,8.762215659078903,9.295020602157166,20,1,True,42,
ABC-SMC,1102647.4820143888,4.219783999079424,15326800.0,58.65499758720398,7.528697655393032,24.131842835306195,10767.77153302199,27.63102111476973,7.370102895170182,10.076035811749488,8.762215659078903,9.295020602157166,20,1,True,42,
ABC-SMC,1103873.3812949643,4.2216406794760735,15343840.0,58.68080544471741,7.528697655393032,24.131842835306195,10767.77153302199,27.63102111476973,7.370102895170182,10.076035811749488,8.762215659078903,9.295020602157166,20,1,True,42,
ABC-SMC,1105099.2805755397,4.223501853805653,15360880.0,58.70667576789856,7.528697655393032,24.131842835306195,10767.77153302199,27.63102111476973,7.370102895170182,10.076035811749488,8.762215659078903,9.295020602157166,20,1,True,42,
ABC-SMC,1106325.1798561153,4.225366372856305,15377920.0,58.73259258270264,7.528697655393032,24.131842835306195,10767.77153302199,27.63102111476973,7.370102895170182,10.076035811749488,8.762215659078903,9.295020602157166,20,1,True,42,
ABC-SMC,1107551.0791366908,4.227230806144879,15394960.0,58.75850820541382,7.528697655393032,24.131842835306195,10767.77153302199,27.63102111476973,7.370102895170182,10.076035811749488,8.762215659078903,9.295020602157166,20,1,True,42,
ABC-SMC,1108776.9784172662,4.229060574401197,15412000.0,58.78394198417664,7.528697655393032,24.131842835306195,10767.77153302199,27.63102111476973,7.370102895170182,10.076035811749488,8.762215659078903,9.295020602157166,20,1,True,42,
ABC-SMC,1110002.8776978415,4.2308979926349455,15429040.0,58.80948209762573,7.528697655393032,24.131842835306195,10767.77153302199,27.63102111476973,7.370102895170182,10.076035811749488,8.762215659078903,9.295020602157166,20,1,True,42,
ABC-SMC,1111228.7769784175,4.232729939248065,15446080.0,58.834946155548096,7.528697655393032,24.131842835306195,10767.77153302199,27.63102111476973,7.370102895170182,10.076035811749488,8.762215659078903,9.295020602157166,20,1,True,42,
ABC-SMC,1110856.321839081,4.22848016023636,15463120.0,58.86044383049011,7.528697655393032,24.131842835306195,10767.77153302199,27.63102111476973,7.370102895170182,10.076035811749488,8.762215659078903,9.295020602157166,20,1,True,42,
ABC-SMC,1112080.459770115,4.230315024140237,15480160.0,58.8859851360321,7.528697655393032,24.131842835306195,10767.77153302199,27.63102111476973,7.370102895170182,10.076035811749488,8.762215659078903,9.295020602157166,20,1,True,42,
ABC-SMC,1113304.5977011495,4.232148226650282,15497200.0,58.91150331497192,7.528697655393032,24.131842835306195,10767.77153302199,27.63102111476973,7.370102895170182,10.076035811749488,8.762215659078903,9.295020602157166,20,1,True,42,
ABC-SMC,1114528.735632184,4.233977506900657,15514240.0,58.93696689605713,7.528697655393032,24.131842835306195,10767.77153302199,27.63102111476973,7.370102895170182,10.076035811749488,8.762215659078903,9.295020602157166,20,1,True,42,
ABC-SMC,1115752.8735632186,4.23581439188157,15531280.0,58.962536334991455,7.528697655393032,24.131842835306195,10767.77153302199,27.63102111476973,7.370102895170182,10.076035811749488,8.762215659078903,9.295020602157166,20,1,True,42,
ABC-SMC,1116977.011494253,4.237644014687374,15548320.0,58.98800468444824,7.528697655393032,24.131842835306195,10767.77153302199,27.63102111476973,7.370102895170182,10.076035811749488,8.762215659078903,9.295020602157166,20,1,True,42,
ABC-SMC,1118201.1494252875,4.2394790156134246,15565360.0,59.01354789733887,7.528697655393032,24.131842835306195,10767.77153302199,27.63102111476973,7.370102895170182,10.076035811749488,8.762215659078903,9.295020602157166,20,1,True,42,
ABC-SMC,1119425.2873563222,4.24131107056278,15582400.0,59.03905010223389,7.528697655393032,24.131842835306195,10767.77153302199,27.63102111476973,7.370102895170182,10.076035811749488,8.762215659078903,9.295020602157166,20,1,True,42,
ABC-SMC,1120649.4252873566,4.243147064899577,15599440.0,59.0646071434021,7.528697655393032,24.131842835306195,10767.77153302199,27.63102111476973,7.370102895170182,10.076035811749488,8.762215659078903,9.295020602157166,20,1,True,42,
ABC-SMC,1121873.563218391,4.244975779933491,15616480.0,59.090062856674194,7.528697655393032,24.131842835306195,10767.77153302199,27.63102111476973,7.370102895170182,10.076035811749488,8.762215659078903,9.295020602157166,20,1,True,42,
ABC-SMC,1123097.7011494252,4.246829998219151,15633520.0,59.11587357521057,7.528697655393032,24.131842835306195,10767.77153302199,27.63102111476973,7.370102895170182,10.076035811749488,8.762215659078903,9.295020602157166,20,1,True,42,
ABC-SMC,1122708.7517934004,4.242568498362427,15650560.0,59.14140486717224,7.528697655393032,24.131842835306195,10767.77153302199,27.63102111476973,7.370102895170182,10.076035811749488,8.762215659078903,9.295020602157166,20,1,True,42,
ABC-SMC,1123931.1334289815,4.244400883678726,15667600.0,59.166948318481445,7.528697655393032,24.131842835306195,10767.77153302199,27.63102111476973,7.370102895170182,10.076035811749488,8.762215659078903,9.295020602157166,20,1,True,42,
ABC-SMC,1125153.5150645624,4.246229489188283,15684640.0,59.19243907928467,7.528697655393032,24.131842835306195,10767.77153302199,27.63102111476973,7.370102895170182,10.076035811749488,8.762215659078903,9.295020602157166,20,1,True,42,
ABC-SMC,1126375.8967001436,4.248068715783752,15701680.0,59.21807789802551,7.528697655393032,24.131842835306195,10767.77153302199,27.63102111476973,7.370102895170182,10.076035811749488,8.762215659078903,9.295020602157166,20,1,True,42,
ABC-SMC,1127598.2783357245,4.249897201570924,15718720.0,59.24356698989868,7.528697655393032,24.131842835306195,10767.77153302199,27.63102111476973,7.370102895170182,10.076035811749488,8.762215659078903,9.295020602157166,20,1,True,42,
ABC-SMC,1128820.6599713056,4.251731074865443,15735760.0,59.26913118362427,7.528697655393032,24.131842835306195,10767.77153302199,27.63102111476973,7.370102895170182,10.076035811749488,8.762215659078903,9.295020602157166,20,1,True,42,
ABC-SMC,1130043.0416068863,4.253550547267306,15752800.0,59.29449462890625,7.528697655393032,24.131842835306195,10767.77153302199,27.63102111476973,7.370102895170182,10.076035811749488,8.762215659078903,9.295020602157166,20,1,True,42,
ABC-SMC,1131265.4232424677,4.25538091440625,15769840.0,59.32000994682312,7.528697655393032,24.131842835306195,10767.77153302199,27.63102111476973,7.370102895170182,10.076035811749488,8.762215659078903,9.295020602157166,20,1,True,42,
ABC-SMC,1130865.3295128942,4.25117669952633,15786880.0,59.34642672538757,7.528697655393032,24.131842835306195,10767.77153302199,27.63102111476973,7.370102895170182,10.076035811749488,8.762215659078903,9.295020602157166,20,1,True,42,
ABC-SMC,1128851.4285714286,4.240879092897687,15803920.0,59.37230730056763,7.528697655393032,24.131842835306195,10767.77153302199,27.63102111476973,7.370102895170182,10.076035811749488,8.762215659078903,9.295020602157166,20,1,True,42,
ABC-SMC,1130068.5714285714,4.242723175457545,15820960.0,59.39812445640564,7.528697655393032,24.131842835306195,10767.77153302199,27.63102111476973,7.370102895170182,10.076035811749488,8.762215659078903,9.295020602157166,20,1,True,42,
ABC-SMC,1129671.8972895865,4.238526593261371,15838000.0,59.424142837524414,7.528697655393032,24.131842835306195,10767.77153302199,27.63102111476973,7.370102895170182,10.076035811749488,8.762215659078903,9.295020602157166,20,1,True,42,
ABC-SMC,1129276.353276353,4.234349421965771,15855040.0,59.45026588439941,7.528697655393032,24.131842835306195,10767.77153302199,27.63102111476973,7.370102895170182,10.076035811749488,8.762215659078903,9.295020602157166,20,1,True,42,
ABC-SMC,1130490.0284900283,4.236206930247467,15872080.0,59.47634530067444,7.528697655393032,24.131842835306195,10767.77153302199,27.63102111476973,7.370102895170182,10.076035811749488,8.762215659078903,9.295020602157166,20,1,True,42,
ABC-SMC,1131703.7037037036,4.238050700592519,15889120.0,59.50223183631897,7.528697655393032,24.131842835306195,10767.77153302199,27.63102111476973,7.370102895170182,10.076035811749488,8.762215659078903,9.295020602157166,20,1,True,42,
ABC-SMC,1132917.378917379,4.23990540694647,15906160.0,59.52827191352844,7.528697655393032,24.131842835306195,10767.77153302199,27.63102111476973,7.370102895170182,10.076035811749488,8.762215659078903,9.295020602157166,20,1,True,42,
ABC-SMC,1132517.7809388335,4.235722652370187,15923200.0,59.55426049232483,7.528697655393032,24.131842835306195,10767.77153302199,27.63102111476973,7.370102895170182,10.076035811749488,8.762215659078903,9.295020602157166,20,1,True,42,
ABC-SMC,1133729.7297297297,4.237567106656635,15940240.0,59.580193519592285,7.528697655393032,24.131842835306195,10767.77153302199,27.63102111476973,7.370102895170182,10.076035811749488,8.762215659078903,9.295020602157166,20,1,True,42,
ABC-SMC,1133329.5454545454,4.233386486091398,15957280.0,59.60608172416687,7.528697655393032,24.131842835306195,10767.77153302199,27.63102111476973,7.370102895170182,10.076035811749488,8.762215659078903,9.295020602157166,20,1,True,42,
ABC-SMC,1132930.4964539008,4.229217522533228,15974320.0,59.631967067718506,7.528697655393032,24.131842835306195,10767.77153302199,27.63102111476973,7.370102895170182,10.076035811749488,8.762215659078903,9.295020602157166,20,1,True,42,
ABC-SMC,1134139.0070921986,4.231053108864643,15991360.0,59.657848834991455,7.528697655393032,24.131842835306195,10767.77153302199,27.63102111476973,7.370102895170182,10.076035811749488,8.762215659078903,9.295020602157166,20,1,True,42,
ABC-SMC,1135347.5177304966,4.232893243749091,16008400.0,59.68379473686218,7.528697655393032,24.131842835306195,10767.77153302199,27.63102111476973,7.370102895170182,10.076035811749488,8.762215659078903,9.295020602157166,20,1,True,42,
ABC-SMC,1136556.0283687944,4.234698951667082,16025440.0,59.70925521850586,7.528697655393032,24.131842835306195,10767.77153302199,27.63102111476973,7.370102895170182,10.076035811749488,8.762215659078903,9.295020602157166,20,1,True,42,
ABC-SMC,1134545.9688826026,4.224523442469359,16042480.0,59.73476147651672,7.528697655393032,24.131842835306195,10767.77153302199,27.63102111476973,7.370102895170182,10.076035811749488,8.762215659078903,9.295020602157166,20,1,True,42,
ABC-SMC,1135751.060820368,4.226345135771066,16059520.0,59.760520219802856,7.528697655393032,24.131842835306195,10767.77153302199,27.63102111476973,7.370102895170182,10.076035811749488,8.762215659078903,9.295020602157166,20,1,True,42,
ABC-SMC,1136956.1527581331,4.228150642238547,16076560.0,59.78605008125305,7.528697655393032,24.131842835306195,10767.77153302199,27.63102111476973,7.370102895170182,10.076035811749488,8.762215659078903,9.295020602157166,20,1,True,42,
ABC-SMC,1138161.2446958984,4.229944480696359,16093600.0,59.81141495704651,7.528697655393032,24.131842835306195,10767.77153302199,27.63102111476973,7.370102895170182,10.076035811749488,8.762215659078903,9.295020602157166,20,1,True,42,
ABC-SMC,1139366.3366336634,4.231753258253256,16110640.0,59.83699107170105,7.528697655393032,24.131842835306195,10767.77153302199,27.63102111476973,7.370102895170182,10.076035811749488,8.762215659078903,9.295020602157166,20,1,True,42,
ABC-SMC,1140571.4285714286,4.233556302973034,16127680.0,59.862486124038696,7.528697655393032,24.131842835306195,10767.77153302199,27.63102111476973,7.370102895170182,10.076035811749488,8.762215659078903,9.295020602157166,20,1,True,42,
ABC-SMC,1140163.8418079095,4.229378296157061,16144720.0,59.887996673583984,7.528697655393032,24.131842835306195,10767.77153302199,27.63102111476973,7.370102895170182,10.076035811749488,8.762215659078903,9.295020602157166,20,1,True,42,
ABC-SMC,1141367.231638418,4.231175258334747,16161760.0,59.91344165802002,7.528697655393032,24.131842835306195,10767.77153302199,27.63102111476973,7.370102895170182,10.076035811749488,8.762215659078903,9.295020602157166,20,1,True,42,
ABC-SMC,1142570.6214689263,4.232979039687895,16178800.0,59.93898320198059,7.528697655393032,24.131842835306195,10767.77153302199,27.63102111476973,7.370102895170182,10.076035811749488,8.762215659078903,9.295020602157166,20,1,True,42,
ABC-SMC,1143774.011299435,4.23478024490809,16195840.0,59.96448826789856,7.528697655393032,24.131842835306195,10767.77153302199,27.63102111476973,7.370102895170182,10.076035811749488,8.762215659078903,9.295020602157166,20,1,True,42,
ABC-SMC,1144977.4011299436,4.236581046028999,16212880.0,59.98998761177063,7.528697655393032,24.131842835306195,10767.77153302199,27.63102111476973,7.370102895170182,10.076035811749488,8.762215659078903,9.295020602157166,20,1,True,42,
ABC-SMC,1146180.790960452,4.238379691953712,16229920.0,60.015456438064575,7.528697655393032,24.131842835306195,10767.77153302199,27.63102111476973,7.370102895170182,10.076035811749488,8.762215659078903,9.295020602157166,20,1,True,42,
ABC-SMC,1147384.1807909606,4.240180947686319,16246960.0,60.04096221923828,7.528697655393032,24.131842835306195,10767.77153302199,27.63102111476973,7.370102895170182,10.076035811749488,8.762215659078903,9.295020602157166,20,1,True,42,
ABC-SMC,1148587.570621469,4.241970989663722,16264000.0,60.06630921363831,7.528697655393032,24.131842835306195,10767.77153302199,27.63102111476973,7.370102895170182,10.076035811749488,8.762215659078903,9.295020602157166,20,1,True,42,
ABC-SMC,1149790.960451977,4.243797046990045,16281040.0,60.09216618537903,7.528697655393032,24.131842835306195,10767.77153302199,27.63102111476973,7.370102895170182,10.076035811749488,8.762215659078903,9.295020602157166,20,1,True,42,
ABC-SMC,1150994.3502824858,4.245626118223546,16298080.0,60.11806583404541,7.528697655393032,24.131842835306195,10767.77153302199,27.63102111476973,7.370102895170182,10.076035811749488,8.762215659078903,9.295020602157166,20,1,True,42,
ABC-SMC,1152197.7401129943,4.247431734860954,16315120.0,60.1436333656311,7.528697655393032,24.131842835306195,10767.77153302199,27.63102111476973,7.370102895170182,10.076035811749488,8.762215659078903,9.295020602157166,20,1,True,42,
ABC-SMC,1151774.330042313,4.243234754113115,16332160.0,60.169068813323975,7.528697655393032,24.131842835306195,10767.77153302199,27.63102111476973,7.370102895170182,10.076035811749488,8.762215659078903,9.295020602157166,20,1,True,42,
ABC-SMC,1152976.0225669958,4.2450322923270205,16349200.0,60.19455790519714,7.528697655393032,24.131842835306195,10767.77153302199,27.63102111476973,7.370102895170182,10.076035811749488,8.762215659078903,9.295020602157166,20,1,True,42,
ABC-SMC,1154177.7150916783,4.246825223581075,16366240.0,60.21998167037964,7.528697655393032,24.131842835306195,10767.77153302199,27.63102111476973,7.370102895170182,10.076035811749488,8.762215659078903,9.295020602157166,20,1,True,42,
ABC-SMC,1155379.407616361,4.248622963559644,16383280.0,60.24547362327576,7.528697655393032,24.131842835306195,10767.77153302199,27.63102111476973,7.370102895170182,10.076035811749488,8.762215659078903,9.295020602157166,20,1,True,42,
ABC-SMC,1154952.1126760563,4.2444283525708695,16400320.0,60.27088260650635,7.528697655393032,24.131842835306195,10767.77153302199,27.63102111476973,7.370102895170182,10.076035811749488,8.762215659078903,9.295020602157166,20,1,True,42,
ABC-SMC,1156152.1126760563,4.246225541746113,16417360.0,60.2964026927948,7.528697655393032,24.131842835306195,10767.77153302199,27.63102111476973,7.370102895170182,10.076035811749488,8.762215659078903,9.295020602157166,20,1,True,42,
ABC-SMC,1157352.1126760563,4.248013681089375,16434400.0,60.32179427146912,7.528697655393032,24.131842835306195,10767.77153302199,27.63102111476973,7.370102895170182,10.076035811749488,8.762215659078903,9.295020602157166,20,1,True,42,
ABC-SMC,1158552.1126760563,4.249813052969919,16451440.0,60.34734535217285,7.528697655393032,24.131842835306195,10767.77153302199,27.63102111476973,7.370102895170182,10.076035811749488,8.762215659078903,9.295020602157166,20,1,True,42,
ABC-SMC,1159752.1126760563,4.251604936492275,16468480.0,60.37279009819031,7.528697655393032,24.131842835306195,10767.77153302199,27.63102111476973,7.370102895170182,10.076035811749488,8.762215659078903,9.295020602157166,20,1,True,42,
ABC-SMC,1160952.1126760563,4.253398818029485,16485520.0,60.39826321601868,7.528697655393032,24.131842835306195,10767.77153302199,27.63102111476973,7.370102895170182,10.076035811749488,8.762215659078903,9.295020602157166,20,1,True,42,
ABC-SMC,1162152.1126760563,4.2551992980527205,16502560.0,60.42383003234863,7.528697655393032,24.131842835306195,10767.77153302199,27.63102111476973,7.370102895170182,10.076035811749488,8.762215659078903,9.295020602157166,20,1,True,42,
ABC-SMC,1161715.8931082983,4.2510203503690525,16519600.0,60.449509382247925,7.528697655393032,24.131842835306195,10767.77153302199,27.63102111476973,7.370102895170182,10.076035811749488,8.762215659078903,9.295020602157166,20,1,True,42,
ABC-SMC,1162914.2053445852,4.252815514844849,16536640.0,60.47503662109375,7.528697655393032,24.131842835306195,10767.77153302199,27.63102111476973,7.370102895170182,10.076035811749488,8.762215659078903,9.295020602157166,20,1,True,42,
ABC-SMC,1164112.5175808722,4.254612842189612,16553680.0,60.50059461593628,7.528697655393032,24.131842835306195,10767.77153302199,27.63102111476973,7.370102895170182,10.076035811749488,8.762215659078903,9.295020602157166,20,1,True,42,
ABC-SMC,1165310.829817159,4.256401920452736,16570720.0,60.52603530883789,7.528697655393032,24.131842835306195,10767.77153302199,27.63102111476973,7.370102895170182,10.076035811749488,8.762215659078903,9.295020602157166,20,1,True,42,
ABC-SMC,1166509.142053446,4.258195123256678,16587760.0,60.55153465270996,7.528697655393032,24.131842835306195,10767.77153302199,27.63102111476973,7.370102895170182,10.076035811749488,8.762215659078903,9.295020602157166,20,1,True,42,
ABC-SMC,1167707.4542897327,4.260033880440328,16604800.0,60.57768177986145,7.528697655393032,24.131842835306195,10767.77153302199,27.63102111476973,7.370102895170182,10.076035811749488,8.762215659078903,9.295020602157166,20,1,True,42,
ABC-SMC,1168905.7665260197,4.261847638882665,16621840.0,60.6034734249115,7.528697655393032,24.131842835306195,10767.77153302199,27.63102111476973,7.370102895170182,10.076035811749488,8.762215659078903,9.295020602157166,20,1,True,42,
ABC-SMC,1170104.0787623066,4.263669428443104,16638880.0,60.62937927246094,7.528697655393032,24.131842835306195,10767.77153302199,27.63102111476973,7.370102895170182,10.076035811749488,8.762215659078903,9.295020602157166,20,1,True,42,
ABC-SMC,1171302.3909985935,4.265482113834172,16655920.0,60.65515565872192,7.528697655393032,24.131842835306195,10767.77153302199,27.63102111476973,7.370102895170182,10.076035811749488,8.762215659078903,9.295020602157166,20,1,True,42,
ABC-SMC,1172500.7032348805,4.267296878262076,16672960.0,60.68096160888672,7.528697655393032,24.131842835306195,10767.77153302199,27.63102111476973,7.370102895170182,10.076035811749488,8.762215659078903,9.295020602157166,20,1,True,42,
ABC-SMC,1173699.0154711674,4.269116907347775,16690000.0,60.70684242248535,7.528697655393032,24.131842835306195,10767.77153302199,27.63102111476973,7.370102895170182,10.076035811749488,8.762215659078903,9.295020602157166,20,1,True,42,
ABC-SMC,1173247.191011236,4.264936370126317,16707040.0,60.73269391059876,7.528697655393032,24.131842835306195,10767.77153302199,27.63102111476973,7.370102895170182,10.076035811749488,8.762215659078903,9.295020602157166,20,1,True,42,
ABC-SMC,1171154.0616246497,4.25483564368817,16724080.0,60.759052991867065,7.528697655393032,24.131842835306195,10767.77153302199,27.63102111476973,7.370102895170182,10.076035811749488,8.762215659078903,9.295020602157166,20,1,True,42,
ABC-SMC,1170707.6923076925,4.250709293605565,16741120.0,60.78514289855957,7.528697655393032,24.131842835306195,10767.77153302199,27.63102111476973,7.370102895170182,10.076035811749488,8.762215659078903,9.295020602157166,20,1,True,42,
ABC-SMC,1170262.5698324025,4.246575888974706,16758160.0,60.8109667301178,7.528697655393032,24.131842835306195,10767.77153302199,27.63102111476973,7.370102895170182,10.076035811749488,8.762215659078903,9.295020602157166,20,1,True,42,
ABC-SMC,1171452.5139664805,4.248394196925883,16775200.0,60.83700489997864,7.528697655393032,24.131842835306195,10767.77153302199,27.63102111476973,7.370102895170182,10.076035811749488,8.762215659078903,9.295020602157166,20,1,True,42,
ABC-SMC,1172642.4581005587,4.250254477868533,16792240.0,60.86364412307739,7.528697655393032,24.131842835306195,10767.77153302199,27.63102111476973,7.370102895170182,10.076035811749488,8.762215659078903,9.295020602157166,20,1,True,42,
ABC-SMC,1173832.402234637,4.252121901378951,16809280.0,60.89038562774658,7.528697655393032,24.131842835306195,10767.77153302199,27.63102111476973,7.370102895170182,10.076035811749488,8.762215659078903,9.295020602157166,20,1,True,42,
ABC-SMC,1175022.346368715,4.253925541259723,16826320.0,60.91621375083923,7.528697655393032,24.131842835306195,10767.77153302199,27.63102111476973,7.370102895170182,10.076035811749488,8.762215659078903,9.295020602157166,20,1,True,42,
ABC-SMC,1176212.2905027934,4.255729114543127,16843360.0,60.94204092025757,7.528697655393032,24.131842835306195,10767.77153302199,27.63102111476973,7.370102895170182,10.076035811749488,8.762215659078903,9.295020602157166,20,1,True,42,
ABC-SMC,1177402.2346368716,4.257529824139685,16860400.0,60.9678270816803,7.528697655393032,24.131842835306195,10767.77153302199,27.63102111476973,7.370102895170182,10.076035811749488,8.762215659078903,9.295020602157166,20,1,True,42,
ABC-SMC,1178592.1787709496,4.259332997838878,16877440.0,60.993648529052734,7.528697655393032,24.131842835306195,10767.77153302199,27.63102111476973,7.370102895170182,10.076035811749488,8.762215659078903,9.295020602157166,20,1,True,42,
ABC-SMC,1179782.122905028,4.261129678294645,16894480.0,61.01937699317932,7.528697655393032,24.131842835306195,10767.77153302199,27.63102111476973,7.370102895170182,10.076035811749488,8.762215659078903,9.295020602157166,20,1,True,42,
ABC-SMC,1180972.067039106,4.262937880095157,16911520.0,61.04527044296265,7.528697655393032,24.131842835306195,10767.77153302199,27.63102111476973,7.370102895170182,10.076035811749488,8.762215659078903,9.295020602157166,20,1,True,42,
ABC-SMC,1182162.0111731845,4.264708770719986,16928560.0,61.070629596710205,7.528697655393032,24.131842835306195,10767.77153302199,27.63102111476973,7.370102895170182,10.076035811749488,8.762215659078903,9.295020602157166,20,1,True,42,
ABC-SMC,1183351.9553072627,4.266488019314559,16945600.0,61.09610843658447,7.528697655393032,24.131842835306195,10767.77153302199,27.63102111476973,7.370102895170182,10.076035811749488,8.762215659078903,9.295020602157166,20,1,True,42,
ABC-SMC,1184541.8994413407,4.268274860009135,16962640.0,61.12169599533081,7.528697655393032,24.131842835306195,10767.77153302199,27.63102111476973,7.370102895170182,10.076035811749488,8.762215659078903,9.295020602157166,20,1,True,42,
ABC-SMC,1185731.843575419,4.27005547384976,16979680.0,61.14719438552856,7.528697655393032,24.131842835306195,10767.77153302199,27.63102111476973,7.370102895170182,10.076035811749488,8.762215659078903,9.295020602157166,20,1,True,42,
ABC-SMC,1186921.7877094974,4.271832990912752,16996720.0,61.172648429870605,7.528697655393032,24.131842835306195,10767.77153302199,27.63102111476973,7.370102895170182,10.076035811749488,8.762215659078903,9.295020602157166,20,1,True,42,
ABC-SMC,1188111.7318435754,4.273609242625743,17013760.0,61.19808435440064,7.528697655393032,24.131842835306195,10767.77153302199,27.63102111476973,7.370102895170182,10.076035811749488,8.762215659078903,9.295020602157166,20,1,True,42,
ABC-SMC,1189301.6759776536,4.275388491220315,17030800.0,61.2235631942749,7.528697655393032,24.131842835306195,10767.77153302199,27.63102111476973,7.370102895170182,10.076035811749488,8.762215659078903,9.295020602157166,20,1,True,42,
ABC-SMC,1190491.6201117318,4.277163044700409,17047840.0,61.24897480010986,7.528697655393032,24.131842835306195,10767.77153302199,27.63102111476973,7.370102895170182,10.076035811749488,8.762215659078903,9.295020602157166,20,1,True,42,
ABC-SMC,1191681.56424581,4.278936399427872,17064880.0,61.27436923980713,7.528697655393032,24.131842835306195,10767.77153302199,27.63102111476973,7.370102895170182,10.076035811749488,8.762215659078903,9.295020602157166,20,1,True,42,
ABC-SMC,1192871.5083798885,4.280707922727703,17081920.0,61.29973745346069,7.528697655393032,24.131842835306195,10767.77153302199,27.63102111476973,7.370102895170182,10.076035811749488,8.762215659078903,9.295020602157166,20,1,True,42,
ABC-SMC,1194061.4525139665,4.282483957999245,17098960.0,61.3251702785492,7.528697655393032,24.131842835306195,10767.77153302199,27.63102111476973,7.370102895170182,10.076035811749488,8.762215659078903,9.295020602157166,20,1,True,42,
ABC-SMC,1195251.3966480447,4.2842549651694695,17116000.0,61.35053110122681,7.528697655393032,24.131842835306195,10767.77153302199,27.63102111476973,7.370102895170182,10.076035811749488,8.762215659078903,9.295020602157166,20,1,True,42,
ABC-SMC,1196441.340782123,4.286033697634436,17133040.0,61.37600255012512,7.528697655393032,24.131842835306195,10767.77153302199,27.63102111476973,7.370102895170182,10.076035811749488,8.762215659078903,9.295020602157166,20,1,True,42,
ABC-SMC,1197631.2849162011,4.2878082344651895,17150080.0,61.401413917541504,7.528697655393032,24.131842835306195,10767.77153302199,27.63102111476973,7.370102895170182,10.076035811749488,8.762215659078903,9.295020602157166,20,1,True,42,
ABC-SMC,1198821.2290502794,4.289639628799268,17167120.0,61.42763948440552,7.528697655393032,24.131842835306195,10767.77153302199,27.63102111476973,7.370102895170182,10.076035811749488,8.762215659078903,9.295020602157166,20,1,True,42,
ABC-SMC,1198337.5174337518,4.285464243576285,17184160.0,61.45355725288391,7.528697655393032,24.131842835306195,10767.77153302199,27.63102111476973,7.370102895170182,10.076035811749488,8.762215659078903,9.295020602157166,20,1,True,42,
ABC-SMC,1199525.8019525802,4.287269175302034,17201200.0,61.47943997383118,7.528697655393032,24.131842835306195,10767.77153302199,27.63102111476973,7.370102895170182,10.076035811749488,8.762215659078903,9.295020602157166,20,1,True,42,
ABC-SMC,1200714.0864714086,4.289075237604032,17218240.0,61.50533890724182,7.528697655393032,24.131842835306195,10767.77153302199,27.63102111476973,7.370102895170182,10.076035811749488,8.762215659078903,9.295020602157166,20,1,True,42,
ABC-SMC,1201902.3709902372,4.290870958458596,17235280.0,61.531089544296265,7.528697655393032,24.131842835306195,10767.77153302199,27.63102111476973,7.370102895170182,10.076035811749488,8.762215659078903,9.295020602157166,20,1,True,42,
ABC-SMC,1203090.6555090656,4.292669322866443,17252320.0,61.55687808990479,7.528697655393032,24.131842835306195,10767.77153302199,27.63102111476973,7.370102895170182,10.076035811749488,8.762215659078903,9.295020602157166,20,1,True,42,
ABC-SMC,1200929.0681502088,4.282530640693634,17269360.0,61.58279061317444,7.528697655393032,24.131842835306195,10767.77153302199,27.63102111476973,7.370102895170182,10.076035811749488,8.762215659078903,9.295020602157166,20,1,True,42,
ABC-SMC,1200444.4444444445,4.278372062577142,17286400.0,61.60855770111084,7.528697655393032,24.131842835306195,10767.77153302199,27.63102111476973,7.370102895170182,10.076035811749488,8.762215659078903,9.295020602157166,20,1,True,42,
ABC-SMC,1199961.1650485438,4.2742291865831605,17303440.0,61.634384870529175,7.528697655393032,24.131842835306195,10767.77153302199,27.63102111476973,7.370102895170182,10.076035811749488,8.762215659078903,9.295020602157166,20,1,True,42,
ABC-SMC,1201142.857142857,4.276015292258931,17320480.0,61.66014051437378,7.528697655393032,24.131842835306195,10767.77153302199,27.63102111476973,7.370102895170182,10.076035811749488,8.762215659078903,9.295020602157166,20,1,True,42,
ABC-SMC,1202324.5492371707,4.2778080280214015,17337520.0,61.6859917640686,7.528697655393032,24.131842835306195,10767.77153302199,27.63102111476973,7.370102895170182,10.076035811749488,8.762215659078903,9.295020602157166,20,1,True,42,
ABC-SMC,1203506.241331484,4.279597192465349,17354560.0,61.71179151535034,7.528697655393032,24.131842835306195,10767.77153302199,27.63102111476973,7.370102895170182,10.076035811749488,8.762215659078903,9.295020602157166,20,1,True,42,
ABC-SMC,1204687.9334257976,4.2813922429713065,17371600.0,61.73767614364624,7.528697655393032,24.131842835306195,10767.77153302199,27.63102111476973,7.370102895170182,10.076035811749488,8.762215659078903,9.295020602157166,20,1,True,42,
ABC-SMC,1205869.625520111,4.2831837552265055,17388640.0,61.76350975036621,7.528697655393032,24.131842835306195,10767.77153302199,27.63102111476973,7.370102895170182,10.076035811749488,8.762215659078903,9.295020602157166,20,1,True,42,
ABC-SMC,1207051.3176144245,4.284972539391167,17405680.0,61.78930401802063,7.528697655393032,24.131842835306195,10767.77153302199,27.63102111476973,7.370102895170182,10.076035811749488,8.762215659078903,9.295020602157166,20,1,True,42,
ABC-SMC,1208233.009708738,4.286760959810423,17422720.0,61.81509304046631,7.528697655393032,24.131842835306195,10767.77153302199,27.63102111476973,7.370102895170182,10.076035811749488,8.762215659078903,9.295020602157166,20,1,True,42,
ABC-SMC,1209414.7018030512,4.288554538800878,17439760.0,61.84095644950867,7.528697655393032,24.131842835306195,10767.77153302199,27.63102111476973,7.370102895170182,10.076035811749488,8.762215659078903,9.295020602157166,20,1,True,42,
ABC-SMC,1210596.3938973648,4.290338577741393,17456800.0,61.86668229103088,7.528697655393032,24.131842835306195,10767.77153302199,27.63102111476973,7.370102895170182,10.076035811749488,8.762215659078903,9.295020602157166,20,1,True,42,
ABC-SMC,1211778.085991678,4.2921245015444605,17473840.0,61.89243531227112,7.528697655393032,24.131842835306195,10767.77153302199,27.63102111476973,7.370102895170182,10.076035811749488,8.762215659078903,9.295020602157166,20,1,True,42,
ABC-SMC,1212959.7780859915,4.293903282710485,17490880.0,61.91808533668518,7.528697655393032,24.131842835306195,10767.77153302199,27.63102111476973,7.370102895170182,10.076035811749488,8.762215659078903,9.295020602157166,20,1,True,42,
ABC-SMC,1214141.4701803052,4.295691322850454,17507920.0,61.94386887550354,7.528697655393032,24.131842835306195,10767.77153302199,27.63102111476973,7.370102895170182,10.076035811749488,8.762215659078903,9.295020602157166,20,1,True,42,
ABC-SMC,1215323.1622746186,4.297479644066418,17524960.0,61.969656467437744,7.528697655393032,24.131842835306195,10767.77153302199,27.63102111476973,7.370102895170182,10.076035811749488,8.762215659078903,9.295020602157166,20,1,True,42,
ABC-SMC,1216504.854368932,4.299273669471687,17542000.0,61.99552631378174,7.528697655393032,24.131842835306195,10767.77153302199,27.63102111476973,7.370102895170182,10.076035811749488,8.762215659078903,9.295020602157166,20,1,True,42,
ABC-SMC,1217686.5464632455,4.301041736682146,17559040.0,62.02102184295654,7.528697655393032,24.131842835306195,10767.77153302199,27.63102111476973,7.370102895170182,10.076035811749488,8.762215659078903,9.295020602157166,20,1,True,42,
ABC-SMC,1218868.238557559,4.302810184171891,17576080.0,62.04652285575867,7.528697655393032,24.131842835306195,10767.77153302199,27.63102111476973,7.370102895170182,10.076035811749488,8.762215659078903,9.295020602157166,20,1,True,42,
ABC-SMC,1220049.9306518724,4.304614427516266,17593120.0,62.07254004478455,7.528697655393032,24.131842835306195,10767.77153302199,27.63102111476973,7.370102895170182,10.076035811749488,8.762215659078903,9.295020602157166,20,1,True,42,
ABC-SMC,1221231.622746186,4.306411379418657,17610160.0,62.09845209121704,7.528697655393032,24.131842835306195,10767.77153302199,27.63102111476973,7.370102895170182,10.076035811749488,8.762215659078903,9.295020602157166,20,1,True,42,
ABC-SMC,1219031.8118948827,4.2962879395913625,17627200.0,62.12432360649109,7.528697655393032,24.131842835306195,10767.77153302199,27.63102111476973,7.370102895170182,10.076035811749488,8.762215659078903,9.295020602157166,20,1,True,42,
ABC-SMC,1216844.1379310344,4.286228229259622,17644240.0,62.150309324264526,7.528697655393032,24.131842835306195,10767.77153302199,27.63102111476973,7.370102895170182,10.076035811749488,8.762215659078903,9.295020602157166,20,1,True,42,
ABC-SMC,1218019.3103448276,4.2879827433619,17661280.0,62.17574977874756,7.528697655393032,24.131842835306195,10767.77153302199,27.63102111476973,7.370102895170182,10.076035811749488,8.762215659078903,9.295020602157166,20,1,True,42,
ABC-SMC,1219194.4827586208,4.289772740725813,17678320.0,62.20170474052429,7.528697655393032,24.131842835306195,10767.77153302199,27.63102111476973,7.370102895170182,10.076035811749488,8.762215659078903,9.295020602157166,20,1,True,42,
ABC-SMC,1220369.6551724137,4.291559959280081,17695360.0,62.22761940956116,7.528697655393032,24.131842835306195,10767.77153302199,27.63102111476973,7.370102895170182,10.076035811749488,8.762215659078903,9.295020602157166,20,1,True,42,
ABC-SMC,1221544.8275862068,4.29334175175634,17712400.0,62.25345540046692,7.528697655393032,24.131842835306195,10767.77153302199,27.63102111476973,7.370102895170182,10.076035811749488,8.762215659078903,9.295020602157166,20,1,True,42,
ABC-SMC,1222720.0,4.295122376803694,17729440.0,62.279274463653564,7.528697655393032,24.131842835306195,10767.77153302199,27.63102111476973,7.370102895170182,10.076035811749488,8.762215659078903,9.295020602157166,20,1,True,42,
ABC-SMC,1223895.172413793,4.2969027058831575,17746480.0,62.305089235305786,7.528697655393032,24.131842835306195,10767.77153302199,27.63102111476973,7.370102895170182,10.076035811749488,8.762215659078903,9.295020602157166,20,1,True,42,
ABC-SMC,1225070.3448275863,4.298679499790587,17763520.0,62.3308527469635,7.528697655393032,24.131842835306195,10767.77153302199,27.63102111476973,7.370102895170182,10.076035811749488,8.762215659078903,9.295020602157166,20,1,True,42,
ABC-SMC,1226245.5172413792,4.300467063640726,17780560.0,62.35677242279053,7.528697655393032,24.131842835306195,10767.77153302199,27.63102111476973,7.370102895170182,10.076035811749488,8.762215659078903,9.295020602157166,20,1,True,42,
ABC-SMC,1225730.0275482093,4.296320693223601,17797600.0,62.38257646560669,7.528697655393032,24.131842835306195,10767.77153302199,27.63102111476973,7.370102895170182,10.076035811749488,8.762215659078903,9.295020602157166,20,1,True,42,
ABC-SMC,1226903.5812672176,4.29809720719813,17814640.0,62.408371448516846,7.528697655393032,24.131842835306195,10767.77153302199,27.63102111476973,7.370102895170182,10.076035811749488,8.762215659078903,9.295020602157166,20,1,True,42,
ABC-SMC,1228077.134986226,4.299884673320886,17831680.0,62.43432545661926,7.528697655393032,24.131842835306195,10767.77153302199,27.63102111476973,7.370102895170182,10.076035811749488,8.762215659078903,9.295020602157166,20,1,True,42,
ABC-SMC,1227559.834938102,4.295753825973448,17848720.0,62.46026062965393,7.528697655393032,24.131842835306195,10767.77153302199,27.63102111476973,7.370102895170182,10.076035811749488,8.762215659078903,9.295020602157166,20,1,True,42,
ABC-SMC,1228731.774415406,4.297529896810918,17865760.0,62.48608469963074,7.528697655393032,24.131842835306195,10767.77153302199,27.63102111476973,7.370102895170182,10.076035811749488,8.762215659078903,9.295020602157166,20,1,True,42,
ABC-SMC,1229903.7138927097,4.299305000200232,17882800.0,62.51189470291138,7.528697655393032,24.131842835306195,10767.77153302199,27.63102111476973,7.370102895170182,10.076035811749488,8.762215659078903,9.295020602157166,20,1,True,42,
ABC-SMC,1231075.6533700137,4.301085367163405,17899840.0,62.53778123855591,7.528697655393032,24.131842835306195,10767.77153302199,27.63102111476973,7.370102895170182,10.076035811749488,8.762215659078903,9.295020602157166,20,1,True,42,
ABC-SMC,1232247.5928473177,4.302861782346827,17916880.0,62.56361031532288,7.528697655393032,24.131842835306195,10767.77153302199,27.63102111476973,7.370102895170182,10.076035811749488,8.762215659078903,9.295020602157166,20,1,True,42,
ABC-SMC,1231725.2747252749,4.29872601896852,17933920.0,62.58945083618164,7.528697655393032,24.131842835306195,10767.77153302199,27.63102111476973,7.370102895170182,10.076035811749488,8.762215659078903,9.295020602157166,20,1,True,42,
ABC-SMC,1232895.6043956045,4.300495834795984,17950960.0,62.61521935462952,7.528697655393032,24.131842835306195,10767.77153302199,27.63102111476973,7.370102895170182,10.076035811749488,8.762215659078903,9.295020602157166,20,1,True,42,
ABC-SMC,1234065.9340659345,4.302241039145125,17968000.0,62.640629529953,7.528697655393032,24.131842835306195,10767.77153302199,27.63102111476973,7.370102895170182,10.076035811749488,8.762215659078903,9.295020602157166,20,1,True,42,
ABC-SMC,1235236.2637362638,4.303992449582279,17985040.0,62.66613006591797,7.528697655393032,24.131842835306195,10767.77153302199,27.63102111476973,7.370102895170182,10.076035811749488,8.762215659078903,9.295020602157166,20,1,True,42,
ABC-SMC,1236406.5934065937,4.305739406045977,18002080.0,62.69156575202942,7.528697655393032,24.131842835306195,10767.77153302199,27.63102111476973,7.370102895170182,10.076035811749488,8.762215659078903,9.295020602157166,20,1,True,42,
ABC-SMC,1237576.9230769232,4.307486886506553,18019120.0,62.7170090675354,7.528697655393032,24.131842835306195,10767.77153302199,27.63102111476973,7.370102895170182,10.076035811749488,8.762215659078903,9.295020602157166,20,1,True,42,
ABC-SMC,1238747.252747253,4.309239082939024,18036160.0,62.74252104759216,7.528697655393032,24.131842835306195,10767.77153302199,27.63102111476973,7.370102895170182,10.076035811749488,8.762215659078903,9.295020602157166,20,1,True,42,
ABC-SMC,1239917.5824175824,4.310989183383985,18053200.0,62.7680025100708,7.528697655393032,24.131842835306195,10767.77153302199,27.63102111476973,7.370102895170182,10.076035811749488,8.762215659078903,9.295020602157166,20,1,True,42,
ABC-SMC,1241087.9120879122,4.312735402977074,18070240.0,62.79342746734619,7.528697655393032,24.131842835306195,10767.77153302199,27.63102111476973,7.370102895170182,10.076035811749488,8.762215659078903,9.295020602157166,20,1,True,42,
ABC-SMC,1242258.2417582418,4.314486060168718,18087280.0,62.81891703605652,7.528697655393032,24.131842835306195,10767.77153302199,27.63102111476973,7.370102895170182,10.076035811749488,8.762215659078903,9.295020602157166,20,1,True,42,
ABC-SMC,1243428.5714285716,4.316233950001854,18104320.0,62.84436631202698,7.528697655393032,24.131842835306195,10767.77153302199,27.63102111476973,7.370102895170182,10.076035811749488,8.762215659078903,9.295020602157166,20,1,True,42,
ABC-SMC,1244598.9010989012,4.31798136496282,18121360.0,62.86980867385864,7.528697655393032,24.131842835306195,10767.77153302199,27.63102111476973,7.370102895170182,10.076035811749488,8.762215659078903,9.295020602157166,20,1,True,42,
ABC-SMC,1245769.230769231,4.319725275694669,18138400.0,62.89520001411438,7.528697655393032,24.131842835306195,10767.77153302199,27.63102111476973,7.370102895170182,10.076035811749488,8.762215659078903,9.295020602157166,20,1,True,42,
ABC-SMC,1246939.5604395606,4.321472608781123,18155440.0,62.92064118385315,7.528697655393032,24.131842835306195,10767.77153302199,27.63102111476973,7.370102895170182,10.076035811749488,8.762215659078903,9.295020602157166,20,1,True,42,
ABC-SMC,1248109.8901098904,4.323221006236234,18172480.0,62.94609785079956,7.528697655393032,24.131842835306195,10767.77153302199,27.63102111476973,7.370102895170182,10.076035811749488,8.762215659078903,9.295020602157166,20,1,True,42,
ABC-SMC,1249280.21978022,4.3249700259376365,18189520.0,62.97156357765198,7.528697655393032,24.131842835306195,10767.77153302199,27.63102111476973,7.370102895170182,10.076035811749488,8.762215659078903,9.295020602157166,20,1,True,42,
ABC-SMC,1250450.5494505498,4.326721665623424,18206560.0,62.99706745147705,7.528697655393032,24.131842835306195,10767.77153302199,27.63102111476973,7.370102895170182,10.076035811749488,8.762215659078903,9.295020602157166,20,1,True,42,
ABC-SMC,1251620.879120879,4.3284711601969965,18223600.0,63.02254009246826,7.528697655393032,24.131842835306195,10767.77153302199,27.63102111476973,7.370102895170182,10.076035811749488,8.762215659078903,9.295020602157166,20,1,True,42,
ABC-SMC,1252791.208791209,4.330223258380052,18240640.0,63.04805064201355,7.528697655393032,24.131842835306195,10767.77153302199,27.63102111476973,7.370102895170182,10.076035811749488,8.762215659078903,9.295020602157166,20,1,True,42,
ABC-SMC,1253961.5384615385,4.331967218236609,18257680.0,63.073442697525024,7.528697655393032,24.131842835306195,10767.77153302199,27.63102111476973,7.370102895170182,10.076035811749488,8.762215659078903,9.295020602157166,20,1,True,42,
ABC-SMC,1255131.8681318683,4.333725096760216,18274720.0,63.099037408828735,7.528697655393032,24.131842835306195,10767.77153302199,27.63102111476973,7.370102895170182,10.076035811749488,8.762215659078903,9.295020602157166,20,1,True,42,
ABC-SMC,1256302.197802198,4.335476310698541,18291760.0,63.12453508377075,7.528697655393032,24.131842835306195,10767.77153302199,27.63102111476973,7.370102895170182,10.076035811749488,8.762215659078903,9.295020602157166,20,1,True,42,
ABC-SMC,1257472.5274725277,4.337228507131012,18308800.0,63.15004706382752,7.528697655393032,24.131842835306195,10767.77153302199,27.63102111476973,7.370102895170182,10.076035811749488,8.762215659078903,9.295020602157166,20,1,True,42,
ABC-SMC,1258642.8571428573,4.338971844741277,18325840.0,63.17543005943298,7.528697655393032,24.131842835306195,10767.77153302199,27.63102111476973,7.370102895170182,10.076035811749488,8.762215659078903,9.295020602157166,20,1,True,42,
ABC-SMC,1259813.186813187,4.340740825448719,18342880.0,63.201186418533325,7.528697655393032,24.131842835306195,10767.77153302199,27.63102111476973,7.370102895170182,10.076035811749488,8.762215659078903,9.295020602157166,20,1,True,42,
ABC-SMC,1260983.516483517,4.342494855870258,18359920.0,63.22672510147095,7.528697655393032,24.131842835306195,10767.77153302199,27.63102111476973,7.370102895170182,10.076035811749488,8.762215659078903,9.295020602157166,20,1,True,42,
ABC-SMC,1262153.8461538465,4.344242074332395,18376960.0,63.25216460227966,7.528697655393032,24.131842835306195,10767.77153302199,27.63102111476973,7.370102895170182,10.076035811749488,8.762215659078903,9.295020602157166,20,1,True,42,
ABC-SMC,1263324.1758241758,4.345985935939538,18394000.0,63.27755522727966,7.528697655393032,24.131842835306195,10767.77153302199,27.63102111476973,7.370102895170182,10.076035811749488,8.762215659078903,9.295020602157166,20,1,True,42,
ABC-SMC,1264494.5054945056,4.347734611767989,18411040.0,63.30301594734192,7.528697655393032,24.131842835306195,10767.77153302199,27.63102111476973,7.370102895170182,10.076035811749488,8.762215659078903,9.295020602157166,20,1,True,42,
ABC-SMC,1263928.669410151,4.343506648870816,18428080.0,63.3283269405365,7.528697655393032,24.131842835306195,10767.77153302199,27.63102111476973,7.370102895170182,10.076035811749488,8.762215659078903,9.295020602157166,20,1,True,42,
ABC-SMC,1265097.3936899863,4.34524849445568,18445120.0,63.35372304916382,7.528697655393032,24.131842835306195,10767.77153302199,27.63102111476973,7.370102895170182,10.076035811749488,8.762215659078903,9.295020602157166,20,1,True,42,
ABC-SMC,1266266.1179698217,4.346989244427046,18462160.0,63.37910318374634,7.528697655393032,24.131842835306195,10767.77153302199,27.63102111476973,7.370102895170182,10.076035811749488,8.762215659078903,9.295020602157166,20,1,True,42,
ABC-SMC,1267434.842249657,4.348739347994246,18479200.0,63.4046196937561,7.528697655393032,24.131842835306195,10767.77153302199,27.63102111476973,7.370102895170182,10.076035811749488,8.762215659078903,9.295020602157166,20,1,True,42,
ABC-SMC,1268603.5665294924,4.35049038365054,18496240.0,63.43014979362488,7.528697655393032,24.131842835306195,10767.77153302199,27.63102111476973,7.370102895170182,10.076035811749488,8.762215659078903,9.295020602157166,20,1,True,42,
ABC-SMC,1269772.2908093275,4.352240781561664,18513280.0,63.45567059516907,7.528697655393032,24.131842835306195,10767.77153302199,27.63102111476973,7.370102895170182,10.076035811749488,8.762215659078903,9.295020602157166,20,1,True,42,
ABC-SMC,1270941.015089163,4.353988088861579,18530320.0,63.48114633560181,7.528697655393032,24.131842835306195,10767.77153302199,27.63102111476973,7.370102895170182,10.076035811749488,8.762215659078903,9.295020602157166,20,1,True,42,
ABC-SMC,1272109.739368999,4.355795000806267,18547360.0,63.50749111175537,7.528697655393032,24.131842835306195,10767.77153302199,27.63102111476973,7.370102895170182,10.076035811749488,8.762215659078903,9.295020602157166,20,1,True,42,
ABC-SMC,1273278.463648834,4.357561685747897,18564400.0,63.533249378204346,7.528697655393032,24.131842835306195,10767.77153302199,27.63102111476973,7.370102895170182,10.076035811749488,8.762215659078903,9.295020602157166,20,1,True,42,
ABC-SMC,1274447.1879286694,4.359329286426183,18581440.0,63.55902099609375,7.528697655393032,24.131842835306195,10767.77153302199,27.63102111476973,7.370102895170182,10.076035811749488,8.762215659078903,9.295020602157166,20,1,True,42,
ABC-SMC,1275615.9122085047,4.36109265182244,18598480.0,63.58473086357117,7.528697655393032,24.131842835306195,10767.77153302199,27.63102111476973,7.370102895170182,10.076035811749488,8.762215659078903,9.295020602157166,20,1,True,42,
ABC-SMC,1276784.63648834,4.362859598403115,18615520.0,63.61049294471741,7.528697655393032,24.131842835306195,10767.77153302199,27.63102111476973,7.370102895170182,10.076035811749488,8.762215659078903,9.295020602157166,20,1,True,42,
ABC-SMC,1277953.3607681757,4.364622767570087,18632560.0,63.63619995117188,7.528697655393032,24.131842835306195,10767.77153302199,27.63102111476973,7.370102895170182,10.076035811749488,8.762215659078903,9.295020602157166,20,1,True,42,
ABC-SMC,1279122.085048011,4.366384415960115,18649600.0,63.661884784698486,7.528697655393032,24.131842835306195,10767.77153302199,27.63102111476973,7.370102895170182,10.076035811749488,8.762215659078903,9.295020602157166,20,1,True,42,
ABC-SMC,1280290.8093278464,4.368148124757618,18666640.0,63.687599658966064,7.528697655393032,24.131842835306195,10767.77153302199,27.63102111476973,7.370102895170182,10.076035811749488,8.762215659078903,9.295020602157166,20,1,True,42,
ABC-SMC,1281459.5336076815,4.369913190807662,18683680.0,63.71333432197571,7.528697655393032,24.131842835306195,10767.77153302199,27.63102111476973,7.370102895170182,10.076035811749488,8.762215659078903,9.295020602157166,20,1,True,42,
ABC-SMC,1282628.257887517,4.371653597377782,18700720.0,63.73870944976807,7.528697655393032,24.131842835306195,10767.77153302199,27.63102111476973,7.370102895170182,10.076035811749488,8.762215659078903,9.295020602157166,20,1,True,42,
ABC-SMC,1283796.9821673525,4.373392368703876,18717760.0,63.76406073570252,7.528697655393032,24.131842835306195,10767.77153302199,27.63102111476973,7.370102895170182,10.076035811749488,8.762215659078903,9.295020602157166,20,1,True,42,
ABC-SMC,1284965.706447188,4.375132709864236,18734800.0,63.78943490982056,7.528697655393032,24.131842835306195,10767.77153302199,27.63102111476973,7.370102895170182,10.076035811749488,8.762215659078903,9.295020602157166,20,1,True,42,
ABC-SMC,1286134.4307270234,4.376870728978077,18751840.0,63.814775228500366,7.528697655393032,24.131842835306195,10767.77153302199,27.63102111476973,7.370102895170182,10.076035811749488,8.762215659078903,9.295020602157166,20,1,True,42,
ABC-SMC,1287303.1550068588,4.378640226539433,18768880.0,63.84057450294495,7.528697655393032,24.131842835306195,10767.77153302199,27.63102111476973,7.370102895170182,10.076035811749488,8.762215659078903,9.295020602157166,20,1,True,42,
ABC-SMC,1288471.879286694,4.38040727123475,18785920.0,63.86633801460266,7.528697655393032,24.131842835306195,10767.77153302199,27.63102111476973,7.370102895170182,10.076035811749488,8.762215659078903,9.295020602157166,20,1,True,42,
ABC-SMC,1289640.6035665297,4.382175019084999,18802960.0,63.89211177825928,7.528697655393032,24.131842835306195,10767.77153302199,27.63102111476973,7.370102895170182,10.076035811749488,8.762215659078903,9.295020602157166,20,1,True,42,
ABC-SMC,1290809.3278463648,4.383923274826448,18820000.0,63.9176013469696,7.528697655393032,24.131842835306195,10767.77153302199,27.63102111476973,7.370102895170182,10.076035811749488,8.762215659078903,9.295020602157166,20,1,True,42,
ABC-SMC,1291978.0521262002,4.385668668890849,18837040.0,63.94304919242859,7.528697655393032,24.131842835306195,10767.77153302199,27.63102111476973,7.370102895170182,10.076035811749488,8.762215659078903,9.295020602157166,20,1,True,42,
ABC-SMC,1293146.7764060358,4.387411446564809,18854080.0,63.96845889091492,7.528697655393032,24.131842835306195,10767.77153302199,27.63102111476973,7.370102895170182,10.076035811749488,8.762215659078903,9.295020602157166,20,1,True,42,
ABC-SMC,1294315.500685871,4.389142875645223,18871120.0,63.99370312690735,7.528697655393032,24.131842835306195,10767.77153302199,27.63102111476973,7.370102895170182,10.076035811749488,8.762215659078903,9.295020602157166,20,1,True,42,
ABC-SMC,1295484.2249657065,4.390883265862903,18888160.0,64.01907801628113,7.528697655393032,24.131842835306195,10767.77153302199,27.63102111476973,7.370102895170182,10.076035811749488,8.762215659078903,9.295020602157166,20,1,True,42,
ABC-SMC,1296652.9492455418,4.392626615872271,18905200.0,64.04449605941772,7.528697655393032,24.131842835306195,10767.77153302199,27.63102111476973,7.370102895170182,10.076035811749488,8.762215659078903,9.295020602157166,20,1,True,42,
ABC-SMC,1297821.6735253772,4.394372778501366,18922240.0,64.06995511054993,7.528697655393032,24.131842835306195,10767.77153302199,27.63102111476973,7.370102895170182,10.076035811749488,8.762215659078903,9.295020602157166,20,1,True,42,
ABC-SMC,1298990.3978052123,4.396126610424947,18939280.0,64.09552597999573,7.528697655393032,24.131842835306195,10767.77153302199,27.63102111476973,7.370102895170182,10.076035811749488,8.762215659078903,9.295020602157166,20,1,True,42,
ABC-SMC,1300159.122085048,4.397874702641993,18956320.0,64.12101316452026,7.528697655393032,24.131842835306195,10767.77153302199,27.63102111476973,7.370102895170182,10.076035811749488,8.762215659078903,9.295020602157166,20,1,True,42,
ABC-SMC,1301327.8463648837,4.399620734451567,18973360.0,64.14647030830383,7.528697655393032,24.131842835306195,10767.77153302199,27.63102111476973,7.370102895170182,10.076035811749488,8.762215659078903,9.295020602157166,20,1,True,42,
ABC-SMC,1302496.5706447188,4.401405881298259,18990400.0,64.17249774932861,7.528697655393032,24.131842835306195,10767.77153302199,27.63102111476973,7.370102895170182,10.076035811749488,8.762215659078903,9.295020602157166,20,1,True,42,
ABC-SMC,1303665.2949245542,4.403174806524207,19007440.0,64.19828867912292,7.528697655393032,24.131842835306195,10767.77153302199,27.63102111476973,7.370102895170182,10.076035811749488,8.762215659078903,9.295020602157166,20,1,True,42,
ABC-SMC,1304834.0192043895,4.404939725402288,19024480.0,64.22402119636536,7.528697655393032,24.131842835306195,10767.77153302199,27.63102111476973,7.370102895170182,10.076035811749488,8.762215659078903,9.295020602157166,20,1,True,42,
ABC-SMC,1306002.743484225,4.4067063449341575,19041520.0,64.24977850914001,7.528697655393032,24.131842835306195,10767.77153302199,27.63102111476973,7.370102895170182,10.076035811749488,8.762215659078903,9.295020602157166,20,1,True,42,
ABC-SMC,1307171.4677640602,4.408448239576342,19058560.0,64.27517533302307,7.528697655393032,24.131842835306195,10767.77153302199,27.63102111476973,7.370102895170182,10.076035811749488,8.762215659078903,9.295020602157166,20,1,True,42,
ABC-SMC,1308340.1920438958,4.4102200101268965,19075600.0,64.30100774765015,7.528697655393032,24.131842835306195,10767.77153302199,27.63102111476973,7.370102895170182,10.076035811749488,8.762215659078903,9.295020602157166,20,1,True,42,
ABC-SMC,1309508.9163237312,4.411992173136017,19092640.0,64.32684588432312,7.528697655393032,24.131842835306195,10767.77153302199,27.63102111476973,7.370102895170182,10.076035811749488,8.762215659078903,9.295020602157166,20,1,True,42,
ABC-SMC,1310677.6406035663,4.413777140105866,19109680.0,64.35287070274353,7.528697655393032,24.131842835306195,10767.77153302199,27.63102111476973,7.370102895170182,10.076035811749488,8.762215659078903,9.295020602157166,20,1,True,42,
ABC-SMC,1311846.364883402,4.415546196151336,19126720.0,64.37866353988647,7.528697655393032,24.131842835306195,10767.77153302199,27.63102111476973,7.370102895170182,10.076035811749488,8.762215659078903,9.295020602157166,20,1,True,42,
ABC-SMC,1313015.0891632373,4.41731925854467,19143760.0,64.4045147895813,7.528697655393032,24.131842835306195,10767.77153302199,27.63102111476973,7.370102895170182,10.076035811749488,8.762215659078903,9.295020602157166,20,1,True,42,
ABC-SMC,1314183.8134430726,4.419102950024179,19160800.0,64.43052101135254,7.528697655393032,24.131842835306195,10767.77153302199,27.63102111476973,7.370102895170182,10.076035811749488,8.762215659078903,9.295020602157166,20,1,True,42,
ABC-SMC,1315352.537722908,4.420882259049697,19177840.0,64.45646333694458,7.528697655393032,24.131842835306195,10767.77153302199,27.63102111476973,7.370102895170182,10.076035811749488,8.762215659078903,9.295020602157166,20,1,True,42,
ABC-SMC,1316521.2620027435,4.422659573077501,19194880.0,64.48237657546997,7.528697655393032,24.131842835306195,10767.77153302199,27.63102111476973,7.370102895170182,10.076035811749488,8.762215659078903,9.295020602157166,20,1,True,42,
ABC-SMC,1317689.986282579,4.424402661447826,19211920.0,64.5077908039093,7.528697655393032,24.131842835306195,10767.77153302199,27.63102111476973,7.370102895170182,10.076035811749488,8.762215659078903,9.295020602157166,20,1,True,42,
ABC-SMC,1318858.7105624145,4.426147368709738,19228960.0,64.53322863578796,7.528697655393032,24.131842835306195,10767.77153302199,27.63102111476973,7.370102895170182,10.076035811749488,8.762215659078903,9.295020602157166,20,1,True,42,
ABC-SMC,1320027.4348422496,4.427893727568114,19246000.0,64.55869054794312,7.528697655393032,24.131842835306195,10767.77153302199,27.63102111476973,7.370102895170182,10.076035811749488,8.762215659078903,9.295020602157166,20,1,True,42,
ABC-SMC,1321196.159122085,4.429637600855572,19263040.0,64.58411622047424,7.528697655393032,24.131842835306195,10767.77153302199,27.63102111476973,7.370102895170182,10.076035811749488,8.762215659078903,9.295020602157166,20,1,True,42,
ABC-SMC,1322364.8834019206,4.431375816198697,19280080.0,64.609459400177,7.528697655393032,24.131842835306195,10767.77153302199,27.63102111476973,7.370102895170182,10.076035811749488,8.762215659078903,9.295020602157166,20,1,True,42,
ABC-SMC,1323533.607681756,4.433119493256871,19297120.0,64.63488221168518,7.528697655393032,24.131842835306195,10767.77153302199,27.63102111476973,7.370102895170182,10.076035811749488,8.762215659078903,9.295020602157166,20,1,True,42,
ABC-SMC,1322887.6712328768,4.428780470808891,19314160.0,64.66019487380981,7.528697655393032,24.131842835306195,10767.77153302199,27.63102111476973,7.370102895170182,10.076035811749488,8.762215659078903,9.295020602157166,20,1,True,42,
ABC-SMC,1324054.794520548,4.430548034302176,19331200.0,64.68600130081177,7.528697655393032,24.131842835306195,10767.77153302199,27.63102111476973,7.370102895170182,10.076035811749488,8.762215659078903,9.295020602157166,20,1,True,42,
ABC-SMC,1325221.917808219,4.43231367085078,19348240.0,64.71177959442139,7.528697655393032,24.131842835306195,10767.77153302199,27.63102111476973,7.370102895170182,10.076035811749488,8.762215659078903,9.295020602157166,20,1,True,42,
ABC-SMC,1326389.0410958903,4.434086394636598,19365280.0,64.73766136169434,7.528697655393032,24.131842835306195,10767.77153302199,27.63102111476973,7.370102895170182,10.076035811749488,8.762215659078903,9.295020602157166,20,1,True,42,
ABC-SMC,1327556.1643835618,4.435854937932263,19382320.0,64.76348209381104,7.528697655393032,24.131842835306195,10767.77153302199,27.63102111476973,7.370102895170182,10.076035811749488,8.762215659078903,9.295020602157166,20,1,True,42,
ABC-SMC,1328723.2876712328,4.437625620463123,19399360.0,64.7893340587616,7.528697655393032,24.131842835306195,10767.77153302199,27.63102111476973,7.370102895170182,10.076035811749488,8.762215659078903,9.295020602157166,20,1,True,42,
ABC-SMC,1329890.410958904,4.439393804497915,19416400.0,64.81514954566956,7.528697655393032,24.131842835306195,10767.77153302199,27.63102111476973,7.370102895170182,10.076035811749488,8.762215659078903,9.295020602157166,20,1,True,42,
ABC-SMC,1329236.662106703,4.43509298538542,19433440.0,64.84105944633484,7.528697655393032,24.131842835306195,10767.77153302199,27.63102111476973,7.370102895170182,10.076035811749488,8.762215659078903,9.295020602157166,20,1,True,42,
ABC-SMC,1330402.1887824896,4.436868160106904,19450480.0,64.86701250076294,7.528697655393032,24.131842835306195,10767.77153302199,27.63102111476973,7.370102895170182,10.076035811749488,8.762215659078903,9.295020602157166,20,1,True,42,
ABC-SMC,1331567.7154582762,4.438626358512325,19467520.0,64.8927173614502,7.528697655393032,24.131842835306195,10767.77153302199,27.63102111476973,7.370102895170182,10.076035811749488,8.762215659078903,9.295020602157166,20,1,True,42,
ABC-SMC,1332733.242134063,4.44038522553346,19484560.0,64.9184319972992,7.528697655393032,24.131842835306195,10767.77153302199,27.63102111476973,7.370102895170182,10.076035811749488,8.762215659078903,9.295020602157166,20,1,True,42,
ABC-SMC,1333898.7688098496,4.442152963943586,19501600.0,64.94427633285522,7.528697655393032,24.131842835306195,10767.77153302199,27.63102111476973,7.370102895170182,10.076035811749488,8.762215659078903,9.295020602157166,20,1,True,42,
ABC-SMC,1333240.43715847,4.437841874002759,19518640.0,64.97000503540039,7.528697655393032,24.131842835306195,10767.77153302199,27.63102111476973,7.370102895170182,10.076035811749488,8.762215659078903,9.295020602157166,20,1,True,42,
ABC-SMC,1334404.3715846995,4.43958421873916,19535680.0,64.99551296234131,7.528697655393032,24.131842835306195,10767.77153302199,27.63102111476973,7.370102895170182,10.076035811749488,8.762215659078903,9.295020602157166,20,1,True,42,
ABC-SMC,1335568.3060109292,4.441317101645339,19552720.0,65.02088236808777,7.528697655393032,24.131842835306195,10767.77153302199,27.63102111476973,7.370102895170182,10.076035811749488,8.762215659078903,9.295020602157166,20,1,True,42,
ABC-SMC,1336732.2404371584,4.443057589843625,19569760.0,65.04636311531067,7.528697655393032,24.131842835306195,10767.77153302199,27.63102111476973,7.370102895170182,10.076035811749488,8.762215659078903,9.295020602157166,20,1,True,42,
ABC-SMC,1337896.174863388,4.44479099388331,19586800.0,65.07174015045166,7.528697655393032,24.131842835306195,10767.77153302199,27.63102111476973,7.370102895170182,10.076035811749488,8.762215659078903,9.295020602157166,20,1,True,42,
ABC-SMC,1339060.1092896175,4.446542800449934,19603840.0,65.09738659858704,7.528697655393032,24.131842835306195,10767.77153302199,27.63102111476973,7.370102895170182,10.076035811749488,8.762215659078903,9.295020602157166,20,1,True,42,
ABC-SMC,1340224.0437158472,4.448282458091694,19620880.0,65.1228551864624,7.528697655393032,24.131842835306195,10767.77153302199,27.63102111476973,7.370102895170182,10.076035811749488,8.762215659078903,9.295020602157166,20,1,True,42,
ABC-SMC,1337732.970027248,4.437892881985906,19637920.0,65.1482675075531,7.528697655393032,24.131842835306195,10767.77153302199,27.63102111476973,7.370102895170182,10.076035811749488,8.762215659078903,9.295020602157166,20,1,True,42,
ABC-SMC,1338893.7329700273,4.439614091971914,19654960.0,65.1735348701477,7.528697655393032,24.131842835306195,10767.77153302199,27.63102111476973,7.370102895170182,10.076035811749488,8.762215659078903,9.295020602157166,20,1,True,42,
ABC-SMC,1340054.4959128066,4.441374377918503,19672000.0,65.19937586784363,7.528697655393032,24.131842835306195,10767.77153302199,27.63102111476973,7.370102895170182,10.076035811749488,8.762215659078903,9.295020602157166,20,1,True,42,
ABC-SMC,1341215.258855586,4.443127079295852,19689040.0,65.22510552406311,7.528697655393032,24.131842835306195,10767.77153302199,27.63102111476973,7.370102895170182,10.076035811749488,8.762215659078903,9.295020602157166,20,1,True,42,
ABC-SMC,1342376.0217983653,4.44488423072025,19706080.0,65.25090050697327,7.528697655393032,24.131842835306195,10767.77153302199,27.63102111476973,7.370102895170182,10.076035811749488,8.762215659078903,9.295020602157166,20,1,True,42,
ABC-SMC,1341708.8435374151,4.4405851720952665,19723120.0,65.27660202980042,7.528697655393032,24.131842835306195,10767.77153302199,27.63102111476973,7.370102895170182,10.076035811749488,8.762215659078903,9.295020602157166,20,1,True,42,
ABC-SMC,1341043.4782608696,4.436288288106089,19740160.0,65.30216360092163,7.528697655393032,24.131842835306195,10767.77153302199,27.63102111476973,7.370102895170182,10.076035811749488,8.762215659078903,9.295020602157166,20,1,True,42,
ABC-SMC,1342201.086956522,4.438009242648664,19757200.0,65.32749605178833,7.528697655393032,24.131842835306195,10767.77153302199,27.63102111476973,7.370102895170182,10.076035811749488,8.762215659078903,9.295020602157166,20,1,True,42,
ABC-SMC,1343358.695652174,4.439732448562332,19774240.0,65.35286164283752,7.528697655393032,24.131842835306195,10767.77153302199,27.63102111476973,7.370102895170182,10.076035811749488,8.762215659078903,9.295020602157166,20,1,True,42,
ABC-SMC,1344516.3043478262,4.441464044477629,19791280.0,65.3783507347107,7.528697655393032,24.131842835306195,10767.77153302199,27.63102111476973,7.370102895170182,10.076035811749488,8.762215659078903,9.295020602157166,20,1,True,42,
ABC-SMC,1345673.9130434785,4.443192789736002,19808320.0,65.40379786491394,7.528697655393032,24.131842835306195,10767.77153302199,27.63102111476973,7.370102895170182,10.076035811749488,8.762215659078903,9.295020602157166,20,1,True,42,
ABC-SMC,1346831.5217391306,4.444952633069909,19825360.0,65.42970275878906,7.528697655393032,24.131842835306195,10767.77153302199,27.63102111476973,7.370102895170182,10.076035811749488,8.762215659078903,9.295020602157166,20,1,True,42,
ABC-SMC,1347989.1304347827,4.446718469262124,19842400.0,65.45569586753845,7.528697655393032,24.131842835306195,10767.77153302199,27.63102111476973,7.370102895170182,10.076035811749488,8.762215659078903,9.295020602157166,20,1,True,42,
ABC-SMC,1349146.739130435,4.448466424060905,19859440.0,65.48142576217651,7.528697655393032,24.131842835306195,10767.77153302199,27.63102111476973,7.370102895170182,10.076035811749488,8.762215659078903,9.295020602157166,20,1,True,42,
ABC-SMC,1350304.3478260871,4.450193841172302,19876480.0,65.50685334205627,7.528697655393032,24.131842835306195,10767.77153302199,27.63102111476973,7.370102895170182,10.076035811749488,8.762215659078903,9.295020602157166,20,1,True,42,
ABC-SMC,1349628.222523745,4.445883506350472,19893520.0,65.53232288360596,7.528697655393032,24.131842835306195,10767.77153302199,27.63102111476973,7.370102895170182,10.076035811749488,8.762215659078903,9.295020602157166,20,1,True,42,
ABC-SMC,1350784.2605156037,4.447605506374199,19910560.0,65.55770516395569,7.528697655393032,24.131842835306195,10767.77153302199,27.63102111476973,7.370102895170182,10.076035811749488,8.762215659078903,9.295020602157166,20,1,True,42,
ABC-SMC,1351940.2985074627,4.449330967834555,19927600.0,65.58313846588135,7.528697655393032,24.131842835306195,10767.77153302199,27.63102111476973,7.370102895170182,10.076035811749488,8.762215659078903,9.295020602157166,20,1,True,42,
ABC-SMC,1353096.3364993215,4.45105592787185,19944640.0,65.60856437683105,7.528697655393032,24.131842835306195,10767.77153302199,27.63102111476973,7.370102895170182,10.076035811749488,8.762215659078903,9.295020602157166,20,1,True,42,
ABC-SMC,1352417.3441734416,4.446749344750795,19961680.0,65.63402032852173,7.528697655393032,24.131842835306195,10767.77153302199,27.63102111476973,7.370102895170182,10.076035811749488,8.762215659078903,9.295020602157166,20,1,True,42,
ABC-SMC,1353571.8157181572,4.448473792735154,19978720.0,65.65947318077087,7.528697655393032,24.131842835306195,10767.77153302199,27.63102111476973,7.370102895170182,10.076035811749488,8.762215659078903,9.295020602157166,20,1,True,42,
ABC-SMC,1354726.2872628726,4.4501912949208,19995760.0,65.684823513031,7.528697655393032,24.131842835306195,10767.77153302199,27.63102111476973,7.370102895170182,10.076035811749488,8.762215659078903,9.295020602157166,20,1,True,42,
ABC-SMC,1437913.7931034483,4.721039824787228,20015760.0,65.71687436103821,7.528697655393032,24.13644416951407,10707.73113358995,27.631021114770256,7.371508457664754,10.069929706823672,8.769354925832662,9.304726410718862,20,1,True,42,
permABC-SMC,950.0,0.0653861403465271,19000.0,1.307722806930542,5.763607538394538,23.92838624121532,4024.453751865514,27.63102111461197,7.234095313494128,10.026967932060646,5.120461552797684,5.696076681383929,20,1,True,42,
permABC-SMC,1852.0,0.109973669052124,37040.0,2.1994733810424805,5.4584494581760135,23.9324107876947,3909.7264134824063,27.63102111463288,7.083728871139049,10.033161716002308,5.000468535315626,5.591163482603545,20,1,True,42,
permABC-SMC,2708.0,0.1558888554573059,54160.0,3.117777109146118,5.301882776394749,23.93615165203113,3785.928468314111,27.63102111463312,6.99386465351972,10.035040707405743,4.8956764383544265,5.502323620413715,20,1,True,42,
permABC-SMC,3521.0,0.1998833179473877,70420.0,3.997666358947754,5.191313404856967,23.943161973022224,3709.95969908015,27.63102111463383,6.918053317791546,10.04668572351741,4.799585861143661,5.421246094316437,20,1,True,42,
permABC-SMC,4293.0,0.2469120144844055,85860.0,4.93824028968811,5.078358473566114,23.944815117095395,3601.4013088689303,27.631021114633608,6.818741917981965,10.046258058196257,4.705643522799665,5.338407958732247,20,1,True,42,
permABC-SMC,5026.0,0.2937739610671997,100520.0,5.875479221343994,4.964566933354161,23.956381312471304,3521.4150000120426,27.63102111465481,6.759453484252019,10.054004133279031,4.6183188826337815,5.26641572015952,20,1,True,42,
permABC-SMC,5722.0,0.339944863319397,114440.0,6.79889726638794,4.860676704357798,23.96673048530552,3425.2003975770463,27.631021114655617,6.676947695581601,10.057486128411831,4.53460075754259,5.194436418196973,20,1,True,42,
permABC-SMC,6383.0,0.3880001783370971,127660.0,7.760003566741943,4.7628001239541655,23.97100033160975,3356.596248161794,27.63102111467644,6.564976535146704,10.062723705411234,4.452333464707095,5.131097448994808,20,1,True,42,
permABC-SMC,7011.0,0.437438714504242,140220.0,8.748774290084839,4.677665767051048,23.964924740626536,3263.410935050277,27.63102111467613,6.4174364802215536,10.057232389642325,4.371782197922828,5.064621835207025,20,1,True,42,
permABC-SMC,7607.0,0.4857049942016602,152140.0,9.714099884033203,4.611448696225257,23.977110261635133,3168.8983022914344,27.63102111471811,6.344658788975816,10.05683988693144,4.29552703780507,5.0050185455625815,20,1,True,42,
permABC-SMC,8173.0,0.534130847454071,163460.0,10.68261694908142,4.538779049352084,23.97835576869581,3069.7889806543308,27.63102111471821,6.320398597326967,10.052611051891867,4.229908199860485,4.9521031141608045,20,1,True,42,
permABC-SMC,8710.0,0.5804909348487854,174200.0,11.609818696975708,4.481716310724265,23.97655244352621,2978.028603991066,27.63102111471797,6.207428188986033,10.04479861371846,4.154048588925921,4.885703766725493,20,1,True,42,
permABC-SMC,9220.0,0.6272259950637817,184400.0,12.544519901275637,4.405614001477434,23.97670087133969,2888.775676461539,27.631021114718184,6.128801542177198,10.042442027822368,4.084780694797077,4.830068778213582,20,1,True,42,
permABC-SMC,15555.555555555557,1.0271347276696332,204400.0,13.49655032157898,4.333070029762866,23.9523374508678,2871.5154819266363,27.631021114657354,6.057578706509284,10.034179276553528,4.070258708495483,4.815086040696496,20,1,True,42,
permABC-SMC,14974.530831099197,0.969820175989064,223420.0,14.469717025756836,4.272670423401439,23.94986711910109,2812.958130834348,27.631021114657187,5.982300823476146,10.036139701814626,4.01171230221428,4.765955609404554,20,1,True,42,
permABC-SMC,14961.586121437422,0.9563317529330908,241480.0,15.435194492340088,4.211212435963484,23.950963050060288,2769.974032688449,27.631021114656985,5.9172946340728165,10.040986017521169,3.950600360252228,4.718902964947396,20,1,True,42,
permABC-SMC,15195.064629847238,0.9643124357373678,258620.0,16.41259765625,4.13415899521671,23.95194698379324,2713.635056595131,27.63102111465691,5.833355798297655,10.042568002988393,3.890745240981805,4.667836805356772,20,1,True,42,
permABC-SMC,15744.558991981672,0.9957092870688248,274900.0,17.38508415222168,4.0793533944985,23.955328954362805,2674.421895701121,27.63102111465677,5.739241216727491,10.047771564823869,3.833324260890537,4.622282394334415,20,1,True,42,
permABC-SMC,16203.125,1.03247111131038,290360.0,18.501882314682007,4.011870258166548,23.96135057154755,2618.804355850202,27.631021114677512,5.662792340917444,10.048540960510888,3.784424780125808,4.585986399258892,20,1,True,42,
permABC-SMC,16797.356828193835,1.0720492853467158,305040.0,19.46841502189636,3.962920038595792,23.95798287991594,2567.9972327105625,27.631021114677463,5.596164453462828,10.048817328212388,3.7296712053283385,4.548163612868376,20,1,True,42,
permABC-SMC,17298.26464208243,1.1098476526794103,318980.0,20.465590715408325,3.9039333736439454,23.972730278146173,2513.001469821995,27.631021114679022,5.500639974127508,10.053048913689189,3.673510713502009,4.508069477879317,20,1,True,42,
permABC-SMC,17977.272727272728,1.1610939260169024,332220.0,21.45701575279236,3.835990684345555,23.988467266327795,2451.9311795044127,27.631021114700733,5.394151548471845,10.05355808246817,3.618605755880003,4.472148248974761,20,1,True,42,
permABC-SMC,18596.548004314995,1.1669395553769932,344780.0,21.635059356689453,3.7864746305058574,24.006690722731207,2420.448976869103,27.631021114743,5.3215444824348825,10.063264904320238,3.5684591838536432,4.437502615567385,20,1,True,42,
permABC-SMC,19156.82062298604,1.163420538897161,356700.0,21.662890434265137,3.731457681608124,24.00579796865921,2371.070144237352,27.631021114742524,5.210971108197198,10.059905694946233,3.514289681975334,4.395902207748214,20,1,True,42,
permABC-SMC,19722.400857449087,1.1688522459481945,368020.0,21.81078290939331,3.685137314726647,24.000589408725705,2330.3142876397387,27.631021114741834,5.10432197286279,10.055302206510497,3.4615007813825933,4.3596251161845725,20,1,True,42,
permABC-SMC,20254.54545454545,1.1739000279635667,378760.0,21.9519305229187,3.6470832687768,24.00405837833213,2310.842654086713,27.63102111474176,4.99906833181391,10.064669059681542,3.4078322448584664,4.320349691719874,20,1,True,42,
permABC-SMC,20777.777777777774,1.17991415099201,388960.0,22.087992906570435,3.601598005744552,24.01164280934392,2275.2070809279235,27.631021114784044,4.946200812846177,10.06911590666683,3.368284305664808,4.29203685529493,20,1,True,42,
permABC-SMC,32252.365930599368,1.7550575620368452,408960.0,22.2541298866272,3.558230202515163,24.001881325058434,2165.028461292673,27.6310211146208,4.821599184064572,10.04366142462252,3.312220655756048,4.23227626116302,20,1,True,42,
permABC-SMC,28722.14765100671,1.5040805835851887,427960.0,22.41080069541931,3.5238362930678204,23.99808195279441,2133.2941846583226,27.631021114620086,4.731044978521354,10.04451416466576,3.2696826377728847,4.194057675881541,20,1,True,42,
permABC-SMC,27329.65686274509,1.3816971258789883,446020.0,22.549297094345093,3.4949592331771178,24.00014694701261,2081.868350729448,27.631021114620165,4.632529484146901,10.038774238430504,3.219756116734492,4.156639523330759,20,1,True,42,
permABC-SMC,26772.25433526012,1.3111821902280598,463160.0,22.683451890945435,3.4631961850226967,24.010398305509373,2049.1345272182425,27.63102111464141,4.540934668932205,10.043654032145794,3.1717989264803843,4.118699898889543,20,1,True,42,
permABC-SMC,26995.495495495496,1.2848090212624352,479440.0,22.81820821762085,3.424695632688592,24.020084287445933,2009.0614116268623,27.63102111470312,4.467676668620542,10.043314883282813,3.125454085131267,4.084249474982603,20,1,True,42,
permABC-SMC,27494.444444444445,1.2750825749503245,494900.0,22.951486349105835,3.378839216330296,24.02803699047237,1970.093832923841,27.631021114703675,4.3718845877852015,10.04144505877393,3.0795110696188326,4.050845843663947,20,1,True,42,
permABC-SMC,28091.51047409041,1.2726043655959092,509580.0,23.08504319190979,3.3483419777246315,24.04105081820288,1951.062763495945,27.63102111472533,4.266345487847893,10.050549994882973,3.029916857386429,4.015591729797055,20,1,True,42,
permABC-SMC,28638.94967177243,1.2700333245734416,523520.0,23.216209173202515,3.3002674792620312,24.045394785761324,1922.220103072737,27.63102111472549,4.187736561238447,10.05257096094575,2.9841023580455404,3.983522843243302,20,1,True,42,
permABC-SMC,29203.482045701843,1.2701745131848552,536760.0,23.345807552337646,3.2698172862400097,24.046373629395617,1894.664942794565,27.631021114725737,4.1107017222714894,10.053615766116222,2.9403190956574243,3.951108029336434,20,1,True,42,
permABC-SMC,29886.833514689875,1.2771728508360884,549320.0,23.47443699836731,3.222458265610707,24.051924888130404,1861.464219806468,27.631021114746385,4.052850107509856,10.053412340060635,2.89880897174782,3.922500036834063,20,1,True,42,
permABC-SMC,30370.12987012987,1.277179132292281,561240.0,23.60227036476136,3.1918087988578865,24.048106687161592,1833.8845616604428,27.63102111474572,3.997264058258738,10.049768126209049,2.8602706121303023,3.891783710190731,20,1,True,42,
permABC-SMC,30949.189189189183,1.2827806086153597,572560.0,23.731441259384155,3.154784700563277,24.04631919784736,1818.5123635291325,27.631021114745216,3.928259809831794,10.056796183278344,2.815733044116127,3.8626896184314106,20,1,True,42,
permABC-SMC,31529.72972972973,1.28957918527964,583300.0,23.85721492767334,3.1256611660116222,24.04448743222257,1787.8645824609716,27.631021114745103,3.855277626273294,10.054081760151853,2.7778265057816123,3.8316878487461774,20,1,True,42,
permABC-SMC,32081.08108108108,1.2952943879204826,593500.0,23.96294617652893,3.094878428865472,24.04583155450809,1760.5164464070408,27.63102111474516,3.764606509840783,10.053248528182662,2.7372956717600667,3.8026419778676144,20,1,True,42,
permABC-SMC,47929.6875,1.883422993123532,613500.0,24.1078143119812,3.0642539625113847,24.013087597138984,1721.5982744446994,27.631021114722103,3.658198341498106,10.038712370949728,2.6891227371356514,3.745007110255448,20,1,True,42,
permABC-SMC,42000.0,1.6099187007463311,632520.0,24.245375633239743,3.0389721069623743,24.00658079830246,1702.5653935401306,27.631021114721328,3.582937944293458,10.039044162105654,2.6583996990361243,3.718511327184404,20,1,True,42,
permABC-SMC,40160.49382716048,1.5496005982528496,650600.0,25.103529691696167,3.008040708615172,24.00605582451385,1669.1265797292126,27.631021114741674,3.550170796516212,10.03225012718882,2.6255533457702227,3.694441036274089,20,1,True,42,
permABC-SMC,39607.3546856465,1.546769478708541,667780.0,26.078533411026,2.972636092951615,24.001431576227027,1646.4785285066298,27.631021114741102,3.485239757396944,10.031489044091442,2.590073244027473,3.665907067176146,20,1,True,42,
permABC-SMC,39225.91743119266,1.5495420595921507,684100.0,27.02401351928711,2.949626849954392,23.99249396591497,1611.4200497318188,27.63102111474031,3.405410201395366,10.01938198596801,2.549685236569613,3.63789522590097,20,1,True,42,
permABC-SMC,39171.33258678611,1.5692748521503648,699600.0,28.02724885940552,2.9198018799992305,23.99164627082708,1586.7951385049892,27.631021114740044,3.3409315515755416,10.016154684998597,2.5139357470427104,3.6176723488123,20,1,True,42,
permABC-SMC,39596.45232815964,1.608452881519123,714320.0,29.01648998260498,2.882680890043743,23.98537541440128,1564.603800921556,27.63102111473955,3.2708684939397523,10.011778385153985,2.4800842320886725,3.591368195876087,20,1,True,42,
permABC-SMC,39972.55762897915,1.6476604731755513,728300.0,30.020373821258545,2.8587718823917947,23.98826195459836,1531.8499134284516,27.63102111473989,3.2025044947613104,10.003931115927983,2.4434938084689954,3.564872353851501,20,1,True,42,
permABC-SMC,40479.2576419214,1.6932377388383624,741580.0,31.0201153755188,2.8332870135766868,23.99650972194219,1502.8107274396436,27.631021114761385,3.129870419361308,9.998736319113515,2.4114384946596497,3.536461106468891,20,1,True,42,
permABC-SMC,41032.64417845483,1.741156899760415,754180.0,32.00246381759644,2.806718348539408,23.99451702702637,1487.3614157732318,27.631021114761257,3.0616940485657227,10.00155546126863,2.3745126346243013,3.5127850189316288,20,1,True,42,
permABC-SMC,41683.351468988025,1.7958501477495756,766140.0,33.00772571563721,2.7737760563466334,23.995704685176,1468.0950801201525,27.63102111476097,3.008598555715672,10.0011867848666,2.343283525260552,3.491311285181875,20,1,True,42,
permABC-SMC,42255.43478260869,1.848053284313368,777500.0,34.00418043136597,2.7488982334781245,23.99448029618469,1441.625890190406,27.63102111476063,2.9459599567225108,9.99266778038259,2.3132677382766267,3.470256895700388,20,1,True,42,
permABC-SMC,42748.37310195228,1.8978362098950363,788280.0,34.99609971046448,2.722005676336652,23.99418927083548,1422.7542576727951,27.63102111478132,2.899186022824198,9.991424534720789,2.2777328052137045,3.4416682436708124,20,1,True,42,
permABC-SMC,43209.95670995671,1.94736316606596,798520.0,35.987271308898926,2.6865477385448844,24.004675292230587,1409.1506439623183,27.631021114803044,2.852032516706642,9.9984698710849,2.251009893975179,3.422717280757535,20,1,True,42,
permABC-SMC,64248.0376766091,2.8392514029701985,818520.0,36.17206287384033,2.6638023887408457,23.96363589303052,1431.8468704947747,27.63102111455318,2.8271573274451063,10.042413379125849,2.2233255222660104,3.404544276313285,20,1,True,42,
permABC-SMC,56590.54054054054,2.454719994519208,837540.0,36.32985591888428,2.648430721520953,23.96669135869956,1415.274622134368,27.63102111455344,2.784656514086698,10.043764129956498,2.195603216474812,3.382036609826506,20,1,True,42,
permABC-SMC,52490.79754601228,2.231578271081843,855600.0,36.37472581863403,2.625434654894645,23.971830107828268,1393.3748871701505,27.631021114553363,2.724254643541955,10.04263406380739,2.164491747952152,3.3615206521781262,20,1,True,42,
permABC-SMC,51519.48051948053,2.154469884131566,872740.0,36.49671983718872,2.591779602862744,23.98609706199287,1373.3892637493902,27.631021114574885,2.670673336862878,10.045515376179754,2.135076175915139,3.340591923645152,20,1,True,42,
permABC-SMC,51034.443168771526,2.1053181997533508,889020.0,36.67464303970337,2.562083427475446,23.986414964727743,1360.958928103424,27.63102111457442,2.6257371065717923,10.04948926853379,2.111473320568233,3.3249618108766223,20,1,True,42,
permABC-SMC,51042.88939051919,2.078686597384933,904480.0,36.83432650566101,2.536541136306832,23.982805788255725,1352.6528490821097,27.63102111457452,2.5908483994532814,10.054404842128944,2.085943399668097,3.309180390565872,20,1,True,42,
permABC-SMC,51064.444444444445,2.053757813241747,919160.0,36.96764063835144,2.5099164227773865,23.979863312723165,1336.3766238456758,27.6310211145946,2.5660462801998483,10.05044789611372,2.066706689614948,3.292666571409124,20,1,True,42,
permABC-SMC,51552.4861878453,2.0524863775263835,933100.0,37.15000343322754,2.490140568161585,23.974476233658017,1317.1406747984663,27.631021114593725,2.5228980759004505,10.043705835750846,2.0416930058698264,3.2700403910797,20,1,True,42,
permABC-SMC,51939.62678375412,2.0486469980652324,946340.0,37.326348304748535,2.466246572174363,23.983666545675305,1306.3963023471697,27.631021114594247,2.4871580046495168,10.047458072801485,2.022284279563331,3.2580430751676475,20,1,True,42,
permABC-SMC,52284.62377317339,2.042660510397009,958900.0,37.46239376068115,2.450367040708082,23.99003913663289,1284.1812290573496,27.63102111459437,2.441473343860804,10.040757446202225,1.998757708183189,3.2420216527809687,20,1,True,42,
permABC-SMC,52761.95652173912,2.044523850731227,970820.0,37.61923885345459,2.427574008696035,23.9955443252192,1267.9701755081555,27.63102111463607,2.4125917907647194,10.039346524178177,1.9773651320232664,3.2281192670420973,20,1,True,42,
permABC-SMC,53319.21824104234,2.0505148864853786,982140.0,37.77048420906067,2.403945941788754,24.001362827680506,1246.864832132293,27.63102111463665,2.367937519511989,10.032638501486575,1.9545886609462155,3.2132368299163243,20,1,True,42,
permABC-SMC,53902.28013029316,2.0603379778701503,992880.0,37.95142555236816,2.385207430899824,24.0050233315235,1230.4711425237597,27.631021114657383,2.333664181458268,10.030640091704878,1.9370754162107944,3.197348640280927,20,1,True,42,
permABC-SMC,54456.02605863192,2.0688044778946035,1003080.0,38.1073784828186,2.3675000639041763,24.01727160427358,1220.618874027717,27.63102111469955,2.3100350098171374,10.03591544007456,1.914775591212624,3.1805995923081154,20,1,True,42,
permABC-SMC,79555.2099533437,2.977046588345968,1023080.0,38.28481912612915,2.3420611242621643,23.988780973157336,1216.6678995652358,27.631021114638333,2.2340170560401096,10.04270455827024,1.9113786309964969,3.1702879159568127,20,1,True,42,
permABC-SMC,70794.83695652174,2.6119838266269024,1042100.0,38.448401927948,2.3233539244337367,23.99262703279165,1202.569715373488,27.631021114658907,2.197943652750124,10.041320291837382,1.8889589857803109,3.158797824177225,20,1,True,42,
permABC-SMC,65441.97530864196,2.385132827876526,1060160.0,38.63915181159973,2.3024825318712905,23.990736218612444,1191.4896623136965,27.6310211146583,2.164125006189896,10.039355327299756,1.8721369729994244,3.1455720907240594,20,1,True,42,
permABC-SMC,63370.58823529411,2.283749776728013,1077300.0,38.82374620437622,2.2874035309726164,23.98791863768647,1183.784507155551,27.631021114658104,2.125768580666283,10.041036947516377,1.8533538714372635,3.1307232436542622,20,1,True,42,
permABC-SMC,63359.21205098495,2.2595904655279737,1093580.0,39.00053143501282,2.2710155106782346,23.98854029072919,1175.403452470482,27.63102111467832,2.094860263223572,10.042757123049254,1.8357775723191216,3.12074562734391,20,1,True,42,
permABC-SMC,63085.32423208191,2.228275799235929,1109040.0,39.17308855056763,2.254930640544256,23.977834257326844,1162.6670673352464,27.63102111467748,2.070907117379964,10.039559318746551,1.819682539286213,3.108476434372245,20,1,True,42,
permABC-SMC,62847.87472035794,2.2002649120569764,1123720.0,39.340736627578735,2.233801531531686,23.975329246681344,1149.8316018547016,27.63102111467711,2.0397349025040925,10.03528833034364,1.8029694578009057,3.099753637720651,20,1,True,42,
permABC-SMC,62993.355481727565,2.186696988799643,1137660.0,39.49174761772156,2.2158077800477978,23.99346781267813,1147.4224344046024,27.63102111467876,2.0142154123646305,10.051879054235537,1.7891313334357306,3.0925893531207813,20,1,True,42,
permABC-SMC,63236.26373626374,2.1797267683259736,1150900.0,39.67102718353272,2.20345839339802,23.990596379533912,1140.0914122106124,27.631021114678656,1.987981466463335,10.05471877619965,1.7719785833755313,3.0833052922707616,20,1,True,42,
permABC-SMC,63856.20197585072,2.1864039052592674,1163460.0,39.83627915382385,2.1893754061893,24.00403826035085,1131.409754300883,27.63102111467989,1.9632277831962868,10.062583919743162,1.7582257961740908,3.074356771663433,20,1,True,42,
permABC-SMC,64298.687089715546,2.1871229751887413,1175380.0,39.9806079864502,2.176066833711926,24.007039685352947,1119.840266891495,27.631021114679825,1.95017275325857,10.060985571714935,1.7454956541799165,3.0643917998933987,20,1,True,42,
permABC-SMC,64776.20087336244,2.18448395552073,1186700.0,40.01974606513977,2.163768418495136,24.01523076678111,1102.7113876984713,27.631021114701383,1.9329369370271776,10.053740850768593,1.73257405845603,3.054618786675844,20,1,True,42,
permABC-SMC,65291.166848418754,2.183711645777379,1197440.0,40.04927158355713,2.1511872212631227,24.02523373869792,1089.956558848188,27.63102111474345,1.91170505732095,10.051245503923168,1.7168144529165303,3.045672130347904,20,1,True,42,
permABC-SMC,65775.59912854031,2.189399616910481,1207640.0,40.19737696647644,2.1353086057577766,24.02675797916782,1080.8598655401283,27.631021114743103,1.8874827164033623,10.04988451087384,1.7002538494948802,3.037159989821946,20,1,True,42,
permABC-SMC,98684.88745980708,3.2450981845426408,1227640.0,40.36902141571045,2.119701811723818,23.928719429738425,1072.0150978010006,27.6310211145915,1.7868106204629677,10.037742728324126,1.6585315792431294,2.99580815391674,20,1,True,42,
permABC-SMC,86934.44909344491,2.8285138776611585,1246640.0,40.56088900566101,2.102005321128895,23.93793662841397,1065.831803526176,27.63102111461264,1.755336917201945,10.0446563948849,1.6416543949282665,2.988561501158642,20,1,True,42,
permABC-SMC,81592.25806451614,2.627902400109076,1264680.0,40.732487201690674,2.0911701000652765,23.938068871650053,1055.6543748301433,27.63102111461326,1.7343032543469783,10.043567696306038,1.6311860238574112,2.9810927103707723,20,1,True,42,
permABC-SMC,77779.12621359223,2.482065052083396,1281800.0,40.90443205833435,2.077593501177187,23.94754829930428,1050.5776881567615,27.631021114613866,1.710142926546465,10.0522421209116,1.6138517143576094,2.97366467477002,20,1,True,42,
permABC-SMC,76266.74500587543,2.406027118131501,1298060.0,40.95058155059815,2.064002902300134,23.9564675644584,1038.166125275333,27.63102111463513,1.681011108063681,10.050854444522836,1.6007063121788725,2.964963894141898,20,1,True,42,
permABC-SMC,75488.50574712644,2.355547869342497,1313500.0,40.98653292655945,2.0500556909026666,23.96149461097196,1028.3890840412707,27.63102111463541,1.6616911189013526,10.049368381582337,1.5874907212043348,2.9549642211189484,20,1,True,42,
permABC-SMC,74783.78378378379,2.3160869876543684,1328160.0,41.13370490074158,2.038842994051405,23.965957436517243,1021.252840703152,27.63102111463585,1.637614077207689,10.051615311687842,1.5779914667897994,2.947066948496116,20,1,True,42,
permABC-SMC,74726.0579064588,2.2997665378723484,1342080.0,41.30380702018738,2.027795938786749,23.974509696887253,1013.9414139344937,27.631021114657027,1.618265404227777,10.06084691304279,1.5627271352600665,2.936124271040732,20,1,True,42,
permABC-SMC,75045.4042081949,2.2955269248514605,1355320.0,41.45721626281738,2.0147776007198352,23.973310123651736,1003.9918482530904,27.63102111465661,1.590161761918223,10.05771997799676,1.548515721359038,2.926509578713905,20,1,True,42,
permABC-SMC,75573.48066298343,2.292704226562331,1367880.0,41.4979465007782,2.003380644548536,23.9629662205021,998.9675778921064,27.631021114655745,1.5675530483087887,10.058391498553169,1.5355661268168754,2.9193556828532827,20,1,True,42,
permABC-SMC,75896.5896589659,2.290461165676809,1379800.0,41.6405839920044,1.986348187222776,23.966843917473103,993.9028579966582,27.631021114676624,1.541463882148021,10.06478665808006,1.5189871827583468,2.909097831787874,20,1,True,42,
permABC-SMC,76435.16483516485,2.2958318217770084,1391120.0,41.78413915634155,1.9716421126947203,23.964674871246924,986.2921073694972,27.63102111467628,1.5192321993560367,10.062123388315795,1.5060244057600454,2.8996474791856794,20,1,True,42,
permABC-SMC,76940.72447859494,2.3032279490901137,1401860.0,41.96481323242188,1.9570689818694509,23.969630917118018,978.661301784198,27.63102111469748,1.4981922112391275,10.061145305780826,1.49335926412786,2.889941128068048,20,1,True,42,
permABC-SMC,77415.57017543858,2.303104808456019,1412060.0,42.00863170623779,1.944891650038745,23.975792233366462,972.7801165052632,27.631021114697983,1.4809609079858583,10.066037431353733,1.4790521226623428,2.881497500872061,20,1,True,42,
permABC-SMC,113836.2480127186,3.353296952331009,1432060.0,42.1844756603241,1.9327468186751744,23.97450865940698,968.8573123344092,27.63102111461657,1.445673824646716,10.06426373641992,1.4634459535271278,2.8680556006770628,20,1,True,42,
permABC-SMC,99797.79917469052,2.913414431733311,1451060.0,42.36104583740234,1.9234164964926188,23.967704051310783,960.5294078135918,27.631021114615788,1.4235232358740046,10.05894148539554,1.4510875482640062,2.856300718884515,20,1,True,42,
permABC-SMC,94173.07692307692,2.725873925747015,1469100.0,42.52363324165344,1.911066201323818,23.96367727924082,953.802977374444,27.63102111461508,1.4040772811917217,10.055266959118685,1.4410753963706138,2.848673483765644,20,1,True,42,
permABC-SMC,91516.00985221674,2.628264198162285,1486220.0,42.68301057815552,1.897999375656173,23.976160786950523,945.3124618297128,27.631021114637523,1.3893110137666418,10.057236978522486,1.429098807579243,2.8434745382283624,20,1,True,42,
permABC-SMC,90620.02412545234,2.584159101019148,1502480.0,42.84535789489746,1.8835981910937625,23.970624915944487,935.5909857559571,27.63102111463682,1.370943130460841,10.050005133369716,1.4162726481663837,2.8362275559161563,20,1,True,42,
permABC-SMC,88873.53629976581,2.5653218497157937,1517960.0,43.81569719314575,1.875179961241081,23.97367992703151,932.0510138285802,27.631021114636685,1.3497418532898926,10.0536921517239,1.4033461426412108,2.8285308641590285,20,1,True,42,
permABC-SMC,88083.908045977,2.575247931754452,1532660.0,44.809314012527466,1.8621469016545984,23.98085418277332,920.6794864726952,27.63102111463676,1.3270672544001538,10.047661863637831,1.3909580529575656,2.817272362634516,20,1,True,42,
permABC-SMC,87976.10921501706,2.6065098683310586,1546620.0,45.82244348526001,1.8521033875026107,23.983825390452147,917.1913280040208,27.631021114636614,1.3056465659192165,10.05264035567514,1.3797089265015576,2.81085764593454,20,1,True,42,
permABC-SMC,88228.50678733032,2.6503443583104405,1559880.0,46.85808825492859,1.8399467398063405,23.994902250715068,906.3957382259132,27.63102111465832,1.2942885729464926,10.046490223660458,1.3673283670394063,2.8024269378900057,20,1,True,42,
permABC-SMC,88639.23337091318,2.6979814656288803,1572460.0,47.86219120025635,1.829444951046676,23.99855439135809,900.7804641663712,27.63102111465839,1.2798253115975498,10.048147750703984,1.355579694477502,2.798003681064785,20,1,True,42,
permABC-SMC,88712.20604703248,2.7374275587707726,1584400.0,48.890456199646,1.817814307027175,24.004206112435245,892.1082427548083,27.63102111467929,1.2596609478737455,10.044886262116108,1.343481534731234,2.788964214852003,20,1,True,42,
permABC-SMC,89147.48603351956,2.786791484449163,1595740.0,49.883567571640015,1.8093951254694152,24.003477346343445,889.4449402217896,27.631021114679168,1.2419206648414611,10.051831289333482,1.3324234868378837,2.7830704287006194,20,1,True,42,
permABC-SMC,89548.49498327759,2.837173436397693,1606500.0,50.89889144897461,1.800552433787472,24.00147470544488,885.6157538255402,27.63102111469989,1.2223086368101577,10.055091551888772,1.3187814574235903,2.774319674791213,20,1,True,42,
permABC-SMC,90017.81737193764,2.8889507785406305,1616720.0,51.88555598258972,1.7904937389497486,24.01333433756241,876.643751905714,27.631021114721023,1.2052210709788151,10.05181824276282,1.3067288957959335,2.76715771279362,20,1,True,42,
permABC-SMC,135490.06622516556,4.310401484666281,1636720.0,52.06964993476868,1.7806540643007431,24.03096624242169,856.8718620784759,27.63102111476527,1.1499024028734364,10.049691857450885,1.2903821725968538,2.7552935861370287,20,1,True,42,
permABC-SMC,120856.93430656932,3.814203495526835,1655740.0,52.25458788871765,1.770749798279144,24.03057200048908,852.981168945219,27.631021114764835,1.132309337214649,10.054799615468308,1.2780305814851232,2.748196818157718,20,1,True,42,
permABC-SMC,111291.22340425532,3.477728699750089,1673820.0,52.30503964424133,1.7618717068221093,24.023964808957217,844.1063197790689,27.631021114764923,1.1132621422556443,10.050296416986168,1.2661002943214643,2.742187085510826,20,1,True,42,
permABC-SMC,106888.74841972186,3.3708232241846368,1690980.0,53.32642340660095,1.7496075008750986,24.01764586255289,836.0334893207728,27.63102111476445,1.0946975098900014,10.044005432407548,1.2542538691184284,2.7356454703055566,20,1,True,42,
permABC-SMC,103597.08737864078,3.2977994495225182,1707280.0,54.3477349281311,1.7370275783832674,24.01759924811397,831.7101451904032,27.63102111476457,1.077990101619621,10.04527398704124,1.246968751982091,2.732264786147839,20,1,True,42,
permABC-SMC,101579.00943396227,3.213119422489742,1722780.0,54.494505405426025,1.725368277996084,24.01565661724836,827.7870348488614,27.631021114764216,1.0617389796212788,10.046394890289374,1.236909073112487,2.726109908670705,20,1,True,42,
permABC-SMC,101135.0407450524,3.183330964986604,1737500.0,54.68962597846985,1.7179492345810072,24.020566473664964,826.2294730675167,27.631021114764405,1.0456511277408709,10.0564372969573,1.2278464437607632,2.722615617717625,20,1,True,42,
permABC-SMC,100544.20206659014,3.1490921426722704,1751480.0,54.85718512535095,1.710251520858733,24.02041378377489,821.8588287147923,27.63102111476448,1.028907931072802,10.060014575681675,1.217149292791088,2.7155392200681017,20,1,True,42,
permABC-SMC,100384.52787258248,3.1293694883483263,1764760.0,55.01431560516357,1.7011746749490289,24.019780746442063,817.1920577067486,27.63102111476416,1.0140892120414384,10.060697235958628,1.2087724988258106,2.712252881477718,20,1,True,42,
permABC-SMC,100643.26160815402,3.124030948630276,1777360.0,55.17038655281067,1.693335675730024,24.02757660430823,809.0510313125433,27.631021114764525,0.9945790839723688,10.05676944972315,1.1942517157527426,2.7039825772364825,20,1,True,42,
permABC-SMC,100750.0,3.115367983375584,1789320.0,55.328935384750366,1.6840740294897114,24.035936745397564,805.5623730678711,27.63102111478587,0.9796019150316092,10.064991483453142,1.185036600729974,2.699222242581837,20,1,True,42,
permABC-SMC,100709.17225950782,3.103053743140543,1800680.0,55.482600927352905,1.6699793177501971,24.03227310137149,798.7838398128296,27.63102111478547,0.966670855390092,10.059366243309611,1.176734554632398,2.694281875652895,20,1,True,42,
permABC-SMC,100748.60956618463,3.088068471469391,1811460.0,55.52347111701965,1.661277157605512,24.037589436430142,795.1981225622827,27.63102111478602,0.951412300210046,10.065056939108262,1.164683123318605,2.6893763012539096,20,1,True,42,
permABC-SMC,101318.13125695215,3.095940832831836,1821700.0,55.665016174316406,1.647023566620001,24.03884126900525,792.476750877496,27.631021114785906,0.9378171313253778,10.067252263518224,1.1556373755494171,2.685398433713855,20,1,True,42,
permABC-SMC,158493.97590361445,4.805409477417728,1841700.0,55.838858127594,1.6364070280113452,24.04271450815521,796.6016088502726,27.63102111478824,0.9082497408834488,10.094391033577336,1.1419813235779368,2.685137614890173,20,1,True,42,
permABC-SMC,137422.45199409156,4.136180032479357,1860700.0,56.00387763977051,1.6242564632289238,24.041136324438487,789.783518798745,27.631021114787966,0.8950247322975103,10.090082876109836,1.1331717969384996,2.680411608753501,20,1,True,42,
permABC-SMC,127113.66711772668,3.800115807937188,1878740.0,56.165711641311646,1.6179953576190589,24.045537424952503,783.2382611823356,27.631021114788016,0.883994680836568,10.08638355408508,1.126152089129541,2.677030542725065,20,1,True,42,
permABC-SMC,121529.48717948716,3.609617490034836,1895860.0,56.31003284454346,1.609028801125637,24.063937074373897,779.7166691854964,27.63102111483058,0.8679603018151866,10.097354192658049,1.1151929706843593,2.673214731901476,20,1,True,42,
permABC-SMC,118765.21739130434,3.50946139104618,1912120.0,56.50232839584351,1.595471850457792,24.05951293654413,775.5381879659507,27.63102111482993,0.856218627493513,10.0980683584555,1.108016407221912,2.671536107329153,20,1,True,42,
permABC-SMC,116823.0303030303,3.42743207469131,1927580.0,56.552629232406616,1.587247956868372,24.06764495327857,769.9600114152154,27.63102111483024,0.8406765801410293,10.099597069479657,1.09796878166104,2.6665981421641614,20,1,True,42,
permABC-SMC,116163.87559808612,3.3901860982037046,1942260.0,56.68391156196594,1.5757160241758266,24.06840525663906,766.3743014017809,27.6310211148302,0.828923098395971,10.100849706007336,1.0902552972005188,2.661417222993748,20,1,True,42,
permABC-SMC,115071.76470588236,3.3439474246081184,1956220.0,56.84710621833801,1.5669207052062917,24.059105267443663,760.3056514820055,27.631021114829466,0.8161983533076226,10.094551365859468,1.0828806739294654,2.654996768679697,20,1,True,42,
permABC-SMC,114639.11525029104,3.3179737636179807,1969500.0,57.00278925895691,1.5586853087377657,24.073128851475115,759.3398395137125,27.631021114830776,0.8052727367011719,10.10685556828516,1.0739370003253244,2.652494988014616,20,1,True,42,
permABC-SMC,113913.79310344828,3.284769195249711,1982100.0,57.15498399734497,1.5507334791861902,24.077044769235705,756.7651174253242,27.631021114831025,0.7929442931574787,10.112373865048362,1.0656025756297316,2.6511339843399035,20,1,True,42,
permABC-SMC,114208.47651775488,3.3286655481738325,1994080.0,58.11850047111511,1.5427616319885262,24.08959846557565,753.6264438596479,27.63102111487344,0.782451538369888,10.11625085710878,1.0572235510226524,2.6447607734234584,20,1,True,42,
permABC-SMC,114597.71428571428,3.3796084403991697,2005460.0,59.143147706985474,1.534240647285582,24.09406578365716,753.6535895585239,27.631021114873867,0.7735413618993829,10.126970699052832,1.051383520973062,2.642942282999495,20,1,True,42,
permABC-SMC,115214.85714285714,3.4467143876211983,2016260.0,60.31750178337097,1.5259286381821164,24.097560864814064,748.3536325893326,27.63102111487424,0.7650022932360566,10.12155720617278,1.0432432965402876,2.636908052753164,20,1,True,42,
permABC-SMC,115537.05815279362,3.49579363075874,2026520.0,61.3162202835083,1.519080414269503,24.09587623329987,745.1988425121579,27.63102111487437,0.7563788198849893,10.122645104575769,1.0360218651260096,2.635089831560282,20,1,True,42,
permABC-SMC,179834.79789103696,5.407078404418195,2046520.0,61.53255224227905,1.5111188734102043,24.06266765636188,740.0142464850214,27.631021114788545,0.7206053273657266,10.122631408286134,1.0199278670608931,2.629669162313174,20,1,True,42,
permABC-SMC,158400.30674846625,4.734020236811023,2065540.0,61.73162388801575,1.5012462422499122,24.05758812554463,738.5871313005505,27.63102111478807,0.7075372303231255,10.127045053269118,1.0129887721368316,2.6266839946318474,20,1,True,42,
permABC-SMC,146115.00701262272,4.341128932476713,2083600.0,61.90449857711792,1.4935928625286066,24.064920775320207,735.9398629774246,27.63102111480872,0.6992643015339816,10.132097826662386,1.0069820292352585,2.6245611238956097,20,1,True,42,
permABC-SMC,140611.78045515396,4.155127351063801,2100740.0,62.07760262489319,1.487190499647034,24.070352516798888,735.714237723522,27.63102111480889,0.6882864463482196,10.142574585458824,0.9981643963212278,2.620612004192906,20,1,True,42,
permABC-SMC,136581.93548387097,4.008008618508615,2117020.0,62.124133586883545,1.4790422894981434,24.07884895700113,730.9232702062948,27.63102111483045,0.6800881746644949,10.14304278017106,0.9924117069920896,2.61793757597808,20,1,True,42,
permABC-SMC,132947.63092269326,3.882271735150915,2132480.0,62.27163863182068,1.471622328843042,24.071840614097106,728.6302832228924,27.631021114830325,0.6735119104608362,10.143652017677203,0.9868171923332631,2.6175605873131724,20,1,True,42,
permABC-SMC,130288.83495145632,3.788250149453728,2147160.0,62.43036246299744,1.46336677677483,24.07077168565944,726.9141342493303,27.631021114830155,0.6643645323485827,10.147742335806845,0.9784731093176684,2.619491637451314,20,1,True,42,
permABC-SMC,129407.18562874252,3.741066912691037,2161100.0,62.47581744194031,1.455565636584071,24.07574045550293,723.076765663805,27.63102111483017,0.6565225337529046,10.147785937041302,0.9715659396860508,2.6167175781581875,20,1,True,42,
permABC-SMC,129271.10582639714,3.723055131370191,2174340.0,62.621787309646606,1.4481570027851438,24.08196129026834,715.4341090768867,27.6310211148304,0.6475519637383031,10.137436878212808,0.963989137700495,2.611786422822969,20,1,True,42,
permABC-SMC,128792.6972909305,3.690263688634506,2186900.0,62.66067743301392,1.438282612144479,24.090979389440623,712.5526299439314,27.631021114830776,0.6406350543076141,10.139413333671945,0.9587703604058572,2.6103063731631475,20,1,True,42,
permABC-SMC,128887.45603751464,3.6812567906530633,2198820.0,62.80224084854126,1.4340315700533102,24.083697282136303,707.7993771660404,27.63102111483009,0.6298758981699571,10.134108057563337,0.9509416920927464,2.6058391514522583,20,1,True,42,
permABC-SMC,128347.2706155633,3.655336888963476,2210140.0,62.94490122795105,1.4264148041981437,24.08903078972335,707.9676834719018,27.63102111483035,0.6237575428891603,10.143309331278996,0.945886863316906,2.604749138877102,20,1,True,42,
permABC-SMC,128226.32794457274,3.6425028056525743,2220880.0,63.08814859390259,1.4197428232049163,24.09655147934703,701.7292085936067,27.63102111483052,0.6162156784340991,10.135698262510887,0.937102899761258,2.599256616188492,20,1,True,42,
permABC-SMC,128370.5408515535,3.632187719860889,2231080.0,63.12742257118225,1.415089386987051,24.098695139930115,698.8715047785009,27.631021114851688,0.6082557647537741,10.13872184091935,0.9272499435601402,2.596593240769276,20,1,True,42,
permABC-SMC,200989.28571428568,5.651474807943616,2251080.0,63.296517848968506,1.407284053500023,24.0876202203463,697.1431677332407,27.63102111483132,0.5838271112828127,10.142192004809084,0.9203518225989766,2.595453250908289,20,1,True,42,
permABC-SMC,177627.5430359937,4.965259267690595,2270080.0,63.456013441085815,1.4018477223876775,24.109161043049014,695.23740593878,27.63102111485328,0.57648728353092,10.151400827431605,0.9124999457511724,2.59285813567124,20,1,True,42,
permABC-SMC,163906.87679083098,4.548861321200614,2288140.0,63.50210404396057,1.3960492527043016,24.101715994995526,693.2251966882195,27.631021114852683,0.5697045564315779,10.15082695390318,0.9061084284926488,2.592126180671379,20,1,True,42,
permABC-SMC,155976.9959404601,4.363179916619287,2305340.0,64.48779916763306,1.3916269379174782,24.10885372507041,690.6151225170042,27.63102111485317,0.5640001040636966,10.153528921277204,0.903038343286402,2.593730014525998,20,1,True,42,
permABC-SMC,151743.79084967318,4.281038832820319,2321680.0,65.49989414215088,1.3853645959817795,24.106911259023363,687.6402195839596,27.631021114852803,0.5573641497944204,10.153004447033242,0.8972459892354878,2.590563129771412,20,1,True,42,
permABC-SMC,149056.1224489796,4.233353463362675,2337200.0,66.37898230552673,1.378085893441478,24.110535737687133,685.6628619839128,27.63102111485335,0.5515582906436163,10.154346137086357,0.8909841071284557,2.5865858692266346,20,1,True,42,
permABC-SMC,146629.67581047383,4.204429414801466,2351940.0,67.43904781341553,1.3737415960268,24.1236835949244,686.6295375237662,27.63102111485481,0.5465612939740792,10.168945448830716,0.8860039799989268,2.5856905327748447,20,1,True,42,
permABC-SMC,145685.960591133,4.215817278241876,2365940.0,68.46487259864807,1.3689600378483906,24.12336738442026,683.4399536046216,27.631021114854686,0.5394813217251666,10.169240378799408,0.8795358719816792,2.5811428974510835,20,1,True,42,
permABC-SMC,143847.6420798065,4.201249243126239,2379240.0,69.48866248130798,1.361581631610399,24.1310500843228,681.02076127133,27.63102111485534,0.5335299686369337,10.172222211886805,0.8739989775469843,2.5790817368662733,20,1,True,42,
permABC-SMC,144610.64087061668,4.263567001960874,2391860.0,70.51939821243286,1.3567575004107373,24.1335491648667,679.4815928035398,27.63102111485523,0.5284783327453076,10.175537713082903,0.8668635295959009,2.57719910064835,20,1,True,42,
permABC-SMC,143942.51497005988,4.23420787571433,2403840.0,70.71127152442932,1.3497588777249114,24.140549753742658,672.6904282241105,27.63102111487608,0.5202688105607632,10.166061720389704,0.8588784841302136,2.570875553749574,20,1,True,42,
permABC-SMC,143081.75355450236,4.191726234286882,2415220.0,70.75633883476257,1.344586890798254,24.149291008421145,669.6808883190654,27.63102111487645,0.5141595279236454,10.169310068748072,0.8521732626711926,2.5700080033925907,20,1,True,42,
permABC-SMC,142875.1472320377,4.176025592817434,2426020.0,70.90891456604004,1.3390425712038396,24.16091092951809,667.4331601604222,27.63102111487727,0.509325388635508,10.17547265471549,0.8475974699767409,2.5717759234144286,20,1,True,42,
permABC-SMC,143143.36075205638,4.225210997808975,2436300.0,71.91309118270874,1.3328248695340152,24.16539201351742,667.300882425783,27.63102111489861,0.5049672993810775,10.181773921011596,0.8442864461411741,2.572454855571155,20,1,True,42,
permABC-SMC,226178.63720073664,6.642469033790995,2456300.0,72.13721370697021,1.3247779010192606,24.16230379703424,664.4903553812064,27.631021114860268,0.4849221731367801,10.18475781065387,0.8360908628288506,2.573346236211757,20,1,True,42,
permABC-SMC,200266.99029126213,5.850521106164432,2475300.0,72.31244087219238,1.317887315429021,24.16389354140348,661.8180314069482,27.63102111486058,0.4818166302675658,10.183979107725415,0.8354138551055053,2.572476682437745,20,1,True,42,
permABC-SMC,184693.3333333333,5.36880530251397,2493360.0,72.4788715839386,1.3118803725807602,24.164151283435988,659.3601825500173,27.63102111486035,0.4741426346610821,10.184338923883267,0.826859521949346,2.57002753980289,20,1,True,42,
permABC-SMC,178302.55681818185,5.150819739157504,2510500.0,72.52354192733765,1.308550426010771,24.168700198302524,656.1227742203148,27.631021114860395,0.4699656341915043,10.183501147213333,0.8206960411132325,2.566788725794484,20,1,True,42,
permABC-SMC,174020.6611570248,5.0072436818735,2526780.0,72.70517826080322,1.3019642890644725,24.17606921396556,655.8507305762372,27.631021114861348,0.4650484128670549,10.190793649323492,0.8155100524019151,2.5681091296049834,20,1,True,42,
permABC-SMC,171772.972972973,4.915313205203495,2542240.0,72.74663543701172,1.2966502124027794,24.17204434554388,653.7751684240698,27.63102111486063,0.4600287069628541,10.188675343866846,0.8075340132570152,2.5649963162921234,20,1,True,42,
permABC-SMC,167998.68593955322,4.782072629941121,2556940.0,72.78314542770386,1.2923654055872569,24.161805644215548,653.9865885956278,27.63102111485968,0.4572070776893682,10.19219401498891,0.807099564790008,2.565773301568679,20,1,True,42,
permABC-SMC,165650.7731958763,4.699859192076418,2570900.0,72.941814661026,1.2895830462558937,24.173933075971743,653.7309855391709,27.63102111488055,0.4536073121278141,10.202605577065883,0.8009271632811226,2.566206739911685,20,1,True,42,
permABC-SMC,162321.608040201,4.583938831660016,2584160.0,72.97630620002747,1.285187353834623,24.167471890950807,650.7230095085881,27.63102111487996,0.4492618479152286,10.198621865332653,0.7962126638037513,2.5628657230088816,20,1,True,42,
permABC-SMC,161691.15815691158,4.546036711368584,2596760.0,73.00934958457947,1.2809237776369045,24.16295890098212,647.6661680782838,27.63102111487925,0.4427427846277582,10.195610210924007,0.7905710588622767,2.558717461025174,20,1,True,42,
permABC-SMC,161630.73110285006,4.53236968691612,2608720.0,73.15244674682617,1.275188924037201,24.151025354785013,644.3980042532655,27.631021114878365,0.434714928208458,10.190747135190326,0.7831834836347791,2.553248598152272,20,1,True,42,
permABC-SMC,161136.53136531365,4.500937857751038,2620080.0,73.18524956703186,1.2691230188776386,24.162876612246546,642.0466266167067,27.631021114899543,0.4297470255526532,10.191388599961986,0.776300061985755,2.551517568114073,20,1,True,42,
permABC-SMC,160810.51344743275,4.475288475638205,2630860.0,73.21571946144104,1.2650205543714772,24.16255116491087,639.4730073137741,27.63102111489925,0.4242541231242902,10.19048621640716,0.770903545198945,2.5515350691953085,20,1,True,42,
permABC-SMC,160846.52862362974,4.469180847637256,2641100.0,73.38394951820374,1.2582312890656453,24.16187027620937,637.4419165604295,27.631021114898868,0.4210845830415859,10.190779319004678,0.7685061495158929,2.5509555398372274,20,1,True,42,
permABC-SMC,238449.8207885305,6.591992886690256,2661100.0,73.56664061546326,1.2541020633771045,24.16757205687798,635.2703839023559,27.63102111491948,0.4062875032078891,10.187952640207998,0.7702060661183743,2.5503578966942486,20,1,True,42,
permABC-SMC,218610.114192496,6.07294297335004,2680160.0,74.45428085327148,1.2496149563979098,24.16485144977514,635.5051697860206,27.631021114919488,0.4022700948414694,10.194000055629331,0.765648210752128,2.549737748980293,20,1,True,42,
permABC-SMC,204723.8239757208,5.729124054018753,2698260.0,75.50985503196716,1.2462669399216324,24.161878226917818,632.3320736204191,27.63102111491936,0.3954937668474941,10.19125806868983,0.7589647776247296,2.5462188237932573,20,1,True,42,
permABC-SMC,195355.39568345324,5.446839589866803,2715440.0,75.71107029914856,1.2416290562425796,24.165355588951847,627.942272878977,27.63102111491942,0.3899984961092448,10.185930287814044,0.7523970529015995,2.5424163655522976,20,1,True,42,
permABC-SMC,188918.3955739973,5.239444814447216,2731760.0,75.76237201690674,1.2363842472413595,24.163888896980243,626.6079677523243,27.631021114919594,0.3862550696223339,10.186535408006668,0.7472124632613909,2.5393474482629808,20,1,True,42,
permABC-SMC,182179.0450928382,5.02662442090973,2747260.0,75.80149626731873,1.23241930899295,24.16223211912523,625.0836518154015,27.63102111491926,0.3827110893876889,10.185882548525289,0.7419559091174883,2.537535890208239,20,1,True,42,
permABC-SMC,177962.62886597938,4.893929887678206,2761980.0,75.95379185676575,1.227594822586606,24.158194448814942,623.8053943260643,27.63102111491888,0.3778209975179523,10.187710344430672,0.738533753769453,2.535684766479766,20,1,True,42,
permABC-SMC,177491.04859335037,4.865999904739887,2775960.0,76.10423851013184,1.2222151806784105,24.1586390715785,621.4162191770113,27.63102111491921,0.3726981140931795,10.18567358166239,0.7317850556732175,2.534069863642837,20,1,True,42,
permABC-SMC,174764.41102756892,4.77806582187949,2789240.0,76.25793051719666,1.21959544844905,24.156180187870007,618.7111456000639,27.631021114918973,0.3701608965373646,10.181770494097591,0.7279008388071817,2.534099585770967,20,1,True,42,
permABC-SMC,173596.03469640642,4.734667319495143,2801840.0,76.41753053665161,1.2148300302642647,24.16107029079209,617.6481215055449,27.63102111491908,0.366729998643227,10.18463828474274,0.7245950808965305,2.5347027563708453,20,1,True,42,
permABC-SMC,173691.35802469132,4.719792869355943,2813800.0,76.46064448356628,1.21016143978978,24.16031334054942,615.5530304022466,27.63102111491892,0.3627942753351592,10.183976178994577,0.7188487492661736,2.5339759386154914,20,1,True,42,
permABC-SMC,173322.6993865031,4.69280808981211,2825160.0,76.49277186393738,1.2065689665968202,24.146808574892848,613.9921633588153,27.631021114918163,0.358791982452709,10.18263879589653,0.7157018965977532,2.5297752323185474,20,1,True,42,
permABC-SMC,173134.31013431013,4.678735963008634,2835940.0,76.63769507408142,1.2014046906812106,24.136485402963565,613.171682660779,27.63102111491743,0.3543895015707176,10.183783931650405,0.7102017338388338,2.52778800923196,20,1,True,42,
permABC-SMC,173125.30413625308,4.663540716588933,2846180.0,76.66860938072205,1.1946861121786887,24.14420640622528,610.5196261584347,27.63102111491829,0.3531833761665036,10.18254978790644,0.7056732228202962,2.525431121013032,20,1,True,42,
permABC-SMC,271933.58633776085,7.279044717719929,2866180.0,76.72113132476807,1.1897647315136834,24.16684662680204,604.3940437827823,27.63102111494097,0.3360178023846283,10.184512835270391,0.6991702350855485,2.5299981288521907,20,1,True,42,
permABC-SMC,245340.13605442172,6.5277918869135325,2885200.0,76.76683259010315,1.184128285401948,24.18564973095211,600.0059675816526,27.631021114943444,0.3310030105274712,10.179358982167656,0.6953930081763001,2.527410868823597,20,1,True,42,
permABC-SMC,232264.0,6.153404598236084,2903300.0,76.91755747795105,1.179995701753199,24.18305884775537,596.252607805442,27.63102111494295,0.327461017930964,10.172576211068826,0.6912756030161408,2.5244489708556,20,1,True,42,
permABC-SMC,219917.1686746988,5.795143526720713,2920500.0,76.95950603485107,1.1765537575411111,24.187008641767846,593.15366193409,27.631021114963964,0.3253962090068492,10.167867678322091,0.6876574106453242,2.522282058306172,20,1,True,42,
permABC-SMC,214056.85131195336,5.684883080140495,2936860.0,77.99659585952759,1.1722163573007365,24.184618319701386,593.1386049280054,27.631021114963577,0.3225765773764048,10.173706086827988,0.6840379092563655,2.5219480150261626,20,1,True,42,
permABC-SMC,210286.3247863248,5.628623751833229,2952420.0,79.02587747573853,1.167377989256567,24.18833395830558,589.3850162035277,27.631021114963783,0.3189879220140567,10.167361846252762,0.6793572487804707,2.51750316822115,20,1,True,42,
permABC-SMC,205771.15117891817,5.548157738250437,2967220.0,80.00443458557129,1.1638166824403178,24.182848627807186,587.676805782079,27.631021114963325,0.3154891965821114,10.167429229023927,0.6746934374961743,2.51648488124731,20,1,True,42,
permABC-SMC,201437.83783783784,5.463471460986782,2981280.0,80.85937762260437,1.160605666234828,24.17898244048203,584.5983044350162,27.631021114962994,0.3110634693276531,10.162982445095723,0.6682646711848734,2.5133725846203268,20,1,True,42,
permABC-SMC,198847.2775564409,5.435524075471389,2994640.0,81.85899257659912,1.155498428195245,24.174951174538208,583.4366320289499,27.631021114962607,0.3081792006488032,10.16384067922498,0.6625945591018493,2.5131078389031813,20,1,True,42,
permABC-SMC,196300.2610966057,5.409054002936141,3007320.0,82.86670732498169,1.1506796987453094,24.18871226753029,581.1802757392883,27.631021114984936,0.3055878010441176,10.165548242449525,0.659910398012886,2.512917242451029,20,1,True,42,
permABC-SMC,195809.3385214008,5.430539031591551,3019380.0,83.73891186714172,1.1466076868597148,24.19747453429911,578.7130723257628,27.63102111498561,0.3033424816226943,10.163422902224896,0.6555536529653722,2.512122134194735,20,1,True,42,
permABC-SMC,194284.61538461532,5.43363318993495,3030840.0,84.76467776298523,1.14338185686433,24.19497377772293,576.2878096290117,27.63102111498559,0.3030156364535802,10.158651193688826,0.6531194098006325,2.5109768863034128,20,1,True,42,
permABC-SMC,193987.2448979592,5.468138489796191,3041720.0,85.74041152000427,1.140243085826997,24.207218974934392,575.487738105249,27.631021114986364,0.3003147643757162,10.164510080685984,0.6498451703220275,2.510426105377275,20,1,True,42,
permABC-SMC,192679.2929292929,5.474922392103407,3052040.0,86.72277069091797,1.1356362223558043,24.208290673923507,574.6319670224444,27.63102111498685,0.2981743227270948,10.16606385583437,0.647191771023629,2.5081575838471464,20,1,True,42,
permABC-SMC,286570.89552238805,8.094829832439991,3072040.0,86.77657580375671,1.132851103885694,24.183767554383813,578.2612185022087,27.631021114944645,0.2806389224992311,10.18727252418134,0.6380913326029913,2.5066816687526057,20,1,True,42,
permABC-SMC,262845.23809523805,7.394608551142167,3091060.0,86.96059656143188,1.1274521051242403,24.17797519957972,576.9844125241247,27.63102111494404,0.2776989513320036,10.184300121143412,0.6338995203529529,2.504445089080023,20,1,True,42,
permABC-SMC,247147.85373608905,6.916106884354439,3109120.0,87.00462460517883,1.1229168863089596,24.185429590347542,576.2353206640936,27.63102111494454,0.2761393666101329,10.189689780525942,0.6304835899823755,2.50305322570343,20,1,True,42,
permABC-SMC,236839.39393939392,6.603628035747643,3126280.0,87.1678900718689,1.1179054087312623,24.184236967207266,574.5725570967484,27.631021114944804,0.2722023025356511,10.189756123718466,0.6262464722729408,2.502546900121901,20,1,True,42,
permABC-SMC,227723.18840579715,6.328293517015983,3142580.0,87.33045053482056,1.1139527369264886,24.1866022490812,573.6572522708248,27.631021114944843,0.2707948585959846,10.191185251693131,0.6232013896345351,2.50304882201747,20,1,True,42,
permABC-SMC,221773.87640449443,6.135591144642135,3158060.0,87.37081789970398,1.109546171835461,24.192439715080194,572.7001799587663,27.631021114945028,0.2693670566935088,10.194316179589809,0.6206902586929302,2.501542532010312,20,1,True,42,
permABC-SMC,217016.41586867304,5.98593883410035,3172780.0,87.51442575454712,1.1041448637808655,24.20799959974854,572.0024067769125,27.631021114967098,0.2694428381902117,10.198471563693516,0.6204005638614422,2.501188696015865,20,1,True,42,
permABC-SMC,214163.97849462368,5.883784976697738,3186760.0,87.55072045326233,1.1014776195989802,24.21010954901966,572.203351407001,27.631021114966742,0.2676224093639194,10.206239876597088,0.6158803526942979,2.499057618830128,20,1,True,42,
permABC-SMC,211642.8571428571,5.792700061722407,3200040.0,87.5856249332428,1.0961171882749985,24.208855827269257,571.5285140255035,27.631021114966767,0.2653593625300718,10.209906292063677,0.6103522406607891,2.498037103883666,20,1,True,42,
permABC-SMC,210251.30890052352,5.740844485647391,3212640.0,87.72010374069214,1.0913762014181574,24.208619976432622,571.1221527598138,27.63102111496641,0.2651069521539381,10.213866239659826,0.6068697345432036,2.4989632275676774,20,1,True,42,
permABC-SMC,209661.89856957085,5.705622113727624,3224600.0,87.75246810913086,1.0883308041917668,24.21000347551005,569.4799747458334,27.6310211149673,0.2639416208016374,10.211180034804302,0.6038867227866668,2.497680075832512,20,1,True,42,
permABC-SMC,208771.61290322585,5.670304206109816,3235960.0,87.88971519470215,1.0850200808044324,24.2042549101302,568.2922838540826,27.631021114966902,0.2601162025657101,10.21323788126587,0.5973074385445479,2.497561932026326,20,1,True,42,
permABC-SMC,208659.38303341903,5.650414323439022,3246740.0,87.92044687271118,1.0812386959418951,24.20048180472573,568.6943377199502,27.63102111496641,0.2604279218399126,10.220718878253434,0.5948887142353666,2.4991885900290867,20,1,True,42,
permABC-SMC,208246.80306905368,5.632680791723149,3256980.0,88.09512758255005,1.0762033346709274,24.2037134863984,567.2236147411138,27.63102111496637,0.2621600443327666,10.218968926212463,0.594702529212918,2.498581868421088,20,1,True,42,
permABC-SMC,350854.3897216274,9.44986616518564,3276980.0,88.26174998283386,1.0723327839665882,24.197657678036364,565.2769434908744,27.63102111494494,0.2446267446086011,10.22645116032505,0.5851268650021618,2.4987849253507943,20,1,True,42,
permABC-SMC,320000.0,8.586451359165526,3296000.0,88.44044899940491,1.0686799573819248,24.18827016673732,563.2289763046522,27.631021114944225,0.2413987626684142,10.221207208496969,0.5828476900004759,2.49425857218686,20,1,True,42,
permABC-SMC,299643.7613019892,8.010911661289484,3314060.0,88.6006829738617,1.0652414390484946,24.1864572607923,559.4944611779697,27.631021114943803,0.2381101242896686,10.211714696598053,0.5770441266581549,2.4907260430583174,20,1,True,42,
permABC-SMC,287175.8620689655,7.641778403315051,3331240.0,88.64462947845459,1.0621835637535089,24.177268851852727,557.9772723470562,27.63102111494324,0.2308173621564491,10.212747694331522,0.5681651189745633,2.490016253919824,20,1,True,42,
permABC-SMC,277577.1144278608,7.362488114814063,3347580.0,88.79160666465759,1.0580578986192737,24.18279689955755,558.0674058758661,27.63102111494319,0.2285692328289931,10.221667856552024,0.5659049526500645,2.4913636374118355,20,1,True,42,
permABC-SMC,274314.84502446983,7.245631377420845,3363100.0,88.83144068717957,1.0543193120231984,24.188025936800205,557.4289566479085,27.63102111494426,0.2256501922324541,10.22633823077352,0.5608571121593549,2.4900558781931785,20,1,True,42,
permABC-SMC,266813.58609794633,7.085114030099781,3377860.0,89.69754362106323,1.0499953901398134,24.17928523755031,555.891248660553,27.63102111494355,0.2249755244768689,10.222621930921967,0.5588016258930041,2.4910174287595184,20,1,True,42,
permABC-SMC,261317.4114021572,6.973981269519024,3391900.0,90.52227687835692,1.0469134666114568,24.17944407897066,555.5477433223451,27.631021114943376,0.2223443350212074,10.225605138198253,0.5526462892726384,2.4896786982202013,20,1,True,42,
permABC-SMC,256418.6746987952,6.877731181770921,3405240.0,91.33627009391785,1.0445352551268872,24.18987761660636,553.6963998293846,27.63102111496457,0.2233277132768013,10.224951641981036,0.551458051189479,2.49141235413806,20,1,True,42,
permABC-SMC,252804.73372781064,6.766739064419763,3417920.0,91.4863121509552,1.0415663252769118,24.198695450341432,552.1962514451966,27.63102111498571,0.2221897722901034,10.22195078903034,0.5481679871236134,2.493985731284004,20,1,True,42,
permABC-SMC,248910.0145137881,6.649235163440898,3429980.0,91.62646055221558,1.0386954919763725,24.193547586124488,552.1209951128627,27.63102111498526,0.2214095493368952,10.22860930354926,0.5478629361206073,2.497130790089587,20,1,True,42,
permABC-SMC,246520.05730659032,6.618437726039942,3441420.0,92.39339065551758,1.0357615486168623,24.19039129084714,550.8112169040178,27.63102111498489,0.222147113630404,10.22700021615147,0.5484870544805388,2.4964459762929296,20,1,True,42,
permABC-SMC,245539.1180654339,6.6343933894997145,3452280.0,93.27957105636597,1.0301848057622796,24.188099948045284,547.4973797999776,27.63102111498461,0.2195481393545027,10.222012672992769,0.5453076780257692,2.493277467521549,20,1,True,42,
permABC-SMC,242817.67180925663,6.610628916538447,3462580.0,94.26756834983826,1.0269531368846698,24.201895077349945,543.9862992003843,27.631021114985305,0.2173901086443318,10.214911385931206,0.5395061189550454,2.488819265617938,20,1,True,42,
permABC-SMC,392182.4324324324,10.633518728050026,3482580.0,94.42564630508424,1.0236882665616187,24.18040576312582,543.9216069738317,27.631021114923065,0.204031445673888,10.218536705923231,0.5314864972178396,2.4845177771101588,20,1,True,42,
permABC-SMC,358038.854805726,9.73094833409128,3501620.0,95.16867470741272,1.0207418932049273,24.17884505966865,542.2833759378566,27.63102111492296,0.2039124954024538,10.217119526159658,0.5310486455274406,2.483215787211896,20,1,True,42,
permABC-SMC,331421.8455743879,8.979888667270062,3519700.0,95.36641764640808,1.0175883127458696,24.18137141505236,540.0883811152869,27.63102111492319,0.203430540778599,10.213914213310392,0.5267885843149926,2.4843846356198847,20,1,True,42,
permABC-SMC,315792.8571428571,8.519570933920996,3536880.0,95.41919445991516,1.013916409529114,24.21118967766112,538.9508650510734,27.631021114946435,0.2031785579616845,10.2228563697689,0.5251727547305705,2.4851559393820937,20,1,True,42,
permABC-SMC,306839.378238342,8.254245237571176,3553200.0,95.58415985107422,1.0115992152302655,24.21471854939579,538.3536767439796,27.63102111494732,0.1988458334646068,10.22866125877831,0.5207839052681036,2.485015318547475,20,1,True,42,
permABC-SMC,296896.8386023295,7.966199075917833,3568700.0,95.75371289253236,1.008977929381438,24.20841188614952,537.5725728696943,27.631021114947085,0.1944607441911569,10.23050754634954,0.5151868050018947,2.482511713375801,20,1,True,42,
permABC-SMC,293247.1358428806,7.91713508568497,3583480.0,96.74739074707033,1.0065777036116192,24.21867986715732,535.5517190246571,27.631021114947263,0.1954982175954239,10.228755004598645,0.5163587855350741,2.4816443506697388,20,1,True,42,
permABC-SMC,282823.8993710692,7.617329426531522,3597520.0,96.89243030548096,1.0039016449084266,24.21948764087794,533.810642815998,27.631021114947185,0.1932483051139894,10.22634663753202,0.5109493192872906,2.47893269678522,20,1,True,42,
permABC-SMC,279910.07751937985,7.581719076910685,3610840.0,97.80417609214784,0.9996935403808452,24.21682652599796,531.997156013422,27.63102111494661,0.1912834400442952,10.223246000704782,0.5051455903036163,2.476183220730238,20,1,True,42,
permABC-SMC,277450.22970903525,7.566322502644467,3623500.0,98.81617188453674,0.9970351187658332,24.23150621152852,531.5251167940614,27.63102111496776,0.1901859425871331,10.227692094416495,0.5005532673789841,2.476064037413244,20,1,True,42,
permABC-SMC,272529.23538230883,7.471493194843161,3635540.0,99.66971921920776,0.994308455001155,24.22729620903552,530.3508358890224,27.631021114967243,0.1868953514774319,10.227397566186108,0.4959860201661055,2.471613369055892,20,1,True,42,
permABC-SMC,268158.82352941175,7.393248957746167,3646960.0,100.5481858253479,0.9914791065090728,24.227968553586354,528.0782130965868,27.631021114967048,0.1850867391728764,10.220859823546553,0.491936286285502,2.468657081290659,20,1,True,42,
permABC-SMC,265060.86956521746,7.299081380816474,3657840.0,100.72732305526732,0.9888908354497477,24.22890605879461,527.87918580327,27.631021114966984,0.1835466608038631,10.22430615785263,0.4860697104086465,2.4688332274065967,20,1,True,42,
permABC-SMC,265040.46242774563,7.2898608067132145,3668160.0,100.89167356491087,0.9861784381515,24.23015843914985,526.8941837651329,27.63102111500874,0.1825344160414755,10.229153578972026,0.4848645836171621,2.4725786468497737,20,1,True,42,
permABC-SMC,405292.3076923077,11.094377014663191,3688160.0,100.95883083343506,0.9824938850862892,24.22657088965545,528.4070227285175,27.631021114927265,0.1727087039108063,10.24448840382923,0.4801112059088317,2.4747864590893447,20,1,True,42,
permABC-SMC,373705.6451612903,10.181917562600104,3707160.0,101.00462222099304,0.9802190068505984,24.21856757378269,527.7502221009643,27.63102111492678,0.1734198726047526,10.24465718469494,0.4802691443793986,2.4751045328902013,20,1,True,42,
permABC-SMC,354780.9523809524,9.62361072358631,3725200.0,101.04791259765624,0.976307244065672,24.22946042554662,523.8721308649533,27.63102111492711,0.1722451616983045,10.235735754498824,0.4758440031307916,2.473123452507848,20,1,True,42,
permABC-SMC,337756.31768953067,9.123617647356934,3742340.0,101.08968353271484,0.9736781364130374,24.224210008633506,522.2211115000628,27.63102111492654,0.1715930715610881,10.23429448669545,0.4732698638926546,2.471493184380529,20,1,True,42,
permABC-SMC,324580.31088082906,8.733201994591221,3758640.0,101.13047909736632,0.9709321663768772,24.23264035670247,521.6517780094583,27.631021114948005,0.1738430481092528,10.241793661462577,0.4720117128544175,2.4750770021288235,20,1,True,42,
permABC-SMC,316620.80536912754,8.49677470306422,3774120.0,101.28155446052553,0.9674507199485,24.230317804553685,520.557025114969,27.631021114947643,0.1733810415604807,10.244221141996318,0.4725482026460459,2.4743093097946094,20,1,True,42,
permABC-SMC,306045.2342487884,8.184117608386213,3788840.0,101.31937599182127,0.9633837863768968,24.233795640617263,519.8864081528052,27.63102111494768,0.1727110284905662,10.247659621874542,0.4693632803023332,2.473429731632614,20,1,True,42,
permABC-SMC,301334.38985736924,8.040220461632293,3802840.0,101.46758222579956,0.9609662506395096,24.229244286784866,520.1714299837761,27.63102111494712,0.1709248195803579,10.249476766694968,0.4642030134897122,2.4715099239441933,20,1,True,42,
permABC-SMC,296744.94556765165,7.902110957802733,3816140.0,101.62114691734314,0.9589107029925812,24.227487287448945,518.5268807520014,27.63102111494732,0.1720896059943089,10.246094631330436,0.464040658132364,2.47074395303035,20,1,True,42,
permABC-SMC,292718.6544342508,7.77225554536242,3828760.0,101.66110253334044,0.9546876929572518,24.23686014003561,518.2537833017193,27.631021114968096,0.1703477948885834,10.2519101196446,0.4616777708393778,2.4710884442916066,20,1,True,42,
permABC-SMC,288777.44360902254,7.654267343363367,3840740.0,101.8017556667328,0.9518978700269496,24.245443522769555,516.0403708056438,27.63102111498893,0.1686593213497164,10.249034657821555,0.4564571475586382,2.469467208721459,20,1,True,42,
permABC-SMC,286190.1931649331,7.573521084098193,3852120.0,101.93959379196168,0.9495577466986604,24.26486470576884,512.3708829595965,27.63102111501077,0.1698070189437383,10.237582485166689,0.4561402195818151,2.4662406631243883,20,1,True,42,
permABC-SMC,284038.2352941176,7.497960890040678,3862920.0,101.97226810455322,0.9464873032938184,24.27845672267192,511.8147064987812,27.631021115011546,0.1718141882409354,10.244116098147408,0.4541513063192131,2.468660248482003,20,1,True,42,
permABC-SMC,283958.9442815249,7.478130125929533,3873200.0,102.00169491767883,0.9416249128871356,24.284107025748835,510.6255974537511,27.63102111503261,0.1718618427665805,10.24256788746188,0.4514480217310058,2.467698242258299,20,1,True,42,
permABC-SMC,461279.6208530806,12.09169544314886,3893200.0,102.0539095401764,0.9384958680506036,24.284226476769447,510.4716953017656,27.631021114951604,0.1591159048000211,10.247454027110114,0.4452793633989885,2.465066118512513,20,1,True,42,
permABC-SMC,426167.7559912854,11.133365641492125,3912220.0,102.2042965888977,0.9353898544449872,24.29044819188565,508.0820369344042,27.631021114951608,0.1596987064724866,10.241028214370548,0.4432209925135293,2.461987843264463,20,1,True,42,
permABC-SMC,391462.1513944224,10.184126451195947,3930280.0,102.24862957000732,0.9334825141177432,24.292157741146767,506.9248902124334,27.631021114972185,0.1587833596015531,10.242005766068282,0.437817014955266,2.4605268169251,20,1,True,42,
permABC-SMC,378105.3639846743,9.79796807884713,3947420.0,102.29078674316406,0.9295926484325115,24.29165996838565,505.4519264486493,27.631021114971936,0.1602846966749636,10.23786582619216,0.4418867159425866,2.460490356971926,20,1,True,42,
permABC-SMC,368375.4646840148,9.510417476462608,3963720.0,102.33209204673769,0.9266480698165068,24.285206977477493,503.9658463958539,27.631021114971176,0.15933223415344,10.234887446405054,0.438908428935315,2.459463071869043,20,1,True,42,
permABC-SMC,360434.7826086956,9.272749095723247,3979200.0,102.37115001678468,0.9242462899598706,24.298493228100533,502.28713678371207,27.631021114971286,0.1587609139984546,10.230121686406802,0.4366666193297194,2.458010854500976,20,1,True,42,
permABC-SMC,350961.3356766257,8.9990108419596,3993940.0,102.40874338150024,0.9220285586004456,24.313160923238623,501.7918737124821,27.63102111497195,0.159890152648454,10.235755527182809,0.4392766136994969,2.459800773850411,20,1,True,42,
permABC-SMC,348518.2608695652,8.975430882495381,4007960.0,103.2174551486969,0.9186209773287513,24.321884595293696,500.86896388356206,27.63102111497184,0.1623852406421708,10.234249392518027,0.4420579619379202,2.4612989404717527,20,1,True,42,
permABC-SMC,343700.8547008547,8.836861981285942,4021300.0,103.39128518104552,0.9162547318345796,24.335160509095644,500.67901534523816,27.631021114993548,0.1613328235497016,10.240025467571874,0.4414930197229131,2.460952784633932,20,1,True,42,
permABC-SMC,338419.4630872483,8.677558830920482,4033960.0,103.43650126457214,0.9127343573914762,24.35182135521374,499.50563199959583,27.631021115015205,0.163412656478193,10.240507445102825,0.4414079600068818,2.459104123146947,20,1,True,42,
permABC-SMC,334380.1652892562,8.560784060107775,4046000.0,103.58548712730408,0.9092459793777836,24.34831456281108,499.4443773091475,27.63102111501513,0.1647018442713227,10.242381683185396,0.4422952721349939,2.4583074582459035,20,1,True,42,
permABC-SMC,331488.56209150323,8.465527864842633,4057420.0,103.61806106567384,0.9060314563704251,24.34468568364356,499.4768060142335,27.63102111501456,0.1660043779778496,10.247408001225187,0.4428341617252652,2.458443864809261,20,1,True,42,
permABC-SMC,329147.2491909385,8.461204412299839,4068260.0,104.580486536026,0.9031878143084204,24.36921726477833,497.88704822996783,27.63102111503663,0.1688720324991093,10.246714180203467,0.4456848965701691,2.457290848792648,20,1,True,42,
permABC-SMC,326283.2,8.36989673614502,4078540.0,104.62370920181274,0.9005293229206862,24.36092449086576,497.4555108869673,27.631021115036027,0.1695960566346382,10.245996956280738,0.4424101876856078,2.4553527275319755,20,1,True,42,
permABC-SMC,525453.8461538461,13.420412326470398,4098540.0,104.67921614646912,0.8984262220288791,24.352931482318688,497.8426306140881,27.63102111499532,0.1588868802325324,10.261542738454215,0.4372501589601776,2.4609538530525827,20,1,True,42,
permABC-SMC,497289.85507246375,12.662459657963923,4117560.0,104.84516596794128,0.8954760954770555,24.36391704030036,497.25884755434186,27.631021115017138,0.159665716477503,10.26660859606931,0.4338174510129755,2.4625488227692927,20,1,True,42,
permABC-SMC,472105.0228310502,11.987545174550792,4135640.0,105.01089572906494,0.8923551598024447,24.359256209129505,495.8888600434932,27.63102111501696,0.16073702163481,10.267162918439071,0.4337741946592395,2.4623195207446984,20,1,True,42,
permABC-SMC,455350.8771929824,11.532230047803171,4152800.0,105.17393803596497,0.8904368716742161,24.366692477045348,494.68618085789086,27.63102111501684,0.1602862328849851,10.26799139888564,0.4299362767900251,2.461110566048199,20,1,True,42,
permABC-SMC,442596.6029723992,11.267224517344417,4169260.0,106.1372549533844,0.888878812754854,24.36232744916995,494.7093244195751,27.63102111501672,0.1581372731422011,10.273128922780822,0.4254703348710208,2.461981320871335,20,1,True,42,
permABC-SMC,432322.3140495868,11.05490440179494,4184880.0,107.011474609375,0.8868861678629044,24.36326886292283,494.4526667538808,27.631021115016395,0.1575276817882163,10.277013940843169,0.4250427283783136,2.460459720286269,20,1,True,42,
permABC-SMC,422509.05432595575,10.857541268500285,4199740.0,107.92396020889282,0.8832545835648485,24.357267701273493,493.4971658197151,27.63102111501597,0.1575390712370709,10.27803716948146,0.4227903575472244,2.4595627188282023,20,1,True,42,
permABC-SMC,412320.939334638,10.656491347721646,4213920.0,108.9093415737152,0.8816462893970008,24.362500832318005,493.2193882609749,27.631021115015773,0.1603012207779362,10.282628888496518,0.4247594776265624,2.459671976773457,20,1,True,42,
permABC-SMC,400321.96969696967,10.395259229522765,4227400.0,109.77393746376038,0.8788522315326598,24.35316480489369,492.3900272196179,27.63102111501533,0.1572556990221087,10.28306436772946,0.4204815471234219,2.4574031799404783,20,1,True,42,
permABC-SMC,395550.37313432834,10.315858895209296,4240300.0,110.58600735664368,0.8767237426880936,24.361421711975307,492.1532117303596,27.63102111501558,0.1604703653232995,10.287295537484736,0.4208455240019693,2.459576048126148,20,1,True,42,
permABC-SMC,391578.2688766113,10.258165007357658,4252540.0,111.40367197990416,0.8745538158587635,24.348750549802908,490.9008847980145,27.631021115014725,0.1628786742473321,10.2829451680876,0.4257875311207305,2.458677612761951,20,1,True,42,
permABC-SMC,386947.3684210525,10.208706479323537,4264160.0,112.4999454021454,0.870653704831953,24.35486312664252,490.1182444370105,27.631021115014704,0.1655060968240879,10.282453349090066,0.4275566035378887,2.459544098933823,20,1,True,42,
permABC-SMC,382398.9266547405,10.156882555625518,4275220.0,113.55394697189332,0.8682794586127748,24.35965304524656,488.8033607902306,27.63102111503561,0.167518359178128,10.28077786175578,0.4281807425138485,2.4580407190942424,20,1,True,42,
permABC-SMC,377264.0845070423,10.08931748883825,4285720.0,114.61464667320251,0.8657592707973192,24.365819644602126,488.8212191100903,27.631021115057163,0.1720679147571851,10.28583778473776,0.4337095966779934,2.458718442069118,20,1,True,42,
permABC-SMC,589824.6575342467,15.730666036475196,4305720.0,114.83386206626892,0.8633998175019761,24.292875699600945,487.7520876456648,27.63102111495096,0.1481867842167809,10.278314785398273,0.4144312433454721,2.451476570666014,20,1,True,42,
permABC-SMC,554461.5384615385,14.890311864706185,4324800.0,116.14443254470824,0.8604885012666443,24.29481510182776,486.99690346453576,27.6310211149506,0.1476248872468612,10.277422307097456,0.4134671420551218,2.4492858312019674,20,1,True,42,
permABC-SMC,533533.1695331696,14.38021653993124,4342960.0,117.05496263504028,0.8577294279837547,24.292991373712645,486.5431171070375,27.63102111495025,0.1485429833894477,10.280639717127867,0.4159919513775404,2.4496101578459024,20,1,True,42,
permABC-SMC,512967.0588235295,13.898894983179428,4360220.0,118.14060735702516,0.8553241621300949,24.302415438891863,486.9179521541305,27.631021114951167,0.1498514625310718,10.287847734900488,0.4167953123469322,2.453269951454148,20,1,True,42,
permABC-SMC,492860.3603603604,13.424144483901358,4376600.0,119.20640301704408,0.8527978351230009,24.294784130678707,487.2232083480292,27.63102111495028,0.1489397529232417,10.292371127025651,0.4164522085661938,2.451774381713124,20,1,True,42,
permABC-SMC,471293.991416309,12.887730644496214,4392460.0,120.11364960670473,0.8498202013721525,24.28972774719019,486.3489260930862,27.631021114950304,0.1511129027658852,10.288075673459428,0.419018776218767,2.4496268435299164,20,1,True,42,
permABC-SMC,459200.0,12.51682698726654,4408320.0,120.1615390777588,0.8498202013721525,24.289727747190195,486.348926093086,27.631021114950304,0.1511129027658852,10.288075673459428,0.419018776218767,2.4496268435299164,20,1,True,42,
permABC-SMC,445088.5311871228,12.105916971172125,4424180.0,120.33281469345091,0.8498202013721525,24.28972774719019,486.3489260930862,27.631021114950304,0.1511129027658852,10.288075673459428,0.419018776218767,2.4496268435299164,20,1,True,42,
permABC-SMC,431910.5058365758,11.70995824531822,4440040.0,120.37837076187134,0.8498202013721525,24.289727747190195,486.348926093086,27.631021114950304,0.1511129027658852,10.288075673459428,0.419018776218767,2.4496268435299164,20,1,True,42,
permABC-SMC,421960.2272727272,11.40328146743052,4455900.0,120.41865229606628,0.8498202013721525,24.28972774719019,486.3489260930862,27.631021114950304,0.1511129027658852,10.288075673459428,0.419018776218767,2.4496268435299164,20,1,True,42,
permABC-SMC,412523.9852398524,11.112363246094256,4471760.0,120.45801758766174,0.8498202013721525,24.289727747190195,486.348926093086,27.631021114950304,0.1511129027658852,10.288075673459428,0.419018776218767,2.4496268435299164,20,1,True,42,
permABC-SMC,408708.5610200364,10.974253353091102,4487620.0,120.49730181694032,0.8498202013721525,24.28972774719019,486.3489260930862,27.631021114950304,0.1511129027658852,10.288075673459428,0.419018776218767,2.4496268435299164,20,1,True,42,
permABC-SMC,399953.8188277087,10.704837705059967,4503480.0,120.53647255897522,0.8498202013721525,24.289727747190195,486.348926093086,27.631021114950304,0.1511129027658852,10.288075673459428,0.419018776218767,2.4496268435299164,20,1,True,42,
permABC-SMC,395739.0542907181,10.559013699900667,4519340.0,120.5839364528656,0.8498202013721525,24.28972774719019,486.3489260930862,27.631021114950304,0.1511129027658852,10.288075673459428,0.419018776218767,2.4496268435299164,20,1,True,42,
permABC-SMC,390965.5172413793,10.398547053337095,4535200.0,120.62314581871031,0.8498202013721525,24.289727747190195,486.348926093086,27.631021114950304,0.1511129027658852,10.288075673459428,0.419018776218767,2.4496268435299164,20,1,True,42,
permABC-SMC,386994.89795918367,10.260409866871475,4551060.0,120.66242003440856,0.8498202013721525,24.28972774719019,486.3489260930862,27.631021114950304,0.1511129027658852,10.288075673459428,0.419018776218767,2.4496268435299164,20,1,True,42,
permABC-SMC,380576.6666666666,10.058460275332134,4566920.0,120.7015233039856,0.8498202013721525,24.289727747190195,486.348926093086,27.631021114950304,0.1511129027658852,10.288075673459428,0.419018776218767,2.4496268435299164,20,1,True,42,
permABC-SMC,376873.3552631579,9.929345548152924,4582780.0,120.74084186553956,0.8498202013721525,24.28972774719019,486.3489260930862,27.631021114950304,0.1511129027658852,10.288075673459428,0.419018776218767,2.4496268435299164,20,1,True,42,
permABC-SMC,374482.0846905537,9.84724437763326,4598640.0,120.92416095733644,0.8498202013721525,24.289727747190195,486.348926093086,27.631021114950304,0.1511129027658852,10.288075673459428,0.419018776218767,2.4496268435299164,20,1,True,42,
permABC-SMC,370940.51446945337,9.734242522064896,4614500.0,121.0939769744873,0.8498202013721525,24.28972774719019,486.3489260930862,27.631021114950304,0.1511129027658852,10.288075673459428,0.419018776218767,2.4496268435299164,20,1,True,42,
permABC-SMC,368073.13195548486,9.629624807209202,4630360.0,121.14068007469176,0.8498202013721525,24.289727747190195,486.348926093086,27.631021114950304,0.1511129027658852,10.288075673459428,0.419018776218767,2.4496268435299164,20,1,True,42,
permABC-SMC,366421.1356466877,9.55674885199273,4646220.0,121.17957544326782,0.8498202013721525,24.28972774719019,486.3489260930862,27.631021114950304,0.1511129027658852,10.288075673459428,0.419018776218767,2.4496268435299164,20,1,True,42,
permABC-SMC,363656.78627145087,9.4554530662977,4662080.0,121.21890830993652,0.8498202013721525,24.289727747190195,486.348926093086,27.631021114950304,0.1511129027658852,10.288075673459428,0.419018776218767,2.4496268435299164,20,1,True,42,
permABC-SMC,363194.099378882,9.414471639609484,4677940.0,121.25839471817017,0.8498202013721525,24.28972774719019,486.3489260930862,27.631021114950304,0.1511129027658852,10.288075673459428,0.419018776218767,2.4496268435299164,20,1,True,42,
permABC-SMC,362735.7032457496,9.37385848353414,4693800.0,121.29772877693176,0.8498202013721525,24.289727747190195,486.348926093086,27.631021114950304,0.1511129027658852,10.288075673459428,0.419018776218767,2.4496268435299164,20,1,True,42,
permABC-SMC,360065.74923547404,9.276515318348505,4709660.0,121.3368203639984,0.8498202013721525,24.28972774719019,486.3489260930862,27.631021114950304,0.1511129027658852,10.288075673459428,0.419018776218767,2.4496268435299164,20,1,True,42,
permABC-SMC,356912.3867069487,9.167368048267422,4725520.0,121.37595295906068,0.8498202013721525,24.289727747190195,486.348926093086,27.631021114950304,0.1511129027658852,10.288075673459428,0.419018776218767,2.4496268435299164,20,1,True,42,
permABC-SMC,355425.78710644675,9.101592779516997,4741380.0,121.41524767875671,0.8498202013721525,24.28972774719019,486.3489260930862,27.631021114950304,0.1511129027658852,10.288075673459428,0.419018776218767,2.4496268435299164,20,1,True,42,
permABC-SMC,354488.82265275705,9.050259913488578,4757240.0,121.45448803901672,0.8498202013721525,24.289727747190195,486.348926093086,27.631021114950304,0.1511129027658852,10.288075673459428,0.419018776218767,2.4496268435299164,20,1,True,42,
permABC-SMC,354613.6701337296,9.026295557773132,4773100.0,121.49393820762634,0.8498202013721525,24.28972774719019,486.3489260930862,27.631021114950304,0.1511129027658852,10.288075673459428,0.419018776218767,2.4496268435299164,20,1,True,42,
permABC-SMC,355264.0949554896,9.025850069628978,4788960.0,121.66845893859865,0.8498202013721525,24.289727747190195,486.348926093086,27.631021114950304,0.1511129027658852,10.288075673459428,0.419018776218767,2.4496268435299164,20,1,True,42,
permABC-SMC,353815.90574374073,8.962338873142695,4804820.0,121.70856189727785,0.8498202013721525,24.28972774719019,486.3489260930862,27.631021114950304,0.1511129027658852,10.288075673459428,0.419018776218767,2.4496268435299164,20,1,True,42,
permABC-SMC,352904.831625183,8.912734248802218,4820680.0,121.7479498386383,0.8498202013721525,24.289727747190195,486.348926093086,27.631021114950304,0.1511129027658852,10.288075673459428,0.419018776218767,2.4496268435299164,20,1,True,42,
permABC-SMC,354065.8857979502,8.915588569501482,4836540.0,121.78693985939026,0.8498202013721525,24.28972774719019,486.3489260930862,27.631021114950304,0.1511129027658852,10.288075673459428,0.419018776218767,2.4496268435299164,20,1,True,42,
permABC-SMC,353158.66084425035,8.866506945097811,4852400.0,121.82580542564392,0.8498202013721525,24.289727747190195,486.348926093086,27.631021114950304,0.1511129027658852,10.288075673459428,0.419018776218767,2.4496268435299164,20,1,True,42,
permABC-SMC,350739.19308357354,8.779917378246958,4868260.0,121.86525321006776,0.8498202013721525,24.28972774719019,486.3489260930862,27.631021114950304,0.1511129027658852,10.288075673459428,0.419018776218767,2.4496268435299164,20,1,True,42,
permABC-SMC,349364.80686695286,8.71992201593642,4884120.0,121.90450978279114,0.8498202013721525,24.289727747190195,486.348926093086,27.631021114950304,0.1511129027658852,10.288075673459428,0.419018776218767,2.4496268435299164,20,1,True,42,
permABC-SMC,345555.7122708039,8.60778345543844,4899980.0,122.05836939811708,0.8498202013721525,24.28972774719019,486.3489260930862,27.631021114950304,0.1511129027658852,10.288075673459428,0.419018776218767,2.4496268435299164,20,1,True,42,
permABC-SMC,345157.30337078654,8.643774571043723,4915040.0,123.0873498916626,0.8496519615474384,24.2529180102255,484.8853157402464,27.631021114948883,0.1261643031909611,10.285063626323854,0.388222246687247,2.4449067990228386,20,1,True,42,
permABC-SMC,344709.09090909094,8.67127111741713,4929340.0,123.99917697906494,0.8470456539300562,24.271803397978136,483.129146420582,27.631021114970373,0.1277717878340849,10.282717246211485,0.3890610903298184,2.444972358817137,20,1,True,42,
permABC-SMC,345175.97765363124,8.73475261240698,4942920.0,125.08165740966795,0.8443082341609657,24.26618451713811,482.08123204016624,27.63102111496979,0.1257943374292722,10.279479004405488,0.3823035122269943,2.442826586433368,20,1,True,42,
permABC-SMC,345115.5988857939,8.773315666777842,4955860.0,125.9848129749298,0.841887267347579,24.26506938352098,481.76284583043247,27.631021114969474,0.1259047474920729,10.280098499238695,0.3816924822026756,2.442793605081617,20,1,True,42,
permABC-SMC,344531.2066574202,8.811358952489211,4968140.0,127.0597960948944,0.8400866625528639,24.263211432814167,480.6832089830479,27.631021114969272,0.1247809503148192,10.279942541293051,0.3763792935041196,2.4433329982978065,20,1,True,42,
permABC-SMC,343434.4827586207,8.833306493430303,4979800.0,128.08294415473938,0.8369219386780067,24.270189118134,479.64958347776326,27.631021114969823,0.1256656341680495,10.279237163682966,0.3746122328784014,2.4415648670214103,20,1,True,42,
permABC-SMC,344200.0,8.903784472366858,4990900.0,129.10487484931946,0.8343499881983214,24.277758985682404,479.8184103928819,27.63102111499095,0.1267328749229453,10.285662514682311,0.3750029505144379,2.442043317834964,20,1,True,42,
permABC-SMC,343034.2935528121,8.927395445165647,5001440.0,130.16142559051514,0.832028079767477,24.299340699116872,478.18283295468,27.63102111499242,0.1250131295997421,10.287599680480334,0.3667280481101536,2.44110890980233,20,1,True,42,
permABC-SMC,343249.31506849313,8.983649227717152,5011440.0,131.1612787246704,0.8297641197091497,24.30888900424633,477.99217881967775,27.631021115013503,0.1258072383308652,10.29441607074073,0.3674258159769858,2.4433812974955686,20,1,True,42,
permABC-SMC,552905.4945054945,14.420477688967528,5031440.0,131.2263469696045,0.8280887992741804,24.27488169294792,478.1333800584772,27.631021114970167,0.1224989090237852,10.293827996355173,0.3628589863111114,2.444156563759482,20,1,True,42,
permABC-SMC,529398.322851153,13.76020998324988,5050460.0,131.27240324020386,0.8260212470080533,24.293649536870976,477.6454899829903,27.63102111499225,0.122054954259771,10.29962840347997,0.3600935932114141,2.445204592316887,20,1,True,42,
permABC-SMC,510945.564516129,13.317784667015076,5068580.0,132.11242389678955,0.824103108416027,24.296964671620604,476.9426172393125,27.63102111499224,0.1238621143830201,10.30018010320842,0.3623882784888734,2.444644697725316,20,1,True,42,
permABC-SMC,497630.1369863013,12.946647767218124,5085780.0,132.31474018096924,0.8219705378046696,24.285961976517733,476.6618038634814,27.63102111499148,0.1255079451240362,10.303535788225377,0.3609552722919805,2.4466941096691133,20,1,True,42,
permABC-SMC,484074.0037950663,12.557955371813255,5102140.0,132.36084961891174,0.8187216262536673,24.282905827936005,476.0832546069184,27.631021114990983,0.1268548609672495,10.303764174661476,0.3588332641653269,2.4465985255988185,20,1,True,42,
permABC-SMC,476506.5176908752,12.41373556286263,5117680.0,133.32351994514465,0.8162917221740903,24.298964508776656,475.7844292220261,27.63102111499164,0.1296172973781293,10.308422244197708,0.3585973428868952,2.450202431821879,20,1,True,42,
permABC-SMC,468290.1459854015,12.180889870998634,5132460.0,133.50255298614502,0.8143988281074314,24.299686732426377,474.7249651487371,27.631021114991228,0.1333619757111588,10.3063778070416,0.3606103318280302,2.451836701720777,20,1,True,42,
permABC-SMC,461155.9139784946,11.96653610062001,5146500.0,133.5465428829193,0.8123705185609407,24.31284065713611,474.0447515938522,27.63102111499264,0.1334004023042841,10.308494631377746,0.3588766625084572,2.4534376427145848,20,1,True,42,
permABC-SMC,454209.5070422535,11.76904773628208,5159820.0,133.69638228416443,0.8107183956969064,24.303510064412563,474.46491379487145,27.631021114991867,0.1320320085509893,10.313990485935816,0.3571435331110658,2.4527552067756053,20,1,True,42,
permABC-SMC,446671.848013817,11.6192135374369,5172460.0,134.5504927635193,0.8080919569242111,24.303435583395835,473.35097667292575,27.631021114991515,0.1338255662244424,10.314001936620688,0.3568150087554254,2.452157306883876,20,1,True,42,
permABC-SMC,439362.7118644068,11.488790067575747,5184480.0,135.5677227973938,0.8056252854719289,24.303332035994003,472.292546718344,27.631021115012285,0.1334359252112142,10.310832602481758,0.3561719107522972,2.452510465362573,20,1,True,42,
permABC-SMC,435899.3288590604,11.385555635362664,5195920.0,135.71582317352295,0.8042147829809079,24.29913418091327,471.1266598838236,27.63102111501173,0.1294206856810533,10.304766900764353,0.3498396239423033,2.449597427736167,20,1,True,42,
permABC-SMC,432461.7940199336,11.356221599832326,5206840.0,136.7289080619812,0.8023038667197361,24.30728253017573,470.13977708980985,27.6310211150124,0.1311596056471645,10.300449201561658,0.3502912977297293,2.448597437048484,20,1,True,42,
permABC-SMC,427640.98360655736,11.292438428910051,5217220.0,137.76774883270264,0.8003050630303589,24.325030354576832,468.6570902968219,27.63102111501322,0.1343333934983257,10.29713989038999,0.3540537049452442,2.4485191926089027,20,1,True,42,
permABC-SMC,711578.8043478262,18.727318683396216,5237220.0,137.83306550979614,0.7979150675805886,24.300037017400456,468.2886425393309,27.63102111501129,0.1315194534769564,10.288088318862409,0.3538822791597577,2.446063653117357,20,1,True,42,
permABC-SMC,673874.3589743589,17.69533356030782,5256220.0,138.023601770401,0.7967187548288149,24.337118007614663,468.2917446186818,27.631021115056047,0.1305397417015199,10.302363097518883,0.348508257617036,2.4481315179515217,20,1,True,42,
permABC-SMC,651143.2098765431,17.06288308273127,5274260.0,138.2093529701233,0.7941420910195007,24.332494265397496,467.6575859387112,27.631021115056384,0.1319113111227182,10.302949345202853,0.3503733125555277,2.449225988568683,20,1,True,42,
permABC-SMC,631434.3675417663,16.498912689509428,5291420.0,138.260888338089,0.7922417395613992,24.335168603545984,467.16054567783226,27.63102111505709,0.1339088036025726,10.304377030636704,0.3506089001267294,2.4499964079180523,20,1,True,42,
permABC-SMC,614326.3888888889,16.023269957966274,5307780.0,138.4410524368286,0.7904921537682233,24.339927340994468,467.12065554040623,27.63102111505712,0.1359116439055626,10.310738897476996,0.3504900358458512,2.4506876732236225,20,1,True,42,
permABC-SMC,599479.7297297297,15.711073671375308,5323380.0,139.51433420181274,0.7891058521012068,24.36606472992933,465.1312332602853,27.631021115079527,0.1371597993569398,10.30760068014213,0.3519562011138487,2.4507966110283737,20,1,True,42,
permABC-SMC,584052.5164113785,15.283602384821853,5338240.0,139.69212579727173,0.7880751049059889,24.35904881261973,464.7899614463731,27.631021115079008,0.1387125051237833,10.308115502655204,0.3523407423845417,2.4517459014936964,20,1,True,42,
permABC-SMC,569400.0000000001,14.977127465795968,5352360.0,140.78499817848206,0.786330604482876,24.366924564402964,464.5942193320281,27.63102111507904,0.137601844395289,10.31026678510278,0.3479584930020157,2.4496163975972016,20,1,True,42,
permABC-SMC,560102.2964509394,14.809966709519228,5365780.0,141.8794810771942,0.7841172881117517,24.3776572289803,463.5627761192748,27.63102111507993,0.1445363311084687,10.306104656716952,0.3557040354692317,2.449677885006098,20,1,True,42,
permABC-SMC,548828.5714285715,14.589285072015256,5378520.0,142.9749937057495,0.7819001196614005,24.38073669234613,462.7043192389429,27.63102111507993,0.147308260665358,10.3008441981283,0.3576166393134409,2.448267438485423,20,1,True,42,
permABC-SMC,542315.8953722334,14.493754284242748,5390620.0,144.06791758537292,0.7791426662970081,24.386473275954863,463.1094102243612,27.63102111508023,0.1493251208463759,10.304953489089431,0.3571338782234324,2.450638891172316,20,1,True,42,
permABC-SMC,535922.619047619,14.400956436755164,5402100.0,145.1616408824921,0.7768889232771617,24.3920629472462,461.5272624735785,27.631021115101834,0.1526051533134718,10.29826076616673,0.3566547891398737,2.4487339336209675,20,1,True,42,
permABC-SMC,527582.8460038987,14.252533782527694,5413000.0,146.23099660873413,0.7747430782413885,24.38778795984441,460.4861955274811,27.63102111512244,0.1523133698503888,10.297526644085448,0.3521888324282982,2.446637782907443,20,1,True,42,
permABC-SMC,528592.5925925926,14.358047109830682,5423360.0,147.3135633468628,0.7720851478688672,24.39252943615861,460.6466560572004,27.63102111512236,0.1541196938978949,10.300231922345256,0.3518913856359668,2.4469473809009674,20,1,True,42,
permABC-SMC,869546.3258785943,23.543990039216062,5443360.0,147.38537764549255,0.770529931900149,24.36077817912607,459.6688075285576,27.63102111509979,0.1430643042325427,10.302354708766549,0.345734904251413,2.4452197768359767,20,1,True,42,
permABC-SMC,815310.4477611941,22.160469845159728,5462580.0,148.4751479625702,0.7683792844279291,24.352843110156087,459.8324027479331,27.6310211150994,0.1443058007896091,10.307412842794337,0.3459178815166865,2.4455108605659834,20,1,True,42,
permABC-SMC,782991.4285714286,21.367760181427,5480940.0,149.574321269989,0.7672730169284377,24.354480284252613,459.8641797349631,27.63102111509908,0.1409845339655994,10.310467059228204,0.3419517339616912,2.4445083559909144,20,1,True,42,
permABC-SMC,759450.2762430939,20.798311510138745,5498420.0,150.57977533340454,0.7652447262954234,24.358725625383386,459.3986659155755,27.63102111509913,0.1416986699954718,10.30955531104368,0.3425768855586001,2.4439530179401414,20,1,True,42,
permABC-SMC,731435.0132625995,20.089042439701068,5515020.0,151.47137999534607,0.7635526472644858,24.350959512223845,459.1058511885934,27.63102111509864,0.1442712936545802,10.307449990784216,0.3451555131148515,2.4431136022048,20,1,True,42,
permABC-SMC,712739.6907216494,19.638900873587303,5530860.0,152.39787077903748,0.7616745329993141,24.34229423061899,459.06268073128376,27.631021115098186,0.1454441503019675,10.309843704214838,0.3462359428044067,2.443179220812292,20,1,True,42,
permABC-SMC,700250.0,19.382608569029607,5545980.0,153.51025986671448,0.7601613217196378,24.353668002892125,458.7681629691899,27.631021115098537,0.1477278979305587,10.31729310673592,0.3474829078209539,2.4442704259282992,20,1,True,42,
permABC-SMC,683090.9090909092,18.99081963578958,5560360.0,154.58527183532715,0.7591640136962285,24.35356756074304,458.4048360454667,27.63102111509828,0.1466994056569752,10.314210032137066,0.3429160923251949,2.442145600340524,20,1,True,42,
permABC-SMC,666751.1961722488,18.62164248119701,5574040.0,155.676931142807,0.7571677901055771,24.34447536855301,457.48716358875765,27.631021115097816,0.1493358201242341,10.310684199218498,0.3445530750048538,2.4431506285678446,20,1,True,42,
permABC-SMC,654227.1662763465,18.33841538261753,5587100.0,156.6100673675537,0.7550794546353764,24.348864407707005,457.4267498773137,27.63102111509807,0.1510948838474547,10.317777288516613,0.3473916877093638,2.446130718827034,20,1,True,42,
permABC-SMC,645103.6866359446,18.16822526641705,5599500.0,157.7001953125,0.7536649784297093,24.377503884530785,457.90373905862873,27.6310211151208,0.153465646751049,10.32746625492614,0.3497148458445618,2.4483651983372687,20,1,True,42,
permABC-SMC,639104.7835990888,18.07978269994124,5611340.0,158.740492105484,0.7516802919796424,24.39181676861231,455.8424897936306,27.631021115121698,0.1554726902840567,10.321143644105913,0.3520877575786972,2.446285962464928,20,1,True,42,
permABC-SMC,623345.8980044347,17.715228079692224,5622580.0,159.79135727882385,0.7505025499158248,24.39053434899155,455.7728752191579,27.63102111512138,0.15693955968513,10.322824455825051,0.3541783977453406,2.4461172220246072,20,1,True,42,
permABC-SMC,619039.5604395604,17.660121577126638,5633260.0,160.70710635185242,0.7477512892869781,24.39446253307381,454.4074355627658,27.63102111512132,0.1573924806189414,10.316432951410762,0.3527874998243889,2.443322666478741,20,1,True,42,
permABC-SMC,616091.7030567685,17.659793956831553,5643400.0,161.76371264457703,0.7464379786307268,24.40224597829804,454.0115878471816,27.631021115121506,0.159644261416105,10.315576704929027,0.3527184182556234,2.4437266133216164,20,1,True,42,
permABC-SMC,990104.8951048952,28.29032102664868,5663400.0,161.82063627243042,0.7436403794370683,24.39322837016297,454.3525123042504,27.63102111510145,0.1580380643513019,10.325673656112794,0.3562664520858113,2.448053875861876,20,1,True,42,
permABC-SMC,950234.1137123748,27.067928409895377,5682400.0,161.86621189117432,0.7426582979558588,24.39771285256987,452.66791399732574,27.6310211151026,0.1574598238952169,10.317185830544975,0.3595765147913262,2.4457843885298485,20,1,True,42,
permABC-SMC,899145.1104100946,25.674704723177648,5700580.0,162.7776279449463,0.7407319459318983,24.39014668147701,452.6044241471801,27.631021115102143,0.1597921092190607,10.317169045648203,0.3632584433240621,2.446920779213978,20,1,True,42,
permABC-SMC,876993.8650306746,25.137530733471262,5718000.0,163.89670038223267,0.7398022122574687,24.372083124436504,452.8022212152265,27.63102111510144,0.1611844074186303,10.31850256648208,0.3603613363928054,2.444451844489677,20,1,True,42,
permABC-SMC,855901.4925373134,24.602880549075,5734540.0,164.8392996788025,0.7382824344254758,24.38727215534054,451.542345396566,27.63102111512359,0.1646223160587936,10.31512513718374,0.3621386187544525,2.445686605000727,20,1,True,42,
permABC-SMC,821462.8571428572,23.707060234887265,5750240.0,165.94942164421082,0.7374268723869519,24.379163855157337,451.0590724507964,27.63102111512305,0.1667101034202925,10.312033646274866,0.362707986663285,2.444182266939445,20,1,True,42,
permABC-SMC,800719.4444444445,23.20253001319038,5765180.0,167.0582160949707,0.7364726894069055,24.40774167421237,449.38752299986106,27.63102111512388,0.1678135156449943,10.31035225381823,0.3606765728889932,2.442564224589697,20,1,True,42,
permABC-SMC,770600.0,22.422931893666583,5779500.0,168.1719892024994,0.73457996300745,24.40426568116413,449.5220473488239,27.631021115123616,0.1695016962090097,10.312411452604536,0.35993020499925,2.442686784455917,20,1,True,42,
permABC-SMC,756279.3733681462,22.07627971863311,5793100.0,169.1043026447296,0.732049056718831,24.42841214029181,449.47009655949455,27.63102111512423,0.1701363746837247,10.32119478159194,0.362214000481428,2.446907458614593,20,1,True,42,
permABC-SMC,744364.1025641025,21.705619585819733,5806040.0,169.30383276939392,0.7286450475931628,24.417506294189955,448.8506833581032,27.63102111512367,0.1756978578559009,10.316955927920189,0.3658443016259561,2.44792952913699,20,1,True,42,
permABC-SMC,725513.7157107232,21.13217157021425,5818620.0,169.4800159931183,0.7276277037050959,24.42155705900406,449.01950471781385,27.631021115123595,0.1799621799790881,10.318814196650218,0.3687999090175158,2.449747574130335,20,1,True,42,
permABC-SMC,718049.2610837438,20.877158201386774,5830560.0,169.52252459526062,0.7274471153262662,24.40412243842086,449.8431926053626,27.63102111512279,0.1712761352984708,10.33614219269435,0.3656824846745835,2.4545622470281585,20,1,True,42,
permABC-SMC,707254.2372881357,20.52749660921443,5841920.0,169.5571219921112,0.725560124771462,24.40526587267103,449.2036077601287,27.63102111512266,0.1723079971732742,10.335830266699263,0.3701450284726188,2.453339007173324,20,1,True,42,
permABC-SMC,701764.9880095923,20.334359496045742,5852720.0,169.58855819702148,0.7235016205347021,24.40953908825216,449.34717770771465,27.63102111512288,0.1740992274733329,10.34037458136241,0.3675731875856471,2.453267608700028,20,1,True,42,
permABC-SMC,696330.1662707839,20.144693245513988,5863100.0,169.61831712722778,0.7219948298997281,24.39934026656563,450.0992681850192,27.631021115122376,0.1763689692678859,10.34422246288405,0.3694083515929297,2.454010495938866,20,1,True,42,
permABC-SMC,1114223.4848484849,32.13506029410796,5883100.0,169.67311835289,0.7205838652162878,24.37832773455903,449.7146927537745,27.631021115080305,0.1698518070364045,10.344327946406484,0.3703241475353197,2.453506877042895,20,1,True,42,
permABC-SMC,1065400.7220216603,30.63519340990252,5902320.0,169.71897149086,0.719648053411136,24.367326682934465,449.8285389628464,27.631021115100385,0.1655306861056837,10.343860986209558,0.3656063296313959,2.452521467455236,20,1,True,42,
permABC-SMC,1003494.9152542374,28.92096014346108,5920620.0,170.6336648464203,0.7178812458332309,24.363850145220304,448.8756637130534,27.631021115100545,0.1666915725251895,10.338629001916232,0.3634536825821665,2.449937342961785,20,1,True,42,
permABC-SMC,951666.6666666666,27.49692518741657,5938400.0,171.58081316947937,0.7170203612673898,24.366238064566275,448.8795400961054,27.631021115100445,0.1669231899939217,10.339221797131415,0.36243202099582,2.450423167332921,20,1,True,42,
permABC-SMC,933445.1410658308,27.06289478230252,5955380.0,172.6612687110901,0.7168240172523415,24.363734042883625,448.41317319865146,27.631021115100115,0.1626034429188481,10.336440968436074,0.362859891858147,2.449857250613138,20,1,True,42,
permABC-SMC,907522.7963525836,26.40741806262169,5971500.0,173.76081085205078,0.7144497772979378,24.38748056902806,447.90854992346414,27.6310211151008,0.1697547416793234,10.335306032761606,0.3675357422844646,2.4513770423236707,20,1,True,42,
permABC-SMC,896239.5209580838,26.15584709687147,5986880.0,174.72105860710144,0.7132508165141805,24.388169366274628,447.0965403181192,27.63102111510102,0.1697560015348562,10.332193017048793,0.3677266004799161,2.4531720082194663,20,1,True,42,
permABC-SMC,890442.1364985163,25.93060551482068,6001580.0,174.77228116989136,0.7109721004883744,24.395924230420125,447.5703801264841,27.631021115101024,0.1743484271732535,10.33814468191842,0.3705229469393122,2.45555288755112,20,1,True,42,
permABC-SMC,884641.1764705881,25.729678097893206,6015560.0,174.96181106567383,0.7093303954868355,24.396799197458524,447.8716057000672,27.6310211151007,0.1752889115960891,10.34525258740421,0.3709164906278099,2.457655057084008,20,1,True,42,
permABC-SMC,878839.6501457726,25.51125360994923,6028840.0,175.0071997642517,0.7065514092694123,24.428895237183987,448.2711222249329,27.631021115123524,0.1742852551862737,10.359363019480512,0.3706320926661232,2.460931460033292,20,1,True,42,
permABC-SMC,855728.045325779,24.7933957799636,6041440.0,175.04137420654297,0.7048975839307174,24.42109542559188,448.05563111963625,27.63102111512367,0.1792871988646707,10.354294154764656,0.3705775992584937,2.4576240422561595,20,1,True,42,
permABC-SMC,833856.7493112948,24.23569042820576,6053800.0,175.9511125087738,0.7042073786005392,24.42633664388262,448.0484505415938,27.63102111512428,0.1798866052100015,10.355312876672958,0.373730643591023,2.458027732610661,20,1,True,42,
permABC-SMC,824133.1521739131,24.0585802041966,6065620.0,177.07115030288696,0.7036526674400029,24.397214947707223,445.8170036179441,27.631021115123342,0.1778519251183692,10.344090006799494,0.3772143060311607,2.454477817826307,20,1,True,42,
permABC-SMC,814597.855227882,23.86361903863043,6076900.0,178.02259802818298,0.7011373688477197,24.40503344541812,446.11198955452977,27.63102111512336,0.1827781906619681,10.351357390183852,0.38446486307128,2.459130976506736,20,1,True,42,
permABC-SMC,807379.3103448276,23.61674925376629,6087640.0,178.07028937339783,0.6998480168499932,24.4250272942364,445.9906132909491,27.6310211151454,0.1897816207192929,10.35285671455209,0.3906698927367203,2.460614256917556,20,1,True,42,
permABC-SMC,800270.3412073491,23.512248260768377,6098060.0,179.16333174705505,0.6985143854989145,24.42144436182216,445.6182016082907,27.63102111514524,0.1917399850915679,10.35025767325039,0.3922060127739749,2.4600809069104166,20,1,True,42,
permABC-SMC,1248583.6734693877,36.605068080279295,6118060.0,179.36483359336853,0.6975390312554618,24.43350035336816,445.9537953558199,27.631021115104712,0.1800598945706867,10.372976101192288,0.3858553983512936,2.460741594655924,20,1,True,42,
permABC-SMC,1180203.8461538462,34.50254816275376,6137060.0,179.41325044631958,0.6950291728737893,24.43385721560884,445.4264407645059,27.631021115104385,0.1813360938961443,10.373240845254998,0.3862272809531201,2.4600327880325774,20,1,True,42,
permABC-SMC,1148361.9402985077,33.5046022685606,6155220.0,179.58466815948486,0.6935541660559131,24.440062943091995,443.481562692013,27.631021115104254,0.1835099129288475,10.367668570041918,0.3880726196028953,2.4595914992180328,20,1,True,42,
permABC-SMC,1122265.4545454546,32.849211952903055,6172460.0,180.6706657409668,0.6919703031397699,24.44385516457212,444.4766117050168,27.63102111510423,0.1804118678894634,10.378763092524723,0.3885549196184314,2.459947608987856,20,1,True,42,
permABC-SMC,1085792.9824561407,31.86141867386668,6189020.0,181.61008644104004,0.6911500062646833,24.44355217422915,443.9720115444392,27.63102111510392,0.1825928837138524,10.374220420146791,0.389279985456684,2.459058220493493,20,1,True,42,
permABC-SMC,1066113.402061856,31.369759086071426,6204780.0,182.57199788093567,0.6902114219986625,24.48428220131625,442.5764649234851,27.63102111510576,0.1856894358831267,10.373824693975353,0.388780243081811,2.456868760398394,20,1,True,42,
permABC-SMC,1029768.2119205298,30.38219197696408,6219800.0,183.50843954086304,0.6889345958627691,24.50019534030095,440.5801130795805,27.63102111510588,0.186565322272061,10.365369788849186,0.3895170630087983,2.4554771440923813,20,1,True,42,
permABC-SMC,1012025.974025974,29.960695102617336,6234080.0,184.5578818321228,0.6858671717742362,24.506379557804784,439.3394587297525,27.631021115127595,0.192539823761301,10.361586891847312,0.394271848282714,2.4561333361619173,20,1,True,42,
permABC-SMC,1007687.0967741936,29.7731718709392,6247660.0,184.593665599823,0.6842272538359121,24.51378113781395,440.0066300861648,27.63102111512736,0.1957336753768885,10.363676841038776,0.3937328874207684,2.456997672281485,20,1,True,42,
permABC-SMC,987473.186119874,29.281543481989235,6260580.0,185.64498567581177,0.6828835937414056,24.51625378113416,439.7199511644088,27.631021115126945,0.2009514195550529,10.3656013704175,0.402758133265003,2.4590519750106123,20,1,True,42,
permABC-SMC,977093.4579439252,28.921922196480345,6272940.0,185.6787405014038,0.681635272813912,24.491418365410173,439.7194056114439,27.631021115126323,0.1979959990982059,10.366686958327548,0.3976803459766851,2.4564936991603687,20,1,True,42,
permABC-SMC,969861.1111111112,28.792212112450304,6284700.0,186.573534488678,0.6792141902386866,24.49759002559142,438.4188823706236,27.63102111512636,0.2003715118364496,10.359367204891422,0.3998603819190086,2.4553237514684514,20,1,True,42,
permABC-SMC,956838.905775076,28.496237293927503,6296000.0,187.50524139404297,0.677414487611436,24.503495107076965,438.9317007315159,27.63102111512658,0.2045632207582244,10.36975798299857,0.4001812860832801,2.457278345138407,20,1,True,42,
permABC-SMC,949816.2650602408,28.261754311710952,6306780.0,187.6580486297608,0.6765968402206407,24.515212683308263,439.95712592725295,27.63102111512729,0.2003562215940177,10.381027759694442,0.3935730242488547,2.459210463791902,20,1,True,42,
permABC-SMC,951358.4337349396,28.266826487449272,6317020.0,187.6917278766632,0.6745262993549853,24.525266770914897,440.195044173688,27.631021115127314,0.2059556736129215,10.385539654450668,0.3979847831755324,2.460049322340284,20,1,True,42,
permABC-SMC,1584255.0,46.93519192934036,6337020.0,187.74076771736145,0.6737627213207962,24.44973939555161,439.455300844496,27.6310211150409,0.1813276009988336,10.390375065287676,0.3869887297694091,2.456879788201565,20,1,True,42,
permABC-SMC,1542723.3009708738,45.57973499436981,6356020.0,187.7885081768036,0.6731843815381087,24.422520041317927,439.1305506834365,27.631021115039744,0.1765752777367633,10.38629944218627,0.3816351827663864,2.4545636015933683,20,1,True,42,
permABC-SMC,1475481.4814814816,43.47959801002785,6374080.0,187.8318634033203,0.6698700477660244,24.42174632716808,438.56192223212327,27.63102111503995,0.181477734877115,10.384094553626047,0.389570441010239,2.4559359617124223,20,1,True,42,
permABC-SMC,1452559.0909090908,42.69861551848325,6391260.0,187.8739082813263,0.6692805552193093,24.427589250572325,438.7581096360815,27.63102111504122,0.1759132245269763,10.389221119106836,0.3845103447120813,2.456142398748269,20,1,True,42,
permABC-SMC,1405175.438596491,41.20932885429315,6407600.0,187.9145395755768,0.667489088902586,24.43077818120657,437.70763835560734,27.631021115041072,0.176452887068532,10.382166287774742,0.3849798129420423,2.4549026402902294,20,1,True,42,
permABC-SMC,1360830.508474576,39.82067517304825,6423120.0,187.9535868167877,0.6658893005023685,24.439940028735755,434.8585408349884,27.6310211150418,0.1733923204297779,10.369752277455891,0.3834167155160703,2.4523725217170096,20,1,True,42,
permABC-SMC,1341275.0,39.31509122252464,6438120.0,188.7124378681183,0.6655045964296202,24.415799825926783,434.3713372309014,27.631021115040937,0.17242217987028,10.36541735349179,0.380050844552777,2.448273424096503,20,1,True,42,
permABC-SMC,1322225.4098360655,38.864801946233534,6452460.0,189.66023349761963,0.6636556317900624,24.392454823914285,434.75429150909633,27.631021115040003,0.1689523919094139,10.366327703478897,0.3778289148669115,2.4457773529355684,20,1,True,42,
permABC-SMC,1308931.1740890692,38.58389516591061,6466120.0,190.6044421195984,0.6624458987278252,24.38228026278774,433.9374881840821,27.63102111503925,0.171986455026831,10.361038184214374,0.3783338336735052,2.444814638705385,20,1,True,42,
permABC-SMC,1290673.3067729082,37.97877946222921,6479180.0,190.65347290039065,0.6607875177521755,24.37625144211933,433.8160095616213,27.63102111503872,0.1753346763873589,10.359628667137722,0.3815238182443434,2.444645329546953,20,1,True,42,
permABC-SMC,1272870.588235294,37.560194613886814,6491640.0,191.55699253082275,0.6592441062869212,24.400271279425297,431.67578920985727,27.631021115039243,0.1735741589260216,10.35286414602741,0.3822060630503187,2.443134932130647,20,1,True,42,
permABC-SMC,1260422.480620155,37.370991429617234,6503780.0,192.83431577682487,0.6579335732392001,24.418094986072976,431.2838154695406,27.631021115060936,0.174860334088153,10.348503065997036,0.3837972135785653,2.4409809510181084,20,1,True,42,
permABC-SMC,1243496.183206107,36.80738929573816,6515920.0,192.870719909668,0.6579335732392001,24.418094986072976,431.2838154695406,27.631021115060936,0.174860334088153,10.348503065997036,0.3837972135785653,2.4409809510181084,20,1,True,42,
permABC-SMC,1236375.0,36.55639597863862,6528060.0,193.0177707672119,0.6579335732392001,24.418094986072976,431.2838154695406,27.631021115060936,0.174860334088153,10.348503065997036,0.3837972135785653,2.4409809510181084,20,1,True,42,
permABC-SMC,1220186.567164179,36.01723170992153,6540200.0,193.05236196517944,0.6579335732392001,24.418094986072976,431.2838154695406,27.631021115060936,0.174860334088153,10.348503065997036,0.3837972135785653,2.4409809510181084,20,1,True,42,
permABC-SMC,1208918.819188192,35.62454495482779,6552340.0,193.08503365516663,0.6579335732392001,24.418094986072976,431.2838154695406,27.631021115060936,0.174860334088153,10.348503065997036,0.3837972135785653,2.4409809510181084,20,1,True,42,
permABC-SMC,1202285.714285714,35.36958358226678,6564480.0,193.11792635917664,0.6579335732392001,24.418094986072976,431.2838154695406,27.631021115060936,0.174860334088153,10.348503065997036,0.3837972135785653,2.4409809510181084,20,1,True,42,
permABC-SMC,1191416.6666666665,34.99107637267181,6576620.0,193.15074157714844,0.6579335732392001,24.418094986072976,431.2838154695406,27.631021115060936,0.174860334088153,10.348503065997036,0.3837972135785653,2.4409809510181084,20,1,True,42,
permABC-SMC,1164091.8727915196,34.15206498055071,6588760.0,193.300687789917,0.6579335732392001,24.418094986072976,431.2838154695406,27.631021115060936,0.174860334088153,10.348503065997036,0.3837972135785653,2.4409809510181084,20,1,True,42,
permABC-SMC,1142024.2214532872,33.44893183262703,6600900.0,193.33482599258423,0.6579335732392001,24.418094986072976,431.2838154695406,27.631021115060936,0.174860334088153,10.348503065997036,0.3837972135785653,2.4409809510181084,20,1,True,42,
permABC-SMC,1140179.3103448276,33.33929847026693,6613040.0,193.36793112754825,0.6579335732392001,24.418094986072976,431.2838154695406,27.631021115060936,0.174860334088153,10.348503065997036,0.3837972135785653,2.4409809510181084,20,1,True,42,
permABC-SMC,1130576.791808874,33.0035791462192,6625180.0,193.40097379684448,0.6579335732392001,24.418094986072976,431.2838154695406,27.631021115060936,0.174860334088153,10.348503065997036,0.3837972135785653,2.4409809510181084,20,1,True,42,
permABC-SMC,1117393.9393939397,32.56466673680829,6637320.0,193.43412041664124,0.6579335732392001,24.418094986072976,431.2838154695406,27.631021115060936,0.174860334088153,10.348503065997036,0.3837972135785653,2.4409809510181084,20,1,True,42,
permABC-SMC,1108243.3333333333,32.244549194971725,6649460.0,193.46729516983032,0.6579335732392001,24.418094986072976,431.2838154695406,27.631021115060936,0.174860334088153,10.348503065997036,0.3837972135785653,2.4409809510181084,20,1,True,42,
permABC-SMC,1088496.7320261437,31.6177064297246,6661600.0,193.5003633499145,0.6579335732392001,24.418094986072976,431.2838154695406,27.631021115060936,0.174860334088153,10.348503065997036,0.3837972135785653,2.4409809510181084,20,1,True,42,
permABC-SMC,1083399.3506493508,31.41774790627616,6673740.0,193.5333271026612,0.6579335732392001,24.418094986072976,431.2838154695406,27.631021115060936,0.174860334088153,10.348503065997036,0.3837972135785653,2.4409809510181084,20,1,True,42,
permABC-SMC,1078367.741935484,31.220454669767808,6685880.0,193.5668189525604,0.6579335732392001,24.418094986072976,431.2838154695406,27.631021115060936,0.174860334088153,10.348503065997036,0.3837972135785653,2.4409809510181084,20,1,True,42,
permABC-SMC,1080325.8064516129,31.22579001611279,6698020.0,193.5998980998993,0.6579335732392001,24.418094986072976,431.2838154695406,27.631021115060936,0.174860334088153,10.348503065997036,0.3837972135785653,2.4409809510181084,20,1,True,42,
permABC-SMC,1065104.761904762,30.73540203155033,6710160.0,193.6330327987671,0.6579335732392001,24.418094986072976,431.2838154695406,27.631021115060936,0.174860334088153,10.348503065997036,0.3837972135785653,2.4409809510181084,20,1,True,42,
permABC-SMC,1056965.4088050316,30.45063884753101,6722300.0,193.66606307029724,0.6579335732392001,24.418094986072976,431.2838154695406,27.631021115060936,0.174860334088153,10.348503065997036,0.3837972135785653,2.4409809510181084,20,1,True,42,
permABC-SMC,1052256.25,30.26546709239483,6734440.0,193.6989893913269,0.6579335732392001,24.418094986072976,431.2838154695406,27.631021115060936,0.174860334088153,10.348503065997036,0.3837972135785653,2.4409809510181084,20,1,True,42,
permABC-SMC,1041138.8888888888,29.896914223094047,6746580.0,193.7320041656494,0.6579335732392001,24.418094986072976,431.2838154695406,27.631021115060936,0.174860334088153,10.348503065997036,0.3837972135785653,2.4409809510181084,20,1,True,42,
permABC-SMC,1036613.4969325152,29.71857204759048,6758720.0,193.76508975028992,0.6579335732392001,24.418094986072976,431.2838154695406,27.631021115060936,0.174860334088153,10.348503065997036,0.3837972135785653,2.4409809510181084,20,1,True,42,
permABC-SMC,1038475.4601226992,29.72359986392998,6770860.0,193.7978711128235,0.6579335732392001,24.418094986072976,431.2838154695406,27.631021115060936,0.174860334088153,10.348503065997036,0.3837972135785653,2.4409809510181084,20,1,True,42,
permABC-SMC,1027727.2727272724,29.368393854661416,6783000.0,193.83139944076532,0.6579335732392001,24.418094986072976,431.2838154695406,27.631021115060936,0.174860334088153,10.348503065997036,0.3837972135785653,2.4409809510181084,20,1,True,42,
permABC-SMC,1023364.4578313252,29.19644975518605,6795140.0,193.86442637443545,0.6579335732392001,24.418094986072976,431.2838154695406,27.631021115060936,0.174860334088153,10.348503065997036,0.3837972135785653,2.4409809510181084,20,1,True,42,
permABC-SMC,1006994.0828402364,28.683137364641446,6807280.0,193.8980085849762,0.6579335732392001,24.418094986072976,431.2838154695406,27.631021115060936,0.174860334088153,10.348503065997036,0.3837972135785653,2.4409809510181084,20,1,True,42,
permABC-SMC,991194.7674418604,28.18763692711676,6819420.0,193.93094205856323,0.6579335732392001,24.418094986072976,431.2838154695406,27.631021115060936,0.174860334088153,10.348503065997036,0.3837972135785653,2.4409809510181084,20,1,True,42,
permABC-SMC,990081.15942029,28.11071796693664,6831560.0,193.9639539718628,0.6579335732392001,24.418094986072976,431.2838154695406,27.631021115060936,0.174860334088153,10.348503065997036,0.3837972135785653,2.4409809510181084,20,1,True,42,
permABC-SMC,988973.9884393064,28.034265020679182,6843700.0,193.9971139431,0.6579335732392001,24.418094986072976,431.2838154695406,27.631021115060936,0.174860334088153,10.348503065997036,0.3837972135785653,2.4409809510181084,20,1,True,42,
permABC-SMC,985034.4827586208,27.87789270795625,6855840.0,194.0301332473755,0.6579335732392001,24.418094986072976,431.2838154695406,27.631021115060936,0.174860334088153,10.348503065997036,0.3837972135785653,2.4409809510181084,20,1,True,42,
permABC-SMC,986778.735632184,27.88265275544133,6867980.0,194.0632631778717,0.6579335732392001,24.418094986072976,431.2838154695406,27.631021115060936,0.174860334088153,10.348503065997036,0.3837972135785653,2.4409809510181084,20,1,True,42,
permABC-SMC,977289.7727272728,27.57051146843217,6880120.0,194.09640073776245,0.6579335732392001,24.418094986072976,431.2838154695406,27.631021115060936,0.174860334088153,10.348503065997036,0.3837972135785653,2.4409809510181084,20,1,True,42,
permABC-SMC,965302.5210084034,27.18902509085604,6892260.0,194.12963914871216,0.6579335732392001,24.418094986072976,431.2838154695406,27.631021115060936,0.174860334088153,10.348503065997036,0.3837972135785653,2.4409809510181084,20,1,True,42,
permABC-SMC,961615.5988857938,27.042121043776405,6904400.0,194.16242909431452,0.6579335732392001,24.418094986072976,431.2838154695406,27.631021115060936,0.174860334088153,10.348503065997036,0.3837972135785653,2.4409809510181084,20,1,True,42,
permABC-SMC,960630.5555555556,26.971609791119896,6916540.0,194.19559049606323,0.6579335732392001,24.418094986072976,431.2838154695406,27.631021115060936,0.174860334088153,10.348503065997036,0.3837972135785653,2.4409809510181084,20,1,True,42,
permABC-SMC,957000.0,26.827171626011967,6928680.0,194.22872257232663,0.6579335732392001,24.418094986072976,431.2838154695406,27.631021115060936,0.174860334088153,10.348503065997036,0.3837972135785653,2.4409809510181084,20,1,True,42,
permABC-SMC,953409.3406593408,26.6844521184544,6940820.0,194.262811422348,0.6579335732392001,24.418094986072976,431.2838154695406,27.631021115060936,0.174860334088153,10.348503065997036,0.3837972135785653,2.4409809510181084,20,1,True,42,
permABC-SMC,947269.7547683924,26.47084465468612,6952960.0,194.2959997653961,0.6579335732392001,24.418094986072976,431.2838154695406,27.631021115060936,0.174860334088153,10.348503065997036,0.3837972135785653,2.4409809510181084,20,1,True,42,
permABC-SMC,938692.7223719676,26.18991114058585,6965100.0,194.32914066314697,0.6579335732392001,24.418094986072976,431.2838154695406,27.631021115060936,0.174860334088153,10.348503065997036,0.3837972135785653,2.4409809510181084,20,1,True,42,
permABC-SMC,932786.0962566844,25.98425580218514,6977240.0,194.36223340034485,0.6579335732392001,24.418094986072976,431.2838154695406,27.631021115060936,0.174860334088153,10.348503065997036,0.3837972135785653,2.4409809510181084,20,1,True,42,
permABC-SMC,929438.829787234,25.85048700900788,6989380.0,194.3956623077393,0.6579335732392001,24.418094986072976,431.2838154695406,27.631021115060936,0.174860334088153,10.348503065997036,0.3837972135785653,2.4409809510181084,20,1,True,42,
permABC-SMC,921252.6315789472,25.58269224668804,7001520.0,194.4284610748291,0.6579335732392001,24.418094986072976,431.2838154695406,27.631021115060936,0.174860334088153,10.348503065997036,0.3837972135785653,2.4409809510181084,20,1,True,42,
permABC-SMC,922850.0,25.58701923019008,7013660.0,194.46134614944452,0.6579335732392001,24.418094986072976,431.2838154695406,27.631021115060936,0.174860334088153,10.348503065997036,0.3837972135785653,2.4409809510181084,20,1,True,42,
permABC-SMC,919607.3298429318,25.457366848491244,7025800.0,194.4942827224732,0.6579335732392001,24.418094986072976,431.2838154695406,27.631021115060936,0.174860334088153,10.348503065997036,0.3837972135785653,2.4409809510181084,20,1,True,42,
permABC-SMC,918791.1227154048,25.395262521489794,7037940.0,194.52771091461184,0.6579335732392001,24.418094986072976,431.2838154695406,27.631021115060936,0.174860334088153,10.348503065997036,0.3837972135785653,2.4409809510181084,20,1,True,42,
permABC-SMC,920375.9791122716,25.39959037895302,7050080.0,194.56086230278007,0.6579335732392001,24.418094986072976,431.2838154695406,27.631021115060936,0.174860334088153,10.348503065997036,0.3837972135785653,2.4409809510181084,20,1,True,42,
permABC-SMC,912431.5245478036,25.141322119907507,7062220.0,194.5938332080841,0.6579335732392001,24.418094986072976,431.2838154695406,27.631021115060936,0.174860334088153,10.348503065997036,0.3837972135785653,2.4409809510181084,20,1,True,42,
permABC-SMC,911644.3298969072,25.080768349244423,7074360.0,194.62676239013672,0.6579335732392001,24.418094986072976,431.2838154695406,27.631021115060936,0.174860334088153,10.348503065997036,0.3837972135785653,2.4409809510181084,20,1,True,42,
permABC-SMC,910861.1825192802,25.02051061713604,7086500.0,194.6595726013184,0.6579335732392001,24.418094986072976,431.2838154695406,27.631021115060936,0.174860334088153,10.348503065997036,0.3837972135785653,2.4409809510181084,20,1,True,42,
permABC-SMC,903134.8600508906,24.770034512187387,7098640.0,194.69247126579285,0.6579335732392001,24.418094986072976,431.2838154695406,27.631021115060936,0.174860334088153,10.348503065997036,0.3837972135785653,2.4409809510181084,20,1,True,42,
permABC-SMC,902383.2487309644,24.711354129810623,7110780.0,194.7254705429077,0.6579335732392001,24.418094986072976,431.2838154695406,27.631021115060936,0.174860334088153,10.348503065997036,0.3837972135785653,2.4409809510181084,20,1,True,42,
permABC-SMC,897093.1989924434,24.52878063211513,7122920.0,194.7585182189941,0.6579335732392001,24.418094986072976,431.2838154695406,27.631021115060936,0.174860334088153,10.348503065997036,0.3837972135785653,2.4409809510181084,20,1,True,42,
permABC-SMC,894117.7944862156,24.409983152136167,7135060.0,194.79166555404663,0.6579335732392001,24.418094986072976,431.2838154695406,27.631021115060936,0.174860334088153,10.348503065997036,0.3837972135785653,2.4409809510181084,20,1,True,42,
permABC-SMC,893400.0,24.35308003425598,7147200.0,194.82464027404785,0.6579335732392001,24.418094986072976,431.2838154695406,27.631021115060936,0.174860334088153,10.348503065997036,0.3837972135785653,2.4409809510181084,20,1,True,42,
permABC-SMC,888255.5831265508,24.17596350828412,7159340.0,194.85826587677,0.6579335732392001,24.418094986072976,431.2838154695406,27.631021115060936,0.174860334088153,10.348503065997036,0.3837972135785653,2.4409809510181084,20,1,True,42,
permABC-SMC,887559.405940594,24.12023603326023,7171480.0,194.89150714874268,0.6579335732392001,24.418094986072976,431.2838154695406,27.631021115060936,0.174860334088153,10.348503065997036,0.3837972135785653,2.4409809510181084,20,1,True,42,
permABC-SMC,886866.6666666664,24.064777221208733,7183620.0,194.9246954917908,0.6579335732392001,24.418094986072976,431.2838154695406,27.631021115060936,0.174860334088153,10.348503065997036,0.3837972135785653,2.4409809510181084,20,1,True,42,
permABC-SMC,886177.3399014777,24.00967334878856,7195760.0,194.9585475921631,0.6579335732392001,24.418094986072976,431.2838154695406,27.631021115060936,0.174860334088153,10.348503065997036,0.3837972135785653,2.4409809510181084,20,1,True,42,
permABC-SMC,883321.0784313726,23.89601460274528,7207900.0,194.9914791584015,0.6579335732392001,24.418094986072976,431.2838154695406,27.631021115060936,0.174860334088153,10.348503065997036,0.3837972135785653,2.4409809510181084,20,1,True,42,
permABC-SMC,882645.4767726162,23.84162368867683,7220040.0,195.0244817733765,0.6579335732392001,24.418094986072976,431.2838154695406,27.631021115060936,0.174860334088153,10.348503065997036,0.3837972135785653,2.4409809510181084,20,1,True,42,
permABC-SMC,877691.7475728155,23.672036464931896,7232180.0,195.0575804710388,0.6579335732392001,24.418094986072976,431.2838154695406,27.631021115060936,0.174860334088153,10.348503065997036,0.3837972135785653,2.4409809510181084,20,1,True,42,
permABC-SMC,874917.8743961353,23.561664595120195,7244320.0,195.0905828475952,0.6579335732392001,24.418094986072976,431.2838154695406,27.631021115060936,0.174860334088153,10.348503065997036,0.3837972135785653,2.4409809510181084,20,1,True,42,
permABC-SMC,872170.6730769231,23.45235476700159,7256460.0,195.12359166145325,0.6579335732392001,24.418094986072976,431.2838154695406,27.631021115060936,0.174860334088153,10.348503065997036,0.3837972135785653,2.4409809510181084,20,1,True,42,
permABC-SMC,871534.7721822542,23.40006914070184,7268600.0,195.15657663345337,0.6579335732392001,24.418094986072976,431.2838154695406,27.631021115060936,0.174860334088153,10.348503065997036,0.3837972135785653,2.4409809510181084,20,1,True,42,
permABC-SMC,870901.9138755981,23.348061604933303,7280740.0,195.18979501724243,0.6579335732392001,24.418094986072976,431.2838154695406,27.631021115060936,0.174860334088153,10.348503065997036,0.3837972135785653,2.4409809510181084,20,1,True,42,
permABC-SMC,872354.0669856459,23.352051180515563,7292880.0,195.2231478691101,0.6579335732392001,24.418094986072976,431.2838154695406,27.631021115060936,0.174860334088153,10.348503065997036,0.3837972135785653,2.4409809510181084,20,1,True,42,
permABC-SMC,873806.2200956938,23.355996523177225,7305020.0,195.2561309337616,0.6579335732392001,24.418094986072976,431.2838154695406,27.631021115060936,0.174860334088153,10.348503065997036,0.3837972135785653,2.4409809510181084,20,1,True,42,
permABC-SMC,871090.4761904762,23.24868136928195,7317160.0,195.2889235019684,0.6579335732392001,24.418094986072976,431.2838154695406,27.631021115060936,0.174860334088153,10.348503065997036,0.3837972135785653,2.4409809510181084,20,1,True,42,
permABC-SMC,864304.2452830189,23.03322955684842,7329300.0,195.32178664207456,0.6579335732392001,24.418094986072976,431.2838154695406,27.631021115060936,0.174860334088153,10.348503065997036,0.3837972135785653,2.4409809510181084,20,1,True,42,
permABC-SMC,863698.8235294118,22.982894925510184,7341440.0,195.3546068668365,0.6579335732392001,24.418094986072976,431.2838154695406,27.631021115060936,0.174860334088153,10.348503065997036,0.3837972135785653,2.4409809510181084,20,1,True,42,
permABC-SMC,865127.0588235294,22.98675079906688,7353580.0,195.38738179206848,0.6579335732392001,24.418094986072976,431.2838154695406,27.631021115060936,0.174860334088153,10.348503065997036,0.3837972135785653,2.4409809510181084,20,1,True,42,
permABC-SMC,866555.294117647,22.99061245076797,7365720.0,195.4202058315277,0.6579335732392001,24.418094986072976,431.2838154695406,27.631021115060936,0.174860334088153,10.348503065997036,0.3837972135785653,2.4409809510181084,20,1,True,42,
permABC-SMC,859890.4428904428,22.780111452916287,7377860.0,195.45335626602173,0.6579335732392001,24.418094986072976,431.2838154695406,27.631021115060936,0.174860334088153,10.348503065997036,0.3837972135785653,2.4409809510181084,20,1,True,42,
permABC-SMC,859302.3255813954,22.73095618846805,7390000.0,195.4862232208252,0.6579335732392001,24.418094986072976,431.2838154695406,27.631021115060936,0.174860334088153,10.348503065997036,0.3837972135785653,2.4409809510181084,20,1,True,42,
permABC-SMC,854750.5773672055,22.57725088480714,7402140.0,195.5189926624298,0.6579335732392001,24.418094986072976,431.2838154695406,27.631021115060936,0.174860334088153,10.348503065997036,0.3837972135785653,2.4409809510181084,20,1,True,42,
permABC-SMC,848315.7894736842,22.374427373131024,7414280.0,195.5524952411652,0.6579335732392001,24.418094986072976,431.2838154695406,27.631021115060936,0.174860334088153,10.348503065997036,0.3837972135785653,2.4409809510181084,20,1,True,42,
permABC-SMC,847764.8401826484,22.32714034106633,7426420.0,195.5857493877411,0.6579335732392001,24.418094986072976,431.2838154695406,27.631021115060936,0.174860334088153,10.348503065997036,0.3837972135785653,2.4409809510181084,20,1,True,42,
permABC-SMC,845290.9090909091,22.229406535625458,7438560.0,195.61877751350403,0.6579335732392001,24.418094986072976,431.2838154695406,27.631021115060936,0.174860334088153,10.348503065997036,0.3837972135785653,2.4409809510181084,20,1,True,42,
permABC-SMC,840936.7945823928,22.0825712244882,7450700.0,195.65158104896545,0.6579335732392001,24.418094986072976,431.2838154695406,27.631021115060936,0.174860334088153,10.348503065997036,0.3837972135785653,2.4409809510181084,20,1,True,42,
permABC-SMC,836641.2556053812,21.9377028835194,7462840.0,195.68430972099304,0.6579335732392001,24.418094986072976,431.2838154695406,27.631021115060936,0.174860334088153,10.348503065997036,0.3837972135785653,2.4409809510181084,20,1,True,42,
permABC-SMC,838002.2421524663,21.94138963126281,7474980.0,195.71719551086423,0.6579335732392001,24.418094986072976,431.2838154695406,27.631021115060936,0.174860334088153,10.348503065997036,0.3837972135785653,2.4409809510181084,20,1,True,42,
permABC-SMC,837485.4586129754,21.89596107342099,7487120.0,195.74989199638367,0.6579335732392001,24.418094986072976,431.2838154695406,27.631021115060936,0.174860334088153,10.348503065997036,0.3837972135785653,2.4409809510181084,20,1,True,42,
permABC-SMC,835106.9042316258,21.80206417240916,7499260.0,195.78253626823425,0.6579335732392001,24.418094986072976,431.2838154695406,27.631021115060936,0.174860334088153,10.348503065997036,0.3837972135785653,2.4409809510181084,20,1,True,42,
permABC-SMC,827246.6960352423,21.56554452648247,7511400.0,195.8151443004608,0.6579335732392001,24.418094986072976,431.2838154695406,27.631021115060936,0.174860334088153,10.348503065997036,0.3837972135785653,2.4409809510181084,20,1,True,42,
permABC-SMC,824949.5614035086,21.47459089756012,7523540.0,195.8482689857483,0.6579335732392001,24.418094986072976,431.2838154695406,27.631021115060936,0.174860334088153,10.348503065997036,0.3837972135785653,2.4409809510181084,20,1,True,42,
permABC-SMC,820880.1742919389,21.3377933616472,7535680.0,195.8809430599213,0.6579335732392001,24.418094986072976,431.2838154695406,27.631021115060936,0.174860334088153,10.348503065997036,0.3837972135785653,2.4409809510181084,20,1,True,42,
permABC-SMC,822202.6143790849,21.341367276925148,7547820.0,195.91375160217285,0.6579335732392001,24.418094986072976,431.2838154695406,27.631021115060936,0.174860334088153,10.348503065997036,0.3837972135785653,2.4409809510181084,20,1,True,42,
permABC-SMC,816410.3671706264,21.16052313963229,7559960.0,195.946444272995,0.6579335732392001,24.418094986072976,431.2838154695406,27.631021115060936,0.174860334088153,10.348503065997036,0.3837972135785653,2.4409809510181084,20,1,True,42,
permABC-SMC,815959.0517241377,21.118431898026625,7572100.0,195.9790480136872,0.6579335732392001,24.418094986072976,431.2838154695406,27.631021115060936,0.174860334088153,10.348503065997036,0.3837972135785653,2.4409809510181084,20,1,True,42,
permABC-SMC,810282.0512820511,20.94142011597625,7584240.0,196.0116922855377,0.6579335732392001,24.418094986072976,431.2838154695406,27.631021115060936,0.174860334088153,10.348503065997036,0.3837972135785653,2.4409809510181084,20,1,True,42,
permABC-SMC,808125.5319148938,20.85576382089169,7596380.0,196.04417991638184,0.6579335732392001,24.418094986072976,431.2838154695406,27.631021115060936,0.174860334088153,10.348503065997036,0.3837972135785653,2.4409809510181084,20,1,True,42,
permABC-SMC,805987.2881355932,20.77088921757068,7608520.0,196.0771942138672,0.6579335732392001,24.418094986072976,431.2838154695406,27.631021115060936,0.174860334088153,10.348503065997036,0.3837972135785653,2.4409809510181084,20,1,True,42,
permABC-SMC,805566.5961945032,20.730465990796407,7620660.0,196.110208272934,0.6579335732392001,24.418094986072976,431.2838154695406,27.631021115060936,0.174860334088153,10.348503065997036,0.3837972135785653,2.4409809510181084,20,1,True,42,
permABC-SMC,805147.6793248946,20.69023140875096,7632800.0,196.1433937549591,0.6579335732392001,24.418094986072976,431.2838154695406,27.631021115060936,0.174860334088153,10.348503065997036,0.3837972135785653,2.4409809510181084,20,1,True,42,
permABC-SMC,799679.9163179918,20.52049377473329,7644940.0,196.1759204864502,0.6579335732392001,24.418094986072976,431.2838154695406,27.631021115060936,0.174860334088153,10.348503065997036,0.3837972135785653,2.4409809510181084,20,1,True,42,
permABC-SMC,799277.6617954071,20.481068331413827,7657080.0,196.2086346149445,0.6579335732392001,24.418094986072976,431.2838154695406,27.631021115060936,0.174860334088153,10.348503065997036,0.3837972135785653,2.4409809510181084,20,1,True,42,
permABC-SMC,798877.0833333333,20.44182769954205,7669220.0,196.24154591560364,0.6579335732392001,24.418094986072976,431.2838154695406,27.631021115060936,0.174860334088153,10.348503065997036,0.3837972135785653,2.4409809510181084,20,1,True,42,
permABC-SMC,796821.5767634854,20.36038498660836,7681360.0,196.2741112709045,0.6579335732392001,24.418094986072976,431.2838154695406,27.631021115060936,0.174860334088153,10.348503065997036,0.3837972135785653,2.4409809510181084,20,1,True,42,
permABC-SMC,798080.9128630706,20.363796153009183,7693500.0,196.3069949150085,0.6579335732392001,24.418094986072976,431.2838154695406,27.631021115060936,0.174860334088153,10.348503065997036,0.3837972135785653,2.4409809510181084,20,1,True,42,
permABC-SMC,796037.1900826447,20.28301624227161,7705640.0,196.3395972251892,0.6579335732392001,24.418094986072976,431.2838154695406,27.631021115060936,0.174860334088153,10.348503065997036,0.3837972135785653,2.4409809510181084,20,1,True,42,
permABC-SMC,794010.2880658437,20.202898292384525,7717780.0,196.3721714019776,0.6579335732392001,24.418094986072976,431.2838154695406,27.631021115060936,0.174860334088153,10.348503065997036,0.3837972135785653,2.4409809510181084,20,1,True,42,
permABC-SMC,793626.2833675564,20.16477445312594,7729920.0,196.40490317344663,0.6579335732392001,24.418094986072976,431.2838154695406,27.631021115060936,0.174860334088153,10.348503065997036,0.3837972135785653,2.4409809510181084,20,1,True,42,
permABC-SMC,794872.6899383983,20.16818200293508,7742060.0,196.43809270858765,0.6579335732392001,24.418094986072976,431.2838154695406,27.631021115060936,0.174860334088153,10.348503065997036,0.3837972135785653,2.4409809510181084,20,1,True,42,
permABC-SMC,792862.9856850716,20.08907475598264,7754200.0,196.47115111351013,0.6579335732392001,24.418094986072976,431.2838154695406,27.631021115060936,0.174860334088153,10.348503065997036,0.3837972135785653,2.4409809510181084,20,1,True,42,
permABC-SMC,789262.1951219512,19.96991787014938,7766340.0,196.5039918422699,0.6579335732392001,24.418094986072976,431.2838154695406,27.631021115060936,0.174860334088153,10.348503065997036,0.3837972135785653,2.4409809510181084,20,1,True,42,
permABC-SMC,787295.5465587046,19.89240228888477,7778480.0,196.53693461418152,0.6579335732392001,24.418094986072976,431.2838154695406,27.631021115060936,0.174860334088153,10.348503065997036,0.3837972135785653,2.4409809510181084,20,1,True,42,
permABC-SMC,788524.2914979758,19.8957554000592,7790620.0,196.57006335258484,0.6579335732392001,24.418094986072976,431.2838154695406,27.631021115060936,0.174860334088153,10.348503065997036,0.3837972135785653,2.4409809510181084,20,1,True,42,
permABC-SMC,788157.5757575757,19.858874528094976,7802760.0,196.60285782814023,0.6579335732392001,24.418094986072976,431.2838154695406,27.631021115060936,0.174860334088153,10.348503065997036,0.3837972135785653,2.4409809510181084,20,1,True,42,
permABC-SMC,786207.2434607646,19.78227048812498,7814900.0,196.63576865196228,0.6579335732392001,24.418094986072976,431.2838154695406,27.631021115060936,0.174860334088153,10.348503065997036,0.3837972135785653,2.4409809510181084,20,1,True,42,
permABC-SMC,787428.5714285715,19.78558649719361,7827040.0,196.6687297821045,0.6579335732392001,24.418094986072976,431.2838154695406,27.631021115060936,0.174860334088153,10.348503065997036,0.3837972135785653,2.4409809510181084,20,1,True,42,
permABC-SMC,788649.8993963783,19.78888012753646,7839180.0,196.7014684677124,0.6579335732392001,24.418094986072976,431.2838154695406,27.631021115060936,0.174860334088153,10.348503065997036,0.3837972135785653,2.4409809510181084,20,1,True,42,
permABC-SMC,786705.4108216433,19.71283673284527,7851320.0,196.73411059379572,0.6579335732392001,24.418094986072976,431.2838154695406,27.631021115060936,0.174860334088153,10.348503065997036,0.3837972135785653,2.4409809510181084,20,1,True,42,
permABC-SMC,784776.4471057884,19.637392095463007,7863460.0,196.7666687965393,0.6579335732392001,24.418094986072976,431.2838154695406,27.631021115060936,0.174860334088153,10.348503065997036,0.3837972135785653,2.4409809510181084,20,1,True,42,
permABC-SMC,785988.0239520958,19.640651553452848,7875600.0,196.7993285655976,0.6579335732392001,24.418094986072976,431.2838154695406,27.631021115060936,0.174860334088153,10.348503065997036,0.3837972135785653,2.4409809510181084,20,1,True,42,
permABC-SMC,784069.5825049701,19.56579865328597,7887740.0,196.83193445205688,0.6579335732392001,24.418094986072976,431.2838154695406,27.631021115060936,0.174860334088153,10.348503065997036,0.3837972135785653,2.4409809510181084,20,1,True,42,
permABC-SMC,783718.253968254,19.53021857946638,7899880.0,196.86460328102112,0.6579335732392001,24.418094986072976,431.2838154695406,27.631021115060936,0.174860334088153,10.348503065997036,0.3837972135785653,2.4409809510181084,20,1,True,42,
permABC-SMC,784922.619047619,19.533505444488828,7912020.0,196.8977348804474,0.6579335732392001,24.418094986072976,431.2838154695406,27.631021115060936,0.174860334088153,10.348503065997036,0.3837972135785653,2.4409809510181084,20,1,True,42,
permABC-SMC,784570.2970297029,19.498051416755903,7924160.0,196.93031930923465,0.6579335732392001,24.418094986072976,431.2838154695406,27.631021115060936,0.174860334088153,10.348503065997036,0.3837972135785653,2.4409809510181084,20,1,True,42,
permABC-SMC,782672.58382643,19.424343461821064,7936300.0,196.9628427028656,0.6579335732392001,24.418094986072976,431.2838154695406,27.631021115060936,0.174860334088153,10.348503065997036,0.3837972135785653,2.4409809510181084,20,1,True,42,
permABC-SMC,780789.7838899803,19.351218421239047,7948440.0,196.9954035282135,0.6579335732392001,24.418094986072976,431.2838154695406,27.631021115060936,0.174860334088153,10.348503065997036,0.3837972135785653,2.4409809510181084,20,1,True,42,
permABC-SMC,781982.3182711198,19.35442234069285,7960580.0,197.0280194282532,0.6579335732392001,24.418094986072976,431.2838154695406,27.631021115060936,0.174860334088153,10.348503065997036,0.3837972135785653,2.4409809510181084,20,1,True,42,
permABC-SMC,780109.5890410959,19.2818855352831,7972720.0,197.0608701705933,0.6579335732392001,24.418094986072976,431.2838154695406,27.631021115060936,0.174860334088153,10.348503065997036,0.3837972135785653,2.4409809510181084,20,1,True,42,
permABC-SMC,781297.4559686888,19.285069706388647,7984860.0,197.093412399292,0.6579335732392001,24.418094986072976,431.2838154695406,27.631021115060936,0.174860334088153,10.348503065997036,0.3837972135785653,2.4409809510181084,20,1,True,42,
permABC-SMC,782485.3228962818,19.288246762262634,7997000.0,197.1258819103241,0.6579335732392001,24.418094986072976,431.2838154695406,27.631021115060936,0.174860334088153,10.348503065997036,0.3837972135785653,2.4409809510181084,20,1,True,42,
permABC-SMC,782142.578125,19.2537531722337,8009140.0,197.1584324836731,0.6579335732392001,24.418094986072976,431.2838154695406,27.631021115060936,0.174860334088153,10.348503065997036,0.3837972135785653,2.4409809510181084,20,1,True,42,
permABC-SMC,783328.125,19.25692807417363,8021280.0,197.190943479538,0.6579335732392001,24.418094986072976,431.2838154695406,27.631021115060936,0.174860334088153,10.348503065997036,0.3837972135785653,2.4409809510181084,20,1,True,42,
permABC-SMC,779943.6893203884,19.14793685801978,8033420.0,197.22374963760376,0.6579335732392001,24.418094986072976,431.2838154695406,27.631021115060936,0.174860334088153,10.348503065997036,0.3837972135785653,2.4409809510181084,20,1,True,42,
permABC-SMC,779608.527131783,19.114015130109564,8045560.0,197.2566361427307,0.6579335732392001,24.418094986072976,431.2838154695406,27.631021115060936,0.174860334088153,10.348503065997036,0.3837972135785653,2.4409809510181084,20,1,True,42,
permABC-SMC,777770.2702702703,19.043364372953025,8057700.0,197.2892549037933,0.6579335732392001,24.418094986072976,431.2838154695406,27.631021115060936,0.174860334088153,10.348503065997036,0.3837972135785653,2.4409809510181084,20,1,True,42,
permABC-SMC,777441.2331406551,19.00981749643021,8069840.0,197.3219056129456,0.6579335732392001,24.418094986072976,431.2838154695406,27.631021115060936,0.174860334088153,10.348503065997036,0.3837972135785653,2.4409809510181084,20,1,True,42,
permABC-SMC,778610.7899807321,19.01295442342299,8081980.0,197.35446691513064,0.6579335732392001,24.418094986072976,431.2838154695406,27.631021115060936,0.174860334088153,10.348503065997036,0.3837972135785653,2.4409809510181084,20,1,True,42,
permABC-SMC,779780.3468208092,19.0160967481389,8094120.0,197.38708424568176,0.6579335732392001,24.418094986072976,431.2838154695406,27.631021115060936,0.174860334088153,10.348503065997036,0.3837972135785653,2.4409809510181084,20,1,True,42,
permABC-SMC,779448.0769230769,18.982654053431293,8106260.0,197.41960215568545,0.6579335732392001,24.418094986072976,431.2838154695406,27.631021115060936,0.174860334088153,10.348503065997036,0.3837972135785653,2.4409809510181084,20,1,True,42,
permABC-SMC,780615.3846153846,18.98579414074237,8118400.0,197.4522590637207,0.6579335732392001,24.418094986072976,431.2838154695406,27.631021115060936,0.174860334088153,10.348503065997036,0.3837972135785653,2.4409809510181084,20,1,True,42,
permABC-SMC,780282.1497120921,18.95247519359479,8130540.0,197.4847915172577,0.6579335732392001,24.418094986072976,431.2838154695406,27.631021115060936,0.174860334088153,10.348503065997036,0.3837972135785653,2.4409809510181084,20,1,True,42,
permABC-SMC,779950.191570881,18.91928493291482,8142680.0,197.5173346996308,0.6579335732392001,24.418094986072976,431.2838154695406,27.631021115060936,0.174860334088153,10.348503065997036,0.3837972135785653,2.4409809510181084,20,1,True,42,
permABC-SMC,781113.0268199232,18.922476224972367,8154820.0,197.55065178871155,0.6579335732392001,24.418094986072976,431.2838154695406,27.631021115060936,0.174860334088153,10.348503065997036,0.3837972135785653,2.4409809510181084,20,1,True,42,
permABC-SMC,782275.8620689653,18.92567073705096,8166960.0,197.584002494812,0.6579335732392001,24.418094986072976,431.2838154695406,27.631021115060936,0.174860334088153,10.348503065997036,0.3837972135785653,2.4409809510181084,20,1,True,42,
permABC-SMC,781940.7265774378,18.89261173700511,8179100.0,197.6167187690735,0.6579335732392001,24.418094986072976,431.2838154695406,27.631021115060936,0.174860334088153,10.348503065997036,0.3837972135785653,2.4409809510181084,20,1,True,42,
permABC-SMC,780118.0952380953,18.82376813888549,8191240.0,197.64956545829773,0.6579335732392001,24.418094986072976,431.2838154695406,27.631021115060936,0.174860334088153,10.348503065997036,0.3837972135785653,2.4409809510181084,20,1,True,42,
permABC-SMC,781274.2857142857,18.82692318870908,8203380.0,197.6826934814453,0.6579335732392001,24.418094986072976,431.2838154695406,27.631021115060936,0.174860334088153,10.348503065997036,0.3837972135785653,2.4409809510181084,20,1,True,42,
permABC-SMC,782430.4761904762,18.83007462819417,8215520.0,197.7157835960388,0.6579335732392001,24.418094986072976,431.2838154695406,27.631021115060936,0.174860334088153,10.348503065997036,0.3837972135785653,2.4409809510181084,20,1,True,42,
permABC-SMC,782096.9581749049,18.797400265138865,8227660.0,197.7486507892609,0.6579335732392001,24.418094986072976,431.2838154695406,27.631021115060936,0.174860334088153,10.348503065997036,0.3837972135785653,2.4409809510181084,20,1,True,42,
permABC-SMC,778809.0737240076,18.693906350487342,8239800.0,197.78152918815613,0.6579335732392001,24.418094986072976,431.2838154695406,27.631021115060936,0.174860334088153,10.348503065997036,0.3837972135785653,2.4409809510181084,20,1,True,42,
permABC-SMC,779956.5217391304,18.69698956693278,8251940.0,197.8141496181488,0.6579335732392001,24.418094986072976,431.2838154695406,27.631021115060936,0.174860334088153,10.348503065997036,0.3837972135785653,2.4409809510181084,20,1,True,42,
permABC-SMC,779630.1886792452,18.664790751799096,8264080.0,197.84678196907043,0.6579335732392001,24.418094986072976,431.2838154695406,27.631021115060936,0.174860334088153,10.348503065997036,0.3837972135785653,2.4409809510181084,20,1,True,42,
permABC-SMC,779305.0847457625,18.632740601756925,8276220.0,197.87970519065857,0.6579335732392001,24.418094986072976,431.2838154695406,27.631021115060936,0.174860334088153,10.348503065997036,0.3837972135785653,2.4409809510181084,20,1,True,42,
permABC-SMC,777519.6998123828,18.565889125022387,8288360.0,197.91237807273865,0.6579335732392001,24.418094986072976,431.2838154695406,27.631021115060936,0.174860334088153,10.348503065997036,0.3837972135785653,2.4409809510181084,20,1,True,42,
permABC-SMC,777200.3745318352,18.534196070517496,8300500.0,197.94521403312683,0.6579335732392001,24.418094986072976,431.2838154695406,27.631021115060936,0.174860334088153,10.348503065997036,0.3837972135785653,2.4409809510181084,20,1,True,42,
permABC-SMC,775432.8358208955,18.46810712743161,8312640.0,197.9781084060669,0.6579335732392001,24.418094986072976,431.2838154695406,27.631021115060936,0.174860334088153,10.348503065997036,0.3837972135785653,2.4409809510181084,20,1,True,42,
permABC-SMC,776565.2985074627,18.47117316367021,8324780.0,198.01097631454468,0.6579335732392001,24.418094986072976,431.2838154695406,27.631021115060936,0.174860334088153,10.348503065997036,0.3837972135785653,2.4409809510181084,20,1,True,42,
permABC-SMC,776249.5344506518,18.43987157224943,8336920.0,198.0442206859589,0.6579335732392001,24.418094986072976,431.2838154695406,27.631021115060936,0.174860334088153,10.348503065997036,0.3837972135785653,2.4409809510181084,20,1,True,42,
permABC-SMC,775877.3234200742,18.49539962399848,8348440.0,199.01049995422363,0.657908234700528,24.40535668027971,431.724711207173,27.63102111506008,0.1575692069533955,10.36630704820909,0.3743728905520833,2.441810230178839,20,1,True,42,
permABC-SMC,774016.6666666666,18.521155538382352,8359380.0,200.02847981452945,0.6562889061205334,24.41460574942363,431.9897070062316,27.63102111506078,0.1591279155044085,10.371928743018415,0.3746822797933378,2.442922427922948,20,1,True,42,
permABC-SMC,773545.2865064696,18.49073222296075,8369760.0,200.0697226524353,0.654902506354379,24.422452350654925,431.4406275367165,27.63102111510295,0.1614324130393367,10.371032403798075,0.375837748288928,2.442442599874972,20,1,True,42,
permABC-SMC,1033221.6748768472,24.645753623229528,8389760.0,200.12351942062372,0.6528900681021688,24.42499661744312,431.2851016881315,27.631021115083435,0.1603896820394667,10.369481011653203,0.3746366473586537,2.4410128888924665,20,1,True,42,
permABC-SMC,1018012.1065375304,24.23535827863014,8408780.0,200.18405938148496,0.6514643794910759,24.43810919796736,430.9443343260678,27.631021115105167,0.1626933967463822,10.369118767552331,0.3761636145922694,2.4409692587077214,20,1,True,42,
permABC-SMC,993754.716981132,23.72433172082001,8427040.0,201.1823329925537,0.651003500361805,24.452887314427063,428.9797632822219,27.63102111510558,0.1594063239290963,10.359930409556169,0.3741596099755724,2.437242982493623,20,1,True,42,
permABC-SMC,986495.3271028036,23.627296285094506,8444400.0,202.2496562004089,0.6498688318710295,24.450873040228032,429.0411379962799,27.63102111510541,0.1627949468508761,10.366046874477997,0.375094282648302,2.4382795940433866,20,1,True,42,
permABC-SMC,972514.9425287356,23.372846965132087,8460880.0,203.3437685966492,0.6479498293174092,24.462643735317563,428.56856911769023,27.631021115105664,0.1649616633709055,10.363521419952647,0.3767572057235803,2.4385065047826275,20,1,True,42,
permABC-SMC,967641.5525114156,23.31558735403296,8476540.0,204.2445452213288,0.646800769759684,24.493087796887423,429.0975135499216,27.631021115128306,0.1665106566897126,10.37473735677638,0.3784376828352839,2.4409200982476302,20,1,True,42,
permABC-SMC,960567.8733031674,23.205005124683293,8491420.0,205.13224530220032,0.6459249921974307,24.504392132362423,429.4954532099209,27.631021115129226,0.1684564717708433,10.37793619925629,0.3777246346019632,2.441064134320269,20,1,True,42,
permABC-SMC,947167.0378619152,22.96504199106603,8505560.0,206.2260770797729,0.6440017981871317,24.506840202996745,430.0579911185806,27.63102111512893,0.1707366163317837,10.383110169433706,0.379159558244375,2.4426256788332363,20,1,True,42,
permABC-SMC,942367.256637168,22.91812585518423,8519000.0,207.17985773086548,0.6415768727491401,24.499291971587247,429.87877359764695,27.63102111512853,0.1759787732657989,10.384276589456231,0.382976629610837,2.443307908456355,20,1,True,42,
permABC-SMC,935499.9999999998,22.82301875060065,8531760.0,208.1459310054779,0.6401077002012722,24.483186644896325,429.8883965264474,27.631021115127893,0.1785119684682967,10.383337861402518,0.3830671655928541,2.444070633363773,20,1,True,42,
permABC-SMC,926709.327548807,22.67970133758677,8544260.0,209.10684633255005,0.639370517198043,24.480261502408595,430.16346927107855,27.631021115127616,0.1795675864921778,10.384618270227673,0.3831284456461918,2.444606625426023,20,1,True,42,
permABC-SMC,926004.3290043288,22.63588242200546,8556280.0,209.15555357933044,0.6392558834403069,24.46983053446037,428.7265967504593,27.63102111512701,0.1700201317192601,10.378029854131166,0.3732376287766699,2.4395132883197115,20,1,True,42,
permABC-SMC,915352.564102564,22.349345480274945,8567700.0,209.1898736953736,0.6383877749850746,24.45978073379578,427.8230160613118,27.631021115126533,0.1664261305032406,10.374495020944249,0.3714604776686142,2.4377515270729044,20,1,True,42,
permABC-SMC,908743.6440677966,22.178599970825648,8578540.0,209.3659837245941,0.6366097020678395,24.464503502182545,428.2571612313615,27.63102111512657,0.1673954269208679,10.381586488611232,0.3709018427401426,2.4397268270951686,20,1,True,42,
permABC-SMC,907911.205073996,22.13538585203143,8588840.0,209.40075016021729,0.6354374251277605,24.49352292413706,425.2845222289799,27.63102111512808,0.1639830646388249,10.367764568373682,0.3680772705151908,2.4378079321130346,20,1,True,42,
permABC-SMC,1559572.4637681155,37.94388762418774,8608840.0,209.4502596855164,0.6345490768577927,24.46838441215192,425.4657452225737,27.63102111510674,0.1658565697301503,10.370244192088574,0.3717163647644843,2.43974293987591,20,1,True,42,
permABC-SMC,1540696.4285714282,37.43628765855516,8627900.0,209.6432108879089,0.6324796935354017,24.46236977059317,425.54253509403566,27.63102111510612,0.1689645111134241,10.369112893701402,0.3725315278948125,2.439645509858695,20,1,True,42,
permABC-SMC,1511538.4615384615,36.65882678298684,8646000.0,209.6884891986847,0.6307571297737,24.46718222024313,425.5225613868093,27.63102111510652,0.1718387426463188,10.37371441194743,0.3699817312551575,2.43949784652195,20,1,True,42,
permABC-SMC,1473353.7414965986,35.84789512108783,8663320.0,210.7856233119965,0.6300579995772609,24.49571172871993,425.1897098902259,27.63102111510931,0.1746229135710826,10.378937079894982,0.3720027683411578,2.441936278764431,20,1,True,42,
permABC-SMC,1451474.91638796,35.43273007191942,8679820.0,211.88772583007807,0.6296188875182167,24.49189109547727,422.8283248724955,27.63102111510868,0.1683838417215456,10.36545436295227,0.3697097203532106,2.440096108445748,20,1,True,42,
permABC-SMC,1439652.3178807946,35.239542991120295,8695500.0,212.84683966636652,0.6276665758605902,24.489276637608302,422.572743428669,27.63102111510825,0.1693166567450248,10.365074564433009,0.3683756760303595,2.4389879546866786,20,1,True,42,
permABC-SMC,1423287.5816993464,34.78683135867898,8710520.0,212.89540791511536,0.6260596533667409,24.502958117530355,422.6819507865239,27.631021115130263,0.174550196792986,10.371843726734472,0.3721674078142802,2.442219795212219,20,1,True,42,
permABC-SMC,1407235.4838709678,34.34418851329434,8724860.0,212.93396878242493,0.6250347779527478,24.49965754545657,422.2425197577813,27.631021115129744,0.1760751606054167,10.368443677170252,0.3742551266913505,2.442957352906056,20,1,True,42,
permABC-SMC,1391484.0764331212,33.935364074767776,8738520.0,213.11408638954163,0.6238706773762352,24.52466256851152,421.5147691141092,27.63102111515192,0.177233751710497,10.369271360422545,0.3746406788615469,2.442716504506541,20,1,True,42,
permABC-SMC,1358925.4658385094,33.23723944077581,8751480.0,214.0478219985962,0.6224178504576271,24.540001843224047,421.4699667342992,27.631021115173795,0.1819278207912321,10.3786739057465,0.3830397109859793,2.447509432057417,20,1,True,42,
permABC-SMC,1352444.4444444445,33.03923827630502,8763840.0,214.0942640304565,0.6209267764198423,24.544630934857704,421.251133235648,27.631021115173628,0.1848108887579737,10.378400012032955,0.3824994990625975,2.446544387427129,20,1,True,42,
permABC-SMC,1346018.404907975,32.9793449559826,8776040.0,215.0253291130066,0.6205648092253016,24.56407443820543,420.48282831946807,27.63102111519596,0.1855202233677627,10.37551499643395,0.3829355331711251,2.445907993434797,20,1,True,42,
permABC-SMC,1331466.6666666665,32.723961418325246,8787680.0,215.97814536094663,0.6203155399539358,24.538173093439426,419.7863924848031,27.631021115195107,0.1796946028129359,10.375858421313156,0.3824003371824427,2.4436528877077293,20,1,True,42,
permABC-SMC,1321129.129129129,32.57361356918518,8798720.0,216.9402663707733,0.6189828567122871,24.55750908395948,419.47359557247,27.63102111519652,0.183165155839093,10.376287166698608,0.3830685149272194,2.4442427333843275,20,1,True,42,
permABC-SMC,1314808.9552238805,32.40966341388759,8809220.0,217.14474487304688,0.6181819126214314,24.55537372195174,419.6530776156827,27.63102111519608,0.1852540211651554,10.375949123503991,0.3834752669033921,2.4429561064225727,20,1,True,42,
permABC-SMC,1312383.9285714284,32.34230177033515,8819220.0,217.34026789665225,0.6168132534982849,24.57441124223296,419.16092474540585,27.631021115217507,0.1889989009658806,10.374893249794,0.3845549488506356,2.4421741493968594,20,1,True,42,
permABC-SMC,2278149.4845360825,56.06540097403772,8839220.0,217.5337557792664,0.615967509535324,24.5625435724842,418.20483096535975,27.631021115197512,0.1892957148621901,10.372565168127904,0.3873949555411456,2.4421648159951985,20,1,True,42,
permABC-SMC,2181852.216748768,53.84809765322454,8858320.0,218.62327647209167,0.6145966756824626,24.56160261514972,418.0977317025244,27.631021115197168,0.1915052379480071,10.372600907492972,0.3886634533584917,2.442491738830199,20,1,True,42,
permABC-SMC,2175637.2549019605,53.86143069641263,8876600.0,219.75463724136355,0.6137291462119804,24.59835329105211,417.0289426582359,27.6310211152208,0.1934156902900116,10.372356235555902,0.3894020881944317,2.443165331274,20,1,True,42,
permABC-SMC,2148338.164251208,53.31335436318808,8894120.0,220.71728706359863,0.6130228561383346,24.61147294715049,417.084750689113,27.6310211152426,0.1959836541505,10.373970017321888,0.3889748542653232,2.4427256233371613,20,1,True,42,
permABC-SMC,2131775.1196172247,53.06728730361428,8910820.0,221.82126092910767,0.6115266517056376,24.64205162102932,417.5463835132356,27.631021115264872,0.2000546384665224,10.382821381199795,0.3881281268184515,2.443764145750796,20,1,True,42,
permABC-SMC,2066370.3703703703,51.56691813910449,8926720.0,222.7690863609314,0.6103463655913398,24.62773440189485,418.10896582744977,27.631021115264264,0.2047829065337734,10.386636359983196,0.3915808527345528,2.4453985804399574,20,1,True,42,
permABC-SMC,2032231.818181818,50.84012730555101,8941820.0,223.69656014442444,0.6077373777269127,24.63160607084877,417.8436632759392,27.63102111526407,0.2094204309966501,10.382558167362168,0.39410508842628,2.4449068928662365,20,1,True,42,
permABC-SMC,2008112.1076233184,50.36643738169307,8956180.0,224.63431072235107,0.6065668105619243,24.659689644740705,417.9367706568754,27.63102111530731,0.2116902983588194,10.3857873763679,0.3911127967411607,2.445074995349773,20,1,True,42,
permABC-SMC,2002218.75,50.348766094871934,8969940.0,225.56247210502625,0.6059071270544097,24.70658880594669,418.45901948425023,27.631021115309245,0.2156396515447693,10.403186317802776,0.3931024194828313,2.4482439674410403,20,1,True,42,
permABC-SMC,1987473.451327433,49.91406408031429,8983380.0,225.61156964302063,0.6055075132474299,24.71505998528077,418.2401259418324,27.631021115309267,0.2181117203967114,10.404066223690911,0.395478438595057,2.449076166775587,20,1,True,42,
permABC-SMC,1964227.074235808,49.50241074291379,8996160.0,226.7210412025452,0.6054382776882102,24.68751266977249,418.7538581628616,27.631021115308585,0.2138135099482608,10.411259905322858,0.3977600833529516,2.447950196288271,20,1,True,42,
permABC-SMC,1941461.206896552,49.06763007928584,9008380.0,227.67380356788635,0.6045269309733957,24.717410062283182,417.8618505958272,27.63102111533136,0.2177663308597903,10.408203999603128,0.3957992251552899,2.4458863217832225,20,1,True,42,
permABC-SMC,1943982.7586206887,49.30216762526281,9020080.0,228.76205778121948,0.6039640837557193,24.726998178683186,417.3953620289008,27.6310211153314,0.2238589757932559,10.4030781734993,0.3983245265874288,2.4449214771518086,20,1,True,42,
permABC-SMC,1889376.5690376568,48.060296220260696,9031220.0,229.72821593284607,0.6020731818740165,24.75489099138342,416.57545412146254,27.63102111535393,0.2273989840006072,10.39771692355198,0.3991219169062389,2.4431830877599143,20,1,True,42,
permABC-SMC,1868219.008264463,47.66348753093688,9042180.0,230.6912796497345,0.6020096404880345,24.768929567706817,416.657568799572,27.63102111535424,0.2276768722085903,10.401146576678515,0.3996041738187532,2.443747544725817,20,1,True,42,
permABC-SMC,1847469.387755102,47.11563674771055,9052600.0,230.8666200637817,0.6018159668131307,24.757264520883293,415.8805608056714,27.631021115353747,0.2302995686228916,10.40255355897824,0.4101463207551988,2.446273794934092,20,1,True,42,
permABC-SMC,3024200.0,76.97540402412415,9072600.0,230.92621207237244,0.6013814636300803,24.6423079291858,415.26495909392816,27.631021115203687,0.1972904689246279,10.39871839680914,0.4052041355962187,2.44274159971599,20,1,True,42,
permABC-SMC,2914051.282051282,74.36494215940819,9091840.0,232.01861953735352,0.6010233160226177,24.63471708117323,414.235148357072,27.63102111520313,0.1953791223380993,10.394088425798882,0.4073022326753867,2.4429198705470285,20,1,True,42,
permABC-SMC,2811827.1604938274,71.90490504841746,9110320.0,232.97189235687256,0.600352118012521,24.650520989979256,414.4831916299835,27.631021115203325,0.1973434706989331,10.402651305192787,0.4066893291162515,2.4431695426002875,20,1,True,42,
permABC-SMC,2732952.0958083826,70.03736024845145,9128060.0,233.92478322982788,0.5991620339776389,24.653767901160904,414.29375552366974,27.63102111520296,0.2004721682498894,10.406450401479542,0.4115758734673921,2.443593140768976,20,1,True,42,
permABC-SMC,2689676.470588235,69.14376974105834,9144900.0,235.0888171195984,0.5986745739151984,24.642288486098792,413.9376640786204,27.63102111520221,0.1999476415517126,10.405698780325483,0.4099915387384392,2.442178025281405,20,1,True,42,
permABC-SMC,2587824.858757062,66.7183169537345,9160900.0,236.1828420162201,0.5970788215529683,24.64162406514556,413.8615592693226,27.63102111520173,0.2007636669085294,10.405853195202718,0.407152131434138,2.4416435023123406,20,1,True,42,
permABC-SMC,2520912.0879120883,65.19527644901487,9176120.0,237.3108062744141,0.5950540415894345,24.63860425048738,413.5491119896602,27.63102111520142,0.2037933618875497,10.402434147614342,0.4104107441603715,2.441870157477038,20,1,True,42,
permABC-SMC,2484032.432432432,64.19486973736738,9190920.0,237.52101802825928,0.5940582391256344,24.642448647639128,413.4766641606211,27.631021115201325,0.2059415425192205,10.402383295082243,0.4107237808633327,2.441112109031104,20,1,True,42,
permABC-SMC,2448164.8936170214,63.18360934866235,9205100.0,237.5703711509705,0.5936490598912167,24.643228491675373,413.1386755776475,27.631021115200884,0.204899356497217,10.395756525426906,0.409454280099865,2.4395505658480587,20,1,True,42,
permABC-SMC,2425942.1052631577,62.56523132324218,9218580.0,237.7478790283203,0.592650498825711,24.630718061750635,413.083658675561,27.631021115200127,0.2062675263255387,10.394742547997142,0.4094951215334249,2.4417490133134354,20,1,True,42,
permABC-SMC,2343005.076142132,60.58018340677174,9231440.0,238.68592262268064,0.5921423063039734,24.6234946848189,412.86273184951233,27.631021115199605,0.2043397360999095,10.401195365146071,0.4064024408878822,2.4420771680922986,20,1,True,42,
permABC-SMC,2334257.575757576,60.28641353953968,9243660.0,238.73419761657715,0.5909808187348298,24.645670150667428,413.13074892358566,27.63102111522172,0.2061672758810959,10.406101045061549,0.4064320005511431,2.444140978409092,20,1,True,42,
permABC-SMC,2325442.211055276,60.21908425805556,9255260.0,239.6719553470612,0.5880624157618224,24.639660128096114,413.2797511911349,27.63102111522151,0.2092269592441709,10.40975640453931,0.408952862606908,2.445471858295663,20,1,True,42,
permABC-SMC,2282399.014778325,59.04428242462609,9266540.0,239.719786643982,0.5875620293711714,24.6563284271632,413.86023278907936,27.63102111522195,0.2100707269113437,10.418055527590026,0.4126829979923863,2.4496120781482738,20,1,True,42,
permABC-SMC,2251898.058252428,58.19318867424159,9277820.0,239.75593733787537,0.5875620293711714,24.6563284271632,413.86023278907936,27.63102111522195,0.2100707269113437,10.418055527590026,0.4126829979923863,2.4496120781482738,20,1,True,42,
permABC-SMC,2232956.730769231,57.64111033999003,9289100.0,239.7870190143585,0.5875620293711714,24.6563284271632,413.86023278907936,27.63102111522195,0.2100707269113437,10.418055527590026,0.4126829979923863,2.4496120781482738,20,1,True,42,
permABC-SMC,2193485.849056604,56.56108310762441,9300380.0,239.81899237632751,0.5875620293711714,24.6563284271632,413.86023278907936,27.63102111522195,0.2100707269113437,10.418055527590026,0.4126829979923863,2.4496120781482738,20,1,True,42,
permABC-SMC,2165502.3255813955,55.77910439912663,9311660.0,239.8501489162445,0.5875620293711714,24.6563284271632,413.86023278907936,27.63102111522195,0.2100707269113437,10.418055527590026,0.4126829979923863,2.4496120781482738,20,1,True,42,
permABC-SMC,2128525.114155251,54.7674170367794,9322940.0,239.8812866210937,0.5875620293711714,24.6563284271632,413.86023278907936,27.63102111522195,0.2100707269113437,10.418055527590026,0.4126829979923863,2.4496120781482738,20,1,True,42,
permABC-SMC,2121413.636363636,54.525590051304206,9334220.0,239.91259622573853,0.5875620293711714,24.6563284271632,413.86023278907936,27.63102111522195,0.2100707269113437,10.418055527590026,0.4126829979923863,2.4496120781482738,20,1,True,42,
permABC-SMC,2095403.587443946,53.79904433750785,9345500.0,239.94373774528503,0.5875620293711714,24.6563284271632,413.86023278907936,27.63102111522195,0.2100707269113437,10.418055527590026,0.4126829979923863,2.4496120781482738,20,1,True,42,
permABC-SMC,2079284.4444444445,53.32770066791111,9356780.0,239.9746530056,0.5875620293711714,24.6563284271632,413.86023278907936,27.63102111522195,0.2100707269113437,10.418055527590026,0.4126829979923863,2.4496120781482738,20,1,True,42,
permABC-SMC,2063449.3392070483,52.86470073960426,9368060.0,240.0057413578033,0.5875620293711714,24.6563284271632,413.86023278907936,27.63102111522195,0.2100707269113437,10.418055527590026,0.4126829979923863,2.4496120781482738,20,1,True,42,
permABC-SMC,2056872.807017544,52.63967472210264,9379340.0,240.0369167327881,0.5875620293711714,24.6563284271632,413.86023278907936,27.63102111522195,0.2100707269113437,10.418055527590026,0.4126829979923863,2.4496120781482738,20,1,True,42,
permABC-SMC,2059346.4912280696,52.64651017230853,9390620.0,240.06808638572693,0.5875620293711714,24.6563284271632,413.86023278907936,27.63102111522195,0.2100707269113437,10.418055527590026,0.4126829979923863,2.4496120781482738,20,1,True,42,
permABC-SMC,1983523.2067510549,50.653865468149945,9401900.0,240.0993223190308,0.5875620293711714,24.6563284271632,413.86023278907936,27.63102111522195,0.2100707269113437,10.418055527590026,0.4126829979923863,2.4496120781482738,20,1,True,42,
permABC-SMC,1969284.5188284523,50.2367097463568,9413180.0,240.13147258758545,0.5875620293711714,24.6563284271632,413.86023278907936,27.63102111522195,0.2100707269113437,10.418055527590026,0.4126829979923863,2.4496120781482738,20,1,True,42,
permABC-SMC,1923359.1836734696,49.01278403340554,9424460.0,240.1626417636872,0.5875620293711714,24.6563284271632,413.86023278907936,27.63102111522195,0.2100707269113437,10.418055527590026,0.4126829979923863,2.4496120781482738,20,1,True,42,
permABC-SMC,1910068.825910932,48.62231904195871,9435740.0,240.194256067276,0.5875620293711714,24.6563284271632,413.86023278907936,27.63102111522195,0.2100707269113437,10.418055527590026,0.4126829979923863,2.4496120781482738,20,1,True,42,
permABC-SMC,1912352.226720648,48.62860465339322,9447020.0,240.22530698776245,0.5875620293711714,24.6563284271632,413.86023278907936,27.63102111522195,0.2100707269113437,10.418055527590026,0.4126829979923863,2.4496120781482738,20,1,True,42,
permABC-SMC,1906915.322580645,48.438848170541945,9458300.0,240.2566869258881,0.5875620293711714,24.6563284271632,413.86023278907936,27.63102111522195,0.2100707269113437,10.418055527590026,0.4126829979923863,2.4496120781482738,20,1,True,42,
permABC-SMC,1893916.0,48.05755105018616,9469580.0,240.2877552509308,0.5875620293711714,24.6563284271632,413.86023278907936,27.63102111522195,0.2100707269113437,10.418055527590026,0.4126829979923863,2.4496120781482738,20,1,True,42,
permABC-SMC,1851730.46875,46.937272883951664,9480860.0,240.3188371658325,0.5875620293711714,24.6563284271632,413.86023278907936,27.63102111522195,0.2100707269113437,10.418055527590026,0.4126829979923863,2.4496120781482738,20,1,True,42,
permABC-SMC,1839562.015503876,46.57943562943806,9492140.0,240.3498878479004,0.5875620293711714,24.6563284271632,413.86023278907936,27.63102111522195,0.2100707269113437,10.418055527590026,0.4126829979923863,2.4496120781482738,20,1,True,42,
permABC-SMC,1820578.5440613024,46.04997794746895,9503420.0,240.380884885788,0.5875620293711714,24.6563284271632,413.86023278907936,27.63102111522195,0.2100707269113437,10.418055527590026,0.4126829979923863,2.4496120781482738,20,1,True,42,
permABC-SMC,1822739.463601532,46.0559234308557,9514700.0,240.4119203090668,0.5875620293711714,24.6563284271632,413.86023278907936,27.63102111522195,0.2100707269113437,10.418055527590026,0.4126829979923863,2.4496120781482738,20,1,True,42,
permABC-SMC,1797354.7169811318,45.366620837517495,9525980.0,240.4430904388428,0.5875620293711714,24.6563284271632,413.86023278907936,27.63102111522195,0.2100707269113437,10.418055527590026,0.4126829979923863,2.4496120781482738,20,1,True,42,
permABC-SMC,1759642.066420664,44.367991998186845,9537260.0,240.4745166301728,0.5875620293711714,24.6563284271632,413.86023278907936,27.63102111522195,0.2100707269113437,10.418055527590026,0.4126829979923863,2.4496120781482738,20,1,True,42,
permABC-SMC,1742434.3065693432,43.88787050316804,9548540.0,240.50553035736084,0.5875620293711714,24.6563284271632,413.86023278907936,27.63102111522195,0.2100707269113437,10.418055527590026,0.4126829979923863,2.4496120781482738,20,1,True,42,
permABC-SMC,1719392.086330935,43.26199610456288,9559820.0,240.53669834136963,0.5875620293711714,24.6563284271632,413.86023278907936,27.63102111522195,0.2100707269113437,10.418055527590026,0.4126829979923863,2.4496120781482738,20,1,True,42,
permABC-SMC,1715250.8960573478,43.11257878512037,9571100.0,240.56818962097168,0.5875620293711714,24.6563284271632,413.86023278907936,27.63102111522195,0.2100707269113437,10.418055527590026,0.4126829979923863,2.4496120781482738,20,1,True,42,
permABC-SMC,1699003.5460992907,42.65948077465625,9582380.0,240.59947156906128,0.5875620293711714,24.6563284271632,413.86023278907936,27.63102111522195,0.2100707269113437,10.418055527590026,0.4126829979923863,2.4496120781482738,20,1,True,42,
permABC-SMC,1689024.647887324,42.36461117234028,9593660.0,240.6309914588928,0.5875620293711714,24.6563284271632,413.86023278907936,27.63102111522195,0.2100707269113437,10.418055527590026,0.4126829979923863,2.4496120781482738,20,1,True,42,
permABC-SMC,1656024.1379310344,41.49347815020331,9604940.0,240.6621732711792,0.5875620293711714,24.6563284271632,413.86023278907936,27.63102111522195,0.2100707269113437,10.418055527590026,0.4126829979923863,2.4496120781482738,20,1,True,42,
permABC-SMC,1652271.4776632306,41.356244898334,9616220.0,240.69334530830383,0.5875620293711714,24.6563284271632,413.86023278907936,27.63102111522195,0.2100707269113437,10.418055527590026,0.4126829979923863,2.4496120781482738,20,1,True,42,
permABC-SMC,1637329.931972789,40.93953667043829,9627500.0,240.72447562217712,0.5875620293711714,24.6563284271632,413.86023278907936,27.63102111522195,0.2100707269113437,10.418055527590026,0.4126829979923863,2.4496120781482738,20,1,True,42,
permABC-SMC,1628172.2972972973,40.668155011293045,9638780.0,240.7554776668549,0.5875620293711714,24.6563284271632,413.86023278907936,27.63102111522195,0.2100707269113437,10.418055527590026,0.4126829979923863,2.4496120781482738,20,1,True,42,
permABC-SMC,1630077.7027027027,40.67339087660248,9650060.0,240.7864739894867,0.5875620293711714,24.6563284271632,413.86023278907936,27.63102111522195,0.2100707269113437,10.418055527590026,0.4126829979923863,2.4496120781482738,20,1,True,42,
permABC-SMC,1631983.1081081082,40.6786262183576,9661340.0,240.817467212677,0.5875620293711714,24.6563284271632,413.86023278907936,27.63102111522195,0.2100707269113437,10.418055527590026,0.4126829979923863,2.4496120781482738,20,1,True,42,
permABC-SMC,1617494.983277592,40.27568488615413,9672620.0,240.8485956192017,0.5875620293711714,24.6563284271632,413.86023278907936,27.63102111522195,0.2100707269113437,10.418055527590026,0.4126829979923863,2.4496120781482738,20,1,True,42,
permABC-SMC,1603294.701986755,39.88073843204423,9683900.0,240.87966012954712,0.5875620293711714,24.6563284271632,413.86023278907936,27.63102111522195,0.2100707269113437,10.418055527590026,0.4126829979923863,2.4496120781482738,20,1,True,42,
permABC-SMC,1594601.9736842106,39.62347366307911,9695180.0,240.910719871521,0.5875620293711714,24.6563284271632,413.86023278907936,27.63102111522195,0.2100707269113437,10.418055527590026,0.4126829979923863,2.4496120781482738,20,1,True,42,
permABC-SMC,1591222.950819672,39.498645712117685,9706460.0,240.94173884391785,0.5875620293711714,24.6563284271632,413.86023278907936,27.63102111522195,0.2100707269113437,10.418055527590026,0.4126829979923863,2.4496120781482738,20,1,True,42,
permABC-SMC,1572449.8381877022,38.99236570284205,9717740.0,240.97282004356384,0.5875620293711714,24.6563284271632,413.86023278907936,27.63102111522195,0.2100707269113437,10.418055527590026,0.4126829979923863,2.4496120781482738,20,1,True,42,
permABC-SMC,1574275.0809061488,38.997376505225226,9729020.0,241.00378680229187,0.5875620293711714,24.6563284271632,413.86023278907936,27.63102111522195,0.2100707269113437,10.418055527590026,0.4126829979923863,2.4496120781482738,20,1,True,42,
permABC-SMC,1565964.6302250803,38.75156794330315,9740300.0,241.0347526073456,0.5875620293711714,24.6563284271632,413.86023278907936,27.63102111522195,0.2100707269113437,10.418055527590026,0.4126829979923863,2.4496120781482738,20,1,True,42,
permABC-SMC,1567778.135048231,38.75652264168792,9751580.0,241.06557083129883,0.5875620293711714,24.6563284271632,413.86023278907936,27.63102111522195,0.2100707269113437,10.418055527590026,0.4126829979923863,2.4496120781482738,20,1,True,42,
permABC-SMC,1544756.329113924,38.148219034641606,9762860.0,241.0967442989349,0.5875620293711714,24.6563284271632,413.86023278907936,27.63102111522195,0.2100707269113437,10.418055527590026,0.4126829979923863,2.4496120781482738,20,1,True,42,
permABC-SMC,1522451.7133956386,37.55885711711515,9774140.0,241.12786269187927,0.5875620293711714,24.6563284271632,413.86023278907936,27.63102111522195,0.2100707269113437,10.418055527590026,0.4126829979923863,2.4496120781482738,20,1,True,42,
permABC-SMC,1514770.8978328174,37.331124171383976,9785420.0,241.1590621471405,0.5875620293711714,24.6563284271632,413.86023278907936,27.63102111522195,0.2100707269113437,10.418055527590026,0.4126829979923863,2.4496120781482738,20,1,True,42,
permABC-SMC,1502561.3496932513,36.99239949507215,9796700.0,241.19044470787048,0.5875620293711714,24.6563284271632,413.86023278907936,27.63102111522195,0.2100707269113437,10.418055527590026,0.4126829979923863,2.4496120781482738,20,1,True,42,
permABC-SMC,1504291.4110429448,36.99720746900405,9807980.0,241.2217926979065,0.5875620293711714,24.6563284271632,413.86023278907936,27.63102111522195,0.2100707269113437,10.418055527590026,0.4126829979923863,2.4496120781482738,20,1,True,42,
permABC-SMC,1506021.4723926375,37.002036834787,9819260.0,241.25328016281128,0.5875620293711714,24.6563284271632,413.86023278907936,27.63102111522195,0.2100707269113437,10.418055527590026,0.4126829979923863,2.4496120781482738,20,1,True,42,
permABC-SMC,1494003.0395136778,36.66937717188455,9830540.0,241.2845017910004,0.5875620293711714,24.6563284271632,413.86023278907936,27.63102111522195,0.2100707269113437,10.418055527590026,0.4126829979923863,2.4496120781482738,20,1,True,42,
permABC-SMC,1482201.8072289154,36.34271668382438,9841820.0,241.31563878059387,0.5875620293711714,24.6563284271632,413.86023278907936,27.63102111522195,0.2100707269113437,10.418055527590026,0.4126829979923863,2.4496120781482738,20,1,True,42,
permABC-SMC,1479444.4444444445,36.238265717709744,9853100.0,241.3468496799469,0.5875620293711714,24.6563284271632,413.86023278907936,27.63102111522195,0.2100707269113437,10.418055527590026,0.4126829979923863,2.4496120781482738,20,1,True,42,
permABC-SMC,1472295.5223880596,36.02657271854913,9864380.0,241.3780372142792,0.5875620293711714,24.6563284271632,413.86023278907936,27.63102111522195,0.2100707269113437,10.418055527590026,0.4126829979923863,2.4496120781482738,20,1,True,42,
permABC-SMC,1465231.4540059348,35.81737417849306,9875660.0,241.4091019630432,0.5875620293711714,24.6563284271632,413.86023278907936,27.63102111522195,0.2100707269113437,10.418055527590026,0.4126829979923863,2.4496120781482738,20,1,True,42,
permABC-SMC,1466905.0445103855,35.822001904337625,9886940.0,241.4402928352356,0.5875620293711714,24.6563284271632,413.86023278907936,27.63102111522195,0.2100707269113437,10.418055527590026,0.4126829979923863,2.4496120781482738,20,1,True,42,
permABC-SMC,1468578.635014837,35.826610210033834,9898220.0,241.47135281562805,0.5875620293711714,24.6563284271632,413.86023278907936,27.63102111522195,0.2100707269113437,10.418055527590026,0.4126829979923863,2.4496120781482738,20,1,True,42,
permABC-SMC,1461578.1710914455,35.61982823684153,9909500.0,241.50243544578552,0.5875620293711714,24.6563284271632,413.86023278907936,27.63102111522195,0.2100707269113437,10.418055527590026,0.4126829979923863,2.4496120781482738,20,1,True,42,
permABC-SMC,1463241.887905605,35.62443404071099,9920780.0,241.5336627960205,0.5875620293711714,24.6563284271632,413.86023278907936,27.63102111522195,0.2100707269113437,10.418055527590026,0.4126829979923863,2.4496120781482738,20,1,True,42,
permABC-SMC,1447822.1574344025,35.21356287224995,9932060.0,241.56504130363464,0.5875620293711714,24.6563284271632,413.86023278907936,27.63102111522195,0.2100707269113437,10.418055527590026,0.4126829979923863,2.4496120781482738,20,1,True,42,
permABC-SMC,1441063.768115942,35.01394050708716,9943340.0,241.59618949890137,0.5875620293711714,24.6563284271632,413.86023278907936,27.63102111522195,0.2100707269113437,10.418055527590026,0.4126829979923863,2.4496120781482738,20,1,True,42,
permABC-SMC,1434383.2853025938,34.81661754657625,9954620.0,241.6273257732392,0.5875620293711714,24.6563284271632,413.86023278907936,27.63102111522195,0.2100707269113437,10.418055527590026,0.4126829979923863,2.4496120781482738,20,1,True,42,
permABC-SMC,1431882.1839080462,34.721022741547955,9965900.0,241.6583182811737,0.5875620293711714,24.6563284271632,413.86023278907936,27.63102111522195,0.2100707269113437,10.418055527590026,0.4126829979923863,2.4496120781482738,20,1,True,42,
permABC-SMC,1429395.4154727797,34.625966603571506,9977180.0,241.68924689292908,0.5875620293711714,24.6563284271632,413.86023278907936,27.63102111522195,0.2100707269113437,10.418055527590026,0.4126829979923863,2.4496120781482738,20,1,True,42,
permABC-SMC,1426922.857142857,34.531458786555696,9988460.0,241.7202115058899,0.5875620293711714,24.6563284271632,413.86023278907936,27.63102111522195,0.2100707269113437,10.418055527590026,0.4126829979923863,2.4496120781482738,20,1,True,42,
permABC-SMC,1412392.6553672317,34.14568237665683,9999740.0,241.75143122673035,0.5875620293711714,24.6563284271632,413.86023278907936,27.63102111522195,0.2100707269113437,10.418055527590026,0.4126829979923863,2.4496120781482738,20,1,True,42,
permABC-SMC,1398187.1508379888,33.76855577170516,10011020.0,241.7828593254089,0.5875620293711714,24.6563284271632,413.86023278907936,27.63102111522195,0.2100707269113437,10.418055527590026,0.4126829979923863,2.4496120781482738,20,1,True,42,
permABC-SMC,1395863.5097493036,33.67881818070053,10022300.0,241.8139145374298,0.5875620293711714,24.6563284271632,413.86023278907936,27.63102111522195,0.2100707269113437,10.418055527590026,0.4126829979923863,2.4496120781482738,20,1,True,42,
permABC-SMC,1393552.777777778,33.58959267536799,10033580.0,241.8450672626496,0.5875620293711714,24.6563284271632,413.86023278907936,27.63102111522195,0.2100707269113437,10.418055527590026,0.4126829979923863,2.4496120781482738,20,1,True,42,
permABC-SMC,1391254.8476454294,33.500871995149225,10044860.0,241.87629580497745,0.5875620293711714,24.6563284271632,413.86023278907936,27.63102111522195,0.2100707269113437,10.418055527590026,0.4126829979923863,2.4496120781482738,20,1,True,42,
permABC-SMC,1385143.2506887051,33.32057511510928,10056140.0,241.90737533569336,0.5875620293711714,24.6563284271632,413.86023278907936,27.63102111522195,0.2100707269113437,10.418055527590026,0.4126829979923863,2.4496120781482738,20,1,True,42,
permABC-SMC,1386696.9696969695,33.32486527025208,10067420.0,241.93852186203003,0.5875620293711714,24.6563284271632,413.86023278907936,27.63102111522195,0.2100707269113437,10.418055527590026,0.4126829979923863,2.4496120781482738,20,1,True,42,
permABC-SMC,1380643.8356164384,33.146580833278286,10078700.0,241.97004008293152,0.5875620293711714,24.6563284271632,413.86023278907936,27.63102111522195,0.2100707269113437,10.418055527590026,0.4126829979923863,2.4496120781482738,20,1,True,42,
permABC-SMC,1370921.195652174,32.88060047704241,10089980.0,242.0012195110321,0.5875620293711714,24.6563284271632,413.86023278907936,27.63102111522195,0.2100707269113437,10.418055527590026,0.4126829979923863,2.4496120781482738,20,1,True,42,
permABC-SMC,1365035.1351351351,32.707085190592586,10101260.0,242.0324304103852,0.5875620293711714,24.6563284271632,413.86023278907936,27.63102111522195,0.2100707269113437,10.418055527590026,0.4126829979923863,2.4496120781482738,20,1,True,42,
permABC-SMC,1355568.36461126,32.448184650001835,10112540.0,242.06345748901367,0.5875620293711714,24.6563284271632,413.86023278907936,27.63102111522195,0.2100707269113437,10.418055527590026,0.4126829979923863,2.4496120781482738,20,1,True,42,
permABC-SMC,1353451.871657754,32.365595019437414,10123820.0,242.09465074539185,0.5875620293711714,24.6563284271632,413.86023278907936,27.63102111522195,0.2100707269113437,10.418055527590026,0.4126829979923863,2.4496120781482738,20,1,True,42,
permABC-SMC,1351346.6666666665,32.28344697952271,10135100.0,242.1258523464203,0.5875620293711714,24.6563284271632,413.86023278907936,27.63102111522195,0.2100707269113437,10.418055527590026,0.4126829979923863,2.4496120781482738,20,1,True,42,
permABC-SMC,1352850.6666666667,32.287603759765624,10146380.0,242.1570281982422,0.5875620293711714,24.6563284271632,413.86023278907936,27.63102111522195,0.2100707269113437,10.418055527590026,0.4126829979923863,2.4496120781482738,20,1,True,42,
permABC-SMC,1350752.659574468,32.20586615039947,10157660.0,242.18811345100403,0.5875620293711714,24.6563284271632,413.86023278907936,27.63102111522195,0.2100707269113437,10.418055527590026,0.4126829979923863,2.4496120781482738,20,1,True,42,
permABC-SMC,1348665.7824933687,32.12456466032276,10168940.0,242.2192175388336,0.5875620293711714,24.6563284271632,413.86023278907936,27.63102111522195,0.2100707269113437,10.418055527590026,0.4126829979923863,2.4496120781482738,20,1,True,42,
permABC-SMC,1343036.9393139842,31.95915392017616,10180220.0,242.2503867149353,0.5875620293711714,24.6563284271632,413.86023278907936,27.63102111522195,0.2100707269113437,10.418055527590026,0.4126829979923863,2.4496120781482738,20,1,True,42,
permABC-SMC,1344525.0659630608,31.96327978828652,10191500.0,242.2816607952118,0.5875620293711714,24.6563284271632,413.86023278907936,27.63102111522195,0.2100707269113437,10.418055527590026,0.4126829979923863,2.4496120781482738,20,1,True,42,
permABC-SMC,1335442.408376963,31.716358006312586,10202780.0,242.3129751682281,0.5875620293711714,24.6563284271632,413.86023278907936,27.63102111522195,0.2100707269113437,10.418055527590026,0.4126829979923863,2.4496120781482738,20,1,True,42,
permABC-SMC,1329955.7291666667,31.555275277545057,10214060.0,242.344514131546,0.5875620293711714,24.6563284271632,413.86023278907936,27.63102111522195,0.2100707269113437,10.418055527590026,0.4126829979923863,2.4496120781482738,20,1,True,42,
permABC-SMC,1327966.2337662338,31.47737750759373,10225340.0,242.37580680847168,0.5875620293711714,24.6563284271632,413.86023278907936,27.63102111522195,0.2100707269113437,10.418055527590026,0.4126829979923863,2.4496120781482738,20,1,True,42,
permABC-SMC,1325987.0466321243,31.39985864644223,10236620.0,242.4069087505341,0.5875620293711714,24.6563284271632,413.86023278907936,27.63102111522195,0.2100707269113437,10.418055527590026,0.4126829979923863,2.4496120781482738,20,1,True,42,
permABC-SMC,1324018.0878552971,31.32279193370533,10247900.0,242.43840956687927,0.5875620293711714,24.6563284271632,413.86023278907936,27.63102111522195,0.2100707269113437,10.418055527590026,0.4126829979923863,2.4496120781482738,20,1,True,42,
permABC-SMC,1315279.487179487,31.08582187921573,10259180.0,242.4694106578827,0.5875620293711714,24.6563284271632,413.86023278907936,27.63102111522195,0.2100707269113437,10.418055527590026,0.4126829979923863,2.4496120781482738,20,1,True,42,
permABC-SMC,1316725.641025641,31.08979063156324,10270460.0,242.50036692619324,0.5875620293711714,24.6563284271632,413.86023278907936,27.63102111522195,0.2100707269113437,10.418055527590026,0.4126829979923863,2.4496120781482738,20,1,True,42,
permABC-SMC,1311446.4285714286,30.935151905429606,10281740.0,242.5315909385681,0.5875620293711714,24.6563284271632,413.86023278907936,27.63102111522195,0.2100707269113437,10.418055527590026,0.4126829979923863,2.4496120781482738,20,1,True,42,
permABC-SMC,1306220.812182741,30.78213321981091,10293020.0,242.56320977211,0.5875620293711714,24.6563284271632,413.86023278907936,27.63102111522195,0.2100707269113437,10.418055527590026,0.4126829979923863,2.4496120781482738,20,1,True,42,
permABC-SMC,1304341.7721518988,30.7081707519821,10304300.0,242.59454894065857,0.5875620293711714,24.6563284271632,413.86023278907936,27.63102111522195,0.2100707269113437,10.418055527590026,0.4126829979923863,2.4496120781482738,20,1,True,42,
permABC-SMC,1299191.435768262,30.55737829328484,10315580.0,242.62558364868164,0.5875620293711714,24.6563284271632,413.86023278907936,27.63102111522195,0.2100707269113437,10.418055527590026,0.4126829979923863,2.4496120781482738,20,1,True,42,
permABC-SMC,1290857.5,30.33209326863289,10326860.0,242.6567461490631,0.5875620293711714,24.6563284271632,413.86023278907936,27.63102111522195,0.2100707269113437,10.418055527590026,0.4126829979923863,2.4496120781482738,20,1,True,42,
permABC-SMC,1285838.3084577112,30.18503930438217,10338140.0,242.68771600723267,0.5875620293711714,24.6563284271632,413.86023278907936,27.63102111522195,0.2100707269113437,10.418055527590026,0.4126829979923863,2.4496120781482738,20,1,True,42,
permABC-SMC,1287241.2935323382,30.18890539212013,10349420.0,242.71879935264587,0.5875620293711714,24.6563284271632,413.86023278907936,27.63102111522195,0.2100707269113437,10.418055527590026,0.4126829979923863,2.4496120781482738,20,1,True,42,
permABC-SMC,1279098.7654320984,29.96912185056709,10360700.0,242.7498869895935,0.5875620293711714,24.6563284271632,413.86023278907936,27.63102111522195,0.2100707269113437,10.418055527590026,0.4126829979923863,2.4496120781482738,20,1,True,42,
permABC-SMC,1280491.3580246912,29.972967924895105,10371980.0,242.7810401916504,0.5875620293711714,24.6563284271632,413.86023278907936,27.63102111522195,0.2100707269113437,10.418055527590026,0.4126829979923863,2.4496120781482738,20,1,True,42,
permABC-SMC,1281883.9506172838,29.97679854616706,10383260.0,242.81206822395325,0.5875620293711714,24.6563284271632,413.86023278907936,27.63102111522195,0.2100707269113437,10.418055527590026,0.4126829979923863,2.4496120781482738,20,1,True,42,
permABC-SMC,1276970.515970516,29.83331003704587,10394540.0,242.8431437015533,0.5875620293711714,24.6563284271632,413.86023278907936,27.63102111522195,0.2100707269113437,10.418055527590026,0.4126829979923863,2.4496120781482738,20,1,True,42,
permABC-SMC,1275223.0392156865,29.764014248754464,10405820.0,242.87435626983645,0.5875620293711714,24.6563284271632,413.86023278907936,27.63102111522195,0.2100707269113437,10.418055527590026,0.4126829979923863,2.4496120781482738,20,1,True,42,
permABC-SMC,1273484.107579462,29.695037466389625,10417100.0,242.9054064750672,0.5875620293711714,24.6563284271632,413.86023278907936,27.63102111522195,0.2100707269113437,10.418055527590026,0.4126829979923863,2.4496120781482738,20,1,True,42,
permABC-SMC,1265580.0970873786,29.48258501812092,10428380.0,242.9365005493164,0.5875620293711714,24.6563284271632,413.86023278907936,27.63102111522195,0.2100707269113437,10.418055527590026,0.4126829979923863,2.4496120781482738,20,1,True,42,
permABC-SMC,1260828.502415459,29.343966556632,10439660.0,242.96804308891296,0.5875620293711714,24.6563284271632,413.86023278907936,27.63102111522195,0.2100707269113437,10.418055527590026,0.4126829979923863,2.4496120781482738,20,1,True,42,
permABC-SMC,1253110.3117505994,29.13658264443743,10450940.0,242.99909925460813,0.5875620293711714,24.6563284271632,413.86023278907936,27.63102111522195,0.2100707269113437,10.418055527590026,0.4126829979923863,2.4496120781482738,20,1,True,42,
permABC-SMC,1254462.829736211,29.140310521891934,10462220.0,243.0301897525788,0.5875620293711714,24.6563284271632,413.86023278907936,27.63102111522195,0.2100707269113437,10.418055527590026,0.4126829979923863,2.4496120781482738,20,1,True,42,
permABC-SMC,1249821.0023866352,29.0049247070258,10473500.0,243.0612690448761,0.5875620293711714,24.6563284271632,413.86023278907936,27.63102111522195,0.2100707269113437,10.418055527590026,0.4126829979923863,2.4496120781482738,20,1,True,42,
permABC-SMC,1242272.5118483412,28.802404499731924,10484780.0,243.09229397773743,0.5875620293711714,24.6563284271632,413.86023278907936,27.63102111522195,0.2100707269113437,10.418055527590026,0.4126829979923863,2.4496120781482738,20,1,True,42,
permABC-SMC,1243609.004739337,28.8060875583034,10496060.0,243.1233789920807,0.5875620293711714,24.6563284271632,413.86023278907936,27.63102111522195,0.2100707269113437,10.418055527590026,0.4126829979923863,2.4496120781482738,20,1,True,42,
permABC-SMC,1242002.364066194,28.741656240278388,10507340.0,243.1544117927552,0.5875620293711714,24.6563284271632,413.86023278907936,27.63102111522195,0.2100707269113437,10.418055527590026,0.4126829979923863,2.4496120781482738,20,1,True,42,
permABC-SMC,1243335.6973995273,28.745341920965394,10518620.0,243.1855926513672,0.5875620293711714,24.6563284271632,413.86023278907936,27.63102111522195,0.2100707269113437,10.418055527590026,0.4126829979923863,2.4496120781482738,20,1,True,42,
permABC-SMC,1241733.4905660378,28.68120560668549,10529900.0,243.216623544693,0.5875620293711714,24.6563284271632,413.86023278907936,27.63102111522195,0.2100707269113437,10.418055527590026,0.4126829979923863,2.4496120781482738,20,1,True,42,
permABC-SMC,1237227.6995305163,28.550237669071684,10541180.0,243.24802494049072,0.5875620293711714,24.6563284271632,413.86023278907936,27.63102111522195,0.2100707269113437,10.418055527590026,0.4126829979923863,2.4496120781482738,20,1,True,42,
permABC-SMC,1235651.0538641687,28.48701516135794,10552460.0,243.27910947799683,0.5875620293711714,24.6563284271632,413.86023278907936,27.63102111522195,0.2100707269113437,10.418055527590026,0.4126829979923863,2.4496120781482738,20,1,True,42,
permABC-SMC,1234081.7757009345,28.42408298889053,10563740.0,243.31015038490293,0.5875620293711714,24.6563284271632,413.86023278907936,27.63102111522195,0.2100707269113437,10.418055527590026,0.4126829979923863,2.4496120781482738,20,1,True,42,
permABC-SMC,1226800.464037123,28.229871233212144,10575020.0,243.3414900302887,0.5875620293711714,24.6563284271632,413.86023278907936,27.63102111522195,0.2100707269113437,10.418055527590026,0.4126829979923863,2.4496120781482738,20,1,True,42,
permABC-SMC,1222436.4896073902,28.10307947647764,10586300.0,243.3726682662964,0.5875620293711714,24.6563284271632,413.86023278907936,27.63102111522195,0.2100707269113437,10.418055527590026,0.4126829979923863,2.4496120781482738,20,1,True,42,
permABC-SMC,1223739.0300230947,28.10665492923376,10597580.0,243.4036316871643,0.5875620293711714,24.6563284271632,413.86023278907936,27.63102111522195,0.2100707269113437,10.418055527590026,0.4126829979923863,2.4496120781482738,20,1,True,42,
permABC-SMC,1222218.8940092167,28.04545370115113,10608860.0,243.43453812599185,0.5875620293711714,24.6563284271632,413.86023278907936,27.63102111522195,0.2100707269113437,10.418055527590026,0.4126829979923863,2.4496120781482738,20,1,True,42,
permABC-SMC,1223518.4331797236,28.049023167878254,10620140.0,243.46552109718323,0.5875620293711714,24.6563284271632,413.86023278907936,27.63102111522195,0.2100707269113437,10.418055527590026,0.4126829979923863,2.4496120781482738,20,1,True,42,
permABC-SMC,1224817.9723502302,28.052588706741687,10631420.0,243.49646997451785,0.5875620293711714,24.6563284271632,413.86023278907936,27.63102111522195,0.2100707269113437,10.418055527590026,0.4126829979923863,2.4496120781482738,20,1,True,42,
permABC-SMC,1226117.511520737,28.056142956430463,10642700.0,243.5273208618164,0.5875620293711714,24.6563284271632,413.86023278907936,27.63102111522195,0.2100707269113437,10.418055527590026,0.4126829979923863,2.4496120781482738,20,1,True,42,
permABC-SMC,1227417.0506912442,28.059756893166742,10653980.0,243.55868983268732,0.5875620293711714,24.6563284271632,413.86023278907936,27.63102111522195,0.2100707269113437,10.418055527590026,0.4126829979923863,2.4496120781482738,20,1,True,42,
permABC-SMC,1223080.275229358,27.93461059758423,10665260.0,243.58980441093445,0.5875620293711714,24.6563284271632,413.86023278907936,27.63102111522195,0.2100707269113437,10.418055527590026,0.4126829979923863,2.4496120781482738,20,1,True,42,
permABC-SMC,1221572.082379863,27.874267428636006,10676540.0,243.6210973262787,0.5875620293711714,24.6563284271632,413.86023278907936,27.63102111522195,0.2100707269113437,10.418055527590026,0.4126829979923863,2.4496120781482738,20,1,True,42,
permABC-SMC,1220070.776255708,27.81417383450896,10687820.0,243.6521627902985,0.5875620293711714,24.6563284271632,413.86023278907936,27.63102111522195,0.2100707269113437,10.418055527590026,0.4126829979923863,2.4496120781482738,20,1,True,42,
permABC-SMC,1210305.4298642534,27.56595811153429,10699100.0,243.6830697059632,0.5875620293711714,24.6563284271632,413.86023278907936,27.63102111522195,0.2100707269113437,10.418055527590026,0.4126829979923863,2.4496120781482738,20,1,True,42,
permABC-SMC,1208846.5011286682,27.50725479750278,10710380.0,243.71427750587463,0.5875620293711714,24.6563284271632,413.86023278907936,27.63102111522195,0.2100707269113437,10.418055527590026,0.4126829979923863,2.4496120781482738,20,1,True,42,
permABC-SMC,1201979.8206278023,27.32569353462869,10721660.0,243.745186328888,0.5875620293711714,24.6563284271632,413.86023278907936,27.63102111522195,0.2100707269113437,10.418055527590026,0.4126829979923863,2.4496120781482738,20,1,True,42,
permABC-SMC,1200552.572706935,27.268022952197114,10732940.0,243.7761251926422,0.5875620293711714,24.6563284271632,413.86023278907936,27.63102111522195,0.2100707269113437,10.418055527590026,0.4126829979923863,2.4496120781482738,20,1,True,42,
permABC-SMC,1193802.2222222222,27.089651743570965,10744220.0,243.80686569213867,0.5875620293711714,24.6563284271632,413.86023278907936,27.63102111522195,0.2100707269113437,10.418055527590026,0.4126829979923863,2.4496120781482738,20,1,True,42,
permABC-SMC,1189767.699115044,26.973191694875727,10755500.0,243.83765292167664,0.5875620293711714,24.6563284271632,413.86023278907936,27.63102111522195,0.2100707269113437,10.418055527590026,0.4126829979923863,2.4496120781482738,20,1,True,42,
permABC-SMC,1188386.3134657836,26.91704311118221,10766780.0,243.8684105873108,0.5875620293711714,24.6563284271632,413.86023278907936,27.63102111522195,0.2100707269113437,10.418055527590026,0.4126829979923863,2.4496120781482738,20,1,True,42,
permABC-SMC,1187011.013215859,26.86118378513185,10778060.0,243.8995487689972,0.5875620293711714,24.6563284271632,413.86023278907936,27.63102111522195,0.2100707269113437,10.418055527590026,0.4126829979923863,2.4496120781482738,20,1,True,42,
permABC-SMC,1188253.3039647576,26.86456814736521,10789340.0,243.93027877807617,0.5875620293711714,24.6563284271632,413.86023278907936,27.63102111522195,0.2100707269113437,10.418055527590026,0.4126829979923863,2.4496120781482738,20,1,True,42,
permABC-SMC,1186881.3186813183,26.80890874548273,10800620.0,243.9610695838928,0.5875620293711714,24.6563284271632,413.86023278907936,27.63102111522195,0.2100707269113437,10.418055527590026,0.4126829979923863,2.4496120781482738,20,1,True,42,
permABC-SMC,1182921.225382932,26.69496233666752,10811900.0,243.9919557571411,0.5875620293711714,24.6563284271632,413.86023278907936,27.63102111522195,0.2100707269113437,10.418055527590026,0.4126829979923863,2.4496120781482738,20,1,True,42,
permABC-SMC,1184155.3610503282,26.698342376517,10823180.0,244.02284932136536,0.5875620293711714,24.6563284271632,413.86023278907936,27.63102111522195,0.2100707269113437,10.418055527590026,0.4126829979923863,2.4496120781482738,20,1,True,42,
permABC-SMC,1182801.310043668,26.643419656170508,10834460.0,244.05372405052185,0.5875620293711714,24.6563284271632,413.86023278907936,27.63102111522195,0.2100707269113437,10.418055527590026,0.4126829979923863,2.4496120781482738,20,1,True,42,
permABC-SMC,1184032.7510917028,26.64679257630261,10845740.0,244.08461999893188,0.5875620293711714,24.6563284271632,413.86023278907936,27.63102111522195,0.2100707269113437,10.418055527590026,0.4126829979923863,2.4496120781482738,20,1,True,42,
permABC-SMC,1185264.192139738,26.65016872393512,10857020.0,244.11554551124573,0.5875620293711714,24.6563284271632,413.86023278907936,27.63102111522195,0.2100707269113437,10.418055527590026,0.4126829979923863,2.4496120781482738,20,1,True,42,
permABC-SMC,1186495.633187773,26.653520300919315,10868300.0,244.1462459564209,0.5875620293711714,24.6563284271632,413.86023278907936,27.63102111522195,0.2100707269113437,10.418055527590026,0.4126829979923863,2.4496120781482738,20,1,True,42,
permABC-SMC,1182563.0434782605,26.54098217901976,10879580.0,244.1770360469818,0.5875620293711714,24.6563284271632,413.86023278907936,27.63102111522195,0.2100707269113437,10.418055527590026,0.4126829979923863,2.4496120781482738,20,1,True,42,
permABC-SMC,1178664.5021645022,26.429417303630284,10890860.0,244.20781588554385,0.5875620293711714,24.6563284271632,413.86023278907936,27.63102111522195,0.2100707269113437,10.418055527590026,0.4126829979923863,2.4496120781482738,20,1,True,42,
permABC-SMC,1177336.9330453563,26.375722009728847,10902140.0,244.2391858100891,0.5875620293711714,24.6563284271632,413.86023278907936,27.63102111522195,0.2100707269113437,10.418055527590026,0.4126829979923863,2.4496120781482738,20,1,True,42,
permABC-SMC,1173486.0215053763,26.2656270816762,10913420.0,244.27033185958865,0.5875620293711714,24.6563284271632,413.86023278907936,27.63102111522195,0.2100707269113437,10.418055527590026,0.4126829979923863,2.4496120781482738,20,1,True,42,
permABC-SMC,1169668.0942184154,26.156477831160487,10924700.0,244.3015029430389,0.5875620293711714,24.6563284271632,413.86023278907936,27.63102111522195,0.2100707269113437,10.418055527590026,0.4126829979923863,2.4496120781482738,20,1,True,42,
permABC-SMC,1168373.9316239315,26.10392529740292,10935980.0,244.3327407836914,0.5875620293711714,24.6563284271632,413.86023278907936,27.63102111522195,0.2100707269113437,10.418055527590026,0.4126829979923863,2.4496120781482738,20,1,True,42,
permABC-SMC,1169579.0598290595,26.10726180749061,10947260.0,244.36397051811213,0.5875620293711714,24.6563284271632,413.86023278907936,27.63102111522195,0.2100707269113437,10.418055527590026,0.4126829979923863,2.4496120781482738,20,1,True,42,
permABC-SMC,1170784.1880341878,26.11061421215024,10958540.0,244.39534902572632,0.5875620293711714,24.6563284271632,413.86023278907936,27.63102111522195,0.2100707269113437,10.418055527590026,0.4126829979923863,2.4496120781482738,20,1,True,42,
permABC-SMC,1171989.316239316,26.11393487861013,10969820.0,244.4264304637909,0.5875620293711714,24.6563284271632,413.86023278907936,27.63102111522195,0.2100707269113437,10.418055527590026,0.4126829979923863,2.4496120781482738,20,1,True,42,
permABC-SMC,1173194.444444444,26.11724415905455,10981100.0,244.4574053287506,0.5875620293711714,24.6563284271632,413.86023278907936,27.63102111522195,0.2100707269113437,10.418055527590026,0.4126829979923863,2.4496120781482738,20,1,True,42,
permABC-SMC,1171895.52238806,26.064861913733903,10992380.0,244.488404750824,0.5875620293711714,24.6563284271632,413.86023278907936,27.63102111522195,0.2100707269113437,10.418055527590026,0.4126829979923863,2.4496120781482738,20,1,True,42,
permABC-SMC,1173098.0810234544,26.068175728641343,11003660.0,244.51948833465576,0.5875620293711714,24.6563284271632,413.86023278907936,27.63102111522195,0.2100707269113437,10.418055527590026,0.4126829979923863,2.4496120781482738,20,1,True,42,
permABC-SMC,1174300.639658849,26.07152576385531,11014940.0,244.5509116649628,0.5875620293711714,24.6563284271632,413.86023278907936,27.63102111522195,0.2100707269113437,10.418055527590026,0.4126829979923863,2.4496120781482738,20,1,True,42,
permABC-SMC,1175503.1982942433,26.07487005465575,11026220.0,244.5822811126709,0.5875620293711714,24.6563284271632,413.86023278907936,27.63102111522195,0.2100707269113437,10.418055527590026,0.4126829979923863,2.4496120781482738,20,1,True,42,
permABC-SMC,1176705.756929638,26.07818127695177,11037500.0,244.6133403778076,0.5875620293711714,24.6563284271632,413.86023278907936,27.63102111522195,0.2100707269113437,10.418055527590026,0.4126829979923863,2.4496120781482738,20,1,True,42,
permABC-SMC,1172906.5817409768,25.97076753648729,11048780.0,244.6446301937104,0.5875620293711714,24.6563284271632,413.86023278907936,27.63102111522195,0.2100707269113437,10.418055527590026,0.4126829979923863,2.4496120781482738,20,1,True,42,
permABC-SMC,1169139.534883721,25.864241591971727,11060060.0,244.6757254600525,0.5875620293711714,24.6563284271632,413.86023278907936,27.63102111522195,0.2100707269113437,10.418055527590026,0.4126829979923863,2.4496120781482738,20,1,True,42,
permABC-SMC,1167862.8691983123,25.81294963631449,11071340.0,244.70676255226127,0.5875620293711714,24.6563284271632,413.86023278907936,27.63102111522195,0.2100707269113437,10.418055527590026,0.4126829979923863,2.4496120781482738,20,1,True,42,
permABC-SMC,1164140.7563025209,25.707753040209536,11082620.0,244.7378089427948,0.5875620293711714,24.6563284271632,413.86023278907936,27.63102111522195,0.2100707269113437,10.418055527590026,0.4126829979923863,2.4496120781482738,20,1,True,42,
permABC-SMC,1165325.6302521008,25.7110048993295,11093900.0,244.7687666416168,0.5875620293711714,24.6563284271632,413.86023278907936,27.63102111522195,0.2100707269113437,10.418055527590026,0.4126829979923863,2.4496120781482738,20,1,True,42,
permABC-SMC,1164064.9895178196,25.66035273689894,11105180.0,244.79976511001587,0.5875620293711714,24.6563284271632,413.86023278907936,27.63102111522195,0.2100707269113437,10.418055527590026,0.4126829979923863,2.4496120781482738,20,1,True,42,
permABC-SMC,1162809.623430963,25.6099614638165,11116460.0,244.8312315940857,0.5875620293711714,24.6563284271632,413.86023278907936,27.63102111522195,0.2100707269113437,10.418055527590026,0.4126829979923863,2.4496120781482738,20,1,True,42,
permABC-SMC,1163989.5397489544,25.613206076322744,11127740.0,244.86225008964536,0.5875620293711714,24.6563284271632,413.86023278907936,27.63102111522195,0.2100707269113437,10.418055527590026,0.4126829979923863,2.4496120781482738,20,1,True,42,
permABC-SMC,1165169.456066946,25.61643442848238,11139020.0,244.8931131362915,0.5875620293711714,24.6563284271632,413.86023278907936,27.63102111522195,0.2100707269113437,10.418055527590026,0.4126829979923863,2.4496120781482738,20,1,True,42,
permABC-SMC,1166349.3723849377,25.61966901543749,11150300.0,244.9240357875824,0.5875620293711714,24.6563284271632,413.86023278907936,27.63102111522195,0.2100707269113437,10.418055527590026,0.4126829979923863,2.4496120781482738,20,1,True,42,
permABC-SMC,1167529.2887029292,25.62290804156699,11161580.0,244.9550008773804,0.5875620293711714,24.6563284271632,413.86023278907936,27.63102111522195,0.2100707269113437,10.418055527590026,0.4126829979923863,2.4496120781482738,20,1,True,42,
permABC-SMC,1166269.311064718,25.572629263605105,11172860.0,244.9857883453369,0.5875620293711714,24.6563284271632,413.86023278907936,27.63102111522195,0.2100707269113437,10.418055527590026,0.4126829979923863,2.4496120781482738,20,1,True,42,
permABC-SMC,1167446.7640918582,25.57584719269659,11184140.0,245.01661610603333,0.5875620293711714,24.6563284271632,413.86023278907936,27.63102111522195,0.2100707269113437,10.418055527590026,0.4126829979923863,2.4496120781482738,20,1,True,42,
permABC-SMC,1163765.0727650728,25.472735193811683,11195420.0,245.0477125644684,0.5875620293711714,24.6563284271632,413.86023278907936,27.63102111522195,0.2100707269113437,10.418055527590026,0.4126829979923863,2.4496120781482738,20,1,True,42,
permABC-SMC,1164937.62993763,25.476009434325285,11206700.0,245.07921075820923,0.5875620293711714,24.6563284271632,413.86023278907936,27.63102111522195,0.2100707269113437,10.418055527590026,0.4126829979923863,2.4496120781482738,20,1,True,42,
permABC-SMC,1158882.2314049588,25.321289601404803,11217980.0,245.1100833415985,0.5875620293711714,24.6563284271632,413.86023278907936,27.63102111522195,0.2100707269113437,10.418055527590026,0.4126829979923863,2.4496120781482738,20,1,True,42,
permABC-SMC,1157655.670103093,25.27226121155257,11229260.0,245.14093375206,0.5875620293711714,24.6563284271632,413.86023278907936,27.63102111522195,0.2100707269113437,10.418055527590026,0.4126829979923863,2.4496120781482738,20,1,True,42,
permABC-SMC,1158818.556701031,25.27545061308084,11240540.0,245.17187094688416,0.5875620293711714,24.6563284271632,413.86023278907936,27.63102111522195,0.2100707269113437,10.418055527590026,0.4126829979923863,2.4496120781482738,20,1,True,42,
permABC-SMC,1155217.6591375768,25.17483031235681,11251820.0,245.2028472423553,0.5875620293711714,24.6563284271632,413.86023278907936,27.63102111522195,0.2100707269113437,10.418055527590026,0.4126829979923863,2.4496120781482738,20,1,True,42,
permABC-SMC,1156316.2217659138,25.270831560452127,11262520.0,246.1378993988037,0.5875312677529851,24.631066240037704,413.2541269457416,27.631021115221028,0.2026389555164611,10.421573415376084,0.4127528174682259,2.448238378944609,20,1,True,42,
permABC-SMC,1152627.811860941,25.264647596940428,11272700.0,247.0882534980774,0.5859696641418334,24.62218917996873,413.3161959993639,27.63102111522052,0.204956313943812,10.423191812478183,0.4142771872481431,2.450047570008528,20,1,True,42,
permABC-SMC,1517836.0215053766,33.22000532380997,11292700.0,247.1568396091461,0.5848845663954118,24.6372805142898,412.742731116773,27.63102111524296,0.2091965787251062,10.42069379084128,0.4177587242277221,2.450240937782622,20,1,True,42,
permABC-SMC,1492311.345646438,32.6124757449671,11311720.0,247.2025661468506,0.5824695926437796,24.62785079406339,412.89720269176985,27.6310211152424,0.2132339688738568,10.422090622053195,0.4190497773351887,2.4510807494373656,20,1,True,42,
permABC-SMC,1486847.769028871,32.446957667042895,11329780.0,247.2458174228668,0.5811800863158565,24.650027355969307,413.0363316293234,27.631021115263867,0.2140395807050058,10.426608933428126,0.4179531020302739,2.452048675820948,20,1,True,42,
permABC-SMC,1477466.1458333333,32.215016769866146,11346940.0,247.411328792572,0.5804719720477933,24.65629999136381,411.54566823580296,27.63102111526361,0.2143076381492384,10.416901854446031,0.4156536014912134,2.452123293046636,20,1,True,42,
permABC-SMC,1468118.8630490955,31.971094189380185,11363240.0,247.4562690258026,0.578492958556952,24.664751976185265,411.35866149048377,27.631021115264048,0.2197481483141353,10.417878743895317,0.416937322901412,2.451612972622647,20,1,True,42,
permABC-SMC,1447674.300254453,31.487931732003016,11378720.0,247.4951434135437,0.5769436111244994,24.67082064556518,411.1300802650999,27.63102111526409,0.2233957353359231,10.414648857458277,0.417844746104179,2.450781162666937,20,1,True,42,
permABC-SMC,1442210.1265822784,31.351993476288225,11393460.0,247.680748462677,0.5753437206114582,24.68156576749845,410.9404289945523,27.631021115285566,0.2272081158542204,10.414232125029748,0.4200120335328569,2.451125212605659,20,1,True,42,
permABC-SMC,1422376.5586034912,30.903166369012467,11407460.0,247.84339427948,0.5745431296458577,24.655396711295,410.8526014095652,27.631021115284824,0.2223130424428177,10.418286530887244,0.4167547404035001,2.4487388271669928,20,1,True,42,
permABC-SMC,1410009.8765432097,30.71379293630152,11421080.0,248.7817227840424,0.5739274025682212,24.65153806544665,410.5356702227516,27.63102111528461,0.2268918542619383,10.414770207326566,0.4175022729825425,2.448051796673275,20,1,True,42,
permABC-SMC,1391017.0316301703,30.379261587658075,11434160.0,249.7175302505493,0.5734126240869788,24.642552515056664,410.1259033332341,27.631021115284792,0.2266713469392993,10.416528980451412,0.4208725960541768,2.449803851936001,20,1,True,42,
permABC-SMC,1385784.5036319613,30.347838701982475,11446580.0,250.67314767837524,0.572595914253971,24.64308808223081,410.6643711537042,27.63102111528508,0.22460084165275,10.424017672847423,0.4232025854897211,2.453535543978683,20,1,True,42,
permABC-SMC,1387215.4963680387,30.35370648340221,11458400.0,250.72161555290225,0.5708763362281204,24.640927894993155,410.7756737779271,27.631021115284764,0.2282373264754607,10.42629663660665,0.4252977969929722,2.454012746989202,20,1,True,42,
permABC-SMC,1388576.2711864407,30.357994871624445,11469640.0,250.75703763961792,0.5701006913586041,24.635920328513805,410.6005935666593,27.631021115284373,0.2349110920462653,10.425002943775334,0.4291208116146056,2.4537273473490213,20,1,True,42,
permABC-SMC,1379843.75,30.25238886475563,11480300.0,251.69987535476685,0.5690473266168264,24.629145206255,410.5901232682732,27.631021115283925,0.2395221818764782,10.426132481736154,0.4312820534376055,2.4552080305100867,20,1,True,42,
permABC-SMC,1374454.5454545454,30.113230909457045,11490440.0,251.7466104030609,0.5678129400570822,24.655368767969843,410.4380331781124,27.631021115284568,0.2378093539743113,10.428257647209646,0.4280126380302175,2.4548509816455284,20,1,True,42,
permABC-SMC,2569294.6428571427,56.20534446622644,11510440.0,251.7999432086945,0.5671143479272927,24.575312203939266,407.9909204242204,27.63102111519999,0.213532670509731,10.422262080220388,0.4378133917547836,2.4545016063780416,20,1,True,42,
permABC-SMC,2506404.3478260865,54.74895145582115,11529460.0,251.8451766967773,0.565671223881538,24.575235491448403,408.1999918027437,27.63102111519964,0.2127967392688001,10.42508246778193,0.4363378315943308,2.4549722367445628,20,1,True,42,
permABC-SMC,2436198.3122362867,53.14108324453298,11547580.0,251.8887345790863,0.5650589475271675,24.58661054592616,408.28710776888346,27.631021115199733,0.216123008772254,10.429828372019676,0.4383707111789115,2.4563647104586326,20,1,True,42,
permABC-SMC,2360163.2653061226,51.59885849271502,11564800.0,252.8344066143036,0.5639001154453895,24.590163855203883,408.27495975771023,27.631021115199623,0.2150843464769433,10.429722791520076,0.4373510006112203,2.457039997816296,20,1,True,42,
permABC-SMC,2334919.35483871,51.16860880967109,11581200.0,253.79629969596863,0.5629202864455691,24.590581347836604,407.50298156801546,27.63102111519937,0.2171627717964225,10.424441018449391,0.4391203622608347,2.455934756583764,20,1,True,42,
permABC-SMC,2319356.0,50.98802604675293,11596780.0,254.94013023376465,0.5620148276845697,24.58607939504691,407.5904778586869,27.63102111519912,0.2199392678487151,10.425293677608304,0.4399996774769731,2.4562834034311325,20,1,True,42,
permABC-SMC,2313063.74501992,50.82200979331575,11611580.0,255.12648916244507,0.5608073055742205,24.57933098778128,407.0028654208383,27.63102111519852,0.2236957313324118,10.420448693405564,0.4419467650150793,2.4561271782391154,20,1,True,42,
permABC-SMC,2288511.8110236223,50.23099709683516,11625640.0,255.1734652519226,0.5598334062403687,24.58914895553981,406.6504586431368,27.63102111519835,0.2261319055863169,10.41679528436638,0.4423923307808444,2.455256416557533,20,1,True,42,
permABC-SMC,2255616.279069768,49.45925608161808,11638980.0,255.2097613811493,0.5579283515758912,24.578838041795024,406.8929130584551,27.63102111519764,0.2294175764921475,10.421328583099449,0.4450561931628616,2.457176960364407,20,1,True,42,
permABC-SMC,2240700.0,49.08541633532597,11651640.0,255.24416494369507,0.5568325524966911,24.60645820805432,406.6947154368157,27.63102111521966,0.2304604156261161,10.42527197317084,0.4447519022085359,2.459118231531149,20,1,True,42,
permABC-SMC,2243015.3846153845,49.11466360092163,11663680.0,255.39625072479248,0.5550827301967518,24.626685490570004,406.83555286860246,27.631021115220527,0.2300295291782997,10.4303739007031,0.4440208410097155,2.461304751687146,20,1,True,42,
permABC-SMC,2236616.858237548,48.93286374336915,11675140.0,255.42954874038696,0.552955581588282,24.62585477571224,407.0808545135168,27.631021115220182,0.2302200992320115,10.43319550135926,0.4425467916385047,2.4627197218655548,20,1,True,42,
permABC-SMC,2213340.909090909,48.38281260295348,11686440.0,255.4612505435944,0.5526625657051797,24.62566654776561,406.9712996254583,27.631021115220044,0.2317687129775168,10.432887728852352,0.4432350964335074,2.46239493151359,20,1,True,42,
permABC-SMC,2207120.7547169807,48.20605547922961,11697740.0,255.492094039917,0.5526625657051797,24.62566654776561,406.9712996254583,27.631021115220044,0.2317687129775168,10.432887728852352,0.4432350964335074,2.46239493151359,20,1,True,42,
permABC-SMC,2200947.3684210526,48.03062462268915,11709040.0,255.5229229927063,0.5526625657051797,24.62566654776561,406.9712996254583,27.631021115220044,0.2317687129775168,10.432887728852352,0.4432350964335074,2.46239493151359,20,1,True,42,
permABC-SMC,2203071.4285714286,48.036487568589976,11720340.0,255.55411386489868,0.5526625657051797,24.62566654776561,406.9712996254583,27.631021115220044,0.2317687129775168,10.432887728852352,0.4432350964335074,2.46239493151359,20,1,True,42,
permABC-SMC,2188738.805970149,47.68377764901118,11731640.0,255.58504819869995,0.5526625657051797,24.62566654776561,406.9712996254583,27.631021115220044,0.2317687129775168,10.432887728852352,0.4432350964335074,2.46239493151359,20,1,True,42,
permABC-SMC,2190847.0149253733,47.68951922210295,11742940.0,255.6158230304718,0.5526625657051797,24.62566654776561,406.9712996254583,27.631021115220044,0.2317687129775168,10.432887728852352,0.4432350964335074,2.46239493151359,20,1,True,42,
permABC-SMC,2176711.111111111,47.34197285440233,11754240.0,255.64665341377253,0.5526625657051797,24.62566654776561,406.9712996254583,27.631021115220044,0.2317687129775168,10.432887728852352,0.4432350964335074,2.46239493151359,20,1,True,42,
permABC-SMC,2170763.8376383767,47.17296837000829,11765540.0,255.6774885654449,0.5526625657051797,24.62566654776561,406.9712996254583,27.631021115220044,0.2317687129775168,10.432887728852352,0.4432350964335074,2.46239493151359,20,1,True,42,
permABC-SMC,2164860.2941176468,47.00521817978691,11776840.0,255.7083868980408,0.5526625657051797,24.62566654776561,406.9712996254583,27.631021115220044,0.2317687129775168,10.432887728852352,0.4432350964335074,2.46239493151359,20,1,True,42,
permABC-SMC,2166937.5,47.01094465220676,11788140.0,255.7395389080048,0.5526625657051797,24.62566654776561,406.9712996254583,27.631021115220044,0.2317687129775168,10.432887728852352,0.4432350964335074,2.46239493151359,20,1,True,42,
permABC-SMC,2161069.5970695964,46.84440871298094,11799440.0,255.770471572876,0.5526625657051797,24.62566654776561,406.9712996254583,27.631021115220044,0.2317687129775168,10.432887728852352,0.4432350964335074,2.46239493151359,20,1,True,42,
permABC-SMC,2163139.1941391937,46.850071110568194,11810740.0,255.8013882637024,0.5526625657051797,24.62566654776561,406.9712996254583,27.631021115220044,0.2317687129775168,10.432887728852352,0.4432350964335074,2.46239493151359,20,1,True,42,
permABC-SMC,2157306.569343066,46.68470873449841,11822040.0,255.83220386505127,0.5526625657051797,24.62566654776561,406.9712996254583,27.631021115220044,0.2317687129775168,10.432887728852352,0.4432350964335074,2.46239493151359,20,1,True,42,
permABC-SMC,2159368.6131386864,46.69034276565496,11833340.0,255.8630783557892,0.5526625657051797,24.62566654776561,406.9712996254583,27.631021115220044,0.2317687129775168,10.432887728852352,0.4432350964335074,2.46239493151359,20,1,True,42,
permABC-SMC,2161430.6569343065,46.69595365106624,11844640.0,255.89382600784305,0.5526625657051797,24.62566654776561,406.9712996254583,27.631021115220044,0.2317687129775168,10.432887728852352,0.4432350964335074,2.46239493151359,20,1,True,42,
permABC-SMC,2124720.4301075265,45.86467204555388,11855940.0,255.92487001419067,0.5526625657051797,24.62566654776561,406.9712996254583,27.631021115220044,0.2317687129775168,10.432887728852352,0.4432350964335074,2.46239493151359,20,1,True,42,
permABC-SMC,2119149.9999999995,45.70644348859786,11867240.0,255.95608353614807,0.5526625657051797,24.62566654776561,406.9712996254583,27.631021115220044,0.2317687129775168,10.432887728852352,0.4432350964335074,2.46239493151359,20,1,True,42,
permABC-SMC,2091292.253521127,45.06814395877677,11878540.0,255.98705768585205,0.5526625657051797,24.62566654776561,406.9712996254583,27.631021115220044,0.2317687129775168,10.432887728852352,0.4432350964335074,2.46239493151359,20,1,True,42,
permABC-SMC,2078643.3566433568,44.758407469396,11889840.0,256.01809072494507,0.5526625657051797,24.62566654776561,406.9712996254583,27.631021115220044,0.2317687129775168,10.432887728852352,0.4432350964335074,2.46239493151359,20,1,True,42,
permABC-SMC,2073369.3379790944,44.6078813034483,11901140.0,256.0492386817932,0.5526625657051797,24.62566654776561,406.9712996254583,27.631021115220044,0.2317687129775168,10.432887728852352,0.4432350964335074,2.46239493151359,20,1,True,42,
permABC-SMC,2068131.9444444445,44.458417470256485,11912440.0,256.08048462867737,0.5526625657051797,24.62566654776561,406.9712996254583,27.631021115220044,0.2317687129775168,10.432887728852352,0.4432350964335074,2.46239493151359,20,1,True,42,
permABC-SMC,2070093.75,44.46393114825089,11923740.0,256.1122434139252,0.5526625657051797,24.62566654776561,406.9712996254583,27.631021115220044,0.2317687129775168,10.432887728852352,0.4432350964335074,2.46239493151359,20,1,True,42,
permABC-SMC,2050694.1580756016,44.01087302112908,11935040.0,256.1432809829712,0.5526625657051797,24.62566654776561,406.9712996254583,27.631021115220044,0.2317687129775168,10.432887728852352,0.4432350964335074,2.46239493151359,20,1,True,42,
permABC-SMC,2038624.57337884,43.71577147330848,11946340.0,256.17442083358765,0.5526625657051797,24.62566654776561,406.9712996254583,27.631021115220044,0.2317687129775168,10.432887728852352,0.4432350964335074,2.46239493151359,20,1,True,42,
permABC-SMC,2033612.2448979595,43.57238051031722,11957640.0,256.2055974006653,0.5526625657051797,24.62566654776561,406.9712996254583,27.631021115220044,0.2317687129775168,10.432887728852352,0.4432350964335074,2.46239493151359,20,1,True,42,
permABC-SMC,2008211.409395973,42.9927327888924,11968940.0,256.2366874217987,0.5526625657051797,24.62566654776561,406.9712996254583,27.631021115220044,0.2317687129775168,10.432887728852352,0.4432350964335074,2.46239493151359,20,1,True,42,
permABC-SMC,2003384.615384616,42.85416973873126,11980240.0,256.2679350376129,0.5526625657051797,24.62566654776561,406.9712996254583,27.631021115220044,0.2317687129775168,10.432887728852352,0.4432350964335074,2.46239493151359,20,1,True,42,
permABC-SMC,1998590.0,42.71651530265808,11991540.0,256.2990918159485,0.5526625657051797,24.62566654776561,406.9712996254583,27.631021115220044,0.2317687129775168,10.432887728852352,0.4432350964335074,2.46239493151359,20,1,True,42,
permABC-SMC,1987225.1655629133,42.43874624864944,12002840.0,256.33002734184265,0.5526625657051797,24.62566654776561,406.9712996254583,27.631021115220044,0.2317687129775168,10.432887728852352,0.4432350964335074,2.46239493151359,20,1,True,42,
permABC-SMC,1989096.0264900664,42.4438535772412,12014140.0,256.36087560653687,0.5526625657051797,24.62566654776561,406.9712996254583,27.631021115220044,0.2317687129775168,10.432887728852352,0.4432350964335074,2.46239493151359,20,1,True,42,
permABC-SMC,1971383.606557377,42.03148959112949,12025440.0,256.3920865058899,0.5526625657051797,24.62566654776561,406.9712996254583,27.631021115220044,0.2317687129775168,10.432887728852352,0.4432350964335074,2.46239493151359,20,1,True,42,
permABC-SMC,1973236.0655737703,42.03657759994757,12036740.0,256.4231233596802,0.5526625657051797,24.62566654776561,406.9712996254583,27.631021115220044,0.2317687129775168,10.432887728852352,0.4432350964335074,2.46239493151359,20,1,True,42,
permABC-SMC,1955850.6493506487,41.63217111067338,12048040.0,256.45417404174805,0.5526625657051797,24.62566654776561,406.9712996254583,27.631021115220044,0.2317687129775168,10.432887728852352,0.4432350964335074,2.46239493151359,20,1,True,42,
permABC-SMC,1957685.0649350649,41.63718889285992,12059340.0,256.4850835800171,0.5526625657051797,24.62566654776561,406.9712996254583,27.631021115220044,0.2317687129775168,10.432887728852352,0.4432350964335074,2.46239493151359,20,1,True,42,
permABC-SMC,1959519.4805194803,41.64225625527369,12070640.0,256.516298532486,0.5526625657051797,24.62566654776561,406.9712996254583,27.631021115220044,0.2317687129775168,10.432887728852352,0.4432350964335074,2.46239493151359,20,1,True,42,
permABC-SMC,1942434.0836012864,41.2456154056684,12081940.0,256.54772782325745,0.5526625657051797,24.62566654776561,406.9712996254583,27.631021115220044,0.2317687129775168,10.432887728852352,0.4432350964335074,2.46239493151359,20,1,True,42,
permABC-SMC,1925675.1592356688,40.85658260971118,12093240.0,256.5793387889862,0.5526625657051797,24.62566654776561,406.9712996254583,27.631021115220044,0.2317687129775168,10.432887728852352,0.4432350964335074,2.46239493151359,20,1,True,42,
permABC-SMC,1927474.5222929933,40.861518405804965,12104540.0,256.6103355884552,0.5526625657051797,24.62566654776561,406.9712996254583,27.631021115220044,0.2317687129775168,10.432887728852352,0.4432350964335074,2.46239493151359,20,1,True,42,
permABC-SMC,1923149.2063492064,40.736771159701874,12115840.0,256.6416583061218,0.5526625657051797,24.62566654776561,406.9712996254583,27.631021115220044,0.2317687129775168,10.432887728852352,0.4432350964335074,2.46239493151359,20,1,True,42,
permABC-SMC,1924942.857142857,40.741734883141895,12127140.0,256.67292976379395,0.5526625657051797,24.62566654776561,406.9712996254583,27.631021115220044,0.2317687129775168,10.432887728852352,0.4432350964335074,2.46239493151359,20,1,True,42,
permABC-SMC,1920639.240506329,40.61773479739322,12138440.0,256.70408391952515,0.5526625657051797,24.62566654776561,406.9712996254583,27.631021115220044,0.2317687129775168,10.432887728852352,0.4432350964335074,2.46239493151359,20,1,True,42,
permABC-SMC,1922427.2151898728,40.62262226509142,12149740.0,256.7349727153778,0.5526625657051797,24.62566654776561,406.9712996254583,27.631021115220044,0.2317687129775168,10.432887728852352,0.4432350964335074,2.46239493151359,20,1,True,42,
permABC-SMC,1912113.2075471696,40.3720201936158,12161040.0,256.7660484313965,0.5526625657051797,24.62566654776561,406.9712996254583,27.631021115220044,0.2317687129775168,10.432887728852352,0.4432350964335074,2.46239493151359,20,1,True,42,
permABC-SMC,1907890.2821316607,40.2503229607609,12172340.0,256.79706048965454,0.5526625657051797,24.62566654776561,406.9712996254583,27.631021115220044,0.2317687129775168,10.432887728852352,0.4432350964335074,2.46239493151359,20,1,True,42,
permABC-SMC,1909661.4420062697,40.25519798541891,12183640.0,256.82816314697266,0.5526625657051797,24.62566654776561,406.9712996254583,27.631021115220044,0.2317687129775168,10.432887728852352,0.4432350964335074,2.46239493151359,20,1,True,42,
permABC-SMC,1893624.2236024844,39.88497568213421,12194940.0,256.85924339294434,0.5526625657051797,24.62566654776561,406.9712996254583,27.631021115220044,0.2317687129775168,10.432887728852352,0.4432350964335074,2.46239493151359,20,1,True,42,
permABC-SMC,1895378.8819875773,39.88980254771546,12206240.0,256.8903284072876,0.5526625657051797,24.62566654776561,406.9712996254583,27.631021115220044,0.2317687129775168,10.432887728852352,0.4432350964335074,2.46239493151359,20,1,True,42,
permABC-SMC,1891260.0619195043,39.771161396806086,12217540.0,256.9217026233673,0.5526625657051797,24.62566654776561,406.9712996254583,27.631021115220044,0.2317687129775168,10.432887728852352,0.4432350964335074,2.46239493151359,20,1,True,42,
permABC-SMC,1887166.6666666667,39.65328652181744,12228840.0,256.9532966613769,0.5526625657051797,24.62566654776561,406.9712996254583,27.631021115220044,0.2317687129775168,10.432887728852352,0.4432350964335074,2.46239493151359,20,1,True,42,
permABC-SMC,1883098.4615384613,39.53605241041917,12240140.0,256.9843406677246,0.5526625657051797,24.62566654776561,406.9712996254583,27.631021115220044,0.2317687129775168,10.432887728852352,0.4432350964335074,2.46239493151359,20,1,True,42,
permABC-SMC,1867597.560975609,39.17919619054329,12251440.0,257.015527009964,0.5526625657051797,24.62566654776561,406.9712996254583,27.631021115220044,0.2317687129775168,10.432887728852352,0.4432350964335074,2.46239493151359,20,1,True,42,
permABC-SMC,1857990.909090909,38.94645604220303,12262740.0,257.04660987854004,0.5526625657051797,24.62566654776561,406.9712996254583,27.631021115220044,0.2317687129775168,10.432887728852352,0.4432350964335074,2.46239493151359,20,1,True,42,
permABC-SMC,1854084.592145015,38.83350338460456,12274040.0,257.0777924060821,0.5526625657051797,24.62566654776561,406.9712996254583,27.631021115220044,0.2317687129775168,10.432887728852352,0.4432350964335074,2.46239493151359,20,1,True,42,
permABC-SMC,1833632.835820896,38.37445821335066,12285340.0,257.10887002944946,0.5526625657051797,24.62566654776561,406.9712996254583,27.631021115220044,0.2317687129775168,10.432887728852352,0.4432350964335074,2.46239493151359,20,1,True,42,
permABC-SMC,1835319.4029850748,38.37910580990919,12296640.0,257.1400089263916,0.5526625657051797,24.62566654776561,406.9712996254583,27.631021115220044,0.2317687129775168,10.432887728852352,0.4432350964335074,2.46239493151359,20,1,True,42,
permABC-SMC,1826103.8575667653,38.15593903425539,12307940.0,257.17102909088135,0.5526625657051797,24.62566654776561,406.9712996254583,27.631021115220044,0.2317687129775168,10.432887728852352,0.4432350964335074,2.46239493151359,20,1,True,42,
permABC-SMC,1816997.050147493,37.9354295477403,12319240.0,257.2022123336792,0.5526625657051797,24.62566654776561,406.9712996254583,27.631021115220044,0.2317687129775168,10.432887728852352,0.4432350964335074,2.46239493151359,20,1,True,42,
permABC-SMC,1807997.0674486803,37.71750136904004,12330540.0,257.233359336853,0.5526625657051797,24.62566654776561,406.9712996254583,27.631021115220044,0.2317687129775168,10.432887728852352,0.4432350964335074,2.46239493151359,20,1,True,42,
permABC-SMC,1804362.5730994148,37.61178303880301,12341840.0,257.2645959854126,0.5526625657051797,24.62566654776561,406.9712996254583,27.631021115220044,0.2317687129775168,10.432887728852352,0.4432350964335074,2.46239493151359,20,1,True,42,
permABC-SMC,1800749.271137026,37.50665511056216,12353140.0,257.2956540584564,0.5526625657051797,24.62566654776561,406.9712996254583,27.631021115220044,0.2317687129775168,10.432887728852352,0.4432350964335074,2.46239493151359,20,1,True,42,
permABC-SMC,1791947.8260869568,37.293723182401806,12364440.0,257.3266899585724,0.5526625657051797,24.62566654776561,406.9712996254583,27.631021115220044,0.2317687129775168,10.432887728852352,0.4432350964335074,2.46239493151359,20,1,True,42,
permABC-SMC,1783247.838616715,37.08334350448521,12375740.0,257.3584039211273,0.5526625657051797,24.62566654776561,406.9712996254583,27.631021115220044,0.2317687129775168,10.432887728852352,0.4432350964335074,2.46239493151359,20,1,True,42,
permABC-SMC,1779747.1264367818,36.98124772515791,12387040.0,257.389484167099,0.5526625657051797,24.62566654776561,406.9712996254583,27.631021115220044,0.2317687129775168,10.432887728852352,0.4432350964335074,2.46239493151359,20,1,True,42,
permABC-SMC,1771191.4285714286,36.77436096327646,12398340.0,257.4205267429352,0.5526625657051797,24.62566654776561,406.9712996254583,27.631021115220044,0.2317687129775168,10.432887728852352,0.4432350964335074,2.46239493151359,20,1,True,42,
permABC-SMC,1772805.714285714,36.778765610286165,12409640.0,257.4513592720032,0.5526625657051797,24.62566654776561,406.9712996254583,27.631021115220044,0.2317687129775168,10.432887728852352,0.4432350964335074,2.46239493151359,20,1,True,42,
permABC-SMC,1764338.0681818186,36.574231223626576,12420940.0,257.48258781433105,0.5526625657051797,24.62566654776561,406.9712996254583,27.631021115220044,0.2317687129775168,10.432887728852352,0.4432350964335074,2.46239493151359,20,1,True,42,
permABC-SMC,1765943.181818182,36.57864630222321,12432240.0,257.51366996765137,0.5526625657051797,24.62566654776561,406.9712996254583,27.631021115220044,0.2317687129775168,10.432887728852352,0.4432350964335074,2.46239493151359,20,1,True,42,
permABC-SMC,1752611.267605634,36.273948474669126,12443540.0,257.5450341701508,0.5526625657051797,24.62566654776561,406.9712996254583,27.631021115220044,0.2317687129775168,10.432887728852352,0.4432350964335074,2.46239493151359,20,1,True,42,
permABC-SMC,1739502.7932960894,35.974384486342274,12454840.0,257.5765929222107,0.5526625657051797,24.62566654776561,406.9712996254583,27.631021115220044,0.2317687129775168,10.432887728852352,0.4432350964335074,2.46239493151359,20,1,True,42,
permABC-SMC,1736231.1977715876,35.87853486823504,12466140.0,257.6078803539276,0.5526625657051797,24.62566654776561,406.9712996254583,27.631021115220044,0.2317687129775168,10.432887728852352,0.4432350964335074,2.46239493151359,20,1,True,42,
permABC-SMC,1737805.0139275766,35.88288942751446,12477440.0,257.63914608955383,0.5526625657051797,24.62566654776561,406.9712996254583,27.631021115220044,0.2317687129775168,10.432887728852352,0.4432350964335074,2.46239493151359,20,1,True,42,
permABC-SMC,1734547.2222222225,35.78753411769868,12488740.0,257.6702456474304,0.5526625657051797,24.62566654776561,406.9712996254583,27.631021115220044,0.2317687129775168,10.432887728852352,0.4432350964335074,2.46239493151359,20,1,True,42,
permABC-SMC,1731307.4792243766,35.692707620499206,12500040.0,257.7013490200043,0.5526625657051797,24.62566654776561,406.9712996254583,27.631021115220044,0.2317687129775168,10.432887728852352,0.4432350964335074,2.46239493151359,20,1,True,42,
permABC-SMC,1732872.5761772853,35.69701946343081,12511340.0,257.73248052597046,0.5526625657051797,24.62566654776561,406.9712996254583,27.631021115220044,0.2317687129775168,10.432887728852352,0.4432350964335074,2.46239493151359,20,1,True,42,
permABC-SMC,1724881.542699725,35.50465550304444,12522640.0,257.76379895210266,0.5526625657051797,24.62566654776561,406.9712996254583,27.631021115220044,0.2317687129775168,10.432887728852352,0.4432350964335074,2.46239493151359,20,1,True,42,
permABC-SMC,1716978.082191781,35.314409667498445,12533940.0,257.79519057273865,0.5526625657051797,24.62566654776561,406.9712996254583,27.631021115220044,0.2317687129775168,10.432887728852352,0.4432350964335074,2.46239493151359,20,1,True,42,
permABC-SMC,1718526.0273972603,35.31863709018656,12545240.0,257.8260507583618,0.5526625657051797,24.62566654776561,406.9712996254583,27.631021115220044,0.2317687129775168,10.432887728852352,0.4432350964335074,2.46239493151359,20,1,True,42,
permABC-SMC,1706051.6304347827,35.03493277922921,12556540.0,257.8571052551269,0.5526625657051797,24.62566654776561,406.9712996254583,27.631021115220044,0.2317687129775168,10.432887728852352,0.4432350964335074,2.46239493151359,20,1,True,42,
permABC-SMC,1693778.97574124,34.75586844261766,12567840.0,257.888543844223,0.5526625657051797,24.62566654776561,406.9712996254583,27.631021115220044,0.2317687129775168,10.432887728852352,0.4432350964335074,2.46239493151359,20,1,True,42,
permABC-SMC,1681703.20855615,34.48122462486838,12579140.0,257.9195601940155,0.5526625657051797,24.62566654776561,406.9712996254583,27.631021115220044,0.2317687129775168,10.432887728852352,0.4432350964335074,2.46239493151359,20,1,True,42,
permABC-SMC,1678725.3333333333,34.393416245778404,12590440.0,257.950621843338,0.5526625657051797,24.62566654776561,406.9712996254583,27.631021115220044,0.2317687129775168,10.432887728852352,0.4432350964335074,2.46239493151359,20,1,True,42,
permABC-SMC,1675763.2978723403,34.30607642265077,12601740.0,257.98169469833374,0.5526625657051797,24.62566654776561,406.9712996254583,27.631021115220044,0.2317687129775168,10.432887728852352,0.4432350964335074,2.46239493151359,20,1,True,42,
permABC-SMC,1663989.44591029,34.038658506952046,12613040.0,258.01303148269653,0.5526625657051797,24.62566654776561,406.9712996254583,27.631021115220044,0.2317687129775168,10.432887728852352,0.4432350964335074,2.46239493151359,20,1,True,42,
permABC-SMC,1665480.211081794,34.042742447362414,12624340.0,258.0439877510071,0.5526625657051797,24.62566654776561,406.9712996254583,27.631021115220044,0.2317687129775168,10.432887728852352,0.4432350964335074,2.46239493151359,20,1,True,42,
permABC-SMC,1662584.2105263155,33.957248204632805,12635640.0,258.0750863552093,0.5526625657051797,24.62566654776561,406.9712996254583,27.631021115220044,0.2317687129775168,10.432887728852352,0.4432350964335074,2.46239493151359,20,1,True,42,
permABC-SMC,1659703.412073491,33.872197838280144,12646940.0,258.1061475276947,0.5526625657051797,24.62566654776561,406.9712996254583,27.631021115220044,0.2317687129775168,10.432887728852352,0.4432350964335074,2.46239493151359,20,1,True,42,
permABC-SMC,1643927.2727272727,33.52430640877068,12658240.0,258.1371593475342,0.5526625657051797,24.62566654776561,406.9712996254583,27.631021115220044,0.2317687129775168,10.432887728852352,0.4432350964335074,2.46239493151359,20,1,True,42,
permABC-SMC,1641132.1243523315,33.441524894744,12669540.0,258.1685721874237,0.5526625657051797,24.62566654776561,406.9712996254583,27.631021115220044,0.2317687129775168,10.432887728852352,0.4432350964335074,2.46239493151359,20,1,True,42,
permABC-SMC,1642595.8549222797,33.445559449764104,12680840.0,258.19971895217896,0.5526625657051797,24.62566654776561,406.9712996254583,27.631021115220044,0.2317687129775168,10.432887728852352,0.4432350964335074,2.46239493151359,20,1,True,42,
permABC-SMC,1635585.0515463918,33.27717550636567,12692140.0,258.2308819293976,0.5526625657051797,24.62566654776561,406.9712996254583,27.631021115220044,0.2317687129775168,10.432887728852352,0.4432350964335074,2.46239493151359,20,1,True,42,
permABC-SMC,1632832.9048843188,33.195624069566904,12703440.0,258.26195526123047,0.5526625657051797,24.62566654776561,406.9712996254583,27.631021115220044,0.2317687129775168,10.432887728852352,0.4432350964335074,2.46239493151359,20,1,True,42,
permABC-SMC,1630094.8717948715,33.11453483043572,12714740.0,258.2933716773987,0.5526625657051797,24.62566654776561,406.9712996254583,27.631021115220044,0.2317687129775168,10.432887728852352,0.4432350964335074,2.46239493151359,20,1,True,42,
permABC-SMC,1631543.5897435895,33.11852745520763,12726040.0,258.3245141506195,0.5526625657051797,24.62566654776561,406.9712996254583,27.631021115220044,0.2317687129775168,10.432887728852352,0.4432350964335074,2.46239493151359,20,1,True,42,
permABC-SMC,1632992.3076923075,33.12256385118533,12737340.0,258.3559980392456,0.5526625657051797,24.62566654776561,406.9712996254583,27.631021115220044,0.2317687129775168,10.432887728852352,0.4432350964335074,2.46239493151359,20,1,True,42,
permABC-SMC,1630260.8695652175,33.04188336862627,12748640.0,258.38752794265747,0.5526625657051797,24.62566654776561,406.9712996254583,27.631021115220044,0.2317687129775168,10.432887728852352,0.4432350964335074,2.46239493151359,20,1,True,42,
permABC-SMC,1631705.8823529412,33.045869837026764,12759940.0,258.4187021255493,0.5526625657051797,24.62566654776561,406.9712996254583,27.631021115220044,0.2317687129775168,10.432887728852352,0.4432350964335074,2.46239493151359,20,1,True,42,
permABC-SMC,1633150.895140665,33.04983697583913,12771240.0,258.449725151062,0.5526625657051797,24.62566654776561,406.9712996254583,27.631021115220044,0.2317687129775168,10.432887728852352,0.4432350964335074,2.46239493151359,20,1,True,42,
permABC-SMC,1630426.0204081633,32.96948047925015,12782540.0,258.4807269573212,0.5526625657051797,24.62566654776561,406.9712996254583,27.631021115220044,0.2317687129775168,10.432887728852352,0.4432350964335074,2.46239493151359,20,1,True,42,
permABC-SMC,1615383.8383838383,32.64037759015054,12793840.0,258.5117905139923,0.5526625657051797,24.62566654776561,406.9712996254583,27.631021115220044,0.2317687129775168,10.432887728852352,0.4432350964335074,2.46239493151359,20,1,True,42,
permABC-SMC,1616810.606060606,32.64434045613414,12805140.0,258.5431764125824,0.5526625657051797,24.62566654776561,406.9712996254583,27.631021115220044,0.2317687129775168,10.432887728852352,0.4432350964335074,2.46239493151359,20,1,True,42,
permABC-SMC,1610105.527638191,32.4842729460654,12816440.0,258.57481265068054,0.5526625657051797,24.62566654776561,406.9712996254583,27.631021115220044,0.2317687129775168,10.432887728852352,0.4432350964335074,2.46239493151359,20,1,True,42,
permABC-SMC,1611525.1256281403,32.48819990373736,12827740.0,258.6060712337494,0.5526625657051797,24.62566654776561,406.9712996254583,27.631021115220044,0.2317687129775168,10.432887728852352,0.4432350964335074,2.46239493151359,20,1,True,42,
permABC-SMC,1612944.7236180902,32.4921672967211,12839040.0,258.6376516819,0.5526625657051797,24.62566654776561,406.9712996254583,27.631021115220044,0.2317687129775168,10.432887728852352,0.4432350964335074,2.46239493151359,20,1,True,42,
permABC-SMC,1606292.5,32.33362954854965,12850340.0,258.6690363883972,0.5526625657051797,24.62566654776561,406.9712996254583,27.631021115220044,0.2317687129775168,10.432887728852352,0.4432350964335074,2.46239493151359,20,1,True,42,
permABC-SMC,1599706.4676616914,32.176679817598256,12861640.0,258.70050573349,0.5526625657051797,24.62566654776561,406.9712996254583,27.631021115220044,0.2317687129775168,10.432887728852352,0.4432350964335074,2.46239493151359,20,1,True,42,
permABC-SMC,1601111.9402985072,32.18055079825482,12872940.0,258.73162841796875,0.5526625657051797,24.62566654776561,406.9712996254583,27.631021115220044,0.2317687129775168,10.432887728852352,0.4432350964335074,2.46239493151359,20,1,True,42,
permABC-SMC,1594584.1584158416,32.02508248314999,12884240.0,258.762666463852,0.5526625657051797,24.62566654776561,406.9712996254583,27.631021115220044,0.2317687129775168,10.432887728852352,0.4432350964335074,2.46239493151359,20,1,True,42,
permABC-SMC,1595982.6732673268,32.028941264246946,12895540.0,258.79384541511536,0.5526625657051797,24.62566654776561,406.9712996254583,27.631021115220044,0.2317687129775168,10.432887728852352,0.4432350964335074,2.46239493151359,20,1,True,42,
permABC-SMC,1593437.0370370366,31.95375348314825,12906840.0,258.825403213501,0.5526625657051797,24.62566654776561,406.9712996254583,27.631021115220044,0.2317687129775168,10.432887728852352,0.4432350964335074,2.46239493151359,20,1,True,42,
permABC-SMC,1594832.0987654317,31.957591139240023,12918140.0,258.85648822784424,0.5526625657051797,24.62566654776561,406.9712996254583,27.631021115220044,0.2317687129775168,10.432887728852352,0.4432350964335074,2.46239493151359,20,1,True,42,
permABC-SMC,1596227.160493827,31.961508032716345,12929440.0,258.88821506500244,0.5526625657051797,24.62566654776561,406.9712996254583,27.631021115220044,0.2317687129775168,10.432887728852352,0.4432350964335074,2.46239493151359,20,1,True,42,
permABC-SMC,1597622.2222222218,31.965313870229835,12940740.0,258.9190423488617,0.5526625657051797,24.62566654776561,406.9712996254583,27.631021115220044,0.2317687129775168,10.432887728852352,0.4432350964335074,2.46239493151359,20,1,True,42,
permABC-SMC,1591159.7051597054,31.812062193193366,12952040.0,258.950186252594,0.5526625657051797,24.62566654776561,406.9712996254583,27.631021115220044,0.2317687129775168,10.432887728852352,0.4432350964335074,2.46239493151359,20,1,True,42,
permABC-SMC,1588644.607843137,31.737917223397424,12963340.0,258.981404542923,0.5526625657051797,24.62566654776561,406.9712996254583,27.631021115220044,0.2317687129775168,10.432887728852352,0.4432350964335074,2.46239493151359,20,1,True,42,
permABC-SMC,1590029.4117647058,31.74175991147172,12974640.0,259.01276087760925,0.5526625657051797,24.62566654776561,406.9712996254583,27.631021115220044,0.2317687129775168,10.432887728852352,0.4432350964335074,2.46239493151359,20,1,True,42,
permABC-SMC,1587523.227383863,31.66793488640074,12985940.0,259.04370737075806,0.5526625657051797,24.62566654776561,406.9712996254583,27.631021115220044,0.2317687129775168,10.432887728852352,0.4432350964335074,2.46239493151359,20,1,True,42,
permABC-SMC,1588904.645476773,31.67173600138545,12997240.0,259.074800491333,0.5526625657051797,24.62566654776561,406.9712996254583,27.631021115220044,0.2317687129775168,10.432887728852352,0.4432350964335074,2.46239493151359,20,1,True,42,
permABC-SMC,1586407.3170731708,31.59828154052176,13008540.0,259.10590863227844,0.5526625657051797,24.62566654776561,406.9712996254583,27.631021115220044,0.2317687129775168,10.432887728852352,0.4432350964335074,2.46239493151359,20,1,True,42,
permABC-SMC,1583922.1411192217,31.52516010033824,13019840.0,259.1368160247803,0.5526625657051797,24.62566654776561,406.9712996254583,27.631021115220044,0.2317687129775168,10.432887728852352,0.4432350964335074,2.46239493151359,20,1,True,42,
permABC-SMC,1585296.8369829687,31.52893830969967,13031140.0,259.1678729057312,0.5526625657051797,24.62566654776561,406.9712996254583,27.631021115220044,0.2317687129775168,10.432887728852352,0.4432350964335074,2.46239493151359,20,1,True,42,
permABC-SMC,1582820.3883495147,31.456200416805675,13042440.0,259.1990914344788,0.5526625657051797,24.62566654776561,406.9712996254583,27.631021115220044,0.2317687129775168,10.432887728852352,0.4432350964335074,2.46239493151359,20,1,True,42,
permABC-SMC,1584191.7475728155,31.46000304847088,13053740.0,259.2304251194,0.5526625657051797,24.62566654776561,406.9712996254583,27.631021115220044,0.2317687129775168,10.432887728852352,0.4432350964335074,2.46239493151359,20,1,True,42,
permABC-SMC,1585563.1067961166,31.46379679730795,13065040.0,259.2616856098175,0.5526625657051797,24.62566654776561,406.9712996254583,27.631021115220044,0.2317687129775168,10.432887728852352,0.4432350964335074,2.46239493151359,20,1,True,42,
permABC-SMC,1586934.4660194174,31.4675374806506,13076340.0,259.2925088405609,0.5526625657051797,24.62566654776561,406.9712996254583,27.631021115220044,0.2317687129775168,10.432887728852352,0.4432350964335074,2.46239493151359,20,1,True,42,
permABC-SMC,1584460.04842615,31.39512253153988,13087640.0,259.3237121105194,0.5526625657051797,24.62566654776561,406.9712996254583,27.631021115220044,0.2317687129775168,10.432887728852352,0.4432350964335074,2.46239493151359,20,1,True,42,
permABC-SMC,1578185.542168675,31.24756859009525,13098940.0,259.3548192977905,0.5526625657051797,24.62566654776561,406.9712996254583,27.631021115220044,0.2317687129775168,10.432887728852352,0.4432350964335074,2.46239493151359,20,1,True,42,
permABC-SMC,1571971.2230215827,31.10143889626153,13110240.0,259.3860003948212,0.5526625657051797,24.62566654776561,406.9712996254583,27.631021115220044,0.2317687129775168,10.432887728852352,0.4432350964335074,2.46239493151359,20,1,True,42,
permABC-SMC,1573326.139088729,31.105118432490947,13121540.0,259.4166877269745,0.5526625657051797,24.62566654776561,406.9712996254583,27.631021115220044,0.2317687129775168,10.432887728852352,0.4432350964335074,2.46239493151359,20,1,True,42,
permABC-SMC,1574681.0551558754,31.108833874444024,13132840.0,259.4476745128632,0.5526625657051797,24.62566654776561,406.9712996254583,27.631021115220044,0.2317687129775168,10.432887728852352,0.4432350964335074,2.46239493151359,20,1,True,42,
permABC-SMC,1576035.9712230216,31.1125435131631,13144140.0,259.4786128997803,0.5526625657051797,24.62566654776561,406.9712996254583,27.631021115220044,0.2317687129775168,10.432887728852352,0.4432350964335074,2.46239493151359,20,1,True,42,
permABC-SMC,1566123.8095238097,30.89400592304412,13155440.0,259.50964975357056,0.5526625657051797,24.62566654776561,406.9712996254583,27.631021115220044,0.2317687129775168,10.432887728852352,0.4432350964335074,2.46239493151359,20,1,True,42,
permABC-SMC,1560040.2843601897,30.75136093166768,13166740.0,259.54148626327515,0.5526625657051797,24.62566654776561,406.9712996254583,27.631021115220044,0.2317687129775168,10.432887728852352,0.4432350964335074,2.46239493151359,20,1,True,42,
permABC-SMC,1557687.9432624115,30.682378232338195,13178040.0,259.57291984558105,0.5526625657051797,24.62566654776561,406.9712996254583,27.631021115220044,0.2317687129775168,10.432887728852352,0.4432350964335074,2.46239493151359,20,1,True,42,
permABC-SMC,1555346.6981132077,30.61373970418606,13189340.0,259.6045126914978,0.5526625657051797,24.62566654776561,406.9712996254583,27.631021115220044,0.2317687129775168,10.432887728852352,0.4432350964335074,2.46239493151359,20,1,True,42,
permABC-SMC,1549370.8920187794,30.47365451082937,13200640.0,259.63553643226624,0.5526625657051797,24.62566654776561,406.9712996254583,27.631021115220044,0.2317687129775168,10.432887728852352,0.4432350964335074,2.46239493151359,20,1,True,42,
permABC-SMC,1550697.1830985914,30.47730869530512,13211940.0,259.66667008399963,0.5526625657051797,24.62566654776561,406.9712996254583,27.631021115220044,0.2317687129775168,10.432887728852352,0.4432350964335074,2.46239493151359,20,1,True,42,
permABC-SMC,1548388.7587822014,30.40957721670004,13223240.0,259.6977894306183,0.5526625657051797,24.62566654776561,406.9712996254583,27.631021115220044,0.2317687129775168,10.432887728852352,0.4432350964335074,2.46239493151359,20,1,True,42,
permABC-SMC,1542487.1794871795,30.27144714946792,13234540.0,259.7290165424347,0.5526625657051797,24.62566654776561,406.9712996254583,27.631021115220044,0.2317687129775168,10.432887728852352,0.4432350964335074,2.46239493151359,20,1,True,42,
permABC-SMC,1543804.195804196,30.27508814573844,13245840.0,259.7602562904358,0.5526625657051797,24.62566654776561,406.9712996254583,27.631021115220044,0.2317687129775168,10.432887728852352,0.4432350964335074,2.46239493151359,20,1,True,42,
permABC-SMC,1541527.906976744,30.20829716394114,13257140.0,259.7913556098938,0.5526625657051797,24.62566654776561,406.9712996254583,27.631021115220044,0.2317687129775168,10.432887728852352,0.4432350964335074,2.46239493151359,20,1,True,42,
permABC-SMC,1539262.180974478,30.141806630136795,13268440.0,259.8223731517792,0.5526625657051797,24.62566654776561,406.9712996254583,27.631021115220044,0.2317687129775168,10.432887728852352,0.4432350964335074,2.46239493151359,20,1,True,42,
permABC-SMC,1537006.9444444445,30.0756775394634,13279740.0,259.85385394096375,0.5526625657051797,24.62566654776561,406.9712996254583,27.631021115220044,0.2317687129775168,10.432887728852352,0.4432350964335074,2.46239493151359,20,1,True,42,
permABC-SMC,1534762.1247113163,30.009823886131304,13291040.0,259.8850748538971,0.5526625657051797,24.62566654776561,406.9712996254583,27.631021115220044,0.2317687129775168,10.432887728852352,0.4432350964335074,2.46239493151359,20,1,True,42,
permABC-SMC,1536066.974595843,30.01341114969232,13302340.0,259.91614055633545,0.5526625657051797,24.62566654776561,406.9712996254583,27.631021115220044,0.2317687129775168,10.432887728852352,0.4432350964335074,2.46239493151359,20,1,True,42,
permABC-SMC,1533829.4930875576,29.94784210134761,13313640.0,259.94726943969727,0.5526625657051797,24.62566654776561,406.9712996254583,27.631021115220044,0.2317687129775168,10.432887728852352,0.4432350964335074,2.46239493151359,20,1,True,42,
permABC-SMC,1531602.2988505748,29.88259800549211,13324940.0,259.9786026477814,0.5526625657051797,24.62566654776561,406.9712996254583,27.631021115220044,0.2317687129775168,10.432887728852352,0.4432350964335074,2.46239493151359,20,1,True,42,
permABC-SMC,1529385.3211009174,29.81762839566677,13336240.0,260.00971961021423,0.5526625657051797,24.62566654776561,406.9712996254583,27.631021115220044,0.2317687129775168,10.432887728852352,0.4432350964335074,2.46239493151359,20,1,True,42,
permABC-SMC,1530681.1926605506,29.82118168008437,13347540.0,260.0407042503357,0.5526625657051797,24.62566654776561,406.9712996254583,27.631021115220044,0.2317687129775168,10.432887728852352,0.4432350964335074,2.46239493151359,20,1,True,42,
permABC-SMC,1531977.0642201835,29.82478352314835,13358840.0,260.07211232185364,0.5526625657051797,24.62566654776561,406.9712996254583,27.631021115220044,0.2317687129775168,10.432887728852352,0.4432350964335074,2.46239493151359,20,1,True,42,
permABC-SMC,1529764.3020594963,29.76007630677736,13370140.0,260.10306692123413,0.5526625657051797,24.62566654776561,406.9712996254583,27.631021115220044,0.2317687129775168,10.432887728852352,0.4432350964335074,2.46239493151359,20,1,True,42,
permABC-SMC,1531057.2082379863,29.76367386309452,13381440.0,260.13450956344604,0.5526625657051797,24.62566654776561,406.9712996254583,27.631021115220044,0.2317687129775168,10.432887728852352,0.4432350964335074,2.46239493151359,20,1,True,42,
permABC-SMC,1532350.114416476,29.767225454273703,13392740.0,260.1655504703522,0.5526625657051797,24.62566654776561,406.9712996254583,27.631021115220044,0.2317687129775168,10.432887728852352,0.4432350964335074,2.46239493151359,20,1,True,42,
permABC-SMC,1533643.0205949657,29.77077248985762,13404040.0,260.1965515613556,0.5526625657051797,24.62566654776561,406.9712996254583,27.631021115220044,0.2317687129775168,10.432887728852352,0.4432350964335074,2.46239493151359,20,1,True,42,
permABC-SMC,1527943.0523917994,29.63870174520923,13415340.0,260.227801322937,0.5526625657051797,24.62566654776561,406.9712996254583,27.631021115220044,0.2317687129775168,10.432887728852352,0.4432350964335074,2.46239493151359,20,1,True,42,
permABC-SMC,1529164.0091116177,29.7419361481634,13426060.0,261.13419938087463,0.552642148421192,24.587825378137417,406.11907429058914,27.631021115219,0.2223147474083616,10.42855002560193,0.4425553674970914,2.4577816896534777,20,1,True,42,
permABC-SMC,1530384.965831435,29.74681639725636,13436780.0,261.1770479679108,0.5525604792852413,24.587825378137417,406.11907429058914,27.631021115219,0.2223147474083616,10.42855002560193,0.4425553674970914,2.4577816896534777,20,1,True,42,
permABC-SMC,1531605.9225512529,29.750843906185352,13447500.0,261.2124094963074,0.5525604792852413,24.587825378137417,406.11907429058914,27.631021115219,0.2223147474083616,10.42855002560193,0.4425553674970914,2.4577816896534777,20,1,True,42,
permABC-SMC,1525875.283446712,29.6193491574588,13458220.0,261.2426595687866,0.5525604792852413,24.587825378137417,406.11907429058914,27.631021115219,0.2223147474083616,10.42855002560193,0.4425553674970914,2.4577816896534777,20,1,True,42,
permABC-SMC,1523635.7466063348,29.555725970419285,13468940.0,261.27261757850647,0.5525604792852413,24.587825378137417,406.11907429058914,27.631021115219,0.2223147474083616,10.42855002560193,0.4425553674970914,2.4577816896534777,20,1,True,42,
permABC-SMC,1517979.7297297297,29.42593817238336,13479660.0,261.30233097076416,0.5525604792852413,24.587825378137417,406.11907429058914,27.631021115219,0.2223147474083616,10.42855002560193,0.4425553674970914,2.4577816896534777,20,1,True,42,
permABC-SMC,1512374.4394618834,29.29734523520876,13490380.0,261.33231949806213,0.5525604792852413,24.587825378137417,406.11907429058914,27.631021115219,0.2223147474083616,10.42855002560193,0.4425553674970914,2.4577816896534777,20,1,True,42,
permABC-SMC,1513576.2331838564,29.300703355549697,13501100.0,261.3622739315033,0.5525604792852413,24.587825378137417,406.11907429058914,27.631021115219,0.2223147474083616,10.42855002560193,0.4425553674970914,2.4577816896534777,20,1,True,42,
permABC-SMC,1514778.0269058296,29.304054579927246,13511820.0,261.39216685295105,0.5525604792852413,24.587825378137417,406.11907429058914,27.631021115219,0.2223147474083616,10.42855002560193,0.4425553674970914,2.4577816896534777,20,1,True,42,
permABC-SMC,1515979.8206278023,29.30748291614344,13522540.0,261.4227476119995,0.5525604792852413,24.587825378137417,406.11907429058914,27.631021115219,0.2223147474083616,10.42855002560193,0.4425553674970914,2.4577816896534777,20,1,True,42,
permABC-SMC,1517181.6143497757,29.310836011518813,13533260.0,261.4526572227478,0.5525604792852413,24.587825378137417,406.11907429058914,27.631021115219,0.2223147474083616,10.42855002560193,0.4425553674970914,2.4577816896534777,20,1,True,42,
permABC-SMC,1518383.408071749,29.314212414181284,13543980.0,261.48277473449707,0.5525604792852413,24.587825378137417,406.11907429058914,27.631021115219,0.2223147474083616,10.42855002560193,0.4425553674970914,2.4577816896534777,20,1,True,42,
permABC-SMC,1519585.201793722,29.317561045890432,13554700.0,261.51264452934265,0.5525604792852413,24.587825378137417,406.11907429058914,27.631021115219,0.2223147474083616,10.42855002560193,0.4425553674970914,2.4577816896534777,20,1,True,42,
permABC-SMC,1517384.787472036,29.2553474705758,13565420.0,261.54280638694763,0.5525604792852413,24.587825378137417,406.11907429058914,27.631021115219,0.2223147474083616,10.42855002560193,0.4425553674970914,2.4577816896534777,20,1,True,42,
permABC-SMC,1518583.8926174496,29.258730027499613,13576140.0,261.57304644584656,0.5525604792852413,24.587825378137417,406.11907429058914,27.631021115219,0.2223147474083616,10.42855002560193,0.4425553674970914,2.4577816896534777,20,1,True,42,
permABC-SMC,1513013.363028953,29.131746876213228,13586860.0,261.6030869483948,0.5525604792852413,24.587825378137417,406.11907429058914,27.631021115219,0.2223147474083616,10.42855002560193,0.4425553674970914,2.4577816896534777,20,1,True,42,
permABC-SMC,1514207.126948775,29.13512002120836,13597580.0,261.63337779045105,0.5525604792852413,24.587825378137417,406.11907429058914,27.631021115219,0.2223147474083616,10.42855002560193,0.4425553674970914,2.4577816896534777,20,1,True,42,
permABC-SMC,1512033.3333333333,29.073724852667915,13608300.0,261.66352367401123,0.5525604792852413,24.587825378137417,406.11907429058914,27.631021115219,0.2223147474083616,10.42855002560193,0.4425553674970914,2.4577816896534777,20,1,True,42,
permABC-SMC,1509869.1796008868,29.012581778735647,13619020.0,261.6934876441956,0.5525604792852413,24.587825378137417,406.11907429058914,27.631021115219,0.2223147474083616,10.42855002560193,0.4425553674970914,2.4577816896534777,20,1,True,42,
permABC-SMC,1507714.6017699114,28.951712176863065,13629740.0,261.72347807884216,0.5525604792852413,24.587825378137417,406.11907429058914,27.631021115219,0.2223147474083616,10.42855002560193,0.4425553674970914,2.4577816896534777,20,1,True,42,
permABC-SMC,1505569.536423841,28.891122420102555,13640460.0,261.75356912612915,0.5525604792852413,24.587825378137417,406.11907429058914,27.631021115219,0.2223147474083616,10.42855002560193,0.4425553674970914,2.4577816896534777,20,1,True,42,
permABC-SMC,1506752.7593818984,28.894427254236824,13651180.0,261.7835109233856,0.5525604792852413,24.587825378137417,406.11907429058914,27.631021115219,0.2223147474083616,10.42855002560193,0.4425553674970914,2.4577816896534777,20,1,True,42,
permABC-SMC,1504614.5374449338,28.83407552336806,13661900.0,261.813405752182,0.5525604792852413,24.587825378137417,406.11907429058914,27.631021115219,0.2223147474083616,10.42855002560193,0.4425553674970914,2.4577816896534777,20,1,True,42,
permABC-SMC,1505795.154185022,28.83734020367593,13672620.0,261.84304904937744,0.5525604792852413,24.587825378137417,406.11907429058914,27.631021115219,0.2223147474083616,10.42855002560193,0.4425553674970914,2.4577816896534777,20,1,True,42,
permABC-SMC,1503663.7362637362,28.777267146896527,13683340.0,261.8731310367584,0.5525604792852413,24.587825378137417,406.11907429058914,27.631021115219,0.2223147474083616,10.42855002560193,0.4425553674970914,2.4577816896534777,20,1,True,42,
permABC-SMC,1501541.6666666665,28.71742175336469,13694060.0,261.90288639068604,0.5525604792852413,24.587825378137417,406.11907429058914,27.631021115219,0.2223147474083616,10.42855002560193,0.4425553674970914,2.4577816896534777,20,1,True,42,
permABC-SMC,1499428.8840262585,28.657865967740115,13704780.0,261.93289494514465,0.5525604792852413,24.587825378137417,406.11907429058914,27.631021115219,0.2223147474083616,10.42855002560193,0.4425553674970914,2.4577816896534777,20,1,True,42,
permABC-SMC,1497325.327510917,28.59854739826319,13715500.0,261.9626941680908,0.5525604792852413,24.587825378137417,406.11907429058914,27.631021115219,0.2223147474083616,10.42855002560193,0.4425553674970914,2.4577816896534777,20,1,True,42,
permABC-SMC,1498495.633187773,28.60181969326136,13726220.0,261.99266839027405,0.5525604792852413,24.587825378137417,406.11907429058914,27.631021115219,0.2223147474083616,10.42855002560193,0.4425553674970914,2.4577816896534777,20,1,True,42,
permABC-SMC,1496398.6928104574,28.542763631068546,13736940.0,262.02257013320923,0.5525604792852413,24.587825378137417,406.11907429058914,27.631021115219,0.2223147474083616,10.42855002560193,0.4425553674970914,2.4577816896534777,20,1,True,42,
permABC-SMC,1497566.4488017429,28.54601588903689,13747660.0,262.05242586135864,0.5525604792852413,24.587825378137417,406.11907429058914,27.631021115219,0.2223147474083616,10.42855002560193,0.4425553674970914,2.4577816896534777,20,1,True,42,
permABC-SMC,1495476.0869565215,28.48721620829209,13758380.0,262.08238911628723,0.5525604792852413,24.587825378137417,406.11907429058914,27.631021115219,0.2223147474083616,10.42855002560193,0.4425553674970914,2.4577816896534777,20,1,True,42,
permABC-SMC,1490162.3376623376,28.367167091988897,13769100.0,262.1126239299774,0.5525604792852413,24.587825378137417,406.11907429058914,27.631021115219,0.2223147474083616,10.42855002560193,0.4425553674970914,2.4577816896534777,20,1,True,42,
permABC-SMC,1488101.5118790497,28.309145679226702,13779820.0,262.1426889896393,0.5525604792852413,24.587825378137417,406.11907429058914,27.631021115219,0.2223147474083616,10.42855002560193,0.4425553674970914,2.4577816896534777,20,1,True,42,
permABC-SMC,1486049.568965517,28.251372586036545,13790540.0,262.1727375984192,0.5525604792852413,24.587825378137417,406.11907429058914,27.631021115219,0.2223147474083616,10.42855002560193,0.4425553674970914,2.4577816896534777,20,1,True,42,
permABC-SMC,1487204.74137931,28.25466800352622,13801260.0,262.2033190727234,0.5525604792852413,24.587825378137417,406.11907429058914,27.631021115219,0.2223147474083616,10.42855002560193,0.4425553674970914,2.4577816896534777,20,1,True,42,
permABC-SMC,1488359.9137931033,28.25791763848272,13811980.0,262.23347568511963,0.5525604792852413,24.587825378137417,406.11907429058914,27.631021115219,0.2223147474083616,10.42855002560193,0.4425553674970914,2.4577816896534777,20,1,True,42,
permABC-SMC,1489515.0862068962,28.26115175567824,13822700.0,262.2634882926941,0.5525604792852413,24.587825378137417,406.11907429058914,27.631021115219,0.2223147474083616,10.42855002560193,0.4425553674970914,2.4577816896534777,20,1,True,42,
permABC-SMC,1487464.5161290322,28.203600452792266,13833420.0,262.293484210968,0.5525604792852413,24.587825378137417,406.11907429058914,27.631021115219,0.2223147474083616,10.42855002560193,0.4425553674970914,2.4577816896534777,20,1,True,42,
permABC-SMC,1488617.204301075,28.20680631104336,13844140.0,262.32329869270325,0.5525604792852413,24.587825378137417,406.11907429058914,27.631021115219,0.2223147474083616,10.42855002560193,0.4425553674970914,2.4577816896534777,20,1,True,42,
permABC-SMC,1486572.9613733906,28.149491625282387,13854860.0,262.35326194763184,0.5525604792852413,24.587825378137417,406.11907429058914,27.631021115219,0.2223147474083616,10.42855002560193,0.4425553674970914,2.4577816896534777,20,1,True,42,
permABC-SMC,1487723.1759656651,28.152711069123427,13865580.0,262.38326716423035,0.5525604792852413,24.587825378137417,406.11907429058914,27.631021115219,0.2223147474083616,10.42855002560193,0.4425553674970914,2.4577816896534777,20,1,True,42,
permABC-SMC,1485685.2248394005,28.09564074305957,13876300.0,262.4132845401764,0.5525604792852413,24.587825378137417,406.11907429058914,27.631021115219,0.2223147474083616,10.42855002560193,0.4425553674970914,2.4577816896534777,20,1,True,42,
permABC-SMC,1486832.976445396,28.09887739014064,13887020.0,262.4435148239136,0.5525604792852413,24.587825378137417,406.11907429058914,27.631021115219,0.2223147474083616,10.42855002560193,0.4425553674970914,2.4577816896534777,20,1,True,42,
permABC-SMC,1487980.728051392,28.10208026551077,13897740.0,262.4734296798706,0.5525604792852413,24.587825378137417,406.11907429058914,27.631021115219,0.2223147474083616,10.42855002560193,0.4425553674970914,2.4577816896534777,20,1,True,42,
permABC-SMC,1485946.5811965808,28.04521365552885,13908460.0,262.5031998157501,0.5525604792852413,24.587825378137417,406.11907429058914,27.631021115219,0.2223147474083616,10.42855002560193,0.4425553674970914,2.4577816896534777,20,1,True,42,
permABC-SMC,1487091.8803418805,28.048443463113568,13919180.0,262.53343081474304,0.5525604792852413,24.587825378137417,406.11907429058914,27.631021115219,0.2223147474083616,10.42855002560193,0.4425553674970914,2.4577816896534777,20,1,True,42,
permABC-SMC,1488237.1794871793,28.051772306108063,13929900.0,262.5645887851715,0.5525604792852413,24.587825378137417,406.11907429058914,27.631021115219,0.2223147474083616,10.42855002560193,0.4425553674970914,2.4577816896534777,20,1,True,42,
permABC-SMC,1489382.4786324785,28.05496940755436,13940620.0,262.59451365470886,0.5525604792852413,24.587825378137417,406.11907429058914,27.631021115219,0.2223147474083616,10.42855002560193,0.4425553674970914,2.4577816896534777,20,1,True,42,
permABC-SMC,1481033.9702760084,27.87944893421894,13951340.0,262.6244089603424,0.5525604792852413,24.587825378137417,406.11907429058914,27.631021115219,0.2223147474083616,10.42855002560193,0.4425553674970914,2.4577816896534777,20,1,True,42,
permABC-SMC,1482171.9745222928,27.882624457090017,13962060.0,262.654322385788,0.5525604792852413,24.587825378137417,406.11907429058914,27.631021115219,0.2223147474083616,10.42855002560193,0.4425553674970914,2.4577816896534777,20,1,True,42,
permABC-SMC,1483309.9787685776,27.885824884831777,13972780.0,262.68447041511536,0.5525604792852413,24.587825378137417,406.11907429058914,27.631021115219,0.2223147474083616,10.42855002560193,0.4425553674970914,2.4577816896534777,20,1,True,42,
permABC-SMC,1478171.247357294,27.771094535924423,13983500.0,262.71455430984497,0.5525604792852413,24.587825378137417,406.11907429058914,27.631021115219,0.2223147474083616,10.42855002560193,0.4425553674970914,2.4577816896534777,20,1,True,42,
permABC-SMC,1479304.4397463005,27.77422119648714,13994220.0,262.7441325187683,0.5525604792852413,24.587825378137417,406.11907429058914,27.631021115219,0.2223147474083616,10.42855002560193,0.4425553674970914,2.4577816896534777,20,1,True,42,
permABC-SMC,1477314.3459915612,27.71875108847638,14004940.0,262.7737603187561,0.5525604792852413,24.587825378137417,406.11907429058914,27.631021115219,0.2223147474083616,10.42855002560193,0.4425553674970914,2.4577816896534777,20,1,True,42,
permABC-SMC,1478445.147679325,27.721902237662785,14015660.0,262.8036332130432,0.5525604792852413,24.587825378137417,406.11907429058914,27.631021115219,0.2223147474083616,10.42855002560193,0.4425553674970914,2.4577816896534777,20,1,True,42,
permABC-SMC,1476461.0526315789,27.66667988425807,14026380.0,262.83345890045166,0.5525604792852413,24.587825378137417,406.11907429058914,27.631021115219,0.2223147474083616,10.42855002560193,0.4425553674970914,2.4577816896534777,20,1,True,42,
permABC-SMC,1474485.294117647,27.61167443099142,14037100.0,262.8631405830384,0.5525604792852413,24.587825378137417,406.11907429058914,27.631021115219,0.2223147474083616,10.42855002560193,0.4425553674970914,2.4577816896534777,20,1,True,42,
permABC-SMC,1472517.819706499,27.55692542473975,14047820.0,262.8930685520172,0.5525604792852413,24.587825378137417,406.11907429058914,27.631021115219,0.2223147474083616,10.42855002560193,0.4425553674970914,2.4577816896534777,20,1,True,42,
permABC-SMC,1470558.577405858,27.502376265106843,14058540.0,262.9227170944214,0.5525604792852413,24.587825378137417,406.11907429058914,27.631021115219,0.2223147474083616,10.42855002560193,0.4425553674970914,2.4577816896534777,20,1,True,42,
permABC-SMC,1471679.916317992,27.50550276564754,14069260.0,262.95260643959045,0.5525604792852413,24.587825378137417,406.11907429058914,27.631021115219,0.2223147474083616,10.42855002560193,0.4425553674970914,2.4577816896534777,20,1,True,42,
permABC-SMC,1469726.513569937,27.451193307785,14079980.0,262.9824318885803,0.5525604792852413,24.587825378137417,406.11907429058914,27.631021115219,0.2223147474083616,10.42855002560193,0.4425553674970914,2.4577816896534777,20,1,True,42,
permABC-SMC,1470845.5114822548,27.45432433106456,14090700.0,263.0124270915985,0.5525604792852413,24.587825378137417,406.11907429058914,27.631021115219,0.2223147474083616,10.42855002560193,0.4425553674970914,2.4577816896534777,20,1,True,42,
permABC-SMC,1468897.9166666665,27.40021380285422,14101420.0,263.0420525074005,0.5525604792852413,24.587825378137417,406.11907429058914,27.631021115219,0.2223147474083616,10.42855002560193,0.4425553674970914,2.4577816896534777,20,1,True,42,
permABC-SMC,1463914.937759336,27.28961639384511,14112140.0,263.07190203666687,0.5525604792852413,24.587825378137417,406.11907429058914,27.631021115219,0.2223147474083616,10.42855002560193,0.4425553674970914,2.4577816896534777,20,1,True,42,
permABC-SMC,1465026.9709543567,27.29273074890073,14122860.0,263.1019244194031,0.5525604792852413,24.587825378137417,406.11907429058914,27.631021115219,0.2223147474083616,10.42855002560193,0.4425553674970914,2.4577816896534777,20,1,True,42,
permABC-SMC,1466139.0041493776,27.295853166659345,14133580.0,263.13202452659607,0.5525604792852413,24.587825378137417,406.11907429058914,27.631021115219,0.2223147474083616,10.42855002560193,0.4425553674970914,2.4577816896534777,20,1,True,42,
permABC-SMC,1467251.0373443984,27.29895080273577,14144300.0,263.1618857383728,0.5525604792852413,24.587825378137417,406.11907429058914,27.631021115219,0.2223147474083616,10.42855002560193,0.4425553674970914,2.4577816896534777,20,1,True,42,
permABC-SMC,1468363.070539419,27.302038545925093,14155020.0,263.1916515827179,0.5525604792852413,24.587825378137417,406.11907429058914,27.631021115219,0.2223147474083616,10.42855002560193,0.4425553674970914,2.4577816896534777,20,1,True,42,
permABC-SMC,1466432.712215321,27.248617161381567,14165740.0,263.2216417789459,0.5525604792852413,24.587825378137417,406.11907429058914,27.631021115219,0.2223147474083616,10.42855002560193,0.4425553674970914,2.4577816896534777,20,1,True,42,
permABC-SMC,1464510.3305785125,27.19542554094772,14176460.0,263.2517192363739,0.5525604792852413,24.587825378137417,406.11907429058914,27.631021115219,0.2223147474083616,10.42855002560193,0.4425553674970914,2.4577816896534777,20,1,True,42,
permABC-SMC,1465617.7685950412,27.19849651017465,14187180.0,263.2814462184906,0.5525604792852413,24.587825378137417,406.11907429058914,27.631021115219,0.2223147474083616,10.42855002560193,0.4425553674970914,2.4577816896534777,20,1,True,42,
permABC-SMC,1466725.2066115702,27.201650901274245,14197900.0,263.3119807243347,0.5525604792852413,24.587825378137417,406.11907429058914,27.631021115219,0.2223147474083616,10.42855002560193,0.4425553674970914,2.4577816896534777,20,1,True,42,
permABC-SMC,1467832.6446280992,27.20475044132264,14208620.0,263.3419842720032,0.5525604792852413,24.587825378137417,406.11907429058914,27.631021115219,0.2223147474083616,10.42855002560193,0.4425553674970914,2.4577816896534777,20,1,True,42,
permABC-SMC,1468940.082644628,27.207840474183893,14219340.0,263.3718957901001,0.5525604792852413,24.587825378137417,406.11907429058914,27.631021115219,0.2223147474083616,10.42855002560193,0.4425553674970914,2.4577816896534777,20,1,True,42,
permABC-SMC,1470047.520661157,27.21089287237688,14230060.0,263.4014430046081,0.5525604792852413,24.587825378137417,406.11907429058914,27.631021115219,0.2223147474083616,10.42855002560193,0.4425553674970914,2.4577816896534777,20,1,True,42,
permABC-SMC,1471154.958677686,27.21396790555686,14240780.0,263.4312093257904,0.5525604792852413,24.587825378137417,406.11907429058914,27.631021115219,0.2223147474083616,10.42855002560193,0.4425553674970914,2.4577816896534777,20,1,True,42,
permABC-SMC,1469226.8041237113,27.160927020397384,14251500.0,263.4609920978546,0.5525604792852413,24.587825378137417,406.11907429058914,27.631021115219,0.2223147474083616,10.42855002560193,0.4425553674970914,2.4577816896534777,20,1,True,42,
permABC-SMC,1470331.9587628867,27.16402579828636,14262220.0,263.4910502433777,0.5525604792852413,24.587825378137417,406.11907429058914,27.631021115219,0.2223147474083616,10.42855002560193,0.4425553674970914,2.4577816896534777,20,1,True,42,
permABC-SMC,1471437.113402062,27.167137209902105,14272940.0,263.5212309360504,0.5525604792852413,24.587825378137417,406.11907429058914,27.631021115219,0.2223147474083616,10.42855002560193,0.4425553674970914,2.4577816896534777,20,1,True,42,
permABC-SMC,1466494.8665297742,27.05887712737129,14283660.0,263.5534632205963,0.5525604792852413,24.587825378137417,406.11907429058914,27.631021115219,0.2223147474083616,10.42855002560193,0.4425553674970914,2.4577816896534777,20,1,True,42,
permABC-SMC,1464588.1147540982,27.006494559225487,14294380.0,263.5833868980408,0.5525604792852413,24.587825378137417,406.11907429058914,27.631021115219,0.2223147474083616,10.42855002560193,0.4425553674970914,2.4577816896534777,20,1,True,42,
permABC-SMC,1465686.475409836,27.00958655017321,14305100.0,263.6135647296905,0.5525604792852413,24.587825378137417,406.11907429058914,27.631021115219,0.2223147474083616,10.42855002560193,0.4425553674970914,2.4577816896534777,20,1,True,42,
permABC-SMC,1466784.8360655736,27.01263901640157,14315820.0,263.64335680007935,0.5525604792852413,24.587825378137417,406.11907429058914,27.631021115219,0.2223147474083616,10.42855002560193,0.4425553674970914,2.4577816896534777,20,1,True,42,
permABC-SMC,1467883.1967213114,27.01571810929501,14326540.0,263.67340874671936,0.5525604792852413,24.587825378137417,406.11907429058914,27.631021115219,0.2223147474083616,10.42855002560193,0.4425553674970914,2.4577816896534777,20,1,True,42,
permABC-SMC,1468981.5573770492,27.01878242316793,14337260.0,263.703316450119,0.5525604792852413,24.587825378137417,406.11907429058914,27.631021115219,0.2223147474083616,10.42855002560193,0.4425553674970914,2.4577816896534777,20,1,True,42,
permABC-SMC,1467073.6196319018,26.966583436252147,14347980.0,263.733186006546,0.5525604792852413,24.587825378137417,406.11907429058914,27.631021115219,0.2223147474083616,10.42855002560193,0.4425553674970914,2.4577816896534777,20,1,True,42,
permABC-SMC,1468169.7341513294,26.96963848511865,14358700.0,263.76306438446045,0.5525604792852413,24.587825378137417,406.11907429058914,27.631021115219,0.2223147474083616,10.42855002560193,0.4425553674970914,2.4577816896534777,20,1,True,42,
permABC-SMC,1469265.848670757,26.97269758076268,14369420.0,263.792982339859,0.5525604792852413,24.587825378137417,406.11907429058914,27.631021115219,0.2223147474083616,10.42855002560193,0.4425553674970914,2.4577816896534777,20,1,True,42,
permABC-SMC,1467361.224489796,26.920694429047256,14380140.0,263.8228054046631,0.5525604792852413,24.587825378137417,406.11907429058914,27.631021115219,0.2223147474083616,10.42855002560193,0.4425553674970914,2.4577816896534777,20,1,True,42,
permABC-SMC,1468455.1020408163,26.92373506876887,14390860.0,263.85260367393494,0.5525604792852413,24.587825378137417,406.11907429058914,27.631021115219,0.2223147474083616,10.42855002560193,0.4425553674970914,2.4577816896534777,20,1,True,42,
permABC-SMC,1469548.9795918367,26.92681911040325,14401580.0,263.8828272819519,0.5525604792852413,24.587825378137417,406.11907429058914,27.631021115219,0.2223147474083616,10.42855002560193,0.4425553674970914,2.4577816896534777,20,1,True,42,
permABC-SMC,1467647.6578411404,26.875022763875737,14412300.0,263.91272354125977,0.5525604792852413,24.587825378137417,406.11907429058914,27.631021115219,0.2223147474083616,10.42855002560193,0.4425553674970914,2.4577816896534777,20,1,True,42,
permABC-SMC,1465754.0650406503,26.82344339242796,14423020.0,263.9426829814911,0.5525604792852413,24.587825378137417,406.11907429058914,27.631021115219,0.2223147474083616,10.42855002560193,0.4425553674970914,2.4577816896534777,20,1,True,42,
permABC-SMC,1466843.4959349593,26.8265038728714,14433740.0,263.97279810905457,0.5525604792852413,24.587825378137417,406.11907429058914,27.631021115219,0.2223147474083616,10.42855002560193,0.4425553674970914,2.4577816896534777,20,1,True,42,
permABC-SMC,1467932.9268292685,26.829565685939013,14444460.0,264.0029263496399,0.5525604792852413,24.587825378137417,406.11907429058914,27.631021115219,0.2223147474083616,10.42855002560193,0.4425553674970914,2.4577816896534777,20,1,True,42,
permABC-SMC,1469022.3577235772,26.832610174892395,14455180.0,264.0328841209412,0.5525604792852413,24.587825378137417,406.11907429058914,27.631021115219,0.2223147474083616,10.42855002560193,0.4425553674970914,2.4577816896534777,20,1,True,42,
permABC-SMC,1464159.91902834,26.726995233582105,14465900.0,264.06271290779114,0.5525604792852413,24.587825378137417,406.11907429058914,27.631021115219,0.2223147474083616,10.42855002560193,0.4425553674970914,2.4577816896534777,20,1,True,42,
permABC-SMC,1465244.9392712554,26.730020760524617,14476620.0,264.09260511398315,0.5525604792852413,24.587825378137417,406.11907429058914,27.631021115219,0.2223147474083616,10.42855002560193,0.4425553674970914,2.4577816896534777,20,1,True,42,
permABC-SMC,1466329.9595141702,26.733062914025933,14487340.0,264.1226615905762,0.5525604792852413,24.587825378137417,406.11907429058914,27.631021115219,0.2223147474083616,10.42855002560193,0.4425553674970914,2.4577816896534777,20,1,True,42,
permABC-SMC,1464450.505050505,26.682124065630365,14498060.0,264.1530282497406,0.5525604792852413,24.587825378137417,406.11907429058914,27.631021115219,0.2223147474083616,10.42855002560193,0.4425553674970914,2.4577816896534777,20,1,True,42,
permABC-SMC,1465533.3333333333,26.685147189130685,14508780.0,264.1829571723938,0.5525604792852413,24.587825378137417,406.11907429058914,27.631021115219,0.2223147474083616,10.42855002560193,0.4425553674970914,2.4577816896534777,20,1,True,42,
permABC-SMC,1460714.2857142857,26.580748807496462,14519500.0,264.2126431465149,0.5525604792852413,24.587825378137417,406.11907429058914,27.631021115219,0.2223147474083616,10.42855002560193,0.4425553674970914,2.4577816896534777,20,1,True,42,
permABC-SMC,1455933.867735471,26.47722292997556,14530220.0,264.242684841156,0.5525604792852413,24.587825378137417,406.11907429058914,27.631021115219,0.2223147474083616,10.42855002560193,0.4425553674970914,2.4577816896534777,20,1,True,42,
permABC-SMC,1457008.0160320643,26.4802418873162,14540940.0,264.27281403541565,0.5525604792852413,24.587825378137417,406.11907429058914,27.631021115219,0.2223147474083616,10.42855002560193,0.4425553674970914,2.4577816896534777,20,1,True,42,
permABC-SMC,1458082.164328657,26.48323129317565,14551660.0,264.30264830589294,0.5525604792852413,24.587825378137417,406.11907429058914,27.631021115219,0.2223147474083616,10.42855002560193,0.4425553674970914,2.4577816896534777,20,1,True,42,
permABC-SMC,1459156.3126252503,26.486215347756367,14562380.0,264.3324291706085,0.5525604792852413,24.587825378137417,406.11907429058914,27.631021115219,0.2223147474083616,10.42855002560193,0.4425553674970914,2.4577816896534777,20,1,True,42,
permABC-SMC,1460230.4609218435,26.489199115661435,14573100.0,264.36220717430115,0.5525604792852413,24.587825378137417,406.11907429058914,27.631021115219,0.2223147474083616,10.42855002560193,0.4425553674970914,2.4577816896534777,20,1,True,42,
permABC-SMC,1461304.6092184368,26.492217380202604,14583820.0,264.392329454422,0.5525604792852413,24.587825378137417,406.11907429058914,27.631021115219,0.2223147474083616,10.42855002560193,0.4425553674970914,2.4577816896534777,20,1,True,42,
permABC-SMC,1459454.0,26.4422696352005,14594540.0,264.422696352005,0.5525604792852413,24.587825378137417,406.11907429058914,27.631021115219,0.2223147474083616,10.42855002560193,0.4425553674970914,2.4577816896534777,20,1,True,42,
permABC-SMC,1460526.0,26.44527440071106,14605260.0,264.4527440071106,0.5525604792852413,24.587825378137417,406.11907429058914,27.631021115219,0.2223147474083616,10.42855002560193,0.4425553674970914,2.4577816896534777,20,1,True,42,
permABC-SMC,1458680.638722555,26.39548102776685,14615980.0,264.4827198982239,0.5525604792852413,24.587825378137417,406.11907429058914,27.631021115219,0.2223147474083616,10.42855002560193,0.4425553674970914,2.4577816896534777,20,1,True,42,
permABC-SMC,1459750.499001996,26.39845388378212,14626700.0,264.5125079154968,0.5525604792852413,24.587825378137417,406.11907429058914,27.631021115219,0.2223147474083616,10.42855002560193,0.4425553674970914,2.4577816896534777,20,1,True,42,
permABC-SMC,1460820.359281437,26.401493934814088,14637420.0,264.5429692268372,0.5525604792852413,24.587825378137417,406.11907429058914,27.631021115219,0.2223147474083616,10.42855002560193,0.4425553674970914,2.4577816896534777,20,1,True,42,
permABC-SMC,1458978.0876494024,26.35191296676241,14648140.0,264.57320618629456,0.5525604792852413,24.587825378137417,406.11907429058914,27.631021115219,0.2223147474083616,10.42855002560193,0.4425553674970914,2.4577816896534777,20,1,True,42,
permABC-SMC,1460045.816733068,26.35489194041704,14658860.0,264.6031150817871,0.5525604792852413,24.587825378137417,406.11907429058914,27.631021115219,0.2223147474083616,10.42855002560193,0.4425553674970914,2.4577816896534777,20,1,True,42,
permABC-SMC,1461113.545816733,26.357844555045503,14669580.0,264.63275933265686,0.5525604792852413,24.587825378137417,406.11907429058914,27.631021115219,0.2223147474083616,10.42855002560193,0.4425553674970914,2.4577816896534777,20,1,True,42,
permABC-SMC,1459274.3538767395,26.30843805745392,14680300.0,264.66288685798645,0.5525604792852413,24.587825378137417,406.11907429058914,27.631021115219,0.2223147474083616,10.42855002560193,0.4425553674970914,2.4577816896534777,20,1,True,42,
permABC-SMC,1457442.4603174604,26.25923480779405,14691020.0,264.6930868625641,0.5525604792852413,24.587825378137417,406.11907429058914,27.631021115219,0.2223147474083616,10.42855002560193,0.4425553674970914,2.4577816896534777,20,1,True,42,
permABC-SMC,1455617.8217821782,26.210213675357327,14701740.0,264.723158121109,0.5525604792852413,24.587825378137417,406.11907429058914,27.631021115219,0.2223147474083616,10.42855002560193,0.4425553674970914,2.4577816896534777,20,1,True,42,
permABC-SMC,1456679.207920792,26.21317750156516,14712460.0,264.7530927658081,0.5525604792852413,24.587825378137417,406.11907429058914,27.631021115219,0.2223147474083616,10.42855002560193,0.4425553674970914,2.4577816896534777,20,1,True,42,
permABC-SMC,1451990.1380670613,26.112758948723005,14723180.0,264.78337574005127,0.5525604792852413,24.587825378137417,406.11907429058914,27.631021115219,0.2223147474083616,10.42855002560193,0.4425553674970914,2.4577816896534777,20,1,True,42,
permABC-SMC,1453047.3372781065,26.115734948679307,14733900.0,264.8135523796081,0.5525604792852413,24.587825378137417,406.11907429058914,27.631021115219,0.2223147474083616,10.42855002560193,0.4425553674970914,2.4577816896534777,20,1,True,42,
permABC-SMC,1454104.536489152,26.118686518960686,14744620.0,264.8434813022613,0.5525604792852413,24.587825378137417,406.11907429058914,27.631021115219,0.2223147474083616,10.42855002560193,0.4425553674970914,2.4577816896534777,20,1,True,42,
permABC-SMC,1452297.2440944882,26.070224347077016,14755340.0,264.8734793663025,0.5525604792852413,24.587825378137417,406.11907429058914,27.631021115219,0.2223147474083616,10.42855002560193,0.4425553674970914,2.4577816896534777,20,1,True,42,
permABC-SMC,1450497.053045187,26.02192561612382,14766060.0,264.9032027721405,0.5525604792852413,24.587825378137417,406.11907429058914,27.631021115219,0.2223147474083616,10.42855002560193,0.4425553674970914,2.4577816896534777,20,1,True,42,
permABC-SMC,1451550.0982318271,26.02483999049968,14776780.0,264.93287110328674,0.5525604792852413,24.587825378137417,406.11907429058914,27.631021115219,0.2223147474083616,10.42855002560193,0.4425553674970914,2.4577816896534777,20,1,True,42,
permABC-SMC,1452603.1434184676,26.02779748163429,14787500.0,264.9629783630371,0.5525604792852413,24.587825378137417,406.11907429058914,27.631021115219,0.2223147474083616,10.42855002560193,0.4425553674970914,2.4577816896534777,20,1,True,42,
permABC-SMC,1453656.188605108,26.030727102620663,14798220.0,264.99280190467834,0.5525604792852413,24.587825378137417,406.11907429058914,27.631021115219,0.2223147474083616,10.42855002560193,0.4425553674970914,2.4577816896534777,20,1,True,42,
permABC-SMC,1451856.8627450978,25.9826064343546,14808940.0,265.02258563041687,0.5525604792852413,24.587825378137417,406.11907429058914,27.631021115219,0.2223147474083616,10.42855002560193,0.4425553674970914,2.4577816896534777,20,1,True,42,
permABC-SMC,1450064.57925636,25.934683343435687,14819660.0,265.0524637699127,0.5525604792852413,24.587825378137417,406.11907429058914,27.631021115219,0.2223147474083616,10.42855002560193,0.4425553674970914,2.4577816896534777,20,1,True,42,
permABC-SMC,1451113.5029354207,25.937650348342327,14830380.0,265.0827865600586,0.5525604792852413,24.587825378137417,406.11907429058914,27.631021115219,0.2223147474083616,10.42855002560193,0.4425553674970914,2.4577816896534777,20,1,True,42,
permABC-SMC,1449326.171875,25.889912457205355,14841100.0,265.11270356178284,0.5525604792852413,24.587825378137417,406.11907429058914,27.631021115219,0.2223147474083616,10.42855002560193,0.4425553674970914,2.4577816896534777,20,1,True,42,
permABC-SMC,1444729.5719844357,25.792086078035226,14851820.0,265.1426448822021,0.5525604792852413,24.587825378137417,406.11907429058914,27.631021115219,0.2223147474083616,10.42855002560193,0.4425553674970914,2.4577816896534777,20,1,True,42,
permABC-SMC,1445772.3735408557,25.795022917164896,14862540.0,265.1728355884552,0.5525604792852413,24.587825378137417,406.11907429058914,27.631021115219,0.2223147474083616,10.42855002560193,0.4425553674970914,2.4577816896534777,20,1,True,42,
permABC-SMC,1444005.8252427184,25.747838876779795,14873260.0,265.2027404308319,0.5525604792852413,24.587825378137417,406.11907429058914,27.631021115219,0.2223147474083616,10.42855002560193,0.4425553674970914,2.4577816896534777,20,1,True,42,
permABC-SMC,1445046.6019417476,25.75077029107844,14883980.0,265.2329339981079,0.5525604792852413,24.587825378137417,406.11907429058914,27.631021115219,0.2223147474083616,10.42855002560193,0.4425553674970914,2.4577816896534777,20,1,True,42,
permABC-SMC,1446087.3786407767,25.753669368410574,14894700.0,265.2627944946289,0.5525604792852413,24.587825378137417,406.11907429058914,27.631021115219,0.2223147474083616,10.42855002560193,0.4425553674970914,2.4577816896534777,20,1,True,42,
permABC-SMC,1444323.6434108529,25.70663249307825,14905420.0,265.2924473285675,0.5525604792852413,24.587825378137417,406.11907429058914,27.631021115219,0.2223147474083616,10.42855002560193,0.4425553674970914,2.4577816896534777,20,1,True,42,
permABC-SMC,1442566.7311411991,25.65978986843412,14916140.0,265.3222272396088,0.5525604792852413,24.587825378137417,406.11907429058914,27.631021115219,0.2223147474083616,10.42855002560193,0.4425553674970914,2.4577816896534777,20,1,True,42,
permABC-SMC,1443603.481624758,25.66273581359096,14926860.0,265.3526883125305,0.5525604792852413,24.587825378137417,406.11907429058914,27.631021115219,0.2223147474083616,10.42855002560193,0.4425553674970914,2.4577816896534777,20,1,True,42,
permABC-SMC,1444640.232108317,25.66562662733362,14937580.0,265.38257932662964,0.5525604792852413,24.587825378137417,406.11907429058914,27.631021115219,0.2223147474083616,10.42855002560193,0.4425553674970914,2.4577816896534777,20,1,True,42,
permABC-SMC,1445676.982591876,25.66851213776166,14948300.0,265.4124155044556,0.5525604792852413,24.587825378137417,406.11907429058914,27.631021115219,0.2223147474083616,10.42855002560193,0.4425553674970914,2.4577816896534777,20,1,True,42,
permABC-SMC,1446713.733075435,25.671396795047784,14959020.0,265.44224286079407,0.5525604792852413,24.587825378137417,406.11907429058914,27.631021115219,0.2223147474083616,10.42855002560193,0.4425553674970914,2.4577816896534777,20,1,True,42,
permABC-SMC,1447750.483558994,25.67427644877185,14969740.0,265.4720184803009,0.5525604792852413,24.587825378137417,406.11907429058914,27.631021115219,0.2223147474083616,10.42855002560193,0.4425553674970914,2.4577816896534777,20,1,True,42,
permABC-SMC,1448787.234042553,25.67719998165994,14980460.0,265.50224781036377,0.5525604792852413,24.587825378137417,406.11907429058914,27.631021115219,0.2223147474083616,10.42855002560193,0.4425553674970914,2.4577816896534777,20,1,True,42,
permABC-SMC,1449823.9845261122,25.68009086457627,14991180.0,265.5321395397186,0.5525604792852413,24.587825378137417,406.11907429058914,27.631021115219,0.2223147474083616,10.42855002560193,0.4425553674970914,2.4577816896534777,20,1,True,42,
permABC-SMC,1445269.7495183044,25.58404115353476,15001900.0,265.5623471736908,0.5525604792852413,24.587825378137417,406.11907429058914,27.631021115219,0.2223147474083616,10.42855002560193,0.4425553674970914,2.4577816896534777,20,1,True,42,
permABC-SMC,1446302.5048169557,25.5869031871215,15012620.0,265.5920550823212,0.5525604792852413,24.587825378137417,406.11907429058914,27.631021115219,0.2223147474083616,10.42855002560193,0.4425553674970914,2.4577816896534777,20,1,True,42,
permABC-SMC,1447335.260115607,25.589792484952305,15023340.0,265.62204599380493,0.5525604792852413,24.587825378137417,406.11907429058914,27.631021115219,0.2223147474083616,10.42855002560193,0.4425553674970914,2.4577816896534777,20,1,True,42,
permABC-SMC,1445582.6923076925,25.543462771635788,15034060.0,265.6520128250122,0.5525604792852413,24.587825378137417,406.11907429058914,27.631021115219,0.2223147474083616,10.42855002560193,0.4425553674970914,2.4577816896534777,20,1,True,42,
permABC-SMC,1446613.4615384615,25.54635953444701,15044780.0,265.6821391582489,0.5525604792852413,24.587825378137417,406.11907429058914,27.631021115219,0.2223147474083616,10.42855002560193,0.4425553674970914,2.4577816896534777,20,1,True,42,
permABC-SMC,1447644.2307692308,25.549220259373005,15055500.0,265.71189069747925,0.5525604792852413,24.587825378137417,406.11907429058914,27.631021115219,0.2223147474083616,10.42855002560193,0.4425553674970914,2.4577816896534777,20,1,True,42,
permABC-SMC,1445894.4337811898,25.503055582577343,15066220.0,265.74183917045593,0.5525604792852413,24.587825378137417,406.11907429058914,27.631021115219,0.2223147474083616,10.42855002560193,0.4425553674970914,2.4577816896534777,20,1,True,42,
permABC-SMC,1446923.2245681384,25.50592083848598,15076940.0,265.7716951370239,0.5525604792852413,24.587825378137417,406.11907429058914,27.631021115219,0.2223147474083616,10.42855002560193,0.4425553674970914,2.4577816896534777,20,1,True,42,
permABC-SMC,1447952.0153550864,25.508771679451733,15087660.0,265.8014008998871,0.5525604792852413,24.587825378137417,406.11907429058914,27.631021115219,0.2223147474083616,10.42855002560193,0.4425553674970914,2.4577816896534777,20,1,True,42,
permABC-SMC,1448980.8061420345,25.511660822980005,15098380.0,265.83150577545166,0.5525604792852413,24.587825378137417,406.11907429058914,27.631021115219,0.2223147474083616,10.42855002560193,0.4425553674970914,2.4577816896534777,20,1,True,42,
permABC-SMC,1447231.8007662832,25.46565071376347,15109100.0,265.8613934516907,0.5525604792852413,24.587825378137417,406.11907429058914,27.631021115219,0.2223147474083616,10.42855002560193,0.4425553674970914,2.4577816896534777,20,1,True,42,
permABC-SMC,1445489.48374761,25.41982505335179,15119820.0,265.8913700580597,0.5525604792852413,24.587825378137417,406.11907429058914,27.631021115219,0.2223147474083616,10.42855002560193,0.4425553674970914,2.4577816896534777,20,1,True,42,
permABC-SMC,1446514.3403441682,25.42267278777026,15130540.0,265.9211573600769,0.5525604792852413,24.587825378137417,406.11907429058914,27.631021115219,0.2223147474083616,10.42855002560193,0.4425553674970914,2.4577816896534777,20,1,True,42,
permABC-SMC,1444776.717557252,25.377008682898893,15141260.0,265.9510509967804,0.5525604792852413,24.587825378137417,406.11907429058914,27.631021115219,0.2223147474083616,10.42855002560193,0.4425553674970914,2.4577816896534777,20,1,True,42,
permABC-SMC,1443045.7142857143,25.331550507318408,15151980.0,265.98128032684326,0.5525604792852413,24.587825378137417,406.11907429058914,27.631021115219,0.2223147474083616,10.42855002560193,0.4425553674970914,2.4577816896534777,20,1,True,42,
permABC-SMC,1444066.6666666665,25.334390072595504,15162700.0,266.0110957622528,0.5525604792852413,24.587825378137417,406.11907429058914,27.631021115219,0.2223147474083616,10.42855002560193,0.4425553674970914,2.4577816896534777,20,1,True,42,
permABC-SMC,1445087.619047619,25.3372707821074,15173420.0,266.0413432121277,0.5525604792852413,24.587825378137417,406.11907429058914,27.631021115219,0.2223147474083616,10.42855002560193,0.4425553674970914,2.4577816896534777,20,1,True,42,
permABC-SMC,1446108.5714285714,25.340080897013348,15184140.0,266.07084941864014,0.5525604792852413,24.587825378137417,406.11907429058914,27.631021115219,0.2223147474083616,10.42855002560193,0.4425553674970914,2.4577816896534777,20,1,True,42,
permABC-SMC,1447129.5238095238,25.342939921787806,15194860.0,266.100869178772,0.5525604792852413,24.587825378137417,406.11907429058914,27.631021115219,0.2223147474083616,10.42855002560193,0.4425553674970914,2.4577816896534777,20,1,True,42,
permABC-SMC,1448150.4761904762,25.34583041781471,15205580.0,266.13121938705444,0.5525604792852413,24.587825378137417,406.11907429058914,27.631021115219,0.2223147474083616,10.42855002560193,0.4425553674970914,2.4577816896534777,20,1,True,42,
permABC-SMC,1449171.4285714286,25.348681427183607,15216300.0,266.16115498542786,0.5525604792852413,24.587825378137417,406.11907429058914,27.631021115219,0.2223147474083616,10.42855002560193,0.4425553674970914,2.4577816896534777,20,1,True,42,
permABC-SMC,1450192.380952381,25.35155487060547,15227020.0,266.1913261413574,0.5525604792852413,24.587825378137417,406.11907429058914,27.631021115219,0.2223147474083616,10.42855002560193,0.4425553674970914,2.4577816896534777,20,1,True,42,
permABC-SMC,1451213.3333333333,25.354416847229004,15237740.0,266.22137689590454,0.5525604792852413,24.587825378137417,406.11907429058914,27.631021115219,0.2223147474083616,10.42855002560193,0.4425553674970914,2.4577816896534777,20,1,True,42,
permABC-SMC,1449473.3840304182,25.3090638171584,15248460.0,266.25135135650635,0.5525604792852413,24.587825378137417,406.11907429058914,27.631021115219,0.2223147474083616,10.42855002560193,0.4425553674970914,2.4577816896534777,20,1,True,42,
permABC-SMC,1447740.0379506638,25.26389387572286,15259180.0,266.281441450119,0.5525604792852413,24.587825378137417,406.11907429058914,27.631021115219,0.2223147474083616,10.42855002560193,0.4425553674970914,2.4577816896534777,20,1,True,42,
permABC-SMC,1448757.1157495254,25.2667288626394,15269900.0,266.31132221221924,0.5525604792852413,24.587825378137417,406.11907429058914,27.631021115219,0.2223147474083616,10.42855002560193,0.4425553674970914,2.4577816896534777,20,1,True,42,
permABC-SMC,1447028.409090909,25.22174919193441,15280620.0,266.3416714668274,0.5525604792852413,24.587825378137417,406.11907429058914,27.631021115219,0.2223147474083616,10.42855002560193,0.4425553674970914,2.4577816896534777,20,1,True,42,
permABC-SMC,1448043.5606060603,25.22457971265822,15291340.0,266.3715617656708,0.5525604792852413,24.587825378137417,406.11907429058914,27.631021115219,0.2223147474083616,10.42855002560193,0.4425553674970914,2.4577816896534777,20,1,True,42,
permABC-SMC,1449058.712121212,25.22742177049319,15302060.0,266.4015738964081,0.5525604792852413,24.587825378137417,406.11907429058914,27.631021115219,0.2223147474083616,10.42855002560193,0.4425553674970914,2.4577816896534777,20,1,True,42,
permABC-SMC,1450073.8636363638,25.23026504751408,15312780.0,266.43159890174866,0.5525604792852413,24.587825378137417,406.11907429058914,27.631021115219,0.2223147474083616,10.42855002560193,0.4425553674970914,2.4577816896534777,20,1,True,42,
permABC-SMC,1448345.935727788,25.185377340911693,15323500.0,266.4612922668457,0.5525604792852413,24.587825378137417,406.11907429058914,27.631021115219,0.2223147474083616,10.42855002560193,0.4425553674970914,2.4577816896534777,20,1,True,42,
permABC-SMC,1449359.168241966,25.188154714544687,15334220.0,266.4906768798828,0.5525604792852413,24.587825378137417,406.11907429058914,27.631021115219,0.2223147474083616,10.42855002560193,0.4425553674970914,2.4577816896534777,20,1,True,42,
permABC-SMC,1450372.4007561435,25.1909750621125,15344940.0,266.52051615715027,0.5525604792852413,24.587825378137417,406.11907429058914,27.631021115219,0.2223147474083616,10.42855002560193,0.4425553674970914,2.4577816896534777,20,1,True,42,
permABC-SMC,1451385.6332703212,25.194619553751668,15355660.0,266.5590748786926,0.5525604792852413,24.587825378137417,406.11907429058914,27.631021115219,0.2223147474083616,10.42855002560193,0.4425553674970914,2.4577816896534777,20,1,True,42,
permABC-SMC,1452398.865784499,25.19751223814736,15366380.0,266.589679479599,0.5525604792852413,24.587825378137417,406.11907429058914,27.631021115219,0.2223147474083616,10.42855002560193,0.4425553674970914,2.4577816896534777,20,1,True,42,
permABC-SMC,1453412.0982986768,25.20033362231769,15377100.0,266.6195297241211,0.5525604792852413,24.587825378137417,406.11907429058914,27.631021115219,0.2223147474083616,10.42855002560193,0.4425553674970914,2.4577816896534777,20,1,True,42,
permABC-SMC,1454425.3308128545,25.203201856414854,15387820.0,266.64987564086914,0.5525604792852413,24.587825378137417,406.11907429058914,27.631021115219,0.2223147474083616,10.42855002560193,0.4425553674970914,2.4577816896534777,20,1,True,42,
permABC-SMC,1455438.563327032,25.20604374728717,15398540.0,266.6799428462982,0.5525604792852413,24.587825378137417,406.11907429058914,27.631021115219,0.2223147474083616,10.42855002560193,0.4425553674970914,2.4577816896534777,20,1,True,42,
permABC-SMC,1450966.1016949152,25.114038592229,15409260.0,266.71108984947205,0.5525604792852413,24.587825378137417,406.11907429058914,27.631021115219,0.2223147474083616,10.42855002560193,0.4425553674970914,2.4577816896534777,20,1,True,42,
permABC-SMC,1449246.2406015038,25.069671891685715,15419980.0,266.741308927536,0.5525604792852413,24.587825378137417,406.11907429058914,27.631021115219,0.2223147474083616,10.42855002560193,0.4425553674970914,2.4577816896534777,20,1,True,42,
permABC-SMC,1450253.7593984962,25.07253096515971,15430700.0,266.7717294692993,0.5525604792852413,24.587825378137417,406.11907429058914,27.631021115219,0.2223147474083616,10.42855002560193,0.4425553674970914,2.4577816896534777,20,1,True,42,
permABC-SMC,1451261.2781954887,25.075339934879675,15441420.0,266.8016169071197,0.5525604792852413,24.587825378137417,406.11907429058914,27.631021115219,0.2223147474083616,10.42855002560193,0.4425553674970914,2.4577816896534777,20,1,True,42,
permABC-SMC,1449544.090056285,25.031128766165445,15452140.0,266.8318326473236,0.5525604792852413,24.587825378137417,406.11907429058914,27.631021115219,0.2223147474083616,10.42855002560193,0.4425553674970914,2.4577816896534777,20,1,True,42,
permABC-SMC,1447833.3333333333,24.98710343007291,15462860.0,266.8622646331787,0.5525604792852413,24.587825378137417,406.11907429058914,27.631021115219,0.2223147474083616,10.42855002560193,0.4425553674970914,2.4577816896534777,20,1,True,42,
permABC-SMC,1448837.0786516855,24.98997376206216,15473580.0,266.89291977882385,0.5525604792852413,24.587825378137417,406.11907429058914,27.631021115219,0.2223147474083616,10.42855002560193,0.4425553674970914,2.4577816896534777,20,1,True,42,
permABC-SMC,1449840.8239700375,24.99280790711164,15484300.0,266.92318844795227,0.5525604792852413,24.587825378137417,406.11907429058914,27.631021115219,0.2223147474083616,10.42855002560193,0.4425553674970914,2.4577816896534777,20,1,True,42,
permABC-SMC,1450844.5692883895,24.9956212240212,15495020.0,266.9532346725464,0.5525604792852413,24.587825378137417,406.11907429058914,27.631021115219,0.2223147474083616,10.42855002560193,0.4425553674970914,2.4577816896534777,20,1,True,42,
permABC-SMC,1451848.3146067415,24.998437465353405,15505740.0,266.9833121299744,0.5525604792852413,24.587825378137417,406.11907429058914,27.631021115219,0.2223147474083616,10.42855002560193,0.4425553674970914,2.4577816896534777,20,1,True,42,
permABC-SMC,1450136.4485981306,24.95453121506165,15516460.0,267.01348400115967,0.5525604792852413,24.587825378137417,406.11907429058914,27.631021115219,0.2223147474083616,10.42855002560193,0.4425553674970914,2.4577816896534777,20,1,True,42,
permABC-SMC,1448430.9701492535,24.91075701233166,15527180.0,267.04331517219543,0.5525604792852413,24.587825378137417,406.11907429058914,27.631021115219,0.2223147474083616,10.42855002560193,0.4425553674970914,2.4577816896534777,20,1,True,42,
permABC-SMC,1446731.843575419,24.86716371230795,15537900.0,267.0733382701874,0.5525604792852413,24.587825378137417,406.11907429058914,27.631021115219,0.2223147474083616,10.42855002560193,0.4425553674970914,2.4577816896534777,20,1,True,42,
permABC-SMC,1447729.981378026,24.86997989302907,15548620.0,267.1035840511322,0.5525604792852413,24.587825378137417,406.11907429058914,27.631021115219,0.2223147474083616,10.42855002560193,0.4425553674970914,2.4577816896534777,20,1,True,42,
permABC-SMC,1448728.1191806332,24.87277311985719,15559340.0,267.13358330726624,0.5525604792852413,24.587825378137417,406.11907429058914,27.631021115219,0.2223147474083616,10.42855002560193,0.4425553674970914,2.4577816896534777,20,1,True,42,
permABC-SMC,1449726.2569832404,24.875571696673912,15570060.0,267.16364002227783,0.5525604792852413,24.587825378137417,406.11907429058914,27.631021115219,0.2223147474083616,10.42855002560193,0.4425553674970914,2.4577816896534777,20,1,True,42,
permABC-SMC,1445341.372912801,24.78609916672857,15580780.0,267.194149017334,0.5525604792852413,24.587825378137417,406.11907429058914,27.631021115219,0.2223147474083616,10.42855002560193,0.4425553674970914,2.4577816896534777,20,1,True,42,
permABC-SMC,1446335.8070500926,24.788925289444222,15591500.0,267.22461462020874,0.5525604792852413,24.587825378137417,406.11907429058914,27.631021115219,0.2223147474083616,10.42855002560193,0.4425553674970914,2.4577816896534777,20,1,True,42,
permABC-SMC,1447330.2411873837,24.791744290565955,15602220.0,267.255003452301,0.5525604792852413,24.587825378137417,406.11907429058914,27.631021115219,0.2223147474083616,10.42855002560193,0.4425553674970914,2.4577816896534777,20,1,True,42,
permABC-SMC,1448324.6753246752,24.79454121916988,15612940.0,267.28515434265137,0.5525604792852413,24.587825378137417,406.11907429058914,27.631021115219,0.2223147474083616,10.42855002560193,0.4425553674970914,2.4577816896534777,20,1,True,42,
permABC-SMC,1449319.1094619662,24.79733655536772,15623660.0,267.315288066864,0.5525604792852413,24.587825378137417,406.11907429058914,27.631021115219,0.2223147474083616,10.42855002560193,0.4425553674970914,2.4577816896534777,20,1,True,42,
permABC-SMC,1450313.5435992577,24.8001573037128,15634380.0,267.34569573402405,0.5525604792852413,24.587825378137417,406.11907429058914,27.631021115219,0.2223147474083616,10.42855002560193,0.4425553674970914,2.4577816896534777,20,1,True,42,
permABC-SMC,1448620.3703703703,24.75703727315973,15645100.0,267.3760025501251,0.5525604792852413,24.587825378137417,406.11907429058914,27.631021115219,0.2223147474083616,10.42855002560193,0.4425553674970914,2.4577816896534777,20,1,True,42,
permABC-SMC,1446933.4565619223,24.71406565576296,15655820.0,267.4061903953552,0.5525604792852413,24.587825378137417,406.11907429058914,27.631021115219,0.2223147474083616,10.42855002560193,0.4425553674970914,2.4577816896534777,20,1,True,42,
permABC-SMC,1447924.214417745,24.71683953033137,15666540.0,267.4362037181854,0.5525604792852413,24.587825378137417,406.11907429058914,27.631021115219,0.2223147474083616,10.42855002560193,0.4425553674970914,2.4577816896534777,20,1,True,42,
permABC-SMC,1448914.9722735677,24.71960683847311,15677260.0,267.46614599227905,0.5525604792852413,24.587825378137417,406.11907429058914,27.631021115219,0.2223147474083616,10.42855002560193,0.4425553674970914,2.4577816896534777,20,1,True,42,
permABC-SMC,1449905.73012939,24.722390011806805,15687980.0,267.49625992774963,0.5525604792852413,24.587825378137417,406.11907429058914,27.631021115219,0.2223147474083616,10.42855002560193,0.4425553674970914,2.4577816896534777,20,1,True,42,
permABC-SMC,1448219.557195572,24.679531998300025,15698700.0,267.52612686157227,0.5525604792852413,24.587825378137417,406.11907429058914,27.631021115219,0.2223147474083616,10.42855002560193,0.4425553674970914,2.4577816896534777,20,1,True,42,
permABC-SMC,1449208.4870848707,24.68229574031056,15709420.0,267.55608582496643,0.5525604792852413,24.587825378137417,406.11907429058914,27.631021115219,0.2223147474083616,10.42855002560193,0.4425553674970914,2.4577816896534777,20,1,True,42,
permABC-SMC,1450197.4169741697,24.68507591208849,15720140.0,267.5862228870392,0.5525604792852413,24.587825378137417,406.11907429058914,27.631021115219,0.2223147474083616,10.42855002560193,0.4425553674970914,2.4577816896534777,20,1,True,42,
permABC-SMC,1448513.812154696,24.64239985903324,15730860.0,267.6164624691009,0.5525604792852413,24.587825378137417,406.11907429058914,27.631021115219,0.2223147474083616,10.42855002560193,0.4425553674970914,2.4577816896534777,20,1,True,42,
permABC-SMC,1446836.3970588234,24.59985887741341,15741580.0,267.64646458625793,0.5525604792852413,24.587825378137417,406.11907429058914,27.631021115219,0.2223147474083616,10.42855002560193,0.4425553674970914,2.4577816896534777,20,1,True,42,
permABC-SMC,1445165.137614679,24.557491092506897,15752300.0,267.6766529083252,0.5525604792852413,24.587825378137417,406.11907429058914,27.631021115219,0.2223147474083616,10.42855002560193,0.4425553674970914,2.4577816896534777,20,1,True,42,
permABC-SMC,1446148.623853211,24.56024467398268,15763020.0,267.70666694641113,0.5525604792852413,24.587825378137417,406.11907429058914,27.631021115219,0.2223147474083616,10.42855002560193,0.4425553674970914,2.4577816896534777,20,1,True,42,
permABC-SMC,1447132.110091743,24.56297916009885,15773740.0,267.7364728450775,0.5525604792852413,24.587825378137417,406.11907429058914,27.631021115219,0.2223147474083616,10.42855002560193,0.4425553674970914,2.4577816896534777,20,1,True,42,
permABC-SMC,1448115.596330275,24.5657672794587,15784460.0,267.76686334609985,0.5525604792852413,24.587825378137417,406.11907429058914,27.631021115219,0.2223147474083616,10.42855002560193,0.4425553674970914,2.4577816896534777,20,1,True,42,
permABC-SMC,1449099.0825688073,24.568511564797216,15795180.0,267.7967760562897,0.5525604792852413,24.587825378137417,406.11907429058914,27.631021115219,0.2223147474083616,10.42855002560193,0.4425553674970914,2.4577816896534777,20,1,True,42,
permABC-SMC,1450082.5688073393,24.571239117088663,15805900.0,267.8265063762665,0.5525604792852413,24.587825378137417,406.11907429058914,27.631021115219,0.2223147474083616,10.42855002560193,0.4425553674970914,2.4577816896534777,20,1,True,42,
permABC-SMC,1448408.4249084247,24.528962286400706,15816620.0,267.8562681674957,0.5525604792852413,24.587825378137417,406.11907429058914,27.631021115219,0.2223147474083616,10.42855002560193,0.4425553674970914,2.4577816896534777,20,1,True,42,
permABC-SMC,1449390.1098901096,24.531697375433783,15827340.0,267.88613533973694,0.5525604792852413,24.587825378137417,406.11907429058914,27.631021115219,0.2223147474083616,10.42855002560193,0.4425553674970914,2.4577816896534777,20,1,True,42,
permABC-SMC,1450371.7948717948,24.534432246134827,15838060.0,267.9160001277924,0.5525604792852413,24.587825378137417,406.11907429058914,27.631021115219,0.2223147474083616,10.42855002560193,0.4425553674970914,2.4577816896534777,20,1,True,42,
permABC-SMC,1451353.4798534797,24.53715724822802,15848780.0,267.94575715065,0.5525604792852413,24.587825378137417,406.11907429058914,27.631021115219,0.2223147474083616,10.42855002560193,0.4425553674970914,2.4577816896534777,20,1,True,42,
permABC-SMC,1449680.0731261424,24.495017659293666,15859500.0,267.9754931926728,0.5525604792852413,24.587825378137417,406.11907429058914,27.631021115219,0.2223147474083616,10.42855002560193,0.4425553674970914,2.4577816896534777,20,1,True,42,
permABC-SMC,1448012.773722628,24.453032908648467,15870220.0,268.00524067878723,0.5525604792852413,24.587825378137417,406.11907429058914,27.631021115219,0.2223147474083616,10.42855002560193,0.4425553674970914,2.4577816896534777,20,1,True,42,
permABC-SMC,1448990.8759124086,24.455757841576627,15880940.0,268.0351059436798,0.5525604792852413,24.587825378137417,406.11907429058914,27.631021115219,0.2223147474083616,10.42855002560193,0.4425553674970914,2.4577816896534777,20,1,True,42,
permABC-SMC,1449968.9781021895,24.458475552336143,15891660.0,268.0648920536041,0.5525604792852413,24.587825378137417,406.11907429058914,27.631021115219,0.2223147474083616,10.42855002560193,0.4425553674970914,2.4577816896534777,20,1,True,42,
permABC-SMC,1448304.189435337,24.41663097162716,15902380.0,268.0946080684662,0.5525604792852413,24.587825378137417,406.11907429058914,27.631021115219,0.2223147474083616,10.42855002560193,0.4425553674970914,2.4577816896534777,20,1,True,42,
permABC-SMC,1449280.510018215,24.41934212526554,15913100.0,268.12437653541565,0.5525604792852413,24.587825378137417,406.11907429058914,27.631021115219,0.2223147474083616,10.42855002560193,0.4425553674970914,2.4577816896534777,20,1,True,42,
permABC-SMC,1450256.830601093,24.422052996623275,15923820.0,268.1541419029236,0.5525604792852413,24.587825378137417,406.11907429058914,27.631021115219,0.2223147474083616,10.42855002560193,0.4425553674970914,2.4577816896534777,20,1,True,42,
permABC-SMC,1448594.5454545454,24.38039562918923,15934540.0,268.18435192108154,0.5525604792852413,24.587825378137417,406.11907429058914,27.631021115219,0.2223147474083616,10.42855002560193,0.4425553674970914,2.4577816896534777,20,1,True,42,
permABC-SMC,1449569.0909090908,24.38310024955056,15945260.0,268.2141027450561,0.5525604792852413,24.587825378137417,406.11907429058914,27.631021115219,0.2223147474083616,10.42855002560193,0.4425553674970914,2.4577816896534777,20,1,True,42,
permABC-SMC,1450543.6363636362,24.38582929697904,15955980.0,268.2441222667694,0.5525604792852413,24.587825378137417,406.11907429058914,27.631021115219,0.2223147474083616,10.42855002560193,0.4425553674970914,2.4577816896534777,20,1,True,42,
permABC-SMC,1451518.181818182,24.388544191013683,15966700.0,268.2739861011505,0.5525604792852413,24.587825378137417,406.11907429058914,27.631021115219,0.2223147474083616,10.42855002560193,0.4425553674970914,2.4577816896534777,20,1,True,42,
permABC-SMC,1452492.7272727273,24.39126992225647,15977420.0,268.3039691448212,0.5525604792852413,24.587825378137417,406.11907429058914,27.631021115219,0.2223147474083616,10.42855002560193,0.4425553674970914,2.4577816896534777,20,1,True,42,
permABC-SMC,1453467.2727272727,24.393966349688444,15988140.0,268.3336298465729,0.5525604792852413,24.587825378137417,406.11907429058914,27.631021115219,0.2223147474083616,10.42855002560193,0.4425553674970914,2.4577816896534777,20,1,True,42,
permABC-SMC,1454441.8181818184,24.396683757955376,15998860.0,268.3635213375092,0.5525604792852413,24.587825378137417,406.11907429058914,27.631021115219,0.2223147474083616,10.42855002560193,0.4425553674970914,2.4577816896534777,20,1,True,42,
permABC-SMC,1452774.954627949,24.35510413832759,16009580.0,268.3932476043701,0.5525604792852413,24.587825378137417,406.11907429058914,27.631021115219,0.2223147474083616,10.42855002560193,0.4425553674970914,2.4577816896534777,20,1,True,42,
permABC-SMC,1451114.1304347822,24.313678603241407,16020300.0,268.4230117797852,0.5525604792852413,24.587825378137417,406.11907429058914,27.631021115219,0.2223147474083616,10.42855002560193,0.4425553674970914,2.4577816896534777,20,1,True,42,
permABC-SMC,1449459.31283906,24.27241588802924,16031020.0,268.4529197216034,0.5525604792852413,24.587825378137417,406.11907429058914,27.631021115219,0.2223147474083616,10.42855002560193,0.4425553674970914,2.4577816896534777,20,1,True,42,
permABC-SMC,1450428.5714285714,24.27510773294873,16041740.0,268.48269152641296,0.5525604792852413,24.587825378137417,406.11907429058914,27.631021115219,0.2223147474083616,10.42855002560193,0.4425553674970914,2.4577816896534777,20,1,True,42,
permABC-SMC,1451397.830018083,24.277804665280943,16052460.0,268.5125195980072,0.5525604792852413,24.587825378137417,406.11907429058914,27.631021115219,0.2223147474083616,10.42855002560193,0.4425553674970914,2.4577816896534777,20,1,True,42,
permABC-SMC,1452367.0886075948,24.280511384415583,16063180.0,268.54245591163635,0.5525604792852413,24.587825378137417,406.11907429058914,27.631021115219,0.2223147474083616,10.42855002560193,0.4425553674970914,2.4577816896534777,20,1,True,42,
permABC-SMC,1453336.3471971068,24.2832676195969,16073900.0,268.5729398727417,0.5525604792852413,24.587825378137417,406.11907429058914,27.631021115219,0.2223147474083616,10.42855002560193,0.4425553674970914,2.4577816896534777,20,1,True,42,
permABC-SMC,1454305.6057866183,24.285971018979176,16084620.0,268.60283946990967,0.5525604792852413,24.587825378137417,406.11907429058914,27.631021115219,0.2223147474083616,10.42855002560193,0.4425553674970914,2.4577816896534777,20,1,True,42,
permABC-SMC,1455274.86437613,24.288660621987976,16095340.0,268.632586479187,0.5525604792852413,24.587825378137417,406.11907429058914,27.631021115219,0.2223147474083616,10.42855002560193,0.4425553674970914,2.4577816896534777,20,1,True,42,
permABC-SMC,1456244.122965642,24.291367384236285,16106060.0,268.6625232696533,0.5525604792852413,24.587825378137417,406.11907429058914,27.631021115219,0.2223147474083616,10.42855002560193,0.4425553674970914,2.4577816896534777,20,1,True,42,
permABC-SMC,1457213.3815551538,24.29409516439731,16116780.0,268.69269251823425,0.5525604792852413,24.587825378137417,406.11907429058914,27.631021115219,0.2223147474083616,10.42855002560193,0.4425553674970914,2.4577816896534777,20,1,True,42,
permABC-SMC,1458182.6401446653,24.29682781640272,16127500.0,268.72291564941406,0.5525604792852413,24.587825378137417,406.11907429058914,27.631021115219,0.2223147474083616,10.42855002560193,0.4425553674970914,2.4577816896534777,20,1,True,42,
permABC-SMC,1459151.8987341772,24.299523821791087,16138220.0,268.7527334690094,0.5525604792852413,24.587825378137417,406.11907429058914,27.631021115219,0.2223147474083616,10.42855002560193,0.4425553674970914,2.4577816896534777,20,1,True,42,
permABC-SMC,1460121.157323689,24.30222603554752,16148940.0,268.7826199531555,0.5525604792852413,24.587825378137417,406.11907429058914,27.631021115219,0.2223147474083616,10.42855002560193,0.4425553674970914,2.4577816896534777,20,1,True,42,
permABC-SMC,1455825.225225225,24.21733093691301,16159660.0,268.8123733997345,0.5525604792852413,24.587825378137417,406.11907429058914,27.631021115219,0.2223147474083616,10.42855002560193,0.4425553674970914,2.4577816896534777,20,1,True,42,
permABC-SMC,1456790.9909909908,24.22004274419836,16170380.0,268.8424744606018,0.5525604792852413,24.587825378137417,406.11907429058914,27.631021115219,0.2223147474083616,10.42855002560193,0.4425553674970914,2.4577816896534777,20,1,True,42,
permABC-SMC,1457756.7567567565,24.22273597201785,16181100.0,268.8723692893982,0.5525604792852413,24.587825378137417,406.11907429058914,27.631021115219,0.2223147474083616,10.42855002560193,0.4425553674970914,2.4577816896534777,20,1,True,42,
permABC-SMC,1456098.9208633092,24.181880260543,16191820.0,268.90250849723816,0.5525604792852413,24.587825378137417,406.11907429058914,27.631021115219,0.2223147474083616,10.42855002560193,0.4425553674970914,2.4577816896534777,20,1,True,42,
permABC-SMC,1457062.9496402876,24.1845629198088,16202540.0,268.9323396682739,0.5525604792852413,24.587825378137417,406.11907429058914,27.631021115219,0.2223147474083616,10.42855002560193,0.4425553674970914,2.4577816896534777,20,1,True,42,
permABC-SMC,1458026.978417266,24.187255891964583,16213260.0,268.96228551864624,0.5525604792852413,24.587825378137417,406.11907429058914,27.631021115219,0.2223147474083616,10.42855002560193,0.4425553674970914,2.4577816896534777,20,1,True,42,
permABC-SMC,1458991.0071942443,24.189953709677823,16223980.0,268.99228525161743,0.5525604792852413,24.587825378137417,406.11907429058914,27.631021115219,0.2223147474083616,10.42855002560193,0.4425553674970914,2.4577816896534777,20,1,True,42,
permABC-SMC,1454722.2222222222,24.10593688701644,16234700.0,269.0222556591034,0.5525604792852413,24.587825378137417,406.11907429058914,27.631021115219,0.2223147474083616,10.42855002560193,0.4425553674970914,2.4577816896534777,20,1,True,42,
permABC-SMC,1450483.9285714284,24.022514543363023,16245420.0,269.0521628856659,0.5525604792852413,24.587825378137417,406.11907429058914,27.631021115219,0.2223147474083616,10.42855002560193,0.4425553674970914,2.4577816896534777,20,1,True,42,
permABC-SMC,1451441.0714285711,24.02519875339099,16256140.0,269.0822260379791,0.5525604792852413,24.587825378137417,406.11907429058914,27.631021115219,0.2223147474083616,10.42855002560193,0.4425553674970914,2.4577816896534777,20,1,True,42,
permABC-SMC,1452398.214285714,24.02789588485445,16266860.0,269.1124339103699,0.5525604792852413,24.587825378137417,406.11907429058914,27.631021115219,0.2223147474083616,10.42855002560193,0.4425553674970914,2.4577816896534777,20,1,True,42,
permABC-SMC,1453355.357142857,24.03055614658764,16277580.0,269.1422288417816,0.5525604792852413,24.587825378137417,406.11907429058914,27.631021115219,0.2223147474083616,10.42855002560193,0.4425553674970914,2.4577816896534777,20,1,True,42,
permABC-SMC,1454312.4999999998,24.033236269439968,16288300.0,269.17224621772766,0.5525604792852413,24.587825378137417,406.11907429058914,27.631021115219,0.2223147474083616,10.42855002560193,0.4425553674970914,2.4577816896534777,20,1,True,42,
permABC-SMC,1452675.5793226382,23.993063398011014,16299020.0,269.2021713256836,0.5525604792852413,24.587825378137417,406.11907429058914,27.631021115219,0.2223147474083616,10.42855002560193,0.4425553674970914,2.4577816896534777,20,1,True,42,
permABC-SMC,1453631.0160427808,23.99576148034842,16309740.0,269.2324438095093,0.5525604792852413,24.587825378137417,406.11907429058914,27.631021115219,0.2223147474083616,10.42855002560193,0.4425553674970914,2.4577816896534777,20,1,True,42,
permABC-SMC,1451998.2206405692,23.95574100501172,16320460.0,269.2625288963318,0.5525604792852413,24.587825378137417,406.11907429058914,27.631021115219,0.2223147474083616,10.42855002560193,0.4425553674970914,2.4577816896534777,20,1,True,42,
permABC-SMC,1452951.9572953733,23.958411102193104,16331180.0,269.2925407886505,0.5525604792852413,24.587825378137417,406.11907429058914,27.631021115219,0.2223147474083616,10.42855002560193,0.4425553674970914,2.4577816896534777,20,1,True,42,
permABC-SMC,1451323.2682060392,23.91849802823516,16341900.0,269.32228779792786,0.5525604792852413,24.587825378137417,406.11907429058914,27.631021115219,0.2223147474083616,10.42855002560193,0.4425553674970914,2.4577816896534777,20,1,True,42,
permABC-SMC,1452275.310834814,23.9211573482195,16352620.0,269.35223174095154,0.5525604792852413,24.587825378137417,406.11907429058914,27.631021115219,0.2223147474083616,10.42855002560193,0.4425553674970914,2.4577816896534777,20,1,True,42,
permABC-SMC,1453227.353463588,23.92381715520449,16363340.0,269.38218116760254,0.5525604792852413,24.587825378137417,406.11907429058914,27.631021115219,0.2223147474083616,10.42855002560193,0.4425553674970914,2.4577816896534777,20,1,True,42,
permABC-SMC,1451601.0638297873,23.884055969562933,16374060.0,269.4121513366699,0.5525604792852413,24.587825378137417,406.11907429058914,27.631021115219,0.2223147474083616,10.42855002560193,0.4425553674970914,2.4577816896534777,20,1,True,42,
permABC-SMC,1452551.4184397163,23.886705163522816,16384780.0,269.4420342445373,0.5525604792852413,24.587825378137417,406.11907429058914,27.631021115219,0.2223147474083616,10.42855002560193,0.4425553674970914,2.4577816896534777,20,1,True,42,
permABC-SMC,1453501.7730496454,23.88935467452868,16395500.0,269.4719207286835,0.5525604792852413,24.587825378137417,406.11907429058914,27.631021115219,0.2223147474083616,10.42855002560193,0.4425553674970914,2.4577816896534777,20,1,True,42,
permABC-SMC,1451877.876106195,23.84971926697588,16406220.0,269.5018277168274,0.5525604792852413,24.587825378137417,406.11907429058914,27.631021115219,0.2223147474083616,10.42855002560193,0.4425553674970914,2.4577816896534777,20,1,True,42,
permABC-SMC,1450259.717314488,23.81023749867093,16416940.0,269.53188848495483,0.5525604792852413,24.587825378137417,406.11907429058914,27.631021115219,0.2223147474083616,10.42855002560193,0.4425553674970914,2.4577816896534777,20,1,True,42,
permABC-SMC,1451206.713780919,23.81287547809076,16427660.0,269.5617504119873,0.5525604792852413,24.587825378137417,406.11907429058914,27.631021115219,0.2223147474083616,10.42855002560193,0.4425553674970914,2.4577816896534777,20,1,True,42,
permABC-SMC,1452153.7102473502,23.81553190757024,16438380.0,269.59182119369507,0.5525604792852413,24.587825378137417,406.11907429058914,27.631021115219,0.2223147474083616,10.42855002560193,0.4425553674970914,2.4577816896534777,20,1,True,42,
permABC-SMC,1450537.9188712523,23.7761644669521,16449100.0,269.6217050552368,0.5525604792852413,24.587825378137417,406.11907429058914,27.631021115219,0.2223147474083616,10.42855002560193,0.4425553674970914,2.4577816896534777,20,1,True,42,
permABC-SMC,1451483.2451499118,23.778822182347536,16459820.0,269.65184354782104,0.5525604792852413,24.587825378137417,406.11907429058914,27.631021115219,0.2223147474083616,10.42855002560193,0.4425553674970914,2.4577816896534777,20,1,True,42,
permABC-SMC,1449871.4788732396,23.739565908908844,16470540.0,269.68146872520447,0.5525604792852413,24.587825378137417,406.11907429058914,27.631021115219,0.2223147474083616,10.42855002560193,0.4425553674970914,2.4577816896534777,20,1,True,42,
permABC-SMC,1450815.1408450704,23.7421936342414,16481260.0,269.7113196849823,0.5525604792852413,24.587825378137417,406.11907429058914,27.631021115219,0.2223147474083616,10.42855002560193,0.4425553674970914,2.4577816896534777,20,1,True,42,
permABC-SMC,1451758.8028169014,23.744833784204133,16491980.0,269.74131178855896,0.5525604792852413,24.587825378137417,406.11907429058914,27.631021115219,0.2223147474083616,10.42855002560193,0.4425553674970914,2.4577816896534777,20,1,True,42,
permABC-SMC,1450149.384885765,23.70573707540341,16502700.0,269.7712879180908,0.5525604792852413,24.587825378137417,406.11907429058914,27.631021115219,0.2223147474083616,10.42855002560193,0.4425553674970914,2.4577816896534777,20,1,True,42,
permABC-SMC,1451091.3884007032,23.708371768307817,16513420.0,269.8012707233429,0.5525604792852413,24.587825378137417,406.11907429058914,27.631021115219,0.2223147474083616,10.42855002560193,0.4425553674970914,2.4577816896534777,20,1,True,42,
permABC-SMC,1452033.3919156415,23.711105222651742,16524140.0,269.83237743377686,0.5525604792852413,24.587825378137417,406.11907429058914,27.631021115219,0.2223147474083616,10.42855002560193,0.4425553674970914,2.4577816896534777,20,1,True,42,
permABC-SMC,1452975.3954305802,23.713725962412592,16534860.0,269.86220145225525,0.5525604792852413,24.587825378137417,406.11907429058914,27.631021115219,0.2223147474083616,10.42855002560193,0.4425553674970914,2.4577816896534777,20,1,True,42,
permABC-SMC,1453917.3989455188,23.716362540876933,16545580.0,269.89220571517944,0.5525604792852413,24.587825378137417,406.11907429058914,27.631021115219,0.2223147474083616,10.42855002560193,0.4425553674970914,2.4577816896534777,20,1,True,42,
permABC-SMC,1454859.4024604573,23.718980242791204,16556300.0,269.92199516296387,0.5525604792852413,24.587825378137417,406.11907429058914,27.631021115219,0.2223147474083616,10.42855002560193,0.4425553674970914,2.4577816896534777,20,1,True,42,
permABC-SMC,1455801.4059753958,23.72160454416527,16567020.0,269.9518597126007,0.5525604792852413,24.587825378137417,406.11907429058914,27.631021115219,0.2223147474083616,10.42855002560193,0.4425553674970914,2.4577816896534777,20,1,True,42,
permABC-SMC,1456743.409490334,23.72424430713084,16577740.0,269.9819002151489,0.5525604792852413,24.587825378137417,406.11907429058914,27.631021115219,0.2223147474083616,10.42855002560193,0.4425553674970914,2.4577816896534777,20,1,True,42,
permABC-SMC,1457685.4130052726,23.726884698616395,16588460.0,270.0119478702545,0.5525604792852413,24.587825378137417,406.11907429058914,27.631021115219,0.2223147474083616,10.42855002560193,0.4425553674970914,2.4577816896534777,20,1,True,42,
permABC-SMC,1458627.4165202111,23.729519433422126,16599180.0,270.0419311523437,0.5525604792852413,24.587825378137417,406.11907429058914,27.631021115219,0.2223147474083616,10.42855002560193,0.4425553674970914,2.4577816896534777,20,1,True,42,
permABC-SMC,1459569.4200351494,23.732150878973297,16609900.0,270.07187700271606,0.5525604792852413,24.587825378137417,406.11907429058914,27.631021115219,0.2223147474083616,10.42855002560193,0.4425553674970914,2.4577816896534777,20,1,True,42,
permABC-SMC,1460511.423550088,23.73477505464336,16620620.0,270.10174012184143,0.5525604792852413,24.587825378137417,406.11907429058914,27.631021115219,0.2223147474083616,10.42855002560193,0.4425553674970914,2.4577816896534777,20,1,True,42,
permABC-SMC,1461453.4270650265,23.73739675813484,16631340.0,270.13157510757446,0.5525604792852413,24.587825378137417,406.11907429058914,27.631021115219,0.2223147474083616,10.42855002560193,0.4425553674970914,2.4577816896534777,20,1,True,42,
permABC-SMC,1462395.430579965,23.74002139471956,16642060.0,270.16144347190857,0.5525604792852413,24.587825378137417,406.11907429058914,27.631021115219,0.2223147474083616,10.42855002560193,0.4425553674970914,2.4577816896534777,20,1,True,42,
permABC-SMC,1463337.4340949035,23.74268344919376,16652780.0,270.1917376518249,0.5525604792852413,24.587825378137417,406.11907429058914,27.631021115219,0.2223147474083616,10.42855002560193,0.4425553674970914,2.4577816896534777,20,1,True,42,
permABC-SMC,1464279.437609842,23.74533892515884,16663500.0,270.2219569683075,0.5525604792852413,24.587825378137417,406.11907429058914,27.631021115219,0.2223147474083616,10.42855002560193,0.4425553674970914,2.4577816896534777,20,1,True,42,
permABC-SMC,1465221.4411247806,23.747964336918194,16674220.0,270.251834154129,0.5525604792852413,24.587825378137417,406.11907429058914,27.631021115219,0.2223147474083616,10.42855002560193,0.4425553674970914,2.4577816896534777,20,1,True,42,
permABC-SMC,1466163.444639719,23.750591529484165,16684940.0,270.2817316055298,0.5525604792852413,24.587825378137417,406.11907429058914,27.631021115219,0.2223147474083616,10.42855002560193,0.4425553674970914,2.4577816896534777,20,1,True,42,
permABC-SMC,1467105.4481546576,23.753212834913,16695660.0,270.3115620613098,0.5525604792852413,24.587825378137417,406.11907429058914,27.631021115219,0.2223147474083616,10.42855002560193,0.4425553674970914,2.4577816896534777,20,1,True,42,
permABC-SMC,1468047.451669596,23.755825571519424,16706380.0,270.341295003891,0.5525604792852413,24.587825378137417,406.11907429058914,27.631021115219,0.2223147474083616,10.42855002560193,0.4425553674970914,2.4577816896534777,20,1,True,42,
permABC-SMC,1468989.455184535,23.75845305739472,16717100.0,270.37119579315186,0.5525604792852413,24.587825378137417,406.11907429058914,27.631021115219,0.2223147474083616,10.42855002560193,0.4425553674970914,2.4577816896534777,20,1,True,42,
permABC-SMC,1467352.6315789477,23.7193678973014,16727820.0,270.40079402923584,0.5525604792852413,24.587825378137417,406.11907429058914,27.631021115219,0.2223147474083616,10.42855002560193,0.4425553674970914,2.4577816896534777,20,1,True,42,
permABC-SMC,1468292.9824561407,23.72197090533742,16738540.0,270.43046832084656,0.5525604792852413,24.587825378137417,406.11907429058914,27.631021115219,0.2223147474083616,10.42855002560193,0.4425553674970914,2.4577816896534777,20,1,True,42,
permABC-SMC,1469233.3333333335,23.72458796752127,16749260.0,270.46030282974243,0.5525604792852413,24.587825378137417,406.11907429058914,27.631021115219,0.2223147474083616,10.42855002560193,0.4425553674970914,2.4577816896534777,20,1,True,42,
permABC-SMC,1467598.9492119092,23.68565054574489,16759980.0,270.4901292324066,0.5525604792852413,24.587825378137417,406.11907429058914,27.631021115219,0.2223147474083616,10.42855002560193,0.4425553674970914,2.4577816896534777,20,1,True,42,
permABC-SMC,1468537.6532399305,23.68824329559941,16770700.0,270.51973843574524,0.5525604792852413,24.587825378137417,406.11907429058914,27.631021115219,0.2223147474083616,10.42855002560193,0.4425553674970914,2.4577816896534777,20,1,True,42,
permABC-SMC,1466907.3426573428,23.64947818792784,16781420.0,270.5500304698944,0.5525604792852413,24.587825378137417,406.11907429058914,27.631021115219,0.2223147474083616,10.42855002560193,0.4425553674970914,2.4577816896534777,20,1,True,42,
permABC-SMC,1467844.4055944055,23.65211073335234,16792140.0,270.5801467895508,0.5525604792852413,24.587825378137417,406.11907429058914,27.631021115219,0.2223147474083616,10.42855002560193,0.4425553674970914,2.4577816896534777,20,1,True,42,
permABC-SMC,1468781.4685314689,23.65474400820432,16802860.0,270.6102714538574,0.5525604792852413,24.587825378137417,406.11907429058914,27.631021115219,0.2223147474083616,10.42855002560193,0.4425553674970914,2.4577816896534777,20,1,True,42,
permABC-SMC,1469718.5314685311,23.65735071105557,16813580.0,270.6400921344757,0.5525604792852413,24.587825378137417,406.11907429058914,27.631021115219,0.2223147474083616,10.42855002560193,0.4425553674970914,2.4577816896534777,20,1,True,42,
permABC-SMC,1470655.5944055945,23.65996099852181,16824300.0,270.6699538230896,0.5525604792852413,24.587825378137417,406.11907429058914,27.631021115219,0.2223147474083616,10.42855002560193,0.4425553674970914,2.4577816896534777,20,1,True,42,
permABC-SMC,1471592.6573426572,23.66259762874017,16835020.0,270.7001168727875,0.5525604792852413,24.587825378137417,406.11907429058914,27.631021115219,0.2223147474083616,10.42855002560193,0.4425553674970914,2.4577816896534777,20,1,True,42,
permABC-SMC,1472529.7202797204,23.665218419962,16845740.0,270.73009872436523,0.5525604792852413,24.587825378137417,406.11907429058914,27.631021115219,0.2223147474083616,10.42855002560193,0.4425553674970914,2.4577816896534777,20,1,True,42,
permABC-SMC,1473466.783216783,23.6678251853356,16856460.0,270.75992012023926,0.5525604792852413,24.587825378137417,406.11907429058914,27.631021115219,0.2223147474083616,10.42855002560193,0.4425553674970914,2.4577816896534777,20,1,True,42,
permABC-SMC,1474403.8461538462,23.6704298874715,16867180.0,270.78971791267395,0.5525604792852413,24.587825378137417,406.11907429058914,27.631021115219,0.2223147474083616,10.42855002560193,0.4425553674970914,2.4577816896534777,20,1,True,42,
permABC-SMC,1475340.909090909,23.673029316888822,16877900.0,270.81945538520813,0.5525604792852413,24.587825378137417,406.11907429058914,27.631021115219,0.2223147474083616,10.42855002560193,0.4425553674970914,2.4577816896534777,20,1,True,42,
permABC-SMC,1476277.972027972,23.67563535283496,16888620.0,270.8492684364319,0.5525604792852413,24.587825378137417,406.11907429058914,27.631021115219,0.2223147474083616,10.42855002560193,0.4425553674970914,2.4577816896534777,20,1,True,42,
permABC-SMC,1474636.9982547995,23.63690859776309,16899340.0,270.878972530365,0.5525604792852413,24.587825378137417,406.11907429058914,27.631021115219,0.2223147474083616,10.42855002560193,0.4425553674970914,2.4577816896534777,20,1,True,42,
permABC-SMC,1475572.4258289705,23.63948539081461,16910060.0,270.9085025787353,0.5525604792852413,24.587825378137417,406.11907429058914,27.631021115219,0.2223147474083616,10.42855002560193,0.4425553674970914,2.4577816896534777,20,1,True,42,
permABC-SMC,1476507.8534031415,23.64206734336068,16920780.0,270.93809175491333,0.5525604792852413,24.587825378137417,406.11907429058914,27.631021115219,0.2223147474083616,10.42855002560193,0.4425553674970914,2.4577816896534777,20,1,True,42,
permABC-SMC,1477443.2809773127,23.644668748033403,16931500.0,270.9679038524628,0.5525604792852413,24.587825378137417,406.11907429058914,27.631021115219,0.2223147474083616,10.42855002560193,0.4425553674970914,2.4577816896534777,20,1,True,42,
permABC-SMC,1478378.7085514837,23.647269861444343,16942220.0,270.9977126121521,0.5525604792852413,24.587825378137417,406.11907429058914,27.631021115219,0.2223147474083616,10.42855002560193,0.4425553674970914,2.4577816896534777,20,1,True,42,
permABC-SMC,1479314.136125655,23.649945725113103,16952940.0,271.02837800979614,0.5525604792852413,24.587825378137417,406.11907429058914,27.631021115219,0.2223147474083616,10.42855002560193,0.4425553674970914,2.4577816896534777,20,1,True,42,
permABC-SMC,1480249.563699826,23.65254979275076,16963660.0,271.0582206249237,0.5525604792852413,24.587825378137417,406.11907429058914,27.631021115219,0.2223147474083616,10.42855002560193,0.4425553674970914,2.4577816896534777,20,1,True,42,
permABC-SMC,1481184.991273997,23.65516307674362,16974380.0,271.0881688594818,0.5525604792852413,24.587825378137417,406.11907429058914,27.631021115219,0.2223147474083616,10.42855002560193,0.4425553674970914,2.4577816896534777,20,1,True,42,
permABC-SMC,1479538.3275261326,23.61654562401856,16985100.0,271.1179437637329,0.5525604792852413,24.587825378137417,406.11907429058914,27.631021115219,0.2223147474083616,10.42855002560193,0.4425553674970914,2.4577816896534777,20,1,True,42,
permABC-SMC,1480472.1254355402,23.61914386732653,16995820.0,271.14777159690857,0.5525604792852413,24.587825378137417,406.11907429058914,27.631021115219,0.2223147474083616,10.42855002560193,0.4425553674970914,2.4577816896534777,20,1,True,42,
permABC-SMC,1478829.5652173914,23.58131516498068,17006540.0,271.18512439727783,0.5525604792852413,24.587825378137417,406.11907429058914,27.631021115219,0.2223147474083616,10.42855002560193,0.4425553674970914,2.4577816896534777,20,1,True,42,
permABC-SMC,1477192.7083333333,23.54310624715355,17017260.0,271.21658396720886,0.5525604792852413,24.587825378137417,406.11907429058914,27.631021115219,0.2223147474083616,10.42855002560193,0.4425553674970914,2.4577816896534777,20,1,True,42,
permABC-SMC,1475561.5251299825,23.50491849347252,17027980.0,271.24675941467285,0.5525604792852413,24.587825378137417,406.11907429058914,27.631021115219,0.2223147474083616,10.42855002560193,0.4425553674970914,2.4577816896534777,20,1,True,42,
permABC-SMC,1476490.4679376085,23.50755529139236,17038700.0,271.27718806266785,0.5525604792852413,24.587825378137417,406.11907429058914,27.631021115219,0.2223147474083616,10.42855002560193,0.4425553674970914,2.4577816896534777,20,1,True,42,
permABC-SMC,1477419.410745234,23.51014293872298,17049420.0,271.3070495128632,0.5525604792852413,24.587825378137417,406.11907429058914,27.631021115219,0.2223147474083616,10.42855002560193,0.4425553674970914,2.4577816896534777,20,1,True,42,
permABC-SMC,1478348.3535528595,23.512715896659337,17060140.0,271.3367414474488,0.5525604792852413,24.587825378137417,406.11907429058914,27.631021115219,0.2223147474083616,10.42855002560193,0.4425553674970914,2.4577816896534777,20,1,True,42,
permABC-SMC,1476717.993079585,23.47462540266836,17070860.0,271.3666696548462,0.5525604792852413,24.587825378137417,406.11907429058914,27.631021115219,0.2223147474083616,10.42855002560193,0.4425553674970914,2.4577816896534777,20,1,True,42,
permABC-SMC,1477645.3287197235,23.47721005806049,17081580.0,271.3965482711792,0.5525604792852413,24.587825378137417,406.11907429058914,27.631021115219,0.2223147474083616,10.42855002560193,0.4425553674970914,2.4577816896534777,20,1,True,42,
permABC-SMC,1478572.6643598618,23.47981983402609,17092300.0,271.42671728134155,0.5525604792852413,24.587825378137417,406.11907429058914,27.631021115219,0.2223147474083616,10.42855002560193,0.4425553674970914,2.4577816896534777,20,1,True,42,
permABC-SMC,1476944.732297064,23.441833926811945,17103020.0,271.4564368724823,0.5525604792852413,24.587825378137417,406.11907429058914,27.631021115219,0.2223147474083616,10.42855002560193,0.4425553674970914,2.4577816896534777,20,1,True,42,
permABC-SMC,1477870.466321244,23.44494693637512,17113740.0,271.4924855232239,0.5525604792852413,24.587825378137417,406.11907429058914,27.631021115219,0.2223147474083616,10.42855002560193,0.4425553674970914,2.4577816896534777,20,1,True,42,
permABC-SMC,1478796.2003454233,23.447553028508587,17124460.0,271.5226640701294,0.5525604792852413,24.587825378137417,406.11907429058914,27.631021115219,0.2223147474083616,10.42855002560193,0.4425553674970914,2.4577816896534777,20,1,True,42,
permABC-SMC,1479721.9343696032,23.45016239426503,17135180.0,271.552880525589,0.5525604792852413,24.587825378137417,406.11907429058914,27.631021115219,0.2223147474083616,10.42855002560193,0.4425553674970914,2.4577816896534777,20,1,True,42,
permABC-SMC,1480647.6683937826,23.45275948908251,17145900.0,271.58295488357544,0.5525604792852413,24.587825378137417,406.11907429058914,27.631021115219,0.2223147474083616,10.42855002560193,0.4425553674970914,2.4577816896534777,20,1,True,42,
permABC-SMC,1481573.4024179622,23.45536276054712,17156620.0,271.6131007671356,0.5525604792852413,24.587825378137417,406.11907429058914,27.631021115219,0.2223147474083616,10.42855002560193,0.4425553674970914,2.4577816896534777,20,1,True,42,
permABC-SMC,1482499.1364421418,23.457959649476365,17167340.0,271.6431727409363,0.5525604792852413,24.587825378137417,406.11907429058914,27.631021115219,0.2223147474083616,10.42855002560193,0.4425553674970914,2.4577816896534777,20,1,True,42,
permABC-SMC,1480867.2413793104,23.4200774390122,17178060.0,271.6728982925415,0.5525604792852413,24.587825378137417,406.11907429058914,27.631021115219,0.2223147474083616,10.42855002560193,0.4425553674970914,2.4577816896534777,20,1,True,42,
permABC-SMC,1481791.3793103448,23.422657785744505,17188780.0,271.70283031463623,0.5525604792852413,24.587825378137417,406.11907429058914,27.631021115219,0.2223147474083616,10.42855002560193,0.4425553674970914,2.4577816896534777,20,1,True,42,
permABC-SMC,1482715.5172413792,23.42525073166551,17199500.0,271.73290848731995,0.5525604792852413,24.587825378137417,406.11907429058914,27.631021115219,0.2223147474083616,10.42855002560193,0.4425553674970914,2.4577816896534777,20,1,True,42,
permABC-SMC,1483639.6551724137,23.427824562993543,17210220.0,271.7627649307251,0.5525604792852413,24.587825378137417,406.11907429058914,27.631021115219,0.2223147474083616,10.42855002560193,0.4425553674970914,2.4577816896534777,20,1,True,42,
permABC-SMC,1484563.7931034483,23.43040926703092,17220940.0,271.7927474975586,0.5525604792852413,24.587825378137417,406.11907429058914,27.631021115219,0.2223147474083616,10.42855002560193,0.4425553674970914,2.4577816896534777,20,1,True,42,
permABC-SMC,1485487.9310344828,23.432973376635847,17231660.0,271.82249116897583,0.5525604792852413,24.587825378137417,406.11907429058914,27.631021115219,0.2223147474083616,10.42855002560193,0.4425553674970914,2.4577816896534777,20,1,True,42,
permABC-SMC,1486412.0689655172,23.435652831505084,17242380.0,271.853572845459,0.5525604792852413,24.587825378137417,406.11907429058914,27.631021115219,0.2223147474083616,10.42855002560193,0.4425553674970914,2.4577816896534777,20,1,True,42,
permABC-SMC,1487336.2068965517,23.438214926884093,17253100.0,271.88329315185547,0.5525604792852413,24.587825378137417,406.11907429058914,27.631021115219,0.2223147474083616,10.42855002560193,0.4425553674970914,2.4577816896534777,20,1,True,42,
permABC-SMC,1488260.344827586,23.4407932799438,17263820.0,271.913202047348,0.5525604792852413,24.587825378137417,406.11907429058914,27.631021115219,0.2223147474083616,10.42855002560193,0.4425553674970914,2.4577816896534777,20,1,True,42,
permABC-SMC,1486621.3425129089,23.403124698468208,17274540.0,271.94430899620056,0.5525604792852413,24.587825378137417,406.11907429058914,27.631021115219,0.2223147474083616,10.42855002560193,0.4425553674970914,2.4577816896534777,20,1,True,42,
permABC-SMC,1487543.8898450946,23.40571970619556,17285260.0,271.97446298599243,0.5525604792852413,24.587825378137417,406.11907429058914,27.631021115219,0.2223147474083616,10.42855002560193,0.4425553674970914,2.4577816896534777,20,1,True,42,
permABC-SMC,1485908.934707904,23.36812267188764,17295980.0,272.0049479007721,0.5525604792852413,24.587825378137417,406.11907429058914,27.631021115219,0.2223147474083616,10.42855002560193,0.4425553674970914,2.4577816896534777,20,1,True,42,
permABC-SMC,1486829.8969072169,23.370691201940847,17306700.0,272.03484559059143,0.5525604792852413,24.587825378137417,406.11907429058914,27.631021115219,0.2223147474083616,10.42855002560193,0.4425553674970914,2.4577816896534777,20,1,True,42,
permABC-SMC,1487750.8591065293,23.37330286855141,17317420.0,272.06524538993835,0.5525604792852413,24.587825378137417,406.11907429058914,27.631021115219,0.2223147474083616,10.42855002560193,0.4425553674970914,2.4577816896534777,20,1,True,42,
permABC-SMC,1488671.821305842,23.375861157256715,17328140.0,272.09502387046814,0.5525604792852413,24.587825378137417,406.11907429058914,27.631021115219,0.2223147474083616,10.42855002560193,0.4425553674970914,2.4577816896534777,20,1,True,42,
permABC-SMC,1489592.7835051548,23.37843527908588,17338860.0,272.1249866485596,0.5525604792852413,24.587825378137417,406.11907429058914,27.631021115219,0.2223147474083616,10.42855002560193,0.4425553674970914,2.4577816896534777,20,1,True,42,
permABC-SMC,1490513.7457044674,23.38100266210812,17349580.0,272.1548709869385,0.5525604792852413,24.587825378137417,406.11907429058914,27.631021115219,0.2223147474083616,10.42855002560193,0.4425553674970914,2.4577816896534777,20,1,True,42,
permABC-SMC,1491434.7079037805,23.383561933982826,17360300.0,272.18466091156006,0.5525604792852413,24.587825378137417,406.11907429058914,27.631021115219,0.2223147474083616,10.42855002560193,0.4425553674970914,2.4577816896534777,20,1,True,42,
permABC-SMC,1492355.670103093,23.38610953072093,17371020.0,272.21431493759155,0.5525604792852413,24.587825378137417,406.11907429058914,27.631021115219,0.2223147474083616,10.42855002560193,0.4425553674970914,2.4577816896534777,20,1,True,42,
permABC-SMC,1490715.265866209,23.34857007447074,17381740.0,272.24432706832886,0.5525604792852413,24.587825378137417,406.11907429058914,27.631021115219,0.2223147474083616,10.42855002560193,0.4425553674970914,2.4577816896534777,20,1,True,42,
permABC-SMC,1491634.6483704974,23.35113787937328,17392460.0,272.27426767349243,0.5525604792852413,24.587825378137417,406.11907429058914,27.631021115219,0.2223147474083616,10.42855002560193,0.4425553674970914,2.4577816896534777,20,1,True,42,
permABC-SMC,1492554.0308747855,23.35369779151668,17403180.0,272.3041162490845,0.5525604792852413,24.587825378137417,406.11907429058914,27.631021115219,0.2223147474083616,10.42855002560193,0.4425553674970914,2.4577816896534777,20,1,True,42,
permABC-SMC,1493473.4133790736,23.356247725249563,17413900.0,272.3338484764099,0.5525604792852413,24.587825378137417,406.11907429058914,27.631021115219,0.2223147474083616,10.42855002560193,0.4425553674970914,2.4577816896534777,20,1,True,42,
permABC-SMC,1491833.904109589,23.31881778289194,17424620.0,272.36379170417786,0.5525604792852413,24.587825378137417,406.11907429058914,27.631021115219,0.2223147474083616,10.42855002560193,0.4425553674970914,2.4577816896534777,20,1,True,42,
permABC-SMC,1492751.7123287672,23.321397173894592,17435340.0,272.39391899108887,0.5525604792852413,24.587825378137417,406.11907429058914,27.631021115219,0.2223147474083616,10.42855002560193,0.4425553674970914,2.4577816896534777,20,1,True,42,
permABC-SMC,1491116.2393162393,23.284081291948628,17446060.0,272.4237511157989,0.5525604792852413,24.587825378137417,406.11907429058914,27.631021115219,0.2223147474083616,10.42855002560193,0.4425553674970914,2.4577816896534777,20,1,True,42,
permABC-SMC,1492032.4786324785,23.286586928571392,17456780.0,272.4530670642853,0.5525604792852413,24.587825378137417,406.11907429058914,27.631021115219,0.2223147474083616,10.42855002560193,0.4425553674970914,2.4577816896534777,20,1,True,42,
permABC-SMC,1492948.717948718,23.28916258282132,17467500.0,272.4832022190094,0.5525604792852413,24.587825378137417,406.11907429058914,27.631021115219,0.2223147474083616,10.42855002560193,0.4425553674970914,2.4577816896534777,20,1,True,42,
permABC-SMC,1493864.9572649573,23.29171025854909,17478220.0,272.5130100250244,0.5525604792852413,24.587825378137417,406.11907429058914,27.631021115219,0.2223147474083616,10.42855002560193,0.4425553674970914,2.4577816896534777,20,1,True,42,
permABC-SMC,1494781.1965811965,23.294296692579223,17488940.0,272.5432713031769,0.5525604792852413,24.587825378137417,406.11907429058914,27.631021115219,0.2223147474083616,10.42855002560193,0.4425553674970914,2.4577816896534777,20,1,True,42,
permABC-SMC,1495697.435897436,23.296871287191017,17499660.0,272.5733940601349,0.5525604792852413,24.587825378137417,406.11907429058914,27.631021115219,0.2223147474083616,10.42855002560193,0.4425553674970914,2.4577816896534777,20,1,True,42,
permABC-SMC,1494059.7269624574,23.25968313135792,17510380.0,272.6034862995148,0.5525604792852413,24.587825378137417,406.11907429058914,27.631021115219,0.2223147474083616,10.42855002560193,0.4425553674970914,2.4577816896534777,20,1,True,42,
permABC-SMC,1492427.5979557072,23.2226076889688,17521100.0,272.63341426849365,0.5525604792852413,24.587825378137417,406.11907429058914,27.631021115219,0.2223147474083616,10.42855002560193,0.4425553674970914,2.4577816896534777,20,1,True,42,
permABC-SMC,1493340.7155025557,23.2251654491717,17531820.0,272.66344237327576,0.5525604792852413,24.587825378137417,406.11907429058914,27.631021115219,0.2223147474083616,10.42855002560193,0.4425553674970914,2.4577816896534777,20,1,True,42,
permABC-SMC,1494253.833049404,23.227718518174285,17542540.0,272.6934154033661,0.5525604792852413,24.587825378137417,406.11907429058914,27.631021115219,0.2223147474083616,10.42855002560193,0.4425553674970914,2.4577816896534777,20,1,True,42,
permABC-SMC,1495166.9505962522,23.23029195632805,17553260.0,272.72362756729126,0.5525604792852413,24.587825378137417,406.11907429058914,27.631021115219,0.2223147474083616,10.42855002560193,0.4425553674970914,2.4577816896534777,20,1,True,42,
permABC-SMC,1496080.0681431007,23.232836191252108,17563980.0,272.7534968852997,0.5525604792852413,24.587825378137417,406.11907429058914,27.631021115219,0.2223147474083616,10.42855002560193,0.4425553674970914,2.4577816896534777,20,1,True,42,
permABC-SMC,1496993.1856899492,23.235399962690057,17574700.0,272.7835955619812,0.5525604792852413,24.587825378137417,406.11907429058914,27.631021115219,0.2223147474083616,10.42855002560193,0.4425553674970914,2.4577816896534777,20,1,True,42,
permABC-SMC,1497906.3032367977,23.23796308426476,17585420.0,272.8136866092682,0.5525604792852413,24.587825378137417,406.11907429058914,27.631021115219,0.2223147474083616,10.42855002560193,0.4425553674970914,2.4577816896534777,20,1,True,42,
permABC-SMC,1498819.420783646,23.24051493477375,17596140.0,272.8436453342438,0.5525604792852413,24.587825378137417,406.11907429058914,27.631021115219,0.2223147474083616,10.42855002560193,0.4425553674970914,2.4577816896534777,20,1,True,42,
permABC-SMC,1499732.5383304942,23.24305161503755,17606860.0,272.8734259605408,0.5525604792852413,24.587825378137417,406.11907429058914,27.631021115219,0.2223147474083616,10.42855002560193,0.4425553674970914,2.4577816896534777,20,1,True,42,
permABC-SMC,1500645.655877343,23.24557795841406,17617580.0,272.903085231781,0.5525604792852413,24.587825378137417,406.11907429058914,27.631021115219,0.2223147474083616,10.42855002560193,0.4425553674970914,2.4577816896534777,20,1,True,42,
permABC-SMC,1501558.773424191,23.248117563062475,17628300.0,272.9329001903534,0.5525604792852413,24.587825378137417,406.11907429058914,27.631021115219,0.2223147474083616,10.42855002560193,0.4425553674970914,2.4577816896534777,20,1,True,42,
permABC-SMC,1497370.118845501,23.171697832732534,17639020.0,272.96260046958923,0.5525604792852413,24.587825378137417,406.11907429058914,27.631021115219,0.2223147474083616,10.42855002560193,0.4425553674970914,2.4577816896534777,20,1,True,42,
permABC-SMC,1498234.295415959,23.190258334569496,17649200.0,273.18124318122864,0.552472656392617,24.580837950968714,403.5719217811391,27.631021115218434,0.2232657643317608,10.416866269968809,0.4529178711428895,2.4570922461888824,20,1,True,42,
permABC-SMC,2003310.657596372,30.97879337886023,17669200.0,273.23295760154724,0.5512879974792696,24.60167876054671,403.0440888681408,27.6310211152406,0.225017626075763,10.413042607381998,0.4528001740888014,2.4555321925701143,20,1,True,42,
permABC-SMC,1982982.062780269,30.63662982307742,17688200.0,273.2787380218506,0.5501424509079483,24.61134963118306,402.8717035776219,27.631021115261888,0.2273727745726069,10.41347149135254,0.4541870323643103,2.4551113291886204,20,1,True,42,
permABC-SMC,1971775.0556792875,30.55712897952787,17706540.0,274.4030182361603,0.5494544841202543,24.6137795063049,402.8204947005696,27.63102111526183,0.2282841256461052,10.41482642713994,0.4538723492724862,2.45516978926348,20,1,True,42,
permABC-SMC,1947690.1098901096,30.278669582618463,17723980.0,275.535893201828,0.5488950022804066,24.62463421196049,403.1757039891311,27.631021115283133,0.2264594014710459,10.420984660104656,0.4502963099972644,2.4549961582875306,20,1,True,42,
permABC-SMC,1949512.087912088,30.399071489061622,17740560.0,276.6315505504608,0.548035597673095,24.61828122529497,402.9952336546111,27.63102111528281,0.2297879353826191,10.42276798451418,0.4509760250066598,2.455027983792736,20,1,True,42,
permABC-SMC,1934239.6514161224,30.139577778336267,17756320.0,276.6813240051269,0.5469378839003797,24.626554354173503,402.46226200821343,27.631021115282888,0.2326008273962056,10.421699268399058,0.4520824290602339,2.4555566015983263,20,1,True,42,
permABC-SMC,1931660.8695652168,30.19507693207781,17771280.0,277.794707775116,0.5456534851367978,24.620798915978504,402.0510656075277,27.63102111528256,0.2367630059047342,10.419568207315148,0.4550733819242294,2.4557297234644486,20,1,True,42,
permABC-SMC,1929010.845986985,30.252294245614408,17785480.0,278.9261529445648,0.5445354376195705,24.652373694718545,401.9469557578862,27.631021115304723,0.2392494374923778,10.42374848325835,0.456102698821455,2.457272053945151,20,1,True,42,
permABC-SMC,1922133.909287257,30.126803740054434,17798960.0,278.97420263290405,0.5429257063053744,24.665881873112657,401.5759298875398,27.63102111530504,0.241128109946185,10.419905676837214,0.4568496235154379,2.456454097116474,20,1,True,42,
permABC-SMC,1923516.198704104,30.24152195479391,17811760.0,280.0364933013916,0.5417769730488949,24.66592614838593,401.3705049026003,27.6310211153049,0.2423679910469637,10.419601726439955,0.4575687827183589,2.45594666122982,20,1,True,42,
permABC-SMC,1908342.6124197,30.08338930264785,17823920.0,280.97885608673096,0.5402086044997344,24.663604726784,401.3700365037208,27.6310211153048,0.2469302100760911,10.420781391147038,0.4596887475388705,2.456827214932416,20,1,True,42,
permABC-SMC,1909580.299785868,30.204874289878177,17835480.0,282.11352586746216,0.5392390547366628,24.668908979725032,400.8211480417415,27.631021115305145,0.2490859851685827,10.416407147501232,0.4596771957105431,2.4551972050965394,20,1,True,42,
permABC-SMC,1906673.0769230763,30.262463164125748,17846460.0,283.25665521621704,0.538012934732621,24.665893621069984,400.7426931457649,27.631021115304844,0.2518892136841588,10.415741948438283,0.4603871421272032,2.4554489101497547,20,1,True,42,
permABC-SMC,1903718.5501066104,30.202837564797804,17856880.0,283.30261635780334,0.5362848501421367,24.65649680946364,400.7438526425669,27.63102111530457,0.2527753180482243,10.41523207150094,0.4602873511244452,2.455992982413004,20,1,True,42,
permABC-SMC,3648342.857142857,57.82788067447896,17876880.0,283.3566153049469,0.5358245452010343,24.633549503668306,400.39669370400384,27.63102111528348,0.2525376770660615,10.416021707400178,0.4623158309554728,2.453462375740006,20,1,True,42,
permABC-SMC,3622655.8704453446,57.39986153266691,17895920.0,283.5553159713745,0.5350514161084462,24.64005700515215,400.4801604566219,27.63102111528365,0.2532473418034454,10.417270586294268,0.4619856851640779,2.45400104747173,20,1,True,42,
permABC-SMC,3568529.880478088,56.495169291933216,17914020.0,283.6057498455048,0.5341018945720248,24.65938816744277,399.5004215559861,27.631021115283986,0.2573896751255839,10.41234416898624,0.4656576683264997,2.4528737269836527,20,1,True,42,
permABC-SMC,3502191.40625,55.42735056951642,17931220.0,283.7880349159241,0.5329435179793467,24.66281544475143,399.1872390760298,27.631021115283943,0.2610912106650395,10.412905421346498,0.4665598089939223,2.452927838163559,20,1,True,42,
permABC-SMC,3451453.8461538465,54.6109121120893,17947560.0,283.9767429828644,0.531866624699609,24.66117962421196,399.4645735615964,27.63102111528365,0.2647136036579388,10.4139421967255,0.4656731494480396,2.452797459194016,20,1,True,42,
permABC-SMC,3454496.153846154,54.78970009547014,17963380.0,284.9064404964447,0.5317050165562865,24.653123988438267,399.4715322681735,27.63102111530416,0.2664082123917302,10.415588830215198,0.4665326266398366,2.453640378639653,20,1,True,42,
permABC-SMC,3431003.816793893,54.555635142872354,17978460.0,285.8715281486511,0.5311904041937383,24.63913275691145,398.9824414749498,27.63102111530364,0.2705935234304625,10.413519959924326,0.4709961217698429,2.453055564968684,20,1,True,42,
permABC-SMC,3394864.150943396,53.94769731557593,17992780.0,285.9227957725525,0.5295532124327424,24.64897693385418,398.4474428317031,27.63102111532568,0.2753381564788669,10.4101056801138,0.4741454319192623,2.4524473551221537,20,1,True,42,
permABC-SMC,3359410.447761194,53.35082095950397,18006440.0,285.9604003429413,0.528099134731862,24.642539138974755,398.2769374562412,27.631021115325453,0.2776991282961928,10.40767728373041,0.475111973151368,2.4525599832117284,20,1,True,42,
permABC-SMC,3361832.0895522386,53.55767287425141,18019420.0,287.06912660598755,0.5271364653937758,24.65819859525828,398.294141796086,27.63102111532576,0.2808955712495096,10.409894867037416,0.4775468567917165,2.4536762884215944,20,1,True,42,
permABC-SMC,3364134.328358209,53.73286827286677,18031760.0,288.0081739425659,0.5260519713186896,24.66699687965196,397.6133449027621,27.63102111532596,0.284324264393844,10.403924165705444,0.4778042602303899,2.452635234089285,20,1,True,42,
permABC-SMC,3316827.205882353,53.1211913070258,18043540.0,288.97928071022034,0.5253371233932809,24.6530751038831,397.4817446601545,27.631021115325503,0.2872697997820151,10.403552977500162,0.4790729316465493,2.4523782131203347,20,1,True,42,
permABC-SMC,3318882.3529411764,53.29474074875607,18054720.0,289.92338967323303,0.5246854540379677,24.664356338033343,397.0530391663534,27.631021115325737,0.2909419416043396,10.39956086630405,0.4780562128744677,2.45199517406738,20,1,True,42,
permABC-SMC,3296598.5401459853,53.08043621752384,18065360.0,290.88079047203064,0.523220409211582,24.694928364877367,396.7088038532589,27.631021115327155,0.2943478733427008,10.398703558782628,0.47824251607163,2.450311704257524,20,1,True,42,
permABC-SMC,3298452.5547445253,53.25536797516538,18075520.0,291.83941650390625,0.5220346865256047,24.69398567997687,396.4556058036387,27.63102111532723,0.302227183876652,10.398565812134288,0.4806963804014996,2.449427048465638,20,1,True,42,
permABC-SMC,6462685.714285714,104.25372634615216,18095520.0,291.9104337692261,0.5211674942505081,24.6881977438754,396.40733497464464,27.63102111530624,0.3022758979509709,10.401153627612858,0.4816782139504065,2.450702416952544,20,1,True,42,
permABC-SMC,6378535.211267605,103.17803167961011,18115040.0,293.0256099700928,0.5209058978244542,24.6845801030376,396.559302566141,27.63102111530602,0.3032784656348223,10.400589689536387,0.4825005029324792,2.450648113891733,20,1,True,42,
permABC-SMC,6210191.780821918,100.7350404785104,18133760.0,294.1463181972504,0.5200603878322986,24.66235149703034,396.4263691737564,27.63102111530542,0.3019762814367949,10.401785734638674,0.4837391613955036,2.4512665114231047,20,1,True,42,
permABC-SMC,6132290.540540541,99.75846619219394,18151580.0,295.28505992889404,0.5188583206659801,24.648932580936147,395.9900386193337,27.63102111530491,0.3060149591751255,10.400301183355008,0.4849886801772459,2.450466647094373,20,1,True,42,
permABC-SMC,6056173.333333333,98.8034512201945,18168520.0,296.4103536605835,0.5178575380871963,24.67717289567847,396.293889667367,27.63102111532748,0.3099122445564407,10.410537002822766,0.4865985618119136,2.453739248626364,20,1,True,42,
permABC-SMC,5981835.526315789,97.52115858228582,18184780.0,296.4643220901489,0.5171811252122043,24.679267029319323,396.3592212497433,27.631021115327343,0.3101264430013406,10.4102643985355,0.4836513962469085,2.4522319005446422,20,1,True,42,
permABC-SMC,5909168.831168831,96.2678611278534,18200240.0,296.50501227378845,0.5154735978656189,24.68894339841908,396.3600141792398,27.63102111532732,0.3163363105973741,10.414962115534829,0.4882784981798626,2.454622331680492,20,1,True,42,
permABC-SMC,5838153.846153846,95.04581804458913,18215040.0,296.54295229911804,0.5149563056335305,24.72786133649313,396.1319503979957,27.6310211153284,0.3184537446004102,10.41438614448784,0.4862829134206906,2.452268957584085,20,1,True,42,
permABC-SMC,5732515.7232704405,93.26448313095284,18229400.0,296.58105635643005,0.5144143867196559,24.709769506612663,396.173025250912,27.63102111532795,0.3206676097586408,10.41139496514888,0.4876465556261104,2.4513116501569545,20,1,True,42,
permABC-SMC,5736817.6100628935,93.31362157497766,18243080.0,296.73731660842896,0.5140214300356392,24.6948382743395,396.1123392730544,27.63102111532756,0.3212424362262572,10.411005923855065,0.4875093112010149,2.4477531104749284,20,1,True,42,
permABC-SMC,5740899.371069182,93.32436158222222,18256060.0,296.7714698314667,0.5138128828557722,24.700510611422857,395.1404238814565,27.631021115327627,0.3275911997789895,10.39946969440572,0.4864487863366671,2.444953473286737,20,1,True,42,
permABC-SMC,5744786.1635220125,93.33478062407777,18268420.0,296.80460238456726,0.5129794790754485,24.711526446790188,394.6528735474277,27.631021115328856,0.329747759408759,10.391484007200106,0.4856755270880283,2.4446311222327504,20,1,True,42,
permABC-SMC,5712568.75,93.04080963134766,18280220.0,297.7305908203125,0.5113153986733995,24.715778101770653,394.0555241387688,27.63102111534992,0.33087957733364,10.385597901228358,0.4864818043859227,2.441871426464478,20,1,True,42,
permABC-SMC,5645500.0,92.18030351179618,18291420.0,298.6641833782196,0.51074756451435,24.75770963300463,393.037910481338,27.63102111537315,0.3327621623308755,10.371658887638173,0.483723549597962,2.4374297205589888,20,1,True,42,
permABC-SMC,5614141.104294477,91.62834034375616,18302100.0,298.70838952064514,0.5095994079317014,24.754813797395187,393.5049316560454,27.631021115373155,0.3387838266680573,10.372760836622476,0.483731912768897,2.4366849556086643,20,1,True,42,
permABC-SMC,5617337.423312883,91.639254429589,18312520.0,298.7439694404602,0.5092109902250292,24.779488209926388,393.5424822191733,27.631021115395807,0.3405382875580568,10.372347089291829,0.4833912898884592,2.435731044200387,20,1,True,42,
permABC-SMC,9856193.5483871,160.64087357572333,18332520.0,298.79202485084534,0.5087224213357452,24.76255594100435,392.39679848154617,27.631021115395185,0.3343410523739832,10.373639669565035,0.4890461480960287,2.435639191415865,20,1,True,42,
permABC-SMC,9558208.333333334,155.72211742401123,18351760.0,298.9864654541016,0.5083833991751219,24.75212969007827,391.91457624041993,27.631021115394866,0.3392463175212316,10.370794723116036,0.4915567280178347,2.434219464409207,20,1,True,42,
permABC-SMC,9277828.282828284,151.02525552113852,18370100.0,299.03000593185425,0.5076799348099059,24.78456605445129,391.61360018000994,27.63102111539581,0.3470509384744771,10.370374030172702,0.4936482189682459,2.4332163142469496,20,1,True,42,
permABC-SMC,9193850.0,150.04646384716034,18387700.0,300.0929276943207,0.506880469523737,24.798870465181093,391.4802052244188,27.631021115395946,0.352016067059178,10.365416593261912,0.496721921197266,2.432410874421891,20,1,True,42,
permABC-SMC,9111099.00990099,149.11134089573775,18404420.0,301.20490860939026,0.5065219053526198,24.797864697204343,391.53051190752,27.63102111539588,0.351487831385422,10.362458196029571,0.4967702218717623,2.431215950758387,20,1,True,42,
permABC-SMC,9029568.62745098,147.74713586358462,18420320.0,301.40415716171265,0.5043980615905638,24.79931379801028,390.6377498424338,27.63102111539576,0.3611564659120537,10.35585291298742,0.4998697794500187,2.4306336640424018,20,1,True,42,
permABC-SMC,8778923.80952381,143.96680321012226,18435740.0,302.3302867412567,0.5042119622776878,24.81707659738897,390.8681105849171,27.631021115396045,0.3629534188317749,10.367006018722424,0.5021297569477959,2.432078402726772,20,1,True,42,
permABC-SMC,8786009.523809524,144.0613653546288,18450620.0,302.52886724472046,0.5036647311871236,24.81118778389335,391.5947650567504,27.63102111539584,0.3628507506759752,10.36733218476162,0.5001515945795738,2.431296281765445,20,1,True,42,
permABC-SMC,8709858.490566038,142.79008923836474,18464900.0,302.71498918533325,0.5033814233591996,24.868774861477743,390.6603737983388,27.63102111541939,0.3701615940138768,10.3569706382076,0.5015357492663386,2.4286327771426515,20,1,True,42,
permABC-SMC,8716311.320754718,142.81175496443262,18478580.0,302.7609205245972,0.5028093777791955,24.84612305048017,390.43414889974224,27.631021115418907,0.380289230308028,10.358200876601646,0.5056234706215734,2.429710367712548,20,1,True,42,
permABC-SMC,8722462.264150944,143.23255509700417,18491620.0,303.6530168056488,0.5022565448294165,24.889393095961942,390.24239981093126,27.63102111544213,0.3839896917540121,10.355205626904176,0.5043946022486725,2.427794071583256,20,1,True,42,
permABC-SMC,8646728.971962618,142.34688036909725,18504000.0,304.62232398986816,0.5014441985016231,24.90056732362933,390.0131272668782,27.63102111544222,0.3946194594734299,10.353232141600072,0.508196989036982,2.4287210305348026,20,1,True,42,
permABC-SMC,8652345.794392524,142.3691137928829,18516020.0,304.6699035167694,0.5013040561823084,24.8789512903282,389.8153043924543,27.631021115441847,0.3944017070077957,10.348490314807751,0.509112854361322,2.428244840125785,20,1,True,42,
permABC-SMC,8657766.355140187,142.3862753627456,18527620.0,304.70662927627563,0.5000485362322014,24.888768247969686,389.71944628890566,27.63102111544207,0.4030453279936595,10.342269575973893,0.5116051666281733,2.427696450315027,20,1,True,42,
permABC-SMC,8663056.074766355,142.4010832733083,18538940.0,304.73831820487976,0.5000124034133289,24.88396985988276,390.1805602067303,27.631021115441893,0.4112662023016609,10.345430340736671,0.5116025676126766,2.4281965326261807,20,1,True,42,
permABC-SMC,8668149.53271028,142.41565220823912,18549840.0,304.7694957256317,0.4990353246890955,24.88784104225933,390.2305574738739,27.631021115442323,0.4094922919063258,10.339226026420922,0.5110213869883456,2.4263963058623745,20,1,True,42,
permABC-SMC,8673018.691588784,142.42987833290456,18560260.0,304.79993963241577,0.498421013576495,24.936049078896488,390.325153384378,27.631021115443723,0.4137435908621646,10.333522687425049,0.5092666420653732,2.425383006204053,20,1,True,42,
permABC-SMC,14984080.64516129,245.8463949541892,18580260.0,304.8495297431946,0.498200709620976,24.88050244258716,391.13671806278217,27.631021115360166,0.3995964803195202,10.34947046465011,0.507080887400266,2.4275640937221894,20,1,True,42,
permABC-SMC,14530765.625,238.9079539105296,18599380.0,305.8021810054779,0.4968795882521884,24.946648089986056,391.588890442406,27.63102111538377,0.4094515822446686,10.36328438729685,0.5112630881068716,2.432740907613397,20,1,True,42,
permABC-SMC,14545046.875,238.9509925618768,18617660.0,305.85727047920227,0.4963197861428823,24.97442425577402,390.7635528691963,27.631021115384225,0.4223770896636639,10.351769073955795,0.5147236743255629,2.429683488782457,20,1,True,42,
permABC-SMC,14334815.384615386,235.3080307520353,18635260.0,305.9004399776459,0.4951853151798609,24.98130667664584,390.31679979748986,27.63102111538415,0.4291479408072294,10.35069334341142,0.5188562978333457,2.427059098780568,20,1,True,42,
permABC-SMC,14130560.606060604,232.4594208688447,18652340.0,306.846435546875,0.4939828968627403,24.97613603251824,390.5150148073843,27.631021115383824,0.430109994542406,10.344616374556162,0.5187304831856558,2.422832802799462,20,1,True,42,
permABC-SMC,13931955.223880596,229.0300458224852,18668820.0,306.9002614021301,0.4937207391220156,24.94661120183671,390.796216442192,27.631021115383223,0.4373302332826173,10.33841874457854,0.5185212190291228,2.4235458800887884,20,1,True,42,
permABC-SMC,13738647.05882353,226.3704305185991,18684560.0,307.8637855052948,0.4930194255878103,24.926144636334666,390.99759817440383,27.631021115382737,0.4443316302205496,10.349080570587418,0.5213396941440729,2.42557524871584,20,1,True,42,
permABC-SMC,13749808.823529411,227.0700899993672,18699740.0,308.8153223991394,0.4916677750285098,24.93382983542424,391.3743822058605,27.63102111538326,0.4545941603102597,10.356147591617331,0.5262703895832563,2.426719495073268,20,1,True,42,
permABC-SMC,13760970.588235294,227.1093158160939,18714920.0,308.8686695098877,0.4916677750285098,24.93382983542424,391.3743822058605,27.63102111538326,0.4545941603102597,10.356147591617331,0.5262703895832563,2.426719495073268,20,1,True,42,
permABC-SMC,13572536.231884057,223.84745176287663,18730100.0,308.9094834327698,0.4916677750285098,24.93382983542424,391.3743822058605,27.63102111538326,0.4545941603102597,10.356147591617331,0.5262703895832563,2.426719495073268,20,1,True,42,
permABC-SMC,13389485.714285713,220.67707725933616,18745280.0,308.9479081630707,0.4916677750285098,24.93382983542424,391.3743822058605,27.63102111538326,0.4545941603102597,10.356147591617331,0.5262703895832563,2.426719495073268,20,1,True,42,
permABC-SMC,13211591.549295774,217.595993800902,18760460.0,308.9863111972809,0.4916677750285098,24.93382983542424,391.3743822058605,27.63102111538326,0.4545941603102597,10.356147591617331,0.5262703895832563,2.426719495073268,20,1,True,42,
permABC-SMC,13038638.888888888,214.6003971497218,18775640.0,309.02457189559937,0.4916677750285098,24.93382983542424,391.3743822058605,27.63102111538326,0.4545941603102597,10.356147591617331,0.5262703895832563,2.426719495073268,20,1,True,42,
permABC-SMC,13049180.555555554,214.62739474243588,18790820.0,309.06344842910767,0.4916677750285098,24.93382983542424,391.3743822058605,27.63102111538326,0.4545941603102597,10.356147591617331,0.5262703895832563,2.426719495073268,20,1,True,42,
permABC-SMC,12880821.91780822,211.7133823159623,18806000.0,309.10153818130493,0.4916677750285098,24.93382983542424,391.3743822058605,27.63102111538326,0.4545941603102597,10.356147591617331,0.5262703895832563,2.426719495073268,20,1,True,42,
permABC-SMC,12717013.513513513,208.87901267489872,18821180.0,309.1409387588501,0.4916677750285098,24.93382983542424,391.3743822058605,27.63102111538326,0.4545941603102597,10.356147591617331,0.5262703895832563,2.426719495073268,20,1,True,42,
permABC-SMC,12557573.333333334,206.21413230896,18836360.0,309.32119846343994,0.4916677750285098,24.93382983542424,391.3743822058605,27.63102111538326,0.4545941603102597,10.356147591617331,0.5262703895832563,2.426719495073268,20,1,True,42,
permABC-SMC,12567693.333333332,206.24104674657187,18851540.0,309.3615701198578,0.4916677750285098,24.93382983542424,391.3743822058605,27.63102111538326,0.4545941603102597,10.356147591617331,0.5262703895832563,2.426719495073268,20,1,True,42,
permABC-SMC,12577813.333333334,206.26657263437903,18866720.0,309.3998589515686,0.4916677750285098,24.93382983542424,391.3743822058605,27.63102111538326,0.4545941603102597,10.356147591617331,0.5262703895832563,2.426719495073268,20,1,True,42,
permABC-SMC,12103782.05128205,198.43499110295224,18881900.0,309.55858612060547,0.4916677750285098,24.93382983542424,391.3743822058605,27.63102111538326,0.4545941603102597,10.356147591617331,0.5262703895832563,2.426719495073268,20,1,True,42,
permABC-SMC,12113512.82051282,198.4597030358437,18897080.0,309.59713673591614,0.4916677750285098,24.93382983542424,391.3743822058605,27.63102111538326,0.4545941603102597,10.356147591617331,0.5262703895832563,2.426719495073268,20,1,True,42,
permABC-SMC,11969784.810126582,195.972101899642,18912260.0,309.6359210014343,0.4916677750285098,24.93382983542424,391.3743822058605,27.63102111538326,0.4545941603102597,10.356147591617331,0.5262703895832563,2.426719495073268,20,1,True,42,
permABC-SMC,11979392.40506329,195.99641772765148,18927440.0,309.67434000968933,0.4916677750285098,24.93382983542424,391.3743822058605,27.63102111538326,0.4545941603102597,10.356147591617331,0.5262703895832563,2.426719495073268,20,1,True,42,
permABC-SMC,11839137.5,193.5705383121968,18942620.0,309.7128612995148,0.4916677750285098,24.93382983542424,391.3743822058605,27.63102111538326,0.4545941603102597,10.356147591617331,0.5262703895832563,2.426719495073268,20,1,True,42,
permABC-SMC,11702345.679012343,191.2050288400532,18957800.0,309.75214672088623,0.4916677750285098,24.93382983542424,391.3743822058605,27.63102111538326,0.4545941603102597,10.356147591617331,0.5262703895832563,2.426719495073268,20,1,True,42,
permABC-SMC,11293440.476190476,184.39908751419608,18972980.0,309.7904670238495,0.4916677750285098,24.93382983542424,391.3743822058605,27.63102111538326,0.4545941603102597,10.356147591617331,0.5262703895832563,2.426719495073268,20,1,True,42,
permABC-SMC,11169505.88235294,182.2522462115568,18988160.0,309.8288185596466,0.4916677750285098,24.93382983542424,391.3743822058605,27.63102111538326,0.4545941603102597,10.356147591617331,0.5262703895832563,2.426719495073268,20,1,True,42,
permABC-SMC,11048453.488372097,180.1558850809585,19003340.0,309.86812233924866,0.4916677750285098,24.93382983542424,391.3743822058605,27.63102111538326,0.4545941603102597,10.356147591617331,0.5262703895832563,2.426719495073268,20,1,True,42,
permABC-SMC,10930183.908045975,178.10732920964563,19018520.0,309.9067528247833,0.4916677750285098,24.93382983542424,391.3743822058605,27.63102111538326,0.4545941603102597,10.356147591617331,0.5262703895832563,2.426719495073268,20,1,True,42,
permABC-SMC,10938908.045977011,178.12929057526867,19033700.0,309.9449656009674,0.4916677750285098,24.93382983542424,391.3743822058605,27.63102111538326,0.4545941603102597,10.356147591617331,0.5262703895832563,2.426719495073268,20,1,True,42,
permABC-SMC,10947632.183908047,178.15111012294378,19048880.0,309.9829316139221,0.4916677750285098,24.93382983542424,391.3743822058605,27.63102111538326,0.4545941603102597,10.356147591617331,0.5262703895832563,2.426719495073268,20,1,True,42,
permABC-SMC,10956356.321839085,178.17294803158993,19064060.0,310.02092957496643,0.4916677750285098,24.93382983542424,391.3743822058605,27.63102111538326,0.4545941603102597,10.356147591617331,0.5262703895832563,2.426719495073268,20,1,True,42,
permABC-SMC,10840477.272727272,176.17001953450117,19079240.0,310.05923438072205,0.4916677750285098,24.93382983542424,391.3743822058605,27.63102111538326,0.4545941603102597,10.356147591617331,0.5262703895832563,2.426719495073268,20,1,True,42,
permABC-SMC,10849102.272727272,176.19151730429044,19094420.0,310.09707045555115,0.4916677750285098,24.93382983542424,391.3743822058605,27.63102111538326,0.4545941603102597,10.356147591617331,0.5262703895832563,2.426719495073268,20,1,True,42,
permABC-SMC,10735730.337078651,174.23353382710664,19109600.0,310.13569021224976,0.4916677750285098,24.93382983542424,391.3743822058605,27.63102111538326,0.4545941603102597,10.356147591617331,0.5262703895832563,2.426719495073268,20,1,True,42,
permABC-SMC,10744258.426966293,174.25525134868838,19124780.0,310.1743474006653,0.4916677750285098,24.93382983542424,391.3743822058605,27.63102111538326,0.4545941603102597,10.356147591617331,0.5262703895832563,2.426719495073268,20,1,True,42,
permABC-SMC,10402152.173913045,168.59397629032966,19139960.0,310.21291637420654,0.4916677750285098,24.93382983542424,391.3743822058605,27.63102111538326,0.4545941603102597,10.356147591617331,0.5262703895832563,2.426719495073268,20,1,True,42,
permABC-SMC,10410402.173913045,168.6152810635774,19155140.0,310.2521171569824,0.4916677750285098,24.93382983542424,391.3743822058605,27.63102111538326,0.4545941603102597,10.356147591617331,0.5262703895832563,2.426719495073268,20,1,True,42,
permABC-SMC,10418652.173913045,168.63602607146555,19170320.0,310.2902879714966,0.4916677750285098,24.93382983542424,391.3743822058605,27.63102111538326,0.4545941603102597,10.356147591617331,0.5262703895832563,2.426719495073268,20,1,True,42,
permABC-SMC,10426902.173913045,168.6567474966464,19185500.0,310.32841539382935,0.4916677750285098,24.93382983542424,391.3743822058605,27.63102111538326,0.4545941603102597,10.356147591617331,0.5262703895832563,2.426719495073268,20,1,True,42,
permABC-SMC,10435152.173913045,168.6773664277533,19200680.0,310.36635422706604,0.4916677750285098,24.93382983542424,391.3743822058605,27.63102111538326,0.4545941603102597,10.356147591617331,0.5262703895832563,2.426719495073268,20,1,True,42,
permABC-SMC,10331107.526881725,167.0947281263208,19215860.0,310.79619431495667,0.4916677750285098,24.93382983542424,391.3743822058605,27.63102111538326,0.4545941603102597,10.356147591617331,0.5262703895832563,2.426719495073268,20,1,True,42,
permABC-SMC,10229276.59574468,165.3381581002093,19231040.0,310.83573722839355,0.4916677750285098,24.93382983542424,391.3743822058605,27.63102111538326,0.4545941603102597,10.356147591617331,0.5262703895832563,2.426719495073268,20,1,True,42,
permABC-SMC,10237351.063829787,165.3587261413006,19246220.0,310.87440514564514,0.4916677750285098,24.93382983542424,391.3743822058605,27.63102111538326,0.4545941603102597,10.356147591617331,0.5262703895832563,2.426719495073268,20,1,True,42,
permABC-SMC,10137578.947368424,163.63870583082502,19261400.0,310.9135410785675,0.4916677750285098,24.93382983542424,391.3743822058605,27.63102111538326,0.4545941603102597,10.356147591617331,0.5262703895832563,2.426719495073268,20,1,True,42,
permABC-SMC,10039885.416666666,161.95415059725445,19276580.0,310.9519691467285,0.4916677750285098,24.93382983542424,391.3743822058605,27.63102111538326,0.4545941603102597,10.356147591617331,0.5262703895832563,2.426719495073268,20,1,True,42,
permABC-SMC,10047791.666666666,161.97405730684596,19291760.0,310.9901900291443,0.4916677750285098,24.93382983542424,391.3743822058605,27.63102111538326,0.4545941603102597,10.356147591617331,0.5262703895832563,2.426719495073268,20,1,True,42,
permABC-SMC,10055697.916666666,161.9941076884667,19306940.0,311.0286867618561,0.4916677750285098,24.93382983542424,391.3743822058605,27.63102111538326,0.4545941603102597,10.356147591617331,0.5262703895832563,2.426719495073268,20,1,True,42,
permABC-SMC,9959855.670103092,160.3438919352502,19322120.0,311.0671503543854,0.4916677750285098,24.93382983542424,391.3743822058605,27.63102111538326,0.4545941603102597,10.356147591617331,0.5262703895832563,2.426719495073268,20,1,True,42,
permABC-SMC,9865969.387755102,158.72730929024365,19337300.0,311.1055262088776,0.4916677750285098,24.93382983542424,391.3743822058605,27.63102111538326,0.4545941603102597,10.356147591617331,0.5262703895832563,2.426719495073268,20,1,True,42,
permABC-SMC,9580435.643564356,154.03158287010572,19352480.0,311.1437973976135,0.4916677750285098,24.93382983542424,391.3743822058605,27.63102111538326,0.4545941603102597,10.356147591617331,0.5262703895832563,2.426719495073268,20,1,True,42,
permABC-SMC,9401776.699029123,151.05929235810214,19367660.0,311.18214225769043,0.4916677750285098,24.93382983542424,391.3743822058605,27.63102111538326,0.4545941603102597,10.356147591617331,0.5262703895832563,2.426719495073268,20,1,True,42,
permABC-SMC,9409145.63106796,151.07787558175986,19382840.0,311.2204236984253,0.4916677750285098,24.93382983542424,391.3743822058605,27.63102111538326,0.4545941603102597,10.356147591617331,0.5262703895832563,2.426719495073268,20,1,True,42,
permABC-SMC,9416514.563106796,151.0965398214396,19398020.0,311.2588720321655,0.4916677750285098,24.93382983542424,391.3743822058605,27.63102111538326,0.4545941603102597,10.356147591617331,0.5262703895832563,2.426719495073268,20,1,True,42,
permABC-SMC,9423883.495145632,151.11507767612494,19413200.0,311.2970600128174,0.4916677750285098,24.93382983542424,391.3743822058605,27.63102111538326,0.4545941603102597,10.356147591617331,0.5262703895832563,2.426719495073268,20,1,True,42,
permABC-SMC,9340567.307692308,149.6809748502878,19428380.0,311.33642768859863,0.4916677750285098,24.93382983542424,391.3743822058605,27.63102111538326,0.4545941603102597,10.356147591617331,0.5262703895832563,2.426719495073268,20,1,True,42,
permABC-SMC,9347865.384615384,149.69941125466275,19443560.0,311.3747754096985,0.4916677750285098,24.93382983542424,391.3743822058605,27.63102111538326,0.4545941603102597,10.356147591617331,0.5262703895832563,2.426719495073268,20,1,True,42,
permABC-SMC,9355163.46153846,149.7177379635664,19458740.0,311.41289496421814,0.4916677750285098,24.93382983542424,391.3743822058605,27.63102111538326,0.4545941603102597,10.356147591617331,0.5262703895832563,2.426719495073268,20,1,True,42,
permABC-SMC,9273295.238095235,148.31065211977275,19473920.0,311.4523694515228,0.4916677750285098,24.93382983542424,391.3743822058605,27.63102111538326,0.4545941603102597,10.356147591617331,0.5262703895832563,2.426719495073268,20,1,True,42,
permABC-SMC,9280523.80952381,148.32874445688157,19489100.0,311.4903633594513,0.4916677750285098,24.93382983542424,391.3743822058605,27.63102111538326,0.4545941603102597,10.356147591617331,0.5262703895832563,2.426719495073268,20,1,True,42,
permABC-SMC,9287752.38095238,148.34817681993755,19504280.0,311.5311713218689,0.4916677750285098,24.93382983542424,391.3743822058605,27.63102111538326,0.4545941603102597,10.356147591617331,0.5262703895832563,2.426719495073268,20,1,True,42,
permABC-SMC,9207292.452830188,146.96692678163635,19519460.0,311.5698847770691,0.4916677750285098,24.93382983542424,391.3743822058605,27.63102111538326,0.4545941603102597,10.356147591617331,0.5262703895832563,2.426719495073268,20,1,True,42,
permABC-SMC,8960844.036697248,142.9397179446089,19534640.0,311.60858511924744,0.4916677750285098,24.93382983542424,391.3743822058605,27.63102111538326,0.4545941603102597,10.356147591617331,0.5262703895832563,2.426719495073268,20,1,True,42,
permABC-SMC,8967807.33944954,142.95731181398443,19549820.0,311.6469397544861,0.4916677750285098,24.93382983542424,391.3743822058605,27.63102111538326,0.4545941603102597,10.356147591617331,0.5262703895832563,2.426719495073268,20,1,True,42,
permABC-SMC,8893181.818181818,141.67518485676158,19565000.0,311.6854066848755,0.4916677750285098,24.93382983542424,391.3743822058605,27.63102111538326,0.4545941603102597,10.356147591617331,0.5262703895832563,2.426719495073268,20,1,True,42,
permABC-SMC,8900081.818181818,141.69253663583237,19580180.0,311.7235805988312,0.4916677750285098,24.93382983542424,391.3743822058605,27.63102111538326,0.4545941603102597,10.356147591617331,0.5262703895832563,2.426719495073268,20,1,True,42,
permABC-SMC,8826738.738738738,140.4333595757012,19595360.0,311.76205825805664,0.4916677750285098,24.93382983542424,391.3743822058605,27.63102111538326,0.4545941603102597,10.356147591617331,0.5262703895832563,2.426719495073268,20,1,True,42,
permABC-SMC,8754705.357142856,139.19656808887208,19610540.0,311.8003125190735,0.4916677750285098,24.93382983542424,391.3743822058605,27.63102111538326,0.4545941603102597,10.356147591617331,0.5262703895832563,2.426719495073268,20,1,True,42,
permABC-SMC,8607771.929824559,136.77170506694858,19625720.0,311.8394875526428,0.4916677750285098,24.93382983542424,391.3743822058605,27.63102111538326,0.4545941603102597,10.356147591617331,0.5262703895832563,2.426719495073268,20,1,True,42,
permABC-SMC,8393547.008547006,133.28138182305878,19640900.0,311.87843346595764,0.4916677750285098,24.93382983542424,391.3743822058605,27.63102111538326,0.4545941603102597,10.356147591617331,0.5262703895832563,2.426719495073268,20,1,True,42,
permABC-SMC,8400034.188034186,133.2978078442761,19656080.0,311.9168703556061,0.4916677750285098,24.93382983542424,391.3743822058605,27.63102111538326,0.4545941603102597,10.356147591617331,0.5262703895832563,2.426719495073268,20,1,True,42,
permABC-SMC,8406521.367521366,133.31426076399973,19671260.0,311.9553701877594,0.4916677750285098,24.93382983542424,391.3743822058605,27.63102111538326,0.4545941603102597,10.356147591617331,0.5262703895832563,2.426719495073268,20,1,True,42,
permABC-SMC,8413008.547008544,133.33067608694742,19686440.0,311.99378204345703,0.4916677750285098,24.93382983542424,391.3743822058605,27.63102111538326,0.4545941603102597,10.356147591617331,0.5262703895832563,2.426719495073268,20,1,True,42,
permABC-SMC,8348144.067796609,132.2170045416234,19701620.0,312.0321307182312,0.4916677750285098,24.93382983542424,391.3743822058605,27.63102111538326,0.4545941603102597,10.356147591617331,0.5262703895832563,2.426719495073268,20,1,True,42,
permABC-SMC,8354576.271186441,132.23346633426215,19716800.0,312.07098054885864,0.4916677750285098,24.93382983542424,391.3743822058605,27.63102111538326,0.4545941603102597,10.356147591617331,0.5262703895832563,2.426719495073268,20,1,True,42,
permABC-SMC,8290747.899159663,131.13828416632003,19731980.0,312.1091163158417,0.4916677750285098,24.93382983542424,391.3743822058605,27.63102111538326,0.4545941603102597,10.356147591617331,0.5262703895832563,2.426719495073268,20,1,True,42,
permABC-SMC,8297126.050420167,131.1544145856585,19747160.0,312.1475067138672,0.4916677750285098,24.93382983542424,391.3743822058605,27.63102111538326,0.4545941603102597,10.356147591617331,0.5262703895832563,2.426719495073268,20,1,True,42,
permABC-SMC,8166256.1983471075,129.0023721939276,19762340.0,312.1857407093048,0.4916677750285098,24.93382983542424,391.3743822058605,27.63102111538326,0.4545941603102597,10.356147591617331,0.5262703895832563,2.426719495073268,20,1,True,42,
permABC-SMC,8172528.925619835,129.01812043071777,19777520.0,312.22385144233704,0.4916677750285098,24.93382983542424,391.3743822058605,27.63102111538326,0.4545941603102597,10.356147591617331,0.5262703895832563,2.426719495073268,20,1,True,42,
permABC-SMC,8111762.295081967,127.97669914902237,19792700.0,312.2631459236145,0.4916677750285098,24.93382983542424,391.3743822058605,27.63102111538326,0.4545941603102597,10.356147591617331,0.5262703895832563,2.426719495073268,20,1,True,42,
permABC-SMC,7987048.387096775,125.92801442069393,19807880.0,312.3014757633209,0.4916677750285098,24.93382983542424,391.3743822058605,27.63102111538326,0.4545941603102597,10.356147591617331,0.5262703895832563,2.426719495073268,20,1,True,42,
permABC-SMC,7993169.354838709,125.9433615592218,19823060.0,312.3395366668701,0.4916677750285098,24.93382983542424,391.3743822058605,27.63102111538326,0.4545941603102597,10.356147591617331,0.5262703895832563,2.426719495073268,20,1,True,42,
permABC-SMC,7999290.322580645,125.95867870315428,19838240.0,312.37752318382263,0.4916677750285098,24.93382983542424,391.3743822058605,27.63102111538326,0.4545941603102597,10.356147591617331,0.5262703895832563,2.426719495073268,20,1,True,42,
permABC-SMC,8005411.29032258,125.97421446154196,19853420.0,312.416051864624,0.4916677750285098,24.93382983542424,391.3743822058605,27.63102111538326,0.4545941603102597,10.356147591617331,0.5262703895832563,2.426719495073268,20,1,True,42,
permABC-SMC,8011532.258064516,125.9895775587328,19868600.0,312.4541523456573,0.4916677750285098,24.93382983542424,391.3743822058605,27.63102111538326,0.4545941603102597,10.356147591617331,0.5262703895832563,2.426719495073268,20,1,True,42,
permABC-SMC,8017653.225806451,126.00492604317203,19883780.0,312.49221658706665,0.4916677750285098,24.93382983542424,391.3743822058605,27.63102111538326,0.4545941603102597,10.356147591617331,0.5262703895832563,2.426719495073268,20,1,True,42,
permABC-SMC,8023774.193548387,126.0213662539759,19898960.0,312.53298830986023,0.4916677750285098,24.93382983542424,391.3743822058605,27.63102111538326,0.4545941603102597,10.356147591617331,0.5262703895832563,2.426719495073268,20,1,True,42,
permABC-SMC,7965656.0,125.02867441177368,19914140.0,312.5716860294342,0.4916677750285098,24.93382983542424,391.3743822058605,27.63102111538326,0.4545941603102597,10.356147591617331,0.5262703895832563,2.426719495073268,20,1,True,42,
permABC-SMC,7971728.0,125.0439745903015,19929320.0,312.6099364757538,0.4916677750285098,24.93382983542424,391.3743822058605,27.63102111538326,0.4545941603102597,10.356147591617331,0.5262703895832563,2.426719495073268,20,1,True,42,
permABC-SMC,7977800.0,125.0591996192932,19944500.0,312.64799904823303,0.4916677750285098,24.93382983542424,391.3743822058605,27.63102111538326,0.4545941603102597,10.356147591617331,0.5262703895832563,2.426719495073268,20,1,True,42,
permABC-SMC,7920507.936507937,124.0822740963527,19959680.0,312.68733072280884,0.4916677750285098,24.93382983542424,391.3743822058605,27.63102111538326,0.4545941603102597,10.356147591617331,0.5262703895832563,2.426719495073268,20,1,True,42,
permABC-SMC,7864118.110236221,123.12051076588668,19974860.0,312.7260973453522,0.4916677750285098,24.93382983542424,391.3743822058605,27.63102111538326,0.4545941603102597,10.356147591617331,0.5262703895832563,2.426719495073268,20,1,True,42,
permABC-SMC,7870094.488188976,123.13568179062972,19990040.0,312.76463174819946,0.4916677750285098,24.93382983542424,391.3743822058605,27.63102111538326,0.4545941603102597,10.356147591617331,0.5262703895832563,2.426719495073268,20,1,True,42,
permABC-SMC,7876070.866141732,123.1511561889348,20005220.0,312.8039367198944,0.4916677750285098,24.93382983542424,391.3743822058605,27.63102111538326,0.4545941603102597,10.356147591617331,0.5262703895832563,2.426719495073268,20,1,True,42,
permABC-SMC,8939830.357142856,139.66764264873098,20025220.0,312.8555195331573,0.4916677750285098,24.933281971425505,391.368874622185,27.63102111538363,0.4511043100085573,10.356530618820488,0.5253801737917245,2.4270048858798847,20,1,True,42,
permABC-SMC-OS,12311.557788944723,5.626357620085903,245000.0,5.598225831985474,3.3009886682075007,23.93828321797685,1833.8934435056467,27.63102111457223,4.017110049487558,9.99313171654616,2.866499410540398,3.945350736764369,20,1,True,42,30.0
permABC-SMC-OS,20980.78867542973,5.043371622916782,415000.0,4.987894535064697,2.477009323262307,23.969125136620004,1263.7144791917194,27.631021114678884,2.2502992823527017,10.039949611367234,1.9254972219572053,3.22306497889912,20,1,True,42,40.0
permABC-SMC-OS,59211.92758253461,12.406108732294603,1112000.0,11.649336099624634,1.1476166460348236,24.2381102013495,579.1019222845712,27.631021114946137,0.3165274543797683,10.16787378891108,0.6373901797072581,2.493111305848166,20,1,True,42,100.0
permABC-SMC-OS,88667.42596810934,15.970455486845047,1557000.0,14.022059917449951,0.8618894407086938,24.518148044429367,487.0897785334152,27.63102111504713,0.1737794633872003,10.306583785770972,0.4050809215425433,2.436226961955098,20,1,True,42,140.0
permABC-SMC-OS,142961.48738379814,24.95598286429883,2153000.0,18.791855096817017,0.6337031993486987,24.764867157710025,416.5097581368646,27.631021115224293,0.2535744141237647,10.31608433597398,0.4074626972131342,2.444197593227559,20,1,True,42,200.0
permABC-SMC-OS,251951.21951219512,38.24411446486062,3099000.0,23.52013039588928,0.4875066082903113,25.24016626410644,390.1034289616164,27.631021115325524,0.5652345347669512,10.43918145463809,0.6007524040728772,2.458627960756848,20,1,True,42,300.0
permABC-SMC-OS,469861.4318706697,62.55170764879046,4069000.0,27.08488941192627,0.4172991885419473,25.479411651009308,381.0049502695965,27.63102111549668,0.7286220235713157,10.49126100290676,0.6670283962303027,2.4981946340074885,20,1,True,42,400.0
permABC-SMC-OS,646493.5064935065,86.04414617860472,4978000.0,33.12699627876282,0.3833393781744486,25.923292628924763,371.5374897018276,27.63102111559258,0.7190022078071272,10.479371668001132,0.6747079402631446,2.487001001104916,20,1,True,42,500.0
permABC-SMC-UM,110948.27586206896,60.7242255375303,128700.0,3.522005081176758,0.8774010260375972,25.411858242838488,487.07952296854006,27.63102111538697,0.9692084659748048,10.325646321321278,0.6552756089245556,2.4852839237384825,20,1,True,42,
permABC-SMC-UM,62988.50574712644,35.69625437944785,109600.0,3.105574131011963,1.108072142142542,25.651022010405303,581.3297477597123,27.63102111525725,1.3978506935272412,10.192109290493622,0.98084648824314,2.657740019310844,20,1,True,42,
permABC-SMC-UM,37781.512605042015,25.683130536760604,89920.0,3.056292533874512,1.463593421759371,24.81427143587161,648.4987182320612,27.63102111502259,1.170671940834544,9.911665268559393,1.0648810849610135,2.625858715499651,20,1,True,42,
permABC-SMC-UM,14803.49344978166,12.351238050835622,67800.0,2.8284335136413574,1.939707434997516,24.25947614427494,933.3322504606136,27.631021114927226,1.5887199080189571,10.041577612387586,1.459089623171035,2.848583174350539,20,1,True,42,
permABC-SMC-UM,6338.624338624339,6.732197665663624,47920.0,2.5447707176208496,2.599255009836176,24.052712961268703,1330.091216898836,27.63102111476613,2.654374284605886,10.02153484926192,2.127088577727732,3.351385553552962,20,1,True,42,
permABC-SMC-UM,2838.095238095238,2.346402879745241,35760.0,1.478233814239502,3.389403981137268,23.97776567258004,1840.7608101649985,27.63102111463881,4.087147054230146,10.015462644863058,2.9327024411948357,3.925118095385052,20,1,True,42,
permABC-SMC-UM,1173.7089201877934,0.3651131486668833,20000.0,0.3110764026641845,4.513321786415909,23.980018002495434,2676.1578213620464,27.63102111453505,6.1091878163254725,10.014319802623412,4.0054325280374,4.77228173589395,20,1,True,42,
permABC-SMC-UM,1029.8661174047377,0.3236869827726228,20000.0,0.3143000602722168,5.717402074791126,23.910679222278617,3194.727456472848,27.631021114529958,6.64631015454879,9.967154918415645,4.564549179013258,5.2202918635864135,20,1,True,42,
ABC-PMC,30992.592592592595,407.16544963695384,83680.0,54.96733570098877,12.970410470746566,24.49965458441531,22123.95076276378,27.631021114892476,9.43454809810838,9.977259980553141,13.54915605128033,14.409442736013448,20,1,True,42,
ABC-PMC,96956.89655172414,1469.1077285799488,224940.0,170.41649651527405,12.465611308272026,24.58851723778451,24615.948089105703,27.6310211149592,9.024901264254694,9.971150953295773,13.474931730566812,14.068654124263192,20,1,True,42,
ABC-PMC,197711.1111111111,3565.1180691189234,355880.0,320.8606262207031,12.321000340310738,24.96430060229502,19470.07871379287,27.63102111495165,9.015320938899848,9.634155436853806,13.606441973371465,14.00813542657524,20,1,True,42,
ABC-PMC,165647.05882352943,3579.4259818161236,450560.0,486.8019335269928,12.19461783751743,24.33563652902393,24379.508668252016,27.63102111475671,9.212478685020354,9.995618357488883,13.66158898158282,14.352903804275126,20,1,True,42,
ABC-PMC,242714.2857142857,5031.22924225671,679600.0,704.3720939159393,11.893922806718328,24.358708293905536,23461.74652146055,27.631021114823938,8.553077730646049,10.02394034479991,13.19842356042704,13.80314523523464,20,1,True,42,
ABC-PMC,387115.0442477876,8301.40526737787,874880.0,938.0587952136993,11.7334636452939,24.90900008304961,28210.363822545554,27.63102111492606,8.848459391686813,10.321724165413249,13.00017784833879,13.895180746021644,20,1,True,42,
ABC-PMC,488798.24561403506,10492.429323363724,1114460.0,1196.1369428634644,11.387359591967751,24.71053527662807,16245.828920968906,27.631021115092402,8.416337769600869,9.64809465443587,12.24316542606821,12.964221183015143,20,1,True,42,
ABC-PMC,632757.0093457943,13646.470898779753,1354100.0,1460.1723861694336,10.906720691209312,24.988577538204424,22142.608950334507,27.63102111490761,8.093502099586027,10.151151696806016,12.50958089895396,13.154799208107127,20,1,True,42,
ABC-PMC,728380.5309734513,15268.80302893377,1646140.0,1725.374742269516,10.684379828762482,25.261981132237423,20597.515330988943,27.631021115021497,9.080686916372414,10.15631344164062,12.4568475018655,13.755149088669352,20,1,True,42,
ABC-PMC,483125.6281407035,10060.95458394918,1922840.0,2002.1299622058868,10.525006795071883,24.410867089498566,17889.77946466977,27.631021114850395,8.376448943907143,10.113157265856286,11.769918413759973,12.367624191106955,20,1,True,42,
ABC-PMC,653300.5780346821,13211.104335123404,2260420.0,2285.521049976349,9.998756455318288,24.355110645735333,18058.839482009134,27.631021114883417,7.816202924970514,10.00212538502257,11.706644763460249,12.127499915412248,20,1,True,42,
ABC-PMC,884592.5925925926,15877.428144584466,2866080.0,2572.1433594226837,9.498818632552373,24.481507438199436,16422.143843042162,27.631021114954248,8.176583112596905,10.066175790132718,11.056150039093211,11.59020930054049,20,1,True,42,
ABC-PMC,949465.9685863875,15009.613892170772,3626960.0,2866.8362534046173,9.023877700924753,24.488059139724797,14449.058239789396,27.6310211149097,8.421476050374467,10.075831684155117,10.351157008490187,10.814946354873795,20,1,True,42,
ABC-PMC,826842.9752066116,13077.92289789058,4001920.0,3164.8573412895203,8.902342245818524,24.31475843176284,14363.228812877787,27.631021114843236,8.009189133357616,10.115567288486194,10.235428235443262,10.651045753919806,20,1,True,42,
ABC-PMC,1070212.5603864733,16739.24756856356,4430680.0,3465.0242466926575,8.803010020821343,24.312054854003062,14064.942055223382,27.63102111486445,8.082126682653621,10.060585871239862,10.118124068691877,10.670773141142904,20,1,True,42,
ABC-PMC,1125788.5462555066,16615.04834338957,5111080.0,3771.6159739494324,8.362859519780276,24.26033368475498,13314.989799799532,27.631021114795754,7.380751377394581,10.112584949327896,9.601279343323622,10.215712138104738,20,1,True,42,
ABC-PMC,1352260.2739726028,18654.927458392976,5922900.0,4085.4291133880615,7.9447165437912615,24.36174296701499,11277.568379638375,27.631021114829498,7.971288818370022,10.049149119194643,9.40026083615911,9.816644865571856,20,1,True,42,
ABC-PMC,1621986.607142857,19699.93686143841,7266500.0,4412.785856962204,7.547480716601698,24.30776715042878,10742.108919339627,27.631021114799044,7.297349961609034,10.103218294542565,8.74723717735383,9.2243325310582,20,1,True,42,
ABC-PMC,1786745.7627118644,20166.217873662205,8433440.0,4759.22741818428,7.170106680771613,24.12878250335429,9304.152819351657,27.63102111474859,7.754021845351443,10.01470248451759,8.345602140067568,8.705401825335667,20,1,True,42,
ABC-PMC,2099433.3333333335,21366.09142621358,10077280.0,5127.86194229126,6.811601346733032,24.24018996214055,8540.367946791852,27.63102111475475,7.643218508557861,10.014195382846749,7.922886003543728,8.337640148031952,20,1,True,42,
ABC-PMC,2508089.7435897435,23624.63025455801,11737860.0,5528.163479566574,6.47102127939638,24.223577648348396,7761.386795626724,27.631021114713306,7.2221850208508815,10.039889003840006,7.465775135702505,7.898371008845621,20,1,True,42,
ABC-PMC,2249922.818791946,19993.07194892192,13409540.0,5957.935440778732,6.147470215426561,24.12794367510819,7500.676270204531,27.63102111470649,7.078547329978944,10.096416548009328,7.118164212145177,7.561530068260258,20,1,True,42,
ABC-PMC,2874882.3529411764,23635.960468474557,15639360.0,6428.981247425079,5.840096704655233,24.258179889967337,6304.158905042385,27.631021114797928,7.100697826535082,10.033273317628842,6.738926727720228,7.172420722821912,20,1,True,42,
ABC-PMC,3018371.621621622,23514.946381788,17868760.0,6960.424129009247,5.548091869422471,24.027605119751115,5977.475250512914,27.631021114659763,7.08118198613379,10.009792891613882,6.36785091138879,6.717305886766694,20,1,True,42,
ABC-PMC,3476398.648648649,25545.525802148353,20580280.0,7561.475637435913,5.270687275951348,24.193070911071572,5321.993452339695,27.63102111475134,6.9195086025126615,10.02414088136059,6.011171686195943,6.428721561297116,20,1,True,42,
ABC-PMC,3936643.5643564356,27253.829940317486,23856060.0,8257.910471916199,5.00715291215378,24.200135440417235,4896.896904361871,27.631021114815518,6.825977567368215,10.04229339329821,5.672629367745872,6.112686800706394,20,1,True,42,
