method,n_sim,time,n_sim_raw,time_raw,epsilon,kl_sigma2,score_joint,kl_sigma2_true_vs_abc,kl_mu_avg,w2_sigma2,w2_mu_avg,sw2_joint,K,K_outliers,include_osum,seed
ABC-Vanilla,1000.0,0.0016712028980255128,1000000.0,1.6712028980255127,96.24878358747236,23.906247866271684,1980.3697311394903,27.26838749624737,7.652944764131167,9.7964989204525,12.608427546692017,12.26096763019128,2,0,False,42
ABC-Vanilla,2154.4346900318833,0.0036004974975879806,464158.8833612779,0.7757036710176536,26.30724402611212,23.95844416789764,1993.4210119762454,27.28024001064109,7.216321864147499,9.786847799341505,12.764713904524005,12.37162828012116,2,0,False,42
ABC-Vanilla,4641.588833612778,0.007757036710176534,215443.4690031884,0.36004974975879817,17.14177530436281,23.928631952877247,1966.8867784560102,27.28019913063078,7.230844157704835,9.824340591917629,12.43976253807942,12.070907084499709,2,0,False,42
ABC-Vanilla,10000.0,0.016712028980255127,100000.0,0.16712028980255128,11.573911780773235,23.975503656097807,2020.3662038486536,27.280240010702087,7.038270053110525,9.806139407283238,12.838745847736057,12.396730991045702,2,0,False,42
ABC-Vanilla,21544.346900318837,0.03600497497587981,46415.88833612779,0.07757036710176536,7.908798563495023,23.937208219588058,2014.8856887034385,27.280238140587134,7.520131674996818,9.78466111076583,12.894983586941922,12.52772676297931,2,0,False,42
ABC-Vanilla,46415.88833612777,0.07757036710176532,21544.346900318847,0.03600497497587983,5.445098867947572,23.92280941304342,1951.314473423563,25.427453126239083,7.452996762222806,9.806233480900444,12.54698576053902,12.233554941438767,2,0,False,42
ABC-Vanilla,100000.0,0.16712028980255128,10000.0,0.016712028980255127,3.8196866869922896,23.94293286922432,2051.3351947450374,27.280239938996225,7.752484427747904,9.804081631048,12.853104107430042,12.3995732314592,2,0,False,42
ABC-Vanilla,215443.4690031882,0.36004974975879783,4641.588833612783,0.007757036710176541,2.7182898604705317,23.96311697154234,2053.856285579298,27.280240010698467,8.14521746901501,9.80980616648022,13.053788090793812,12.597048433064373,2,0,False,42
ABC-Vanilla,464158.8833612778,0.7757036710176535,2154.434690031884,0.0036004974975879823,2.0193502749210115,23.93817150374718,1924.8214104512722,27.280240010676618,8.050484717675843,9.816727190071479,12.610095589525162,12.168465689508496,2,0,False,42
ABC-Vanilla,1000000.0,1.6712028980255127,1000.0,0.0016712028980255128,1.5587681394907693,23.958761321803905,2106.7697784243906,27.280240010721556,7.823039143940615,9.8131574310201,12.953750942359854,12.525630163966817,2,0,False,42
permABC-Vanilla,1000.0,0.004291691780090332,1000000.0,4.291691780090332,86.99611910714803,23.946589389986727,1082.1970264530992,27.28024001069833,6.848280491331504,9.83708926053233,9.05553620220056,9.568496760817125,2,0,False,42
permABC-Vanilla,2154.4346900318833,0.009246169649951296,464158.8833612779,1.9920268643775036,17.849238449574802,23.95267530014657,355.88058948336084,27.28024001076042,6.698742460727577,9.801582138168527,4.7089319001421215,7.001411553858167,2,0,False,42
permABC-Vanilla,4641.588833612778,0.01992026864377503,215443.4690031884,0.9246169649951299,12.044520719676743,23.95077981492996,185.42281984118495,27.28024001065699,5.026053242748689,9.821740134578839,2.878595257482522,6.295954320991911,2,0,False,42
permABC-Vanilla,10000.0,0.04291691780090332,100000.0,0.4291691780090332,8.231298599220484,23.90999016396315,104.51260764287235,27.120740586469413,1.8605900525448544,9.808989916238277,1.6452759200649423,5.970510234754343,2,0,False,42
permABC-Vanilla,21544.346900318837,0.09246169649951297,46415.88833612779,0.19920268643775038,5.667190079226687,23.960855677209352,66.40868493084858,27.280240010700215,0.5022345489797649,9.828343440951857,0.7749256051852442,5.860245388233063,2,0,False,42
permABC-Vanilla,46415.88833612777,0.19920268643775027,21544.346900318847,0.09246169649951301,3.953060107905879,23.989972906165633,49.30760470956473,27.280240010743224,0.07868777232328295,9.84483926150473,0.2402787555956078,5.840153785699773,2,0,False,42
permABC-Vanilla,100000.0,0.4291691780090332,10000.0,0.04291691780090332,2.8115325545834184,24.05743755813838,41.60483438383858,27.280240010788436,0.04773041259577218,9.94046315940931,0.177785563474313,5.894847493606557,2,0,False,42
permABC-Vanilla,215443.4690031882,0.924616964995129,4641.588833612783,0.01992026864377505,2.085854666914434,24.08594023245526,37.83444972665029,27.2802400108962,0.16349930652262346,9.98167504198854,0.3804906438512164,5.925263717107875,2,0,False,42
permABC-Vanilla,464158.8833612778,1.9920268643775032,2154.434690031884,0.0092461696499513,1.5943763502963268,24.133456696669292,35.63725618386698,27.280240010961442,0.33983996715584397,10.03210005227343,0.533413316117422,5.9624918120806845,2,0,False,42
permABC-Vanilla,1000000.0,4.291691780090332,1000.0,0.004291691780090332,1.2799930587706818,24.21153813409591,34.594271495710274,27.28024001100849,0.4531709696481323,10.103651610919533,0.6071518349637869,6.010312088487435,2,0,False,42
ABC-SMC,950.0,0.3283829689025879,1900.0,0.6567659378051758,51.433455966455085,23.925419044794054,1842.0125739170912,27.28024001069762,7.774318180164834,9.831683273198246,12.012405415149583,11.771953293359422,2,0,False,42
ABC-SMC,1852.0,0.4974547624588013,3704.0,0.9949095249176025,47.02798278805668,23.928900440897564,1682.4035417845862,27.28024001071783,7.775659304824963,9.832671901813523,11.473736611574983,11.309098198393993,2,0,False,42
ABC-SMC,2708.0,0.6623172760009766,5416.0,1.3246345520019531,43.13400162078255,23.931591538045623,1519.7374077118307,27.28024001073805,7.767171107431078,9.826328809783893,10.953718982681387,10.92957294350471,2,0,False,42
ABC-SMC,3521.0,0.829889178276062,7042.0,1.659778356552124,40.607219609350366,23.928317899484476,1432.0899978549076,27.28024001073793,7.776998567537532,9.831873122721031,10.527484958462745,10.618633897405031,2,0,False,42
ABC-SMC,4293.0,0.9990624189376831,8586.0,1.9981248378753662,38.491795584303325,23.92972736840991,1330.8823813574072,27.280240010738012,7.679335985621609,9.830519720428759,10.127491703926637,10.333283638526195,2,0,False,42
ABC-SMC,5026.0,1.1701701879501343,10052.0,2.3403403759002686,36.88521015510081,23.933652375958673,1221.6400986050528,27.280240010737714,7.683799372988409,9.823397606613545,9.777381608891865,10.05754679241707,2,0,False,42
ABC-SMC,5722.0,1.3352320194244385,11444.0,2.670464038848877,35.409030987305464,23.924804604309337,1138.9669452917324,27.28024001073678,7.670312476622536,9.81696156446818,9.42968432467376,9.803462706134338,2,0,False,42
ABC-SMC,6383.0,1.5092424154281616,12766.0,3.0184848308563232,33.90661929946163,23.921104731245084,1078.112598615185,27.28024001073637,7.63961433099923,9.82035529955402,9.101332020760722,9.582700588324327,2,0,False,42
ABC-SMC,7011.0,1.6752064228057861,14022.0,3.3504128456115723,32.384760677050096,23.925701834269475,1007.902268291228,27.280240010736254,7.62794463151913,9.816568187737568,8.792660103963804,9.378662214507855,2,0,False,42
ABC-SMC,7607.0,1.848281741142273,15214.0,3.696563482284546,31.24332823338284,23.93489147742643,925.9521166674117,27.2802400107373,7.569998858581826,9.806194147712324,8.490097263972583,9.181535115023463,2,0,False,42
ABC-SMC,8173.0,2.020700693130493,16346.0,4.041401386260986,30.143295996790783,23.941051921778424,876.6087197224099,27.28024001075798,7.549821557405423,9.810215758632483,8.222159771180081,8.99910596811457,2,0,False,42
ABC-SMC,8710.0,2.18988037109375,17420.0,4.3797607421875,29.10197516762059,23.94419394888054,825.1190970265438,27.28024001075805,7.578826778000752,9.8100233504731,7.945368153995003,8.829995864570455,2,0,False,42
ABC-SMC,9220.0,2.367241621017456,18440.0,4.734483242034912,28.301009802217592,23.941312149231557,775.986964930913,27.280240010757357,7.446979967037191,9.806254960242136,7.7026568821496255,8.665546113267794,2,0,False,42
ABC-SMC,14662.840746054519,3.5365556541782195,20440.0,4.9299585819244385,27.495630397812892,23.92574597304425,722.7708727077581,27.280240010695966,7.211424906486501,9.775752938843363,7.35657895108376,8.449645529994957,2,0,False,42
ABC-SMC,13774.352651048088,3.2550949056698273,22342.0,5.27976393699646,26.4727687721373,23.930428523652097,688.0802348582713,27.280240010696062,7.227237079325011,9.779998108646131,7.134699926531232,8.30547322063797,2,0,False,42
ABC-SMC,13878.16091954023,3.231481574047571,24148.0,5.622777938842773,25.627285064203107,23.925415680738972,647.975175031482,27.280240010695252,7.2182783291444625,9.773649804135212,6.909599533377769,8.167284977085473,2,0,False,42
ABC-SMC,14272.626931567329,3.2992293239955606,25862.0,5.978203535079956,25.11903165054231,23.92743254563104,617.8449844353522,27.28024001069468,7.261322583380003,9.779947394646475,6.667000455220205,8.033149190311647,2,0,False,42
ABC-SMC,14907.809110629067,3.4271150245583755,27490.0,6.3196001052856445,24.305033061313633,23.925496061622745,579.6451396635345,27.280240010695245,7.196641740196906,9.77556012636682,6.44199616655767,7.909247804450953,2,0,False,42
ABC-SMC,15593.984962406015,3.578667737999741,29036.0,6.663479328155518,23.497824094173776,23.919082167042184,550.2291981265148,27.280240010694797,7.152061194490633,9.774036340571202,6.226031698003265,7.794994438855803,2,0,False,42
ABC-SMC,16260.127931769723,3.732953371523794,30504.0,7.003020524978638,22.80910763241174,23.91813212306814,525.8595904011195,27.280240010695067,7.117485931212073,9.777587159385364,6.026204251572166,7.677969972632071,2,0,False,42
ABC-SMC,16967.021276595744,3.9042405625607106,31898.0,7.339972257614136,22.129581483409158,23.926040173723212,498.57069910967255,27.280240010695906,7.11889706238099,9.781089070345468,5.827516838663214,7.565402738188785,2,0,False,42
ABC-SMC,17577.77777777778,4.060060763485217,33222.0,7.6735148429870605,21.458264852972928,23.933783877457245,474.29877379973595,27.2802400107168,7.113343000520871,9.784475343771133,5.643789203267405,7.464582327747105,2,0,False,42
ABC-SMC,18242.328042328045,4.070801205105252,34478.0,7.693814277648926,20.765915435833968,23.940329868247474,454.69024776653674,27.280240010737835,7.007422279213252,9.792099135520528,5.455776626130865,7.372465866608045,2,0,False,42
ABC-SMC,18853.065539112053,4.076679211590305,35670.0,7.713077068328857,20.08889521208463,23.94181635977993,431.4937188882674,27.280240010737433,7.017664076908475,9.789289588966126,5.275838528074058,7.276596501666449,2,0,False,42
ABC-SMC,19451.37420718816,4.084873779127512,36802.0,7.728581190109253,19.56246322659855,23.947205055805725,409.62901755525934,27.28024001073821,7.01143774390165,9.787791406785034,5.10950867553546,7.186337718330651,2,0,False,42
ABC-SMC,20019.027484143764,4.092637126591947,37876.0,7.743269443511963,19.046466573805404,23.945068088156084,385.1847021585344,27.280240010737508,6.9666850298741245,9.77791508281722,4.937220888029294,7.094520195069516,2,0,False,42
ABC-SMC,20558.13953488372,4.099324818141365,38896.0,7.755922555923462,18.506845414894645,23.93945120187584,361.7473132286764,27.280240010736794,6.938286133148452,9.76539636464807,4.77611839586946,7.002130554722637,2,0,False,42
ABC-SMC,28558.659217877095,5.4265500446937605,40896.0,7.770819664001465,18.069686414908045,23.94980215975675,346.4470130914018,27.280240010698446,6.845670708668047,9.792548924765537,4.609977568042054,6.941903192167725,2,0,False,42
ABC-SMC,26000.0,4.728764549060696,42796.0,7.783546447753906,17.450618227119943,23.944534726803855,327.87042611273785,27.2802400107182,6.841876466940578,9.785663313207376,4.452351898570221,6.870679587591336,2,0,False,42
ABC-SMC,25255.945639864098,4.4139172725742295,44602.0,7.794977903366089,17.022129445530144,23.935743220439647,313.5454274760216,27.28024001071755,6.8808800807932835,9.781699281911319,4.313735042079898,6.802803528528821,2,0,False,42
ABC-SMC,25617.25663716814,4.317558180969373,46316.0,7.806145191192627,16.594622799640078,23.93978150630638,298.3369593420799,27.280240010717776,6.750981081434556,9.786311204455467,4.165812499088336,6.741866153596202,2,0,False,42
ABC-SMC,25971.83098591549,4.234637754322518,47944.0,7.81714129447937,16.134661349961306,23.94391169746223,286.09636259663046,27.280240010717975,6.618021818580816,9.790055374441817,4.0259168865265345,6.688175620177306,2,0,False,42
ABC-SMC,26353.56762513312,4.336047477234667,49492.0,8.143097162246704,15.614702359256729,23.950731657020512,272.9147602670961,27.280240010718153,6.526707389322992,9.78948614284298,3.898628112177995,6.635541718060135,2,0,False,42
ABC-SMC,26935.517970401692,4.489281212804686,50962.0,8.493720054626465,15.212027797761692,23.964375467714383,258.94538143717546,27.280240010719574,6.4661878665944075,9.787965156661004,3.7682278682727777,6.584083941598981,2,0,False,42
ABC-SMC,27614.97890295359,4.662379811081705,52358.0,8.839872121810913,14.764382222286539,23.963426001049072,247.16031420384277,27.28024001071918,6.314865653499218,9.785478725501507,3.6435340658679154,6.535227411666385,2,0,False,42
ABC-SMC,28314.345991561182,4.8512127329025585,53684.0,9.197899341583252,14.270114680666916,23.97577824089123,236.01562350833223,27.2802400107203,6.227696971488635,9.787749975880729,3.5263196303630444,6.4937759536553035,2,0,False,42
ABC-SMC,28977.848101265823,5.034540021469825,54942.0,9.545487880706787,13.869385775097797,23.966096997377377,227.76642490243384,27.28024001071951,6.155221903574196,9.788053311946936,3.4082928986998313,6.449918263220965,2,0,False,42
ABC-SMC,29607.59493670886,5.220635782314252,56136.0,9.898325443267822,13.576352670899475,23.960229756179174,219.14266438082493,27.28024001071871,6.005760353658218,9.785248768493885,3.2989647498912635,6.407734152256608,2,0,False,42
ABC-SMC,30173.867228661748,5.397810322969555,57270.0,10.245043992996216,13.235956455669276,23.95969459085595,210.08451070539797,27.280240010739064,5.851244617528451,9.787865875521884,3.1929381247677098,6.380195902101815,2,0,False,42
ABC-SMC,30740.779768177028,5.5800868537830475,58346.0,10.591004848480225,12.823440105935136,23.968422169187118,202.56567377038624,27.280240010760014,5.654477922041539,9.793986056066414,3.0862563711989837,6.34513828357458,2,0,False,42
ABC-SMC,31279.241306638567,5.755673469808757,59368.0,10.924268245697021,12.456932597325846,23.99654605131731,195.38032757126524,27.28024001082428,5.384843401896007,9.806825079628478,2.9787118820516305,6.320364063221469,2,0,False,42
ABC-SMC,43277.85613540198,7.7173062541084665,61368.0,10.943140268325806,12.1828582436136,23.945643386060233,182.7072465764297,27.28024001061917,4.888996312852966,9.807169356817527,2.829473380094277,6.269832371781487,2,0,False,42
ABC-SMC,38815.9509202454,6.723071461074923,63270.0,10.958606481552124,11.801711393252072,23.946629299586053,175.50463397213045,27.280240010639247,4.626047297669462,9.809166143927822,2.731137701816877,6.239791834824383,2,0,False,42
ABC-SMC,37144.97716894977,6.4358176433876775,65078.0,11.27555251121521,11.51546467300519,23.948307244443907,168.8797906109266,27.28024001065954,4.356390993958444,9.809244397389621,2.637940024536885,6.21283502149658,2,0,False,42
ABC-SMC,36740.37403740374,6.39568998737566,66794.0,11.62736439704895,11.343048448296605,23.93842643846974,160.92764033056642,27.28024001065822,4.077663556159361,9.80055777171594,2.5426555657715335,6.178310156235118,2,0,False,42
ABC-SMC,36629.55032119914,6.413666926308414,68424.0,11.980729818344116,11.1270951135768,23.942233150405315,153.09617172328802,27.28024001067832,3.807237172755096,9.7955546041168,2.4483990482829423,6.150844368634514,2,0,False,42
ABC-SMC,37102.863202545064,6.533022270728523,69976.0,12.321280002593994,10.80136408307857,23.93612824304208,146.9456047970814,27.280240010677513,3.5670250702846813,9.794082414495762,2.3605345877415305,6.125609082139556,2,0,False,42
ABC-SMC,37605.26315789474,6.667386356152987,71450.0,12.668034076690674,10.586985747726946,23.938365311000396,139.60753511064033,27.28024001069821,3.3165161067807305,9.788400782047793,2.2682977512419766,6.1015664962559395,2,0,False,42
ABC-SMC,38221.40608604407,6.825226926853625,72850.0,13.008882522583008,10.28685383072498,23.943347689195498,134.4854683208984,27.28024001069856,3.0929557910490884,9.793736035297966,2.1787361543830057,6.08197038318439,2,0,False,42
ABC-SMC,38878.40670859539,6.994254559091052,74180.0,13.345037698745728,9.937690487340069,23.944180645976672,129.40277259511936,27.280240010698268,2.8826702940984212,9.793913162576905,2.0962626979531276,6.060227700958699,2,0,False,42
ABC-SMC,39457.1129707113,7.151934392282654,75442.0,13.674498558044434,9.652945995827427,23.94617214017994,124.02826439639941,27.28024001069847,2.6871131029760096,9.790896148902185,2.0110080140076416,6.037484484484378,2,0,False,42
ABC-SMC,40083.6820083682,7.328398432192942,76640.0,14.011897802352905,9.393060645739027,23.94101621924182,119.71053519988305,27.280240010698,2.502255591407515,9.78937968771197,1.9332482257377546,6.020481103845211,2,0,False,42
ABC-SMC,40678.870292887026,7.504496739000456,77778.0,14.348597764968872,9.12084313876553,23.939741182119427,115.36975264764679,27.28024001069749,2.3333432502055027,9.789507599707443,1.854591350177457,6.00534832256005,2,0,False,42
ABC-SMC,41243.723849372385,7.683039459723309,78858.0,14.689971446990967,8.892967673643344,23.935222459061066,111.9511582200002,27.28024001069687,2.152043147227265,9.794802153169464,1.7707439017206654,5.990997003113893,2,0,False,42
ABC-SMC,41780.33472803347,7.868665406893486,79884.0,15.044888257980347,8.645557800394986,23.939613029737423,108.09974703521115,27.280240010696858,1.9995143475676111,9.799604360495893,1.694641251415737,5.976934356100692,2,0,False,42
ABC-SMC,58238.97581792319,10.717714663759235,81884.0,15.069106817245483,8.451940453823596,23.934640948051282,103.2984309798874,27.280240010677293,1.8323567942909684,9.79135143091139,1.6247641787682856,5.95412324752693,2,0,False,42
ABC-SMC,51150.183150183155,9.212791701376219,83784.0,15.090552806854248,8.211297547510515,23.940520905674667,99.75467903451148,27.280240010677115,1.7031013200808651,9.795111130258858,1.5602483457147924,5.9453295122927265,2,0,False,42
ABC-SMC,48740.31890660592,8.60394540843225,85588.0,15.108528137207031,7.984497018401292,23.938686026178686,97.09331157329393,27.28024001067721,1.5798308440924256,9.800999592625125,1.4999568679419235,5.938113261594563,2,0,False,42
ABC-SMC,48072.6872246696,8.328528131157292,87300.0,15.12460708618164,7.7850172187957325,23.938139422054963,94.41553625253488,27.28024001071763,1.4685441811563709,9.800453212275668,1.4404075664491196,5.928676124497117,2,0,False,42
ABC-SMC,47707.08154506438,8.121713804073089,88926.0,15.138874530792236,7.591902831955689,23.94454832025773,91.34955228480004,27.280240010718224,1.3647718653280392,9.800640210769597,1.381977620752393,5.920148387844083,2,0,False,42
ABC-SMC,48173.588924387645,8.068050566318826,90470.0,15.151798963546753,7.3825923357771295,23.947894287502773,87.62847479726219,27.28024001071838,1.2611917612423984,9.794147396438502,1.3254536316073025,5.908789370888617,2,0,False,42
ABC-SMC,48694.91525423729,8.031550479137291,91936.0,15.163567304611206,7.216783357655645,23.947338206918225,85.02687683418579,27.28024001071819,1.1658390360138706,9.79639523861929,1.2716359935668629,5.90148415396825,2,0,False,42
ABC-SMC,49379.89417989418,8.028666178385416,93328.0,15.174179077148438,6.888204657795212,23.946531849818854,81.96230414673785,27.280240010717712,1.0824787653595251,9.79000485812104,1.2170011939902454,5.890340258966636,2,0,False,42
ABC-SMC,49973.60084477297,8.017186630112066,94650.0,15.184551477432251,6.703784058130328,23.942112187387814,80.22298482767027,27.280240010716966,1.0053792792800005,9.791960981273279,1.1673329129426402,5.884253665464945,2,0,False,42
ABC-SMC,50636.74762407603,8.022605554606871,95906.0,15.194814920425415,6.551252972573337,23.943472602377447,77.65663835021778,27.280240010758153,0.9302300218739588,9.785393662927358,1.1139426773011691,5.873057027863798,2,0,False,42
ABC-SMC,51266.103484688494,8.027993764142174,97098.0,15.205020189285278,6.4268511976178395,23.951878713446792,75.48982138379391,27.28024001075867,0.8617459183642876,9.78756324392159,1.0664772974553545,5.867529506322295,2,0,False,42
ABC-SMC,51863.78035902851,8.03335667160018,98230.0,15.215177536010742,6.321418718158166,23.965489730849352,73.50150192597988,27.280240010779977,0.791268796899673,9.790079900001254,1.0161530618806034,5.861091599598289,2,0,False,42
ABC-SMC,52430.83421330518,8.038722977844689,99304.0,15.225341320037842,6.135323241140844,23.960664230715267,71.86705142712906,27.280240010779284,0.7309697955468981,9.787760613950185,0.9687765567594419,5.854868519614691,2,0,False,42
ABC-SMC,52913.50210970465,8.035473934205775,100324.0,15.23525857925415,6.01041235928514,23.95506232416166,69.96082674502418,27.280240010778826,0.6671053108488534,9.787018555728107,0.9153048116126362,5.8487467401345805,2,0,False,42
ABC-SMC,73088.57142857142,10.891219888414655,102324.0,15.247707843780518,5.858930097809461,23.94843064049509,68.35801702827528,27.28024001069802,0.5542399568893166,9.803619825358025,0.835475917190641,5.853084993394791,2,0,False,42
ABC-SMC,64817.16417910448,9.489504852105135,104226.0,15.259123802185059,5.727311989675463,23.940534390901924,66.86972780630947,27.28024001069708,0.49744853998683314,9.800030883314717,0.7865769607832624,5.845446115185709,2,0,False,42
ABC-SMC,61934.57943925234,8.919515063829511,106032.0,15.270209789276123,5.610723388976907,23.93908476671983,65.43494803271346,27.280240010717037,0.4523026488096584,9.800167168378524,0.746592649716815,5.841281718669135,2,0,False,42
ABC-SMC,60059.08584169454,8.517934460039257,107746.0,15.281174421310425,5.4888224262682925,23.93120420745749,63.641713944796834,27.280240010716188,0.40357769258203946,9.79364925177114,0.6977367789963734,5.833684423435593,2,0,False,42
ABC-SMC,59442.39130434783,8.31086700377257,109374.0,15.291995286941528,5.387257118403029,23.92999557843614,61.70376531671339,27.280240010715726,0.3573902150514512,9.785698324108289,0.6504520345692841,5.8258301320172245,2,0,False,42
ABC-SMC,59188.9007470651,8.165770050301242,110920.0,15.302653074264526,5.230255773339475,23.941998869845758,60.45906904253765,27.280240010717232,0.31856902386768887,9.79366452062618,0.6093326754202666,5.829015956439446,2,0,False,42
ABC-SMC,59590.66808059385,8.11939110558713,112388.0,15.313171625137329,5.096568289294463,23.948100463453372,58.871755989017814,27.28024001073805,0.2836814812440427,9.793849643825373,0.5674151501417575,5.826357332473318,2,0,False,42
ABC-SMC,60138.4778012685,8.09925756797226,113782.0,15.323795318603516,4.984189654814092,23.948939929717746,57.29692223198673,27.28024001075843,0.24847734737296712,9.7880304859258,0.5257487968899759,5.820556672952979,2,0,False,42
ABC-SMC,60838.266384778006,8.104719016819121,115106.0,15.334128379821777,4.841927006460492,23.96728702697365,56.30619458814831,27.280240010759645,0.2203907711620281,9.802387446845765,0.4904873053325577,5.826760555611406,2,0,False,42
ABC-SMC,61437.17001055966,8.101563519132426,116362.0,15.344361305236816,4.72145325966556,23.97183350747062,55.48993335798749,27.280240010759762,0.19685983595572637,9.814811279998853,0.4526216913398803,5.8313341551292925,2,0,False,42
ABC-SMC,62001.054852320674,8.09837167273091,117554.0,15.354512691497803,4.58986506292661,23.978975131005903,54.52677345006741,27.28024001076018,0.17423528076736317,9.82534795059954,0.41667640940700873,5.836631395361579,2,0,False,42
ABC-SMC,62598.101265822785,8.103682144784727,118686.0,15.36458134651184,4.459329910825934,23.97301296584726,53.84268102478776,27.280240010759414,0.1502663154814327,9.828822052592827,0.3806009243947476,5.836118308241983,2,0,False,42
ABC-SMC,63097.99789251844,8.10038427909634,119760.0,15.374529361724854,4.35850292642376,23.976420095944114,53.03694386172668,27.280240010780357,0.13771547648131463,9.832599792514026,0.35211991352186217,5.8369116783973825,2,0,False,42
ABC-SMC,63568.42105263158,8.09709247789885,120780.0,15.384475708007812,4.26154541537436,23.964104400280455,52.0365061686994,27.2802400107793,0.1226715824245575,9.826074987545462,0.32314755323343913,5.831976404766753,2,0,False,42
ABC-SMC,89751.46198830409,11.25504259477582,122780.0,15.39689826965332,4.138326878913631,23.972808297633822,51.55408131649728,27.280240010742325,0.11024948184117285,9.829507574807192,0.30368818365032735,5.83233438831273,2,0,False,42
ABC-SMC,78513.85390428212,9.702963552787262,124680.0,15.408306121826172,4.02190078740615,23.981370274529333,50.697144467358896,27.280240010783285,0.09986414601417351,9.829974014018289,0.2802586559012709,5.831594185348266,2,0,False,42
ABC-SMC,73366.58932714617,8.943938600491482,126484.0,15.419350147247314,3.9495130187522434,23.985414532261245,49.84816747970589,27.280240010783356,0.08912166342848732,9.832779794501718,0.25468868177781684,5.832170223346516,2,0,False,42
ABC-SMC,70514.85148514851,8.48747991492646,128196.0,15.430238485336304,3.8685025393723285,23.991970986787017,49.095998209514306,27.280240010783398,0.07654318057033636,9.836299887228506,0.22675227521333938,5.833777797673126,2,0,False,42
ABC-SMC,69947.19827586206,8.319545922608212,129822.0,15.44107723236084,3.799288809065047,23.995637556871095,48.45325396990742,27.28024001078337,0.06468306387572739,9.836944804074921,0.2051998955597668,5.833770935455561,2,0,False,42
ABC-SMC,69875.53191489361,8.21902041739606,131366.0,15.45175838470459,3.7256016487952164,24.01068189957263,47.75741125905674,27.2802400107842,0.05413432125974907,9.845176087238084,0.18034884868806011,5.838344944707455,2,0,False,42
ABC-SMC,70133.05174234425,8.163834197216579,132832.0,15.462301969528198,3.641039297985533,24.026538208992235,46.978049263072464,27.280240010826173,0.049215731819950356,9.851376963788235,0.16002968618801416,5.842797362652137,2,0,False,42
ABC-SMC,70718.6512118019,8.152117593522068,134224.0,15.472719192504883,3.5656802100755365,24.037776891147516,46.12250376799565,27.280240010847653,0.04360572039390614,9.855925400900336,0.1375805013129504,5.845409748820552,2,0,False,42
ABC-SMC,71040.88050314465,8.11482975317997,135546.0,15.483095169067383,3.442859248495643,24.039740226817436,45.6859006061626,27.280240010847756,0.03842718569940363,9.857068254646634,0.12185514353802311,5.8457808186472136,2,0,False,42
ABC-SMC,71699.16142557652,8.120209540960923,136802.0,15.493359804153442,3.3616297437000746,24.047942084148303,44.971911510936266,27.28024001084822,0.03765206483443072,9.859244680166205,0.11439723680815408,5.8468266537007505,2,0,False,42
ABC-SMC,72323.89937106919,8.125561713172704,137994.0,15.50357174873352,3.2812834864036162,24.044438020941104,44.489167189969805,27.280240010847546,0.03698896142088719,9.856248902348273,0.11079430847341357,5.844369213408041,2,0,False,42
ABC-SMC,72840.83769633507,8.122345539911878,139126.0,15.51367998123169,3.2096641327521183,24.05669213753287,44.17148219095843,27.280240010848747,0.03533221716319236,9.868142356653232,0.11044521541564825,5.8517972550839135,2,0,False,42
ABC-SMC,73403.14136125654,8.127745283835846,140200.0,15.523993492126465,3.1726977329857764,24.095240516786166,43.61897324537571,27.28024001091336,0.03970862913346891,9.88092423108064,0.1164743327120843,5.860523947591781,2,0,False,42
ABC-SMC,73937.1727748691,8.132947926745988,141220.0,15.533930540084839,3.099833378189479,24.101486671096367,43.17918834094142,27.280240010913687,0.043164103153121414,9.891416137517892,0.12617706262959835,5.86712800002126,2,0,False,42
ABC-SMC,103482.65895953757,11.23304570341386,143220.0,15.54653525352478,3.02902160589191,24.075355889719823,42.79082078519284,27.280240010852044,0.039572100979130054,9.885581124182282,0.13277935391241386,5.862840638222158,2,0,False,42
ABC-SMC,90136.64596273292,9.663180534884056,145120.0,15.55772066116333,2.960218362253712,24.080238955506644,42.3255425814819,27.280240010851813,0.042741176793259054,9.888976422033984,0.1446239599440342,5.8646347114607495,2,0,False,42
ABC-SMC,84829.09930715935,8.988934356125617,146924.0,15.56883430480957,2.890761948740322,24.077038986642425,42.068154112171094,27.280240010851273,0.046915268132826496,9.896847702555164,0.15860140817403146,5.869781545733571,2,0,False,42
ABC-SMC,82483.90677025527,8.645803893975227,148636.0,15.57973861694336,2.832067058815935,24.095586409780616,41.799951870697114,27.280240010894435,0.05395766779608842,9.911752856860957,0.1716851270364962,5.8797171550310905,2,0,False,42
ABC-SMC,82290.25191675794,8.538063619640806,150262.0,15.590504169464111,2.7756961383345136,24.10674084897087,41.328319986321176,27.28024001093595,0.05762423998524098,9.914123217400798,0.1882544540638726,5.881413286494429,2,0,False,42
ABC-SMC,81703.98277717976,8.396787715291824,151806.0,15.601231575012207,2.7221266051827313,24.12173602269992,40.99880165156176,27.280240010958202,0.060186899178512776,9.920689808711542,0.20205078790953174,5.885564590443783,2,0,False,42
ABC-SMC,82227.4678111588,8.375476869902386,153272.0,15.611888885498047,2.6673112034583677,24.117907461102305,40.64438533647779,27.28024001095773,0.06921563009246329,9.919281980329876,0.21910525895172422,5.884961207586587,2,0,False,42
ABC-SMC,82531.4834578442,8.336421265291685,154664.0,15.622453451156616,2.6113653405686037,24.12177745411597,40.304477746927866,27.28024001095853,0.07888744826884686,9.915656759932778,0.23207174310217027,5.883383977729056,2,0,False,42
ABC-SMC,83059.63791267306,8.324210763104555,155986.0,15.632867813110352,2.561690062546768,24.115781550442364,40.03760961094245,27.280240010958057,0.08736363397870375,9.918738052806638,0.24572062044016268,5.885295026716133,2,0,False,42
ABC-SMC,83728.43450479233,8.329684234147889,157242.0,15.643146991729736,2.506187083674495,24.131505247155374,39.7830775601874,27.280240010980034,0.0939238757518929,9.928542104140286,0.25875117836620154,5.891451208955534,2,0,False,42
ABC-SMC,84363.15228966986,8.335124951201125,158434.0,15.653364658355713,2.4608041970901757,24.1557121683997,39.54908156951923,27.280240011022798,0.10043131195858843,9.944459399180179,0.2704638110762186,5.9018482383930655,2,0,False,42
ABC-SMC,84875.53191489361,8.331654173262574,159566.0,15.663509845733643,2.4106632892373616,24.166421825200977,39.28849064423994,27.280240011023132,0.1058532546695129,9.950439295382404,0.28316126577894113,5.905510885558828,2,0,False,42
ABC-SMC,85446.8085106383,8.33694262707487,160640.0,15.673452138900757,2.3644573625355223,24.16732834316651,38.9938155947699,27.280240011023302,0.11718427738051518,9.956603531952014,0.3027285278080869,5.909278648688652,2,0,False,42
ABC-SMC,85989.36170212766,8.342225120422688,161660.0,15.683383226394653,2.3159904756442873,24.178204337922885,38.751144873159674,27.280240011024098,0.12461301875633726,9.96571012652846,0.31603963085778675,5.9151424329073405,2,0,False,42
ABC-SMC,117403.15638450503,11.259460893901895,163660.0,15.695688486099243,2.2795718901786897,24.11146741137159,38.48576004137078,27.28024001093835,0.14014628267497745,9.943033879210923,0.3391823494787095,5.900690042490484,2,0,False,42
ABC-SMC,104388.39848675915,9.903602010815922,165560.0,15.707112789154053,2.2183951791355843,24.106877679886388,38.347546881440266,27.28024001093778,0.14707171575351707,9.945656719151595,0.34843027900405243,5.902554276387808,2,0,False,42
ABC-SMC,97760.5140186916,9.181161210915752,167366.0,15.718147993087769,2.171024062482049,24.107350393415857,38.143543487714,27.28024001093735,0.155532422664018,9.947326917897465,0.3601385768382058,5.903606021904682,2,0,False,42
ABC-SMC,94882.15488215488,8.826636973722481,169080.0,15.729067087173462,2.1365138007753326,24.103731980370576,38.0021725200977,27.280240010936783,0.16469717703132924,9.947210477827735,0.3700424118392298,5.903809483048077,2,0,False,42
ABC-SMC,93795.6043956044,8.64828877396636,170708.0,15.739885568618774,2.0875209380121516,24.112009914574323,37.839873296223686,27.280240010957908,0.17024977059152813,9.953942452972028,0.37801459674556404,5.908479103772065,2,0,False,42
ABC-SMC,93312.02600216685,8.532269804345955,172254.0,15.750570058822632,2.0547208570286775,24.1147551828003,37.695612850789644,27.280240010958217,0.17725503401365705,9.953420332725289,0.38603401775896995,5.908104795246889,2,0,False,42
ABC-SMC,93499.4617868676,8.482874017228864,173722.0,15.76117992401123,2.0194871640159016,24.118745470534524,37.46045102636351,27.280240010958888,0.19217015195209758,9.952436528113918,0.4007355028115256,5.907994478647933,2,0,False,42
ABC-SMC,93946.35193133047,8.461185535136211,175116.0,15.771649837493896,1.9846890014152239,24.12439494984192,37.275775125584246,27.28024001095942,0.20525984961327975,9.957780769188298,0.41464495016305464,5.911602497285362,2,0,False,42
ABC-SMC,93951.01171459,8.403628144147424,176440.0,15.782013654708862,1.948336770988804,24.119732421959142,37.08235645188123,27.280240010958828,0.21671847841700093,9.961951813651554,0.428313518185128,5.914501064250356,2,0,False,42
ABC-SMC,94519.14893617021,8.400180618813696,177696.0,15.792339563369751,1.908739095438257,24.127244999119718,36.9778103002745,27.280240010959343,0.2207083349208177,9.96840250614611,0.4348529399760508,5.918442104822649,2,0,False,42
ABC-SMC,95153.1914893617,8.405591452375372,178888.0,15.802511930465698,1.8705740192921283,24.133642918361456,36.82443797242303,27.280240010980133,0.2329223097232252,9.972343652202754,0.4460131576567794,5.921387380421757,2,0,False,42
ABC-SMC,95450.68928950159,8.384188943298598,180020.0,15.812580347061157,1.8364639332251755,24.139641090507226,36.67465201039782,27.280240010980368,0.24189783036892837,9.970308950831,0.457544608972578,5.920623763767319,2,0,False,42
ABC-SMC,95816.93121693122,8.37177385098089,181094.0,15.822652578353882,1.7965261480326082,24.152000043011164,36.49429360723453,27.28024001098087,0.2510434195369138,9.977493542590942,0.46718545750432094,5.925872767167941,2,0,False,42
ABC-SMC,96254.75687103593,8.3681578111951,182114.0,15.832554578781128,1.7713451278195467,24.153330298045336,36.357058322815305,27.280240010981338,0.2622852755661636,9.975434635134581,0.4768199925870342,5.925333347815528,2,0,False,42
ABC-SMC,139269.28895612707,11.985688094111687,184114.0,15.84507966041565,1.7471175203968703,24.1265617881894,36.29401146437915,27.28024001098129,0.27329277825642534,10.003627397118352,0.4860691194622153,5.9433815936126235,2,0,False,42
ABC-SMC,122700.52770448549,10.459340971189313,186014.0,15.856360912322998,1.7145604146748599,24.129823210951095,36.221434554513834,27.28024001098125,0.27691720889327454,10.002747951798591,0.48948210091616795,5.943031258074372,2,0,False,42
ABC-SMC,113692.49394673124,9.604947618941706,187820.0,15.8673734664917,1.6854964010425106,24.137779948248834,36.099722822319876,27.280240011002487,0.2876931284399542,10.013743951805058,0.49855390928229987,5.950130036578406,2,0,False,42
ABC-SMC,109938.5150812065,9.210178304437695,189534.0,15.878347396850586,1.6643438057445532,24.139172008381813,35.99769589111422,27.28024001100235,0.2983356560168482,10.016034829022145,0.5073011078685423,5.951787755087648,2,0,False,42
ABC-SMC,107515.18560179978,8.936549064413098,191162.0,15.88918423652649,1.6361469688744135,24.150474803954808,35.85435522923365,27.280240011003773,0.31386789291403966,10.023246022020958,0.5199998707694766,5.956538539615651,2,0,False,42
ABC-SMC,106350.99337748345,8.774742122254361,192708.0,15.899832725524902,1.5983261593597229,24.157601029426676,35.70372196809639,27.2802400110042,0.32586310533437984,10.022015812276509,0.5293105641446461,5.956685759346312,2,0,False,42
ABC-SMC,105530.43478260869,8.646952587625256,194176.0,15.910392761230469,1.5711541898487873,24.167775777768675,35.546845301563906,27.280240011005535,0.34776628800776443,10.027952580857841,0.540761356097853,5.9607901429480314,2,0,False,42
ABC-SMC,105829.00432900434,8.615225037455044,195572.0,15.920935869216919,1.5426854918684665,24.170921073249104,35.477621290713316,27.280240011005457,0.35630406492074196,10.033102008160176,0.5458996087694317,5.964200913714717,2,0,False,42
ABC-SMC,106087.28448275862,8.583693925676673,196898.0,15.931335926055908,1.522836018464847,24.17485457000103,35.342248209112824,27.280240011005986,0.37273302623326143,10.033866401368034,0.5548993376702414,5.9654342628945995,2,0,False,42
ABC-SMC,106535.48387096774,8.570766320792577,198156.0,15.941625356674194,1.4911867706483681,24.185698401515783,35.257193358027195,27.280240011047763,0.37999229876852847,10.042303517113359,0.55931493225066,5.971373759452837,2,0,False,42
ABC-SMC,106947.42489270387,8.557831908500246,199350.0,15.951798677444458,1.4644827882038618,24.190999264175844,35.1763789942044,27.280240011047766,0.38618895281602517,10.047339048954633,0.562989972223581,5.97465285611165,2,0,False,42
ABC-SMC,107555.79399141631,8.563265268383107,200484.0,15.961926460266113,1.4407870911286473,24.189521297469042,35.0960832590676,27.280240011047418,0.40009013797283494,10.049309435422982,0.5693657993891459,5.976345787051719,2,0,False,42
ABC-SMC,108017.1489817792,8.559452759107977,201560.0,15.971938848495483,1.4211223266917947,24.189086305250033,35.022546427575676,27.28024001104719,0.40752975197413566,10.053218273044658,0.575090567045895,5.978965692258255,2,0,False,42
ABC-SMC,108564.84458735262,8.56477424646114,202582.0,15.981868743896484,1.3983340424798754,24.205407918708424,34.95746669624651,27.280240011068663,0.41428188701047497,10.057872775751333,0.5799492553333007,5.981885757709802,2,0,False,42
ABC-SMC,166326.82926829267,13.003438468871078,204582.0,15.994229316711426,1.375804426454004,24.17305397735645,34.88348623773916,27.280240010964167,0.42406846765340594,10.072386698916242,0.5879893595383057,5.9900979539955035,2,0,False,42
ABC-SMC,147911.17478510027,11.465396614675877,206484.0,16.005693674087524,1.3529226350318808,24.16657971569061,34.83398812668803,27.28024001096336,0.43291284290478227,10.069949178728805,0.5937235176281491,5.98888704327859,2,0,False,42
ABC-SMC,138490.6914893617,10.64946581708624,208290.0,16.016796588897705,1.3325448930855388,24.170363065962327,34.786670221563995,27.280240010983608,0.43745798629353444,10.073121593062098,0.5965651869406001,5.991238180285492,2,0,False,42
ABC-SMC,131747.8042659975,10.055041821717916,210006.0,16.02773666381836,1.313688363520463,24.167272938263263,34.751304260477895,27.280240011003713,0.4444653627395041,10.07420564505422,0.6011290749983264,5.991961806269139,2,0,False,42
ABC-SMC,128265.45454545453,9.903106400460908,211638.0,16.340125560760498,1.2972081489575478,24.186244940483174,34.68014337339228,27.28024001102514,0.4469753094566047,10.081280364032558,0.6033924509668058,5.996689335364295,2,0,False,42
ABC-SMC,124235.43123543124,9.724899466499025,213188.0,16.68792748451233,1.2760054267253504,24.183915259757327,34.6459441115629,27.28024001102475,0.4543441373478794,10.081476630602404,0.6074163621765666,5.99693768962057,2,0,False,42
ABC-SMC,123367.81609195402,9.786129819935766,214660.0,17.027865886688232,1.2560970125819053,24.17545125345745,34.63804346170059,27.280240011024258,0.45960293549631787,10.081807795082465,0.610139428089556,5.997271944846854,2,0,False,42
ABC-SMC,123041.00227790432,9.708408342678618,216060.0,17.047965049743652,1.2357651849535605,24.17503965068005,34.598758361771075,27.280240011024134,0.46732253263979007,10.084977507976596,0.6144543489097853,5.999166356893418,2,0,False,42
ABC-SMC,123376.84449489217,9.68651481979145,217390.0,17.067639112472534,1.220501207486386,24.17181997791075,34.58316439076909,27.2802400110238,0.47263893158346443,10.084404603714797,0.6167940830280454,5.998788240042605,2,0,False,42
ABC-SMC,122838.202247191,9.598019015922976,218652.0,17.084473848342896,1.2035304934849664,24.173103816383804,34.543396886282856,27.280240011023736,0.4810213410363718,10.087658501929027,0.6214267887967408,6.001018117323842,2,0,False,42
ABC-SMC,122821.22905027933,9.551927097682846,219850.0,17.097949504852295,1.1833217025010585,24.180609447202748,34.51068421640876,27.28024001102447,0.48390358858455473,10.087635848804169,0.6237675381696067,6.001453223286621,2,0,False,42
ABC-SMC,123319.19642857143,9.548532377396311,220988.0,17.11097002029419,1.1625539896222434,24.177516791664537,34.50401639022478,27.280240011024002,0.48701994109912616,10.087192006206687,0.6261561291643652,6.001199106925553,2,0,False,42
ABC-SMC,123234.18423973361,9.502512501029672,222068.0,17.12352752685547,1.151116231897149,24.183808721242862,34.457272894694015,27.280240011024212,0.4968281068835789,10.085425874945265,0.6303923557890906,6.000387628295854,2,0,False,42
ABC-SMC,123392.69911504425,9.477294651807936,223094.0,17.13494873046875,1.1390485823579637,24.19034552304592,34.417198827914675,27.280240011024308,0.5021256630499862,10.087589836255386,0.6346531848296403,6.001588508158703,2,0,False,42
ABC-SMC,197450.87719298247,15.042094598736679,225094.0,17.147987842559814,1.126995188121734,24.17481692398768,34.40732672669151,27.28024001100329,0.5006110943024906,10.095179421268298,0.6339337229275468,6.005549840378616,2,0,False,42
ABC-SMC,177062.40249609985,13.384685873427369,226994.0,17.159167289733887,1.1176131797871187,24.202204335251327,34.25754249153274,27.28024001102568,0.5196333106935367,10.114979530835834,0.6432673916611281,6.018725093464442,2,0,False,42
ABC-SMC,168980.7976366322,12.681172376545353,228800.0,17.170307397842407,1.1079532342607756,24.213595865449484,34.22215949758256,27.280240011026358,0.5251313745812354,10.115206698331606,0.646063965780387,6.018860218676673,2,0,False,42
ABC-SMC,162106.8917018284,12.082423338910194,230516.0,17.181205987930298,1.0948090116391216,24.223414755352138,34.16115659206136,27.280240011027246,0.5399632370092626,10.116981453048336,0.6516986321261249,6.0204854269990875,2,0,False,42
ABC-SMC,156432.61455525606,11.584926968957536,232146.0,17.192031621932983,1.086282106666592,24.2108721774718,34.13001848474704,27.28024001102646,0.5477801852175169,10.119076155287036,0.6559786637064857,6.02192515069615,2,0,False,42
ABC-SMC,152342.89439374185,11.214289857946444,233694.0,17.202720642089844,1.07233377674551,24.227029273397797,34.089030218799856,27.28024001104836,0.5498582184712345,10.132472560036005,0.6568861865207765,6.030782838417933,2,0,False,42
ABC-SMC,149217.00507614212,10.922112440699852,235166.0,17.21324920654297,1.061791858160891,24.24256710167191,34.00489880822509,27.28024001104913,0.5699478650622043,10.143493780877808,0.665317393920464,6.037842402823771,2,0,False,42
ABC-SMC,146207.66378244746,10.813980963085726,236564.0,17.497021198272705,1.0526620183406132,24.241975795301062,34.01665615003911,27.280240011048928,0.5702344929191308,10.144353066224413,0.6656944728586113,6.038341813805656,2,0,False,42
ABC-SMC,145588.73929008568,10.913569311471143,237892.0,17.832772254943848,1.042703989698328,24.2386219032989,33.95388259409992,27.28024001104864,0.5897461100859651,10.148545185536326,0.6741279768720305,6.041470309441043,2,0,False,42
ABC-SMC,145117.71844660194,10.830308627156377,239154.0,17.84834861755371,1.0316620060309631,24.236828381406163,33.91729444525431,27.280240011048914,0.5980565322724583,10.14967592436263,0.6786825205379919,6.0424310543591115,2,0,False,42
ABC-SMC,143923.35329341318,10.695758265649486,240352.0,17.861916303634644,1.0185998648620378,24.22936790792871,33.897574929919706,27.28024001104866,0.6066397036442992,10.14755048499038,0.6823407999065687,6.041122594102666,2,0,False,42
ABC-SMC,143915.37544696068,10.652257944318478,241490.0,17.874488830566406,1.0054801984978443,24.23321814989267,33.88888923411517,27.28024001104909,0.60561734814024,10.14629654429393,0.6810670037228372,6.040363032132076,2,0,False,42
ABC-SMC,144043.94299287413,10.621069587607849,242570.0,17.885881185531616,0.9919221171022689,24.247768921780345,33.87511106496324,27.280240011070546,0.6037559546776525,10.148342294306232,0.6799589924435316,6.041700828262537,2,0,False,42
ABC-SMC,143969.2671394799,10.576965256503852,243596.0,17.896225214004517,0.9838846882327666,24.268560843312134,33.81866891420482,27.280240011092758,0.6117863787464681,10.162068601693303,0.6831955227124229,6.050511002147336,2,0,False,42
ABC-SMC,230823.3082706767,16.831719337549423,245596.0,17.908949375152588,0.9763877495465855,24.303651383496174,33.68887623524967,27.28024001113763,0.6259493580602423,10.161752654398555,0.6890837099787017,6.051191626059778,2,0,False,42
ABC-SMC,216342.65734265733,15.66443243226805,247496.0,17.92011070251465,0.9672003057182752,24.299096549050336,33.65124544065397,27.28024001113722,0.6295339418880941,10.160327313032441,0.691097080009569,6.050598286594699,2,0,False,42
ABC-SMC,204009.81996726675,14.673564320890486,249300.0,17.931095600128174,0.9599289599129323,24.304714672083563,33.624135423422175,27.28024001113725,0.6386352173384198,10.162387594694458,0.6954982378026482,6.052102670636145,2,0,False,42
ABC-SMC,197026.68759811617,14.083481284101119,251012.0,17.942355155944824,0.9506223748683736,24.315634729487734,33.60808575177272,27.280240011137806,0.6417722767541962,10.16449062584864,0.6959725369827457,6.053652876307945,2,0,False,42
ABC-SMC,192266.36225266362,13.662954262221058,252638.0,17.95312190055847,0.9427583683996391,24.316058957290984,33.58947465389524,27.28024001113757,0.6430845675491762,10.16071171152399,0.6978444668667265,6.05151847853113,2,0,False,42
ABC-SMC,186898.5294117647,13.208666268516989,254182.0,17.963786125183105,0.9355612452917454,24.320399640115344,33.58236827871318,27.280240011137522,0.6432765195696016,10.157531341554412,0.6975815913943931,6.049782927447308,2,0,False,42
ABC-SMC,183655.1724137931,12.912611680469293,255648.0,17.974355459213257,0.9271790224352017,24.344418039369113,33.553554807513855,27.28024001116048,0.6450569225516045,10.169757683453476,0.6979175438811824,6.057305628056864,2,0,False,42
ABC-SMC,180002.80112044816,12.594396493682005,257044.0,17.984798192977905,0.9205274182829419,24.35534177054528,33.50426785513167,27.280240011161016,0.6503095122032225,10.168730923120002,0.7015911322281716,6.057036232085826,2,0,False,42
ABC-SMC,178188.96551724136,12.41047135714827,258374.0,17.99518346786499,0.9146441828853866,24.34984130261555,33.487253309015,27.280240011160657,0.6674806461523501,10.171647515092525,0.7057887671824812,6.0591553651357435,2,0,False,42
ABC-SMC,177589.60328317375,12.315621128160553,259636.0,18.005438089370728,0.9086666378070388,24.357646558078777,33.44974807007882,27.280240011161084,0.6726366988559929,10.17743534157255,0.709151464910091,6.06289566867484,2,0,False,42
ABC-SMC,177681.19891008176,12.473597838378408,260836.0,18.311241626739502,0.9021788858661622,24.352824069739025,33.43787658836607,27.280240011160956,0.6750720741569571,10.17517229823296,0.7103933941119973,6.061629207692435,2,0,False,42
ABC-SMC,176296.09690444145,12.554864382840101,261976.0,18.65652847290039,0.8941271351292741,24.3657149871182,33.426356467929665,27.280240011182563,0.6807100058111162,10.182137093459236,0.7113150008827112,6.066069868293464,2,0,False,42
ABC-SMC,174441.6445623342,12.590221448033178,263058.0,18.986053943634033,0.8872712544349157,24.356701461131955,33.441800001579296,27.280240011181974,0.6779620342915201,10.180474063208935,0.7109946899811921,6.0650252654978045,2,0,False,42
ABC-SMC,174199.20844327178,12.75122967747711,264086.0,19.330864191055298,0.8779258149921427,24.35783415369357,33.45044063669807,27.28024001118221,0.6719954513055901,10.186083973306939,0.7082519293993542,6.068310474444931,2,0,False,42
ABC-SMC,294342.9203539823,21.410081766347968,266086.0,19.354713916778564,0.8714385738917618,24.380375721488846,33.46992418679701,27.28024001116345,0.6609946829433906,10.185567494684241,0.7039254461761134,6.0676555631809155,2,0,False,42
ABC-SMC,279734.86430062633,20.225040350179334,267986.0,19.3755886554718,0.865528311066859,24.370208593452706,33.4488360650174,27.280240011162764,0.6685862352304054,10.186764940525412,0.7086183833826101,6.068542363693255,2,0,False,42
ABC-SMC,268717.1314741036,19.31618124365332,269792.0,19.39344596862793,0.8594520248866703,24.388105243936426,33.40760420755035,27.28024001116345,0.6749431321084449,10.1900129891618,0.7101683499335787,6.070658062827686,2,0,False,42
ABC-SMC,256137.7358490566,18.310774272342897,271506.0,19.40942072868347,0.8545611773808018,24.40218662224728,33.39620520639057,27.280240011163766,0.677736317859626,10.191090565294102,0.7113145264157819,6.071499000578995,2,0,False,42
ABC-SMC,247854.80943738658,17.625874053761226,273136.0,19.423713207244873,0.8505791341864897,24.408476342884107,33.40705245348069,27.280240011164118,0.6704883372386166,10.19113347831419,0.708987765935525,6.071295935337147,2,0,False,42
ABC-SMC,242225.74955908288,17.139794124287064,274684.0,19.43652653694153,0.8450085943141192,24.391867021152727,33.420917877491156,27.2802400111632,0.6720034286701425,10.191635569668621,0.7094720309263672,6.07153552697817,2,0,False,42
ABC-SMC,240135.65217391303,16.911446529885996,276156.0,19.448163509368896,0.8366994978720129,24.38484765496061,33.40318290719344,27.280240011162633,0.679450830937798,10.190205734700054,0.7118223106633171,6.070926138794468,2,0,False,42
ABC-SMC,235215.2542372881,16.49045136015294,277554.0,19.45873260498047,0.8286723494293804,24.381352739551524,33.40872471232602,27.280240011162633,0.680481799648756,10.189606797822892,0.7129046148504028,6.070778533387845,2,0,False,42
ABC-SMC,231629.5681063123,16.170374776833874,278882.0,19.469131231307983,0.8218575089516078,24.38053966671211,33.39905936666106,27.28024001116282,0.6859519706492664,10.190135976418414,0.7150783304288795,6.070937697409923,2,0,False,42
ABC-SMC,230003.28407224957,15.992924301886598,280144.0,19.479381799697876,0.8156124994399756,24.396838362290758,33.38100533725567,27.280240011205365,0.689158528445717,10.188917950430774,0.7153815932042801,6.070205254503416,2,0,False,42
ABC-SMC,227255.25040387723,15.742742957514208,281342.0,19.489515781402588,0.8097712110962176,24.397263875313758,33.39367400576576,27.280240011205787,0.6895054764015269,10.190259974812646,0.7139474113097243,6.070903416572563,2,0,False,42
ABC-SMC,225263.15789473685,15.549898717962384,282480.0,19.49957299232483,0.8047677584809034,24.42216305907646,33.290079842266564,27.2802400112275,0.7005035960280237,10.18512026793663,0.7208334920027548,6.068535731617524,2,0,False,42
ABC-SMC,223981.04265402845,15.410377327676445,283560.0,19.50953769683838,0.7982056902169525,24.418374674663838,33.31541836472795,27.2802400112271,0.6988533495124318,10.185634067172884,0.7187851514256143,6.068747247208659,2,0,False,42
ABC-SMC,221295.4898911353,15.178427725891304,284586.0,19.519458055496216,0.7903935734087579,24.415866784546825,33.343288080367984,27.280240011226795,0.6983731641730011,10.182947445512143,0.7175370976768949,6.067203445334206,2,0,False,42
ABC-SMC,383136.36363636365,26.11199228521337,286586.0,19.5317702293396,0.7849945654564581,24.43544087160673,33.30344519722022,27.280240011228535,0.6982326019979563,10.193928490871887,0.7178529430780504,6.074375304106291,2,0,False,42
ABC-SMC,366098.9847715736,24.80088726518118,288486.0,19.54309916496277,0.7794947912052442,24.443301064066596,33.30817615565241,27.280240011229566,0.7003274810789724,10.190456171999335,0.7173530327195755,6.072523142348588,2,0,False,42
ABC-SMC,361957.6059850374,24.3816152772404,290290.0,19.5540554523468,0.7738569299268528,24.447336124826915,33.305512340137014,27.280240011229694,0.6968017118548289,10.18780948647302,0.716432296195217,6.070734773248737,2,0,False,42
ABC-SMC,356107.31707317074,24.220854480092118,292008.0,19.861100673675537,0.77096505019373,24.43446129170514,33.27745727342909,27.280240011228976,0.7180428648986111,10.189506145822248,0.7231943206148379,6.071952378056626,2,0,False,42
ABC-SMC,350408.1145584726,24.122066600225992,293642.0,20.21429181098938,0.7660003820087878,24.441129325909014,33.22041908060512,27.280240011229726,0.7334135694760604,10.187019584766865,0.7269104241241526,6.0705703667498145,2,0,False,42
ABC-SMC,344048.951048951,23.57879135158512,295194.0,20.230602979660034,0.7617453906535802,24.44887913498716,33.20185999524573,27.280240011229743,0.742253016997566,10.186863088045838,0.728304329733559,6.070286469977311,2,0,False,42
ABC-SMC,340220.18348623853,23.58931275682712,296672.0,20.569880723953247,0.7568254295817705,24.446553659999925,33.23090301009066,27.28024001122939,0.7330534291600023,10.183123529427728,0.7255547543648617,6.067732637057221,2,0,False,42
ABC-SMC,331939.8663697104,23.29842391152159,298082.0,20.921984672546387,0.7544370911254226,24.43982218696329,33.252560265554024,27.280240011228894,0.7303701416846111,10.182558222982788,0.7235848945281352,6.067077071718342,2,0,False,42
ABC-SMC,327595.18599562364,23.262288951247736,299422.0,21.26173210144043,0.7485809628518709,24.443809548749684,33.27630697385742,27.280240011250136,0.7278945255613283,10.17686195585099,0.7214690238381276,6.06379807047162,2,0,False,42
ABC-SMC,326841.3043478261,23.48496395608653,300694.0,21.60616683959961,0.7429372960357533,24.462265131662214,33.245853886191355,27.280240011251077,0.7370705788139273,10.174250625541157,0.7244006453973506,6.062700474292311,2,0,False,42
ABC-SMC,326045.3563714903,23.708041491827746,301918.0,21.953646421432495,0.7406316821178307,24.496679571239056,33.21741773624153,27.280240011274234,0.7274769409836421,10.186007922036108,0.7202568950204471,6.06992052429336,2,0,False,42
ABC-SMC,322427.65957446804,23.72724857736141,303082.0,22.303613662719727,0.7352657669385853,24.489750122185093,33.201317783432614,27.280240011273747,0.7321048825600298,10.185243349786996,0.7236827241975328,6.069277540827413,2,0,False,42
ABC-SMC,322915.07430997875,24.03612273513891,304186.0,22.642027616500854,0.7338600255810342,24.482458765750753,33.20019567389163,27.28024001127332,0.7357390806052821,10.180832853213767,0.7261860030861538,6.066378653921778,2,0,False,42
ABC-SMC,322661.733615222,24.299713068230208,305238.0,22.987528562545776,0.728120954866955,24.50939219924905,33.17043937954044,27.280240011295973,0.7417142525295637,10.189316767358367,0.7272608631442813,6.071610718617992,2,0,False,42
ABC-SMC,564775.7352941177,42.300400488516864,307238.0,23.011417865753174,0.7234675397919537,24.501326322274686,33.2046662421382,27.280240011296073,0.7373497099441566,10.187104177224771,0.7247889466696893,6.070170866969019,2,0,False,42
ABC-SMC,536722.2222222221,40.536027401685715,309152.0,23.34875178337097,0.7203863278052567,24.525379303668434,33.15773980138939,27.280240011318412,0.7370446209586816,10.18943801428129,0.7286796650070201,6.071423933200975,2,0,False,42
ABC-SMC,523521.8855218856,39.89631439298893,310972.0,23.698410749435425,0.7150942524137464,24.52850916396377,33.148605581637284,27.280240011318245,0.7480106815071115,10.192168006106007,0.7300760404715666,6.073328699656837,2,0,False,42
ABC-SMC,519435.21594684385,39.942169902332594,312700.0,24.045186281204224,0.7112520391051557,24.547582048618317,33.162946476988814,27.280240011318885,0.7465253491663679,10.200096189467365,0.7277127462541171,6.077890075948482,2,0,False,42
ABC-SMC,507003.22580645164,39.337510447348315,314342.0,24.389256477355957,0.7064287538384777,24.566127233284558,33.15642613331697,27.28024001134109,0.7439752949156416,10.199344905523935,0.7267245189199445,6.077524603064001,2,0,False,42
ABC-SMC,501431.74603174604,39.281876125032944,315902.0,24.747581958770752,0.7033988110148736,24.54543426190747,33.18081878573463,27.2802400113404,0.7423291636945577,10.20262048824556,0.725354834216934,6.0794567290438986,2,0,False,42
ABC-SMC,494370.71651090344,39.101361485656554,317386.0,25.103074073791504,0.7020293121193639,24.551715495923794,33.19402562112825,27.280240011340627,0.7455807324552036,10.20356261388815,0.7247853348004445,6.08019405633594,2,0,False,42
ABC-SMC,484510.6382978723,38.691144583797744,318808.0,25.458773136138916,0.6979316633088587,24.559421439133487,33.22628446249129,27.280240011340766,0.7363087126908581,10.204860100743886,0.7219097222051684,6.080746848957092,2,0,False,42
ABC-SMC,476428.5714285714,38.39687045131411,320160.0,25.80269694328308,0.6943552303712516,24.565289823617622,33.27361071066201,27.280240011341444,0.7315531478332373,10.203715115487704,0.7191884685677887,6.079854218091099,2,0,False,42
ABC-SMC,474150.4424778761,38.57889604427822,321474.0,26.15649151802063,0.6921857824266849,24.57165472374173,33.27681155730335,27.280240011341824,0.7360100034092307,10.201707020531234,0.7186193030261546,6.078703458159984,2,0,False,42
ABC-SMC,473199.41348973603,38.87112189597748,322722.0,26.51010513305664,0.689479262652153,24.58265274650051,33.19718809373445,27.280240011341885,0.7734668478991746,10.208950741672433,0.7317534932431551,6.084388374169919,2,0,False,42
ABC-SMC,470796.511627907,39.050413425578625,323908.0,26.866684436798096,0.682339005002083,24.591277777015602,33.22095060444886,27.280240011342098,0.764128080523551,10.20570421584635,0.7280482620099138,6.082028019289892,2,0,False,42
ABC-SMC,467002.8735632184,39.11676489073655,325034.0,27.225268363952637,0.6772064137514331,24.60307652471509,33.24547302110375,27.280240011363205,0.7597813933575613,10.20365810295041,0.727189588235857,6.080847863545296,2,0,False,42
ABC-SMC,464547.00854700856,39.3004318927428,326112.0,27.588903188705444,0.6726873179432932,24.61626057038987,33.22031007537235,27.280240011363624,0.7719530372689161,10.208893007565933,0.7307842821298116,6.084329286537838,2,0,False,42
ABC-SMC,460760.5633802817,38.88443422989107,327140.0,27.607948303222656,0.6693329657054217,24.624056548316688,33.218757914030114,27.28024001136466,0.7649500170288985,10.201889640081921,0.728363642563506,6.080111116739204,2,0,False,42
ABC-SMC,822850.0,69.075728058815,329140.0,27.630291223526,0.666608986285291,24.599578758000128,33.13706728844552,27.280240011342347,0.7744563207733381,10.198990837681826,0.7356644319883432,6.078591953388154,2,0,False,42
ABC-SMC,815374.3842364532,68.10308383603402,331042.0,27.64985203742981,0.6649403288364997,24.577244404453044,33.12351517515651,27.280240011341608,0.7784337801179619,10.197803953565213,0.7417674545774671,6.07819369532682,2,0,False,42
ABC-SMC,796291.866028708,66.18882765610253,332850.0,27.666929960250854,0.6619179715220828,24.586107810824174,33.12366325039882,27.280240011341878,0.7821971489926287,10.194286022773955,0.7426588518516062,6.075946108755318,2,0,False,42
ABC-SMC,785370.8920187794,64.98151765742773,334568.0,27.68212652206421,0.6603328640934368,24.5738219473549,33.11976356749086,27.28024001134186,0.7982583722652625,10.187697580051385,0.7452642502197154,6.072140008188551,2,0,False,42
ABC-SMC,771100.9174311927,63.5222114554239,336200.0,27.69568419456482,0.6565851479797857,24.580316537724514,33.14320941141994,27.280240011341903,0.7988211033542524,10.183604809677082,0.7435468710171671,6.069443762560312,2,0,False,42
ABC-SMC,764144.7963800905,62.687675877394184,337752.0,27.707952737808228,0.653387220547933,24.576498005280254,33.159461468814754,27.28024001134199,0.8045172873844919,10.181768025082599,0.7443107846295747,6.068359876267548,2,0,False,42
ABC-SMC,760614.3497757848,62.90719594656084,339234.0,28.056609392166138,0.6476988417363596,24.578284951168683,33.171114277860454,27.28024001136318,0.806754075800759,10.176251919348747,0.7431474737207822,6.065020483020516,2,0,False,42
ABC-SMC,753637.168141593,62.11650424298987,340644.0,28.07665991783142,0.6449859205438024,24.59476884345588,33.220321586991005,27.280240011363844,0.7958786470648536,10.17060981244507,0.7397535857332124,6.061282314297628,2,0,False,42
ABC-SMC,749973.6842105264,62.343615188933256,341988.0,28.428688526153564,0.6415650498016366,24.596606297383403,33.25182821557998,27.280240011363826,0.79454072344497,10.174264356678917,0.7383278521861139,6.063396205134497,2,0,False,42
ABC-SMC,746247.8260869564,62.57647120434305,343274.0,28.785176753997803,0.6395155506119449,24.5943206860564,33.28479955317329,27.28024001136356,0.8014227413394368,10.167089350237243,0.7398264468376259,6.059407571732521,2,0,False,42
ABC-SMC,748904.3478260869,63.356119653453,344496.0,29.14381504058838,0.6380321928954482,24.585358564819536,33.31293356521337,27.280240011363087,0.799429747656328,10.163242669913272,0.7409291388389008,6.056867227922161,2,0,False,42
ABC-SMC,738581.1965811965,63.016887403960915,345656.0,29.49190330505371,0.6345764364354858,24.59604112925424,33.33095735263669,27.28024001138483,0.8020380084091966,10.160687722910916,0.7409129457866855,6.055307605140111,2,0,False,42
ABC-SMC,734665.254237288,63.23315127421233,346762.0,29.846047401428223,0.6316042501870432,24.62151725806506,33.31049202301308,27.280240011386503,0.8290405771684526,10.155793368980504,0.7466560502024977,6.053036788415042,2,0,False,42
ABC-SMC,727652.719665272,63.19368085103056,347818.0,30.206579446792603,0.6303361107119614,24.66242306053256,33.3150156079423,27.280240011409607,0.8377967420881074,10.161712774595399,0.7463331701377036,6.056927619034234,2,0,False,42
ABC-SMC,726729.1666666666,63.666899502277374,348830.0,30.56011176109314,0.6301100016233985,24.65770065322211,33.32134131176608,27.280240011409283,0.845630762746548,10.161321048469521,0.7511018484053247,6.056881228336601,2,0,False,42
ABC-SMC,1381220.4724409448,120.40820459681233,350830.0,30.583683967590332,0.6261521903740815,24.571063104964658,33.33042535359756,27.280240011300453,0.8172271369005539,10.161443360196541,0.744799038164565,6.056270007322807,2,0,False,42
ABC-SMC,1367193.7984496125,119.95603502258774,352736.0,30.948657035827637,0.6226202078570738,24.56531776037792,33.35979601413115,27.280240011299938,0.8189908607310123,10.157916369424136,0.7442371373586426,6.053892163009593,2,0,False,42
ABC-SMC,1363792.3076923077,120.37399915548471,354586.0,31.297239780426025,0.6201585869653246,24.569533886528966,33.37398544777077,27.280240011299906,0.8174337600503758,10.158046171818183,0.7434391650770235,6.053827342842097,2,0,False,42
ABC-SMC,1360145.038167939,120.77327174994781,356358.0,31.642597198486328,0.6182391016486269,24.573792194423614,33.41476995688549,27.28024001129961,0.8205434790748638,10.1560479943277,0.7427037807518955,6.052443155683824,2,0,False,42
ABC-SMC,1356234.8484848484,121.68037168907398,358046.0,32.12361812591553,0.6130084477049772,24.56463891315093,33.4098311118819,27.28024001129912,0.8331469334549163,10.154245706313729,0.7459411611961304,6.051444998155274,2,0,False,42
ABC-SMC,1312627.7372262774,118.53142028307393,359660.0,32.477609157562256,0.6090208762523692,24.57131053010928,33.36841896989072,27.2802400112994,0.8583521125086324,10.146358995740059,0.7529988984695218,6.047249871815101,2,0,False,42
ABC-SMC,1308681.1594202898,118.9482859943224,361196.0,32.82972693443298,0.6080536031464195,24.590084405509042,33.410082211527325,27.280240011300194,0.8459753409714885,10.150843066274941,0.7488030365688648,6.049510353287054,2,0,False,42
ABC-SMC,1304517.9856115107,119.38042863667441,362656.0,33.18775916099548,0.6064527019523069,24.60985986197504,33.41894276963641,27.280240011300613,0.8446926871430809,10.154255449400413,0.7493579461682525,6.051214681773624,2,0,False,42
ABC-SMC,1309669.0647482015,120.71493460977678,364088.0,33.558751821517944,0.6059081643154884,24.62241772372282,33.44610143848908,27.280240011301224,0.8397956726758105,10.147744886846576,0.7472753647315045,6.0472552108643765,2,0,False,42
ABC-SMC,1314604.3165467626,122.01181590128287,365460.0,33.91928482055664,0.6037138052960722,24.605642934666,33.42710047012805,27.28024001130079,0.8339177505623727,10.138558883712232,0.7475388561988077,6.041310872727602,2,0,False,42
ABC-SMC,1309892.857142857,122.37746800695147,366770.0,34.26569104194641,0.6020143519931146,24.596908303555193,33.489301521272395,27.28024001130019,0.8282999699783309,10.13465158559058,0.7472530046682315,6.03916681834278,2,0,False,42
ABC-SMC,1277909.7222222222,120.20358194907506,368038.0,34.61863160133362,0.6000566418361322,24.60897767074122,33.524531290145596,27.28024001130018,0.8227751974654838,10.126582019498041,0.7455560463053515,6.034132633067736,2,0,False,42
ABC-SMC,1273468.9655172415,119.44270133972168,369306.0,34.63838338851929,0.6000566418361322,24.60897767074122,33.5245312901456,27.28024001130018,0.8227751974654838,10.126582019498041,0.7455560463053515,6.034132633067736,2,0,False,42
ABC-SMC,1269089.0410958906,118.68984650259148,370574.0,34.657435178756714,0.6000566418361322,24.60897767074122,33.524531290145596,27.28024001130018,0.8227751974654838,10.126582019498041,0.7455560463053515,6.034132633067736,2,0,False,42
ABC-SMC,1273431.5068493153,118.74190258653198,371842.0,34.672635555267334,0.6000566418361322,24.60897767074122,33.5245312901456,27.28024001130018,0.8227751974654838,10.126582019498041,0.7455560463053515,6.034132633067736,2,0,False,42
ABC-SMC,1260506.7567567567,117.18678554973087,373110.0,34.68728852272034,0.6000566418361322,24.60897767074122,33.524531290145596,27.28024001130018,0.8227751974654838,10.126582019498041,0.7455560463053515,6.034132633067736,2,0,False,42
ABC-SMC,1247926.6666666667,115.66981633504233,374378.0,34.700944900512695,0.6000566418361322,24.60897767074122,33.5245312901456,27.28024001130018,0.8227751974654838,10.126582019498041,0.7455560463053515,6.034132633067736,2,0,False,42
ABC-SMC,1252153.3333333335,115.71191390355429,375646.0,34.713574171066284,0.6000566418361322,24.60897767074122,33.524531290145596,27.28024001130018,0.8227751974654838,10.126582019498041,0.7455560463053515,6.034132633067736,2,0,False,42
ABC-SMC,1256380.0,115.75090964635214,376914.0,34.72527289390564,0.6000566418361322,24.60897767074122,33.5245312901456,27.28024001130018,0.8227751974654838,10.126582019498041,0.7455560463053515,6.034132633067736,2,0,False,42
ABC-SMC,1235888.888888889,113.51588582680895,378182.0,34.73586106300354,0.6000566418361322,24.60897767074122,33.524531290145596,27.28024001130018,0.8227751974654838,10.126582019498041,0.7455560463053515,6.034132633067736,2,0,False,42
ABC-SMC,1231980.5194805195,112.81161261843397,379450.0,34.74597668647766,0.6000566418361322,24.60897767074122,33.5245312901456,27.28024001130018,0.8227751974654838,10.126582019498041,0.7455560463053515,6.034132633067736,2,0,False,42
ABC-SMC,1236097.4025974027,112.8443812395071,380718.0,34.75606942176819,0.6000566418361322,24.60897767074122,33.524531290145596,27.28024001130018,0.8227751974654838,10.126582019498041,0.7455560463053515,6.034132633067736,2,0,False,42
ABC-SMC,1224314.1025641025,111.4299740546789,381986.0,34.766151905059814,0.6000566418361322,24.60897767074122,33.5245312901456,27.28024001130018,0.8227751974654838,10.126582019498041,0.7455560463053515,6.034132633067736,2,0,False,42
ABC-SMC,1212829.1139240507,110.05134371262562,383254.0,34.7762246131897,0.6000566418361322,24.60897767074122,33.524531290145596,27.28024001130018,0.8227751974654838,10.126582019498041,0.7455560463053515,6.034132633067736,2,0,False,42
ABC-SMC,1216841.7721518988,110.0835724721981,384522.0,34.7864089012146,0.6000566418361322,24.60897767074122,33.5245312901456,27.28024001130018,0.8227751974654838,10.126582019498041,0.7455560463053515,6.034132633067736,2,0,False,42
ABC-SMC,1213176.1006289306,109.42315230579497,385790.0,34.7965624332428,0.6000566418361322,24.60897767074122,33.524531290145596,27.28024001130018,0.8227751974654838,10.126582019498041,0.7455560463053515,6.034132633067736,2,0,False,42
ABC-SMC,1209556.25,108.77088829874992,387058.0,34.806684255599976,0.6000566418361322,24.60897767074122,33.5245312901456,27.28024001130018,0.8227751974654838,10.126582019498041,0.7455560463053515,6.034132633067736,2,0,False,42
ABC-SMC,1213518.75,108.80246385931969,388326.0,34.8167884349823,0.6000566418361322,24.60897767074122,33.524531290145596,27.28024001130018,0.8227751974654838,10.126582019498041,0.7455560463053515,6.034132633067736,2,0,False,42
ABC-SMC,1209919.2546583852,108.15825521575738,389594.0,34.82695817947388,0.6000566418361322,24.60897767074122,33.5245312901456,27.28024001130018,0.8227751974654838,10.126582019498041,0.7455560463053515,6.034132633067736,2,0,False,42
ABC-SMC,1206364.1975308643,107.5219953501666,390862.0,34.83712649345398,0.6000566418361322,24.60897767074122,33.524531290145596,27.28024001130018,0.8227751974654838,10.126582019498041,0.7455560463053515,6.034132633067736,2,0,False,42
ABC-SMC,1210277.7777777778,107.5533002982905,392130.0,34.84726929664612,0.6000566418361322,24.60897767074122,33.5245312901456,27.28024001130018,0.8227751974654838,10.126582019498041,0.7455560463053515,6.034132633067736,2,0,False,42
ABC-SMC,1206742.3312883435,106.92484978517872,393398.0,34.85750102996826,0.6000566418361322,24.60897767074122,33.524531290145596,27.28024001130018,0.8227751974654838,10.126582019498041,0.7455560463053515,6.034132633067736,2,0,False,42
ABC-SMC,1203250.0,106.30392737504913,394666.0,34.86768817901611,0.6000566418361322,24.60897767074122,33.5245312901456,27.28024001130018,0.8227751974654838,10.126582019498041,0.7455560463053515,6.034132633067736,2,0,False,42
ABC-SMC,1199800.0,105.69063677932276,395934.0,34.877910137176514,0.6000566418361322,24.60897767074122,33.524531290145596,27.28024001130018,0.8227751974654838,10.126582019498041,0.7455560463053515,6.034132633067736,2,0,False,42
ABC-SMC,1189227.5449101797,104.45539109007328,397202.0,34.88810062408447,0.6000566418361322,24.60897767074122,33.5245312901456,27.28024001130018,0.8227751974654838,10.126582019498041,0.7455560463053515,6.034132633067736,2,0,False,42
ABC-SMC,1178905.325443787,103.249778408976,398470.0,34.89842510223389,0.6000566418361322,24.60897767074122,33.524531290145596,27.28024001130018,0.8227751974654838,10.126582019498041,0.7455560463053515,6.034132633067736,2,0,False,42
ABC-SMC,1168824.5614035088,102.07193985319975,399738.0,34.90860342979431,0.6000566418361322,24.60897767074122,33.5245312901456,27.28024001130018,0.8227751974654838,10.126582019498041,0.7455560463053515,6.034132633067736,2,0,False,42
ABC-SMC,1165715.1162790696,101.5081218508787,401006.0,34.91879391670227,0.6000566418361322,24.60897767074122,33.524531290145596,27.28024001130018,0.8227751974654838,10.126582019498041,0.7455560463053515,6.034132633067736,2,0,False,42
ABC-SMC,1169401.1627906978,101.53844328813774,402274.0,34.929224491119385,0.6000566418361322,24.60897767074122,33.5245312901456,27.28024001130018,0.8227751974654838,10.126582019498041,0.7455560463053515,6.034132633067736,2,0,False,42
ABC-SMC,1159603.448275862,100.40066845115574,403542.0,34.9394326210022,0.6000566418361322,24.60897767074122,33.524531290145596,27.28024001130018,0.8227751974654838,10.126582019498041,0.7455560463053515,6.034132633067736,2,0,False,42
ABC-SMC,1156600.0,99.85931124006,404810.0,34.950758934020996,0.6000566418361322,24.60897767074122,33.5245312901456,27.28024001130018,0.8227751974654838,10.126582019498041,0.7455560463053515,6.034132633067736,2,0,False,42
ABC-SMC,1160222.857142857,99.88865920475551,406078.0,34.96103072166443,0.6000566418361322,24.60897767074122,33.524531290145596,27.28024001130018,0.8227751974654838,10.126582019498041,0.7455560463053515,6.034132633067736,2,0,False,42
ABC-SMC,1150694.9152542371,98.78904940718311,407346.0,34.97132349014282,0.6000566418361322,24.60897767074122,33.5245312901456,27.28024001130018,0.8227751974654838,10.126582019498041,0.7455560463053515,6.034132633067736,2,0,False,42
ABC-SMC,1147792.1348314607,98.26272190286872,408614.0,34.981528997421265,0.6000566418361322,24.60897767074122,33.524531290145596,27.28024001130018,0.8227751974654838,10.126582019498041,0.7455560463053515,6.034132633067736,2,0,False,42
ABC-SMC,1144921.7877094974,97.74213330039764,409882.0,34.99168372154236,0.6000566418361322,24.60897767074122,33.5245312901456,27.28024001130018,0.8227751974654838,10.126582019498041,0.7455560463053515,6.034132633067736,2,0,False,42
ABC-SMC,1142083.3333333333,97.22748465008206,411150.0,35.00189447402954,0.6000566418361322,24.60897767074122,33.524531290145596,27.28024001130018,0.8227751974654838,10.126582019498041,0.7455560463053515,6.034132633067736,2,0,False,42
ABC-SMC,1145605.5555555555,97.25596441162956,412418.0,35.012147188186646,0.6000566418361322,24.60897767074122,33.5245312901456,27.28024001130018,0.8227751974654838,10.126582019498041,0.7455560463053515,6.034132633067736,2,0,False,42
ABC-SMC,1142779.005524862,96.74670419640303,413686.0,35.0223069190979,0.6000566418361322,24.60897767074122,33.524531290145596,27.28024001130018,0.8227751974654838,10.126582019498041,0.7455560463053515,6.034132633067736,2,0,False,42
ABC-SMC,1139983.5164835164,96.24339656515436,414954.0,35.03259634971619,0.6000566418361322,24.60897767074122,33.5245312901456,27.28024001130018,0.8227751974654838,10.126582019498041,0.7455560463053515,6.034132633067736,2,0,False,42
ABC-SMC,1131038.0434782607,95.22491823072018,416222.0,35.04276990890503,0.6000566418361322,24.60897767074122,33.524531290145596,27.28024001130018,0.8227751974654838,10.126582019498041,0.7455560463053515,6.034132633067736,2,0,False,42
ABC-SMC,1134483.695652174,95.25252101214035,417490.0,35.05292773246765,0.6000566418361322,24.60897767074122,33.5245312901456,27.28024001130018,0.8227751974654838,10.126582019498041,0.7455560463053515,6.034132633067736,2,0,False,42
ABC-SMC,1125693.5483870967,94.25591461120112,418758.0,35.06320023536682,0.6000566418361322,24.60897767074122,33.524531290145596,27.28024001130018,0.8227751974654838,10.126582019498041,0.7455560463053515,6.034132633067736,2,0,False,42
ABC-SMC,1117090.425531915,93.28025008769745,420026.0,35.07337403297424,0.6000566418361322,24.60897767074122,33.5245312901456,27.28024001130018,0.8227751974654838,10.126582019498041,0.7455560463053515,6.034132633067736,2,0,False,42
ABC-SMC,1120462.765957447,93.30752365132595,421294.0,35.08362889289856,0.6000566418361322,24.60897767074122,33.524531290145596,27.28024001130018,0.8227751974654838,10.126582019498041,0.7455560463053515,6.034132633067736,2,0,False,42
ABC-SMC,1123835.1063829786,93.33457972141022,422562.0,35.093801975250244,0.6000566418361322,24.60897767074122,33.5245312901456,27.28024001130018,0.8227751974654838,10.126582019498041,0.7455560463053515,6.034132633067736,2,0,False,42
ABC-SMC,1127207.4468085107,93.36170617570268,423830.0,35.10400152206421,0.6000566418361322,24.60897767074122,33.524531290145596,27.28024001130018,0.8227751974654838,10.126582019498041,0.7455560463053515,6.034132633067736,2,0,False,42
ABC-SMC,1124597.8835978836,92.89467902410597,425098.0,35.11418867111206,0.6000566418361322,24.60897767074122,33.5245312901456,27.28024001130018,0.8227751974654838,10.126582019498041,0.7455560463053515,6.034132633067736,2,0,False,42
ABC-SMC,1127952.380952381,92.92159383259123,426366.0,35.12436246871948,0.6000566418361322,24.60897767074122,33.524531290145596,27.28024001130018,0.8227751974654838,10.126582019498041,0.7455560463053515,6.034132633067736,2,0,False,42
ABC-SMC,1125352.6315789474,92.45933043329339,427634.0,35.13454556465149,0.6000566418361322,24.60897767074122,33.5245312901456,27.28024001130018,0.8227751974654838,10.126582019498041,0.7455560463053515,6.034132633067736,2,0,False,42
ABC-SMC,1122780.104712042,92.00182260643125,428902.0,35.14469623565674,0.6000566418361322,24.60897767074122,33.524531290145596,27.28024001130018,0.8227751974654838,10.126582019498041,0.7455560463053515,6.034132633067736,2,0,False,42
ABC-SMC,1120234.375,91.54927295943101,430170.0,35.15492081642151,0.6000566418361322,24.60897767074122,33.5245312901456,27.28024001130018,0.8227751974654838,10.126582019498041,0.7455560463053515,6.034132633067736,2,0,False,42
ABC-SMC,1123536.4583333333,91.57569520175457,431438.0,35.165066957473755,0.6000566418361322,24.60897767074122,33.524531290145596,27.28024001130018,0.8227751974654838,10.126582019498041,0.7455560463053515,6.034132633067736,2,0,False,42
ABC-SMC,1121000.0,91.12794905746539,432706.0,35.17538833618164,0.6000566418361322,24.60897767074122,33.5245312901456,27.28024001130018,0.8227751974654838,10.126582019498041,0.7455560463053515,6.034132633067736,2,0,False,42
ABC-SMC,1118489.6907216497,90.68452943231642,433974.0,35.18559741973877,0.6000566418361322,24.60897767074122,33.524531290145596,27.28024001130018,0.8227751974654838,10.126582019498041,0.7455560463053515,6.034132633067736,2,0,False,42
ABC-SMC,1116005.128205128,90.2456332475711,435242.0,35.195796966552734,0.6000566418361322,24.60897767074122,33.5245312901456,27.28024001130018,0.8227751974654838,10.126582019498041,0.7455560463053515,6.034132633067736,2,0,False,42
ABC-SMC,1113545.918367347,89.81137373009507,436510.0,35.206058502197266,0.6000566418361322,24.60897767074122,33.524531290145596,27.28024001130018,0.8227751974654838,10.126582019498041,0.7455560463053515,6.034132633067736,2,0,False,42
ABC-SMC,1116780.612244898,89.83743859797109,437778.0,35.21627593040466,0.6000566418361322,24.60897767074122,33.5245312901456,27.28024001130018,0.8227751974654838,10.126582019498041,0.7455560463053515,6.034132633067736,2,0,False,42
ABC-SMC,1120015.306122449,89.86356550333451,439046.0,35.22651767730713,0.6000566418361322,24.60897767074122,33.524531290145596,27.28024001130018,0.8227751974654838,10.126582019498041,0.7455560463053515,6.034132633067736,2,0,False,42
ABC-SMC,1111904.0404040404,88.98155496578023,440314.0,35.236695766448975,0.6000566418361322,24.60897767074122,33.5245312901456,27.28024001130018,0.8227751974654838,10.126582019498041,0.7455560463053515,6.034132633067736,2,0,False,42
ABC-SMC,1109502.512562814,88.55995161449489,441582.0,35.24686074256897,0.6000566418361322,24.60897767074122,33.524531290145596,27.28024001130018,0.8227751974654838,10.126582019498041,0.7455560463053515,6.034132633067736,2,0,False,42
ABC-SMC,1112688.4422110552,88.58550493441635,442850.0,35.257030963897705,0.6000566418361322,24.60897767074122,33.5245312901456,27.28024001130018,0.8227751974654838,10.126582019498041,0.7455560463053515,6.034132633067736,2,0,False,42
ABC-SMC,1115874.3718592965,88.61094144121486,444118.0,35.267154693603516,0.6000566418361322,24.60897767074122,33.524531290145596,27.28024001130018,0.8227751974654838,10.126582019498041,0.7455560463053515,6.034132633067736,2,0,False,42
ABC-SMC,1113465.0,88.19332122802734,445386.0,35.27732849121094,0.6000566418361322,24.60897767074122,33.5245312901456,27.28024001130018,0.8227751974654838,10.126582019498041,0.7455560463053515,6.034132633067736,2,0,False,42
ABC-SMC,1116635.0,88.21870625019073,446654.0,35.287482500076294,0.6000566418361322,24.60897767074122,33.524531290145596,27.28024001130018,0.8227751974654838,10.126582019498041,0.7455560463053515,6.034132633067736,2,0,False,42
ABC-SMC,1114233.8308457711,87.80551846347637,447922.0,35.297818422317505,0.6000566418361322,24.60897767074122,33.5245312901456,27.28024001130018,0.8227751974654838,10.126582019498041,0.7455560463053515,6.034132633067736,2,0,False,42
ABC-SMC,1117388.0597014925,87.83087327112605,449190.0,35.308011054992676,0.6000566418361322,24.60897767074122,33.524531290145596,27.28024001130018,0.8227751974654838,10.126582019498041,0.7455560463053515,6.034132633067736,2,0,False,42
ABC-SMC,1120542.288557214,87.85642854016812,450458.0,35.31828427314758,0.6000566418361322,24.60897767074122,33.5245312901456,27.28024001130018,0.8227751974654838,10.126582019498041,0.7455560463053515,6.034132633067736,2,0,False,42
ABC-SMC,1112625.615763547,87.01614440955552,451726.0,35.32855463027954,0.6000566418361322,24.60897767074122,33.524531290145596,27.28024001130018,0.8227751974654838,10.126582019498041,0.7455560463053515,6.034132633067736,2,0,False,42
ABC-SMC,1110279.4117647058,86.61457604052973,452994.0,35.33874702453613,0.6000566418361322,24.60897767074122,33.5245312901456,27.28024001130018,0.8227751974654838,10.126582019498041,0.7455560463053515,6.034132633067736,2,0,False,42
ABC-SMC,1107956.0975609757,86.21706846283702,454262.0,35.348998069763184,0.6000566418361322,24.60897767074122,33.524531290145596,27.28024001130018,0.8227751974654838,10.126582019498041,0.7455560463053515,6.034132633067736,2,0,False,42
ABC-SMC,1111048.780487805,86.24187795127311,455530.0,35.35916996002197,0.6000566418361322,24.60897767074122,33.5245312901456,27.28024001130018,0.8227751974654838,10.126582019498041,0.7455560463053515,6.034132633067736,2,0,False,42
ABC-SMC,1108733.009708738,85.8479362089657,456798.0,35.36934971809387,0.6000566418361322,24.60897767074122,33.524531290145596,27.28024001130018,0.8227751974654838,10.126582019498041,0.7455560463053515,6.034132633067736,2,0,False,42
ABC-SMC,1106439.6135265701,85.45786113554729,458066.0,35.37955451011658,0.6000566418361322,24.60897767074122,33.5245312901456,27.28024001130018,0.8227751974654838,10.126582019498041,0.7455560463053515,6.034132633067736,2,0,False,42
ABC-SMC,1109502.4154589372,85.48243495001309,459334.0,35.38972806930542,0.6000566418361322,24.60897767074122,33.524531290145596,27.28024001130018,0.8227751974654838,10.126582019498041,0.7455560463053515,6.034132633067736,2,0,False,42
ABC-SMC,1112565.2173913042,85.50704389378645,460602.0,35.39991617202759,0.6000566418361322,24.60897767074122,33.5245312901456,27.28024001130018,0.8227751974654838,10.126582019498041,0.7455560463053515,6.034132633067736,2,0,False,42
ABC-SMC,1110264.423076923,85.12047735544351,461870.0,35.4101185798645,0.6000566418361322,24.60897767074122,33.524531290145596,27.28024001130018,0.8227751974654838,10.126582019498041,0.7455560463053515,6.034132633067736,2,0,False,42
ABC-SMC,1113312.5,85.14498976560739,463138.0,35.420315742492676,0.6000566418361322,24.60897767074122,33.5245312901456,27.28024001130018,0.8227751974654838,10.126582019498041,0.7455560463053515,6.034132633067736,2,0,False,42
ABC-SMC,1116360.576923077,85.16952624687782,464406.0,35.43052291870117,0.6000566418361322,24.60897767074122,33.524531290145596,27.28024001130018,0.8227751974654838,10.126582019498041,0.7455560463053515,6.034132633067736,2,0,False,42
ABC-SMC,1119408.6538461538,85.19398764922069,465674.0,35.440698862075806,0.6000566418361322,24.60897767074122,33.5245312901456,27.28024001130018,0.8227751974654838,10.126582019498041,0.7455560463053515,6.034132633067736,2,0,False,42
ABC-SMC,1117086.1244019137,84.81078341817172,466942.0,35.450907468795776,0.6000566418361322,24.60897767074122,33.524531290145596,27.28024001130018,0.8227751974654838,10.126582019498041,0.7455560463053515,6.034132633067736,2,0,False,42
ABC-SMC,1120119.6172248803,84.83517398104142,468210.0,35.46110272407532,0.6000566418361322,24.60897767074122,33.5245312901456,27.28024001130018,0.8227751974654838,10.126582019498041,0.7455560463053515,6.034132633067736,2,0,False,42
ABC-SMC,1123153.1100478468,84.85990677153666,469478.0,35.47144103050232,0.6000566418361322,24.60897767074122,33.524531290145596,27.28024001130018,0.8227751974654838,10.126582019498041,0.7455560463053515,6.034132633067736,2,0,False,42
ABC-SMC,1120823.8095238097,84.48012442815872,470746.0,35.48165225982666,0.6000566418361322,24.60897767074122,33.5245312901456,27.28024001130018,0.8227751974654838,10.126582019498041,0.7455560463053515,6.034132633067736,2,0,False,42
ABC-SMC,1118516.5876777251,84.10391140888088,472014.0,35.49185061454773,0.6000566418361322,24.60897767074122,33.524531290145596,27.28024001130018,0.8227751974654838,10.126582019498041,0.7455560463053515,6.034132633067736,2,0,False,42
ABC-SMC,1110990.6103286385,83.33813864300508,473282.0,35.502047061920166,0.6000566418361322,24.60897767074122,33.5245312901456,27.28024001130018,0.8227751974654838,10.126582019498041,0.7455560463053515,6.034132633067736,2,0,False,42
ABC-SMC,1108761.6822429907,82.9727733246634,474550.0,35.51234698295593,0.6000566418361322,24.60897767074122,33.524531290145596,27.28024001130018,0.8227751974654838,10.126582019498041,0.7455560463053515,6.034132633067736,2,0,False,42
ABC-SMC,1111724.2990654206,82.99661518257355,475818.0,35.52255129814148,0.6000566418361322,24.60897767074122,33.5245312901456,27.28024001130018,0.8227751974654838,10.126582019498041,0.7455560463053515,6.034132633067736,2,0,False,42
ABC-SMC,1104365.7407407407,82.251802638725,477086.0,35.5327787399292,0.6000566418361322,24.60897767074122,33.524531290145596,27.28024001130018,0.8227751974654838,10.126582019498041,0.7455560463053515,6.034132633067736,2,0,False,42
ABC-SMC,1102198.1566820277,81.89625619193926,478354.0,35.542975187301636,0.6000566418361322,24.60897767074122,33.5245312901456,27.28024001130018,0.8227751974654838,10.126582019498041,0.7455560463053515,6.034132633067736,2,0,False,42
ABC-SMC,1105119.8156682027,81.91976624150429,479622.0,35.553178548812866,0.6000566418361322,24.60897767074122,33.524531290145596,27.28024001130018,0.8227751974654838,10.126582019498041,0.7455560463053515,6.034132633067736,2,0,False,42
ABC-SMC,1108041.474654378,81.94342077053088,480890.0,35.5634446144104,0.6000566418361322,24.60897767074122,33.5245312901456,27.28024001130018,0.8227751974654838,10.126582019498041,0.7455560463053515,6.034132633067736,2,0,False,42
ABC-SMC,1105866.972477064,81.59099368874085,482158.0,35.573673248291016,0.6000566418361322,24.60897767074122,33.524531290145596,27.28024001130018,0.8227751974654838,10.126582019498041,0.7455560463053515,6.034132633067736,2,0,False,42
ABC-SMC,1103712.3287671234,81.24289773914913,483426.0,35.584389209747314,0.6000566418361322,24.60897767074122,33.5245312901456,27.28024001130018,0.8227751974654838,10.126582019498041,0.7455560463053515,6.034132633067736,2,0,False,42
ABC-SMC,1106607.3059360732,81.26617240034827,484694.0,35.59458351135254,0.6000566418361322,24.60897767074122,33.524531290145596,27.28024001130018,0.8227751974654838,10.126582019498041,0.7455560463053515,6.034132633067736,2,0,False,42
ABC-SMC,1099461.5384615385,80.55423611429482,485962.0,35.60497236251831,0.6000566418361322,24.60897767074122,33.5245312901456,27.28024001130018,0.8227751974654838,10.126582019498041,0.7455560463053515,6.034132633067736,2,0,False,42
ABC-SMC,1102330.3167420817,80.57736918937026,487230.0,35.61519718170166,0.6000566418361322,24.60897767074122,33.524531290145596,27.28024001130018,0.8227751974654838,10.126582019498041,0.7455560463053515,6.034132633067736,2,0,False,42
ABC-SMC,1100220.7207207207,80.23773657309043,488498.0,35.62555503845215,0.6000566418361322,24.60897767074122,33.5245312901456,27.28024001130018,0.8227751974654838,10.126582019498041,0.7455560463053515,6.034132633067736,2,0,False,42
ABC-SMC,1098130.0448430493,79.90081427877794,489766.0,35.63576316833496,0.6000566418361322,24.60897767074122,33.524531290145596,27.28024001130018,0.8227751974654838,10.126582019498041,0.7455560463053515,6.034132633067736,2,0,False,42
ABC-SMC,1096058.0357142857,79.567088080304,491034.0,35.646055459976196,0.6000566418361322,24.60897767074122,33.5245312901456,27.28024001130018,0.8227751974654838,10.126582019498041,0.7455560463053515,6.034132633067736,2,0,False,42
ABC-SMC,1098888.392857143,79.59061648164477,492302.0,35.656596183776855,0.6000566418361322,24.60897767074122,33.524531290145596,27.28024001130018,0.8227751974654838,10.126582019498041,0.7455560463053515,6.034132633067736,2,0,False,42
ABC-SMC,1101718.75,79.61344080311912,493570.0,35.66682147979736,0.6000566418361322,24.60897767074122,33.5245312901456,27.28024001130018,0.8227751974654838,10.126582019498041,0.7455560463053515,6.034132633067736,2,0,False,42
ABC-SMC,1094774.336283186,78.93182851571952,494838.0,35.677186489105225,0.6000566418361322,24.60897767074122,33.524531290145596,27.28024001130018,0.8227751974654838,10.126582019498041,0.7455560463053515,6.034132633067736,2,0,False,42
ABC-SMC,1092744.4933920705,78.60697208522174,496106.0,35.687565326690674,0.6000566418361322,24.60897767074122,33.5245312901456,27.28024001130018,0.8227751974654838,10.126582019498041,0.7455560463053515,6.034132633067736,2,0,False,42
ABC-SMC,1095537.4449339206,78.62947165703459,497374.0,35.6977801322937,0.6000566418361322,24.60897767074122,33.524531290145596,27.28024001130018,0.8227751974654838,10.126582019498041,0.7455560463053515,6.034132633067736,2,0,False,42
ABC-SMC,1098330.3964757707,78.6522626876831,498642.0,35.70812726020813,0.6000566418361322,24.60897767074122,33.5245312901456,27.28024001130018,0.8227751974654838,10.126582019498041,0.7455560463053515,6.034132633067736,2,0,False,42
ABC-SMC,1101123.348017621,78.6752832093428,499910.0,35.718578577041626,0.6000566418361322,24.60897767074122,33.524531290145596,27.28024001130018,0.8227751974654838,10.126582019498041,0.7455560463053515,6.034132633067736,2,0,False,42
ABC-SMC,1099074.5614035088,78.35314880337633,501178.0,35.7290358543396,0.6000566418361322,24.60897767074122,33.5245312901456,27.28024001130018,0.8227751974654838,10.126582019498041,0.7455560463053515,6.034132633067736,2,0,False,42
ABC-SMC,1101855.2631578948,78.37598417934619,502446.0,35.73944878578186,0.6000566418361322,24.60897767074122,33.524531290145596,27.28024001130018,0.8227751974654838,10.126582019498041,0.7455560463053515,6.034132633067736,2,0,False,42
ABC-SMC,1104635.9649122807,78.39841173406232,503714.0,35.74967575073242,0.6000566418361322,24.60897767074122,33.5245312901456,27.28024001130018,0.8227751974654838,10.126582019498041,0.7455560463053515,6.034132633067736,2,0,False,42
ABC-SMC,1102580.786026201,78.07866871096682,504982.0,35.7600302696228,0.6000566418361322,24.60897767074122,33.524531290145596,27.28024001130018,0.8227751974654838,10.126582019498041,0.7455560463053515,6.034132633067736,2,0,False,42
ABC-SMC,1105349.3449781658,78.10125861105439,506250.0,35.770376443862915,0.6000566418361322,24.60897767074122,33.5245312901456,27.28024001130018,0.8227751974654838,10.126582019498041,0.7455560463053515,6.034132633067736,2,0,False,42
ABC-SMC,1098523.8095238097,77.4474572309684,507518.0,35.7807252407074,0.6000566418361322,24.60897767074122,33.524531290145596,27.28024001130018,0.8227751974654838,10.126582019498041,0.7455560463053515,6.034132633067736,2,0,False,42
ABC-SMC,1091815.4506437767,76.8047826996177,508786.0,35.79102873802185,0.6000566418361322,24.60897767074122,33.5245312901456,27.28024001130018,0.8227751974654838,10.126582019498041,0.7455560463053515,6.034132633067736,2,0,False,42
ABC-SMC,1094536.4806866953,76.82677553447019,510054.0,35.80127739906311,0.6000566418361322,24.60897767074122,33.524531290145596,27.28024001130018,0.8227751974654838,10.126582019498041,0.7455560463053515,6.034132633067736,2,0,False,42
ABC-SMC,1097257.510729614,76.84886148559178,511322.0,35.81156945228577,0.6000566418361322,24.60897767074122,33.5245312901456,27.28024001130018,0.8227751974654838,10.126582019498041,0.7455560463053515,6.034132633067736,2,0,False,42
ABC-SMC,1095277.7777777778,76.5422475643647,512590.0,35.82177186012268,0.6000566418361322,24.60897767074122,33.524531290145596,27.28024001130018,0.8227751974654838,10.126582019498041,0.7455560463053515,6.034132633067736,2,0,False,42
ABC-SMC,1097987.1794871795,76.56427224477132,513858.0,35.83207941055298,0.6000566418361322,24.60897767074122,33.5245312901456,27.28024001130018,0.8227751974654838,10.126582019498041,0.7455560463053515,6.034132633067736,2,0,False,42
ABC-SMC,1096012.7659574468,76.26029329097017,515126.0,35.84233784675598,0.6000566418361322,24.60897767074122,33.524531290145596,27.28024001130018,0.8227751974654838,10.126582019498041,0.7455560463053515,6.034132633067736,2,0,False,42
ABC-SMC,1094055.0847457629,75.95864039356425,516394.0,35.85247826576233,0.6000566418361322,24.60897767074122,33.5245312901456,27.28024001130018,0.8227751974654838,10.126582019498041,0.7455560463053515,6.034132633067736,2,0,False,42
ABC-SMC,1096741.5254237286,75.98057540796572,517662.0,35.862831592559814,0.6000566418361322,24.60897767074122,33.524531290145596,27.28024001130018,0.8227751974654838,10.126582019498041,0.7455560463053515,6.034132633067736,2,0,False,42
ABC-SMC,1090189.075630252,75.3637622384464,518930.0,35.87315082550049,0.6000566418361322,24.60897767074122,33.5245312901456,27.28024001130018,0.8227751974654838,10.126582019498041,0.7455560463053515,6.034132633067736,2,0,False,42
ABC-SMC,1088280.3347280335,75.06984995997601,520198.0,35.88338828086853,0.6000566418361322,24.60897767074122,33.524531290145596,27.28024001130018,0.8227751974654838,10.126582019498041,0.7455560463053515,6.034132633067736,2,0,False,42
ABC-SMC,1072975.3086419753,73.85508611859608,521466.0,35.893571853637695,0.6000566418361322,24.60897767074122,33.5245312901456,27.28024001130018,0.8227751974654838,10.126582019498041,0.7455560463053515,6.034132633067736,2,0,False,42
ABC-SMC,1066804.0816326533,73.27350305051219,522734.0,35.90401649475098,0.6000566418361322,24.60897767074122,33.524531290145596,27.28024001130018,0.8227751974654838,10.126582019498041,0.7455560463053515,6.034132633067736,2,0,False,42
ABC-SMC,1065044.7154471544,72.99668856752598,524002.0,35.91437077522278,0.6000566418361322,24.60897767074122,33.5245312901456,27.28024001130018,0.8227751974654838,10.126582019498041,0.7455560463053515,6.034132633067736,2,0,False,42
ABC-SMC,1067621.9512195121,73.01786614627373,525270.0,35.924790143966675,0.6000566418361322,24.60897767074122,33.524531290145596,27.28024001130018,0.8227751974654838,10.126582019498041,0.7455560463053515,6.034132633067736,2,0,False,42
ABC-SMC,1070199.18699187,73.03876702378436,526538.0,35.935073375701904,0.6000566418361322,24.60897767074122,33.5245312901456,27.28024001130018,0.8227751974654838,10.126582019498041,0.7455560463053515,6.034132633067736,2,0,False,42
ABC-SMC,1072776.4227642277,73.0596194422342,527806.0,35.945332765579224,0.6000566418361322,24.60897767074122,33.524531290145596,27.28024001130018,0.8227751974654838,10.126582019498041,0.7455560463053515,6.034132633067736,2,0,False,42
ABC-SMC,1075353.6585365853,73.08052371187908,529074.0,35.95561766624451,0.6000566418361322,24.60897767074122,33.5245312901456,27.28024001130018,0.8227751974654838,10.126582019498041,0.7455560463053515,6.034132633067736,2,0,False,42
ABC-SMC,1073566.801619433,72.8053810142795,530342.0,35.96585822105408,0.6000566418361322,24.60897767074122,33.524531290145596,27.28024001130018,0.8227751974654838,10.126582019498041,0.7455560463053515,6.034132633067736,2,0,False,42
ABC-SMC,1076133.6032388664,72.82610750391416,531610.0,35.976097106933594,0.6000566418361322,24.60897767074122,33.5245312901456,27.28024001130018,0.8227751974654838,10.126582019498041,0.7455560463053515,6.034132633067736,2,0,False,42
ABC-SMC,1078700.4048582995,72.84679297010908,532878.0,35.98631572723389,0.6000566418361322,24.60897767074122,33.524531290145596,27.28024001130018,0.8227751974654838,10.126582019498041,0.7455560463053515,6.034132633067736,2,0,False,42
ABC-SMC,1081267.2064777329,72.86746395744292,534146.0,35.99652719497681,0.6000566418361322,24.60897767074122,33.5245312901456,27.28024001130018,0.8227751974654838,10.126582019498041,0.7455560463053515,6.034132633067736,2,0,False,42
ABC-SMC,1083834.008097166,72.88817210718688,535414.0,36.00675702095032,0.6000566418361322,24.60897767074122,33.524531290145596,27.28024001130018,0.8227751974654838,10.126582019498041,0.7455560463053515,6.034132633067736,2,0,False,42
ABC-SMC,1086400.8097165993,72.90908103047113,536682.0,36.017086029052734,0.6000566418361322,24.60897767074122,33.5245312901456,27.28024001130018,0.8227751974654838,10.126582019498041,0.7455560463053515,6.034132633067736,2,0,False,42
ABC-SMC,1088967.6113360324,72.92994941294434,537950.0,36.02739500999451,0.6000566418361322,24.60897767074122,33.524531290145596,27.28024001130018,0.8227751974654838,10.126582019498041,0.7455560463053515,6.034132633067736,2,0,False,42
ABC-SMC,1091534.4129554655,72.9507314048798,539218.0,36.03766131401062,0.6000566418361322,24.60897767074122,33.5245312901456,27.28024001130018,0.8227751974654838,10.126582019498041,0.7455560463053515,6.034132633067736,2,0,False,42
ABC-SMC,1094101.2145748986,72.97139660066922,540486.0,36.04786992073059,0.6000566418361322,24.60897767074122,33.524531290145596,27.28024001130018,0.8227751974654838,10.126582019498041,0.7455560463053515,6.034132633067736,2,0,False,42
ABC-SMC,1087859.437751004,72.4057576742517,541754.0,36.058067321777344,0.6000566418361322,24.60897767074122,33.5245312901456,27.28024001130018,0.8227751974654838,10.126582019498041,0.7455560463053515,6.034132633067736,2,0,False,42
ABC-SMC,1081717.1314741035,71.84921792778836,543022.0,36.068307399749756,0.6000566418361322,24.60897767074122,33.524531290145596,27.28024001130018,0.8227751974654838,10.126582019498041,0.7455560463053515,6.034132633067736,2,0,False,42
ABC-SMC,1084243.0278884463,71.8695281511284,544290.0,36.078503131866455,0.6000566418361322,24.60897767074122,33.5245312901456,27.28024001130018,0.8227751974654838,10.126582019498041,0.7455560463053515,6.034132633067736,2,0,False,42
ABC-SMC,1082456.349206349,71.6045479925852,545558.0,36.08869218826294,0.6000566418361322,24.60897767074122,33.524531290145596,27.28024001130018,0.8227751974654838,10.126582019498041,0.7455560463053515,6.034132633067736,2,0,False,42
ABC-SMC,1080683.7944664033,71.34173510102887,546826.0,36.098917961120605,0.6000566418361322,24.60897767074122,33.5245312901456,27.28024001130018,0.8227751974654838,10.126582019498041,0.7455560463053515,6.034132633067736,2,0,False,42
ABC-SMC,1083189.723320158,71.36185649826594,548094.0,36.10909938812256,0.6000566418361322,24.60897767074122,33.524531290145596,27.28024001130018,0.8227751974654838,10.126582019498041,0.7455560463053515,6.034132633067736,2,0,False,42
ABC-SMC,1085695.652173913,71.38201559014,549362.0,36.11929988861084,0.6000566418361322,24.60897767074122,33.5245312901456,27.28024001130018,0.8227751974654838,10.126582019498041,0.7455560463053515,6.034132633067736,2,0,False,42
ABC-SMC,1088201.581027668,71.40262748884119,550630.0,36.12972950935364,0.6000566418361322,24.60897767074122,33.524531290145596,27.28024001130018,0.8227751974654838,10.126582019498041,0.7455560463053515,6.034132633067736,2,0,False,42
ABC-SMC,1090707.509881423,71.42276302156712,551898.0,36.139918088912964,0.6000566418361322,24.60897767074122,33.5245312901456,27.28024001130018,0.8227751974654838,10.126582019498041,0.7455560463053515,6.034132633067736,2,0,False,42
ABC-SMC,1093213.4387351777,71.44293577774711,553166.0,36.15012550354004,0.6000566418361322,24.60897767074122,33.524531290145596,27.28024001130018,0.8227751974654838,10.126582019498041,0.7455560463053515,6.034132633067736,2,0,False,42
ABC-SMC,1095719.3675889329,71.4631957027752,554434.0,36.16037702560425,0.6000566418361322,24.60897767074122,33.5245312901456,27.28024001130018,0.8227751974654838,10.126582019498041,0.7455560463053515,6.034132633067736,2,0,False,42
ABC-SMC,1093901.5748031496,71.20200404970664,555702.0,36.17061805725098,0.6000566418361322,24.60897767074122,33.524531290145596,27.28024001130018,0.8227751974654838,10.126582019498041,0.7455560463053515,6.034132633067736,2,0,False,42
ABC-SMC,1087832.03125,70.66580886021256,556970.0,36.18089413642883,0.6000566418361322,24.60897767074122,33.5245312901456,27.28024001130018,0.8227751974654838,10.126582019498041,0.7455560463053515,6.034132633067736,2,0,False,42
ABC-SMC,1090308.59375,70.68589515984058,558238.0,36.19117832183838,0.6000566418361322,24.60897767074122,33.524531290145596,27.28024001130018,0.8227751974654838,10.126582019498041,0.7455560463053515,6.034132633067736,2,0,False,42
ABC-SMC,1092785.15625,70.7058273255825,559506.0,36.20138359069824,0.6000566418361322,24.60897767074122,33.5245312901456,27.28024001130018,0.8227751974654838,10.126582019498041,0.7455560463053515,6.034132633067736,2,0,False,42
ABC-SMC,1095261.71875,70.72579581290483,560774.0,36.211607456207275,0.6000566418361322,24.60897767074122,33.524531290145596,27.28024001130018,0.8227751974654838,10.126582019498041,0.7455560463053515,6.034132633067736,2,0,False,42
ABC-SMC,1089228.6821705427,70.19747551097426,562042.0,36.22189736366272,0.6000566418361322,24.60897767074122,33.5245312901456,27.28024001130018,0.8227751974654838,10.126582019498041,0.7455560463053515,6.034132633067736,2,0,False,42
ABC-SMC,1091686.046511628,70.21714042323504,563310.0,36.23204445838928,0.6000566418361322,24.60897767074122,33.524531290145596,27.28024001130018,0.8227751974654838,10.126582019498041,0.7455560463053515,6.034132633067736,2,0,False,42
ABC-SMC,1085726.9230769232,69.69665059676537,564578.0,36.24225831031799,0.6000566418361322,24.60897767074122,33.5245312901456,27.28024001130018,0.8227751974654838,10.126582019498041,0.7455560463053515,6.034132633067736,2,0,False,42
ABC-SMC,1083996.1685823754,69.44919500314413,565846.0,36.252479791641235,0.6000566418361322,24.60897767074122,33.524531290145596,27.28024001130018,0.8227751974654838,10.126582019498041,0.7455560463053515,6.034132633067736,2,0,False,42
ABC-SMC,1078163.4980988593,68.94053071170705,567114.0,36.26271915435791,0.6000566418361322,24.60897767074122,33.5245312901456,27.28024001130018,0.8227751974654838,10.126582019498041,0.7455560463053515,6.034132633067736,2,0,False,42
ABC-SMC,1076481.0606060605,68.69867037643087,568382.0,36.27289795875549,0.6000566418361322,24.60897767074122,33.524531290145596,27.28024001130018,0.8227751974654838,10.126582019498041,0.7455560463053515,6.034132633067736,2,0,False,42
ABC-SMC,1070770.6766917293,68.20171264777507,569650.0,36.28331112861633,0.6000566418361322,24.60897767074122,33.5245312901456,27.28024001130018,0.8227751974654838,10.126582019498041,0.7455560463053515,6.034132633067736,2,0,False,42
ABC-SMC,1073154.135338346,68.22086007971514,570918.0,36.29349756240845,0.6000566418361322,24.60897767074122,33.524531290145596,27.28024001130018,0.8227751974654838,10.126582019498041,0.7455560463053515,6.034132633067736,2,0,False,42
ABC-SMC,1063542.7509293682,67.47923331632934,572186.0,36.30382752418518,0.6000566418361322,24.60897767074122,33.5245312901456,27.28024001130018,0.8227751974654838,10.126582019498041,0.7455560463053515,6.034132633067736,2,0,False,42
ABC-SMC,1058033.2103321033,67.00022282195707,573454.0,36.31412076950073,0.6000566418361322,24.60897767074122,33.524531290145596,27.28024001130018,0.8227751974654838,10.126582019498041,0.7455560463053515,6.034132633067736,2,0,False,42
ABC-SMC,1056474.2647058824,66.7729452252388,574722.0,36.32448220252991,0.6000566418361322,24.60897767074122,33.5245312901456,27.28024001130018,0.8227751974654838,10.126582019498041,0.7455560463053515,6.034132633067736,2,0,False,42
ABC-SMC,1047254.5454545454,66.06308243491432,575990.0,36.33469533920288,0.6000566418361322,24.60897767074122,33.524531290145596,27.28024001130018,0.8227751974654838,10.126582019498041,0.7455560463053515,6.034132633067736,2,0,False,42
ABC-SMC,1045757.2463768115,65.84229590236276,577258.0,36.34494733810425,0.6000566418361322,24.60897767074122,33.5245312901456,27.28024001130018,0.8227751974654838,10.126582019498041,0.7455560463053515,6.034132633067736,2,0,False,42
ABC-SMC,1044270.7581227437,65.62307595345948,578526.0,36.35518407821655,0.6000566418361322,24.60897767074122,33.524531290145596,27.28024001130018,0.8227751974654838,10.126582019498041,0.7455560463053515,6.034132633067736,2,0,False,42
ABC-SMC,1046559.5667870037,65.64161536495608,579794.0,36.36545491218567,0.6000566418361322,24.60897767074122,33.5245312901456,27.28024001130018,0.8227751974654838,10.126582019498041,0.7455560463053515,6.034132633067736,2,0,False,42
ABC-SMC,1048848.3754512635,65.66009366555333,581062.0,36.37569189071655,0.6000566418361322,24.60897767074122,33.524531290145596,27.28024001130018,0.8227751974654838,10.126582019498041,0.7455560463053515,6.034132633067736,2,0,False,42
ABC-SMC,1043602.1505376343,65.20769886645793,582330.0,36.38589596748352,0.6000566418361322,24.60897767074122,33.5245312901456,27.28024001130018,0.8227751974654838,10.126582019498041,0.7455560463053515,6.034132633067736,2,0,False,42
ABC-SMC,1042139.2857142857,64.99313839844295,583598.0,36.39615750312805,0.6000566418361322,24.60897767074122,33.524531290145596,27.28024001130018,0.8227751974654838,10.126582019498041,0.7455560463053515,6.034132633067736,2,0,False,42
ABC-SMC,1036996.4539007092,64.55027380733625,584866.0,36.40635442733765,0.6000566418361322,24.60897767074122,33.5245312901456,27.28024001130018,0.8227751974654838,10.126582019498041,0.7455560463053515,6.034132633067736,2,0,False,42
ABC-SMC,1035572.4381625442,64.34031552223772,586134.0,36.41661858558655,0.6000566418361322,24.60897767074122,33.524531290145596,27.28024001130018,0.8227751974654838,10.126582019498041,0.7455560463053515,6.034132633067736,2,0,False,42
ABC-SMC,1037812.7208480566,64.35850104679066,587402.0,36.42691159248352,0.6000566418361322,24.60897767074122,33.5245312901456,27.28024001130018,0.8227751974654838,10.126582019498041,0.7455560463053515,6.034132633067736,2,0,False,42
ABC-SMC,1036390.8450704225,64.15000096173354,588670.0,36.43720054626465,0.6000566418361322,24.60897767074122,33.524531290145596,27.28024001130018,0.8227751974654838,10.126582019498041,0.7455560463053515,6.034132633067736,2,0,False,42
ABC-SMC,1038623.2394366198,64.16809978619428,589938.0,36.44748067855835,0.6000566418361322,24.60897767074122,33.5245312901456,27.28024001130018,0.8227751974654838,10.126582019498041,0.7455560463053515,6.034132633067736,2,0,False,42
ABC-SMC,1033576.9230769231,63.73725987814523,591206.0,36.45771265029907,0.6000566418361322,24.60897767074122,33.524531290145596,27.28024001130018,0.8227751974654838,10.126582019498041,0.7455560463053515,6.034132633067736,2,0,False,42
ABC-SMC,1035793.7062937062,63.75521796566623,592474.0,36.467984676361084,0.6000566418361322,24.60897767074122,33.5245312901456,27.28024001130018,0.8227751974654838,10.126582019498041,0.7455560463053515,6.034132633067736,2,0,False,42
ABC-SMC,1038010.4895104896,63.773058094344776,593742.0,36.47818922996521,0.6000566418361322,24.60897767074122,33.524531290145596,27.28024001130018,0.8227751974654838,10.126582019498041,0.7455560463053515,6.034132633067736,2,0,False,42
ABC-SMC,1040227.2727272727,63.79100826236751,595010.0,36.48845672607422,0.6000566418361322,24.60897767074122,33.5245312901456,27.28024001130018,0.8227751974654838,10.126582019498041,0.7455560463053515,6.034132633067736,2,0,False,42
ABC-SMC,1042444.0559440559,63.80890799569083,596278.0,36.498695373535156,0.6000566418361322,24.60897767074122,33.524531290145596,27.28024001130018,0.8227751974654838,10.126582019498041,0.7455560463053515,6.034132633067736,2,0,False,42
ABC-SMC,1041020.905923345,63.60445496097258,597546.0,36.50895714759827,0.6000566418361322,24.60897767074122,33.5245312901456,27.28024001130018,0.8227751974654838,10.126582019498041,0.7455560463053515,6.034132633067736,2,0,False,42
ABC-SMC,1043229.9651567944,63.62232929322778,598814.0,36.519217014312744,0.6000566418361322,24.60897767074122,33.524531290145596,27.28024001130018,0.8227751974654838,10.126582019498041,0.7455560463053515,6.034132633067736,2,0,False,42
ABC-SMC,1041809.0277777779,63.41942151387532,600082.0,36.52958679199219,0.6000566418361322,24.60897767074122,33.5245312901456,27.28024001130018,0.8227751974654838,10.126582019498041,0.7455560463053515,6.034132633067736,2,0,False,42
ABC-SMC,1044010.4166666667,63.437258617745506,601350.0,36.53986096382141,0.6000566418361322,24.60897767074122,33.524531290145596,27.28024001130018,0.8227751974654838,10.126582019498041,0.7455560463053515,6.034132633067736,2,0,False,42
ABC-SMC,1046211.8055555556,63.45505184597439,602618.0,36.55010986328125,0.6000566418361322,24.60897767074122,33.5245312901456,27.28024001130018,0.8227751974654838,10.126582019498041,0.7455560463053515,6.034132633067736,2,0,False,42
ABC-SMC,1041182.7586206896,63.03521189196356,603886.0,36.56042289733887,0.6000566418361322,24.60897767074122,33.524531290145596,27.28024001130018,0.8227751974654838,10.126582019498041,0.7455560463053515,6.034132633067736,2,0,False,42
ABC-SMC,1043368.9655172414,63.05288980747091,605154.0,36.57067608833313,0.6000566418361322,24.60897767074122,33.5245312901456,27.28024001130018,0.8227751974654838,10.126582019498041,0.7455560463053515,6.034132633067736,2,0,False,42
ABC-SMC,1045555.1724137932,63.070576766441604,606422.0,36.58093452453613,0.6000566418361322,24.60897767074122,33.524531290145596,27.28024001130018,0.8227751974654838,10.126582019498041,0.7455560463053515,6.034132633067736,2,0,False,42
ABC-SMC,1040565.0684931506,62.65627113107132,607690.0,36.591262340545654,0.6000566418361322,24.60897767074122,33.5245312901456,27.28024001130018,0.8227751974654838,10.126582019498041,0.7455560463053515,6.034132633067736,2,0,False,42
ABC-SMC,1042736.301369863,62.673933293721454,608958.0,36.601577043533325,0.6000566418361322,24.60897767074122,33.524531290145596,27.28024001130018,0.8227751974654838,10.126582019498041,0.7455560463053515,6.034132633067736,2,0,False,42
ABC-SMC,1044907.5342465753,62.69140643616246,610226.0,36.61178135871887,0.6000566418361322,24.60897767074122,33.5245312901456,27.28024001130018,0.8227751974654838,10.126582019498041,0.7455560463053515,6.034132633067736,2,0,False,42
ABC-SMC,1043505.1194539248,62.495122183711864,611494.0,36.62214159965515,0.6000566418361322,24.60897767074122,33.524531290145596,27.28024001130018,0.8227751974654838,10.126582019498041,0.7455560463053515,6.034132633067736,2,0,False,42
ABC-SMC,1045668.9419795222,62.512578410907004,612762.0,36.632370948791504,0.6000566418361322,24.60897767074122,33.5245312901456,27.28024001130018,0.8227751974654838,10.126582019498041,0.7455560463053515,6.034132633067736,2,0,False,42
ABC-SMC,1047832.7645051195,62.53009159817223,614030.0,36.64263367652893,0.6000566418361322,24.60897767074122,33.524531290145596,27.28024001130018,0.8227751974654838,10.126582019498041,0.7455560463053515,6.034132633067736,2,0,False,42
ABC-SMC,1042877.966101695,62.12355282347081,615298.0,36.65289616584778,0.6000566418361322,24.60897767074122,33.5245312901456,27.28024001130018,0.8227751974654838,10.126582019498041,0.7455560463053515,6.034132633067736,2,0,False,42
ABC-SMC,1041496.6216216217,61.93101486644229,616566.0,36.66316080093384,0.6000566418361322,24.60897767074122,33.524531290145596,27.28024001130018,0.8227751974654838,10.126582019498041,0.7455560463053515,6.034132633067736,2,0,False,42
ABC-SMC,1040124.5791245792,61.73972730283384,617834.0,36.6733980178833,0.6000566418361322,24.60897767074122,33.5245312901456,27.28024001130018,0.8227751974654838,10.126582019498041,0.7455560463053515,6.034132633067736,2,0,False,42
ABC-SMC,1035287.6254180601,61.343844120319076,619102.0,36.683618783950806,0.6000566418361322,24.60897767074122,33.524531290145596,27.28024001130018,0.8227751974654838,10.126582019498041,0.7455560463053515,6.034132633067736,2,0,False,42
ABC-SMC,1037408.0267558529,61.3615086246095,620370.0,36.69418215751648,0.6000566418361322,24.60897767074122,33.5245312901456,27.28024001130018,0.8227751974654838,10.126582019498041,0.7455560463053515,6.034132633067736,2,0,False,42
ABC-SMC,1036063.3333333333,61.17407480875651,621638.0,36.704444885253906,0.6000566418361322,24.60897767074122,33.524531290145596,27.28024001130018,0.8227751974654838,10.126582019498041,0.7455560463053515,6.034132633067736,2,0,False,42
ABC-SMC,1038176.6666666667,61.191280682881676,622906.0,36.714768409729004,0.6000566418361322,24.60897767074122,33.5245312901456,27.28024001130018,0.8227751974654838,10.126582019498041,0.7455560463053515,6.034132633067736,2,0,False,42
ABC-SMC,1040290.0,61.208394368489586,624174.0,36.72503662109375,0.6000566418361322,24.60897767074122,33.524531290145596,27.28024001130018,0.8227751974654838,10.126582019498041,0.7455560463053515,6.034132633067736,2,0,False,42
ABC-SMC,1038940.1993355482,61.0222329332979,625442.0,36.73538422584534,0.6000566418361322,24.60897767074122,33.5245312901456,27.28024001130018,0.8227751974654838,10.126582019498041,0.7455560463053515,6.034132633067736,2,0,False,42
ABC-SMC,1041046.5116279069,61.03930758479426,626710.0,36.74566316604614,0.6000566418361322,24.60897767074122,33.524531290145596,27.28024001130018,0.8227751974654838,10.126582019498041,0.7455560463053515,6.034132633067736,2,0,False,42
ABC-SMC,1039698.6754966888,60.854309442027514,627978.0,36.75600290298462,0.6000566418361322,24.60897767074122,33.5245312901456,27.28024001130018,0.8227751974654838,10.126582019498041,0.7455560463053515,6.034132633067736,2,0,False,42
ABC-SMC,1041798.0132450332,60.87158649962469,629246.0,36.766438245773315,0.6000566418361322,24.60897767074122,33.524531290145596,27.28024001130018,0.8227751974654838,10.126582019498041,0.7455560463053515,6.034132633067736,2,0,False,42
ABC-SMC,1040452.1452145213,60.68781106778891,630514.0,36.77681350708008,0.6000566418361322,24.60897767074122,33.5245312901456,27.28024001130018,0.8227751974654838,10.126582019498041,0.7455560463053515,6.034132633067736,2,0,False,42
ABC-SMC,1039115.1315789473,60.505029010145286,631782.0,36.787057638168335,0.6000566418361322,24.60897767074122,33.524531290145596,27.28024001130018,0.8227751974654838,10.126582019498041,0.7455560463053515,6.034132633067736,2,0,False,42
ABC-SMC,1041200.6578947369,60.52201986312866,633050.0,36.79738807678223,0.6000566418361322,24.60897767074122,33.5245312901456,27.28024001130018,0.8227751974654838,10.126582019498041,0.7455560463053515,6.034132633067736,2,0,False,42
ABC-SMC,1043286.1842105263,60.53884445052398,634318.0,36.80761742591858,0.6000566418361322,24.60897767074122,33.524531290145596,27.28024001130018,0.8227751974654838,10.126582019498041,0.7455560463053515,6.034132633067736,2,0,False,42
ABC-SMC,1045371.7105263158,60.55565492102975,635586.0,36.817838191986084,0.6000566418361322,24.60897767074122,33.5245312901456,27.28024001130018,0.8227751974654838,10.126582019498041,0.7455560463053515,6.034132633067736,2,0,False,42
ABC-SMC,1044022.9508196721,60.37401371314877,636854.0,36.82814836502075,0.6000566418361322,24.60897767074122,33.524531290145596,27.28024001130018,0.8227751974654838,10.126582019498041,0.7455560463053515,6.034132633067736,2,0,False,42
ABC-SMC,1039286.64495114,59.99737337280174,638122.0,36.83838725090027,0.6000566418361322,24.60897767074122,33.5245312901456,27.28024001130018,0.8227751974654838,10.126582019498041,0.7455560463053515,6.034132633067736,2,0,False,42
ABC-SMC,1041351.7915309446,60.014097232383705,639390.0,36.848655700683594,0.6000566418361322,24.60897767074122,33.524531290145596,27.28024001130018,0.8227751974654838,10.126582019498041,0.7455560463053515,6.034132633067736,2,0,False,42
ABC-SMC,1043416.9381107492,60.03072090956598,640658.0,36.85886263847351,0.6000566418361322,24.60897767074122,33.5245312901456,27.28024001130018,0.8227751974654838,10.126582019498041,0.7455560463053515,6.034132633067736,2,0,False,42
ABC-SMC,1042087.6623376623,59.85262757771975,641926.0,36.869218587875366,0.6000566418361322,24.60897767074122,33.524531290145596,27.28024001130018,0.8227751974654838,10.126582019498041,0.7455560463053515,6.034132633067736,2,0,False,42
ABC-SMC,1037409.6774193549,59.48306322097778,643194.0,36.879499197006226,0.6000566418361322,24.60897767074122,33.5245312901456,27.28024001130018,0.8227751974654838,10.126582019498041,0.7455560463053515,6.034132633067736,2,0,False,42
ABC-SMC,1036112.540192926,59.308264416513715,644462.0,36.88974046707153,0.6000566418361322,24.60897767074122,33.524531290145596,27.28024001130018,0.8227751974654838,10.126582019498041,0.7455560463053515,6.034132633067736,2,0,False,42
ABC-SMC,1034823.717948718,59.13450396977938,645730.0,36.899930477142334,0.6000566418361322,24.60897767074122,33.5245312901456,27.28024001130018,0.8227751974654838,10.126582019498041,0.7455560463053515,6.034132633067736,2,0,False,42
ABC-SMC,1033543.1309904155,58.961992065746564,646998.0,36.91020703315735,0.6000566418361322,24.60897767074122,33.524531290145596,27.28024001130018,0.8227751974654838,10.126582019498041,0.7455560463053515,6.034132633067736,2,0,False,42
ABC-SMC,1035568.6900958467,58.97839076983662,648266.0,36.920472621917725,0.6000566418361322,24.60897767074122,33.5245312901456,27.28024001130018,0.8227751974654838,10.126582019498041,0.7455560463053515,6.034132633067736,2,0,False,42
ABC-SMC,1037594.249201278,58.99473767691907,649534.0,36.93070578575134,0.6000566418361322,24.60897767074122,33.524531290145596,27.28024001130018,0.8227751974654838,10.126582019498041,0.7455560463053515,6.034132633067736,2,0,False,42
ABC-SMC,1036308.9171974523,58.82332013670806,650802.0,36.94104504585266,0.6000566418361322,24.60897767074122,33.5245312901456,27.28024001130018,0.8227751974654838,10.126582019498041,0.7455560463053515,6.034132633067736,2,0,False,42
ABC-SMC,1038328.0254777072,58.83966661562585,652070.0,36.95131063461304,0.6000566418361322,24.60897767074122,33.524531290145596,27.28024001130018,0.8227751974654838,10.126582019498041,0.7455560463053515,6.034132633067736,2,0,False,42
ABC-SMC,1040347.1337579617,58.856023345023964,653338.0,36.96158266067505,0.6000566418361322,24.60897767074122,33.5245312901456,27.28024001130018,0.8227751974654838,10.126582019498041,0.7455560463053515,6.034132633067736,2,0,False,42
ABC-SMC,1039057.142857143,58.68556915767609,654606.0,36.97190856933594,0.6000566418361322,24.60897767074122,33.524531290145596,27.28024001130018,0.8227751974654838,10.126582019498041,0.7455560463053515,6.034132633067736,2,0,False,42
ABC-SMC,1041069.8412698412,58.70189704592266,655874.0,36.982195138931274,0.6000566418361322,24.60897767074122,33.5245312901456,27.28024001130018,0.8227751974654838,10.126582019498041,0.7455560463053515,6.034132633067736,2,0,False,42
ABC-SMC,1043082.5396825396,58.71813978467669,657142.0,36.99242806434631,0.6000566418361322,24.60897767074122,33.524531290145596,27.28024001130018,0.8227751974654838,10.126582019498041,0.7455560463053515,6.034132633067736,2,0,False,42
ABC-SMC,1041787.9746835442,58.54859005046796,658410.0,37.00270891189575,0.6000566418361322,24.60897767074122,33.5245312901456,27.28024001130018,0.8227751974654838,10.126582019498041,0.7455560463053515,6.034132633067736,2,0,False,42
ABC-SMC,1043794.3037974683,58.56476592112191,659678.0,37.01293206214905,0.6000566418361322,24.60897767074122,33.524531290145596,27.28024001130018,0.8227751974654838,10.126582019498041,0.7455560463053515,6.034132633067736,2,0,False,42
ABC-SMC,1045800.6329113923,58.58106703697881,660946.0,37.023234367370605,0.6000566418361322,24.60897767074122,33.5245312901456,27.28024001130018,0.8227751974654838,10.126582019498041,0.7455560463053515,6.034132633067736,2,0,False,42
ABC-SMC,1047806.9620253163,58.59740021862561,662214.0,37.03355693817139,0.6000566418361322,24.60897767074122,33.524531290145596,27.28024001130018,0.8227751974654838,10.126582019498041,0.7455560463053515,6.034132633067736,2,0,False,42
ABC-SMC,1049813.2911392406,58.61368624469902,663482.0,37.04384970664978,0.6000566418361322,24.60897767074122,33.5245312901456,27.28024001130018,0.8227751974654838,10.126582019498041,0.7455560463053515,6.034132633067736,2,0,False,42
ABC-SMC,1048501.5772870663,58.44510165674829,664750.0,37.05419445037842,0.6000566418361322,24.60897767074122,33.524531290145596,27.28024001130018,0.8227751974654838,10.126582019498041,0.7455560463053515,6.034132633067736,2,0,False,42
ABC-SMC,1050501.5772870663,58.46132765809068,666018.0,37.06448173522949,0.6000566418361322,24.60897767074122,33.5245312901456,27.28024001130018,0.8227751974654838,10.126582019498041,0.7455560463053515,6.034132633067736,2,0,False,42
ABC-SMC,1049191.823899371,58.29358663199083,667286.0,37.07472109794617,0.6000566418361322,24.60897767074122,33.524531290145596,27.28024001130018,0.8227751974654838,10.126582019498041,0.7455560463053515,6.034132633067736,2,0,False,42
ABC-SMC,1051185.534591195,58.309734242517244,668554.0,37.08499097824097,0.6000566418361322,24.60897767074122,33.5245312901456,27.28024001130018,0.8227751974654838,10.126582019498041,0.7455560463053515,6.034132633067736,2,0,False,42
ABC-SMC,1053179.2452830188,58.32584324122975,669822.0,37.09523630142212,0.6000566418361322,24.60897767074122,33.524531290145596,27.28024001130018,0.8227751974654838,10.126582019498041,0.7455560463053515,6.034132633067736,2,0,False,42
ABC-SMC,1051865.2037617555,58.15910994072319,671090.0,37.1055121421814,0.6000566418361322,24.60897767074122,33.5245312901456,27.28024001130018,0.8227751974654838,10.126582019498041,0.7455560463053515,6.034132633067736,2,0,False,42
ABC-SMC,1053852.6645768024,58.175227111409825,672358.0,37.11579489707947,0.6000566418361322,24.60897767074122,33.524531290145596,27.28024001130018,0.8227751974654838,10.126582019498041,0.7455560463053515,6.034132633067736,2,0,False,42
ABC-SMC,1052540.625,58.00958648324013,673626.0,37.12613534927368,0.6000566418361322,24.60897767074122,33.5245312901456,27.28024001130018,0.8227751974654838,10.126582019498041,0.7455560463053515,6.034132633067736,2,0,False,42
ABC-SMC,1051236.7601246105,57.84524192691221,674894.0,37.13664531707764,0.6000566418361322,24.60897767074122,33.524531290145596,27.28024001130018,0.8227751974654838,10.126582019498041,0.7455560463053515,6.034132633067736,2,0,False,42
ABC-SMC,1053211.8380062305,57.86147035913675,676162.0,37.147063970565796,0.6000566418361322,24.60897767074122,33.5245312901456,27.28024001130018,0.8227751974654838,10.126582019498041,0.7455560463053515,6.034132633067736,2,0,False,42
ABC-SMC,1055186.9158878506,57.8774150658248,677430.0,37.15730047225952,0.6000566418361322,24.60897767074122,33.524531290145596,27.28024001130018,0.8227751974654838,10.126582019498041,0.7455560463053515,6.034132633067736,2,0,False,42
ABC-SMC,1053878.8819875775,57.713772939599075,678698.0,37.16766977310181,0.6000566418361322,24.60897767074122,33.5245312901456,27.28024001130018,0.8227751974654838,10.126582019498041,0.7455560463053515,6.034132633067736,2,0,False,42
ABC-SMC,1052578.9473684211,57.55095031608369,679966.0,37.17791390419006,0.6000566418361322,24.60897767074122,33.524531290145596,27.28024001130018,0.8227751974654838,10.126582019498041,0.7455560463053515,6.034132633067736,2,0,False,42
ABC-SMC,1048052.3076923077,57.21275806427002,681234.0,37.18829274177551,0.6000566418361322,24.60897767074122,33.5245312901456,27.28024001130018,0.8227751974654838,10.126582019498041,0.7455560463053515,6.034132633067736,2,0,False,42
ABC-SMC,1046782.208588957,57.05311985834976,682502.0,37.19863414764404,0.6000566418361322,24.60897767074122,33.524531290145596,27.28024001130018,0.8227751974654838,10.126582019498041,0.7455560463053515,6.034132633067736,2,0,False,42
ABC-SMC,1048726.9938650306,57.068890223473865,683770.0,37.208916425704956,0.6000566418361322,24.60897767074122,33.5245312901456,27.28024001130018,0.8227751974654838,10.126582019498041,0.7455560463053515,6.034132633067736,2,0,False,42
ABC-SMC,1050671.7791411043,57.084590379445835,685038.0,37.21915292739868,0.6000566418361322,24.60897767074122,33.524531290145596,27.28024001130018,0.8227751974654838,10.126582019498041,0.7455560463053515,6.034132633067736,2,0,False,42
ABC-SMC,1052616.5644171778,57.10030369963383,686306.0,37.229398012161255,0.6000566418361322,24.60897767074122,33.5245312901456,27.28024001130018,0.8227751974654838,10.126582019498041,0.7455560463053515,6.034132633067736,2,0,False,42
ABC-SMC,1051336.3914373089,56.94145930287306,687574.0,37.23971438407898,0.6000566418361322,24.60897767074122,33.524531290145596,27.28024001130018,0.8227751974654838,10.126582019498041,0.7455560463053515,6.034132633067736,2,0,False,42
ABC-SMC,1053275.2293577984,56.957213521368274,688842.0,37.25001764297485,0.6000566418361322,24.60897767074122,33.5245312901456,27.28024001130018,0.8227751974654838,10.126582019498041,0.7455560463053515,6.034132633067736,2,0,False,42
ABC-SMC,1051996.9512195121,56.79917299165958,690110.0,37.26025748252869,0.6000566418361322,24.60897767074122,33.524531290145596,27.28024001130018,0.8227751974654838,10.126582019498041,0.7455560463053515,6.034132633067736,2,0,False,42
ABC-SMC,1053929.8780487804,56.81506235425065,691378.0,37.27068090438843,0.6000566418361322,24.60897767074122,33.5245312901456,27.28024001130018,0.8227751974654838,10.126582019498041,0.7455560463053515,6.034132633067736,2,0,False,42
ABC-SMC,1055862.8048780488,56.83069985087325,692646.0,37.28093910217285,0.6000566418361322,24.60897767074122,33.524531290145596,27.28024001130018,0.8227751974654838,10.126582019498041,0.7455560463053515,6.034132633067736,2,0,False,42
ABC-SMC,1054580.547112462,56.673683294046974,693914.0,37.29128360748291,0.6000566418361322,24.60897767074122,33.5245312901456,27.28024001130018,0.8227751974654838,10.126582019498041,0.7455560463053515,6.034132633067736,2,0,False,42
ABC-SMC,1056507.5987841943,56.689327248686354,695182.0,37.30157732963562,0.6000566418361322,24.60897767074122,33.524531290145596,27.28024001130018,0.8227751974654838,10.126582019498041,0.7455560463053515,6.034132633067736,2,0,False,42
ABC-SMC,1058434.650455927,56.704886778509724,696450.0,37.3118155002594,0.6000566418361322,24.60897767074122,33.5245312901456,27.28024001130018,0.8227751974654838,10.126582019498041,0.7455560463053515,6.034132633067736,2,0,False,42
ABC-SMC,1060361.7021276595,56.72043181480246,697718.0,37.322044134140015,0.6000566418361322,24.60897767074122,33.524531290145596,27.28024001130018,0.8227751974654838,10.126582019498041,0.7455560463053515,6.034132633067736,2,0,False,42
ABC-SMC,1062288.753799392,56.73599533034675,698986.0,37.332284927368164,0.6000566418361322,24.60897767074122,33.5245312901456,27.28024001130018,0.8227751974654838,10.126582019498041,0.7455560463053515,6.034132633067736,2,0,False,42
ABC-SMC,1064215.8054711246,56.752016841459415,700254.0,37.3428270816803,0.6000566418361322,24.60897767074122,33.524531290145596,27.28024001130018,0.8227751974654838,10.126582019498041,0.7455560463053515,6.034132633067736,2,0,False,42
ABC-SMC,1062912.1212121213,56.595594955213144,701522.0,37.353092670440674,0.6000566418361322,24.60897767074122,33.5245312901456,27.28024001130018,0.8227751974654838,10.126582019498041,0.7455560463053515,6.034132633067736,2,0,False,42
ABC-SMC,1064833.3333333333,56.611128286881886,702790.0,37.36334466934204,0.6000566418361322,24.60897767074122,33.524531290145596,27.28024001130018,0.8227751974654838,10.126582019498041,0.7455560463053515,6.034132633067736,2,0,False,42
ABC-SMC,1063531.7220543807,56.45563307125403,704058.0,37.373629093170166,0.6000566418361322,24.60897767074122,33.5245312901456,27.28024001130018,0.8227751974654838,10.126582019498041,0.7455560463053515,6.034132633067736,2,0,False,42
ABC-SMC,1065447.1299093654,56.47114396455425,705326.0,37.38389730453491,0.6000566418361322,24.60897767074122,33.524531290145596,27.28024001130018,0.8227751974654838,10.126582019498041,0.7455560463053515,6.034132633067736,2,0,False,42
ABC-SMC,1067362.5377643504,56.48661704221881,706594.0,37.39414048194885,0.6000566418361322,24.60897767074122,33.5245312901456,27.28024001130018,0.8227751974654838,10.126582019498041,0.7455560463053515,6.034132633067736,2,0,False,42
ABC-SMC,1069277.9456193352,56.50214054073092,707862.0,37.40441703796387,0.6000566418361322,24.60897767074122,33.524531290145596,27.28024001130018,0.8227751974654838,10.126582019498041,0.7455560463053515,6.034132633067736,2,0,False,42
ABC-SMC,1071193.3534743201,56.51764062956381,709130.0,37.41467809677124,0.6000566418361322,24.60897767074122,33.5245312901456,27.28024001130018,0.8227751974654838,10.126582019498041,0.7455560463053515,6.034132633067736,2,0,False,42
ABC-SMC,1066663.6636636637,56.193612001321696,710398.0,37.42494559288025,0.6000566418361322,24.60897767074122,33.524531290145596,27.28024001130018,0.8227751974654838,10.126582019498041,0.7455560463053515,6.034132633067736,2,0,False,42
ABC-SMC,1068567.5675675676,56.20896529864979,711666.0,37.43517088890076,0.6000566418361322,24.60897767074122,33.5245312901456,27.28024001130018,0.8227751974654838,10.126582019498041,0.7455560463053515,6.034132633067736,2,0,False,42
ABC-SMC,1067266.4670658682,56.05607903646138,712934.0,37.4454607963562,0.6000566418361322,24.60897767074122,33.524531290145596,27.28024001130018,0.8227751974654838,10.126582019498041,0.7455560463053515,6.034132633067736,2,0,False,42
ABC-SMC,1069164.6706586825,56.071485231022635,714202.0,37.45575213432312,0.6000566418361322,24.60897767074122,33.5245312901456,27.28024001130018,0.8227751974654838,10.126582019498041,0.7455560463053515,6.034132633067736,2,0,False,42
ABC-SMC,1071062.874251497,56.08681683054941,715470.0,37.46599364280701,0.6000566418361322,24.60897767074122,33.524531290145596,27.28024001130018,0.8227751974654838,10.126582019498041,0.7455560463053515,6.034132633067736,2,0,False,42
ABC-SMC,1072961.0778443115,56.10211844929678,716738.0,37.47621512413025,0.6000566418361322,24.60897767074122,33.5245312901456,27.28024001130018,0.8227751974654838,10.126582019498041,0.7455560463053515,6.034132633067736,2,0,False,42
ABC-SMC,1071650.7462686568,55.949906804668366,718006.0,37.48643755912781,0.6000566418361322,24.60897767074122,33.524531290145596,27.28024001130018,0.8227751974654838,10.126582019498041,0.7455560463053515,6.034132633067736,2,0,False,42
ABC-SMC,1073543.2835820895,55.965173066552005,719274.0,37.496665954589844,0.6000566418361322,24.60897767074122,33.5245312901456,27.28024001130018,0.8227751974654838,10.126582019498041,0.7455560463053515,6.034132633067736,2,0,False,42
ABC-SMC,1075435.8208955224,55.9804987551561,720542.0,37.50693416595459,0.6000566418361322,24.60897767074122,33.524531290145596,27.28024001130018,0.8227751974654838,10.126582019498041,0.7455560463053515,6.034132633067736,2,0,False,42
ABC-SMC,1077328.3582089553,55.99604364651353,721810.0,37.51734924316406,0.6000566418361322,24.60897767074122,33.5245312901456,27.28024001130018,0.8227751974654838,10.126582019498041,0.7455560463053515,6.034132633067736,2,0,False,42
ABC-SMC,1072816.0237388725,55.67893394730565,723078.0,37.52760148048401,0.6000566418361322,24.60897767074122,33.524531290145596,27.28024001130018,0.8227751974654838,10.126582019498041,0.7455560463053515,6.034132633067736,2,0,False,42
ABC-SMC,1071517.75147929,55.529302393896344,724346.0,37.537808418273926,0.6000566418361322,24.60897767074122,33.5245312901456,27.28024001130018,0.8227751974654838,10.126582019498041,0.7455560463053515,6.034132633067736,2,0,False,42
ABC-SMC,1073393.4911242605,55.54441128962139,725614.0,37.54802203178406,0.6000566418361322,24.60897767074122,33.524531290145596,27.28024001130018,0.8227751974654838,10.126582019498041,0.7455560463053515,6.034132633067736,2,0,False,42
ABC-SMC,1075269.2307692308,55.559642216157634,726882.0,37.55831813812256,0.6000566418361322,24.60897767074122,33.5245312901456,27.28024001130018,0.8227751974654838,10.126582019498041,0.7455560463053515,6.034132633067736,2,0,False,42
ABC-SMC,1073967.5516224187,55.41095550784671,728150.0,37.56862783432007,0.6000566418361322,24.60897767074122,33.524531290145596,27.28024001130018,0.8227751974654838,10.126582019498041,0.7455560463053515,6.034132633067736,2,0,False,42
ABC-SMC,1072673.5294117648,55.263218108345484,729418.0,37.57898831367493,0.6000566418361322,24.60897767074122,33.5245312901456,27.28024001130018,0.8227751974654838,10.126582019498041,0.7455560463053515,6.034132633067736,2,0,False,42
ABC-SMC,1071293.2551319648,55.58827965140693,730622.0,37.91120672225952,0.5997472215943462,24.620576328146917,33.513956995571206,27.28024001130001,0.8159249353929228,10.13730471360659,0.7472937402305996,6.039604335399697,2,0,False,42
ABC-SMC,1072967.7419354839,56.14976309611301,731764.0,38.29413843154907,0.5963178113680276,24.636177814489017,33.579334552484255,27.280240011300656,0.8118777142115883,10.131891185053124,0.7457134363601778,6.036236796688761,2,0,False,42
ABC-SMC,1074557.1847507332,56.66594211656677,732848.0,38.646172523498535,0.5934465733150341,24.656666878542897,33.584524724493576,27.280240011321872,0.8265872651344435,10.123000974583752,0.7493197296711593,6.031165496946367,2,0,False,42
ABC-SMC,1072918.1286549708,56.52815591522128,733876.0,38.66525864601135,0.5899268220411382,24.6899884178995,33.636077737131295,27.28024001132327,0.8334734612439588,10.119983883028159,0.7475511762864601,6.029067693142629,2,0,False,42
ABC-SMC,1613763.1578947369,84.83973616047909,735876.0,38.68691968917847,0.5869363951387084,24.494231475534395,33.55712308975676,27.28024001114992,0.8077192133237573,10.119932822661863,0.7485863450337243,6.028985703592848,2,0,False,42
ABC-SMC,1610864.6288209606,84.50917125268795,737776.0,38.70520043373108,0.5848511251831067,24.52265870545678,33.594907391895106,27.280240011150603,0.7980925117831904,10.11510749036637,0.7449911409789662,6.025931687537781,2,0,False,42
ABC-SMC,1600826.83982684,83.81306660639775,739582.0,38.72163677215576,0.5797948131992988,24.53477420707583,33.630094787689714,27.28024001115121,0.7960838847597411,10.108372353242913,0.7430862047560879,6.021795011502755,2,0,False,42
ABC-SMC,1604683.9826839827,84.56124733020732,741364.0,39.067296266555786,0.5784092261999586,24.53560989121285,33.65269540399959,27.28024001115102,0.7943016818811804,10.106588342321853,0.741935946436782,6.020605987787109,2,0,False,42
ABC-SMC,1608541.1255411254,84.6070603374795,743146.0,39.08846187591553,0.5784092261999586,24.53560989121285,33.65269540399959,27.28024001115102,0.7943016818811803,10.106588342321853,0.741935946436782,6.020605987787109,2,0,False,42
ABC-SMC,1598557.9399141632,83.92599519230265,744928.0,39.10951375961304,0.5784092261999586,24.53560989121285,33.65269540399959,27.28024001115102,0.7943016818811803,10.106588342321853,0.741935946436782,6.020605987787109,2,0,False,42
ABC-SMC,1595534.188034188,83.60551055679974,746710.0,39.127378940582275,0.5784092261999586,24.53560989121285,33.65269540399959,27.28024001115102,0.7943016818811803,10.106588342321853,0.741935946436782,6.020605987787109,2,0,False,42
ABC-SMC,1599341.8803418803,83.6403767267863,748492.0,39.143696308135986,0.5784092261999586,24.53560989121285,33.65269540399959,27.28024001115102,0.7943016818811803,10.106588342321853,0.741935946436782,6.020605987787109,2,0,False,42
ABC-SMC,1596327.6595744682,83.31540746891753,750274.0,39.158241510391235,0.5784092261999586,24.53560989121285,33.65269540399959,27.28024001115102,0.7943016818811803,10.106588342321853,0.741935946436782,6.020605987787109,2,0,False,42
ABC-SMC,1600119.1489361702,83.34355049944939,752056.0,39.17146873474121,0.5784092261999586,24.53560989121285,33.65269540399959,27.28024001115102,0.7943016818811803,10.106588342321853,0.741935946436782,6.020605987787109,2,0,False,42
ABC-SMC,1590375.5274261602,82.66578394652419,753838.0,39.183581590652466,0.5784092261999586,24.53560989121285,33.65269540399959,27.28024001115102,0.7943016818811803,10.106588342321853,0.741935946436782,6.020605987787109,2,0,False,42
ABC-SMC,1594135.0210970463,82.68958455902614,755620.0,39.194863080978394,0.5784092261999586,24.53560989121285,33.65269540399959,27.28024001115102,0.7943016818811803,10.106588342321853,0.741935946436782,6.020605987787109,2,0,False,42
ABC-SMC,1584523.0125523012,82.02032314683603,757402.0,39.20571446418762,0.5784092261999586,24.53560989121285,33.65269540399959,27.28024001115102,0.7943016818811803,10.106588342321853,0.741935946436782,6.020605987787109,2,0,False,42
ABC-SMC,1581633.3333333335,81.70174856980641,759184.0,39.21683931350708,0.5784092261999586,24.53560989121285,33.65269540399959,27.28024001115102,0.7943016818811803,10.106588342321853,0.741935946436782,6.020605987787109,2,0,False,42
ABC-SMC,1572243.8016528927,81.04952209251971,760966.0,39.22796869277954,0.5784092261999586,24.53560989121285,33.65269540399959,27.28024001115102,0.7943016818811803,10.106588342321853,0.741935946436782,6.020605987787109,2,0,False,42
ABC-SMC,1569440.329218107,80.7386401258869,762748.0,39.23897910118103,0.5784092261999586,24.53560989121285,33.65269540399959,27.28024001115102,0.7943016818811803,10.106588342321853,0.741935946436782,6.020605987787109,2,0,False,42
ABC-SMC,1573106.9958847736,80.76095581054688,764530.0,39.24982452392578,0.5784092261999586,24.53560989121285,33.65269540399959,27.28024001115102,0.7943016818811803,10.106588342321853,0.741935946436782,6.020605987787109,2,0,False,42
ABC-SMC,1570311.475409836,80.45229364614018,766312.0,39.260719299316406,0.5784092261999586,24.53560989121285,33.65269540399959,27.28024001115102,0.7943016818811803,10.106588342321853,0.741935946436782,6.020605987787109,2,0,False,42
ABC-SMC,1567538.775510204,80.14616285051618,768094.0,39.27161979675293,0.5784092261999586,24.53560989121285,33.65269540399959,27.28024001115102,0.7943016818811803,10.106588342321853,0.741935946436782,6.020605987787109,2,0,False,42
ABC-SMC,1571175.5102040817,80.16829442004767,769876.0,39.282464265823364,0.5784092261999586,24.53560989121285,33.65269540399959,27.28024001115102,0.7943016818811803,10.106588342321853,0.741935946436782,6.020605987787109,2,0,False,42
ABC-SMC,1568410.569105691,79.86456252695099,771658.0,39.29336476325989,0.5784092261999586,24.53560989121285,33.65269540399959,27.28024001115102,0.7943016818811803,10.106588342321853,0.741935946436782,6.020605987787109,2,0,False,42
ABC-SMC,1565668.016194332,79.56335177788368,773440.0,39.304295778274536,0.5784092261999586,24.53560989121285,33.65269540399959,27.28024001115102,0.7943016818811803,10.106588342321853,0.741935946436782,6.020605987787109,2,0,False,42
ABC-SMC,1562947.5806451612,79.26448795103258,775222.0,39.31518602371216,0.5784092261999586,24.53560989121285,33.65269540399959,27.28024001115102,0.7943016818811803,10.106588342321853,0.741935946436782,6.020605987787109,2,0,False,42
ABC-SMC,1566540.322580645,79.28645322399755,777004.0,39.32608079910278,0.5784092261999586,24.53560989121285,33.65269540399959,27.28024001115102,0.7943016818811803,10.106588342321853,0.741935946436782,6.020605987787109,2,0,False,42
ABC-SMC,1570133.064516129,79.30843724358466,778786.0,39.33698487281799,0.5784092261999586,24.53560989121285,33.65269540399959,27.28024001115102,0.7943016818811803,10.106588342321853,0.741935946436782,6.020605987787109,2,0,False,42
ABC-SMC,1561136.0,78.696035861969,780568.0,39.3480179309845,0.5784092261999586,24.53560989121285,33.65269540399959,27.28024001115102,0.7943016818811803,10.106588342321853,0.741935946436782,6.020605987787109,2,0,False,42
ABC-SMC,1564700.0,78.71781253814697,782350.0,39.358906269073486,0.5784092261999586,24.53560989121285,33.65269540399959,27.28024001115102,0.7943016818811803,10.106588342321853,0.741935946436782,6.020605987787109,2,0,False,42
ABC-SMC,1568264.0,78.7395715713501,784132.0,39.36978578567505,0.5784092261999586,24.53560989121285,33.65269540399959,27.28024001115102,0.7943016818811803,10.106588342321853,0.741935946436782,6.020605987787109,2,0,False,42
ABC-SMC,1559353.1746031747,78.13632440945459,785914.0,39.38070750236511,0.5784092261999586,24.53560989121285,33.65269540399959,27.28024001115102,0.7943016818811803,10.106588342321853,0.741935946436782,6.020605987787109,2,0,False,42
ABC-SMC,1562888.888888889,78.15796941045731,787696.0,39.39161658287048,0.5784092261999586,24.53560989121285,33.65269540399959,27.28024001115102,0.7943016818811803,10.106588342321853,0.741935946436782,6.020605987787109,2,0,False,42
ABC-SMC,1554090.5511811024,77.56410198887502,789478.0,39.40256381034851,0.5784092261999586,24.53560989121285,33.65269540399959,27.28024001115102,0.7943016818811803,10.106588342321853,0.741935946436782,6.020605987787109,2,0,False,42
ABC-SMC,1545429.6875,76.97943598031998,791260.0,39.41347122192383,0.5784092261999586,24.53560989121285,33.65269540399959,27.28024001115102,0.7943016818811803,10.106588342321853,0.741935946436782,6.020605987787109,2,0,False,42
ABC-SMC,1542883.2684824902,76.70126722016687,793042.0,39.42445135116577,0.5784092261999586,24.53560989121285,33.65269540399959,27.28024001115102,0.7943016818811803,10.106588342321853,0.741935946436782,6.020605987787109,2,0,False,42
ABC-SMC,1534409.2664092663,76.13010065896171,794824.0,39.43539214134216,0.5784092261999586,24.53560989121285,33.65269540399959,27.28024001115102,0.7943016818811803,10.106588342321853,0.741935946436782,6.020605987787109,2,0,False,42
ABC-SMC,1526065.134099617,75.56758347142245,796606.0,39.44627857208252,0.5784092261999586,24.53560989121285,33.65269540399959,27.28024001115102,0.7943016818811803,10.106588342321853,0.741935946436782,6.020605987787109,2,0,False,42
ABC-SMC,1529478.927203065,75.58842408702748,798388.0,39.457157373428345,0.5784092261999586,24.53560989121285,33.65269540399959,27.28024001115102,0.7943016818811803,10.106588342321853,0.741935946436782,6.020605987787109,2,0,False,42
ABC-SMC,1527041.9847328244,75.32065651798976,800170.0,39.468024015426636,0.5784092261999586,24.53560989121285,33.65269540399959,27.28024001115102,0.7943016818811803,10.106588342321853,0.741935946436782,6.020605987787109,2,0,False,42
ABC-SMC,1524623.5741444866,75.05491976502276,801952.0,39.47888779640198,0.5784092261999586,24.53560989121285,33.65269540399959,27.28024001115102,0.7943016818811803,10.106588342321853,0.741935946436782,6.020605987787109,2,0,False,42
ABC-SMC,1522223.4848484849,74.79137588631022,803734.0,39.4898464679718,0.5784092261999586,24.53560989121285,33.65269540399959,27.28024001115102,0.7943016818811803,10.106588342321853,0.741935946436782,6.020605987787109,2,0,False,42
ABC-SMC,1519841.5094339624,74.53032214686556,805516.0,39.501070737838745,0.5784092261999586,24.53560989121285,33.65269540399959,27.28024001115102,0.7943016818811803,10.106588342321853,0.741935946436782,6.020605987787109,2,0,False,42
ABC-SMC,1523203.7735849055,74.5513844040205,807298.0,39.51223373413086,0.5784092261999586,24.53560989121285,33.65269540399959,27.28024001115102,0.7943016818811803,10.106588342321853,0.741935946436782,6.020605987787109,2,0,False,42
ABC-SMC,1526566.037735849,74.57221364075282,809080.0,39.523273229599,0.5784092261999586,24.53560989121285,33.65269540399959,27.28024001115102,0.7943016818811803,10.106588342321853,0.741935946436782,6.020605987787109,2,0,False,42
ABC-SMC,1529928.3018867925,74.59296910267956,810862.0,39.534273624420166,0.5784092261999586,24.53560989121285,33.65269540399959,27.28024001115102,0.7943016818811803,10.106588342321853,0.741935946436782,6.020605987787109,2,0,False,42
ABC-SMC,1533290.5660377357,74.61373940953668,812644.0,39.54528188705444,0.5784092261999586,24.53560989121285,33.65269540399959,27.28024001115102,0.7943016818811803,10.106588342321853,0.741935946436782,6.020605987787109,2,0,False,42
ABC-SMC,1536652.8301886793,74.63496136215497,814426.0,39.55652952194214,0.5784092261999586,24.53560989121285,33.65269540399959,27.28024001115102,0.7943016818811803,10.106588342321853,0.741935946436782,6.020605987787109,2,0,False,42
ABC-SMC,1540015.0943396227,74.65566644128764,816208.0,39.567503213882446,0.5784092261999586,24.53560989121285,33.65269540399959,27.28024001115102,0.7943016818811803,10.106588342321853,0.741935946436782,6.020605987787109,2,0,False,42
ABC-SMC,1543377.358490566,74.67630089453931,817990.0,39.578439474105835,0.5784092261999586,24.53560989121285,33.65269540399959,27.28024001115102,0.7943016818811803,10.106588342321853,0.741935946436782,6.020605987787109,2,0,False,42
ABC-SMC,1535153.5580524344,74.1375122177467,819772.0,39.58943152427673,0.5784092261999586,24.53560989121285,33.65269540399959,27.28024001115102,0.7943016818811803,10.106588342321853,0.741935946436782,6.020605987787109,2,0,False,42
ABC-SMC,1538490.6367041199,74.15793406382929,821554.0,39.60033679008484,0.5784092261999586,24.53560989121285,33.65269540399959,27.28024001115102,0.7943016818811803,10.106588342321853,0.741935946436782,6.020605987787109,2,0,False,42
ABC-SMC,1519070.110701107,73.08349178286056,823336.0,39.611252546310425,0.5784092261999586,24.53560989121285,33.65269540399959,27.28024001115102,0.7943016818811803,10.106588342321853,0.741935946436782,6.020605987787109,2,0,False,42
ABC-SMC,1516761.0294117646,72.83489493762745,825118.0,39.622182846069336,0.5784092261999586,24.53560989121285,33.65269540399959,27.28024001115102,0.7943016818811803,10.106588342321853,0.741935946436782,6.020605987787109,2,0,False,42
ABC-SMC,1520036.7647058824,72.85500011023353,826900.0,39.63312005996704,0.5784092261999586,24.53560989121285,33.65269540399959,27.28024001115102,0.7943016818811803,10.106588342321853,0.741935946436782,6.020605987787109,2,0,False,42
ABC-SMC,1523312.5,72.8751201840008,828682.0,39.644065380096436,0.5784092261999586,24.53560989121285,33.65269540399959,27.28024001115102,0.7943016818811803,10.106588342321853,0.741935946436782,6.020605987787109,2,0,False,42
ABC-SMC,1520996.336996337,72.62829939524333,830464.0,39.655051469802856,0.5784092261999586,24.53560989121285,33.65269540399959,27.28024001115102,0.7943016818811803,10.106588342321853,0.741935946436782,6.020605987787109,2,0,False,42
ABC-SMC,1513174.5454545454,72.120041847229,832246.0,39.66602301597595,0.5784092261999586,24.53560989121285,33.65269540399959,27.28024001115102,0.7943016818811803,10.106588342321853,0.741935946436782,6.020605987787109,2,0,False,42
ABC-SMC,1510920.2898550725,71.8788262726604,834028.0,39.677112102508545,0.5784092261999586,24.53560989121285,33.65269540399959,27.28024001115102,0.7943016818811803,10.106588342321853,0.741935946436782,6.020605987787109,2,0,False,42
ABC-SMC,1514148.5507246377,71.89884609070377,835810.0,39.68816304206848,0.5784092261999586,24.53560989121285,33.65269540399959,27.28024001115102,0.7943016818811803,10.106588342321853,0.741935946436782,6.020605987787109,2,0,False,42
ABC-SMC,1517376.8115942029,71.9187086906986,837592.0,39.699127197265625,0.5784092261999586,24.53560989121285,33.65269540399959,27.28024001115102,0.7943016818811803,10.106588342321853,0.741935946436782,6.020605987787109,2,0,False,42
ABC-SMC,1515115.523465704,71.6789147483743,839374.0,39.710118770599365,0.5784092261999586,24.53560989121285,33.65269540399959,27.28024001115102,0.7943016818811803,10.106588342321853,0.741935946436782,6.020605987787109,2,0,False,42
ABC-SMC,1507448.028673835,71.18470309883037,841156.0,39.72106432914734,0.5784092261999586,24.53560989121285,33.65269540399959,27.28024001115102,0.7943016818811803,10.106588342321853,0.741935946436782,6.020605987787109,2,0,False,42
ABC-SMC,1505246.4285714286,70.95009940011161,842938.0,39.7320556640625,0.5784092261999586,24.53560989121285,33.65269540399959,27.28024001115102,0.7943016818811803,10.106588342321853,0.741935946436782,6.020605987787109,2,0,False,42
ABC-SMC,1508428.5714285714,70.96960161413465,844720.0,39.742976903915405,0.5784092261999586,24.53560989121285,33.65269540399959,27.28024001115102,0.7943016818811803,10.106588342321853,0.741935946436782,6.020605987787109,2,0,False,42
ABC-SMC,1511610.7142857143,70.989157472338,846502.0,39.75392818450928,0.5784092261999586,24.53560989121285,33.65269540399959,27.28024001115102,0.7943016818811803,10.106588342321853,0.741935946436782,6.020605987787109,2,0,False,42
ABC-SMC,1509402.1352313168,70.75603661588079,848284.0,39.764892578125,0.5784092261999586,24.53560989121285,33.65269540399959,27.28024001115102,0.7943016818811803,10.106588342321853,0.741935946436782,6.020605987787109,2,0,False,42
ABC-SMC,1512572.953736655,70.77549445671544,850066.0,39.77582788467407,0.5784092261999586,24.53560989121285,33.65269540399959,27.28024001115102,0.7943016818811803,10.106588342321853,0.741935946436782,6.020605987787109,2,0,False,42
ABC-SMC,1515743.7722419929,70.79498708460255,851848.0,39.78678274154663,0.5784092261999586,24.53560989121285,33.65269540399959,27.28024001115102,0.7943016818811803,10.106588342321853,0.741935946436782,6.020605987787109,2,0,False,42
ABC-SMC,1518914.590747331,70.81446825821628,853630.0,39.797731161117554,0.5784092261999586,24.53560989121285,33.65269540399959,27.28024001115102,0.7943016818811803,10.106588342321853,0.741935946436782,6.020605987787109,2,0,False,42
ABC-SMC,1516687.9432624115,70.58281594134391,855412.0,39.80870819091797,0.5784092261999586,24.53560989121285,33.65269540399959,27.28024001115102,0.7943016818811803,10.106588342321853,0.741935946436782,6.020605987787109,2,0,False,42
ABC-SMC,1519847.5177304966,70.60225086009248,857194.0,39.81966948509216,0.5784092261999586,24.53560989121285,33.65269540399959,27.28024001115102,0.7943016818811803,10.106588342321853,0.741935946436782,6.020605987787109,2,0,False,42
ABC-SMC,1523007.0921985817,70.62161518326889,858976.0,39.83059096336365,0.5784092261999586,24.53560989121285,33.65269540399959,27.28024001115102,0.7943016818811803,10.106588342321853,0.741935946436782,6.020605987787109,2,0,False,42
ABC-SMC,1520773.851590106,70.39142918670977,860758.0,39.841548919677734,0.5784092261999586,24.53560989121285,33.65269540399959,27.28024001115102,0.7943016818811803,10.106588342321853,0.741935946436782,6.020605987787109,2,0,False,42
ABC-SMC,1523922.2614840989,70.4107768965273,862540.0,39.85249972343445,0.5784092261999586,24.53560989121285,33.65269540399959,27.28024001115102,0.7943016818811803,10.106588342321853,0.741935946436782,6.020605987787109,2,0,False,42
ABC-SMC,1527070.671378092,70.43006689725411,864322.0,39.863417863845825,0.5784092261999586,24.53560989121285,33.65269540399959,27.28024001115102,0.7943016818811803,10.106588342321853,0.741935946436782,6.020605987787109,2,0,False,42
ABC-SMC,1524830.985915493,70.20161395341577,866104.0,39.87451672554016,0.5784092261999586,24.53560989121285,33.65269540399959,27.28024001115102,0.7943016818811803,10.106588342321853,0.741935946436782,6.020605987787109,2,0,False,42
ABC-SMC,1527968.309859155,70.22096111740865,867886.0,39.88550591468811,0.5784092261999586,24.53560989121285,33.65269540399959,27.28024001115102,0.7943016818811803,10.106588342321853,0.741935946436782,6.020605987787109,2,0,False,42
ABC-SMC,1525733.3333333333,69.99384185724091,869668.0,39.89648985862732,0.5784092261999586,24.53560989121285,33.65269540399959,27.28024001115102,0.7943016818811803,10.106588342321853,0.741935946436782,6.020605987787109,2,0,False,42
ABC-SMC,1523513.986013986,69.76826832844661,871450.0,39.90744948387146,0.5784092261999586,24.53560989121285,33.65269540399959,27.28024001115102,0.7943016818811803,10.106588342321853,0.741935946436782,6.020605987787109,2,0,False,42
ABC-SMC,1516027.7777777778,69.30269342329767,873232.0,39.91835141181946,0.5784092261999586,24.53560989121285,33.65269540399959,27.28024001115102,0.7943016818811803,10.106588342321853,0.741935946436782,6.020605987787109,2,0,False,42
ABC-SMC,1519121.5277777778,69.32163279917505,875014.0,39.92926049232483,0.5784092261999586,24.53560989121285,33.65269540399959,27.28024001115102,0.7943016818811803,10.106588342321853,0.741935946436782,6.020605987787109,2,0,False,42
ABC-SMC,1522215.2777777778,69.34058749013478,876796.0,39.94017839431763,0.5784092261999586,24.53560989121285,33.65269540399959,27.28024001115102,0.7943016818811803,10.106588342321853,0.741935946436782,6.020605987787109,2,0,False,42
ABC-SMC,1520031.1418685121,69.1196254380434,878578.0,39.95114350318909,0.5784092261999586,24.53560989121285,33.65269540399959,27.28024001115102,0.7943016818811803,10.106588342321853,0.741935946436782,6.020605987787109,2,0,False,42
ABC-SMC,1523114.1868512111,69.13866592526023,880360.0,39.962148904800415,0.5784092261999586,24.53560989121285,33.65269540399959,27.28024001115102,0.7943016818811803,10.106588342321853,0.741935946436782,6.020605987787109,2,0,False,42
ABC-SMC,1520934.4827586208,68.91914729414316,882142.0,39.97310543060303,0.5784092261999586,24.53560989121285,33.65269540399959,27.28024001115102,0.7943016818811803,10.106588342321853,0.741935946436782,6.020605987787109,2,0,False,42
ABC-SMC,1513568.4931506847,68.46586849591503,883924.0,39.98406720161438,0.5784092261999586,24.53560989121285,33.65269540399959,27.28024001115102,0.7943016818811803,10.106588342321853,0.741935946436782,6.020605987787109,2,0,False,42
ABC-SMC,1516619.8630136987,68.48463171148954,885706.0,39.99502491950989,0.5784092261999586,24.53560989121285,33.65269540399959,27.28024001115102,0.7943016818811803,10.106588342321853,0.741935946436782,6.020605987787109,2,0,False,42
ABC-SMC,1519671.2328767122,68.50326836925663,887488.0,40.005908727645874,0.5784092261999586,24.53560989121285,33.65269540399959,27.28024001115102,0.7943016818811803,10.106588342321853,0.741935946436782,6.020605987787109,2,0,False,42
ABC-SMC,1517525.5972696245,68.28813544719293,889270.0,40.016847372055054,0.5784092261999586,24.53560989121285,33.65269540399959,27.28024001115102,0.7943016818811803,10.106588342321853,0.741935946436782,6.020605987787109,2,0,False,42
ABC-SMC,1515394.5578231292,68.07443236007171,891052.0,40.02776622772217,0.5784092261999586,24.53560989121285,33.65269540399959,27.28024001115102,0.7943016818811803,10.106588342321853,0.741935946436782,6.020605987787109,2,0,False,42
ABC-SMC,1518425.1700680272,68.0929827852314,892834.0,40.038673877716064,0.5784092261999586,24.53560989121285,33.65269540399959,27.28024001115102,0.7943016818811803,10.106588342321853,0.741935946436782,6.020605987787109,2,0,False,42
ABC-SMC,1511175.6756756755,67.65138780748522,894616.0,40.04962158203125,0.5784092261999586,24.53560989121285,33.65269540399959,27.28024001115102,0.7943016818811803,10.106588342321853,0.741935946436782,6.020605987787109,2,0,False,42
ABC-SMC,1509087.5420875421,67.44207035411489,896398.0,40.06058979034424,0.5784092261999586,24.53560989121285,33.65269540399959,27.28024001115102,0.7943016818811803,10.106588342321853,0.741935946436782,6.020605987787109,2,0,False,42
ABC-SMC,1507013.4228187918,67.23411971290639,898180.0,40.07153534889221,0.5784092261999586,24.53560989121285,33.65269540399959,27.28024001115102,0.7943016818811803,10.106588342321853,0.741935946436782,6.020605987787109,2,0,False,42
ABC-SMC,1504953.177257525,67.02756243804625,899962.0,40.08248233795166,0.5784092261999586,24.53560989121285,33.65269540399959,27.28024001115102,0.7943016818811803,10.106588342321853,0.741935946436782,6.020605987787109,2,0,False,42
ABC-SMC,1507933.110367893,67.04595814580502,901744.0,40.093482971191406,0.5784092261999586,24.53560989121285,33.65269540399959,27.28024001115102,0.7943016818811803,10.106588342321853,0.741935946436782,6.020605987787109,2,0,False,42
ABC-SMC,1510913.0434782607,67.06419955926596,903526.0,40.10439133644104,0.5784092261999586,24.53560989121285,33.65269540399959,27.28024001115102,0.7943016818811803,10.106588342321853,0.741935946436782,6.020605987787109,2,0,False,42
ABC-SMC,1508846.6666666665,66.85891230901082,905308.0,40.115347385406494,0.5784092261999586,24.53560989121285,33.65269540399959,27.28024001115102,0.7943016818811803,10.106588342321853,0.741935946436782,6.020605987787109,2,0,False,42
ABC-SMC,1511816.6666666665,66.877046028773,907090.0,40.126227617263794,0.5784092261999586,24.53560989121285,33.65269540399959,27.28024001115102,0.7943016818811803,10.106588342321853,0.741935946436782,6.020605987787109,2,0,False,42
ABC-SMC,1509754.1528239204,66.67302969682257,908872.0,40.13716387748718,0.5784092261999586,24.53560989121285,33.65269540399959,27.28024001115102,0.7943016818811803,10.106588342321853,0.741935946436782,6.020605987787109,2,0,False,42
ABC-SMC,1512714.2857142857,66.69109445869724,910654.0,40.14803886413574,0.5784092261999586,24.53560989121285,33.65269540399959,27.28024001115102,0.7943016818811803,10.106588342321853,0.741935946436782,6.020605987787109,2,0,False,42
ABC-SMC,1515674.4186046512,66.70915526013043,912436.0,40.15891146659851,0.5784092261999586,24.53560989121285,33.65269540399959,27.28024001115102,0.7943016818811803,10.106588342321853,0.741935946436782,6.020605987787109,2,0,False,42
ABC-SMC,1513605.9602649007,66.50630409354406,914218.0,40.16980767250061,0.5784092261999586,24.53560989121285,33.65269540399959,27.28024001115102,0.7943016818811803,10.106588342321853,0.741935946436782,6.020605987787109,2,0,False,42
ABC-SMC,1516556.2913907287,66.52435837991979,916000.0,40.18071246147156,0.5784092261999586,24.53560989121285,33.65269540399959,27.28024001115102,0.7943016818811803,10.106588342321853,0.741935946436782,6.020605987787109,2,0,False,42
ABC-SMC,1514491.7491749173,66.32281175934442,917782.0,40.19162392616272,0.5784092261999586,24.53560989121285,33.65269540399959,27.28024001115102,0.7943016818811803,10.106588342321853,0.741935946436782,6.020605987787109,2,0,False,42
ABC-SMC,1517432.3432343234,66.34151620833394,919564.0,40.202958822250366,0.5784092261999586,24.53560989121285,33.65269540399959,27.28024001115102,0.7943016818811803,10.106588342321853,0.741935946436782,6.020605987787109,2,0,False,42
ABC-SMC,1520372.9372937293,66.35966670788554,921346.0,40.21395802497864,0.5784092261999586,24.53560989121285,33.65269540399959,27.28024001115102,0.7943016818811803,10.106588342321853,0.741935946436782,6.020605987787109,2,0,False,42
ABC-SMC,1523313.5313531351,66.37791989266675,923128.0,40.225019454956055,0.5784092261999586,24.53560989121285,33.65269540399959,27.28024001115102,0.7943016818811803,10.106588342321853,0.741935946436782,6.020605987787109,2,0,False,42
ABC-SMC,1521233.5526315789,66.17764265913713,924910.0,40.23600673675537,0.5784092261999586,24.53560989121285,33.65269540399959,27.28024001115102,0.7943016818811803,10.106588342321853,0.741935946436782,6.020605987787109,2,0,False,42
ABC-SMC,1519167.213114754,65.97858999596268,926692.0,40.24693989753723,0.5784092261999586,24.53560989121285,33.65269540399959,27.28024001115102,0.7943016818811803,10.106588342321853,0.741935946436782,6.020605987787109,2,0,False,42
ABC-SMC,1517114.3790849673,65.78093065935023,928474.0,40.25792956352234,0.5784092261999586,24.53560989121285,33.65269540399959,27.28024001115102,0.7943016818811803,10.106588342321853,0.741935946436782,6.020605987787109,2,0,False,42
ABC-SMC,1515074.9185667753,65.58447124903675,930256.0,40.26886534690857,0.5784092261999586,24.53560989121285,33.65269540399959,27.28024001115102,0.7943016818811803,10.106588342321853,0.741935946436782,6.020605987787109,2,0,False,42
ABC-SMC,1517977.1986970685,65.60225129515807,932038.0,40.27978229522705,0.5784092261999586,24.53560989121285,33.65269540399959,27.28024001115102,0.7943016818811803,10.106588342321853,0.741935946436782,6.020605987787109,2,0,False,42
ABC-SMC,1515941.5584415586,65.40713604394492,933820.0,40.29079580307007,0.5784092261999586,24.53560989121285,33.65269540399959,27.28024001115102,0.7943016818811803,10.106588342321853,0.741935946436782,6.020605987787109,2,0,False,42
ABC-SMC,1518834.4155844157,65.42497254037238,935602.0,40.301783084869385,0.5784092261999586,24.53560989121285,33.65269540399959,27.28024001115102,0.7943016818811803,10.106588342321853,0.741935946436782,6.020605987787109,2,0,False,42
ABC-SMC,1511909.677419355,65.02059313558763,937384.0,40.31276774406433,0.5784092261999586,24.53560989121285,33.65269540399959,27.28024001115102,0.7943016818811803,10.106588342321853,0.741935946436782,6.020605987787109,2,0,False,42
ABC-SMC,1514783.8709677418,65.03824533954744,939166.0,40.32371211051941,0.5784092261999586,24.53560989121285,33.65269540399959,27.28024001115102,0.7943016818811803,10.106588342321853,0.741935946436782,6.020605987787109,2,0,False,42
ABC-SMC,1517658.0645161292,65.05582717157179,940948.0,40.33461284637451,0.5784092261999586,24.53560989121285,33.65269540399959,27.28024001115102,0.7943016818811803,10.106588342321853,0.741935946436782,6.020605987787109,2,0,False,42
ABC-SMC,1520532.2580645161,65.07339362175233,942730.0,40.34550404548645,0.5784092261999586,24.53560989121285,33.65269540399959,27.28024001115102,0.7943016818811803,10.106588342321853,0.741935946436782,6.020605987787109,2,0,False,42
ABC-SMC,1523406.4516129033,65.09095622647193,944512.0,40.3563928604126,0.5784092261999586,24.53560989121285,33.65269540399959,27.28024001115102,0.7943016818811803,10.106588342321853,0.741935946436782,6.020605987787109,2,0,False,42
ABC-SMC,1511651.7571884983,64.48460234620701,946294.0,40.367361068725586,0.5784092261999586,24.53560989121285,33.65269540399959,27.28024001115102,0.7943016818811803,10.106588342321853,0.741935946436782,6.020605987787109,2,0,False,42
ABC-SMC,1514498.4025559106,64.50204460765607,948076.0,40.3782799243927,0.5784092261999586,24.53560989121285,33.65269540399959,27.28024001115102,0.7943016818811803,10.106588342321853,0.741935946436782,6.020605987787109,2,0,False,42
ABC-SMC,1507711.1111111112,64.10995589362251,949858.0,40.38927221298218,0.5784092261999586,24.53560989121285,33.65269540399959,27.28024001115102,0.7943016818811803,10.106588342321853,0.741935946436782,6.020605987787109,2,0,False,42
ABC-SMC,1510539.6825396826,64.1272889243232,951640.0,40.40019202232361,0.5784092261999586,24.53560989121285,33.65269540399959,27.28024001115102,0.7943016818811803,10.106588342321853,0.741935946436782,6.020605987787109,2,0,False,42
ABC-SMC,1508579.1139240507,63.9416537707365,953422.0,40.41112518310547,0.5784092261999586,24.53560989121285,33.65269540399959,27.28024001115102,0.7943016818811803,10.106588342321853,0.741935946436782,6.020605987787109,2,0,False,42
ABC-SMC,1511398.7341772153,63.9589353452755,955204.0,40.42204713821411,0.5784092261999586,24.53560989121285,33.65269540399959,27.28024001115102,0.7943016818811803,10.106588342321853,0.741935946436782,6.020605987787109,2,0,False,42
ABC-SMC,1514218.3544303798,63.976256907740726,956986.0,40.43299436569214,0.5784092261999586,24.53560989121285,33.65269540399959,27.28024001115102,0.7943016818811803,10.106588342321853,0.741935946436782,6.020605987787109,2,0,False,42
ABC-SMC,1517037.9746835441,63.99360148212578,958768.0,40.44395613670349,0.5784092261999586,24.53560989121285,33.65269540399959,27.28024001115102,0.7943016818811803,10.106588342321853,0.741935946436782,6.020605987787109,2,0,False,42
ABC-SMC,1515063.09148265,63.80913159824696,960550.0,40.454989433288574,0.5784092261999586,24.53560989121285,33.65269540399959,27.28024001115102,0.7943016818811803,10.106588342321853,0.741935946436782,6.020605987787109,2,0,False,42
ABC-SMC,1508357.36677116,63.42628383337517,962332.0,40.46596908569336,0.5784092261999586,24.53560989121285,33.65269540399959,27.28024001115102,0.7943016818811803,10.106588342321853,0.741935946436782,6.020605987787109,2,0,False,42
ABC-SMC,1506428.125,63.24513964354991,964114.0,40.47688937187195,0.5784092261999586,24.53560989121285,33.65269540399959,27.28024001115102,0.7943016818811803,10.106588342321853,0.741935946436782,6.020605987787109,2,0,False,42
ABC-SMC,1509212.5,63.26223835349083,965896.0,40.48783254623413,0.5784092261999586,24.53560989121285,33.65269540399959,27.28024001115102,0.7943016818811803,10.106588342321853,0.741935946436782,6.020605987787109,2,0,False,42
ABC-SMC,1502605.5900621118,62.8863643415226,967678.0,40.49881863594055,0.5784092261999586,24.53560989121285,33.65269540399959,27.28024001115102,0.7943016818811803,10.106588342321853,0.741935946436782,6.020605987787109,2,0,False,42
ABC-SMC,1500712.0743034056,62.7085712302949,969460.0,40.50973701477051,0.5784092261999586,24.53560989121285,33.65269540399959,27.28024001115102,0.7943016818811803,10.106588342321853,0.741935946436782,6.020605987787109,2,0,False,42
ABC-SMC,1503470.5882352942,62.72546388785537,971242.0,40.520649671554565,0.5784092261999586,24.53560989121285,33.65269540399959,27.28024001115102,0.7943016818811803,10.106588342321853,0.741935946436782,6.020605987787109,2,0,False,42
ABC-SMC,1496960.0,62.35637334676889,973024.0,40.53164267539978,0.5784092261999586,24.53560989121285,33.65269540399959,27.28024001115102,0.7943016818811803,10.106588342321853,0.741935946436782,6.020605987787109,2,0,False,42
ABC-SMC,1499701.5384615383,62.37333407768836,974806.0,40.54266715049744,0.5784092261999586,24.53560989121285,33.65269540399959,27.28024001115102,0.7943016818811803,10.106588342321853,0.741935946436782,6.020605987787109,2,0,False,42
ABC-SMC,1502443.076923077,62.39021704747127,976588.0,40.55364108085632,0.5784092261999586,24.53560989121285,33.65269540399959,27.28024001115102,0.7943016818811803,10.106588342321853,0.741935946436782,6.020605987787109,2,0,False,42
ABC-SMC,1505184.6153846155,62.40717814518855,978370.0,40.56466579437256,0.5784092261999586,24.53560989121285,33.65269540399959,27.28024001115102,0.7943016818811803,10.106588342321853,0.741935946436782,6.020605987787109,2,0,False,42
ABC-SMC,1503300.6134969327,62.23263806360631,980152.0,40.57568001747131,0.5784092261999586,24.53560989121285,33.65269540399959,27.28024001115102,0.7943016818811803,10.106588342321853,0.741935946436782,6.020605987787109,2,0,False,42
ABC-SMC,1496850.6097560977,61.87009738712776,981934.0,40.58678388595581,0.5784092261999586,24.53560989121285,33.65269540399959,27.28024001115102,0.7943016818811803,10.106588342321853,0.741935946436782,6.020605987787109,2,0,False,42
ABC-SMC,1499567.0731707315,61.88679395652399,983716.0,40.597736835479736,0.5784092261999586,24.53560989121285,33.65269540399959,27.28024001115102,0.7943016818811803,10.106588342321853,0.741935946436782,6.020605987787109,2,0,False,42
ABC-SMC,1497717.3252279635,61.715398153635505,985498.0,40.60873198509216,0.5784092261999586,24.53560989121285,33.65269540399959,27.28024001115102,0.7943016818811803,10.106588342321853,0.741935946436782,6.020605987787109,2,0,False,42
ABC-SMC,1491359.5166163142,61.359052211496405,987280.0,40.61969256401062,0.5784092261999586,24.53560989121285,33.65269540399959,27.28024001115102,0.7943016818811803,10.106588342321853,0.741935946436782,6.020605987787109,2,0,False,42
ABC-SMC,1485078.078078078,61.00758417948588,989062.0,40.6310510635376,0.5784092261999586,24.53560989121285,33.65269540399959,27.28024001115102,0.7943016818811803,10.106588342321853,0.741935946436782,6.020605987787109,2,0,False,42
ABC-SMC,1487753.7537537536,61.02399496702819,990844.0,40.64198064804077,0.5784092261999586,24.53560989121285,33.65269540399959,27.28024001115102,0.7943016818811803,10.106588342321853,0.741935946436782,6.020605987787109,2,0,False,42
ABC-SMC,1481531.3432835822,60.67597225530823,992626.0,40.65290141105652,0.5784092261999586,24.53560989121285,33.65269540399959,27.28024001115102,0.7943016818811803,10.106588342321853,0.741935946436782,6.020605987787109,2,0,False,42
ABC-SMC,1484191.0447761195,60.692307486462944,994408.0,40.663846015930176,0.5784092261999586,24.53560989121285,33.65269540399959,27.28024001115102,0.7943016818811803,10.106588342321853,0.741935946436782,6.020605987787109,2,0,False,42
ABC-SMC,1486850.7462686566,60.7087743816091,996190.0,40.6748788356781,0.5784092261999586,24.53560989121285,33.65269540399959,27.28024001115102,0.7943016818811803,10.106588342321853,0.741935946436782,6.020605987787109,2,0,False,42
ABC-SMC,1485077.380952381,60.54450855368659,997972.0,40.68590974807739,0.5784092261999586,24.53560989121285,33.65269540399959,27.28024001115102,0.7943016818811803,10.106588342321853,0.741935946436782,6.020605987787109,2,0,False,42
ABC-SMC,1487729.1666666667,60.560850160462515,999754.0,40.69689130783081,0.5784092261999586,24.53560989121285,33.65269540399959,27.28024001115102,0.7943016818811803,10.106588342321853,0.741935946436782,6.020605987787109,2,0,False,42
ABC-SMC,1485958.4569732938,60.39747321641056,1001536.0,40.70789694786072,0.5784092261999586,24.53560989121285,33.65269540399959,27.28024001115102,0.7943016818811803,10.106588342321853,0.741935946436782,6.020605987787109,2,0,False,42
ABC-SMC,1488602.3738872404,60.41374404635557,1003318.0,40.71886348724365,0.5784092261999586,24.53560989121285,33.65269540399959,27.28024001115102,0.7943016818811803,10.106588342321853,0.741935946436782,6.020605987787109,2,0,False,42
ABC-SMC,1491246.2908011868,60.4300155837741,1005100.0,40.729830503463745,0.5784092261999586,24.53560989121285,33.65269540399959,27.28024001115102,0.7943016818811803,10.106588342321853,0.741935946436782,6.020605987787109,2,0,False,42
ABC-SMC,1493890.2077151337,60.44643427568656,1006882.0,40.740896701812744,0.5784092261999586,24.53560989121285,33.65269540399959,27.28024001115102,0.7943016818811803,10.106588342321853,0.741935946436782,6.020605987787109,2,0,False,42
ABC-SMC,1496534.1246290803,60.46274330920211,1008664.0,40.75188899040222,0.5784092261999586,24.53560989121285,33.65269540399959,27.28024001115102,0.7943016818811803,10.106588342321853,0.741935946436782,6.020605987787109,2,0,False,42
ABC-SMC,1499178.0415430267,60.47911212423082,1010446.0,40.76292157173157,0.5784092261999586,24.53560989121285,33.65269540399959,27.28024001115102,0.7943016818811803,10.106588342321853,0.741935946436782,6.020605987787109,2,0,False,42
ABC-SMC,1501821.9584569733,60.4954108993802,1012228.0,40.77390694618225,0.5784092261999586,24.53560989121285,33.65269540399959,27.28024001115102,0.7943016818811803,10.106588342321853,0.741935946436782,6.020605987787109,2,0,False,42
ABC-SMC,1500014.7928994084,60.33271762746325,1014010.0,40.78491711616516,0.5784092261999586,24.53560989121285,33.65269540399959,27.28024001115102,0.7943016818811803,10.106588342321853,0.741935946436782,6.020605987787109,2,0,False,42
ABC-SMC,1502650.8875739647,60.348914219782905,1015792.0,40.79586601257324,0.5784092261999586,24.53560989121285,33.65269540399959,27.28024001115102,0.7943016818811803,10.106588342321853,0.741935946436782,6.020605987787109,2,0,False,42
ABC-SMC,1496432.3529411766,60.010084334541766,1017574.0,40.8068573474884,0.5784092261999586,24.53560989121285,33.65269540399959,27.28024001115102,0.7943016818811803,10.106588342321853,0.741935946436782,6.020605987787109,2,0,False,42
ABC-SMC,1494656.8914956013,59.850221854850346,1019356.0,40.817851305007935,0.5784092261999586,24.53560989121285,33.65269540399959,27.28024001115102,0.7943016818811803,10.106588342321853,0.741935946436782,6.020605987787109,2,0,False,42
ABC-SMC,1497269.7947214076,59.866365449519456,1021138.0,40.828861236572266,0.5784092261999586,24.53560989121285,33.65269540399959,27.28024001115102,0.7943016818811803,10.106588342321853,0.741935946436782,6.020605987787109,2,0,False,42
ABC-SMC,1495497.076023392,59.70742793111076,1022920.0,40.83988070487976,0.5784092261999586,24.53560989121285,33.65269540399959,27.28024001115102,0.7943016818811803,10.106588342321853,0.741935946436782,6.020605987787109,2,0,False,42
ABC-SMC,1498102.3391812867,59.72344972933942,1024702.0,40.850839614868164,0.5784092261999586,24.53560989121285,33.65269540399959,27.28024001115102,0.7943016818811803,10.106588342321853,0.741935946436782,6.020605987787109,2,0,False,42
ABC-SMC,1496332.361516035,59.5653519338491,1026484.0,40.86183142662048,0.5784092261999586,24.53560989121285,33.65269540399959,27.28024001115102,0.7943016818811803,10.106588342321853,0.741935946436782,6.020605987787109,2,0,False,42
ABC-SMC,1498930.0291545189,59.58138262912761,1028266.0,40.87282848358154,0.5784092261999586,24.53560989121285,33.65269540399959,27.28024001115102,0.7943016818811803,10.106588342321853,0.741935946436782,6.020605987787109,2,0,False,42
ABC-SMC,1492823.1884057971,59.25198499707208,1030048.0,40.883869647979736,0.5784092261999586,24.53560989121285,33.65269540399959,27.28024001115102,0.7943016818811803,10.106588342321853,0.741935946436782,6.020605987787109,2,0,False,42
ABC-SMC,1491083.8150289017,59.096686412833336,1031830.0,40.894906997680664,0.5784092261999586,24.53560989121285,33.65269540399959,27.28024001115102,0.7943016818811803,10.106588342321853,0.741935946436782,6.020605987787109,2,0,False,42
ABC-SMC,1493658.9595375722,59.11255813058401,1033612.0,40.905890226364136,0.5784092261999586,24.53560989121285,33.65269540399959,27.28024001115102,0.7943016818811803,10.106588342321853,0.741935946436782,6.020605987787109,2,0,False,42
ABC-SMC,1496234.1040462428,59.12848773030188,1035394.0,40.9169135093689,0.5784092261999586,24.53560989121285,33.65269540399959,27.28024001115102,0.7943016818811803,10.106588342321853,0.741935946436782,6.020605987787109,2,0,False,42
ABC-SMC,1498809.2485549133,59.14442869969186,1037176.0,40.92794466018677,0.5784092261999586,24.53560989121285,33.65269540399959,27.28024001115102,0.7943016818811803,10.106588342321853,0.741935946436782,6.020605987787109,2,0,False,42
ABC-SMC,1492755.7471264368,58.8203456209994,1038958.0,40.938960552215576,0.5784092261999586,24.53560989121285,33.65269540399959,27.28024001115102,0.7943016818811803,10.106588342321853,0.741935946436782,6.020605987787109,2,0,False,42
ABC-SMC,1491031.518624642,58.66753440190181,1040740.0,40.949939012527466,0.5784092261999586,24.53560989121285,33.65269540399959,27.28024001115102,0.7943016818811803,10.106588342321853,0.741935946436782,6.020605987787109,2,0,False,42
ABC-SMC,1485074.0740740742,58.34883774108017,1042522.0,40.96088409423828,0.5784092261999586,24.53560989121285,33.65269540399959,27.28024001115102,0.7943016818811803,10.106588342321853,0.741935946436782,6.020605987787109,2,0,False,42
ABC-SMC,1487612.5356125357,58.364466724232734,1044304.0,40.97185564041138,0.5784092261999586,24.53560989121285,33.65269540399959,27.28024001115102,0.7943016818811803,10.106588342321853,0.741935946436782,6.020605987787109,2,0,False,42
ABC-SMC,1490150.9971509972,58.38018638795597,1046086.0,40.98289084434509,0.5784092261999586,24.53560989121285,33.65269540399959,27.28024001115102,0.7943016818811803,10.106588342321853,0.741935946436782,6.020605987787109,2,0,False,42
ABC-SMC,1488448.8636363638,58.22997845031998,1047868.0,40.99390482902527,0.5784092261999586,24.53560989121285,33.65269540399959,27.28024001115102,0.7943016818811803,10.106588342321853,0.741935946436782,6.020605987787109,2,0,False,42
ABC-SMC,1490980.1136363638,58.24555930766193,1049650.0,41.004873752593994,0.5784092261999586,24.53560989121285,33.65269540399959,27.28024001115102,0.7943016818811803,10.106588342321853,0.741935946436782,6.020605987787109,2,0,False,42
ABC-SMC,1489280.4532577905,58.096151514026324,1051432.0,41.01588296890259,0.5784092261999586,24.53560989121285,33.65269540399959,27.28024001115102,0.7943016818811803,10.106588342321853,0.741935946436782,6.020605987787109,2,0,False,42
ABC-SMC,1491804.5325779037,58.111683505115025,1053214.0,41.026848554611206,0.5784092261999586,24.53560989121285,33.65269540399959,27.28024001115102,0.7943016818811803,10.106588342321853,0.741935946436782,6.020605987787109,2,0,False,42
ABC-SMC,1494328.611898017,58.12727526970018,1054996.0,41.037856340408325,0.5784092261999586,24.53560989121285,33.65269540399959,27.28024001115102,0.7943016818811803,10.106588342321853,0.741935946436782,6.020605987787109,2,0,False,42
ABC-SMC,1492624.2937853108,57.97867047584663,1056778.0,41.048898696899414,0.5784092261999586,24.53560989121285,33.65269540399959,27.28024001115102,0.7943016818811803,10.106588342321853,0.741935946436782,6.020605987787109,2,0,False,42
ABC-SMC,1495141.242937853,57.99421381815679,1058560.0,41.059903383255005,0.5784092261999586,24.53560989121285,33.65269540399959,27.28024001115102,0.7943016818811803,10.106588342321853,0.741935946436782,6.020605987787109,2,0,False,42
ABC-SMC,1497658.1920903954,58.009797570395605,1060342.0,41.07093667984009,0.5784092261999586,24.53560989121285,33.65269540399959,27.28024001115102,0.7943016818811803,10.106588342321853,0.741935946436782,6.020605987787109,2,0,False,42
ABC-SMC,1491747.191011236,57.69941579090076,1062124.0,41.08198404312134,0.5784092261999586,24.53560989121285,33.65269540399959,27.28024001115102,0.7943016818811803,10.106588342321853,0.741935946436782,6.020605987787109,2,0,False,42
ABC-SMC,1494250.0,57.71479111039237,1063906.0,41.092931270599365,0.5784092261999586,24.53560989121285,33.65269540399959,27.28024001115102,0.7943016818811803,10.106588342321853,0.741935946436782,6.020605987787109,2,0,False,42
ABC-SMC,1496752.808988764,57.730209961366114,1065688.0,41.103909492492676,0.5784092261999586,24.53560989121285,33.65269540399959,27.28024001115102,0.7943016818811803,10.106588342321853,0.741935946436782,6.020605987787109,2,0,False,42
ABC-SMC,1499255.6179775281,57.745550120814464,1067470.0,41.1148316860199,0.5784092261999586,24.53560989121285,33.65269540399959,27.28024001115102,0.7943016818811803,10.106588342321853,0.741935946436782,6.020605987787109,2,0,False,42
ABC-SMC,1501758.426966292,57.76090099570457,1069252.0,41.12576150894165,0.5784092261999586,24.53560989121285,33.65269540399959,27.28024001115102,0.7943016818811803,10.106588342321853,0.741935946436782,6.020605987787109,2,0,False,42
ABC-SMC,1504261.2359550563,57.77626760889975,1071034.0,41.13670253753662,0.5784092261999586,24.53560989121285,33.65269540399959,27.28024001115102,0.7943016818811803,10.106588342321853,0.741935946436782,6.020605987787109,2,0,False,42
ABC-SMC,1506764.0449438202,57.79172664278009,1072816.0,41.147709369659424,0.5784092261999586,24.53560989121285,33.65269540399959,27.28024001115102,0.7943016818811803,10.106588342321853,0.741935946436782,6.020605987787109,2,0,False,42
ABC-SMC,1505039.2156862745,57.64536730715541,1074598.0,41.15879225730896,0.5784092261999586,24.53560989121285,33.65269540399959,27.28024001115102,0.7943016818811803,10.106588342321853,0.741935946436782,6.020605987787109,2,0,False,42
ABC-SMC,1507535.0140056023,57.66074330198998,1076380.0,41.16977071762085,0.5784092261999586,24.53560989121285,33.65269540399959,27.28024001115102,0.7943016818811803,10.106588342321853,0.741935946436782,6.020605987787109,2,0,False,42
ABC-SMC,1510030.81232493,57.676075887279346,1078162.0,41.180718183517456,0.5784092261999586,24.53560989121285,33.65269540399959,27.28024001115102,0.7943016818811803,10.106588342321853,0.741935946436782,6.020605987787109,2,0,False,42
ABC-SMC,1508301.6759776536,57.53028426090432,1079944.0,41.191683530807495,0.5784092261999586,24.53560989121285,33.65269540399959,27.28024001115102,0.7943016818811803,10.106588342321853,0.741935946436782,6.020605987787109,2,0,False,42
ABC-SMC,1510790.5027932962,57.54562829459846,1081726.0,41.202669858932495,0.5784092261999586,24.53560989121285,33.65269540399959,27.28024001115102,0.7943016818811803,10.106588342321853,0.741935946436782,6.020605987787109,2,0,False,42
ABC-SMC,1513279.3296089384,57.560909060792554,1083508.0,41.213610887527466,0.5784092261999586,24.53560989121285,33.65269540399959,27.28024001115102,0.7943016818811803,10.106588342321853,0.741935946436782,6.020605987787109,2,0,False,42
ABC-SMC,1511545.9610027855,57.41588119676851,1085290.0,41.224602699279785,0.5784092261999586,24.53560989121285,33.65269540399959,27.28024001115102,0.7943016818811803,10.106588342321853,0.741935946436782,6.020605987787109,2,0,False,42
ABC-SMC,1514027.8551532032,57.43114629495775,1087072.0,41.23556303977966,0.5784092261999586,24.53560989121285,33.65269540399959,27.28024001115102,0.7943016818811803,10.106588342321853,0.741935946436782,6.020605987787109,2,0,False,42
ABC-SMC,1512297.2222222222,57.28690127531687,1088854.0,41.24656891822815,0.5784092261999586,24.53560989121285,33.65269540399959,27.28024001115102,0.7943016818811803,10.106588342321853,0.741935946436782,6.020605987787109,2,0,False,42
ABC-SMC,1514772.222222222,57.302291525734795,1090636.0,41.25764989852905,0.5784092261999586,24.53560989121285,33.65269540399959,27.28024001115102,0.7943016818811803,10.106588342321853,0.741935946436782,6.020605987787109,2,0,False,42
ABC-SMC,1513044.3213296398,57.15887401242666,1092418.0,41.268707036972046,0.5784092261999586,24.53560989121285,33.65269540399959,27.28024001115102,0.7943016818811803,10.106588342321853,0.741935946436782,6.020605987787109,2,0,False,42
ABC-SMC,1515512.4653739613,57.17407963612733,1094200.0,41.279685497283936,0.5784092261999586,24.53560989121285,33.65269540399959,27.28024001115102,0.7943016818811803,10.106588342321853,0.741935946436782,6.020605987787109,2,0,False,42
ABC-SMC,1517980.6094182825,57.1892799763138,1095982.0,41.29066014289856,0.5784092261999586,24.53560989121285,33.65269540399959,27.28024001115102,0.7943016818811803,10.106588342321853,0.741935946436782,6.020605987787109,2,0,False,42
ABC-SMC,1520448.753462604,57.204522584614004,1097764.0,41.30166530609131,0.5784092261999586,24.53560989121285,33.65269540399959,27.28024001115102,0.7943016818811803,10.106588342321853,0.741935946436782,6.020605987787109,2,0,False,42
ABC-SMC,1522916.897506925,57.21971004623455,1099546.0,41.31263065338135,0.5784092261999586,24.53560989121285,33.65269540399959,27.28024001115102,0.7943016818811803,10.106588342321853,0.741935946436782,6.020605987787109,2,0,False,42
ABC-SMC,1525385.0415512465,57.23497576990946,1101328.0,41.323652505874634,0.5784092261999586,24.53560989121285,33.65269540399959,27.28024001115102,0.7943016818811803,10.106588342321853,0.741935946436782,6.020605987787109,2,0,False,42
ABC-SMC,1527853.1855955678,57.25017214746026,1103110.0,41.33462429046631,0.5784092261999586,24.53560989121285,33.65269540399959,27.28024001115102,0.7943016818811803,10.106588342321853,0.741935946436782,6.020605987787109,2,0,False,42
ABC-SMC,1530321.3296398893,57.26535993930045,1104892.0,41.34558987617493,0.5784092261999586,24.53560989121285,33.65269540399959,27.28024001115102,0.7943016818811803,10.106588342321853,0.741935946436782,6.020605987787109,2,0,False,42
ABC-SMC,1524344.3526170799,56.9650013584736,1106674.0,41.35659098625183,0.5784092261999586,24.53560989121285,33.65269540399959,27.28024001115102,0.7943016818811803,10.106588342321853,0.741935946436782,6.020605987787109,2,0,False,42
ABC-SMC,1526798.8980716255,56.98017443507171,1108456.0,41.36760663986206,0.5784092261999586,24.53560989121285,33.65269540399959,27.28024001115102,0.7943016818811803,10.106588342321853,0.741935946436782,6.020605987787109,2,0,False,42
ABC-SMC,1529253.4435261707,56.995278547618014,1110238.0,41.37857222557068,0.5784092261999586,24.53560989121285,33.65269540399959,27.28024001115102,0.7943016818811803,10.106588342321853,0.741935946436782,6.020605987787109,2,0,False,42
ABC-SMC,1527500.0,56.85377644968557,1112020.0,41.389549255371094,0.5784092261999586,24.53560989121285,33.65269540399959,27.28024001115102,0.7943016818811803,10.106588342321853,0.741935946436782,6.020605987787109,2,0,False,42
ABC-SMC,1529947.8021978023,56.8689084970034,1113802.0,41.40056538581848,0.5784092261999586,24.53560989121285,33.65269540399959,27.28024001115102,0.7943016818811803,10.106588342321853,0.741935946436782,6.020605987787109,2,0,False,42
ABC-SMC,1528197.2602739728,56.728188958886555,1115584.0,41.41157793998718,0.5784092261999586,24.53560989121285,33.65269540399959,27.28024001115102,0.7943016818811803,10.106588342321853,0.741935946436782,6.020605987787109,2,0,False,42
ABC-SMC,1526456.2841530056,56.588233494367756,1117366.0,41.4225869178772,0.5784092261999586,24.53560989121285,33.65269540399959,27.28024001115102,0.7943016818811803,10.106588342321853,0.741935946436782,6.020605987787109,2,0,False,42
ABC-SMC,1528890.7103825137,56.60332780066735,1119148.0,41.4336359500885,0.5784092261999586,24.53560989121285,33.65269540399959,27.28024001115102,0.7943016818811803,10.106588342321853,0.741935946436782,6.020605987787109,2,0,False,42
ABC-SMC,1527152.5885558582,56.464137758156255,1120930.0,41.444677114486694,0.5784092261999586,24.53560989121285,33.65269540399959,27.28024001115102,0.7943016818811803,10.106588342321853,0.741935946436782,6.020605987787109,2,0,False,42
ABC-SMC,1521289.972899729,56.17303641507942,1122712.0,41.45570087432861,0.5784092261999586,24.53560989121285,33.65269540399959,27.28024001115102,0.7943016818811803,10.106588342321853,0.741935946436782,6.020605987787109,2,0,False,42
ABC-SMC,1523704.6070460703,56.18798312779042,1124494.0,41.466731548309326,0.5784092261999586,24.53560989121285,33.65269540399959,27.28024001115102,0.7943016818811803,10.106588342321853,0.741935946436782,6.020605987787109,2,0,False,42
ABC-SMC,1521994.5945945946,56.05100361076561,1126276.0,41.47774267196655,0.5784092261999586,24.53560989121285,33.65269540399959,27.28024001115102,0.7943016818811803,10.106588342321853,0.741935946436782,6.020605987787109,2,0,False,42
ABC-SMC,1524402.7027027027,56.065869009172594,1128058.0,41.48874306678772,0.5784092261999586,24.53560989121285,33.65269540399959,27.28024001115102,0.7943016818811803,10.106588342321853,0.741935946436782,6.020605987787109,2,0,False,42
ABC-SMC,1522695.4177897573,55.92955668981506,1129840.0,41.49973106384277,0.5784092261999586,24.53560989121285,33.65269540399959,27.28024001115102,0.7943016818811803,10.106588342321853,0.741935946436782,6.020605987787109,2,0,False,42
ABC-SMC,1525097.0350404314,55.94436788173377,1131622.0,41.51072096824646,0.5784092261999586,24.53560989121285,33.65269540399959,27.28024001115102,0.7943016818811803,10.106588342321853,0.741935946436782,6.020605987787109,2,0,False,42
ABC-SMC,1523392.4731182796,55.80873482970782,1133404.0,41.52169871330261,0.5784092261999586,24.53560989121285,33.65269540399959,27.28024001115102,0.7943016818811803,10.106588342321853,0.741935946436782,6.020605987787109,2,0,False,42
ABC-SMC,1525787.634408602,55.82349563157687,1135186.0,41.53268074989319,0.5784092261999586,24.53560989121285,33.65269540399959,27.28024001115102,0.7943016818811803,10.106588342321853,0.741935946436782,6.020605987787109,2,0,False,42
ABC-SMC,1528182.7956989247,55.83844325875723,1136968.0,41.54380178451538,0.5784092261999586,24.53560989121285,33.65269540399959,27.28024001115102,0.7943016818811803,10.106588342321853,0.741935946436782,6.020605987787109,2,0,False,42
ABC-SMC,1530577.9569892474,55.85319252424343,1138750.0,41.55477523803711,0.5784092261999586,24.53560989121285,33.65269540399959,27.28024001115102,0.7943016818811803,10.106588342321853,0.741935946436782,6.020605987787109,2,0,False,42
ABC-SMC,1532973.11827957,55.867916153323264,1140532.0,41.56572961807251,0.5784092261999586,24.53560989121285,33.65269540399959,27.28024001115102,0.7943016818811803,10.106588342321853,0.741935946436782,6.020605987787109,2,0,False,42
ABC-SMC,1535368.2795698924,55.88262472101437,1142314.0,41.57667279243469,0.5784092261999586,24.53560989121285,33.65269540399959,27.28024001115102,0.7943016818811803,10.106588342321853,0.741935946436782,6.020605987787109,2,0,False,42
ABC-SMC,1525461.3333333335,55.4502592086792,1144096.0,41.5876944065094,0.5784092261999586,24.53560989121285,33.65269540399959,27.28024001115102,0.7943016818811803,10.106588342321853,0.741935946436782,6.020605987787109,2,0,False,42
ABC-SMC,1523773.9361702127,55.31737525412377,1145878.0,41.598666191101074,0.5784092261999586,24.53560989121285,33.65269540399959,27.28024001115102,0.7943016818811803,10.106588342321853,0.741935946436782,6.020605987787109,2,0,False,42
ABC-SMC,1518068.7830687829,55.03918884923219,1147660.0,41.60962677001953,0.5784092261999586,24.53560989121285,33.65269540399959,27.28024001115102,0.7943016818811803,10.106588342321853,0.741935946436782,6.020605987787109,2,0,False,42
ABC-SMC,1516414.2480211083,54.908481311043204,1149442.0,41.62062883377075,0.5784092261999586,24.53560989121285,33.65269540399959,27.28024001115102,0.7943016818811803,10.106588342321853,0.741935946436782,6.020605987787109,2,0,False,42
ABC-SMC,1518765.1715039578,54.92287606865875,1151224.0,41.631540060043335,0.5784092261999586,24.53560989121285,33.65269540399959,27.28024001115102,0.7943016818811803,10.106588342321853,0.741935946436782,6.020605987787109,2,0,False,42
ABC-SMC,1517113.1578947369,54.79271662862677,1153006.0,41.64246463775635,0.5784092261999586,24.53560989121285,33.65269540399959,27.28024001115102,0.7943016818811803,10.106588342321853,0.741935946436782,6.020605987787109,2,0,False,42
ABC-SMC,1519457.894736842,54.80704464410481,1154788.0,41.65335392951965,0.5784092261999586,24.53560989121285,33.65269540399959,27.28024001115102,0.7943016818811803,10.106588342321853,0.741935946436782,6.020605987787109,2,0,False,42
ABC-SMC,1521802.6315789472,54.821450459329704,1156570.0,41.664302349090576,0.5784092261999586,24.53560989121285,33.65269540399959,27.28024001115102,0.7943016818811803,10.106588342321853,0.741935946436782,6.020605987787109,2,0,False,42
ABC-SMC,1520146.9816272967,54.69201994067415,1158352.0,41.6753191947937,0.5784092261999586,24.53560989121285,33.65269540399959,27.28024001115102,0.7943016818811803,10.106588342321853,0.741935946436782,6.020605987787109,2,0,False,42
ABC-SMC,1518500.0,54.563194981420224,1160134.0,41.686280965805054,0.5784092261999586,24.53560989121285,33.65269540399959,27.28024001115102,0.7943016818811803,10.106588342321853,0.741935946436782,6.020605987787109,2,0,False,42
ABC-SMC,1516861.6187989556,54.43520738935346,1161916.0,41.69736886024475,0.5784092261999586,24.53560989121285,33.65269540399959,27.28024001115102,0.7943016818811803,10.106588342321853,0.741935946436782,6.020605987787109,2,0,False,42
ABC-SMC,1519187.9895561358,54.44951935163055,1163698.0,41.708331823349,0.5784092261999586,24.53560989121285,33.65269540399959,27.28024001115102,0.7943016818811803,10.106588342321853,0.741935946436782,6.020605987787109,2,0,False,42
ABC-SMC,1521514.3603133159,54.463746031021635,1165480.0,41.71922945976257,0.5784092261999586,24.53560989121285,33.65269540399959,27.28024001115102,0.7943016818811803,10.106588342321853,0.741935946436782,6.020605987787109,2,0,False,42
ABC-SMC,1519872.3958333333,54.33617408076922,1167262.0,41.73018169403076,0.5784092261999586,24.53560989121285,33.65269540399959,27.28024001115102,0.7943016818811803,10.106588342321853,0.741935946436782,6.020605987787109,2,0,False,42
ABC-SMC,1522192.7083333333,54.35038389017185,1169044.0,41.74109482765198,0.5784092261999586,24.53560989121285,33.65269540399959,27.28024001115102,0.7943016818811803,10.106588342321853,0.741935946436782,6.020605987787109,2,0,False,42
ABC-SMC,1520553.2467532465,54.2235448762968,1170826.0,41.752129554748535,0.5784092261999586,24.53560989121285,33.65269540399959,27.28024001115102,0.7943016818811803,10.106588342321853,0.741935946436782,6.020605987787109,2,0,False,42
ABC-SMC,1522867.5324675327,54.23786175715459,1172608.0,41.76315355300903,0.5784092261999586,24.53560989121285,33.65269540399959,27.28024001115102,0.7943016818811803,10.106588342321853,0.741935946436782,6.020605987787109,2,0,False,42
ABC-SMC,1525181.8181818184,54.25210958951479,1174390.0,41.77412438392639,0.5784092261999586,24.53560989121285,33.65269540399959,27.28024001115102,0.7943016818811803,10.106588342321853,0.741935946436782,6.020605987787109,2,0,False,42
ABC-SMC,1527496.103896104,54.26632986440287,1176172.0,41.78507399559021,0.5784092261999586,24.53560989121285,33.65269540399959,27.28024001115102,0.7943016818811803,10.106588342321853,0.741935946436782,6.020605987787109,2,0,False,42
ABC-SMC,1525847.1502590673,54.13993714386935,1177954.0,41.79603147506714,0.5784092261999586,24.53560989121285,33.65269540399959,27.28024001115102,0.7943016818811803,10.106588342321853,0.741935946436782,6.020605987787109,2,0,False,42
ABC-SMC,1528155.4404145076,54.15412397582296,1179736.0,41.80698370933533,0.5784092261999586,24.53560989121285,33.65269540399959,27.28024001115102,0.7943016818811803,10.106588342321853,0.741935946436782,6.020605987787109,2,0,False,42
ABC-SMC,1530463.7305699482,54.16839079535687,1181518.0,41.8179976940155,0.5784092261999586,24.53560989121285,33.65269540399959,27.28024001115102,0.7943016818811803,10.106588342321853,0.741935946436782,6.020605987787109,2,0,False,42
ABC-SMC,1528811.3695090439,54.042639350398254,1183300.0,41.82900285720825,0.5784092261999586,24.53560989121285,33.65269540399959,27.28024001115102,0.7943016818811803,10.106588342321853,0.741935946436782,6.020605987787109,2,0,False,42
ABC-SMC,1527167.5257731958,53.91762735917396,1185082.0,41.840078830718994,0.5784092261999586,24.53560989121285,33.65269540399959,27.28024001115102,0.7943016818811803,10.106588342321853,0.741935946436782,6.020605987787109,2,0,False,42
ABC-SMC,1529463.9175257732,53.93173000247208,1186864.0,41.851022481918335,0.5784092261999586,24.53560989121285,33.65269540399959,27.28024001115102,0.7943016818811803,10.106588342321853,0.741935946436782,6.020605987787109,2,0,False,42
ABC-SMC,1531760.3092783503,53.94586613497783,1188646.0,41.8619921207428,0.5784092261999586,24.53560989121285,33.65269540399959,27.28024001115102,0.7943016818811803,10.106588342321853,0.741935946436782,6.020605987787109,2,0,False,42
ABC-SMC,1534056.7010309277,53.95999335751091,1190428.0,41.87295484542847,0.5784092261999586,24.53560989121285,33.65269540399959,27.28024001115102,0.7943016818811803,10.106588342321853,0.741935946436782,6.020605987787109,2,0,False,42
ABC-SMC,1528474.358974359,53.69738646042652,1192210.0,41.88396143913269,0.5784092261999586,24.53560989121285,33.65269540399959,27.28024001115102,0.7943016818811803,10.106588342321853,0.741935946436782,6.020605987787109,2,0,False,42
ABC-SMC,1526843.989769821,53.57413859013707,1193992.0,41.89497637748718,0.5784092261999586,24.53560989121285,33.65269540399959,27.28024001115102,0.7943016818811803,10.106588342321853,0.741935946436782,6.020605987787109,2,0,False,42
ABC-SMC,1525221.93877551,53.45149459887524,1195774.0,41.90597176551819,0.5784092261999586,24.53560989121285,33.65269540399959,27.28024001115102,0.7943016818811803,10.106588342321853,0.741935946436782,6.020605987787109,2,0,False,42
ABC-SMC,1515893.670886076,53.05950490734245,1197556.0,41.91700887680054,0.5784092261999586,24.53560989121285,33.65269540399959,27.28024001115102,0.7943016818811803,10.106588342321853,0.741935946436782,6.020605987787109,2,0,False,42
ABC-SMC,1514315.6565656567,52.939465852698895,1199338.0,41.928056955337524,0.5784092261999586,24.53560989121285,33.65269540399959,27.28024001115102,0.7943016818811803,10.106588342321853,0.741935946436782,6.020605987787109,2,0,False,42
ABC-SMC,1512745.5919395466,52.820008107336704,1201120.0,41.93908643722534,0.5784092261999586,24.53560989121285,33.65269540399959,27.28024001115102,0.7943016818811803,10.106588342321853,0.741935946436782,6.020605987787109,2,0,False,42
ABC-SMC,1514989.9244332493,52.833832481345844,1202902.0,41.9500629901886,0.5784092261999586,24.53560989121285,33.65269540399959,27.28024001115102,0.7943016818811803,10.106588342321853,0.741935946436782,6.020605987787109,2,0,False,42
ABC-SMC,1517234.2569269522,52.847666163888924,1204684.0,41.96104693412781,0.5784092261999586,24.53560989121285,33.65269540399959,27.28024001115102,0.7943016818811803,10.106588342321853,0.741935946436782,6.020605987787109,2,0,False,42
ABC-SMC,1515660.8040201005,52.72870267455902,1206466.0,41.972047328948975,0.5784092261999586,24.53560989121285,33.65269540399959,27.28024001115102,0.7943016818811803,10.106588342321853,0.741935946436782,6.020605987787109,2,0,False,42
ABC-SMC,1517899.4974874372,52.74249620773085,1208248.0,41.98302698135376,0.5784092261999586,24.53560989121285,33.65269540399959,27.28024001115102,0.7943016818811803,10.106588342321853,0.741935946436782,6.020605987787109,2,0,False,42
ABC-SMC,1516328.320802005,52.62421635458045,1210030.0,41.9941246509552,0.5784092261999586,24.53560989121285,33.65269540399959,27.28024001115102,0.7943016818811803,10.106588342321853,0.741935946436782,6.020605987787109,2,0,False,42
ABC-SMC,1518561.403508772,52.637988164610135,1211812.0,42.00511455535889,0.5784092261999586,24.53560989121285,33.65269540399959,27.28024001115102,0.7943016818811803,10.106588342321853,0.741935946436782,6.020605987787109,2,0,False,42
ABC-SMC,1520794.4862155388,52.65175160907563,1213594.0,42.01609778404236,0.5784092261999586,24.53560989121285,33.65269540399959,27.28024001115102,0.7943016818811803,10.106588342321853,0.741935946436782,6.020605987787109,2,0,False,42
ABC-SMC,1523027.5689223057,52.66548308513517,1215376.0,42.027055501937866,0.5784092261999586,24.53560989121285,33.65269540399959,27.28024001115102,0.7943016818811803,10.106588342321853,0.741935946436782,6.020605987787109,2,0,False,42
ABC-SMC,1517653.366583541,52.41649079501183,1217158.0,42.03802561759949,0.5784092261999586,24.53560989121285,33.65269540399959,27.28024001115102,0.7943016818811803,10.106588342321853,0.741935946436782,6.020605987787109,2,0,False,42
ABC-SMC,1512332.506203474,52.16992788811771,1218940.0,42.048961877822876,0.5784092261999586,24.53560989121285,33.65269540399959,27.28024001115102,0.7943016818811803,10.106588342321853,0.741935946436782,6.020605987787109,2,0,False,42
ABC-SMC,1514543.424317618,52.183620982962864,1220722.0,42.059998512268066,0.5784092261999586,24.53560989121285,33.65269540399959,27.28024001115102,0.7943016818811803,10.106588342321853,0.741935946436782,6.020605987787109,2,0,False,42
ABC-SMC,1516754.3424317618,52.19723036508111,1222504.0,42.07096767425537,0.5784092261999586,24.53560989121285,33.65269540399959,27.28024001115102,0.7943016818811803,10.106588342321853,0.741935946436782,6.020605987787109,2,0,False,42
ABC-SMC,1515205.4455445546,52.081652502022166,1224286.0,42.08197522163391,0.5784092261999586,24.53560989121285,33.65269540399959,27.28024001115102,0.7943016818811803,10.106588342321853,0.741935946436782,6.020605987787109,2,0,False,42
ABC-SMC,1509935.960591133,51.838653134595,1226068.0,42.09298634529114,0.5784092261999586,24.53560989121285,33.65269540399959,27.28024001115102,0.7943016818811803,10.106588342321853,0.741935946436782,6.020605987787109,2,0,False,42
ABC-SMC,1512130.5418719212,51.85231228767358,1227850.0,42.10407757759094,0.5784092261999586,24.53560989121285,33.65269540399959,27.28024001115102,0.7943016818811803,10.106588342321853,0.741935946436782,6.020605987787109,2,0,False,42
ABC-SMC,1510604.4226044226,51.73844904512973,1229632.0,42.115097522735596,0.5784092261999586,24.53560989121285,33.65269540399959,27.28024001115102,0.7943016818811803,10.106588342321853,0.741935946436782,6.020605987787109,2,0,False,42
ABC-SMC,1509085.7843137255,51.625159149076424,1231414.0,42.12612986564636,0.5784092261999586,24.53560989121285,33.65269540399959,27.28024001115102,0.7943016818811803,10.106588342321853,0.741935946436782,6.020605987787109,2,0,False,42
ABC-SMC,1511269.6078431373,51.63856522709716,1233196.0,42.13706922531128,0.5784092261999586,24.53560989121285,33.65269540399959,27.28024001115102,0.7943016818811803,10.106588342321853,0.741935946436782,6.020605987787109,2,0,False,42
ABC-SMC,1506070.731707317,51.40011717633503,1234978.0,42.14809608459473,0.5784092261999586,24.53560989121285,33.65269540399959,27.28024001115102,0.7943016818811803,10.106588342321853,0.741935946436782,6.020605987787109,2,0,False,42
ABC-SMC,1508243.9024390243,51.41354886496939,1236760.0,42.1591100692749,0.5784092261999586,24.53560989121285,33.65269540399959,27.28024001115102,0.7943016818811803,10.106588342321853,0.741935946436782,6.020605987787109,2,0,False,42
ABC-SMC,1506742.092457421,51.30193616351942,1238542.0,42.170191526412964,0.5784092261999586,24.53560989121285,33.65269540399959,27.28024001115102,0.7943016818811803,10.106588342321853,0.741935946436782,6.020605987787109,2,0,False,42
ABC-SMC,1501602.9055690074,51.06678366949714,1240324.0,42.18116331100464,0.5784092261999586,24.53560989121285,33.65269540399959,27.28024001115102,0.7943016818811803,10.106588342321853,0.741935946436782,6.020605987787109,2,0,False,42
ABC-SMC,1503760.290556901,51.08004101252152,1242106.0,42.19211387634277,0.5784092261999586,24.53560989121285,33.65269540399959,27.28024001115102,0.7943016818811803,10.106588342321853,0.741935946436782,6.020605987787109,2,0,False,42
ABC-SMC,1502280.193236715,50.96995024289485,1243888.0,42.20311880111694,0.5784092261999586,24.53560989121285,33.65269540399959,27.28024001115102,0.7943016818811803,10.106588342321853,0.741935946436782,6.020605987787109,2,0,False,42
ABC-SMC,1504432.3671497584,50.98313237157997,1245670.0,42.21403360366821,0.5784092261999586,24.53560989121285,33.65269540399959,27.28024001115102,0.7943016818811803,10.106588342321853,0.741935946436782,6.020605987787109,2,0,False,42
ABC-SMC,1506584.5410628018,50.99640693065625,1247452.0,42.225024938583374,0.5784092261999586,24.53560989121285,33.65269540399959,27.28024001115102,0.7943016818811803,10.106588342321853,0.741935946436782,6.020605987787109,2,0,False,42
ABC-SMC,1505101.2048192772,50.88687029229589,1249234.0,42.23610234260559,0.5784092261999586,24.53560989121285,33.65269540399959,27.28024001115102,0.7943016818811803,10.106588342321853,0.741935946436782,6.020605987787109,2,0,False,42
ABC-SMC,1507248.1927710844,50.9000241038311,1251016.0,42.24702000617981,0.5784092261999586,24.53560989121285,33.65269540399959,27.28024001115102,0.7943016818811803,10.106588342321853,0.741935946436782,6.020605987787109,2,0,False,42
ABC-SMC,1509395.1807228916,50.91324197240623,1252798.0,42.25799083709717,0.5784092261999586,24.53560989121285,33.65269540399959,27.28024001115102,0.7943016818811803,10.106588342321853,0.741935946436782,6.020605987787109,2,0,False,42
ABC-SMC,1511542.1686746988,50.926481672080165,1254580.0,42.26897978782654,0.5784092261999586,24.53560989121285,33.65269540399959,27.28024001115102,0.7943016818811803,10.106588342321853,0.741935946436782,6.020605987787109,2,0,False,42
ABC-SMC,1510050.4807692308,50.81730479231247,1256362.0,42.27999758720398,0.5784092261999586,24.53560989121285,33.65269540399959,27.28024001115102,0.7943016818811803,10.106588342321853,0.741935946436782,6.020605987787109,2,0,False,42
ABC-SMC,1512192.3076923075,50.830498051184875,1258144.0,42.290974378585815,0.5784092261999586,24.53560989121285,33.65269540399959,27.28024001115102,0.7943016818811803,10.106588342321853,0.741935946436782,6.020605987787109,2,0,False,42
ABC-SMC,1514334.1346153845,50.8437085037048,1259926.0,42.3019654750824,0.5784092261999586,24.53560989121285,33.65269540399959,27.28024001115102,0.7943016818811803,10.106588342321853,0.741935946436782,6.020605987787109,2,0,False,42
ABC-SMC,1516475.9615384615,50.85692325463661,1261708.0,42.312960147857666,0.5784092261999586,24.53560989121285,33.65269540399959,27.28024001115102,0.7943016818811803,10.106588342321853,0.741935946436782,6.020605987787109,2,0,False,42
ABC-SMC,1518617.7884615385,50.87010132578703,1263490.0,42.32392430305481,0.5784092261999586,24.53560989121285,33.65269540399959,27.28024001115102,0.7943016818811803,10.106588342321853,0.741935946436782,6.020605987787109,2,0,False,42
ABC-SMC,1517112.7098321342,50.76129259251291,1265272.0,42.33491802215576,0.5784092261999586,24.53560989121285,33.65269540399959,27.28024001115102,0.7943016818811803,10.106588342321853,0.741935946436782,6.020605987787109,2,0,False,42
ABC-SMC,1515614.8325358853,50.65299905658339,1267054.0,42.34590721130371,0.5784092261999586,24.53560989121285,33.65269540399959,27.28024001115102,0.7943016818811803,10.106588342321853,0.741935946436782,6.020605987787109,2,0,False,42
ABC-SMC,1517746.4114832536,50.66609325591457,1268836.0,42.35685396194458,0.5784092261999586,24.53560989121285,33.65269540399959,27.28024001115102,0.7943016818811803,10.106588342321853,0.741935946436782,6.020605987787109,2,0,False,42
ABC-SMC,1519877.9904306221,50.67925504520179,1270618.0,42.367857217788696,0.5784092261999586,24.53560989121285,33.65269540399959,27.28024001115102,0.7943016818811803,10.106588342321853,0.741935946436782,6.020605987787109,2,0,False,42
ABC-SMC,1522009.5693779904,50.692367781862686,1272400.0,42.37881946563721,0.5784092261999586,24.53560989121285,33.65269540399959,27.28024001115102,0.7943016818811803,10.106588342321853,0.741935946436782,6.020605987787109,2,0,False,42
ABC-SMC,1524141.148325359,50.70550875230269,1274182.0,42.38980531692505,0.5784092261999586,24.53560989121285,33.65269540399959,27.28024001115102,0.7943016818811803,10.106588342321853,0.741935946436782,6.020605987787109,2,0,False,42
ABC-SMC,1526272.7272727273,50.71860523315137,1275964.0,42.40075397491455,0.5784092261999586,24.53560989121285,33.65269540399959,27.28024001115102,0.7943016818811803,10.106588342321853,0.741935946436782,6.020605987787109,2,0,False,42
ABC-SMC,1528404.3062200958,50.731684032239414,1277746.0,42.41168785095215,0.5784092261999586,24.53560989121285,33.65269540399959,27.28024001115102,0.7943016818811803,10.106588342321853,0.741935946436782,6.020605987787109,2,0,False,42
ABC-SMC,1523247.6190476192,50.503247408639815,1279528.0,42.422727823257446,0.5784092261999586,24.53560989121285,33.65269540399959,27.28024001115102,0.7943016818811803,10.106588342321853,0.741935946436782,6.020605987787109,2,0,False,42
ABC-SMC,1525369.0476190478,50.5163848400116,1281310.0,42.43376326560974,0.5784092261999586,24.53560989121285,33.65269540399959,27.28024001115102,0.7943016818811803,10.106588342321853,0.741935946436782,6.020605987787109,2,0,False,42
ABC-SMC,1523862.2327790975,50.40946029427499,1283092.0,42.44476556777954,0.5784092261999586,24.53560989121285,33.65269540399959,27.28024001115102,0.7943016818811803,10.106588342321853,0.741935946436782,6.020605987787109,2,0,False,42
ABC-SMC,1522362.559241706,50.303175833552935,1284874.0,42.45588040351868,0.5784092261999586,24.53560989121285,33.65269540399959,27.28024001115102,0.7943016818811803,10.106588342321853,0.741935946436782,6.020605987787109,2,0,False,42
ABC-SMC,1524473.9336492892,50.316138572602476,1286656.0,42.46682095527649,0.5784092261999586,24.53560989121285,33.65269540399959,27.28024001115102,0.7943016818811803,10.106588342321853,0.741935946436782,6.020605987787109,2,0,False,42
ABC-SMC,1526585.308056872,50.3291227806236,1288438.0,42.47777962684631,0.5784092261999586,24.53560989121285,33.65269540399959,27.28024001115102,0.7943016818811803,10.106588342321853,0.741935946436782,6.020605987787109,2,0,False,42
ABC-SMC,1525082.7423167848,50.22304418802825,1290220.0,42.4886953830719,0.5784092261999586,24.53560989121285,33.65269540399959,27.28024001115102,0.7943016818811803,10.106588342321853,0.741935946436782,6.020605987787109,2,0,False,42
ABC-SMC,1527189.1252955084,50.23590385491121,1292002.0,42.49957466125488,0.5784092261999586,24.53560989121285,33.65269540399959,27.28024001115102,0.7943016818811803,10.106588342321853,0.741935946436782,6.020605987787109,2,0,False,42
ABC-SMC,1529295.5082742316,50.249153840626384,1293784.0,42.51078414916992,0.5784092261999586,24.53560989121285,33.65269540399959,27.28024001115102,0.7943016818811803,10.106588342321853,0.741935946436782,6.020605987787109,2,0,False,42
ABC-SMC,1531401.891252955,50.26206818032772,1295566.0,42.52170968055725,0.5784092261999586,24.53560989121285,33.65269540399959,27.28024001115102,0.7943016818811803,10.106588342321853,0.741935946436782,6.020605987787109,2,0,False,42
ABC-SMC,1522708.9201877934,49.921144622032635,1297348.0,42.5328152179718,0.5784092261999586,24.53560989121285,33.65269540399959,27.28024001115102,0.7943016818811803,10.106588342321853,0.741935946436782,6.020605987787109,2,0,False,42
ABC-SMC,1517675.2336448599,49.70084200395602,1299130.0,42.54392075538635,0.5784092261999586,24.53560989121285,33.65269540399959,27.28024001115102,0.7943016818811803,10.106588342321853,0.741935946436782,6.020605987787109,2,0,False,42
ABC-SMC,1519757.0093457943,49.71368179143032,1300912.0,42.554911613464355,0.5784092261999586,24.53560989121285,33.65269540399959,27.28024001115102,0.7943016818811803,10.106588342321853,0.741935946436782,6.020605987787109,2,0,False,42
ABC-SMC,1521838.785046729,49.72650375321647,1302694.0,42.565887212753296,0.5784092261999586,24.53560989121285,33.65269540399959,27.28024001115102,0.7943016818811803,10.106588342321853,0.741935946436782,6.020605987787109,2,0,False,42
ABC-SMC,1520368.2983682984,49.62338017417001,1304476.0,42.576860189437866,0.5784092261999586,24.53560989121285,33.65269540399959,27.28024001115102,0.7943016818811803,10.106588342321853,0.741935946436782,6.020605987787109,2,0,False,42
ABC-SMC,1522445.2214452215,49.636281731523276,1306258.0,42.58792972564697,0.5784092261999586,24.53560989121285,33.65269540399959,27.28024001115102,0.7943016818811803,10.106588342321853,0.741935946436782,6.020605987787109,2,0,False,42
ABC-SMC,1520976.7441860465,49.53369512114414,1308040.0,42.59897780418396,0.5784092261999586,24.53560989121285,33.65269540399959,27.28024001115102,0.7943016818811803,10.106588342321853,0.741935946436782,6.020605987787109,2,0,False,42
ABC-SMC,1523048.8372093022,49.54652897147245,1309822.0,42.61001491546631,0.5784092261999586,24.53560989121285,33.65269540399959,27.28024001115102,0.7943016818811803,10.106588342321853,0.741935946436782,6.020605987787109,2,0,False,42
ABC-SMC,1525120.9302325582,49.559440446454424,1311604.0,42.621118783950806,0.5784092261999586,24.53560989121285,33.65269540399959,27.28024001115102,0.7943016818811803,10.106588342321853,0.741935946436782,6.020605987787109,2,0,False,42
ABC-SMC,1523649.6519721576,49.45729697110205,1313386.0,42.632189989089966,0.5784092261999586,24.53560989121285,33.65269540399959,27.28024001115102,0.7943016818811803,10.106588342321853,0.741935946436782,6.020605987787109,2,0,False,42
ABC-SMC,1522185.1851851852,49.355558775089406,1315168.0,42.643202781677246,0.5784092261999586,24.53560989121285,33.65269540399959,27.28024001115102,0.7943016818811803,10.106588342321853,0.741935946436782,6.020605987787109,2,0,False,42
ABC-SMC,1524247.6851851852,49.36826118716487,1316950.0,42.65417766571045,0.5784092261999586,24.53560989121285,33.65269540399959,27.28024001115102,0.7943016818811803,10.106588342321853,0.741935946436782,6.020605987787109,2,0,False,42
ABC-SMC,1522785.2193995381,49.266972938255684,1318732.0,42.66519856452942,0.5784092261999586,24.53560989121285,33.65269540399959,27.28024001115102,0.7943016818811803,10.106588342321853,0.741935946436782,6.020605987787109,2,0,False,42
ABC-SMC,1524842.9561200924,49.27962206252453,1320514.0,42.67615270614624,0.5784092261999586,24.53560989121285,33.65269540399959,27.28024001115102,0.7943016818811803,10.106588342321853,0.741935946436782,6.020605987787109,2,0,False,42
ABC-SMC,1526900.6928406465,49.29240306034925,1322296.0,42.68722105026245,0.5784092261999586,24.53560989121285,33.65269540399959,27.28024001115102,0.7943016818811803,10.106588342321853,0.741935946436782,6.020605987787109,2,0,False,42
ABC-SMC,1525435.4838709678,49.19160730827789,1324078.0,42.698315143585205,0.5784092261999586,24.53560989121285,33.65269540399959,27.28024001115102,0.7943016818811803,10.106588342321853,0.741935946436782,6.020605987787109,2,0,False,42
ABC-SMC,1527488.4792626728,49.20430804177912,1325860.0,42.70933938026428,0.5784092261999586,24.53560989121285,33.65269540399959,27.28024001115102,0.7943016818811803,10.106588342321853,0.741935946436782,6.020605987787109,2,0,False,42
ABC-SMC,1529541.474654378,49.21690302510415,1327642.0,42.720271825790405,0.5784092261999586,24.53560989121285,33.65269540399959,27.28024001115102,0.7943016818811803,10.106588342321853,0.741935946436782,6.020605987787109,2,0,False,42
ABC-SMC,1531594.470046083,49.229556789046605,1329424.0,42.731255292892456,0.5784092261999586,24.53560989121285,33.65269540399959,27.28024001115102,0.7943016818811803,10.106588342321853,0.741935946436782,6.020605987787109,2,0,False,42
ABC-SMC,1533647.465437788,49.242133094418435,1331206.0,42.7421715259552,0.5784092261999586,24.53560989121285,33.65269540399959,27.28024001115102,0.7943016818811803,10.106588342321853,0.741935946436782,6.020605987787109,2,0,False,42
ABC-SMC,1535700.4608294931,49.25468165753624,1332988.0,42.753063678741455,0.5784092261999586,24.53560989121285,33.65269540399959,27.28024001115102,0.7943016818811803,10.106588342321853,0.741935946436782,6.020605987787109,2,0,False,42
ABC-SMC,1534218.3908045976,49.15415034897026,1334770.0,42.764110803604126,0.5784092261999586,24.53560989121285,33.65269540399959,27.28024001115102,0.7943016818811803,10.106588342321853,0.741935946436782,6.020605987787109,2,0,False,42
ABC-SMC,1536266.6666666667,49.16682352964905,1336552.0,42.77513647079468,0.5784092261999586,24.53560989121285,33.65269540399959,27.28024001115102,0.7943016818811803,10.106588342321853,0.741935946436782,6.020605987787109,2,0,False,42
ABC-SMC,1534786.6972477064,49.06662833800009,1338334.0,42.786099910736084,0.5784092261999586,24.53560989121285,33.65269540399959,27.28024001115102,0.7943016818811803,10.106588342321853,0.741935946436782,6.020605987787109,2,0,False,42
ABC-SMC,1536830.2752293579,49.07917675622012,1340116.0,42.79704213142395,0.5784092261999586,24.53560989121285,33.65269540399959,27.28024001115102,0.7943016818811803,10.106588342321853,0.741935946436782,6.020605987787109,2,0,False,42
ABC-SMC,1538873.8532110092,49.09173611107222,1341898.0,42.80799388885498,0.5784092261999586,24.53560989121285,33.65269540399959,27.28024001115102,0.7943016818811803,10.106588342321853,0.741935946436782,6.020605987787109,2,0,False,42
ABC-SMC,1540917.4311926607,49.1043239011677,1343680.0,42.81897044181824,0.5784092261999586,24.53560989121285,33.65269540399959,27.28024001115102,0.7943016818811803,10.106588342321853,0.741935946436782,6.020605987787109,2,0,False,42
ABC-SMC,1535915.5251141554,48.89275167630688,1345462.0,42.830050468444824,0.5784092261999586,24.53560989121285,33.65269540399959,27.28024001115102,0.7943016818811803,10.106588342321853,0.741935946436782,6.020605987787109,2,0,False,42
ABC-SMC,1537949.7716894979,48.90529750144645,1347244.0,42.84104061126709,0.5784092261999586,24.53560989121285,33.65269540399959,27.28024001115102,0.7943016818811803,10.106588342321853,0.741935946436782,6.020605987787109,2,0,False,42
ABC-SMC,1539984.0182648401,48.917929331461586,1349026.0,42.85210609436035,0.5784092261999586,24.53560989121285,33.65269540399959,27.28024001115102,0.7943016818811803,10.106588342321853,0.741935946436782,6.020605987787109,2,0,False,42
ABC-SMC,1542018.2648401826,48.93048876496755,1350808.0,42.86310815811157,0.5784092261999586,24.53560989121285,33.65269540399959,27.28024001115102,0.7943016818811803,10.106588342321853,0.741935946436782,6.020605987787109,2,0,False,42
ABC-SMC,1544052.511415525,48.94310372060836,1352590.0,42.87415885925293,0.5784092261999586,24.53560989121285,33.65269540399959,27.28024001115102,0.7943016818811803,10.106588342321853,0.741935946436782,6.020605987787109,2,0,False,42
ABC-SMC,1542564.9202733485,48.844164216165396,1354372.0,42.88517618179321,0.5784092261999586,24.53560989121285,33.65269540399959,27.28024001115102,0.7943016818811803,10.106588342321853,0.741935946436782,6.020605987787109,2,0,False,42
ABC-SMC,1544594.5330296126,48.85668037692615,1356154.0,42.89616537094116,0.5784092261999586,24.53560989121285,33.65269540399959,27.28024001115102,0.7943016818811803,10.106588342321853,0.741935946436782,6.020605987787109,2,0,False,42
ABC-SMC,1539609.9773242632,48.64760131792687,1357936.0,42.9071843624115,0.5784092261999586,24.53560989121285,33.65269540399959,27.28024001115102,0.7943016818811803,10.106588342321853,0.741935946436782,6.020605987787109,2,0,False,42
ABC-SMC,1534670.4288939051,48.440427597166455,1359718.0,42.91821885108948,0.5784092261999586,24.53560989121285,33.65269540399959,27.28024001115102,0.7943016818811803,10.106588342321853,0.741935946436782,6.020605987787109,2,0,False,42
ABC-SMC,1533220.7207207207,48.34372530112395,1361500.0,42.92922806739807,0.5784092261999586,24.53560989121285,33.65269540399959,27.28024001115102,0.7943016818811803,10.106588342321853,0.741935946436782,6.020605987787109,2,0,False,42
ABC-SMC,1535227.4774774776,48.356142129983986,1363282.0,42.94025421142578,0.5784092261999586,24.53560989121285,33.65269540399959,27.28024001115102,0.7943016818811803,10.106588342321853,0.741935946436782,6.020605987787109,2,0,False,42
ABC-SMC,1533779.7752808987,48.25980743665374,1365064.0,42.951228618621826,0.5784092261999586,24.53560989121285,33.65269540399959,27.28024001115102,0.7943016818811803,10.106588342321853,0.741935946436782,6.020605987787109,2,0,False,42
ABC-SMC,1528910.514541387,48.056158976800226,1366846.0,42.9622061252594,0.5784092261999586,24.53560989121285,33.65269540399959,27.28024001115102,0.7943016818811803,10.106588342321853,0.741935946436782,6.020605987787109,2,0,False,42
ABC-SMC,1530903.803131991,48.068430599750286,1368628.0,42.97317695617676,0.5784092261999586,24.53560989121285,33.65269540399959,27.28024001115102,0.7943016818811803,10.106588342321853,0.741935946436782,6.020605987787109,2,0,False,42
ABC-SMC,1529475.4464285714,47.97338508069515,1370410.0,42.984153032302856,0.5784092261999586,24.53560989121285,33.65269540399959,27.28024001115102,0.7943016818811803,10.106588342321853,0.741935946436782,6.020605987787109,2,0,False,42
ABC-SMC,1531464.2857142857,47.985671886375975,1372192.0,42.99516201019287,0.5784092261999586,24.53560989121285,33.65269540399959,27.28024001115102,0.7943016818811803,10.106588342321853,0.741935946436782,6.020605987787109,2,0,False,42
ABC-SMC,1533453.125,47.998043841549325,1373974.0,43.0062472820282,0.5784092261999586,24.53560989121285,33.65269540399959,27.28024001115102,0.7943016818811803,10.106588342321853,0.741935946436782,6.020605987787109,2,0,False,42
ABC-SMC,1535441.9642857143,48.01031707652977,1375756.0,43.01724410057068,0.5784092261999586,24.53560989121285,33.65269540399959,27.28024001115102,0.7943016818811803,10.106588342321853,0.741935946436782,6.020605987787109,2,0,False,42
ABC-SMC,1530597.7777777778,47.80910995271471,1377538.0,43.02819895744324,0.5784092261999586,24.53560989121285,33.65269540399959,27.28024001115102,0.7943016818811803,10.106588342321853,0.741935946436782,6.020605987787109,2,0,False,42
ABC-SMC,1532577.7777777778,47.82124333911472,1379320.0,43.03911900520325,0.5784092261999586,24.53560989121285,33.65269540399959,27.28024001115102,0.7943016818811803,10.106588342321853,0.741935946436782,6.020605987787109,2,0,False,42
ABC-SMC,1534557.7777777778,47.833429177602135,1381102.0,43.05008625984192,0.5784092261999586,24.53560989121285,33.65269540399959,27.28024001115102,0.7943016818811803,10.106588342321853,0.741935946436782,6.020605987787109,2,0,False,42
ABC-SMC,1536537.7777777778,47.84560468461778,1382884.0,43.061044216156006,0.5784092261999586,24.53560989121285,33.65269540399959,27.28024001115102,0.7943016818811803,10.106588342321853,0.741935946436782,6.020605987787109,2,0,False,42
ABC-SMC,1535106.4301552107,47.75172775970594,1384666.0,43.07205843925476,0.5784092261999586,24.53560989121285,33.65269540399959,27.28024001115102,0.7943016818811803,10.106588342321853,0.741935946436782,6.020605987787109,2,0,False,42
ABC-SMC,1533681.4159292034,47.65821347194436,1386448.0,43.083024978637695,0.5784092261999586,24.53560989121285,33.65269540399959,27.28024001115102,0.7943016818811803,10.106588342321853,0.741935946436782,6.020605987787109,2,0,False,42
ABC-SMC,1535652.6548672565,47.67038547887211,1388230.0,43.09402847290039,0.5784092261999586,24.53560989121285,33.65269540399959,27.28024001115102,0.7943016818811803,10.106588342321853,0.741935946436782,6.020605987787109,2,0,False,42
ABC-SMC,1534229.5805739514,47.5773106084491,1390012.0,43.10504341125488,0.5784092261999586,24.53560989121285,33.65269540399959,27.28024001115102,0.7943016818811803,10.106588342321853,0.741935946436782,6.020605987787109,2,0,False,42
ABC-SMC,1529443.9560439559,47.38032241444011,1391794.0,43.1160933971405,0.5784092261999586,24.53560989121285,33.65269540399959,27.28024001115102,0.7943016818811803,10.106588342321853,0.741935946436782,6.020605987787109,2,0,False,42
ABC-SMC,1531402.197802198,47.39238980052236,1393576.0,43.12707471847534,0.5784092261999586,24.53560989121285,33.65269540399959,27.28024001115102,0.7943016818811803,10.106588342321853,0.741935946436782,6.020605987787109,2,0,False,42
ABC-SMC,1529997.8070175438,47.30048566533808,1395358.0,43.13804292678833,0.5784092261999586,24.53560989121285,33.65269540399959,27.28024001115102,0.7943016818811803,10.106588342321853,0.741935946436782,6.020605987787109,2,0,False,42
ABC-SMC,1531951.754385965,47.31249939977077,1397140.0,43.14899945259094,0.5784092261999586,24.53560989121285,33.65269540399959,27.28024001115102,0.7943016818811803,10.106588342321853,0.741935946436782,6.020605987787109,2,0,False,42
ABC-SMC,1533905.701754386,47.32456724894674,1398922.0,43.16000533103943,0.5784092261999586,24.53560989121285,33.65269540399959,27.28024001115102,0.7943016818811803,10.106588342321853,0.741935946436782,6.020605987787109,2,0,False,42
ABC-SMC,1535859.649122807,47.33671953803614,1400704.0,43.171088218688965,0.5784092261999586,24.53560989121285,33.65269540399959,27.28024001115102,0.7943016818811803,10.106588342321853,0.741935946436782,6.020605987787109,2,0,False,42
ABC-SMC,1534448.5776805251,47.2452210127916,1402486.0,43.18213200569153,0.5784092261999586,24.53560989121285,33.65269540399959,27.28024001115102,0.7943016818811803,10.106588342321853,0.741935946436782,6.020605987787109,2,0,False,42
ABC-SMC,1536398.2494529542,47.257313843107326,1404268.0,43.1931848526001,0.5784092261999586,24.53560989121285,33.65269540399959,27.28024001115102,0.7943016818811803,10.106588342321853,0.741935946436782,6.020605987787109,2,0,False,42
ABC-SMC,1538347.921225383,47.26934067790826,1406050.0,43.204177379608154,0.5784092261999586,24.53560989121285,33.65269540399959,27.28024001115102,0.7943016818811803,10.106588342321853,0.741935946436782,6.020605987787109,2,0,False,42
ABC-SMC,1540297.5929978117,47.281394902152094,1407832.0,43.21519494056702,0.5784092261999586,24.53560989121285,33.65269540399959,27.28024001115102,0.7943016818811803,10.106588342321853,0.741935946436782,6.020605987787109,2,0,False,42
ABC-SMC,1535527.2331154684,47.087369141755275,1409614.0,43.22620487213135,0.5784092261999586,24.53560989121285,33.65269540399959,27.28024001115102,0.7943016818811803,10.106588342321853,0.741935946436782,6.020605987787109,2,0,False,42
ABC-SMC,1537468.4095860566,47.099373699013704,1411396.0,43.23722505569458,0.5784092261999586,24.53560989121285,33.65269540399959,27.28024001115102,0.7943016818811803,10.106588342321853,0.741935946436782,6.020605987787109,2,0,False,42
ABC-SMC,1539409.586056645,47.111355141616855,1413178.0,43.24822402000427,0.5784092261999586,24.53560989121285,33.65269540399959,27.28024001115102,0.7943016818811803,10.106588342321853,0.741935946436782,6.020605987787109,2,0,False,42
ABC-SMC,1541350.7625272332,47.12333502592864,1414960.0,43.25922155380249,0.5784092261999586,24.53560989121285,33.65269540399959,27.28024001115102,0.7943016818811803,10.106588342321853,0.741935946436782,6.020605987787109,2,0,False,42
ABC-SMC,1543291.9389978212,47.13532477941908,1416742.0,43.270228147506714,0.5784092261999586,24.53560989121285,33.65269540399959,27.28024001115102,0.7943016818811803,10.106588342321853,0.741935946436782,6.020605987787109,2,0,False,42
ABC-SMC,1545233.1154684096,47.14740023893469,1418524.0,43.28131341934204,0.5784092261999586,24.53560989121285,33.65269540399959,27.28024001115102,0.7943016818811803,10.106588342321853,0.741935946436782,6.020605987787109,2,0,False,42
ABC-SMC,1547174.2919389978,47.159356489160736,1420306.0,43.29228925704956,0.5784092261999586,24.53560989121285,33.65269540399959,27.28024001115102,0.7943016818811803,10.106588342321853,0.741935946436782,6.020605987787109,2,0,False,42
ABC-SMC,1549115.4684095862,47.17135195638619,1422088.0,43.303301095962524,0.5784092261999586,24.53560989121285,33.65269540399959,27.28024001115102,0.7943016818811803,10.106588342321853,0.741935946436782,6.020605987787109,2,0,False,42
ABC-SMC,1547684.7826086958,47.080799548522286,1423870.0,43.3143355846405,0.5784092261999586,24.53560989121285,33.65269540399959,27.28024001115102,0.7943016818811803,10.106588342321853,0.741935946436782,6.020605987787109,2,0,False,42
ABC-SMC,1549621.7391304348,47.09280288737753,1425652.0,43.32537865638733,0.5784092261999586,24.53560989121285,33.65269540399959,27.28024001115102,0.7943016818811803,10.106588342321853,0.741935946436782,6.020605987787109,2,0,False,42
ABC-SMC,1551558.6956521738,47.10482255272243,1427434.0,43.33643674850464,0.5784092261999586,24.53560989121285,33.65269540399959,27.28024001115102,0.7943016818811803,10.106588342321853,0.741935946436782,6.020605987787109,2,0,False,42
ABC-SMC,1553495.6521739129,47.11674037186996,1429216.0,43.34740114212036,0.5784092261999586,24.53560989121285,33.65269540399959,27.28024001115102,0.7943016818811803,10.106588342321853,0.741935946436782,6.020605987787109,2,0,False,42
ABC-SMC,1552058.568329718,47.02646432367685,1430998.0,43.358400106430054,0.5784092261999586,24.53560989121285,33.65269540399959,27.28024001115102,0.7943016818811803,10.106588342321853,0.741935946436782,6.020605987787109,2,0,False,42
ABC-SMC,1553991.3232104122,47.03841964489985,1432780.0,43.369422912597656,0.5784092261999586,24.53560989121285,33.65269540399959,27.28024001115102,0.7943016818811803,10.106588342321853,0.741935946436782,6.020605987787109,2,0,False,42
ABC-SMC,1555924.0780911064,47.05036126093337,1434562.0,43.380433082580566,0.5784092261999586,24.53560989121285,33.65269540399959,27.28024001115102,0.7943016818811803,10.106588342321853,0.741935946436782,6.020605987787109,2,0,False,42
ABC-SMC,1554484.8484848484,46.96049370290913,1436344.0,43.39149618148804,0.5784092261999586,24.53560989121285,33.65269540399959,27.28024001115102,0.7943016818811803,10.106588342321853,0.741935946436782,6.020605987787109,2,0,False,42
ABC-SMC,1553051.8358531317,46.87096542210095,1438126.0,43.40251398086548,0.5784092261999586,24.53560989121285,33.65269540399959,27.28024001115102,0.7943016818811803,10.106588342321853,0.741935946436782,6.020605987787109,2,0,False,42
ABC-SMC,1548288.1720430108,46.68115723517633,1439908.0,43.41347622871399,0.5784092261999586,24.53560989121285,33.65269540399959,27.28024001115102,0.7943016818811803,10.106588342321853,0.741935946436782,6.020605987787109,2,0,False,42
ABC-SMC,1550204.3010752688,46.69292511478547,1441690.0,43.42442035675049,0.5784092261999586,24.53560989121285,33.65269540399959,27.28024001115102,0.7943016818811803,10.106588342321853,0.741935946436782,6.020605987787109,2,0,False,42
ABC-SMC,1552120.4301075267,46.704697608947754,1443472.0,43.43536877632141,0.5784092261999586,24.53560989121285,33.65269540399959,27.28024001115102,0.7943016818811803,10.106588342321853,0.741935946436782,6.020605987787109,2,0,False,42
ABC-SMC,1554036.559139785,46.71644087760679,1445254.0,43.446290016174316,0.5784092261999586,24.53560989121285,33.65269540399959,27.28024001115102,0.7943016818811803,10.106588342321853,0.741935946436782,6.020605987787109,2,0,False,42
ABC-SMC,1555952.688172043,46.72828720461938,1447036.0,43.45730710029602,0.5784092261999586,24.53560989121285,33.65269540399959,27.28024001115102,0.7943016818811803,10.106588342321853,0.741935946436782,6.020605987787109,2,0,False,42
ABC-SMC,1557868.817204301,46.740117893424085,1448818.0,43.4683096408844,0.5784092261999586,24.53560989121285,33.65269540399959,27.28024001115102,0.7943016818811803,10.106588342321853,0.741935946436782,6.020605987787109,2,0,False,42
ABC-SMC,1556437.7682403433,46.65167827974574,1450600.0,43.47936415672302,0.5784092261999586,24.53560989121285,33.65269540399959,27.28024001115102,0.7943016818811803,10.106588342321853,0.741935946436782,6.020605987787109,2,0,False,42
ABC-SMC,1555012.8479657387,46.56360465913564,1452382.0,43.49040675163269,0.5784092261999586,24.53560989121285,33.65269540399959,27.28024001115102,0.7943016818811803,10.106588342321853,0.741935946436782,6.020605987787109,2,0,False,42
ABC-SMC,1553594.017094017,46.47584526966779,1454164.0,43.50139117240906,0.5784092261999586,24.53560989121285,33.65269540399959,27.28024001115102,0.7943016818811803,10.106588342321853,0.741935946436782,6.020605987787109,2,0,False,42
ABC-SMC,1552181.236673774,46.38844614089933,1455946.0,43.512362480163574,0.5784092261999586,24.53560989121285,33.65269540399959,27.28024001115102,0.7943016818811803,10.106588342321853,0.741935946436782,6.020605987787109,2,0,False,42
ABC-SMC,1550774.4680851065,46.301594693610014,1457728.0,43.52349901199341,0.5784092261999586,24.53560989121285,33.65269540399959,27.28024001115102,0.7943016818811803,10.106588342321853,0.741935946436782,6.020605987787109,2,0,False,42
ABC-SMC,1552670.2127659575,46.3133527877483,1459510.0,43.5345516204834,0.5784092261999586,24.53560989121285,33.65269540399959,27.28024001115102,0.7943016818811803,10.106588342321853,0.741935946436782,6.020605987787109,2,0,False,42
ABC-SMC,1554565.9574468085,46.32507334364222,1461292.0,43.54556894302368,0.5784092261999586,24.53560989121285,33.65269540399959,27.28024001115102,0.7943016818811803,10.106588342321853,0.741935946436782,6.020605987787109,2,0,False,42
ABC-SMC,1556461.7021276595,46.33687861422275,1463074.0,43.556665897369385,0.5784092261999586,24.53560989121285,33.65269540399959,27.28024001115102,0.7943016818811803,10.106588342321853,0.741935946436782,6.020605987787109,2,0,False,42
ABC-SMC,1555048.8322717622,46.25020487799513,1464856.0,43.56769299507141,0.5784092261999586,24.53560989121285,33.65269540399959,27.28024001115102,0.7943016818811803,10.106588342321853,0.741935946436782,6.020605987787109,2,0,False,42
ABC-SMC,1556940.5520169851,46.26189624681088,1466638.0,43.57870626449585,0.5784092261999586,24.53560989121285,33.65269540399959,27.28024001115102,0.7943016818811803,10.106588342321853,0.741935946436782,6.020605987787109,2,0,False,42
ABC-SMC,1558832.271762208,46.273645068936034,1468420.0,43.589773654937744,0.5784092261999586,24.53560989121285,33.65269540399959,27.28024001115102,0.7943016818811803,10.106588342321853,0.741935946436782,6.020605987787109,2,0,False,42
ABC-SMC,1560723.991507431,46.285376427279914,1470202.0,43.60082459449768,0.5784092261999586,24.53560989121285,33.65269540399959,27.28024001115102,0.7943016818811803,10.106588342321853,0.741935946436782,6.020605987787109,2,0,False,42
ABC-SMC,1562615.711252654,46.29701565785013,1471984.0,43.611788749694824,0.5784092261999586,24.53560989121285,33.65269540399959,27.28024001115102,0.7943016818811803,10.106588342321853,0.741935946436782,6.020605987787109,2,0,False,42
ABC-SMC,1561192.7966101696,46.21060142072581,1473766.0,43.62280774116516,0.5784092261999586,24.53560989121285,33.65269540399959,27.28024001115102,0.7943016818811803,10.106588342321853,0.741935946436782,6.020605987787109,2,0,False,42
ABC-SMC,1563080.508474576,46.22223948018026,1475548.0,43.63379406929016,0.5784092261999586,24.53560989121285,33.65269540399959,27.28024001115102,0.7943016818811803,10.106588342321853,0.741935946436782,6.020605987787109,2,0,False,42
ABC-SMC,1561659.6194503172,46.136096214391216,1477330.0,43.64474701881409,0.5784092261999586,24.53560989121285,33.65269540399959,27.28024001115102,0.7943016818811803,10.106588342321853,0.741935946436782,6.020605987787109,2,0,False,42
ABC-SMC,1563543.3403805497,46.14768799465252,1479112.0,43.655712842941284,0.5784092261999586,24.53560989121285,33.65269540399959,27.28024001115102,0.7943016818811803,10.106588342321853,0.741935946436782,6.020605987787109,2,0,False,42
ABC-SMC,1565427.061310782,46.159282295194785,1480894.0,43.66668105125427,0.5784092261999586,24.53560989121285,33.65269540399959,27.28024001115102,0.7943016818811803,10.106588342321853,0.741935946436782,6.020605987787109,2,0,False,42
ABC-SMC,1567310.7822410148,46.1708395476069,1482676.0,43.67761421203613,0.5784092261999586,24.53560989121285,33.65269540399959,27.28024001115102,0.7943016818811803,10.106588342321853,0.741935946436782,6.020605987787109,2,0,False,42
ABC-SMC,1569194.5031712474,46.182454262424976,1484458.0,43.68860173225403,0.5784092261999586,24.53560989121285,33.65269540399959,27.28024001115102,0.7943016818811803,10.106588342321853,0.741935946436782,6.020605987787109,2,0,False,42
ABC-SMC,1571078.2241014799,46.19411434230038,1486240.0,43.69963216781616,0.5784092261999586,24.53560989121285,33.65269540399959,27.28024001115102,0.7943016818811803,10.106588342321853,0.741935946436782,6.020605987787109,2,0,False,42
ABC-SMC,1572961.9450317125,46.205720740191275,1488022.0,43.71061182022095,0.5784092261999586,24.53560989121285,33.65269540399959,27.28024001115102,0.7943016818811803,10.106588342321853,0.741935946436782,6.020605987787109,2,0,False,42
ABC-SMC,1574845.6659619452,46.217365950409,1489804.0,43.721628189086914,0.5784092261999586,24.53560989121285,33.65269540399959,27.28024001115102,0.7943016818811803,10.106588342321853,0.741935946436782,6.020605987787109,2,0,False,42
ABC-SMC,1576729.3868921776,46.22899629096904,1491586.0,43.732630491256714,0.5784092261999586,24.53560989121285,33.65269540399959,27.28024001115102,0.7943016818811803,10.106588342321853,0.741935946436782,6.020605987787109,2,0,False,42
ABC-SMC,1575282.700421941,46.143007429340216,1493368.0,43.743571043014526,0.5784092261999586,24.53560989121285,33.65269540399959,27.28024001115102,0.7943016818811803,10.106588342321853,0.741935946436782,6.020605987787109,2,0,False,42
ABC-SMC,1573842.105263158,46.05738865701776,1495150.0,43.75451922416687,0.5784092261999586,24.53560989121285,33.65269540399959,27.28024001115102,0.7943016818811803,10.106588342321853,0.741935946436782,6.020605987787109,2,0,False,42
ABC-SMC,1575717.894736842,46.06897027868974,1496932.0,43.76552176475525,0.5784092261999586,24.53560989121285,33.65269540399959,27.28024001115102,0.7943016818811803,10.106588342321853,0.741935946436782,6.020605987787109,2,0,False,42
ABC-SMC,1577593.6842105263,46.08058101252506,1498714.0,43.776551961898804,0.5784092261999586,24.53560989121285,33.65269540399959,27.28024001115102,0.7943016818811803,10.106588342321853,0.741935946436782,6.020605987787109,2,0,False,42
ABC-SMC,1579469.4736842106,46.09212323238975,1500496.0,43.787517070770264,0.5784092261999586,24.53560989121285,33.65269540399959,27.28024001115102,0.7943016818811803,10.106588342321853,0.741935946436782,6.020605987787109,2,0,False,42
ABC-SMC,1578023.1092436975,46.006829047403414,1502278.0,43.79850125312805,0.5784092261999586,24.53560989121285,33.65269540399959,27.28024001115102,0.7943016818811803,10.106588342321853,0.741935946436782,6.020605987787109,2,0,False,42
ABC-SMC,1573284.5188284519,45.82583879327176,1504060.0,43.8095018863678,0.5784092261999586,24.53560989121285,33.65269540399959,27.28024001115102,0.7943016818811803,10.106588342321853,0.741935946436782,6.020605987787109,2,0,False,42
ABC-SMC,1575148.5355648536,45.83737815274355,1505842.0,43.82053351402283,0.5784092261999586,24.53560989121285,33.65269540399959,27.28024001115102,0.7943016818811803,10.106588342321853,0.741935946436782,6.020605987787109,2,0,False,42
ABC-SMC,1577012.5523012553,45.84885366790963,1507624.0,43.831504106521606,0.5784092261999586,24.53560989121285,33.65269540399959,27.28024001115102,0.7943016818811803,10.106588342321853,0.741935946436782,6.020605987787109,2,0,False,42
ABC-SMC,1575580.375782881,45.7646918943879,1509406.0,43.84257483482361,0.5784092261999586,24.53560989121285,33.65269540399959,27.28024001115102,0.7943016818811803,10.106588342321853,0.741935946436782,6.020605987787109,2,0,False,42
ABC-SMC,1577440.5010438412,45.77619123558411,1511188.0,43.853591203689575,0.5784092261999586,24.53560989121285,33.65269540399959,27.28024001115102,0.7943016818811803,10.106588342321853,0.741935946436782,6.020605987787109,2,0,False,42
ABC-SMC,1576010.4166666667,45.692384243011475,1512970.0,43.864688873291016,0.5784092261999586,24.53560989121285,33.65269540399959,27.28024001115102,0.7943016818811803,10.106588342321853,0.741935946436782,6.020605987787109,2,0,False,42
ABC-SMC,1574586.2785862787,45.608893501535526,1514752.0,43.87575554847717,0.5784092261999586,24.53560989121285,33.65269540399959,27.28024001115102,0.7943016818811803,10.106588342321853,0.741935946436782,6.020605987787109,2,0,False,42
ABC-SMC,1576438.6694386695,45.62033932818692,1516534.0,43.88676643371582,0.5784092261999586,24.53560989121285,33.65269540399959,27.28024001115102,0.7943016818811803,10.106588342321853,0.741935946436782,6.020605987787109,2,0,False,42
ABC-SMC,1575016.5975103735,45.53714852115425,1518316.0,43.8978111743927,0.5784092261999586,24.53560989121285,33.65269540399959,27.28024001115102,0.7943016818811803,10.106588342321853,0.741935946436782,6.020605987787109,2,0,False,42
ABC-SMC,1576865.145228216,45.548594838850725,1520098.0,43.9088454246521,0.5784092261999586,24.53560989121285,33.65269540399959,27.28024001115102,0.7943016818811803,10.106588342321853,0.741935946436782,6.020605987787109,2,0,False,42
ABC-SMC,1578713.692946058,45.56002310202824,1521880.0,43.919862270355225,0.5784092261999586,24.53560989121285,33.65269540399959,27.28024001115102,0.7943016818811803,10.106588342321853,0.741935946436782,6.020605987787109,2,0,False,42
ABC-SMC,1580562.2406639005,45.57140833114688,1523662.0,43.930837631225586,0.5784092261999586,24.53560989121285,33.65269540399959,27.28024001115102,0.7943016818811803,10.106588342321853,0.741935946436782,6.020605987787109,2,0,False,42
ABC-SMC,1579134.5755693582,45.488454046703524,1525444.0,43.9418466091156,0.5784092261999586,24.53560989121285,33.65269540399959,27.28024001115102,0.7943016818811803,10.106588342321853,0.741935946436782,6.020605987787109,2,0,False,42
ABC-SMC,1580979.2960662525,45.499868274475475,1527226.0,43.95287275314331,0.5784092261999586,24.53560989121285,33.65269540399959,27.28024001115102,0.7943016818811803,10.106588342321853,0.741935946436782,6.020605987787109,2,0,False,42
ABC-SMC,1579553.7190082644,45.417250680529385,1529008.0,43.96389865875244,0.5784092261999586,24.53560989121285,33.65269540399959,27.28024001115102,0.7943016818811803,10.106588342321853,0.741935946436782,6.020605987787109,2,0,False,42
ABC-SMC,1581394.6280991735,45.4286612755011,1530790.0,43.97494411468506,0.5784092261999586,24.53560989121285,33.65269540399959,27.28024001115102,0.7943016818811803,10.106588342321853,0.741935946436782,6.020605987787109,2,0,False,42
ABC-SMC,1583235.5371900825,45.439961035389544,1532572.0,43.98588228225708,0.5784092261999586,24.53560989121285,33.65269540399959,27.28024001115102,0.7943016818811803,10.106588342321853,0.741935946436782,6.020605987787109,2,0,False,42
ABC-SMC,1585076.446280992,45.45130562191167,1534354.0,43.9968638420105,0.5784092261999586,24.53560989121285,33.65269540399959,27.28024001115102,0.7943016818811803,10.106588342321853,0.741935946436782,6.020605987787109,2,0,False,42
ABC-SMC,1586917.3553719008,45.46259183528994,1536136.0,44.00778889656067,0.5784092261999586,24.53560989121285,33.65269540399959,27.28024001115102,0.7943016818811803,10.106588342321853,0.741935946436782,6.020605987787109,2,0,False,42
ABC-SMC,1588758.2644628098,45.474002430261656,1537918.0,44.018834352493286,0.5784092261999586,24.53560989121285,33.65269540399959,27.28024001115102,0.7943016818811803,10.106588342321853,0.741935946436782,6.020605987787109,2,0,False,42
ABC-SMC,1587319.587628866,45.39155173547489,1539700.0,44.029805183410645,0.5784092261999586,24.53560989121285,33.65269540399959,27.28024001115102,0.7943016818811803,10.106588342321853,0.741935946436782,6.020605987787109,2,0,False,42
ABC-SMC,1589156.701030928,45.4028235268347,1541482.0,44.04073882102966,0.5784092261999586,24.53560989121285,33.65269540399959,27.28024001115102,0.7943016818811803,10.106588342321853,0.741935946436782,6.020605987787109,2,0,False,42
ABC-SMC,1587720.1646090534,45.32064920590247,1543264.0,44.05167102813721,0.5784092261999586,24.53560989121285,33.65269540399959,27.28024001115102,0.7943016818811803,10.106588342321853,0.741935946436782,6.020605987787109,2,0,False,42
ABC-SMC,1589553.497942387,45.33192404994258,1545046.0,44.06263017654419,0.5784092261999586,24.53560989121285,33.65269540399959,27.28024001115102,0.7943016818811803,10.106588342321853,0.741935946436782,6.020605987787109,2,0,False,42
ABC-SMC,1584864.7540983607,45.15736122600368,1546828.0,44.07358455657959,0.5784092261999586,24.53560989121285,33.65269540399959,27.28024001115102,0.7943016818811803,10.106588342321853,0.741935946436782,6.020605987787109,2,0,False,42
ABC-SMC,1586690.5737704916,45.16866729884851,1548610.0,44.08461928367615,0.5784092261999586,24.53560989121285,33.65269540399959,27.28024001115102,0.7943016818811803,10.106588342321853,0.741935946436782,6.020605987787109,2,0,False,42
ABC-SMC,1588516.393442623,45.17988616325816,1550392.0,44.095568895339966,0.5784092261999586,24.53560989121285,33.65269540399959,27.28024001115102,0.7943016818811803,10.106588342321853,0.741935946436782,6.020605987787109,2,0,False,42
ABC-SMC,1590342.213114754,45.19110527194915,1552174.0,44.10651874542236,0.5784092261999586,24.53560989121285,33.65269540399959,27.28024001115102,0.7943016818811803,10.106588342321853,0.741935946436782,6.020605987787109,2,0,False,42
ABC-SMC,1592168.0327868853,45.202321204982816,1553956.0,44.11746549606323,0.5784092261999586,24.53560989121285,33.65269540399959,27.28024001115102,0.7943016818811803,10.106588342321853,0.741935946436782,6.020605987787109,2,0,False,42
ABC-SMC,1593993.8524590163,45.2135473978324,1555738.0,44.128422260284424,0.5784092261999586,24.53560989121285,33.65269540399959,27.28024001115102,0.7943016818811803,10.106588342321853,0.741935946436782,6.020605987787109,2,0,False,42
ABC-SMC,1592556.237218814,45.13236788884262,1557520.0,44.139455795288086,0.5784092261999586,24.53560989121285,33.65269540399959,27.28024001115102,0.7943016818811803,10.106588342321853,0.741935946436782,6.020605987787109,2,0,False,42
ABC-SMC,1587883.9103869654,44.959790594951684,1559302.0,44.150514364242554,0.5784092261999586,24.53560989121285,33.65269540399959,27.28024001115102,0.7943016818811803,10.106588342321853,0.741935946436782,6.020605987787109,2,0,False,42
ABC-SMC,1586467.4796747968,44.87959713470645,1561084.0,44.16152358055115,0.5784092261999586,24.53560989121285,33.65269540399959,27.28024001115102,0.7943016818811803,10.106588342321853,0.741935946436782,6.020605987787109,2,0,False,42
ABC-SMC,1588278.4552845529,44.89081589187064,1562866.0,44.17256283760071,0.5784092261999586,24.53560989121285,33.65269540399959,27.28024001115102,0.7943016818811803,10.106588342321853,0.741935946436782,6.020605987787109,2,0,False,42
ABC-SMC,1590089.430894309,44.90198304013508,1564648.0,44.18355131149292,0.5784092261999586,24.53560989121285,33.65269540399959,27.28024001115102,0.7943016818811803,10.106588342321853,0.741935946436782,6.020605987787109,2,0,False,42
ABC-SMC,1591900.406504065,44.913134923795376,1566430.0,44.19452476501465,0.5784092261999586,24.53560989121285,33.65269540399959,27.28024001115102,0.7943016818811803,10.106588342321853,0.741935946436782,6.020605987787109,2,0,False,42
ABC-SMC,1590478.701825558,44.8332355182021,1568212.0,44.205570220947266,0.5784092261999586,24.53560989121285,33.65269540399959,27.28024001115102,0.7943016818811803,10.106588342321853,0.741935946436782,6.020605987787109,2,0,False,42
ABC-SMC,1592286.004056795,44.84434785514043,1569994.0,44.21652698516846,0.5784092261999586,24.53560989121285,33.65269540399959,27.28024001115102,0.7943016818811803,10.106588342321853,0.741935946436782,6.020605987787109,2,0,False,42
ABC-SMC,1594093.3062880323,44.855491868380845,1571776.0,44.22751498222351,0.5784092261999586,24.53560989121285,33.65269540399959,27.28024001115102,0.7943016818811803,10.106588342321853,0.741935946436782,6.020605987787109,2,0,False,42
ABC-SMC,1595900.6085192699,44.86660976680732,1573558.0,44.23847723007202,0.5784092261999586,24.53560989121285,33.65269540399959,27.28024001115102,0.7943016818811803,10.106588342321853,0.741935946436782,6.020605987787109,2,0,False,42
ABC-SMC,1597707.9107505071,44.877810120340776,1575340.0,44.249520778656006,0.5784092261999586,24.53560989121285,33.65269540399959,27.28024001115102,0.7943016818811803,10.106588342321853,0.741935946436782,6.020605987787109,2,0,False,42
ABC-SMC,1599515.2129817444,44.88898532627562,1577122.0,44.260539531707764,0.5784092261999586,24.53560989121285,33.65269540399959,27.28024001115102,0.7943016818811803,10.106588342321853,0.741935946436782,6.020605987787109,2,0,False,42
ABC-SMC,1601322.5152129817,44.90017141338294,1578904.0,44.27156901359558,0.5784092261999586,24.53560989121285,33.65269540399959,27.28024001115102,0.7943016818811803,10.106588342321853,0.741935946436782,6.020605987787109,2,0,False,42
ABC-SMC,1603129.817444219,44.91134105782964,1580686.0,44.28258228302002,0.5784092261999586,24.53560989121285,33.65269540399959,27.28024001115102,0.7943016818811803,10.106588342321853,0.741935946436782,6.020605987787109,2,0,False,42
ABC-SMC,1604937.1196754563,44.92251118588399,1582468.0,44.293596029281616,0.5784092261999586,24.53560989121285,33.65269540399959,27.28024001115102,0.7943016818811803,10.106588342321853,0.741935946436782,6.020605987787109,2,0,False,42
ABC-SMC,1606744.4219066938,44.9337422485042,1584250.0,44.30466985702515,0.5784092261999586,24.53560989121285,33.65269540399959,27.28024001115102,0.7943016818811803,10.106588342321853,0.741935946436782,6.020605987787109,2,0,False,42
ABC-SMC,1605295.5465587045,44.85391098478062,1586032.0,44.31566405296326,0.5784092261999586,24.53560989121285,33.65269540399959,27.28024001115102,0.7943016818811803,10.106588342321853,0.741935946436782,6.020605987787109,2,0,False,42
ABC-SMC,1594190.7630522088,44.5047590627249,1587814.0,44.326740026474,0.5784092261999586,24.53560989121285,33.65269540399959,27.28024001115102,0.7943016818811803,10.106588342321853,0.741935946436782,6.020605987787109,2,0,False,42
ABC-SMC,1595979.9196787148,44.515817519651364,1589596.0,44.337754249572754,0.5784092261999586,24.53560989121285,33.65269540399959,27.28024001115102,0.7943016818811803,10.106588342321853,0.741935946436782,6.020605987787109,2,0,False,42
ABC-SMC,1597769.0763052208,44.52685730524331,1591378.0,44.34874987602234,0.5784092261999586,24.53560989121285,33.65269540399959,27.28024001115102,0.7943016818811803,10.106588342321853,0.741935946436782,6.020605987787109,2,0,False,42
ABC-SMC,1599558.2329317268,44.53782934740366,1593160.0,44.35967803001404,0.5784092261999586,24.53560989121285,33.65269540399959,27.28024001115102,0.7943016818811803,10.106588342321853,0.741935946436782,6.020605987787109,2,0,False,42
ABC-SMC,1601347.3895582329,44.54883298720701,1594942.0,44.37063765525818,0.5784092261999586,24.53560989121285,33.65269540399959,27.28024001115102,0.7943016818811803,10.106588342321853,0.741935946436782,6.020605987787109,2,0,False,42
ABC-SMC,1603136.546184739,44.56007001869171,1596724.0,44.38182973861694,0.5784092261999586,24.53560989121285,33.65269540399959,27.28024001115102,0.7943016818811803,10.106588342321853,0.741935946436782,6.020605987787109,2,0,False,42
ABC-SMC,1601709.4188376754,44.48200108293064,1598506.0,44.39303708076477,0.5784092261999586,24.53560989121285,33.65269540399959,27.28024001115102,0.7943016818811803,10.106588342321853,0.741935946436782,6.020605987787109,2,0,False,42
ABC-SMC,1600288.0,44.404006242752075,1600288.0,44.404006242752075,0.5784092261999586,24.53560989121285,33.65269540399959,27.28024001115102,0.7943016818811803,10.106588342321853,0.741935946436782,6.020605987787109,2,0,False,42
ABC-SMC,1602070.0,44.414947748184204,1602070.0,44.414947748184204,0.5784092261999586,24.53560989121285,33.65269540399959,27.28024001115102,0.7943016818811803,10.106588342321853,0.741935946436782,6.020605987787109,2,0,False,42
ABC-SMC,1603852.0,44.42594075202942,1603852.0,44.42594075202942,0.5784092261999586,24.53560989121285,33.65269540399959,27.28024001115102,0.7943016818811803,10.106588342321853,0.741935946436782,6.020605987787109,2,0,False,42
ABC-SMC,1602429.1417165669,44.348237043369316,1605634.0,44.436933517456055,0.5784092261999586,24.53560989121285,33.65269540399959,27.28024001115102,0.7943016818811803,10.106588342321853,0.741935946436782,6.020605987787109,2,0,False,42
ABC-SMC,1597829.0258449304,44.18284684478881,1607416.0,44.447943925857544,0.5784092261999586,24.53560989121285,33.65269540399959,27.28024001115102,0.7943016818811803,10.106588342321853,0.741935946436782,6.020605987787109,2,0,False,42
ABC-SMC,1599600.397614314,44.19377997191715,1609198.0,44.45894265174866,0.5784092261999586,24.53560989121285,33.65269540399959,27.28024001115102,0.7943016818811803,10.106588342321853,0.741935946436782,6.020605987787109,2,0,False,42
ABC-SMC,1595029.702970297,44.02961376870033,1610980.0,44.46990990638733,0.5784092261999586,24.53560989121285,33.65269540399959,27.28024001115102,0.7943016818811803,10.106588342321853,0.741935946436782,6.020605987787109,2,0,False,42
ABC-SMC,1593638.3399209485,43.95342085201278,1612762.0,44.48086190223694,0.5784092261999586,24.53560989121285,33.65269540399959,27.28024001115102,0.7943016818811803,10.106588342321853,0.741935946436782,6.020605987787109,2,0,False,42
ABC-SMC,1592252.4654832347,43.87755483330119,1614544.0,44.49184060096741,0.5784092261999586,24.53560989121285,33.65269540399959,27.28024001115102,0.7943016818811803,10.106588342321853,0.741935946436782,6.020605987787109,2,0,False,42
ABC-SMC,1594009.8619329387,43.88842568595028,1616326.0,44.50286364555359,0.5784092261999586,24.53560989121285,33.65269540399959,27.28024001115102,0.7943016818811803,10.106588342321853,0.741935946436782,6.020605987787109,2,0,False,42
ABC-SMC,1589497.0530451867,43.72688243806011,1618108.0,44.51396632194519,0.5784092261999586,24.53560989121285,33.65269540399959,27.28024001115102,0.7943016818811803,10.106588342321853,0.741935946436782,6.020605987787109,2,0,False,42
ABC-SMC,1591247.5442043222,43.73771924166876,1619890.0,44.5249981880188,0.5784092261999586,24.53560989121285,33.65269540399959,27.28024001115102,0.7943016818811803,10.106588342321853,0.741935946436782,6.020605987787109,2,0,False,42
ABC-SMC,1592998.0353634579,43.74856049513302,1621672.0,44.53603458404541,0.5784092261999586,24.53560989121285,33.65269540399959,27.28024001115102,0.7943016818811803,10.106588342321853,0.741935946436782,6.020605987787109,2,0,False,42
ABC-SMC,1594748.5265225933,43.75946147034351,1623454.0,44.54713177680969,0.5784092261999586,24.53560989121285,33.65269540399959,27.28024001115102,0.7943016818811803,10.106588342321853,0.741935946436782,6.020605987787109,2,0,False,42
ABC-SMC,1596499.0176817288,43.770240191626414,1625236.0,44.558104515075684,0.5784092261999586,24.53560989121285,33.65269540399959,27.28024001115102,0.7943016818811803,10.106588342321853,0.741935946436782,6.020605987787109,2,0,False,42
ABC-SMC,1598249.5088408643,43.78108097668481,1627018.0,44.56914043426514,0.5784092261999586,24.53560989121285,33.65269540399959,27.28024001115102,0.7943016818811803,10.106588342321853,0.741935946436782,6.020605987787109,2,0,False,42
ABC-SMC,1600000.0,43.791914033046645,1628800.0,44.58016848564148,0.5784092261999586,24.53560989121285,33.65269540399959,27.28024001115102,0.7943016818811803,10.106588342321853,0.741935946436782,6.020605987787109,2,0,False,42
ABC-SMC,1601750.4911591357,43.802741702741166,1630582.0,44.5911910533905,0.5784092261999586,24.53560989121285,33.65269540399959,27.28024001115102,0.7943016818811803,10.106588342321853,0.741935946436782,6.020605987787109,2,0,False,42
ABC-SMC,1600356.8627450978,43.727735210867486,1632364.0,44.60228991508484,0.5784092261999586,24.53560989121285,33.65269540399959,27.28024001115102,0.7943016818811803,10.106588342321853,0.741935946436782,6.020605987787109,2,0,False,42
ABC-SMC,1602103.9215686275,43.738515236798456,1634146.0,44.613285541534424,0.5784092261999586,24.53560989121285,33.65269540399959,27.28024001115102,0.7943016818811803,10.106588342321853,0.741935946436782,6.020605987787109,2,0,False,42
ABC-SMC,1603850.9803921569,43.74929456149831,1635928.0,44.62428045272827,0.5784092261999586,24.53560989121285,33.65269540399959,27.28024001115102,0.7943016818811803,10.106588342321853,0.741935946436782,6.020605987787109,2,0,False,42
ABC-SMC,1602455.9686888454,43.674473659866244,1637710.0,44.6353120803833,0.5784092261999586,24.53560989121285,33.65269540399959,27.28024001115102,0.7943016818811803,10.106588342321853,0.741935946436782,6.020605987787109,2,0,False,42
ABC-SMC,1604199.6086105676,43.685251252758526,1639492.0,44.646326780319214,0.5784092261999586,24.53560989121285,33.65269540399959,27.28024001115102,0.7943016818811803,10.106588342321853,0.741935946436782,6.020605987787109,2,0,False,42
ABC-SMC,1602806.640625,43.610671535134315,1641274.0,44.65732765197754,0.5784092261999586,24.53560989121285,33.65269540399959,27.28024001115102,0.7943016818811803,10.106588342321853,0.741935946436782,6.020605987787109,2,0,False,42
ABC-SMC,1601419.1033138402,43.53634772012573,1643056.0,44.668292760849,0.5784092261999586,24.53560989121285,33.65269540399959,27.28024001115102,0.7943016818811803,10.106588342321853,0.741935946436782,6.020605987787109,2,0,False,42
ABC-SMC,1603155.9454191034,43.54707771806921,1644838.0,44.679301738739014,0.5784092261999586,24.53560989121285,33.65269540399959,27.28024001115102,0.7943016818811803,10.106588342321853,0.741935946436782,6.020605987787109,2,0,False,42
ABC-SMC,1601770.4280155643,43.47304217082517,1646620.0,44.690287351608276,0.5784092261999586,24.53560989121285,33.65269540399959,27.28024001115102,0.7943016818811803,10.106588342321853,0.741935946436782,6.020605987787109,2,0,False,42
ABC-SMC,1603503.8910505837,43.483809506382926,1648402.0,44.701356172561646,0.5784092261999586,24.53560989121285,33.65269540399959,27.28024001115102,0.7943016818811803,10.106588342321853,0.741935946436782,6.020605987787109,2,0,False,42
ABC-SMC,1602120.3883495145,43.4100357074182,1650184.0,44.71233677864075,0.5784092261999586,24.53560989121285,33.65269540399959,27.28024001115102,0.7943016818811803,10.106588342321853,0.741935946436782,6.020605987787109,2,0,False,42
ABC-SMC,1603850.4854368933,43.420692554955345,1651966.0,44.723313331604004,0.5784092261999586,24.53560989121285,33.65269540399959,27.28024001115102,0.7943016818811803,10.106588342321853,0.741935946436782,6.020605987787109,2,0,False,42
ABC-SMC,1602468.992248062,43.3472078437953,1653748.0,44.73431849479675,0.5784092261999586,24.53560989121285,33.65269540399959,27.28024001115102,0.7943016818811803,10.106588342321853,0.741935946436782,6.020605987787109,2,0,False,42
ABC-SMC,1601092.843326886,43.27401270949402,1655530.0,44.74532914161682,0.5784092261999586,24.53560989121285,33.65269540399959,27.28024001115102,0.7943016818811803,10.106588342321853,0.741935946436782,6.020605987787109,2,0,False,42
ABC-SMC,1599722.0077220076,43.20116185773754,1657312.0,44.75640368461609,0.5784092261999586,24.53560989121285,33.65269540399959,27.28024001115102,0.7943016818811803,10.106588342321853,0.741935946436782,6.020605987787109,2,0,False,42
ABC-SMC,1598356.4547206166,43.12855958479218,1659094.0,44.76744484901428,0.5784092261999586,24.53560989121285,33.65269540399959,27.28024001115102,0.7943016818811803,10.106588342321853,0.741935946436782,6.020605987787109,2,0,False,42
ABC-SMC,1593930.9021113245,42.97351104970628,1660876.0,44.778398513793945,0.5784092261999586,24.53560989121285,33.65269540399959,27.28024001115102,0.7943016818811803,10.106588342321853,0.741935946436782,6.020605987787109,2,0,False,42
ABC-SMC,1595641.0748560461,42.984067821685734,1662658.0,44.78939867019653,0.5784092261999586,24.53560989121285,33.65269540399959,27.28024001115102,0.7943016818811803,10.106588342321853,0.741935946436782,6.020605987787109,2,0,False,42
ABC-SMC,1597351.2476007678,42.99458546739165,1664440.0,44.800358057022095,0.5784092261999586,24.53560989121285,33.65269540399959,27.28024001115102,0.7943016818811803,10.106588342321853,0.741935946436782,6.020605987787109,2,0,False,42
ABC-SMC,1599061.4203454896,43.005169009979305,1666222.0,44.81138610839844,0.5784092261999586,24.53560989121285,33.65269540399959,27.28024001115102,0.7943016818811803,10.106588342321853,0.741935946436782,6.020605987787109,2,0,False,42
ABC-SMC,1597704.9808429119,42.9332927725781,1668004.0,44.82235765457153,0.5784092261999586,24.53560989121285,33.65269540399959,27.28024001115102,0.7943016818811803,10.106588342321853,0.741935946436782,6.020605987787109,2,0,False,42
ABC-SMC,1599411.8773946362,42.943836628705604,1669786.0,44.83336544036865,0.5784092261999586,24.53560989121285,33.65269540399959,27.28024001115102,0.7943016818811803,10.106588342321853,0.741935946436782,6.020605987787109,2,0,False,42
ABC-SMC,1601118.77394636,42.9543350391461,1671568.0,44.84432578086853,0.5784092261999586,24.53560989121285,33.65269540399959,27.28024001115102,0.7943016818811803,10.106588342321853,0.741935946436782,6.020605987787109,2,0,False,42
ABC-SMC,1602825.6704980843,42.96485948379926,1673350.0,44.855313301086426,0.5784092261999586,24.53560989121285,33.65269540399959,27.28024001115102,0.7943016818811803,10.106588342321853,0.741935946436782,6.020605987787109,2,0,False,42
ABC-SMC,1604532.5670498083,42.97536817090265,1675132.0,44.86628437042236,0.5784092261999586,24.53560989121285,33.65269540399959,27.28024001115102,0.7943016818811803,10.106588342321853,0.741935946436782,6.020605987787109,2,0,False,42
ABC-SMC,1606239.4636015326,42.985882110522624,1676914.0,44.87726092338562,0.5784092261999586,24.53560989121285,33.65269540399959,27.28024001115102,0.7943016818811803,10.106588342321853,0.741935946436782,6.020605987787109,2,0,False,42
ABC-SMC,1604871.8929254303,42.91419317343951,1678696.0,44.888246059417725,0.5784092261999586,24.53560989121285,33.65269540399959,27.28024001115102,0.7943016818811803,10.106588342321853,0.741935946436782,6.020605987787109,2,0,False,42
ABC-SMC,1603509.5419847327,42.84281539552994,1680478.0,44.89927053451538,0.5784092261999586,24.53560989121285,33.65269540399959,27.28024001115102,0.7943016818811803,10.106588342321853,0.741935946436782,6.020605987787109,2,0,False,42
ABC-SMC,1602152.380952381,42.771639823913574,1682260.0,44.91022181510925,0.5784092261999586,24.53560989121285,33.65269540399959,27.28024001115102,0.7943016818811803,10.106588342321853,0.741935946436782,6.020605987787109,2,0,False,42
ABC-SMC,1603849.5238095238,42.782158851623535,1684042.0,44.92126679420471,0.5784092261999586,24.53560989121285,33.65269540399959,27.28024001115102,0.7943016818811803,10.106588342321853,0.741935946436782,6.020605987787109,2,0,False,42
ABC-SMC,1605546.6666666665,42.79262678963797,1685824.0,44.93225812911987,0.5784092261999586,24.53560989121285,33.65269540399959,27.28024001115102,0.7943016818811803,10.106588342321853,0.741935946436782,6.020605987787109,2,0,False,42
ABC-SMC,1607243.8095238095,42.80312106722877,1687606.0,44.94327712059021,0.5784092261999586,24.53560989121285,33.65269540399959,27.28024001115102,0.7943016818811803,10.106588342321853,0.741935946436782,6.020605987787109,2,0,False,42
ABC-SMC,1608940.9523809524,42.813621929713655,1689388.0,44.95430302619934,0.5784092261999586,24.53560989121285,33.65269540399959,27.28024001115102,0.7943016818811803,10.106588342321853,0.741935946436782,6.020605987787109,2,0,False,42
ABC-SMC,1610638.0952380954,42.824069431849885,1691170.0,44.96527290344238,0.5784092261999586,24.53560989121285,33.65269540399959,27.28024001115102,0.7943016818811803,10.106588342321853,0.741935946436782,6.020605987787109,2,0,False,42
ABC-SMC,1609269.9619771864,42.75313280381177,1692952.0,44.976295709609985,0.5784092261999586,24.53560989121285,33.65269540399959,27.28024001115102,0.7943016818811803,10.106588342321853,0.741935946436782,6.020605987787109,2,0,False,42
ABC-SMC,1607907.0208728653,42.682464027766706,1694734.0,44.98731708526611,0.5784092261999586,24.53560989121285,33.65269540399959,27.28024001115102,0.7943016818811803,10.106588342321853,0.741935946436782,6.020605987787109,2,0,False,42
ABC-SMC,1609597.7229601517,42.69291078795518,1696516.0,44.99832797050476,0.5784092261999586,24.53560989121285,33.65269540399959,27.28024001115102,0.7943016818811803,10.106588342321853,0.741935946436782,6.020605987787109,2,0,False,42
ABC-SMC,1611288.4250474384,42.70347426919376,1698298.0,45.009461879730225,0.5784092261999586,24.53560989121285,33.65269540399959,27.28024001115102,0.7943016818811803,10.106588342321853,0.741935946436782,6.020605987787109,2,0,False,42
ABC-SMC,1612979.127134725,42.71388189616194,1700080.0,45.02043151855469,0.5784092261999586,24.53560989121285,33.65269540399959,27.28024001115102,0.7943016818811803,10.106588342321853,0.741935946436782,6.020605987787109,2,0,False,42
ABC-SMC,1611611.7424242424,42.643435976722024,1701862.0,45.03146839141846,0.5784092261999586,24.53560989121285,33.65269540399959,27.28024001115102,0.7943016818811803,10.106588342321853,0.741935946436782,6.020605987787109,2,0,False,42
ABC-SMC,1613299.2424242424,42.65384556669177,1703644.0,45.042460918426514,0.5784092261999586,24.53560989121285,33.65269540399959,27.28024001115102,0.7943016818811803,10.106588342321853,0.741935946436782,6.020605987787109,2,0,False,42
ABC-SMC,1614986.7424242424,42.66428789406112,1705426.0,45.05348801612854,0.5784092261999586,24.53560989121285,33.65269540399959,27.28024001115102,0.7943016818811803,10.106588342321853,0.741935946436782,6.020605987787109,2,0,False,42
ABC-SMC,1616674.2424242424,42.67471103054105,1707208.0,45.06449484825134,0.5784092261999586,24.53560989121285,33.65269540399959,27.28024001115102,0.7943016818811803,10.106588342321853,0.741935946436782,6.020605987787109,2,0,False,42
ABC-SMC,1615302.4574669187,42.60445542506775,1708990.0,45.07551383972168,0.5784092261999586,24.53560989121285,33.65269540399959,27.28024001115102,0.7943016818811803,10.106588342321853,0.741935946436782,6.020605987787109,2,0,False,42
ABC-SMC,1616986.7674858223,42.61496612390183,1710772.0,45.086634159088135,0.5784092261999586,24.53560989121285,33.65269540399959,27.28024001115102,0.7943016818811803,10.106588342321853,0.741935946436782,6.020605987787109,2,0,False,42
ABC-SMC,1615616.9811320757,42.54497919442519,1712554.0,45.0976779460907,0.5784092261999586,24.53560989121285,33.65269540399959,27.28024001115102,0.7943016818811803,10.106588342321853,0.741935946436782,6.020605987787109,2,0,False,42
ABC-SMC,1617298.1132075472,42.555467812520156,1714336.0,45.10879588127136,0.5784092261999586,24.53560989121285,33.65269540399959,27.28024001115102,0.7943016818811803,10.106588342321853,0.741935946436782,6.020605987787109,2,0,False,42
ABC-SMC,1618979.2452830188,42.56586916041824,1716118.0,45.119821310043335,0.5784092261999586,24.53560989121285,33.65269540399959,27.28024001115102,0.7943016818811803,10.106588342321853,0.741935946436782,6.020605987787109,2,0,False,42
ABC-SMC,1620660.3773584906,42.576217426443996,1717900.0,45.13079047203064,0.5784092261999586,24.53560989121285,33.65269540399959,27.28024001115102,0.7943016818811803,10.106588342321853,0.741935946436782,6.020605987787109,2,0,False,42
ABC-SMC,1622341.5094339624,42.58654477461329,1719682.0,45.14173746109009,0.5784092261999586,24.53560989121285,33.65269540399959,27.28024001115102,0.7943016818811803,10.106588342321853,0.741935946436782,6.020605987787109,2,0,False,42
ABC-SMC,1620964.2184557437,42.51667043359042,1721464.0,45.15270400047302,0.5784092261999586,24.53560989121285,33.65269540399959,27.28024001115102,0.7943016818811803,10.106588342321853,0.741935946436782,6.020605987787109,2,0,False,42
ABC-SMC,1622642.1845574388,42.52693096347673,1723246.0,45.16360068321228,0.5784092261999586,24.53560989121285,33.65269540399959,27.28024001115102,0.7943016818811803,10.106588342321853,0.741935946436782,6.020605987787109,2,0,False,42
ABC-SMC,1621266.917293233,42.45738203364207,1725028.0,45.174654483795166,0.5784092261999586,24.53560989121285,33.65269540399959,27.28024001115102,0.7943016818811803,10.106588342321853,0.741935946436782,6.020605987787109,2,0,False,42
ABC-SMC,1619896.8105065667,42.38804330521632,1726810.0,45.185654163360596,0.5784092261999586,24.53560989121285,33.65269540399959,27.28024001115102,0.7943016818811803,10.106588342321853,0.741935946436782,6.020605987787109,2,0,False,42
ABC-SMC,1621568.4803001878,42.39833489144274,1728592.0,45.196624994277954,0.5784092261999586,24.53560989121285,33.65269540399959,27.28024001115102,0.7943016818811803,10.106588342321853,0.741935946436782,6.020605987787109,2,0,False,42
ABC-SMC,1623240.1500938085,42.40864414658824,1730374.0,45.20761466026306,0.5784092261999586,24.53560989121285,33.65269540399959,27.28024001115102,0.7943016818811803,10.106588342321853,0.741935946436782,6.020605987787109,2,0,False,42
ABC-SMC,1618837.38317757,42.26043714541141,1732156.0,45.21866774559021,0.5784092261999586,24.53560989121285,33.65269540399959,27.28024001115102,0.7943016818811803,10.106588342321853,0.741935946436782,6.020605987787109,2,0,False,42
ABC-SMC,1617479.4776119404,42.19183815059377,1733938.0,45.22965049743652,0.5784092261999586,24.53560989121285,33.65269540399959,27.28024001115102,0.7943016818811803,10.106588342321853,0.741935946436782,6.020605987787109,2,0,False,42
ABC-SMC,1619141.791044776,42.20204122030913,1735720.0,45.24058818817139,0.5784092261999586,24.53560989121285,33.65269540399959,27.28024001115102,0.7943016818811803,10.106588342321853,0.741935946436782,6.020605987787109,2,0,False,42
ABC-SMC,1620804.1044776118,42.21232279912749,1737502.0,45.25161004066467,0.5784092261999586,24.53560989121285,33.65269540399959,27.28024001115102,0.7943016818811803,10.106588342321853,0.741935946436782,6.020605987787109,2,0,False,42
ABC-SMC,1622466.4179104478,42.222632401025116,1739284.0,45.262661933898926,0.5784092261999586,24.53560989121285,33.65269540399959,27.28024001115102,0.7943016818811803,10.106588342321853,0.741935946436782,6.020605987787109,2,0,False,42
ABC-SMC,1621104.2830540037,42.15424109659603,1741066.0,45.27365493774414,0.5784092261999586,24.53560989121285,33.65269540399959,27.28024001115102,0.7943016818811803,10.106588342321853,0.741935946436782,6.020605987787109,2,0,False,42
ABC-SMC,1622763.5009310986,42.16466602666418,1742848.0,45.28485131263733,0.5784092261999586,24.53560989121285,33.65269540399959,27.28024001115102,0.7943016818811803,10.106588342321853,0.741935946436782,6.020605987787109,2,0,False,42
ABC-SMC,1624422.7188081937,42.174861195811125,1744630.0,45.29580092430115,0.5784092261999586,24.53560989121285,33.65269540399959,27.28024001115102,0.7943016818811803,10.106588342321853,0.741935946436782,6.020605987787109,2,0,False,42
ABC-SMC,1620048.237476809,42.0285870281354,1746412.0,45.306816816329956,0.5784092261999586,24.53560989121285,33.65269540399959,27.28024001115102,0.7943016818811803,10.106588342321853,0.741935946436782,6.020605987787109,2,0,False,42
ABC-SMC,1621701.298701299,42.03875078119904,1748194.0,45.31777334213257,0.5784092261999586,24.53560989121285,33.65269540399959,27.28024001115102,0.7943016818811803,10.106588342321853,0.741935946436782,6.020605987787109,2,0,False,42
ABC-SMC,1620348.148148148,41.97104970614116,1749976.0,45.328733682632446,0.5784092261999586,24.53560989121285,33.65269540399959,27.28024001115102,0.7943016818811803,10.106588342321853,0.741935946436782,6.020605987787109,2,0,False,42
ABC-SMC,1619000.0,41.90367713653226,1751758.0,45.339778661727905,0.5784092261999586,24.53560989121285,33.65269540399959,27.28024001115102,0.7943016818811803,10.106588342321853,0.741935946436782,6.020605987787109,2,0,False,42
ABC-SMC,1617656.8265682657,41.83651160490029,1753540.0,45.350778579711914,0.5784092261999586,24.53560989121285,33.65269540399959,27.28024001115102,0.7943016818811803,10.106588342321853,0.741935946436782,6.020605987787109,2,0,False,42
ABC-SMC,1616318.600368324,41.76960114396518,1755322.0,45.36178684234619,0.5784092261999586,24.53560989121285,33.65269540399959,27.28024001115102,0.7943016818811803,10.106588342321853,0.741935946436782,6.020605987787109,2,0,False,42
ABC-SMC,1617959.4843462247,41.779736348498155,1757104.0,45.372793674468994,0.5784092261999586,24.53560989121285,33.65269540399959,27.28024001115102,0.7943016818811803,10.106588342321853,0.741935946436782,6.020605987787109,2,0,False,42
ABC-SMC,1616623.1617647058,41.71303352888893,1758886.0,45.38378047943115,0.5784092261999586,24.53560989121285,33.65269540399959,27.28024001115102,0.7943016818811803,10.106588342321853,0.741935946436782,6.020605987787109,2,0,False,42
ABC-SMC,1618261.0294117646,41.72311701318797,1760668.0,45.39475131034851,0.5784092261999586,24.53560989121285,33.65269540399959,27.28024001115102,0.7943016818811803,10.106588342321853,0.741935946436782,6.020605987787109,2,0,False,42
ABC-SMC,1616926.605504587,41.65666825180753,1762450.0,45.405768394470215,0.5784092261999586,24.53560989121285,33.65269540399959,27.28024001115102,0.7943016818811803,10.106588342321853,0.741935946436782,6.020605987787109,2,0,False,42
ABC-SMC,1618561.4678899082,41.6667542326341,1764232.0,45.41676211357117,0.5784092261999586,24.53560989121285,33.65269540399959,27.28024001115102,0.7943016818811803,10.106588342321853,0.741935946436782,6.020605987787109,2,0,False,42
ABC-SMC,1620196.3302752294,41.676801279050494,1766014.0,45.42771339416504,0.5784092261999586,24.53560989121285,33.65269540399959,27.28024001115102,0.7943016818811803,10.106588342321853,0.741935946436782,6.020605987787109,2,0,False,42
ABC-SMC,1618860.8058608058,41.610501406393645,1767796.0,45.43866753578186,0.5784092261999586,24.53560989121285,33.65269540399959,27.28024001115102,0.7943016818811803,10.106588342321853,0.741935946436782,6.020605987787109,2,0,False,42
ABC-SMC,1620492.673992674,41.620548173184794,1769578.0,45.4496386051178,0.5784092261999586,24.53560989121285,33.65269540399959,27.28024001115102,0.7943016818811803,10.106588342321853,0.741935946436782,6.020605987787109,2,0,False,42
ABC-SMC,1619159.0493601463,41.554535546729944,1771360.0,45.46066188812256,0.5784092261999586,24.53560989121285,33.65269540399959,27.28024001115102,0.7943016818811803,10.106588342321853,0.741935946436782,6.020605987787109,2,0,False,42
ABC-SMC,1620787.9341864716,41.56463346707973,1773142.0,45.47170901298523,0.5784092261999586,24.53560989121285,33.65269540399959,27.28024001115102,0.7943016818811803,10.106588342321853,0.741935946436782,6.020605987787109,2,0,False,42
ABC-SMC,1622416.819012797,41.57467036622098,1774924.0,45.48268938064575,0.5784092261999586,24.53560989121285,33.65269540399959,27.28024001115102,0.7943016818811803,10.106588342321853,0.741935946436782,6.020605987787109,2,0,False,42
ABC-SMC,1621082.1167883212,41.50894719318752,1776706.0,45.49380612373352,0.5784092261999586,24.53560989121285,33.65269540399959,27.28024001115102,0.7943016818811803,10.106588342321853,0.741935946436782,6.020605987787109,2,0,False,42
ABC-SMC,1619752.2768670311,41.4435913436834,1778488.0,45.50506329536438,0.5784092261999586,24.53560989121285,33.65269540399959,27.28024001115102,0.7943016818811803,10.106588342321853,0.741935946436782,6.020605987787109,2,0,False,42
ABC-SMC,1621375.227686703,41.453680922642,1780270.0,45.51614165306091,0.5784092261999586,24.53560989121285,33.65269540399959,27.28024001115102,0.7943016818811803,10.106588342321853,0.741935946436782,6.020605987787109,2,0,False,42
ABC-SMC,1622998.1785063753,41.463712308359064,1782052.0,45.52715611457825,0.5784092261999586,24.53560989121285,33.65269540399959,27.28024001115102,0.7943016818811803,10.106588342321853,0.741935946436782,6.020605987787109,2,0,False,42
ABC-SMC,1624621.1293260474,41.473690712169656,1783834.0,45.53811240196228,0.5784092261999586,24.53560989121285,33.65269540399959,27.28024001115102,0.7943016818811803,10.106588342321853,0.741935946436782,6.020605987787109,2,0,False,42
ABC-SMC,1626244.0801457195,41.483667161729606,1785616.0,45.5490665435791,0.5784092261999586,24.53560989121285,33.65269540399959,27.28024001115102,0.7943016818811803,10.106588342321853,0.741935946436782,6.020605987787109,2,0,False,42
ABC-SMC,1627867.0309653918,41.49368399913628,1787398.0,45.560065031051636,0.5784092261999586,24.53560989121285,33.65269540399959,27.28024001115102,0.7943016818811803,10.106588342321853,0.741935946436782,6.020605987787109,2,0,False,42
ABC-SMC,1629489.9817850636,41.50370213937673,1789180.0,45.571064949035645,0.5784092261999586,24.53560989121285,33.65269540399959,27.28024001115102,0.7943016818811803,10.106588342321853,0.741935946436782,6.020605987787109,2,0,False,42
ABC-SMC,1628147.2727272727,41.43825617703525,1790962.0,45.58208179473877,0.5784092261999586,24.53560989121285,33.65269540399959,27.28024001115102,0.7943016818811803,10.106588342321853,0.741935946436782,6.020605987787109,2,0,False,42
ABC-SMC,1626809.43738657,41.37306702331709,1792744.0,45.593119859695435,0.5784092261999586,24.53560989121285,33.65269540399959,27.28024001115102,0.7943016818811803,10.106588342321853,0.741935946436782,6.020605987787109,2,0,False,42
ABC-SMC,1628426.4972776768,41.38305940126118,1794526.0,45.60413146018982,0.5784092261999586,24.53560989121285,33.65269540399959,27.28024001115102,0.7943016818811803,10.106588342321853,0.741935946436782,6.020605987787109,2,0,False,42
ABC-SMC,1630043.557168784,41.39301932658561,1796308.0,45.61510729789734,0.5784092261999586,24.53560989121285,33.65269540399959,27.28024001115102,0.7943016818811803,10.106588342321853,0.741935946436782,6.020605987787109,2,0,False,42
ABC-SMC,1625759.4936708861,41.25323067090826,1798090.0,45.626073122024536,0.5784092261999586,24.53560989121285,33.65269540399959,27.28024001115102,0.7943016818811803,10.106588342321853,0.741935946436782,6.020605987787109,2,0,False,42
ABC-SMC,1621506.3063063063,41.114446493956414,1799872.0,45.637035608291626,0.5784092261999586,24.53560989121285,33.65269540399959,27.28024001115102,0.7943016818811803,10.106588342321853,0.741935946436782,6.020605987787109,2,0,False,42
ABC-SMC,1623111.7117117117,41.12436084059982,1801654.0,45.648040533065796,0.5784092261999586,24.53560989121285,33.65269540399959,27.28024001115102,0.7943016818811803,10.106588342321853,0.741935946436782,6.020605987787109,2,0,False,42
ABC-SMC,1624717.1171171172,41.13424533122294,1803436.0,45.65901231765747,0.5784092261999586,24.53560989121285,33.65269540399959,27.28024001115102,0.7943016818811803,10.106588342321853,0.741935946436782,6.020605987787109,2,0,False,42
ABC-SMC,1626322.5225225226,41.14409996582581,1805218.0,45.66995096206665,0.5784092261999586,24.53560989121285,33.65269540399959,27.28024001115102,0.7943016818811803,10.106588342321853,0.741935946436782,6.020605987787109,2,0,False,42
ABC-SMC,1627927.9279279278,41.15393505440102,1807000.0,45.68086791038513,0.5784092261999586,24.53560989121285,33.65269540399959,27.28024001115102,0.7943016818811803,10.106588342321853,0.741935946436782,6.020605987787109,2,0,False,42
ABC-SMC,1626602.5179856115,41.08977682298894,1808782.0,45.691831827163696,0.5784092261999586,24.53560989121285,33.65269540399959,27.28024001115102,0.7943016818811803,10.106588342321853,0.741935946436782,6.020605987787109,2,0,False,42
ABC-SMC,1628205.035971223,41.09968706000623,1810564.0,45.70285201072693,0.5784092261999586,24.53560989121285,33.65269540399959,27.28024001115102,0.7943016818811803,10.106588342321853,0.741935946436782,6.020605987787109,2,0,False,42
ABC-SMC,1629807.5539568344,41.10956041932964,1812346.0,45.713831186294556,0.5784092261999586,24.53560989121285,33.65269540399959,27.28024001115102,0.7943016818811803,10.106588342321853,0.741935946436782,6.020605987787109,2,0,False,42
ABC-SMC,1631410.0719424458,41.11945328952597,1814128.0,45.72483205795288,0.5784092261999586,24.53560989121285,33.65269540399959,27.28024001115102,0.7943016818811803,10.106588342321853,0.741935946436782,6.020605987787109,2,0,False,42
ABC-SMC,1633012.5899280577,41.12929127199187,1815910.0,45.735771894454956,0.5784092261999586,24.53560989121285,33.65269540399959,27.28024001115102,0.7943016818811803,10.106588342321853,0.741935946436782,6.020605987787109,2,0,False,42
ABC-SMC,1634615.1079136692,41.139167632988034,1817692.0,45.74675440788269,0.5784092261999586,24.53560989121285,33.65269540399959,27.28024001115102,0.7943016818811803,10.106588342321853,0.741935946436782,6.020605987787109,2,0,False,42
ABC-SMC,1636217.6258992807,41.149074439522174,1819474.0,45.75777077674866,0.5784092261999586,24.53560989121285,33.65269540399959,27.28024001115102,0.7943016818811803,10.106588342321853,0.741935946436782,6.020605987787109,2,0,False,42
ABC-SMC,1637820.143884892,41.15899818406688,1821256.0,45.76880598068237,0.5784092261999586,24.53560989121285,33.65269540399959,27.28024001115102,0.7943016818811803,10.106588342321853,0.741935946436782,6.020605987787109,2,0,False,42
ABC-SMC,1636479.353680431,41.094982003395174,1823038.0,45.77980995178223,0.5784092261999586,24.53560989121285,33.65269540399959,27.28024001115102,0.7943016818811803,10.106588342321853,0.741935946436782,6.020605987787109,2,0,False,42
ABC-SMC,1638078.9946140035,41.10484748169164,1824820.0,45.79080009460449,0.5784092261999586,24.53560989121285,33.65269540399959,27.28024001115102,0.7943016818811803,10.106588342321853,0.741935946436782,6.020605987787109,2,0,False,42
ABC-SMC,1639678.6355475762,41.11468663549509,1826602.0,45.80176091194153,0.5784092261999586,24.53560989121285,33.65269540399959,27.28024001115102,0.7943016818811803,10.106588342321853,0.741935946436782,6.020605987787109,2,0,False,42
ABC-SMC,1641278.276481149,41.124543767001086,1828384.0,45.81274175643921,0.5784092261999586,24.53560989121285,33.65269540399959,27.28024001115102,0.7943016818811803,10.106588342321853,0.741935946436782,6.020605987787109,2,0,False,42
ABC-SMC,1642877.9174147216,41.13454942857342,1830166.0,45.823888063430786,0.5784092261999586,24.53560989121285,33.65269540399959,27.28024001115102,0.7943016818811803,10.106588342321853,0.741935946436782,6.020605987787109,2,0,False,42
ABC-SMC,1644477.5583482943,41.14452041886226,1831948.0,45.83499574661255,0.5784092261999586,24.53560989121285,33.65269540399959,27.28024001115102,0.7943016818811803,10.106588342321853,0.741935946436782,6.020605987787109,2,0,False,42
ABC-SMC,1646077.1992818674,41.15446572671887,1833730.0,45.84607481956482,0.5784092261999586,24.53560989121285,33.65269540399959,27.28024001115102,0.7943016818811803,10.106588342321853,0.741935946436782,6.020605987787109,2,0,False,42
ABC-SMC,1644724.0143369175,41.09055081576002,1835512.0,45.857054710388184,0.5784092261999586,24.53560989121285,33.65269540399959,27.28024001115102,0.7943016818811803,10.106588342321853,0.741935946436782,6.020605987787109,2,0,False,42
ABC-SMC,1646320.788530466,41.100392418522986,1837294.0,45.868037939071655,0.5784092261999586,24.53560989121285,33.65269540399959,27.28024001115102,0.7943016818811803,10.106588342321853,0.741935946436782,6.020605987787109,2,0,False,42
ABC-SMC,1647917.5627240143,41.1102410712977,1839076.0,45.87902903556824,0.5784092261999586,24.53560989121285,33.65269540399959,27.28024001115102,0.7943016818811803,10.106588342321853,0.741935946436782,6.020605987787109,2,0,False,42
ABC-SMC,1646563.5062611806,41.04655970401116,1840858.0,45.89005374908447,0.5784092261999586,24.53560989121285,33.65269540399959,27.28024001115102,0.7943016818811803,10.106588342321853,0.741935946436782,6.020605987787109,2,0,False,42
ABC-SMC,1648157.4239713775,41.056380928735614,1842640.0,45.901033878326416,0.5784092261999586,24.53560989121285,33.65269540399959,27.28024001115102,0.7943016818811803,10.106588342321853,0.741935946436782,6.020605987787109,2,0,False,42
ABC-SMC,1649751.3416815742,41.0661799749876,1844422.0,45.91198921203613,0.5784092261999586,24.53560989121285,33.65269540399959,27.28024001115102,0.7943016818811803,10.106588342321853,0.741935946436782,6.020605987787109,2,0,False,42
ABC-SMC,1651345.259391771,41.076037452984366,1846204.0,45.92300987243652,0.5784092261999586,24.53560989121285,33.65269540399959,27.28024001115102,0.7943016818811803,10.106588342321853,0.741935946436782,6.020605987787109,2,0,False,42
ABC-SMC,1652939.1771019679,41.08589791654474,1847986.0,45.93403387069702,0.5784092261999586,24.53560989121285,33.65269540399959,27.28024001115102,0.7943016818811803,10.106588342321853,0.741935946436782,6.020605987787109,2,0,False,42
ABC-SMC,1654533.0948121645,41.09575688732332,1849768.0,45.945056200027466,0.5784092261999586,24.53560989121285,33.65269540399959,27.28024001115102,0.7943016818811803,10.106588342321853,0.741935946436782,6.020605987787109,2,0,False,42
ABC-SMC,1656127.0125223615,41.10559922424753,1851550.0,45.95605993270874,0.5784092261999586,24.53560989121285,33.65269540399959,27.28024001115102,0.7943016818811803,10.106588342321853,0.741935946436782,6.020605987787109,2,0,False,42
ABC-SMC,1654760.7142857143,41.04201580796923,1853332.0,45.96705770492554,0.5784092261999586,24.53560989121285,33.65269540399959,27.28024001115102,0.7943016818811803,10.106588342321853,0.741935946436782,6.020605987787109,2,0,False,42
ABC-SMC,1656351.785714286,41.05186632701329,1855114.0,45.97809028625488,0.5784092261999586,24.53560989121285,33.65269540399959,27.28024001115102,0.7943016818811803,10.106588342321853,0.741935946436782,6.020605987787109,2,0,False,42
ABC-SMC,1654987.52228164,40.988492880700534,1856896.0,45.989089012145996,0.5784092261999586,24.53560989121285,33.65269540399959,27.28024001115102,0.7943016818811803,10.106588342321853,0.741935946436782,6.020605987787109,2,0,False,42
ABC-SMC,1653628.1138790036,40.92538144664832,1858678.0,46.000128746032715,0.5784092261999586,24.53560989121285,33.65269540399959,27.28024001115102,0.7943016818811803,10.106588342321853,0.741935946436782,6.020605987787109,2,0,False,42
ABC-SMC,1652273.5346358793,40.86245524946792,1860460.0,46.01112461090088,0.5784092261999586,24.53560989121285,33.65269540399959,27.28024001115102,0.7943016818811803,10.106588342321853,0.741935946436782,6.020605987787109,2,0,False,42
ABC-SMC,1650923.7588652482,40.79975916984233,1862242.0,46.02212834358215,0.5784092261999586,24.53560989121285,33.65269540399959,27.28024001115102,0.7943016818811803,10.106588342321853,0.741935946436782,6.020605987787109,2,0,False,42
ABC-SMC,1649578.7610619469,40.737318570634955,1864024.0,46.033169984817505,0.5784092261999586,24.53560989121285,33.65269540399959,27.28024001115102,0.7943016818811803,10.106588342321853,0.741935946436782,6.020605987787109,2,0,False,42
ABC-SMC,1651155.7522123894,40.74702621561236,1865806.0,46.04413962364197,0.5784092261999586,24.53560989121285,33.65269540399959,27.28024001115102,0.7943016818811803,10.106588342321853,0.741935946436782,6.020605987787109,2,0,False,42
ABC-SMC,1652732.7433628319,40.756718036347785,1867588.0,46.055091381073,0.5784092261999586,24.53560989121285,33.65269540399959,27.28024001115102,0.7943016818811803,10.106588342321853,0.741935946436782,6.020605987787109,2,0,False,42
ABC-SMC,1651386.925795053,40.69437702637258,1869370.0,46.06603479385376,0.5784092261999586,24.53560989121285,33.65269540399959,27.28024001115102,0.7943016818811803,10.106588342321853,0.741935946436782,6.020605987787109,2,0,False,42
ABC-SMC,1652961.1307420493,40.70403971857401,1871152.0,46.07697296142578,0.5784092261999586,24.53560989121285,33.65269540399959,27.28024001115102,0.7943016818811803,10.106588342321853,0.741935946436782,6.020605987787109,2,0,False,42
ABC-SMC,1648709.5070422536,40.570380822033954,1872934.0,46.087952613830566,0.5784092261999586,24.53560989121285,33.65269540399959,27.28024001115102,0.7943016818811803,10.106588342321853,0.741935946436782,6.020605987787109,2,0,False,42
ABC-SMC,1650278.1690140846,40.58002397208146,1874716.0,46.098907232284546,0.5784092261999586,24.53560989121285,33.65269540399959,27.28024001115102,0.7943016818811803,10.106588342321853,0.741935946436782,6.020605987787109,2,0,False,42
ABC-SMC,1651846.8309859154,40.58964949258616,1876498.0,46.10984182357788,0.5784092261999586,24.53560989121285,33.65269540399959,27.28024001115102,0.7943016818811803,10.106588342321853,0.741935946436782,6.020605987787109,2,0,False,42
ABC-SMC,1653415.4929577464,40.599277531596975,1878280.0,46.120779275894165,0.5784092261999586,24.53560989121285,33.65269540399959,27.28024001115102,0.7943016818811803,10.106588342321853,0.741935946436782,6.020605987787109,2,0,False,42
ABC-SMC,1654984.1549295774,40.6089551012281,1880062.0,46.13177299499512,0.5784092261999586,24.53560989121285,33.65269540399959,27.28024001115102,0.7943016818811803,10.106588342321853,0.741935946436782,6.020605987787109,2,0,False,42
ABC-SMC,1653641.476274165,40.5472437401019,1881844.0,46.14276337623596,0.5784092261999586,24.53560989121285,33.65269540399959,27.28024001115102,0.7943016818811803,10.106588342321853,0.741935946436782,6.020605987787109,2,0,False,42
ABC-SMC,1652303.5087719297,40.48581269749424,1883626.0,46.15382647514343,0.5784092261999586,24.53560989121285,33.65269540399959,27.28024001115102,0.7943016818811803,10.106588342321853,0.741935946436782,6.020605987787109,2,0,False,42
ABC-SMC,1653866.6666666665,40.49557635658665,1885408.0,46.16495704650879,0.5784092261999586,24.53560989121285,33.65269540399959,27.28024001115102,0.7943016818811803,10.106588342321853,0.741935946436782,6.020605987787109,2,0,False,42
ABC-SMC,1652530.6479859895,40.43428388451945,1887190.0,46.175952196121216,0.5784092261999586,24.53560989121285,33.65269540399959,27.28024001115102,0.7943016818811803,10.106588342321853,0.741935946436782,6.020605987787109,2,0,False,42
ABC-SMC,1651199.3006993006,40.37321614218759,1888972.0,46.1869592666626,0.5784092261999586,24.53560989121285,33.65269540399959,27.28024001115102,0.7943016818811803,10.106588342321853,0.741935946436782,6.020605987787109,2,0,False,42
ABC-SMC,1649872.60034904,40.31233679353671,1890754.0,46.197937965393066,0.5784092261999586,24.53560989121285,33.65269540399959,27.28024001115102,0.7943016818811803,10.106588342321853,0.741935946436782,6.020605987787109,2,0,False,42
ABC-SMC,1651427.5741710297,40.32190932029204,1892536.0,46.20890808105469,0.5784092261999586,24.53560989121285,33.65269540399959,27.28024001115102,0.7943016818811803,10.106588342321853,0.741935946436782,6.020605987787109,2,0,False,42
ABC-SMC,1652982.5479930192,40.331552582053405,1894318.0,46.2199592590332,0.5784092261999586,24.53560989121285,33.65269540399959,27.28024001115102,0.7943016818811803,10.106588342321853,0.741935946436782,6.020605987787109,2,0,False,42
ABC-SMC,1654537.5218150087,40.34118793813762,1896100.0,46.23100137710571,0.5784092261999586,24.53560989121285,33.65269540399959,27.28024001115102,0.7943016818811803,10.106588342321853,0.741935946436782,6.020605987787109,2,0,False,42
ABC-SMC,1653207.3170731708,40.280570344227115,1897882.0,46.24209475517273,0.5784092261999586,24.53560989121285,33.65269540399959,27.28024001115102,0.7943016818811803,10.106588342321853,0.741935946436782,6.020605987787109,2,0,False,42
ABC-SMC,1654759.581881533,40.29012930933192,1899664.0,46.25306844711304,0.5784092261999586,24.53560989121285,33.65269540399959,27.28024001115102,0.7943016818811803,10.106588342321853,0.741935946436782,6.020605987787109,2,0,False,42
ABC-SMC,1656311.8466898955,40.29996781399026,1901446.0,46.264363050460815,0.5784092261999586,24.53560989121285,33.65269540399959,27.28024001115102,0.7943016818811803,10.106588342321853,0.741935946436782,6.020605987787109,2,0,False,42
ABC-SMC,1657864.1114982578,40.30950372642756,1903228.0,46.27531027793884,0.5784092261999586,24.53560989121285,33.65269540399959,27.28024001115102,0.7943016818811803,10.106588342321853,0.741935946436782,6.020605987787109,2,0,False,42
ABC-SMC,1659416.3763066202,40.31904524627048,1905010.0,46.286263942718506,0.5784092261999586,24.53560989121285,33.65269540399959,27.28024001115102,0.7943016818811803,10.106588342321853,0.741935946436782,6.020605987787109,2,0,False,42
ABC-SMC,1658080.0,40.25845278864321,1906792.0,46.2972207069397,0.5784092261999586,24.53560989121285,33.65269540399959,27.28024001115102,0.7943016818811803,10.106588342321853,0.741935946436782,6.020605987787109,2,0,False,42
ABC-SMC,1659629.5652173914,40.26802249576735,1908574.0,46.308225870132446,0.5784092261999586,24.53560989121285,33.65269540399959,27.28024001115102,0.7943016818811803,10.106588342321853,0.741935946436782,6.020605987787109,2,0,False,42
ABC-SMC,1655421.143847487,40.13792088374728,1910356.0,46.31916069984436,0.5784092261999586,24.53560989121285,33.65269540399959,27.28024001115102,0.7943016818811803,10.106588342321853,0.741935946436782,6.020605987787109,2,0,False,42
ABC-SMC,1656965.3379549393,40.14741733954312,1912138.0,46.330119609832764,0.5784092261999586,24.53560989121285,33.65269540399959,27.28024001115102,0.7943016818811803,10.106588342321853,0.741935946436782,6.020605987787109,2,0,False,42
ABC-SMC,1658509.5320623915,40.15690739068043,1913920.0,46.341071128845215,0.5784092261999586,24.53560989121285,33.65269540399959,27.28024001115102,0.7943016818811803,10.106588342321853,0.741935946436782,6.020605987787109,2,0,False,42
ABC-SMC,1657181.660899654,40.096977177788226,1915702.0,46.35210561752319,0.5784092261999586,24.53560989121285,33.65269540399959,27.28024001115102,0.7943016818811803,10.106588342321853,0.741935946436782,6.020605987787109,2,0,False,42
ABC-SMC,1658723.1833910034,40.10650154628556,1917484.0,46.3631157875061,0.5784092261999586,24.53560989121285,33.65269540399959,27.28024001115102,0.7943016818811803,10.106588342321853,0.741935946436782,6.020605987787109,2,0,False,42
ABC-SMC,1660264.705882353,40.11598404716043,1919266.0,46.374077558517456,0.5784092261999586,24.53560989121285,33.65269540399959,27.28024001115102,0.7943016818811803,10.106588342321853,0.741935946436782,6.020605987787109,2,0,False,42
ABC-SMC,1661806.2283737024,40.12551769665781,1921048.0,46.385098457336426,0.5784092261999586,24.53560989121285,33.65269540399959,27.28024001115102,0.7943016818811803,10.106588342321853,0.741935946436782,6.020605987787109,2,0,False,42
ABC-SMC,1663347.750865052,40.1350998135999,1922830.0,46.396175384521484,0.5784092261999586,24.53560989121285,33.65269540399959,27.28024001115102,0.7943016818811803,10.106588342321853,0.741935946436782,6.020605987787109,2,0,False,42
ABC-SMC,1662013.816925734,40.07526403469949,1924612.0,46.40715575218201,0.5784092261999586,24.53560989121285,33.65269540399959,27.28024001115102,0.7943016818811803,10.106588342321853,0.741935946436782,6.020605987787109,2,0,False,42
ABC-SMC,1663552.6770293608,40.08476042376899,1926394.0,46.41815257072449,0.5784092261999586,24.53560989121285,33.65269540399959,27.28024001115102,0.7943016818811803,10.106588342321853,0.741935946436782,6.020605987787109,2,0,False,42
ABC-SMC,1662220.6896551724,40.02510227006057,1928176.0,46.429118633270264,0.5784092261999586,24.53560989121285,33.65269540399959,27.28024001115102,0.7943016818811803,10.106588342321853,0.741935946436782,6.020605987787109,2,0,False,42
ABC-SMC,1660893.2874354562,39.96564599199673,1929958.0,46.440080642700195,0.5784092261999586,24.53560989121285,33.65269540399959,27.28024001115102,0.7943016818811803,10.106588342321853,0.741935946436782,6.020605987787109,2,0,False,42
ABC-SMC,1656723.8421955404,39.83795499719846,1931740.0,46.4510555267334,0.5784092261999586,24.53560989121285,33.65269540399959,27.28024001115102,0.7943016818811803,10.106588342321853,0.741935946436782,6.020605987787109,2,0,False,42
ABC-SMC,1658252.1440823327,39.847343495534176,1933522.0,46.46200251579285,0.5784092261999586,24.53560989121285,33.65269540399959,27.28024001115102,0.7943016818811803,10.106588342321853,0.741935946436782,6.020605987787109,2,0,False,42
ABC-SMC,1659780.4459691253,39.856721361137375,1935304.0,46.47293710708618,0.5784092261999586,24.53560989121285,33.65269540399959,27.28024001115102,0.7943016818811803,10.106588342321853,0.741935946436782,6.020605987787109,2,0,False,42
ABC-SMC,1658464.0410958906,39.79787026366142,1937086.0,46.48391246795654,0.5784092261999586,24.53560989121285,33.65269540399959,27.28024001115102,0.7943016818811803,10.106588342321853,0.741935946436782,6.020605987787109,2,0,False,42
ABC-SMC,1659989.7260273972,39.80722962176963,1938868.0,46.49484419822693,0.5784092261999586,24.53560989121285,33.65269540399959,27.28024001115102,0.7943016818811803,10.106588342321853,0.741935946436782,6.020605987787109,2,0,False,42
ABC-SMC,1661515.410958904,39.81681290554673,1940650.0,46.50603747367859,0.5784092261999586,24.53560989121285,33.65269540399959,27.28024001115102,0.7943016818811803,10.106588342321853,0.741935946436782,6.020605987787109,2,0,False,42
ABC-SMC,1663041.095890411,39.826199412345886,1942432.0,46.517000913619995,0.5784092261999586,24.53560989121285,33.65269540399959,27.28024001115102,0.7943016818811803,10.106588342321853,0.741935946436782,6.020605987787109,2,0,False,42
ABC-SMC,1664566.7808219178,39.83565715894307,1944214.0,46.52804756164551,0.5784092261999586,24.53560989121285,33.65269540399959,27.28024001115102,0.7943016818811803,10.106588342321853,0.741935946436782,6.020605987787109,2,0,False,42
ABC-SMC,1663244.4444444445,39.776984443012466,1945996.0,46.539071798324585,0.5784092261999586,24.53560989121285,33.65269540399959,27.28024001115102,0.7943016818811803,10.106588342321853,0.741935946436782,6.020605987787109,2,0,False,42
ABC-SMC,1664767.5213675213,39.78639647491976,1947778.0,46.55008387565613,0.5784092261999586,24.53560989121285,33.65269540399959,27.28024001115102,0.7943016818811803,10.106588342321853,0.741935946436782,6.020605987787109,2,0,False,42
ABC-SMC,1660613.2879045997,39.6601887740309,1949560.0,46.56106162071228,0.5784092261999586,24.53560989121285,33.65269540399959,27.28024001115102,0.7943016818811803,10.106588342321853,0.741935946436782,6.020605987787109,2,0,False,42
ABC-SMC,1659304.4217687075,39.602085846621975,1951342.0,46.57205295562744,0.5784092261999586,24.53560989121285,33.65269540399959,27.28024001115102,0.7943016818811803,10.106588342321853,0.741935946436782,6.020605987787109,2,0,False,42
ABC-SMC,1660819.7278911564,39.611441545745954,1953124.0,46.58305525779724,0.5784092261999586,24.53560989121285,33.65269540399959,27.28024001115102,0.7943016818811803,10.106588342321853,0.741935946436782,6.020605987787109,2,0,False,42
ABC-SMC,1662335.0340136054,39.62082907456119,1954906.0,46.59409499168396,0.5784092261999586,24.53560989121285,33.65269540399959,27.28024001115102,0.7943016818811803,10.106588342321853,0.741935946436782,6.020605987787109,2,0,False,42
ABC-SMC,1663850.3401360544,39.63016267536449,1956688.0,46.60507130622864,0.5784092261999586,24.53560989121285,33.65269540399959,27.28024001115102,0.7943016818811803,10.106588342321853,0.741935946436782,6.020605987787109,2,0,False,42
ABC-SMC,1665365.6462585034,39.639455120579726,1958470.0,46.61599922180176,0.5784092261999586,24.53560989121285,33.65269540399959,27.28024001115102,0.7943016818811803,10.106588342321853,0.741935946436782,6.020605987787109,2,0,False,42
ABC-SMC,1661230.5084745763,39.514406050665905,1960252.0,46.62699913978577,0.5784092261999586,24.53560989121285,33.65269540399959,27.28024001115102,0.7943016818811803,10.106588342321853,0.741935946436782,6.020605987787109,2,0,False,42
ABC-SMC,1662740.6779661016,39.52376781883886,1962034.0,46.63804602622986,0.5784092261999586,24.53560989121285,33.65269540399959,27.28024001115102,0.7943016818811803,10.106588342321853,0.741935946436782,6.020605987787109,2,0,False,42
ABC-SMC,1664250.847457627,39.533134234153614,1963816.0,46.64909839630127,0.5784092261999586,24.53560989121285,33.65269540399959,27.28024001115102,0.7943016818811803,10.106588342321853,0.741935946436782,6.020605987787109,2,0,False,42
ABC-SMC,1665761.0169491526,39.54243922637681,1965598.0,46.660078287124634,0.5784092261999586,24.53560989121285,33.65269540399959,27.28024001115102,0.7943016818811803,10.106588342321853,0.741935946436782,6.020605987787109,2,0,False,42
ABC-SMC,1667271.1864406778,39.55168966519631,1967380.0,46.67099380493164,0.5784092261999586,24.53560989121285,33.65269540399959,27.28024001115102,0.7943016818811803,10.106588342321853,0.741935946436782,6.020605987787109,2,0,False,42
ABC-SMC,1668781.3559322036,39.56094596345546,1969162.0,46.68191623687744,0.5784092261999586,24.53560989121285,33.65269540399959,27.28024001115102,0.7943016818811803,10.106588342321853,0.741935946436782,6.020605987787109,2,0,False,42
ABC-SMC,1667465.3130287647,39.503255471360255,1970944.0,46.69284796714783,0.5784092261999586,24.53560989121285,33.65269540399959,27.28024001115102,0.7943016818811803,10.106588342321853,0.741935946436782,6.020605987787109,2,0,False,42
ABC-SMC,1668972.9272419626,39.512482391396155,1972726.0,46.70375418663025,0.5784092261999586,24.53560989121285,33.65269540399959,27.28024001115102,0.7943016818811803,10.106588342321853,0.741935946436782,6.020605987787109,2,0,False,42
ABC-SMC,1670480.5414551608,39.52170507556896,1974508.0,46.71465539932251,0.5784092261999586,24.53560989121285,33.65269540399959,27.28024001115102,0.7943016818811803,10.106588342321853,0.741935946436782,6.020605987787109,2,0,False,42
ABC-SMC,1671988.1556683588,39.53090052919339,1976290.0,46.72552442550659,0.5784092261999586,24.53560989121285,33.65269540399959,27.28024001115102,0.7943016818811803,10.106588342321853,0.741935946436782,6.020605987787109,2,0,False,42
ABC-SMC,1670668.918918919,39.473408380070246,1978072.0,46.736515522003174,0.5784092261999586,24.53560989121285,33.65269540399959,27.28024001115102,0.7943016818811803,10.106588342321853,0.741935946436782,6.020605987787109,2,0,False,42
ABC-SMC,1669354.13153457,39.416107721312656,1979854.0,46.74750375747681,0.5784092261999586,24.53560989121285,33.65269540399959,27.28024001115102,0.7943016818811803,10.106588342321853,0.741935946436782,6.020605987787109,2,0,False,42
ABC-SMC,1668043.7710437712,39.3590013988893,1981636.0,46.75849366188049,0.5784092261999586,24.53560989121285,33.65269540399959,27.28024001115102,0.7943016818811803,10.106588342321853,0.741935946436782,6.020605987787109,2,0,False,42
ABC-SMC,1669543.7710437712,39.36821904648033,1983418.0,46.76944422721863,0.5784092261999586,24.53560989121285,33.65269540399959,27.28024001115102,0.7943016818811803,10.106588342321853,0.741935946436782,6.020605987787109,2,0,False,42
ABC-SMC,1671043.7710437712,39.37749569664901,1985200.0,46.78046488761902,0.5784092261999586,24.53560989121285,33.65269540399959,27.28024001115102,0.7943016818811803,10.106588342321853,0.741935946436782,6.020605987787109,2,0,False,42
ABC-SMC,1672543.7710437712,39.38684419349388,1986982.0,46.79157090187073,0.5784092261999586,24.53560989121285,33.65269540399959,27.28024001115102,0.7943016818811803,10.106588342321853,0.741935946436782,6.020605987787109,2,0,False,42
ABC-SMC,1671230.2521008402,39.32987862274427,1988764.0,46.802555561065674,0.5784092261999586,24.53560989121285,33.65269540399959,27.28024001115102,0.7943016818811803,10.106588342321853,0.741935946436782,6.020605987787109,2,0,False,42
ABC-SMC,1672727.731092437,39.33921962225136,1990546.0,46.813671350479126,0.5784092261999586,24.53560989121285,33.65269540399959,27.28024001115102,0.7943016818811803,10.106588342321853,0.741935946436782,6.020605987787109,2,0,False,42
ABC-SMC,1674225.2100840334,39.34855120522635,1992328.0,46.82477593421936,0.5784092261999586,24.53560989121285,33.65269540399959,27.28024001115102,0.7943016818811803,10.106588342321853,0.741935946436782,6.020605987787109,2,0,False,42
ABC-SMC,1675722.6890756304,39.357809860165375,1994110.0,46.8357937335968,0.5784092261999586,24.53560989121285,33.65269540399959,27.28024001115102,0.7943016818811803,10.106588342321853,0.741935946436782,6.020605987787109,2,0,False,42
ABC-SMC,1677220.168067227,39.367269267555045,1995892.0,46.8470504283905,0.5784092261999586,24.53560989121285,33.65269540399959,27.28024001115102,0.7943016818811803,10.106588342321853,0.741935946436782,6.020605987787109,2,0,False,42
ABC-SMC,1675901.0067114092,39.310423319771786,1997674.0,46.85802459716797,0.5784092261999586,24.53560989121285,33.65269540399959,27.28024001115102,0.7943016818811803,10.106588342321853,0.741935946436782,6.020605987787109,2,0,False,42
ABC-SMC,1677395.9731543623,39.31964623848064,1999456.0,46.86901831626892,0.5784092261999586,24.53560989121285,33.65269540399959,27.28024001115102,0.7943016818811803,10.106588342321853,0.741935946436782,6.020605987787109,2,0,False,42
ABC-SMC,1787014.2857142857,41.85854217835835,2001456.0,46.88156723976135,0.5784092261999586,24.541034597718927,33.635989427705056,27.28024001115166,0.7959306894304197,10.108551654284408,0.742507353545609,6.021885178910234,2,0,False,42
permABC-SMC,950.0,0.5927920341491699,1900.0,1.1855840682983398,40.14686204795551,23.936346697236846,1020.6078204585631,27.28024001067729,7.165659809015591,9.796464017053562,9.020480503646755,9.516986602480642,2,0,False,42
permABC-SMC,1852.0,0.9760196208953857,3704.0,1.9520392417907715,35.24177724977085,23.937202929439966,933.0545756307461,27.28024001069745,7.122228405202474,9.79877305888798,8.548422280739445,9.205790885271957,2,0,False,42
permABC-SMC,2708.0,1.3937195539474487,5416.0,2.7874391078948975,33.0193327482126,23.941738641656098,872.5131233032552,27.280240010697366,7.112372974403075,9.80700628074151,8.147922864552873,8.955627478963006,2,0,False,42
permABC-SMC,3521.0,1.8266938924789429,7042.0,3.6533877849578857,31.294754037703694,23.94622537628023,808.6255921086024,27.280240010718206,7.03509670876517,9.808325151825349,7.7989988800088845,8.725885252688384,2,0,False,42
permABC-SMC,4293.0,2.251771330833435,8586.0,4.50354266166687,30.138442697144164,23.945005573502428,755.8335793928046,27.28024001073841,6.975877527486165,9.811780534257739,7.463330454438825,8.518592547256418,2,0,False,42
permABC-SMC,5026.0,2.6803382635116577,10052.0,5.360676527023315,28.23046275118123,23.955502559477587,696.713617253503,27.280240010759375,6.930077061172629,9.810655248967096,7.152370874947193,8.327059209392559,2,0,False,42
permABC-SMC,5722.0,3.100365996360779,11444.0,6.200731992721558,26.986893732483487,23.957592228891464,653.8405528470832,27.280240010759098,6.901344298967269,9.81185763301257,6.876668703116379,8.160812366200348,2,0,False,42
permABC-SMC,6383.0,3.535622239112854,12766.0,7.071244478225708,25.824814988486466,23.958325391360255,608.1168389650743,27.280240010759144,6.873597213363174,9.806657575013979,6.615300655619496,8.004130423506773,2,0,False,42
permABC-SMC,7011.0,4.027551531791687,14022.0,8.055103063583374,24.807167497120528,23.963726689120918,575.1561822572594,27.280240010759073,6.899087330235214,9.812133301633786,6.380411489967786,7.858522351972774,2,0,False,42
permABC-SMC,7607.0,4.392306327819824,15214.0,8.784612655639648,23.628728421977616,23.97567374501139,543.3545111571291,27.2802400107595,6.929678412661005,9.819206639932831,6.144997679048371,7.732123100058926,2,0,False,42
permABC-SMC,8173.0,4.829238533973694,16346.0,9.658477067947388,22.74699460309855,23.964754797901968,512.5353750861677,27.280240010758558,7.020988565988172,9.812881393008938,5.945682935503221,7.616521667752321,2,0,False,42
permABC-SMC,8710.0,5.264321804046631,17420.0,10.528643608093262,21.98454284267421,23.960636517092098,483.93227090388166,27.280240010757954,7.017676729861063,9.810966108717578,5.744960550308514,7.497720166949733,2,0,False,42
permABC-SMC,9220.0,5.702120065689087,18440.0,11.404240131378174,21.247178985451903,23.95349026761358,459.9425513309985,27.280240010757137,7.0502163038008785,9.809260703692294,5.55117222187986,7.39100428300225,2,0,False,42
permABC-SMC,13626.666666666666,8.17916202545166,20440.0,12.26874303817749,20.750491667444788,23.930321332343745,449.5077838187491,27.280240010637243,6.974478309139609,9.794281816104135,5.462182125387867,7.367111014344469,2,0,False,42
permABC-SMC,12928.24074074074,7.173729853497611,22340.0,12.396205186843872,20.266609139479243,23.95070583709913,418.0433820836249,27.280240010699636,6.946925347889282,9.788561346485992,5.291020687622758,7.275793417048164,2,0,False,42
permABC-SMC,13193.442622950819,6.842313568448759,24144.0,12.52143383026123,19.62170533920023,23.954202626741722,398.32759053819194,27.280240010720274,6.917856337213674,9.792205042137535,5.120384609671705,7.195415351767609,2,0,False,42
permABC-SMC,13608.421052631578,6.660666214792352,25856.0,12.655265808105469,19.013198238104998,23.950016717990472,380.7532654373524,27.280240010719425,6.914275680122036,9.792436974541443,4.956843876442665,7.109995641651619,2,0,False,42
permABC-SMC,14298.647242455776,6.646412840494876,27482.0,12.774405479431152,18.3292877538822,23.952638501037306,360.3322385462384,27.280240010719417,6.887242501971736,9.788513822442464,4.79633205479416,7.034622008550536,2,0,False,42
permABC-SMC,15054.979253112035,6.689969682099909,29026.0,12.898261547088623,17.852831936050524,23.95676313442787,343.79610339795386,27.28024001071928,6.827210403787992,9.790276397929595,4.642938364106426,6.9588704649907624,2,0,False,42
permABC-SMC,15782.608695652174,6.739105867302936,30492.0,13.019952535629272,17.359213239813528,23.95044284120247,326.9917242215404,27.280240010718448,6.793745888262604,9.783990577147405,4.4975627724675125,6.885276005108611,2,0,False,42
permABC-SMC,16503.105590062114,6.802498677255698,31884.0,13.142427444458008,16.904736232650688,23.966340461200772,312.70726301007403,27.28024001074057,6.713759689973832,9.79273920196762,4.345622528568593,6.8249704687856445,2,0,False,42
permABC-SMC,17169.596690796276,6.859072361761683,33206.0,13.265445947647095,16.499813403731594,23.96393436852571,298.9306747154933,27.280240010740286,6.700182079434708,9.791573436509717,4.207368969042326,6.762112129269426,2,0,False,42
permABC-SMC,17819.027921406414,6.921307377386241,34462.0,13.38580846786499,16.13940279756784,23.965155299674823,282.69048334154354,27.2802400107401,6.678141564317846,9.78607001166384,4.062610607560802,6.6994289955382955,2,0,False,42
permABC-SMC,18416.322314049587,6.976910489649812,35654.0,13.507298707962036,15.704936036226378,23.96957940333595,272.75217089046697,27.28024001074022,6.511566414515266,9.791824208418335,3.920353813232431,6.645688986549917,2,0,False,42
permABC-SMC,18981.424148606813,7.032540806552819,36786.0,13.629064083099365,15.17597178763478,23.96907730698142,260.52426293779274,27.280240010739835,6.384696201853965,9.790335866588645,3.7882536746068,6.592927953290841,2,0,False,42
permABC-SMC,19535.60371517028,7.095039321419133,37860.0,13.750186204910278,14.689192856865136,23.97312055248061,252.30990565506244,27.280240010800913,6.362976534445686,9.803114340133002,3.670731815505536,6.549763623715414,2,0,False,42
permABC-SMC,20061.919504643964,7.157540173722494,38880.0,13.871312856674194,14.372914113869493,23.973875190948146,240.76496802589105,27.28024001080058,6.2526269041884825,9.800423070121049,3.552006638880237,6.498316883724731,2,0,False,42
permABC-SMC,29241.773962804007,10.01263312856868,40880.0,13.997661113739014,14.020764356481035,23.967639150402754,223.81531455124474,27.280240010740393,5.9056421807234365,9.799772760253628,3.3802576943721965,6.440252659887761,2,0,False,42
permABC-SMC,26705.368289637954,9.287386648961519,42782.0,14.878393411636353,13.719717120651639,23.963153697371233,214.26095474383425,27.280240010739565,5.801946822516229,9.798781189957124,3.2609204206376865,6.403241441028174,2,0,False,42
permABC-SMC,25983.682983682982,9.182466493619906,44588.0,15.757112503051758,13.284048643744995,23.962368156659068,204.74960458340843,27.280240010739355,5.530382613836269,9.799311315830694,3.1365608899987256,6.360408603446747,2,0,False,42
permABC-SMC,25954.03587443946,9.332399197223475,46302.0,16.64900016784668,12.892606556185264,23.965139377567244,195.11343475910286,27.280240010740187,5.357536000562558,9.797605427752288,3.0253780969558295,6.323530250068825,2,0,False,42
permABC-SMC,26191.256830601094,9.595969726479119,47930.0,17.560624599456787,12.449286096378074,23.971798533186465,188.09077486521687,27.28024001074016,5.13398522809334,9.804458010537047,2.9268448960959548,6.298961770527713,2,0,False,42
permABC-SMC,26628.632938643706,9.928769777870794,49476.0,18.447654247283936,12.095779676633352,23.976421578180723,179.16483555328676,27.280240010740517,4.891161885060118,9.80011656056794,2.8265501737027376,6.2651509985392675,2,0,False,42
permABC-SMC,27097.872340425532,10.285206551247455,50944.0,19.336188316345215,11.831750455693877,23.97254643113688,173.16377073341303,27.280240010739906,4.6314640393741575,9.804354908978022,2.732062229306405,6.237370951938615,2,0,False,42
permABC-SMC,27721.39830508475,10.708382700459433,52338.0,20.217426538467407,11.586442321620869,23.971650809779682,167.2590614143416,27.28024001073955,4.3527178455297,9.80562223829363,2.634988650549859,6.209846451141947,2,0,False,42
permABC-SMC,28332.629355860612,11.129847675593375,53662.0,21.079931497573853,11.223252046118361,23.975410885517007,160.6524998176796,27.28024001073934,4.066807510426914,9.809447291018756,2.536713430873149,6.184150206773754,2,0,False,42
permABC-SMC,28934.66807165437,11.119558889069472,54918.0,21.104922771453857,10.882860669588336,23.984867947863975,154.76975790110444,27.28024001076012,3.8157275421114805,9.81412112408167,2.445903225233483,6.161211957205247,2,0,False,42
permABC-SMC,29562.697576396207,11.182758780500535,56110.0,21.224876165390015,10.592060684440284,23.978806645821066,148.40126891483317,27.280240010759243,3.5808236779799274,9.80818061273474,2.3601327155637954,6.133335862836199,2,0,False,42
permABC-SMC,30159.114857744997,11.251036811804497,57242.0,21.35446786880493,10.324813788950527,23.98531417622194,142.14639799875027,27.28024001075977,3.3515446861872134,9.805155992368489,2.276906890998588,6.109532393442679,2,0,False,42
permABC-SMC,30724.973656480503,11.314959872761316,58316.0,21.475793838500977,10.1076716928018,23.98586770787677,135.9889658571222,27.280240010759556,3.1357700105896154,9.798995760748152,2.196143927583977,6.085641430676221,2,0,False,42
permABC-SMC,31229.473684210527,11.312611103057861,59336.0,21.493961095809937,9.897357760809887,23.9781904373025,129.9023002916599,27.280240010758625,2.935932069607807,9.787465729379539,2.1149050548989505,6.058216167175933,2,0,False,42
permABC-SMC,42892.30769230769,15.11528125176063,61336.0,21.6148521900177,9.679140190511882,23.950198626670243,121.34115659409764,27.280240010617987,2.66509714939094,9.784523689147754,2.011607202428406,6.038469144213556,2,0,False,42
permABC-SMC,38187.198067632846,13.123445464793035,63238.0,21.732425689697266,9.402845955654062,23.9653719493395,117.52820889931952,27.28024001063923,2.486080020746563,9.798064558664652,1.935229742350943,6.029618771610321,2,0,False,42
permABC-SMC,36831.2570781427,12.372874862610416,65044.0,21.850497007369995,9.118660739874265,23.962850675434623,112.80420767916618,27.280240010638497,2.3072819965340345,9.7949503375669,1.859551615029507,6.012908452598721,2,0,False,42
permABC-SMC,36519.69365426696,12.01849549813135,66758.0,21.969809770584106,8.928183017845564,23.968460516179814,108.85914215348029,27.280240010659252,2.138114633012578,9.79764966506542,1.7799651247897694,5.9979318451287,2,0,False,42
permABC-SMC,36530.982905982906,11.798653082969862,68386.0,22.08707857131958,8.718165253992458,23.98389882692533,105.08147407879883,27.28024001068096,1.9849371465481238,9.805177781594733,1.7051060658730681,5.9861393562838545,2,0,False,42
permABC-SMC,36806.31578947369,11.686368239553351,69932.0,22.204099655151367,8.499739565891353,23.994017254505337,100.71021444437304,27.28024001070232,1.8338539848047648,9.808062760922441,1.631896977005048,5.975243243109802,2,0,False,42
permABC-SMC,37305.12016718913,12.0618637328113,71402.0,23.08640718460083,8.245466670547211,23.99930386862176,98.14870695368126,27.280240010723,1.6920376893481741,9.820299111274132,1.560641818035064,5.969308059980898,2,0,False,42
permABC-SMC,37876.17065556712,12.468132590652132,72798.0,23.9637508392334,8.037849801972618,23.994185113022155,94.24731452835276,27.28024001072201,1.5547746492017422,9.813846337401,1.490647688334423,5.955029189204242,2,0,False,42
permABC-SMC,38525.987525987526,12.913033892855575,74124.0,24.844677209854126,7.799056093406783,24.002011690287553,91.50666907680821,27.280240010782705,1.4331876341329526,9.827332832268626,1.421050899033033,5.950707077840335,2,0,False,42
permABC-SMC,39179.833679833675,13.37210775165201,75382.0,25.727935314178467,7.623236386051824,24.009693681276907,88.25489787369571,27.280240010783007,1.3215512569824504,9.829313239996699,1.3572340522529993,5.94019039549104,2,0,False,42
permABC-SMC,39800.4158004158,13.835258518583808,76576.0,26.61903738975525,7.359325153475196,24.007549370539543,86.051924927779,27.28024001078286,1.2070668153284418,9.835799245682594,1.2885073691447695,5.9326458327433995,2,0,False,42
permABC-SMC,40389.812889812885,14.292743622389256,77710.0,27.49923872947693,7.175162734259531,24.01140808443064,84.06870325650056,27.280240010782933,1.1183168608130742,9.843673338136405,1.2277532166534688,5.927681031777733,2,0,False,42
permABC-SMC,40949.06444906445,14.76510250147068,78786.0,28.40805721282959,7.039219110774438,24.00168748232513,81.72835812109354,27.2802400107823,1.0300754360828648,9.844405783051744,1.1671086172181853,5.917651780375938,2,0,False,42
permABC-SMC,41480.249480249484,15.17225736887688,79808.0,29.191423177719116,6.854820917086524,24.025197229972008,79.68990575723774,27.280240010805084,0.9489936842027233,9.862051668777893,1.1136692687199572,5.920092633685193,2,0,False,42
permABC-SMC,57774.011299435035,20.712064316043744,81808.0,29.328283071517944,6.700995882053967,24.009682458032476,75.09212117805137,27.280240010785278,0.7934188893220506,9.842613046025592,1.0257876035506537,5.896857693484199,2,0,False,42
permABC-SMC,50185.85131894484,17.657163903581722,83710.0,29.452149391174316,6.480800518983753,24.014846843882502,73.39375039710856,27.28024001080603,0.7234916597033736,9.851364740327261,0.9779032767481888,5.896383727295034,2,0,False,42
permABC-SMC,47934.97757847534,16.577192352491643,85516.0,29.573711156845093,6.3427500399732715,24.024864266627368,71.11567509611692,27.280240010806697,0.6468743848720448,9.855493229717492,0.9189812005163327,5.892433383353616,2,0,False,42
permABC-SMC,47459.19477693145,16.101312066577332,87230.0,29.59421157836914,6.129291547302889,24.02659962086157,69.13755549404577,27.280240010827104,0.5879880787314294,9.855393044723366,0.8672529832689029,5.887680657242436,2,0,False,42
permABC-SMC,47670.6008583691,15.940084861583465,88858.0,29.712318181991577,5.980737336695488,24.017105300745484,67.52868109012476,27.28024001084685,0.5175034673100019,9.859277829770178,0.806651292851198,5.883789157495675,2,0,False,42
permABC-SMC,47934.252386002125,15.822008583983079,90404.0,29.84030818939209,5.797724409090742,24.02509245024448,66.23005103622924,27.28024001084749,0.4675456273212165,9.871942117572528,0.7560615350256197,5.886780148620964,2,0,False,42
permABC-SMC,48455.696202531646,15.74853729095137,91872.0,29.8592267036438,5.661260156272013,24.020511357907996,64.61557219721143,27.280240010867605,0.4136499759911177,9.873685537828923,0.7050321873221372,5.883712054526848,2,0,False,42
permABC-SMC,49035.75184016825,15.763120696371663,93266.0,29.9814555644989,5.534622792343448,24.030061971183954,62.759033297297364,27.28024001088893,0.36626328403188135,9.878812426699966,0.6528561747177333,5.882612891735027,2,0,False,42
permABC-SMC,49627.492130115425,15.738715530067275,94590.0,29.997991800308228,5.370247395113561,24.03824466110917,61.08416584267864,27.280240010889976,0.32550877317991667,9.878882109025717,0.6094735360232283,5.8801669443714975,2,0,False,42
permABC-SMC,50233.75262054508,15.783309561651457,95846.0,30.11455464363098,5.229210502833479,24.041063170082328,59.31516522973554,27.280240010890605,0.27968265251549324,9.875925696119976,0.5593037222897357,5.8754150210903555,2,0,False,42
permABC-SMC,50805.235602094246,15.827551936603967,97038.0,30.230624198913574,5.0673000989096755,24.038369835732755,57.724417221088196,27.280240010890076,0.2447752027796981,9.870196308633671,0.515652601416171,5.8688968100877705,2,0,False,42
permABC-SMC,51397.905759162306,15.891365605499107,98170.0,30.352508306503296,4.9284561175531705,24.02723711174005,56.58905121492011,27.28024001088926,0.21683694109332186,9.869584047284269,0.4755895829271282,5.866053372369,2,0,False,42
permABC-SMC,51960.20942408377,15.95308031711279,99244.0,30.470383405685425,4.795012156951093,24.01857789035769,55.25525184148535,27.2802400108886,0.18600540939265806,9.865291120518672,0.4342151259345192,5.861831208378415,2,0,False,42
permABC-SMC,52439.33054393305,15.94598797075918,100264.0,30.488729000091553,4.673929132506664,24.017592042908877,54.14900849540821,27.28024001088833,0.15618985514383865,9.865983751841865,0.39506000412167347,5.85981013236441,2,0,False,42
permABC-SMC,72733.99715504979,21.773078363616637,102264.0,30.612948179244995,4.512214532171998,23.998951993705276,53.93968854354899,27.28024001080549,0.15021462848193207,9.859529300211328,0.38426014316299256,5.855011361227868,2,0,False,42
permABC-SMC,63360.097323600974,18.695756176672425,104164.0,30.735823154449463,4.416512576570372,23.99972646255514,52.965750331985745,27.280240010805155,0.1275738519062856,9.863478341179624,0.34812731195786895,5.8551943635082635,2,0,False,42
permABC-SMC,60277.58816837315,17.55435230788924,105968.0,30.860551357269287,4.351153203216351,23.996840519514386,52.00226847040247,27.280240010804597,0.11042647819902258,9.861368456339175,0.31712216375366764,5.851635555589596,2,0,False,42
permABC-SMC,58521.739130434784,16.83908558410147,107680.0,30.983917474746704,4.235224674673434,24.006599256798395,51.0751410387621,27.280240010805212,0.09656316248671648,9.865961155364438,0.2855422953053658,5.854693790291966,2,0,False,42
permABC-SMC,58514.98929336188,16.652514515903317,109306.0,31.106897115707397,4.117072101411578,24.007421067633167,49.95469059466475,27.28024001080484,0.08419557381028747,9.85937702830555,0.2547380525854329,5.849524904686136,2,0,False,42
permABC-SMC,58588.79492600423,16.5059206097625,110850.0,31.229201793670654,4.012167970588452,24.015689389744207,48.88587357517111,27.28024001080568,0.07701374028245023,9.85818624903748,0.22736198224719836,5.848315253415755,2,0,False,42
permABC-SMC,58989.49579831932,16.463186184899147,112316.0,31.345906496047974,3.925289756914757,24.00946586344579,48.180236618443146,27.280240010805496,0.06282747201074487,9.857256711019145,0.19907291192565926,5.846690532670359,2,0,False,42
permABC-SMC,59657.92235047219,16.507805081754768,113708.0,31.463876485824585,3.8108018153391017,24.01868822821085,47.48668142533455,27.280240010806036,0.059261210470422016,9.862449860882561,0.17514631298390976,5.849178947087179,2,0,False,42
permABC-SMC,60351.52151101784,16.57155765941736,115030.0,31.585388898849487,3.716942922101083,24.025088975616057,46.970041599176014,27.280240010806846,0.05103704474556628,9.87376433471593,0.15444367853044655,5.855311004128176,2,0,False,42
permABC-SMC,60946.54088050314,16.61800825870762,116286.0,31.707159757614136,3.640185339593035,24.026821420356463,46.3260197144309,27.280240010806637,0.04282486535703302,9.877051497645274,0.13491697900946814,5.85695065246026,2,0,False,42
permABC-SMC,61571.2788259958,16.675191855280655,117478.0,31.81626605987549,3.50907408691862,24.024574361759747,45.69725588191696,27.280240010826862,0.0387222284891717,9.873130205919855,0.12095713915528872,5.854824432397163,2,0,False,42
permABC-SMC,62099.47643979058,16.667821894141394,118610.0,31.83553981781006,3.429342022531793,24.031835043785243,45.11518939721318,27.280240010827274,0.03993814778130245,9.879503882137731,0.11811958134990933,5.858357171461898,2,0,False,42
permABC-SMC,62661.780104712045,16.734944713053277,119684.0,31.963744401931763,3.372201384659335,24.04580289106122,44.684135040094915,27.280240010848743,0.03754201551843141,9.890832330687212,0.11585616462050274,5.8653118970314715,2,0,False,42
permABC-SMC,63195.81151832461,16.796768023705607,120704.0,32.08182692527771,3.2776221738050477,24.05497395495505,43.84727394695725,27.280240010870024,0.04489052667228857,9.887400856172581,0.14085623935667352,5.863069787532406,2,0,False,42
permABC-SMC,86289.73277074542,22.639368824482634,122704.0,32.19318246841431,3.193124064583192,24.041026237020283,43.48635893000679,27.280240010808857,0.03930222350362525,9.910142582283136,0.1378470672801382,5.87786390724867,2,0,False,42
permABC-SMC,74973.52587244283,19.445448719350583,124606.0,32.31833577156067,3.1371301240545972,24.05269138217762,42.88812385454247,27.28024001082984,0.03957534760636715,9.910778988069666,0.1420446059550447,5.878157711991303,2,0,False,42
permABC-SMC,71019.10112359551,18.642388702778334,126414.0,33.183451890945435,3.0672923662308875,24.04732605059924,42.54032464914316,27.280240010829353,0.04060547709994636,9.913790734736663,0.14746077883013742,5.880138176954513,2,0,False,42
permABC-SMC,69863.68593238822,18.574907839493246,128130.0,34.066380977630615,2.9854049480331875,24.059732501446035,42.154419893320295,27.28024001083047,0.04321149004190279,9.925395524181189,0.16000634097951755,5.887456839658321,2,0,False,42
permABC-SMC,69913.79310344828,18.845007594289452,129760.0,34.97633409500122,2.9035247840469065,24.069322332304644,41.89690402841592,27.28024001085157,0.045348751580603266,9.934224958789262,0.16822902850244337,5.893017658174056,2,0,False,42
permABC-SMC,69993.60341151386,19.1127726518269,131308.0,35.85556149482727,2.8425483225662074,24.073760053047817,41.5499219470481,27.280240010872596,0.04983204758364024,9.944537270773031,0.1818626074413247,5.8990249024752925,2,0,False,42
permABC-SMC,70252.91005291005,18.985008058093843,132778.0,35.88166522979736,2.773609653904521,24.064848969477225,41.26004438817735,27.280240010871744,0.05583069034738711,9.949188486839605,0.1973386055574766,5.901887185656212,2,0,False,42
permABC-SMC,70766.8776371308,18.989281438071014,134174.0,36.00367760658264,2.694950277723651,24.066063493272615,40.84474336130793,27.28024001087155,0.06352754914686695,9.948118467324578,0.21483709262731207,5.901296973553349,2,0,False,42
permABC-SMC,71240.79915878024,18.984125114264423,135500.0,36.10780596733093,2.643334470817148,24.06817037212808,40.52219636304735,27.28024001087161,0.0755278825115366,9.947393116312329,0.23272122247290278,5.900626369848507,2,0,False,42
permABC-SMC,71751.31164742917,19.007018705730296,136758.0,36.22737765312195,2.5631124733649964,24.083888555066675,40.12299460101505,27.280240010893703,0.08557231415959166,9.949366058863225,0.24923279301055085,5.9023436303572465,2,0,False,42
permABC-SMC,72301.88679245283,19.046939893838495,137952.0,36.34156131744385,2.4845720854793663,24.08927679748746,39.791363504271644,27.280240010894595,0.09576947607246811,9.956486549142102,0.2677556192686512,5.907162754355792,2,0,False,42
permABC-SMC,72896.22641509434,19.105808290045715,139086.0,36.45388221740723,2.439809340141507,24.07941567334209,39.57911475375201,27.28024001089367,0.10254140745295787,9.952431619723153,0.2812323250066802,5.90454589426391,2,0,False,42
permABC-SMC,73460.1677148847,19.170700629052376,140162.0,36.577696800231934,2.3861414851470295,24.09472756640649,39.33629204073825,27.28024001093603,0.11238723148577229,9.968858845875124,0.29520569736884644,5.915263138701699,2,0,False,42
permABC-SMC,73995.8071278826,19.18054101852001,141184.0,36.59647226333618,2.342401714599747,24.109200517864053,39.10765542858155,27.280240010957954,0.11647676411183983,9.976798692696581,0.30508908962232034,5.921016947546939,2,0,False,42
permABC-SMC,108968.03652968036,27.942683054431935,143184.0,36.71668553352356,2.295192145542596,24.136049746604638,38.84454995680461,27.280240010940297,0.11121833429840546,9.98344743541329,0.3109393614578405,5.925592323518236,2,0,False,42
permABC-SMC,92175.3494282084,23.410630347313692,145084.0,36.84833216667175,2.2573584291466977,24.140762531296062,38.60077544528514,27.28024001096118,0.12128027319848075,9.981855593882942,0.3247683289603469,5.925194224868339,2,0,False,42
permABC-SMC,86303.17273795535,21.71987820456087,146888.0,36.9672327041626,2.214374074142842,24.134038397675063,38.40144654001263,27.280240010960593,0.12907706748257675,9.979301273077729,0.3353180063200155,5.924040909504028,2,0,False,42
permABC-SMC,83954.802259887,20.954352044789808,148600.0,37.089203119277954,2.1769097533111914,24.145061176130994,38.16363012397792,27.280240010961386,0.1386218082662016,9.989182916985978,0.34975139074748995,5.930609087511053,2,0,False,42
permABC-SMC,83273.83592017739,20.619960819802632,150226.0,37.19840931892395,2.1258337985987477,24.15016101274138,37.98900283312639,27.28024001096146,0.14384855488802256,9.990613999411803,0.3590105083103227,5.93178391036843,2,0,False,42
permABC-SMC,82573.4494015234,20.305581139532343,151770.0,37.32165813446045,2.078485537549099,24.160859674375953,37.74432170141209,27.280240010982432,0.1565582559016735,9.993066658691442,0.3737307836604659,5.9339312491846155,2,0,False,42
permABC-SMC,82651.56418554478,20.196569776072085,153236.0,37.44444036483765,2.043867116981895,24.17817996779055,37.49508933086767,27.280240010983604,0.16746903152180495,9.99686711784001,0.38476511249287576,5.936664469685208,2,0,False,42
permABC-SMC,82954.93562231759,20.154663805286262,154628.0,37.56829333305359,2.0121707648897322,24.179087784786887,37.30178826084343,27.280240010983718,0.1766346741765562,9.99648349572374,0.39688765019950467,5.9368022188436225,2,0,False,42
permABC-SMC,83395.72192513368,20.15766880728982,155950.0,37.69484066963196,1.980671283568041,24.187662035248458,37.17325199903529,27.280240011004636,0.18295904801388946,10.003302987169391,0.4042734850856101,5.940795963592131,2,0,False,42
permABC-SMC,83798.50746268657,20.102844309450973,157206.0,37.71293592453003,1.9445512024729634,24.191331223509557,37.003343909023414,27.28024001100514,0.1926502270694888,10.005479253976285,0.4140483924116445,5.942770435049209,2,0,False,42
permABC-SMC,83897.24576271186,20.045230322975225,158398.0,37.84539484977722,1.902874838836914,24.201394966164955,36.8154339002424,27.280240011006214,0.20833536924807,10.010360192122052,0.42674224895301704,5.946334180163257,2,0,False,42
permABC-SMC,84407.4074074074,20.089878102458975,159530.0,37.96986961364746,1.8715034730522841,24.20964132725937,36.71420665451497,27.28024001100682,0.21591047390443516,10.018156058261363,0.43212524342101033,5.951261381485271,2,0,False,42
permABC-SMC,84975.66137566138,20.153766586667018,160604.0,38.09061884880066,1.8426380605219272,24.228628162321094,36.560944865582314,27.280240011007923,0.22744774078037566,10.030336831156095,0.4444507476609469,5.959319448385172,2,0,False,42
permABC-SMC,85515.34391534392,20.163687448652965,161624.0,38.1093692779541,1.816812817871735,24.226612649825196,36.50891230045164,27.28024001100739,0.2306397824696362,10.036256642558653,0.44826536451101234,5.963060848006881,2,0,False,42
permABC-SMC,121925.48435171387,28.481159764501623,163624.0,38.22171640396118,1.7887213048748374,24.224907930220716,36.52626806509273,27.280240011008352,0.2407594619748617,10.018806587821164,0.4571637233641692,5.953150989941655,2,0,False,42
permABC-SMC,106789.67741935485,24.73681111489573,165524.0,38.34205722808838,1.759687892043042,24.223684454027747,36.376287974483496,27.280240011008253,0.24824894223729904,10.018423957077237,0.4663866682100676,5.953190649249653,2,0,False,42
permABC-SMC,98312.57344300822,22.59505551514138,167328.0,38.45678448677063,1.734822177250471,24.21807014453796,36.27719660447951,27.280240011007656,0.26181766329275946,10.013772018793139,0.47513529785751196,5.950587106832432,2,0,False,42
permABC-SMC,95936.43586833145,21.8972418283902,169040.0,38.582940101623535,1.7057406800610424,24.203774879690584,36.15545396459302,27.280240011006615,0.2752183588864875,10.012872095050755,0.4877213646502261,5.950057136776946,2,0,False,42
permABC-SMC,95025.61247216036,21.551563240637492,170666.0,38.70660758018494,1.6726074234160404,24.209900910727338,36.033582286724666,27.28024001100681,0.2872393091223872,10.016622406487233,0.4975758382641423,5.952761760506113,2,0,False,42
permABC-SMC,94413.37719298246,21.288210885566578,172210.0,38.82969665527344,1.6393616728160347,24.216987539473287,35.95823471253109,27.280240011007667,0.29166759743434256,10.023296384160625,0.5008408643634603,5.95699417531999,2,0,False,42
permABC-SMC,94389.13043478261,21.17660693500353,173676.0,38.964956760406494,1.6125751674443356,24.21737811180008,35.91065494987008,27.280240011007326,0.2963002727013963,10.025594545505376,0.5025056454894103,5.958432692439666,2,0,False,42
permABC-SMC,94223.89666307857,20.982048611594735,175068.0,38.98464632034302,1.5857615904343223,24.22728907769923,35.780824088818136,27.28024001102862,0.3078133192804045,10.025145469515147,0.5114974266616978,5.958657611902123,2,0,False,42
permABC-SMC,94629.82832618026,20.9772637985295,176390.0,39.101619720458984,1.5682039541119028,24.23194009901855,35.70042966075296,27.280240011049187,0.31554495580612185,10.028439241391549,0.517360194084763,5.961054969728285,2,0,False,42
permABC-SMC,94694.02985074627,20.905973306342737,177646.0,39.219605922698975,1.5439214033312805,24.232112620491932,35.63022898230787,27.280240011049017,0.32128816915295616,10.033219570357819,0.5224560974307587,5.964114502804369,2,0,False,42
permABC-SMC,95227.90202342918,20.893668468260028,178838.0,39.238309383392334,1.522479921093968,24.238813432202246,35.51090174469968,27.28024001104908,0.33424806908528304,10.03258548651538,0.5314248070204515,5.96437654876754,2,0,False,42
permABC-SMC,95728.72340425532,20.88142988529611,179970.0,39.25708818435669,1.5043094910306873,24.24562449353689,35.43781811470998,27.28024001107037,0.3367385173798959,10.036930825287428,0.534660739234265,5.967650950349174,2,0,False,42
permABC-SMC,96095.54140127389,20.897024502926318,181044.0,39.369994163513184,1.4816599288103394,24.24008905990234,35.374694602327956,27.280240011069868,0.3464312389339783,10.04127934009043,0.5407056558358008,5.970252577272178,2,0,False,42
permABC-SMC,96534.46447507953,20.935870051257556,182064.0,39.48505091667175,1.4591881280230607,24.24126428286334,35.32144262980532,27.28024001107019,0.3544090757410414,10.04237365983535,0.5460564844081539,5.97092256330164,2,0,False,42
permABC-SMC,148438.70967741936,31.93061274866904,184064.0,39.59395980834961,1.4377566995904014,24.199405665620933,35.365120786107354,27.28024001100679,0.35378976449320676,10.056978208069644,0.5431798792986804,5.979202638910974,2,0,False,42
permABC-SMC,133979.82708933717,28.615725143498576,185964.0,39.718626499176025,1.414387889704281,24.191943672446577,35.32088670940107,27.280240011006025,0.35967648613256054,10.058472819347687,0.5467850187048975,5.98044477182377,2,0,False,42
permABC-SMC,125180.0,26.55179262161255,187770.0,39.82768893241882,1.4019902835555296,24.19556934601799,35.25902901479695,27.280240011005905,0.36638818624938757,10.060601820703651,0.5530254512387904,5.981940236647125,2,0,False,42
permABC-SMC,120079.84790874526,25.310735889865118,189486.0,39.94034123420715,1.3816346927175942,24.20346232320162,35.166155588116624,27.280240011027036,0.37572785944955267,10.062438022138759,0.5598036633027147,5.983720546466719,2,0,False,42
permABC-SMC,117393.12039312039,24.60465530798535,191116.0,40.05637884140015,1.3645161578241458,24.205790439358086,35.11602353677632,27.28024001102758,0.3804783807300812,10.06537797282283,0.5627674678802655,5.985328469809347,2,0,False,42
permABC-SMC,115367.66467065869,24.057097063806957,192664.0,40.17535209655762,1.3432853341364037,24.205514616718226,35.003941974957854,27.280240011048395,0.3903174099369693,10.065917509167592,0.5724413536199152,5.986272726512566,2,0,False,42
permABC-SMC,114330.97762073026,23.72527642019786,194134.0,40.28551936149597,1.3309318801871461,24.20309850637921,34.96618223557438,27.280240011048246,0.3994261111281871,10.07040749600242,0.5756671695202451,5.98930745695921,2,0,False,42
permABC-SMC,114345.02923976608,23.570634189404938,195530.0,40.305784463882446,1.3151335710268843,24.20734945653443,34.8899579963235,27.280240011048498,0.4110591460540767,10.075861724980326,0.5807859239156266,5.993081689925145,2,0,False,42
permABC-SMC,113265.82278481012,23.260635254160857,196856.0,40.42698407173157,1.2926615132174497,24.208056902627774,34.78672806757221,27.280240011048413,0.4232468955739846,10.079758944158536,0.5889590962487077,5.996170653057171,2,0,False,42
permABC-SMC,113208.0,23.16894585745675,198114.0,40.545655250549316,1.2785243703376874,24.217268433686648,34.74395507976751,27.280240011048914,0.4299313854717366,10.085897991823062,0.5931817241024082,6.0001112460650265,2,0,False,42
permABC-SMC,113372.01365187715,23.249315049189892,199308.0,40.87229585647583,1.2607715337889465,24.23074187525649,34.63138283601269,27.280240011049674,0.447323586582163,10.098408614754863,0.6011890764140739,6.007968562270504,2,0,False,42
permABC-SMC,113887.5,23.231190172108736,200442.0,40.88689470291138,1.2489665465815083,24.232089712877347,34.55265934364817,27.280240011070514,0.4612060155636449,10.099147714757628,0.6091646599423741,6.008708686101564,2,0,False,42
permABC-SMC,114368.89897843359,23.270526213759595,201518.0,41.00266718864441,1.2311495139156663,24.247037657085624,34.50308865659173,27.2802400111127,0.4677990367881785,10.107934894842494,0.6126828137042469,6.014217598918241,2,0,False,42
permABC-SMC,114171.36414881624,23.178272881663773,202540.0,41.11825609207153,1.2147487442432967,24.255598731898917,34.41236700783626,27.280240011134477,0.47971835912638117,10.11347516812881,0.6181014118301693,6.0180863497447605,2,0,False,42
permABC-SMC,176632.1243523316,35.6143929180086,204540.0,41.241466999053955,1.1998118031408342,24.242909918384413,34.332938359959726,27.28024001111353,0.48705477962668997,10.11180867721915,0.6253183588043594,6.017373289326852,2,0,False,42
permABC-SMC,155219.54887218043,31.09949603116602,206442.0,41.362329721450806,1.1851040871315708,24.252967496511065,34.26672325049358,27.28024001113525,0.49299667330625596,10.112983444896463,0.6302148776156905,6.018545645950996,2,0,False,42
permABC-SMC,141666.66666666666,28.218995957147506,208250.0,41.481924057006836,1.1716121284579855,24.25032858186477,34.23124669432746,27.28024001113487,0.5032195078074896,10.114403484401583,0.6345930918478877,6.01970950551635,2,0,False,42
permABC-SMC,135639.53488372092,27.34477467623176,209970.0,42.32971119880676,1.156831691442042,24.254893312908024,34.19035048852176,27.28024001113512,0.5084123394637041,10.119439983675584,0.6382411111916879,6.0229166820672635,2,0,False,42
permABC-SMC,131105.32837670387,26.760367803561792,211604.0,43.19123363494873,1.1434670498086867,24.253183897506517,34.168347178346295,27.280240011134783,0.514291791382755,10.12600895519395,0.6409315453941329,6.0268207124280195,2,0,False,42
permABC-SMC,129185.45454545454,26.70234593478116,213156.0,44.058870792388916,1.1320024408331737,24.26284502819624,34.134570808492484,27.28024001113566,0.5174286951519549,10.129811857938144,0.6426044651244434,6.0291809068668005,2,0,False,42
permABC-SMC,127604.04280618312,26.706486054464694,214630.0,44.92030954360962,1.1226996793719524,24.26874987987553,34.089084916643166,27.28024001115642,0.5252162550784824,10.13530064477087,0.6455587020913824,6.03303316979912,2,0,False,42
permABC-SMC,126481.26463700234,26.80082315583419,216030.0,45.775805950164795,1.1109185037697593,24.27188736758736,34.06740929655561,27.280240011156742,0.5286965465151099,10.137293622568555,0.6475055219586958,6.034490876308351,2,0,False,42
permABC-SMC,126225.31939605111,27.08823727952202,217360.0,46.645944595336914,1.0928629870162732,24.266806121904565,34.06632509921038,27.28024001115632,0.5313378326018928,10.136500764517551,0.6486353086536211,6.03389250545074,2,0,False,42
permABC-SMC,125935.48387096774,27.400009093746064,218624.0,47.566415786743164,1.0796739834421194,24.269341634653877,34.06774133416218,27.280240011177646,0.5304102920362044,10.136596406676448,0.6477950082859225,6.034120286341645,2,0,False,42
permABC-SMC,125613.71428571428,27.691191264561244,219824.0,48.45958471298218,1.065049661755022,24.26989032836809,33.97641904286988,27.280240011177487,0.5527836191670852,10.132735878549815,0.655927693093231,6.032332504401387,2,0,False,42
permABC-SMC,125405.22133938705,28.05544542535615,220964.0,49.43369483947754,1.0538114117389235,24.27768261785407,33.91686375802661,27.280240011177625,0.56517229344314,10.13374175841191,0.6643775106776344,6.0332587515493685,2,0,False,42
permABC-SMC,125591.62895927601,28.467144766544326,222046.0,50.329911947250366,1.0458306255979093,24.289494343025886,33.91232715912392,27.280240011178396,0.5622124171173598,10.133893180928577,0.6626573978864716,6.033498821908794,2,0,False,42
permABC-SMC,125746.33596392334,28.85811721324383,223074.0,51.194299936294556,1.0367165750659244,24.277016172719943,33.893672695067536,27.2802400111778,0.571699860965106,10.133420357267607,0.6672277117367695,6.033229296059152,2,0,False,42
permABC-SMC,211934.0866290019,48.32139122957563,225074.0,51.317317485809326,1.025618539796569,24.27062125826678,33.793490656437214,27.28024001113594,0.5907656413800503,10.129260215693572,0.6785445203432331,6.031449316706321,2,0,False,42
permABC-SMC,193663.8225255973,43.89241164861686,226974.0,51.441906452178955,1.0091246485768839,24.27327147683455,33.80869053517094,27.280240011156366,0.5833523118528325,10.128638242820843,0.6756529019449904,6.030820805454596,2,0,False,42
permABC-SMC,182731.62939297126,41.182740808675845,228780.0,51.56079149246216,1.003146431939655,24.27142094006019,33.75278485600432,27.280240011156174,0.595074084748022,10.136650259015148,0.6828173125712673,6.0359694627249025,2,0,False,42
permABC-SMC,174089.1238670695,38.95889758343423,230494.0,51.58158040046692,0.9941552228078349,24.289611363180544,33.68247290281761,27.280240011157176,0.6161235590852322,10.14068937718992,0.6903310711127262,6.0388140245555775,2,0,False,42
permABC-SMC,166515.06456241032,37.088483614764215,232122.0,51.70134615898132,0.9824604232986538,24.295007225328575,33.662900069546936,27.280240011178623,0.6199124726753498,10.140396091644096,0.6920876357750896,6.038933459179251,2,0,False,42
permABC-SMC,162269.44444444444,35.98375933037864,233668.0,51.81661343574524,0.9716100652430358,24.30578751654266,33.64012533977991,27.280240011179462,0.6197251116417767,10.143894313300917,0.6925910461625946,6.040946552572094,2,0,False,42
permABC-SMC,158875.67567567568,35.09213908298595,235136.0,51.936365842819214,0.9668372408223483,24.311661512984966,33.587018309187734,27.280240011179675,0.6341557802633322,10.146338764917758,0.6989562661560387,6.0428808635646964,2,0,False,42
permABC-SMC,156435.1851851852,34.42712482951936,236530.0,52.053812742233276,0.959070482671731,24.326245099973615,33.55377622590443,27.280240011180762,0.6390969431143702,10.140934255148847,0.7008572310921375,6.039964136849347,2,0,False,42
permABC-SMC,155054.75880052152,34.01119768075558,237854.0,52.17317724227905,0.9532097418613075,24.33076869432508,33.55138945907031,27.280240011181647,0.6366242893002059,10.143759482736394,0.7010954359209858,6.041418745052193,2,0,False,42
permABC-SMC,153669.66580976866,33.60833928640214,239110.0,52.294575929641724,0.945776850201499,24.31855259490924,33.55607356045556,27.280240011180958,0.6389392462123848,10.142168647936996,0.7027359284974176,6.040585552344961,2,0,False,42
permABC-SMC,152863.86768447838,33.343013157978014,240302.0,52.41521668434143,0.9370143252161142,24.339326916643493,33.49283635252846,27.28024001120294,0.6533049387978598,10.144331262134283,0.707870853753154,6.042539853506355,2,0,False,42
permABC-SMC,152228.2471626734,33.124415450559134,241434.0,52.53532290458679,0.9310318989262509,24.34315727576926,33.48903450274142,27.280240011203,0.6476690972193557,10.148698473664382,0.7057989701271041,6.0449381388219985,2,0,False,42
permABC-SMC,151758.44806007508,32.95160235093442,242510.0,52.65666055679321,0.9201114447348937,24.34115114599945,33.50482069773229,27.280240011202782,0.6435122445140513,10.147434800464971,0.7040302641932914,6.044007294758515,2,0,False,42
permABC-SMC,152017.47815230963,32.88141707802533,243532.0,52.67603015899658,0.9115385858201083,24.347022769704665,33.49388424164354,27.28024001120318,0.6510473340296612,10.146172097948345,0.7062957708073287,6.043350458054055,2,0,False,42
permABC-SMC,260097.45762711868,55.931480254157115,245532.0,52.799317359924316,0.9060487184839007,24.330045279177256,33.49062070823723,27.280240011182556,0.6514756229283176,10.15470497471576,0.7065052159394378,6.048312499022957,2,0,False,42
permABC-SMC,243056.97445972497,51.9814636477787,247432.0,52.91712999343872,0.9003942664549536,24.328679899143435,33.47497118893026,27.28024001118219,0.6628981237103977,10.156774809312962,0.709928757621074,6.049715234458414,2,0,False,42
permABC-SMC,225759.0579710145,48.04246861865555,249238.0,53.03888535499573,0.8916611588783464,24.32553544480946,33.47879799291306,27.28024001118174,0.6647228225067874,10.155116479792316,0.7101853698519729,6.048438762536457,2,0,False,42
permABC-SMC,214490.59829059828,45.436846089159324,250954.0,53.161109924316406,0.8861863966514633,24.321098352523144,33.435219244271856,27.280240011181387,0.6776954798492338,10.156127017870217,0.7158567958286872,6.049432110433053,2,0,False,42
permABC-SMC,207376.026272578,43.74879804150812,252584.0,53.286036014556885,0.8798371717886474,24.311068609169837,33.440011595949244,27.280240011180954,0.6872480142373738,10.154664160300618,0.7188498831490616,6.048545936232536,2,0,False,42
permABC-SMC,203305.6,42.73096599578857,254132.0,53.41370749473572,0.8730579468021802,24.324969424348232,33.4089674572722,27.280240011202142,0.6949161623207536,10.15708686419777,0.7210002969099538,6.050158216967121,2,0,False,42
permABC-SMC,198762.05287713843,42.20728221614476,255608.0,54.27856492996216,0.8692429066146831,24.325680488519396,33.40501357032715,27.280240011202075,0.6971333371527005,10.161979651948874,0.7213282305404625,6.053041913016855,2,0,False,42
permABC-SMC,194116.31419939577,41.59140676890255,257010.0,55.06702256202698,0.8638866910745505,24.32598370019033,33.40541099245592,27.28024001120193,0.6951085095843936,10.15833817495292,0.7208823510469851,6.051032544299011,2,0,False,42
permABC-SMC,194242.1052631579,42.10503424020638,258342.0,55.99969553947449,0.8545947087450694,24.324726571346247,33.43908414523345,27.280240011202196,0.6893847473447161,10.152281171433863,0.7183814128469481,6.047214945624284,2,0,False,42
permABC-SMC,192872.21396731056,41.706400498592835,259606.0,56.13681507110596,0.8455386294902215,24.32155536319472,33.45560339537985,27.28024001120184,0.6830853520370607,10.147624504129602,0.7167974402307997,6.044361570314099,2,0,False,42
permABC-SMC,189815.13828238717,40.94172114021046,260806.0,56.25392484664917,0.8383663446626908,24.339344367318336,33.41775550526719,27.28024001120329,0.6910370446640419,10.150839356580198,0.7186108783941565,6.046282910834208,2,0,False,42
permABC-SMC,189267.34104046243,40.7386492787069,261946.0,56.38229060173035,0.8315321779025533,24.352669953879435,33.37608553262329,27.28024001120385,0.6999360562289199,10.153628755323442,0.7199919173598208,6.048096119511064,2,0,False,42
permABC-SMC,187611.98288159774,40.78146887573808,263032.0,57.17561936378479,0.8255727524746944,24.349421299342254,33.36831098420855,27.280240011203507,0.7042156966254579,10.151702093381761,0.7223969533712016,6.047210125457928,2,0,False,42
permABC-SMC,187544.0340909091,41.26197252083908,264062.0,58.09685730934143,0.8219346874083286,24.34581603515805,33.330928620446336,27.280240011203126,0.7188306225799318,10.149485296501975,0.7306931292204335,6.046041396268465,2,0,False,42
permABC-SMC,329284.65346534655,72.07404858995193,266062.0,58.23583126068115,0.8153628709599771,24.350317105118844,33.3162332698125,27.28024001118304,0.7165075223140972,10.158912039001637,0.7308319539744528,6.0522112380572075,2,0,False,42
permABC-SMC,313046.72897196264,69.0881646125116,267968.0,59.13946890830994,0.8095587834077854,24.358524346754322,33.30041825850971,27.28024001120452,0.7233323718093732,10.152499517071412,0.7339249902382212,6.048746517666925,2,0,False,42
permABC-SMC,302443.94618834084,67.33297045455386,269780.0,60.061009645462036,0.8045115842823289,24.359084996238106,33.25017957894006,27.28024001120433,0.7368863892202357,10.154415710395462,0.7378826133766127,6.0501121382617224,2,0,False,42
permABC-SMC,294470.715835141,66.13316013600976,271502.0,60.974773645401,0.7999131495374254,24.370971731842225,33.20382433148471,27.280240011204572,0.742876987672251,10.16434057748349,0.7391957190518512,6.056357052014928,2,0,False,42
permABC-SMC,285114.82254697283,64.59880572022377,273140.0,61.885655879974365,0.7966045099673664,24.363588560232593,33.22012219183518,27.280240011204043,0.740123662627207,10.163828059656726,0.7383227729849741,6.055815755850699,2,0,False,42
permABC-SMC,277470.70707070705,63.434417320020266,274696.0,62.80007314682007,0.7901050483137341,24.36107520700193,33.228832312990775,27.280240011203723,0.7381137384822508,10.161314567571646,0.7389757830582557,6.054322907835112,2,0,False,42
permABC-SMC,271824.8031496063,62.70651742229312,276174.0,63.709821701049805,0.784019060535409,24.36309156238866,33.24433907554433,27.2802400112038,0.7344742152454831,10.152797676654117,0.7379547173386471,6.0490826694968245,2,0,False,42
permABC-SMC,269493.2038834951,62.7251738483466,277578.0,64.606929063797,0.7783831290269356,24.365205465803637,33.24286388437234,27.28024001120371,0.7344728916772948,10.15291268478764,0.7379846828799641,6.049121190939116,2,0,False,42
permABC-SMC,264622.3908918406,62.05227954111697,278912.0,65.40310263633728,0.7690172183256968,24.36582004836226,33.241375834734214,27.280240011203777,0.7396074350560822,10.155099791983925,0.7393571008092059,6.050557744059145,2,0,False,42
permABC-SMC,263327.06766917295,62.34474020793026,280180.0,66.3348035812378,0.764629429580404,24.370912021758812,33.26017726808024,27.280240011204533,0.7332705768771843,10.154792890854036,0.7384252712417768,6.050276167191161,2,0,False,42
permABC-SMC,261024.11873840448,62.38838051599563,281384.0,67.25467419624329,0.761279959257296,24.363455376746508,33.228885662381174,27.2802400112044,0.7532064142952759,10.152769999632035,0.7443167814641407,6.048878981591897,2,0,False,42
permABC-SMC,257782.84671532846,62.17290015116225,282530.0,68.14149856567383,0.755906142867629,24.382012161773122,33.225378074812824,27.280240011205475,0.753473578033315,10.149387899994101,0.7435425792425281,6.047074903643515,2,0,False,42
permABC-SMC,255513.51351351352,62.19132505021654,283620.0,69.03237080574036,0.751579194538836,24.375750865522683,33.2360988118713,27.280240011204913,0.7566095582728032,10.147104103776655,0.7444401733604153,6.045881646565724,2,0,False,42
permABC-SMC,255524.236983842,62.77072814893465,284654.0,69.92659115791321,0.742834444781406,24.38912612117896,33.21327233026295,27.280240011226194,0.7543852757062289,10.14772616587376,0.7432960984639005,6.046497493985616,2,0,False,42
permABC-SMC,487506.80272108846,119.14249626146693,286654.0,70.05578780174255,0.7383943846634442,24.375736915923635,33.21795066132589,27.280240011205798,0.7588361455527592,10.145487417586063,0.743442297518643,6.045083013796766,2,0,False,42
permABC-SMC,479328.903654485,116.57491752079555,288556.0,70.17810034751892,0.7353609540948336,24.389056105307922,33.235692173656346,27.28024001120604,0.7556594660987208,10.138029917803086,0.7421916355511449,6.040314148034859,2,0,False,42
permABC-SMC,466819.93569131836,113.02154930458191,290362.0,70.29940366744995,0.7299670025718653,24.378595557843674,33.265053540489845,27.280240011205432,0.7487122251011475,10.133703435328364,0.7406704600231161,6.0374515204857735,2,0,False,42
permABC-SMC,459238.9937106918,110.72467220654278,292076.0,70.4208915233612,0.7253464268733857,24.38960057066398,33.257770514360274,27.28024001122718,0.7477023558307453,10.135134976014239,0.7416941942927815,6.0381138615003005,2,0,False,42
permABC-SMC,450466.25766871165,108.19500172796424,293704.0,70.54314112663269,0.7211456240354692,24.41463739365154,33.27741503138297,27.28024001122851,0.7381150024017966,10.131803747188714,0.7376062693510147,6.035817201259549,2,0,False,42
permABC-SMC,434200.0,103.7697245092953,295256.0,70.5634126663208,0.7156613089459295,24.42873080817558,33.26397770672829,27.28024001122932,0.7407773214159765,10.131126972540953,0.7405657137054504,6.035461642263558,2,0,False,42
permABC-SMC,425114.6131805157,101.26515445873184,296730.0,70.68307781219482,0.7126208223215175,24.435116028257983,33.31351356118808,27.28024001122915,0.7324330011495437,10.126588554620152,0.7369593243177639,6.032306660887096,2,0,False,42
permABC-SMC,419901.40845070424,99.72068659016783,298130.0,70.80168747901917,0.7108152752663348,24.454255413293723,33.22868044428978,27.280240011229886,0.7350968615726021,10.144681017322286,0.7387724361162897,6.043907483971943,2,0,False,42
permABC-SMC,420589.88764044945,99.61178363039252,299460.0,70.92358994483948,0.7070287466739916,24.436027596368476,33.25242574974148,27.280240011230305,0.730503670288254,10.141680656174453,0.7378949577391077,6.041879539148456,2,0,False,42
permABC-SMC,420005.58659217873,99.08327310444923,300724.0,70.94362354278564,0.7011100069409195,24.44179493882554,33.276369280559976,27.28024001127254,0.7237895274543679,10.14331799150716,0.7350010706237078,6.042680976386041,2,0,False,42
permABC-SMC,417024.86187845306,99.26119298566113,301926.0,71.86510372161865,0.700360726813911,24.454555492243067,33.26257257675966,27.28024001129455,0.7262469206628348,10.151004071240914,0.7341979887061474,6.047306074048965,2,0,False,42
permABC-SMC,417454.5454545454,99.17476157511561,303072.0,72.00087690353394,0.6963471130697055,24.464476755955253,33.27543779107688,27.280240011295113,0.724876304636619,10.144345813671778,0.7330023247538329,6.043184798828503,2,0,False,42
permABC-SMC,415519.1256830601,99.59247692035196,304160.0,72.90169310569763,0.6927008620027614,24.449405879464877,33.3084249786092,27.28024001129455,0.7276619890313039,10.13652603807677,0.7319914544249919,6.038084714266419,2,0,False,42
permABC-SMC,411309.9730458221,99.33402146290577,305192.0,73.70584392547607,0.6887213155349402,24.449304199917947,33.228842112693506,27.2802400113154,0.7450811647545532,10.146498801709146,0.7395520441907766,6.044824868466394,2,0,False,42
permABC-SMC,727943.1279620853,174.98972461121906,307192.0,73.84566378593445,0.6868191632487194,24.449492388269114,33.23840263629678,27.280240011294442,0.732240677817731,10.14857294667225,0.7359083984522754,6.045945683881054,2,0,False,42
permABC-SMC,715537.0370370371,173.01274725684414,309112.0,74.74150681495667,0.6848679740133272,24.4435853339348,33.270644682355275,27.28024001129412,0.7221681900233134,10.151576581095123,0.7331599882813806,6.047216100091617,2,0,False,42
permABC-SMC,709908.6757990867,172.71955862437207,310940.0,75.65116667747498,0.6820119443532044,24.433333622056015,33.311302752148656,27.280240011293603,0.7216163410941827,10.149540704939298,0.7317669939797407,6.045495618793077,2,0,False,42
permABC-SMC,701085.2017937219,171.61227020982133,312684.0,76.53907251358032,0.6786060593148581,24.442375784826698,33.25845733626949,27.280240011293618,0.7463433225234402,10.149400249661934,0.7415387327107572,6.046170352852862,2,0,False,42
permABC-SMC,689342.1052631579,169.77903822012112,314340.0,77.41924142837524,0.6743113535440701,24.4565122284073,33.243165186790335,27.28024001129405,0.7684835627430268,10.145520306603592,0.7465635200570897,6.043922319507501,2,0,False,42
permABC-SMC,683813.8528138528,169.48960973070814,315922.0,78.30419969558716,0.6719267196059414,24.45092526164718,33.270531372240185,27.28024001129376,0.7667293746532198,10.147242324878734,0.7445570779685349,6.044589867154585,2,0,False,42
permABC-SMC,681180.2575107296,169.91709844237232,317430.0,79.18136787414551,0.6700984492198644,24.443610459172902,33.26581668674905,27.280240011293373,0.7652571515010693,10.157736176020192,0.7438118271246109,6.050851568213924,2,0,False,42
permABC-SMC,678429.7872340425,170.32669250001297,318862.0,80.0535454750061,0.6641609215316518,24.4486566888719,33.29615982586468,27.280240011293298,0.7584020471264572,10.149458325788114,0.7423534273110619,6.045714372477762,2,0,False,42
permABC-SMC,678444.9152542374,171.2657784001302,320226.0,80.83744740486145,0.6613780694109215,24.471903896530527,33.30714964137965,27.280240011315602,0.7522117103701863,10.139703160662663,0.73869292319475,6.0397544020857445,2,0,False,42
permABC-SMC,672673.640167364,170.97352039863875,321538.0,81.72534275054932,0.659013231468447,24.47239528659834,33.24858285957026,27.28024001131547,0.7799359267702703,10.144756649230274,0.7484762712751323,6.043647258888267,2,0,False,42
permABC-SMC,664185.1851851852,168.41534282935498,322794.0,81.84985661506653,0.6540172042451554,24.45792755701096,33.241951350686215,27.280240011314973,0.7945119637454097,10.140275459959513,0.7501627368627228,6.041164502774419,2,0,False,42
permABC-SMC,655846.1538461538,165.9438035748748,323988.0,81.97623896598816,0.6501437050005293,24.47088232688285,33.259809615816096,27.28024001131583,0.7959544602362575,10.132037971114206,0.7479799216063385,6.036310877367392,2,0,False,42
permABC-SMC,652875.502008032,166.18141639663511,325132.0,82.75834536552429,0.6469240881290514,24.477927384561994,33.261352548546,27.28024001131601,0.7904111625530329,10.132064762427593,0.7463051841851204,6.0363578996859815,2,0,False,42
permABC-SMC,647257.9365079365,164.47248818382386,326218.0,82.89413404464722,0.6427511217698054,24.528615705102602,33.26152220797067,27.280240011339956,0.7867373471761301,10.135828780852057,0.7440058867733337,6.038308847446382,2,0,False,42
permABC-SMC,649305.5555555555,164.510197582699,327250.0,82.9131395816803,0.6394030364837724,24.518786609878127,33.288279890975915,27.28024001133953,0.7847337825805116,10.134555714917497,0.7416185755420406,6.03759611216124,2,0,False,42
permABC-SMC,1256679.389312977,316.95444711292066,329250.0,83.0420651435852,0.6361396682547846,24.51448316127341,33.385972491259295,27.28024001131991,0.7639339932326321,10.117361098798805,0.7333615728502471,6.027046689764635,2,0,False,42
permABC-SMC,1254356.0606060605,315.0239631985173,331150.0,83.16632628440857,0.632640053891333,24.553223213741305,33.426816553733595,27.280240011342453,0.7525952822897595,10.109456483884083,0.7286819269302902,6.02192134366737,2,0,False,42
permABC-SMC,1233207.4074074074,311.3252604449237,332966.0,84.0578203201294,0.6307529874999883,24.56928974613319,33.40883068998373,27.280240011342602,0.7969357061598574,10.108220619298079,0.7357954480952513,6.0221011843488546,2,0,False,42
permABC-SMC,1212739.1304347825,307.92470686677575,334716.0,84.9872190952301,0.628077299192974,24.558701481323126,33.449178372170124,27.280240011342133,0.7939201385899776,10.106110239272693,0.7329203643513325,6.020650475974136,2,0,False,42
permABC-SMC,1210000.0,308.98001639963053,336380.0,85.89644455909729,0.6252254300213081,24.5761643408238,33.42730954560027,27.280240011342375,0.7988020410095983,10.105468551811802,0.7353711977324504,6.020678010342239,2,0,False,42
permABC-SMC,1181720.2797202796,303.51787347059985,337972.0,86.80611181259155,0.6239026548505417,24.56848099258948,33.42607304062521,27.2802400113419,0.8198987688268307,10.097551917649689,0.7381215939101828,6.015773247810902,2,0,False,42
permABC-SMC,1154714.2857142857,299.21886547893087,339486.0,87.97034645080566,0.6189253924477458,24.584587629283025,33.42507109699895,27.280240011342144,0.8175690782575764,10.108338340707357,0.7344347813535516,6.0217167289547096,2,0,False,42
permABC-SMC,1144040.2684563757,297.82839349452286,340924.0,88.7528612613678,0.6174141680657911,24.590639107686172,33.482529127257465,27.28024001134211,0.8154837422197253,10.10341379000259,0.7313626370230335,6.018187405823919,2,0,False,42
permABC-SMC,1148677.8523489933,300.4945780606878,342306.0,89.54738426208496,0.6120033119786746,24.636320858293406,33.501993155901815,27.280240011345267,0.8077771389076245,10.102065199144638,0.7288831156500276,6.017113247197382,2,0,False,42
permABC-SMC,1153080.5369127518,300.9005792989027,343618.0,89.668372631073,0.611580450986295,24.634628826510454,33.40652132506485,27.280240011344848,0.8467929477789224,10.113818809848917,0.7455838852129464,6.0247725815510496,2,0,False,42
permABC-SMC,1149560.0,301.6247081756592,344868.0,90.48741245269775,0.6048974070056787,24.62799696239852,33.49409125210518,27.28024001134435,0.8423486238652553,10.103018714566806,0.7415551508543053,6.0179150321863135,2,0,False,42
permABC-SMC,1138375.0,300.7372939272931,346066.0,91.4241373538971,0.6036789324566249,24.616277564340898,33.520479000369264,27.280240011343786,0.8354175986171968,10.090030496679564,0.7416709154945791,6.010642860575319,2,0,False,42
permABC-SMC,1134660.1307189541,298.8578782362096,347206.0,91.45051074028015,0.5982848251787644,24.625669069550476,33.551533880795205,27.280240011364835,0.8461080632485561,10.086484493436531,0.7419020329153896,6.008296076262483,2,0,False,42
permABC-SMC,1138202.614379085,301.5489811990775,348290.0,92.27398824691772,0.5915124629624168,24.631555704557485,33.58356926926116,27.2802400113649,0.8419176847159626,10.082053133163024,0.7434235477681654,6.005828148582889,2,0,False,42
permABC-SMC,1141562.091503268,301.9990578196407,349318.0,92.41171169281006,0.5897983557844617,24.629318774672978,33.62123078958603,27.280240011364594,0.8306989295474907,10.074500814221947,0.7448937052663818,6.001430797658789,2,0,False,42
permABC-SMC,2583220.588235294,679.7055041088778,351318.0,92.43994855880737,0.5856719566472408,24.467369795234433,33.580434684944336,27.28024001114675,0.7586611466971025,10.090494710561185,0.7383113745237706,6.0106656613550795,2,0,False,42
permABC-SMC,2597926.470588235,679.8918562776902,353318.0,92.46529245376587,0.5856719566472408,24.467369795234433,33.58043468494432,27.28024001114675,0.7586611466971024,10.090494710561185,0.7383113745237706,6.0106656613550795,2,0,False,42
permABC-SMC,2612632.3529411764,680.038580123116,355318.0,92.48524689674377,0.5856719566472408,24.467369795234433,33.580434684944336,27.28024001114675,0.7586611466971025,10.090494710561185,0.7383113745237706,6.0106656613550795,2,0,False,42
permABC-SMC,2589260.8695652173,671.0292809251425,357318.0,92.60204076766968,0.5856719566472408,24.467369795234433,33.58043468494432,27.28024001114675,0.7586611466971024,10.090494710561185,0.7383113745237706,6.0106656613550795,2,0,False,42
permABC-SMC,2461082.191780822,635.0746318085553,359318.0,92.72089624404907,0.5856719566472408,24.467369795234433,33.580434684944336,27.28024001114675,0.7586611466971025,10.090494710561185,0.7383113745237706,6.0106656613550795,2,0,False,42
permABC-SMC,2441337.837837838,626.6175701811508,361318.0,92.7394003868103,0.5856719566472408,24.467369795234433,33.58043468494432,27.28024001114675,0.7586611466971024,10.090494710561185,0.7383113745237706,6.0106656613550795,2,0,False,42
permABC-SMC,2454851.351351351,626.7430750099388,363318.0,92.75797510147095,0.5856719566472408,24.467369795234433,33.580434684944336,27.28024001114675,0.7586611466971025,10.090494710561185,0.7383113745237706,6.0106656613550795,2,0,False,42
permABC-SMC,2435453.3333333335,618.5007111231487,365318.0,92.77510666847229,0.5856719566472408,24.467369795234433,33.58043468494432,27.28024001114675,0.7586611466971024,10.090494710561185,0.7383113745237706,6.0106656613550795,2,0,False,42
permABC-SMC,2416565.789473684,610.4658136242315,367318.0,92.79080367088318,0.5856719566472408,24.467369795234433,33.580434684944336,27.28024001114675,0.7586611466971025,10.090494710561185,0.7383113745237706,6.0106656613550795,2,0,False,42
permABC-SMC,2367423.076923077,594.9141367887839,369318.0,92.8066053390503,0.5856719566472408,24.467369795234433,33.58043468494432,27.28024001114675,0.7586611466971024,10.090494710561185,0.7383113745237706,6.0106656613550795,2,0,False,42
permABC-SMC,2350113.924050633,587.4834181387213,371318.0,92.82238006591797,0.5856719566472408,24.467369795234433,33.580434684944336,27.28024001114675,0.7586611466971025,10.090494710561185,0.7383113745237706,6.0106656613550795,2,0,False,42
permABC-SMC,2304432.098765432,573.0759523533009,373318.0,92.83830428123474,0.5856719566472408,24.467369795234433,33.58043468494432,27.28024001114675,0.7586611466971024,10.090494710561185,0.7383113745237706,6.0106656613550795,2,0,False,42
permABC-SMC,2316777.777777778,573.172339686641,375318.0,92.85391902923584,0.5856719566472408,24.467369795234433,33.580434684944336,27.28024001114675,0.7586611466971025,10.090494710561185,0.7383113745237706,6.0106656613550795,2,0,False,42
permABC-SMC,2300719.512195122,566.2777351170051,377318.0,92.86954855918884,0.5856719566472408,24.467369795234433,33.58043468494432,27.28024001114675,0.7586611466971024,10.090494710561185,0.7383113745237706,6.0106656613550795,2,0,False,42
permABC-SMC,2285048.192771084,559.5501589487834,379318.0,92.88532638549805,0.5856719566472408,24.467369795234433,33.580434684944336,27.28024001114675,0.7586611466971025,10.090494710561185,0.7383113745237706,6.0106656613550795,2,0,False,42
permABC-SMC,2243047.058823529,546.4781200184542,381318.0,92.9012804031372,0.5856719566472408,24.467369795234433,33.58043468494432,27.28024001114675,0.7586611466971024,10.090494710561185,0.7383113745237706,6.0106656613550795,2,0,False,42
permABC-SMC,2228593.023255814,540.2147173881531,383318.0,92.91693139076233,0.5856719566472408,24.467369795234433,33.580434684944336,27.28024001114675,0.7586611466971025,10.090494710561185,0.7383113745237706,6.0106656613550795,2,0,False,42
permABC-SMC,2189306.818181818,528.0262191187252,385318.0,92.93261456489563,0.5856719566472408,24.467369795234433,33.58043468494432,27.28024001114675,0.7586611466971024,10.090494710561185,0.7383113745237706,6.0106656613550795,2,0,False,42
permABC-SMC,2151766.666666667,516.3793921470642,387318.0,92.94829058647156,0.5856719566472408,24.467369795234433,33.580434684944336,27.28024001114675,0.7586611466971025,10.090494710561185,0.7383113745237706,6.0106656613550795,2,0,False,42
permABC-SMC,2139109.89010989,510.79117334806,389318.0,92.96399354934692,0.5856719566472408,24.467369795234433,33.58043468494432,27.28024001114675,0.7586611466971024,10.090494710561185,0.7383113745237706,6.0106656613550795,2,0,False,42
permABC-SMC,2103860.2150537637,499.89123626421855,391318.0,92.97976994514465,0.5856719566472408,24.467369795234433,33.580434684944336,27.28024001114675,0.7586611466971025,10.090494710561185,0.7383113745237706,6.0106656613550795,2,0,False,42
permABC-SMC,2092117.0212765955,494.6572488926826,393318.0,92.99556279182434,0.5856719566472408,24.467369795234433,33.58043468494432,27.28024001114675,0.7586611466971024,10.090494710561185,0.7383113745237706,6.0106656613550795,2,0,False,42
permABC-SMC,2080621.052631579,489.5332662682784,395318.0,93.0113205909729,0.5856719566472408,24.467369795234433,33.580434684944336,27.28024001114675,0.7586611466971025,10.090494710561185,0.7383113745237706,6.0106656613550795,2,0,False,42
permABC-SMC,2069364.5833333335,484.5159401496251,397318.0,93.02706050872803,0.5856719566472408,24.467369795234433,33.58043468494432,27.28024001114675,0.7586611466971024,10.090494710561185,0.7383113745237706,6.0106656613550795,2,0,False,42
permABC-SMC,2079781.25,484.597800920407,399318.0,93.04277777671814,0.5856719566472408,24.467369795234433,33.580434684944336,27.28024001114675,0.7586611466971025,10.090494710561185,0.7383113745237706,6.0106656613550795,2,0,False,42
permABC-SMC,2090197.9166666665,484.6801646053791,401318.0,93.05859160423279,0.5856719566472408,24.467369795234433,33.58043468494432,27.28024001114675,0.7586611466971024,10.090494710561185,0.7383113745237706,6.0106656613550795,2,0,False,42
permABC-SMC,2036959.595959596,470.5893246814458,403318.0,93.17668628692627,0.5856719566472408,24.467369795234433,33.580434684944336,27.28024001114675,0.7586611466971025,10.090494710561185,0.7383113745237706,6.0106656613550795,2,0,False,42
permABC-SMC,2047060.606060606,470.7072708341811,405318.0,93.20003962516785,0.5856719566472408,24.467369795234433,33.58043468494432,27.28024001114675,0.7586611466971024,10.090494710561185,0.7383113745237706,6.0106656613550795,2,0,False,42
permABC-SMC,2036590.0,466.08790397644043,407318.0,93.21758079528809,0.5856719566472408,24.467369795234433,33.580434684944336,27.28024001114675,0.7586611466971025,10.090494710561185,0.7383113745237706,6.0106656613550795,2,0,False,42
permABC-SMC,2046590.0,466.166387796402,409318.0,93.2332775592804,0.5856719566472408,24.467369795234433,33.58043468494432,27.28024001114675,0.7586611466971024,10.090494710561185,0.7383113745237706,6.0106656613550795,2,0,False,42
permABC-SMC,2036227.7227722772,461.6284535662963,411318.0,93.24894762039185,0.5856719566472408,24.467369795234433,33.580434684944336,27.28024001114675,0.7586611466971025,10.090494710561185,0.7383113745237706,6.0106656613550795,2,0,False,42
permABC-SMC,2026068.6274509802,457.180427569969,413318.0,93.26480722427368,0.5856719566472408,24.467369795234433,33.58043468494432,27.28024001114675,0.7586611466971024,10.090494710561185,0.7383113745237706,6.0106656613550795,2,0,False,42
permABC-SMC,2035872.5490196077,457.25765765882005,415318.0,93.28056216239929,0.5856719566472408,24.467369795234433,33.580434684944336,27.28024001114675,0.7586611466971025,10.090494710561185,0.7383113745237706,6.0106656613550795,2,0,False,42
permABC-SMC,2045676.4705882354,457.3348106122485,417318.0,93.29630136489868,0.5856719566472408,24.467369795234433,33.58043468494432,27.28024001114675,0.7586611466971024,10.090494710561185,0.7383113745237706,6.0106656613550795,2,0,False,42
permABC-SMC,2035524.2718446602,452.971510516787,419318.0,93.31213116645813,0.5856719566472408,24.467369795234433,33.580434684944336,27.28024001114675,0.7586611466971025,10.090494710561185,0.7383113745237706,6.0106656613550795,2,0,False,42
permABC-SMC,2045233.009708738,453.04720725828,421318.0,93.32772469520569,0.5856719566472408,24.467369795234433,33.58043468494432,27.28024001114675,0.7586611466971024,10.090494710561185,0.7383113745237706,6.0106656613550795,2,0,False,42
permABC-SMC,2054941.7475728155,453.1232188048872,423318.0,93.34338307380676,0.5856719566472408,24.467369795234433,33.580434684944336,27.28024001114675,0.7586611466971025,10.090494710561185,0.7383113745237706,6.0106656613550795,2,0,False,42
permABC-SMC,2044798.076923077,448.8418526374377,425318.0,93.35910534858704,0.5856719566472408,24.467369795234433,33.58043468494432,27.28024001114675,0.7586611466971024,10.090494710561185,0.7383113745237706,6.0106656613550795,2,0,False,42
permABC-SMC,2034847.619047619,444.64186486743745,427318.0,93.37479162216187,0.5856719566472408,24.467369795234433,33.580434684944336,27.28024001114675,0.7586611466971025,10.090494710561185,0.7383113745237706,6.0106656613550795,2,0,False,42
permABC-SMC,2044371.4285714286,444.7166306631906,429318.0,93.39049243927002,0.5856719566472408,24.467369795234433,33.58043468494432,27.28024001114675,0.7586611466971024,10.090494710561185,0.7383113745237706,6.0106656613550795,2,0,False,42
permABC-SMC,2053895.2380952383,444.791435060047,431318.0,93.40620136260986,0.5856719566472408,24.467369795234433,33.580434684944336,27.28024001114675,0.7586611466971025,10.090494710561185,0.7383113745237706,6.0106656613550795,2,0,False,42
permABC-SMC,2063419.0476190473,444.8670682452974,433318.0,93.42208433151245,0.5856719566472408,24.467369795234433,33.58043468494432,27.28024001114675,0.7586611466971024,10.090494710561185,0.7383113745237706,6.0106656613550795,2,0,False,42
permABC-SMC,2053386.7924528304,440.7442290827913,435318.0,93.43777656555176,0.5856719566472408,24.467369795234433,33.580434684944336,27.28024001114675,0.7586611466971025,10.090494710561185,0.7383113745237706,6.0106656613550795,2,0,False,42
permABC-SMC,2062820.7547169814,440.8182737962255,437318.0,93.4534740447998,0.5856719566472408,24.467369795234433,33.58043468494432,27.28024001114675,0.7586611466971024,10.090494710561185,0.7383113745237706,6.0106656613550795,2,0,False,42
permABC-SMC,2072254.7169811318,440.8925209405287,439318.0,93.46921443939209,0.5856719566472408,24.467369795234433,33.580434684944336,27.28024001114675,0.7586611466971025,10.090494710561185,0.7383113745237706,6.0106656613550795,2,0,False,42
permABC-SMC,2062233.644859813,436.8461615571352,441318.0,93.48507857322693,0.5856719566472408,24.467369795234433,33.58043468494432,27.28024001114675,0.7586611466971024,10.090494710561185,0.7383113745237706,6.0106656613550795,2,0,False,42
permABC-SMC,2052398.1481481483,432.8839403611642,443318.0,93.50293111801147,0.5856719566472408,24.467369795234433,33.580434684944336,27.28024001114675,0.7586611466971025,10.090494710561185,0.7383113745237706,6.0106656613550795,2,0,False,42
permABC-SMC,2042743.119266055,428.98617534462466,445318.0,93.51898622512817,0.5856719566472408,24.467369795234433,33.58043468494432,27.28024001114675,0.7586611466971024,10.090494710561185,0.7383113745237706,6.0106656613550795,2,0,False,42
permABC-SMC,1996955.357142857,417.56674540894375,447318.0,93.5349509716034,0.5856719566472408,24.467369795234433,33.580434684944336,27.28024001114675,0.7586611466971025,10.090494710561185,0.7383113745237706,6.0106656613550795,2,0,False,42
permABC-SMC,2005883.9285714286,417.63839551380704,449318.0,93.55100059509277,0.5856719566472408,24.467369795234433,33.58043468494432,27.28024001114675,0.7586611466971024,10.090494710561185,0.7383113745237706,6.0106656613550795,2,0,False,42
permABC-SMC,1996982.3008849558,414.0131262551367,451318.0,93.56696653366089,0.5856719566472408,24.467369795234433,33.580434684944336,27.28024001114675,0.7586611466971025,10.090494710561185,0.7383113745237706,6.0106656613550795,2,0,False,42
permABC-SMC,1970947.8260869563,406.8826727245165,453318.0,93.5830147266388,0.5856719566472408,24.467369795234433,33.58043468494432,27.28024001114675,0.7586611466971024,10.090494710561185,0.7383113745237706,6.0106656613550795,2,0,False,42
permABC-SMC,1929313.5593220338,396.6065321938466,455318.0,93.5991415977478,0.5856719566472408,24.467369795234433,33.580434684944336,27.28024001114675,0.7586611466971025,10.090494710561185,0.7383113745237706,6.0106656613550795,2,0,False,42
permABC-SMC,1921504.2016806721,393.3407559114344,457318.0,93.61509990692139,0.5856719566472408,24.467369795234433,33.58043468494432,27.28024001114675,0.7586611466971024,10.090494710561185,0.7383113745237706,6.0106656613550795,2,0,False,42
permABC-SMC,1882450.819672131,383.73389009569513,459318.0,93.63106918334961,0.5856719566472408,24.467369795234433,33.580434684944336,27.28024001114675,0.7586611466971025,10.090494710561185,0.7383113745237706,6.0106656613550795,2,0,False,42
permABC-SMC,1890237.7049180327,383.79838036709145,461218.0,93.64680480957031,0.5851038675921053,24.433339601562288,33.47130095184098,27.280240011145445,0.7974708985759966,10.08047993726105,0.7548551665474341,6.006562047519735,2,0,False,42
permABC-SMC,1837404.761904762,372.0874398473709,463026.0,93.76603484153748,0.5824697902102927,24.445176972306726,33.44473895548601,27.280240011145406,0.818508831766172,10.063536747734354,0.7575686631296548,5.996850258141026,2,0,False,42
permABC-SMC,1844325.396825397,372.1503473463513,464770.0,93.78188753128052,0.5823989672917874,24.4337333119946,33.487430714431866,27.280240011144684,0.8204690364848817,10.05993626953024,0.754898133330796,5.99415815926481,2,0,False,42
permABC-SMC,1850960.3174603174,375.732301719605,466442.0,94.68454003334045,0.5811678405577454,24.449800112161036,33.502393479222064,27.280240011165358,0.8267227630120098,10.047523773422416,0.7583852436419354,5.987647277070346,2,0,False,42
permABC-SMC,1857317.4603174604,379.48006486135813,468044.0,95.62897634506226,0.5798866908715961,24.441181750083917,33.53996766884261,27.280240011164725,0.8444743788156727,10.038022022996833,0.7591669636096037,5.981657007293054,2,0,False,42
permABC-SMC,1848913.3858267716,379.81163892220326,469624.0,96.47215628623962,0.5794867374016145,24.434639473290982,33.5653358661972,27.280240011164423,0.8399219955631883,10.035961884242617,0.757752334114405,5.980272618732016,2,0,False,42
permABC-SMC,1854818.8976377954,383.7420386592234,471124.0,97.47047781944275,0.5756216056452882,24.43249667329861,33.653302893234724,27.280240011163777,0.833532416124218,10.021828401179176,0.7547132018619293,5.971523488044744,2,0,False,42
permABC-SMC,1831581.3953488374,381.47922911385234,472548.0,98.4216411113739,0.5674590632572368,24.446771205709958,33.711841996818535,27.280240011185146,0.8259819677425286,10.011571586027006,0.751244661747652,5.965209664448777,2,0,False,42
permABC-SMC,1822838.4615384615,382.3287752958445,473938.0,99.40548157691956,0.5648307965532215,24.446346931061022,33.71912608019443,27.280240011184926,0.8278915240974216,10.008098878823205,0.7555947324280867,5.96367382119811,2,0,False,42
permABC-SMC,1814229.0076335878,379.5234611016193,475328.0,99.43514680862427,0.5648307965532215,24.446346931061022,33.71912608019443,27.280240011184926,0.8278915240974216,10.008098878823205,0.7555947324280867,5.96367382119811,2,0,False,42
permABC-SMC,1819534.3511450384,379.6115840664347,476718.0,99.45823502540588,0.5648307965532215,24.446346931061022,33.71912608019443,27.280240011184926,0.8278915240974216,10.008098878823205,0.7555947324280867,5.96367382119811,2,0,False,42
permABC-SMC,1824839.6946564885,380.0787252324228,478108.0,99.58062601089478,0.5648307965532215,24.446346931061022,33.71912608019443,27.280240011184926,0.8278915240974216,10.008098878823205,0.7555947324280867,5.96367382119811,2,0,False,42
permABC-SMC,1802624.060150376,374.42837353039505,479498.0,99.59794735908508,0.5648307965532215,24.446346931061022,33.71912608019443,27.280240011184926,0.8278915240974216,10.008098878823205,0.7555947324280867,5.96367382119811,2,0,False,42
permABC-SMC,1794358.208955224,371.7006427138599,480888.0,99.61577224731445,0.5648307965532215,24.446346931061022,33.71912608019443,27.280240011184926,0.8278915240974216,10.008098878823205,0.7555947324280867,5.96367382119811,2,0,False,42
permABC-SMC,1799544.776119403,371.763170655094,482278.0,99.63252973556519,0.5648307965532215,24.446346931061022,33.71912608019443,27.280240011184926,0.8278915240974216,10.008098878823205,0.7555947324280867,5.96367382119811,2,0,False,42
permABC-SMC,1791362.962962963,369.0636617166025,483668.0,99.64718866348267,0.5648307965532215,24.446346931061022,33.71912608019443,27.280240011184926,0.8278915240974216,10.008098878823205,0.7555947324280867,5.96367382119811,2,0,False,42
permABC-SMC,1796511.1111111112,369.1156722881176,485058.0,99.66123151779175,0.5648307965532215,24.446346931061022,33.71912608019443,27.280240011184926,0.8278915240974216,10.008098878823205,0.7555947324280867,5.96367382119811,2,0,False,42
permABC-SMC,1801659.2592592593,369.16763870804397,486448.0,99.67526245117188,0.5648307965532215,24.446346931061022,33.71912608019443,27.280240011184926,0.8278915240974216,10.008098878823205,0.7555947324280867,5.96367382119811,2,0,False,42
permABC-SMC,1793522.0588235294,366.504876052632,487838.0,99.68932628631592,0.5648307965532215,24.446346931061022,33.71912608019443,27.280240011184926,0.8278915240974216,10.008098878823205,0.7555947324280867,5.96367382119811,2,0,False,42
permABC-SMC,1785503.6496350365,363.8811215867091,489228.0,99.7034273147583,0.5648307965532215,24.446346931061022,33.71912608019443,27.280240011184926,0.8278915240974216,10.008098878823205,0.7555947324280867,5.96367382119811,2,0,False,42
permABC-SMC,1790576.6423357662,363.93214403277767,490618.0,99.71740746498108,0.5648307965532215,24.446346931061022,33.71912608019443,27.280240011184926,0.8278915240974216,10.008098878823205,0.7555947324280867,5.96367382119811,2,0,False,42
permABC-SMC,1795649.6350364964,363.9838425782475,492008.0,99.73157286643982,0.5648307965532215,24.446346931061022,33.71912608019443,27.280240011184926,0.8278915240974216,10.008098878823205,0.7555947324280867,5.96367382119811,2,0,False,42
permABC-SMC,1800722.6277372262,364.0350773386712,493398.0,99.7456111907959,0.5648307965532215,24.446346931061022,33.71912608019443,27.280240011184926,0.8278915240974216,10.008098878823205,0.7555947324280867,5.96367382119811,2,0,False,42
permABC-SMC,1805795.6204379562,364.08654790725154,494788.0,99.75971412658691,0.5648307965532215,24.446346931061022,33.71912608019443,27.280240011184926,0.8278915240974216,10.008098878823205,0.7555947324280867,5.96367382119811,2,0,False,42
permABC-SMC,1810868.6131386862,364.1374398322001,496178.0,99.77365851402283,0.5648307965532215,24.446346931061022,33.71912608019443,27.280240011184926,0.8278915240974216,10.008098878823205,0.7555947324280867,5.96367382119811,2,0,False,42
permABC-SMC,1815941.6058394162,364.1885640847422,497568.0,99.78766655921936,0.5648307965532215,24.446346931061022,33.71912608019443,27.280240011184926,0.8278915240974216,10.008098878823205,0.7555947324280867,5.96367382119811,2,0,False,42
permABC-SMC,1821014.598540146,364.23967354489065,498958.0,99.80167055130005,0.5648307965532215,24.446346931061022,33.71912608019443,27.280240011184926,0.8278915240974216,10.008098878823205,0.7555947324280867,5.96367382119811,2,0,False,42
permABC-SMC,1826087.5912408761,364.2907299264504,500348.0,99.81565999984741,0.5648307965532215,24.446346931061022,33.71912608019443,27.280240011184926,0.8278915240974216,10.008098878823205,0.7555947324280867,5.96367382119811,2,0,False,42
permABC-SMC,1831160.5839416059,364.3420630127844,501738.0,99.82972526550293,0.5648307965532215,24.446346931061022,33.71912608019443,27.280240011184926,0.8278915240974216,10.008098878823205,0.7555947324280867,5.96367382119811,2,0,False,42
permABC-SMC,1822927.536231884,361.75268370172256,503128.0,99.84374070167542,0.5648307965532215,24.446346931061022,33.71912608019443,27.280240011184926,0.8278915240974216,10.008098878823205,0.7555947324280867,5.96367382119811,2,0,False,42
permABC-SMC,1827963.768115942,361.80328372595966,504518.0,99.85770630836487,0.5648307965532215,24.446346931061022,33.71912608019443,27.280240011184926,0.8278915240974216,10.008098878823205,0.7555947324280867,5.96367382119811,2,0,False,42
permABC-SMC,1819812.9496402878,359.2505952437147,505908.0,99.87166547775269,0.5648307965532215,24.446346931061022,33.71912608019443,27.280240011184926,0.8278915240974216,10.008098878823205,0.7555947324280867,5.96367382119811,2,0,False,42
permABC-SMC,1824812.9496402878,359.3011897244899,507298.0,99.8857307434082,0.5648307965532215,24.446346931061022,33.71912608019443,27.280240011184926,0.8278915240974216,10.008098878823205,0.7555947324280867,5.96367382119811,2,0,False,42
permABC-SMC,1816742.8571428573,356.7849806376866,508688.0,99.89979457855225,0.5648307965532215,24.446346931061022,33.71912608019443,27.280240011184926,0.8278915240974216,10.008098878823205,0.7555947324280867,5.96367382119811,2,0,False,42
permABC-SMC,1821707.1428571427,356.8351464612143,510078.0,99.91384100914001,0.5648307965532215,24.446346931061022,33.71912608019443,27.280240011184926,0.8278915240974216,10.008098878823205,0.7555947324280867,5.96367382119811,2,0,False,42
permABC-SMC,1813716.3120567375,354.3539943424522,511468.0,99.92782640457153,0.5648307965532215,24.446346931061022,33.71912608019443,27.280240011184926,0.8278915240974216,10.008098878823205,0.7555947324280867,5.96367382119811,2,0,False,42
permABC-SMC,1805838.028169014,351.90790723746926,512858.0,99.94184565544128,0.5648307965532215,24.446346931061022,33.71912608019443,27.280240011184926,0.8278915240974216,10.008098878823205,0.7555947324280867,5.96367382119811,2,0,False,42
permABC-SMC,1810732.3943661973,351.95708190891105,514248.0,99.95581126213074,0.5648307965532215,24.446346931061022,33.71912608019443,27.280240011184926,0.8278915240974216,10.008098878823205,0.7555947324280867,5.96367382119811,2,0,False,42
permABC-SMC,1815626.7605633803,352.00635564159336,515638.0,99.96980500221252,0.5648307965532215,24.446346931061022,33.71912608019443,27.280240011184926,0.8278915240974216,10.008098878823205,0.7555947324280867,5.96367382119811,2,0,False,42
permABC-SMC,1820521.1267605633,352.05584932381004,517028.0,99.98386120796204,0.5648307965532215,24.446346931061022,33.71912608019443,27.280240011184926,0.8278915240974216,10.008098878823205,0.7555947324280867,5.96367382119811,2,0,False,42
permABC-SMC,1825415.4929577464,352.10520280918604,518418.0,99.99787759780884,0.5648307965532215,24.446346931061022,33.71912608019443,27.280240011184926,0.8278915240974216,10.008098878823205,0.7555947324280867,5.96367382119811,2,0,False,42
permABC-SMC,1830309.8591549296,352.15462261522316,519808.0,100.01191282272339,0.5648307965532215,24.446346931061022,33.71912608019443,27.280240011184926,0.8278915240974216,10.008098878823205,0.7555947324280867,5.96367382119811,2,0,False,42
permABC-SMC,1835204.2253521127,352.20378973114657,521198.0,100.02587628364563,0.5648307965532215,24.446346931061022,33.71912608019443,27.280240011184926,0.8278915240974216,10.008098878823205,0.7555947324280867,5.96367382119811,2,0,False,42
permABC-SMC,1840098.591549296,352.2533984251425,522588.0,100.03996515274048,0.5648307965532215,24.446346931061022,33.71912608019443,27.280240011184926,0.8278915240974216,10.008098878823205,0.7555947324280867,5.96367382119811,2,0,False,42
permABC-SMC,1844992.957746479,352.30289714437134,523978.0,100.05402278900146,0.5648307965532215,24.446346931061022,33.71912608019443,27.280240011184926,0.8278915240974216,10.008098878823205,0.7555947324280867,5.96367382119811,2,0,False,42
permABC-SMC,1824194.4444444443,347.4583923816681,525368.0,100.06801700592041,0.5648307965532215,24.446346931061022,33.71912608019443,27.280240011184926,0.8278915240974216,10.008098878823205,0.7555947324280867,5.96367382119811,2,0,False,42
permABC-SMC,1816406.8965517243,345.11059317095527,526758.0,100.08207201957703,0.5648307965532215,24.446346931061022,33.71912608019443,27.280240011184926,0.8278915240974216,10.008098878823205,0.7555947324280867,5.96367382119811,2,0,False,42
permABC-SMC,1821200.0,345.15886060122784,528148.0,100.09606957435608,0.5648307965532215,24.446346931061022,33.71912608019443,27.280240011184926,0.8278915240974216,10.008098878823205,0.7555947324280867,5.96367382119811,2,0,False,42
permABC-SMC,1813486.301369863,342.8427838299373,529538.0,100.11009287834167,0.5648307965532215,24.446346931061022,33.71912608019443,27.280240011184926,0.8278915240974216,10.008098878823205,0.7555947324280867,5.96367382119811,2,0,False,42
permABC-SMC,1818246.575342466,342.89099255653275,530928.0,100.12416982650757,0.5648307965532215,24.446346931061022,33.71912608019443,27.280240011184926,0.8278915240974216,10.008098878823205,0.7555947324280867,5.96367382119811,2,0,False,42
permABC-SMC,1823006.8493150685,342.93888774636673,532318.0,100.13815522193909,0.5648307965532215,24.446346931061022,33.71912608019443,27.280240011184926,0.8278915240974216,10.008098878823205,0.7555947324280867,5.96367382119811,2,0,False,42
permABC-SMC,1827767.1232876712,342.98682947681374,533708.0,100.15215420722961,0.5648307965532215,24.446346931061022,33.71912608019443,27.280240011184926,0.8278915240974216,10.008098878823205,0.7555947324280867,5.96367382119811,2,0,False,42
permABC-SMC,1832527.397260274,343.03475814322906,535098.0,100.16614937782288,0.5648307965532215,24.446346931061022,33.71912608019443,27.280240011184926,0.8278915240974216,10.008098878823205,0.7555947324280867,5.96367382119811,2,0,False,42
permABC-SMC,1824789.1156462585,340.7491421212955,536488.0,100.18024778366089,0.5648307965532215,24.446346931061022,33.71912608019443,27.280240011184926,0.8278915240974216,10.008098878823205,0.7555947324280867,5.96367382119811,2,0,False,42
permABC-SMC,1817155.4054054054,338.4943821945706,537878.0,100.1943371295929,0.5648307965532215,24.446346931061022,33.71912608019443,27.280240011184926,0.8278915240974216,10.008098878823205,0.7555947324280867,5.96367382119811,2,0,False,42
permABC-SMC,1821851.3513513512,338.54196119952843,539268.0,100.20842051506042,0.5648307965532215,24.446346931061022,33.71912608019443,27.280240011184926,0.8278915240974216,10.008098878823205,0.7555947324280867,5.96367382119811,2,0,False,42
permABC-SMC,1814288.590604027,336.317123182668,540658.0,100.22250270843506,0.5648307965532215,24.446346931061022,33.71912608019443,27.280240011184926,0.8278915240974216,10.008098878823205,0.7555947324280867,5.96367382119811,2,0,False,42
permABC-SMC,1806826.6666666665,334.1218113899231,542048.0,100.23654341697693,0.5648307965532215,24.446346931061022,33.71912608019443,27.280240011184926,0.8278915240974216,10.008098878823205,0.7555947324280867,5.96367382119811,2,0,False,42
permABC-SMC,1811460.0,334.16859944661456,543438.0,100.25057983398438,0.5648307965532215,24.446346931061022,33.71912608019443,27.280240011184926,0.8278915240974216,10.008098878823205,0.7555947324280867,5.96367382119811,2,0,False,42
permABC-SMC,1816093.3333333333,334.2154049873352,544828.0,100.26462149620056,0.5648307965532215,24.446346931061022,33.71912608019443,27.280240011184926,0.8278915240974216,10.008098878823205,0.7555947324280867,5.96367382119811,2,0,False,42
permABC-SMC,1820726.6666666667,334.2620889345805,546218.0,100.27862668037415,0.5648307965532215,24.446346931061022,33.71912608019443,27.280240011184926,0.8278915240974216,10.008098878823205,0.7555947324280867,5.96367382119811,2,0,False,42
permABC-SMC,1825360.0,334.3091901143392,547608.0,100.29275703430176,0.5648307965532215,24.446346931061022,33.71912608019443,27.280240011184926,0.8278915240974216,10.008098878823205,0.7555947324280867,5.96367382119811,2,0,False,42
permABC-SMC,1829993.3333333333,334.3561561902364,548998.0,100.30684685707092,0.5648307965532215,24.446346931061022,33.71912608019443,27.280240011184926,0.8278915240974216,10.008098878823205,0.7555947324280867,5.96367382119811,2,0,False,42
permABC-SMC,1834626.6666666667,334.40314292907715,550388.0,100.32094287872314,0.5648307965532215,24.446346931061022,33.71912608019443,27.280240011184926,0.8278915240974216,10.008098878823205,0.7555947324280867,5.96367382119811,2,0,False,42
permABC-SMC,1827079.4701986755,332.2351531477164,551778.0,100.33501625061035,0.5648307965532215,24.446346931061022,33.71912608019443,27.280240011184926,0.8278915240974216,10.008098878823205,0.7555947324280867,5.96367382119811,2,0,False,42
permABC-SMC,1819631.5789473683,330.09595698431923,553168.0,100.34917092323303,0.5648307965532215,24.446346931061022,33.71912608019443,27.280240011184926,0.8278915240974216,10.008098878823205,0.7555947324280867,5.96367382119811,2,0,False,42
permABC-SMC,1824203.9473684211,330.14214430984697,554558.0,100.36321187019348,0.5648307965532215,24.446346931061022,33.71912608019443,27.280240011184926,0.8278915240974216,10.008098878823205,0.7555947324280867,5.96367382119811,2,0,False,42
permABC-SMC,1828776.3157894737,330.18832536120163,555948.0,100.3772509098053,0.5648307965532215,24.446346931061022,33.71912608019443,27.280240011184926,0.8278915240974216,10.008098878823205,0.7555947324280867,5.96367382119811,2,0,False,42
permABC-SMC,1833348.6842105263,330.2347126759981,557338.0,100.39135265350342,0.5648307965532215,24.446346931061022,33.71912608019443,27.280240011184926,0.8278915240974216,10.008098878823205,0.7555947324280867,5.96367382119811,2,0,False,42
permABC-SMC,1825908.496732026,328.1225511451173,558728.0,100.40550065040588,0.5648307965532215,24.446346931061022,33.71912608019443,27.280240011184926,0.8278915240974216,10.008098878823205,0.7555947324280867,5.96367382119811,2,0,False,42
permABC-SMC,1830450.9803921569,328.16846853767345,560118.0,100.41955137252808,0.5648307965532215,24.446346931061022,33.71912608019443,27.280240011184926,0.8278915240974216,10.008098878823205,0.7555947324280867,5.96367382119811,2,0,False,42
permABC-SMC,1834993.4640522876,328.21457837921344,561508.0,100.4336609840393,0.5648307965532215,24.446346931061022,33.71912608019443,27.280240011184926,0.8278915240974216,10.008098878823205,0.7555947324280867,5.96367382119811,2,0,False,42
permABC-SMC,1827590.909090909,326.1289015992895,562898.0,100.44770169258118,0.5648307965532215,24.446346931061022,33.71912608019443,27.280240011184926,0.8278915240974216,10.008098878823205,0.7555947324280867,5.96367382119811,2,0,False,42
permABC-SMC,1808615.3846153845,321.99290624031653,564288.0,100.46178674697876,0.5648307965532215,24.446346931061022,33.71912608019443,27.280240011184926,0.8278915240974216,10.008098878823205,0.7555947324280867,5.96367382119811,2,0,False,42
permABC-SMC,1813070.512820513,322.03804071132953,565678.0,100.47586870193481,0.5648307965532215,24.446346931061022,33.71912608019443,27.280240011184926,0.8278915240974216,10.008098878823205,0.7555947324280867,5.96367382119811,2,0,False,42
permABC-SMC,1817525.641025641,322.08307660543,567068.0,100.48991990089417,0.5648307965532215,24.446346931061022,33.71912608019443,27.280240011184926,0.8278915240974216,10.008098878823205,0.7555947324280867,5.96367382119811,2,0,False,42
permABC-SMC,1810375.796178344,320.07715504640225,568458.0,100.50422668457031,0.5648307965532215,24.446346931061022,33.71912608019443,27.280240011184926,0.8278915240974216,10.008098878823205,0.7555947324280867,5.96367382119811,2,0,False,42
permABC-SMC,1814802.5477707007,320.1230346776877,569848.0,100.51863288879395,0.5648307965532215,24.446346931061022,33.71912608019443,27.280240011184926,0.8278915240974216,10.008098878823205,0.7555947324280867,5.96367382119811,2,0,False,42
permABC-SMC,1796345.9119496855,316.140722928557,571238.0,100.53274989128113,0.5648307965532215,24.446346931061022,33.71912608019443,27.280240011184926,0.8278915240974216,10.008098878823205,0.7555947324280867,5.96367382119811,2,0,False,42
permABC-SMC,1789462.5,314.2088055610657,572628.0,100.54681777954102,0.5648307965532215,24.446346931061022,33.71912608019443,27.280240011184926,0.8278915240974216,10.008098878823205,0.7555947324280867,5.96367382119811,2,0,False,42
permABC-SMC,1793806.25,314.2526753246784,574018.0,100.5608561038971,0.5648307965532215,24.446346931061022,33.71912608019443,27.280240011184926,0.8278915240974216,10.008098878823205,0.7555947324280867,5.96367382119811,2,0,False,42
permABC-SMC,1798150.0,314.29659724235535,575408.0,100.57491111755371,0.5648307965532215,24.446346931061022,33.71912608019443,27.280240011184926,0.8278915240974216,10.008098878823205,0.7555947324280867,5.96367382119811,2,0,False,42
permABC-SMC,1780240.7407407407,310.45998025823525,576798.0,100.58903360366821,0.5648307965532215,24.446346931061022,33.71912608019443,27.280240011184926,0.8278915240974216,10.008098878823205,0.7555947324280867,5.96367382119811,2,0,False,42
permABC-SMC,1784530.864197531,310.5032900233328,578188.0,100.60306596755981,0.5648307965532215,24.446346931061022,33.71912608019443,27.280240011184926,0.8278915240974216,10.008098878823205,0.7555947324280867,5.96367382119811,2,0,False,42
permABC-SMC,1777846.625766871,308.6415880296859,579578.0,100.61715769767761,0.5648307965532215,24.446346931061022,33.71912608019443,27.280240011184926,0.8278915240974216,10.008098878823205,0.7555947324280867,5.96367382119811,2,0,False,42
permABC-SMC,1771243.9024390243,306.8027365498426,580968.0,100.63129758834839,0.5648307965532215,24.446346931061022,33.71912608019443,27.280240011184926,0.8278915240974216,10.008098878823205,0.7555947324280867,5.96367382119811,2,0,False,42
permABC-SMC,1775481.7073170731,306.8454054797568,582358.0,100.64529299736023,0.5648307965532215,24.446346931061022,33.71912608019443,27.280240011184926,0.8278915240974216,10.008098878823205,0.7555947324280867,5.96367382119811,2,0,False,42
permABC-SMC,1779719.512195122,306.88793920889134,583748.0,100.65924406051636,0.5648307965532215,24.446346931061022,33.71912608019443,27.280240011184926,0.8278915240974216,10.008098878823205,0.7555947324280867,5.96367382119811,2,0,False,42
permABC-SMC,1783957.3170731708,306.93067137787983,585138.0,100.67326021194458,0.5648307965532215,24.446346931061022,33.71912608019443,27.280240011184926,0.8278915240974216,10.008098878823205,0.7555947324280867,5.96367382119811,2,0,False,42
permABC-SMC,1777357.5757575757,305.11330257762563,586528.0,100.68738985061646,0.5648307965532215,24.446346931061022,33.71912608019443,27.280240011184926,0.8278915240974216,10.008098878823205,0.7555947324280867,5.96367382119811,2,0,False,42
permABC-SMC,1760233.5329341318,301.50169812276687,587918.0,100.70156717300415,0.5648307965532215,24.446346931061022,33.71912608019443,27.280240011184926,0.8278915240974216,10.008098878823205,0.7555947324280867,5.96367382119811,2,0,False,42
permABC-SMC,1764395.2095808384,301.5438896453309,589308.0,100.71565914154053,0.5648307965532215,24.446346931061022,33.71912608019443,27.280240011184926,0.8278915240974216,10.008098878823205,0.7555947324280867,5.96367382119811,2,0,False,42
permABC-SMC,1768556.8862275449,301.58585773970555,590698.0,100.72967648506165,0.5648307965532215,24.446346931061022,33.71912608019443,27.280240011184926,0.8278915240974216,10.008098878823205,0.7555947324280867,5.96367382119811,2,0,False,42
permABC-SMC,1772718.5628742515,301.6278294032205,592088.0,100.74369502067566,0.5648307965532215,24.446346931061022,33.71912608019443,27.280240011184926,0.8278915240974216,10.008098878823205,0.7555947324280867,5.96367382119811,2,0,False,42
permABC-SMC,1776880.2395209582,301.66981391564104,593478.0,100.7577178478241,0.5648307965532215,24.446346931061022,33.71912608019443,27.280240011184926,0.8278915240974216,10.008098878823205,0.7555947324280867,5.96367382119811,2,0,False,42
permABC-SMC,1770440.4761904762,299.91603465307327,594868.0,100.77178764343262,0.5648307965532215,24.446346931061022,33.71912608019443,27.280240011184926,0.8278915240974216,10.008098878823205,0.7555947324280867,5.96367382119811,2,0,False,42
permABC-SMC,1774577.380952381,299.95794665245785,596258.0,100.78587007522583,0.5648307965532215,24.446346931061022,33.71912608019443,27.280240011184926,0.8278915240974216,10.008098878823205,0.7555947324280867,5.96367382119811,2,0,False,42
permABC-SMC,1778714.2857142857,299.99992393312004,597648.0,100.79997444152832,0.5648307965532215,24.446346931061022,33.71912608019443,27.280240011184926,0.8278915240974216,10.008098878823205,0.7555947324280867,5.96367382119811,2,0,False,42
permABC-SMC,1772301.775147929,298.26644398051604,599038.0,100.81405806541443,0.5648307965532215,24.446346931061022,33.71912608019443,27.280240011184926,0.8278915240974216,10.008098878823205,0.7555947324280867,5.96367382119811,2,0,False,42
permABC-SMC,1755637.426900585,294.8192511385644,600428.0,100.82818388938904,0.5648307965532215,24.446346931061022,33.71912608019443,27.280240011184926,0.8278915240974216,10.008098878823205,0.7555947324280867,5.96367382119811,2,0,False,42
permABC-SMC,1759701.754385965,294.860575631348,601818.0,100.84231686592102,0.5648307965532215,24.446346931061022,33.71912608019443,27.280240011184926,0.8278915240974216,10.008098878823205,0.7555947324280867,5.96367382119811,2,0,False,42
permABC-SMC,1763766.081871345,294.90178858327585,603208.0,100.85641169548035,0.5648307965532215,24.446346931061022,33.71912608019443,27.280240011184926,0.8278915240974216,10.008098878823205,0.7555947324280867,5.96367382119811,2,0,False,42
permABC-SMC,1767830.4093567252,294.9429095139978,604598.0,100.87047505378723,0.5648307965532215,24.446346931061022,33.71912608019443,27.280240011184926,0.8278915240974216,10.008098878823205,0.7555947324280867,5.96367382119811,2,0,False,42
permABC-SMC,1771894.7368421052,294.9842876858181,605988.0,100.8846263885498,0.5648307965532215,24.446346931061022,33.71912608019443,27.280240011184926,0.8278915240974216,10.008098878823205,0.7555947324280867,5.96367382119811,2,0,False,42
permABC-SMC,1775959.0643274854,295.0256463379888,607378.0,100.89877104759216,0.5648307965532215,24.446346931061022,33.71912608019443,27.280240011184926,0.8278915240974216,10.008098878823205,0.7555947324280867,5.96367382119811,2,0,False,42
permABC-SMC,1759445.0867052025,291.65594357286574,608768.0,100.91295647621155,0.5648307965532215,24.446346931061022,33.71912608019443,27.280240011184926,0.8278915240974216,10.008098878823205,0.7555947324280867,5.96367382119811,2,0,False,42
permABC-SMC,1763462.4277456647,291.69697361874444,610158.0,100.92715287208557,0.5648307965532215,24.446346931061022,33.71912608019443,27.280240011184926,0.8278915240974216,10.008098878823205,0.7555947324280867,5.96367382119811,2,0,False,42
permABC-SMC,1767479.7687861272,291.7378334640768,611548.0,100.94129037857056,0.5648307965532215,24.446346931061022,33.71912608019443,27.280240011184926,0.8278915240974216,10.008098878823205,0.7555947324280867,5.96367382119811,2,0,False,42
permABC-SMC,1761316.091954023,290.1018111185096,612938.0,100.95543026924133,0.5648307965532215,24.446346931061022,33.71912608019443,27.280240011184926,0.8278915240974216,10.008098878823205,0.7555947324280867,5.96367382119811,2,0,False,42
permABC-SMC,1765310.3448275863,290.1423066511922,614328.0,100.96952271461487,0.5648307965532215,24.446346931061022,33.71912608019443,27.280240011184926,0.8278915240974216,10.008098878823205,0.7555947324280867,5.96367382119811,2,0,False,42
permABC-SMC,1769304.5977011495,290.183220101499,615718.0,100.98376059532166,0.5648307965532215,24.446346931061022,33.71912608019443,27.280240011184926,0.8278915240974216,10.008098878823205,0.7555947324280867,5.96367382119811,2,0,False,42
permABC-SMC,1773298.8505747125,290.22399447430143,617108.0,100.99795007705688,0.5648307965532215,24.446346931061022,33.71912608019443,27.280240011184926,0.8278915240974216,10.008098878823205,0.7555947324280867,5.96367382119811,2,0,False,42
permABC-SMC,1777293.1034482757,290.26459688427803,618498.0,101.01207971572876,0.5648307965532215,24.446346931061022,33.71912608019443,27.280240011184926,0.8278915240974216,10.008098878823205,0.7555947324280867,5.96367382119811,2,0,False,42
permABC-SMC,1781287.3563218392,290.30515613227055,619888.0,101.02619433403015,0.5648307965532215,24.446346931061022,33.71912608019443,27.280240011184926,0.8278915240974216,10.008098878823205,0.7555947324280867,5.96367382119811,2,0,False,42
permABC-SMC,1785281.6091954024,290.3456872907178,621278.0,101.0402991771698,0.5648307965532215,24.446346931061022,33.71912608019443,27.280240011184926,0.8278915240974216,10.008098878823205,0.7555947324280867,5.96367382119811,2,0,False,42
permABC-SMC,1789275.8620689656,290.38623900249087,622668.0,101.05441117286682,0.5648307965532215,24.446346931061022,33.71912608019443,27.280240011184926,0.8278915240974216,10.008098878823205,0.7555947324280867,5.96367382119811,2,0,False,42
permABC-SMC,1793270.1149425288,290.4267475522798,624058.0,101.06850814819336,0.5648307965532215,24.446346931061022,33.71912608019443,27.280240011184926,0.8278915240974216,10.008098878823205,0.7555947324280867,5.96367382119811,2,0,False,42
permABC-SMC,1797264.3678160917,290.46916756136665,625448.0,101.08327031135559,0.5648307965532215,24.446346931061022,33.71912608019443,27.280240011184926,0.8278915240974216,10.008098878823205,0.7555947324280867,5.96367382119811,2,0,False,42
permABC-SMC,1801258.6206896552,290.509756954237,626838.0,101.09739542007446,0.5648307965532215,24.446346931061022,33.71912608019443,27.280240011184926,0.8278915240974216,10.008098878823205,0.7555947324280867,5.96367382119811,2,0,False,42
permABC-SMC,1794937.1428571427,288.890038899013,628228.0,101.11151361465454,0.5648307965532215,24.446346931061022,33.71912608019443,27.280240011184926,0.8278915240974216,10.008098878823205,0.7555947324280867,5.96367382119811,2,0,False,42
permABC-SMC,1798908.5714285714,288.93027169363836,629618.0,101.12559509277344,0.5648307965532215,24.446346931061022,33.71912608019443,27.280240011184926,0.8278915240974216,10.008098878823205,0.7555947324280867,5.96367382119811,2,0,False,42
permABC-SMC,1802880.0,288.9704813276018,631008.0,101.13966846466064,0.5648307965532215,24.446346931061022,33.71912608019443,27.280240011184926,0.8278915240974216,10.008098878823205,0.7555947324280867,5.96367382119811,2,0,False,42
permABC-SMC,1806851.4285714286,289.01085921696256,632398.0,101.15380072593689,0.5648307965532215,24.446346931061022,33.71912608019443,27.280240011184926,0.8278915240974216,10.008098878823205,0.7555947324280867,5.96367382119811,2,0,False,42
permABC-SMC,1810822.8571428573,289.05126776014055,633788.0,101.1679437160492,0.5648307965532215,24.446346931061022,33.71912608019443,27.280240011184926,0.8278915240974216,10.008098878823205,0.7555947324280867,5.96367382119811,2,0,False,42
permABC-SMC,1814794.2857142857,289.0918758937291,635178.0,101.18215656280518,0.5648307965532215,24.446346931061022,33.71912608019443,27.280240011184926,0.8278915240974216,10.008098878823205,0.7555947324280867,5.96367382119811,2,0,False,42
permABC-SMC,1818765.7142857143,289.13258484431674,636568.0,101.19640469551086,0.5648307965532215,24.446346931061022,33.71912608019443,27.280240011184926,0.8278915240974216,10.008098878823205,0.7555947324280867,5.96367382119811,2,0,False,42
permABC-SMC,1822737.1428571427,289.1730219977243,637958.0,101.21055769920349,0.5648307965532215,24.446346931061022,33.71912608019443,27.280240011184926,0.8278915240974216,10.008098878823205,0.7555947324280867,5.96367382119811,2,0,False,42
permABC-SMC,1826708.5714285716,289.2133113316127,639348.0,101.22465896606445,0.5648307965532215,24.446346931061022,33.71912608019443,27.280240011184926,0.8278915240974216,10.008098878823205,0.7555947324280867,5.96367382119811,2,0,False,42
permABC-SMC,1820278.409090909,287.6102477312088,640738.0,101.2388072013855,0.5648307965532215,24.446346931061022,33.71912608019443,27.280240011184926,0.8278915240974216,10.008098878823205,0.7555947324280867,5.96367382119811,2,0,False,42
permABC-SMC,1813920.9039548023,286.02526686285853,642128.0,101.2529444694519,0.5648307965532215,24.446346931061022,33.71912608019443,27.280240011184926,0.8278915240974216,10.008098878823205,0.7555947324280867,5.96367382119811,2,0,False,42
permABC-SMC,1817847.4576271188,286.0651184610054,643518.0,101.26705193519592,0.5648307965532215,24.446346931061022,33.71912608019443,27.280240011184926,0.8278915240974216,10.008098878823205,0.7555947324280867,5.96367382119811,2,0,False,42
permABC-SMC,1821774.011299435,286.10499026411674,644908.0,101.28116655349731,0.5648307965532215,24.446346931061022,33.71912608019443,27.280240011184926,0.8278915240974216,10.008098878823205,0.7555947324280867,5.96367382119811,2,0,False,42
permABC-SMC,1825700.5649717515,286.14537325282555,646298.0,101.29546213150024,0.5648307965532215,24.446346931061022,33.71912608019443,27.280240011184926,0.8278915240974216,10.008098878823205,0.7555947324280867,5.96367382119811,2,0,False,42
permABC-SMC,1829627.1186440678,286.18550233248266,647688.0,101.30966782569885,0.5648307965532215,24.446346931061022,33.71912608019443,27.280240011184926,0.8278915240974216,10.008098878823205,0.7555947324280867,5.96367382119811,2,0,False,42
permABC-SMC,1833553.672316384,286.2257081910042,649078.0,101.32390069961548,0.5648307965532215,24.446346931061022,33.71912608019443,27.280240011184926,0.8278915240974216,10.008098878823205,0.7555947324280867,5.96367382119811,2,0,False,42
permABC-SMC,1837480.2259887005,286.26576385929087,650468.0,101.33808040618896,0.5648307965532215,24.446346931061022,33.71912608019443,27.280240011184926,0.8278915240974216,10.008098878823205,0.7555947324280867,5.96367382119811,2,0,False,42
permABC-SMC,1841406.779661017,286.30561680443543,651858.0,101.35218834877014,0.5648307965532215,24.446346931061022,33.71912608019443,27.280240011184926,0.8278915240974216,10.008098878823205,0.7555947324280867,5.96367382119811,2,0,False,42
permABC-SMC,1845333.3333333333,286.34538690922625,653248.0,101.36626696586609,0.5648307965532215,24.446346931061022,33.71912608019443,27.280240011184926,0.8278915240974216,10.008098878823205,0.7555947324280867,5.96367382119811,2,0,False,42
permABC-SMC,1849259.8870056497,286.38524322186487,654638.0,101.38037610054016,0.5648307965532215,24.446346931061022,33.71912608019443,27.280240011184926,0.8278915240974216,10.008098878823205,0.7555947324280867,5.96367382119811,2,0,False,42
permABC-SMC,1853186.4406779662,286.42527262369794,656028.0,101.39454650878906,0.5648307965532215,24.446346931061022,33.71912608019443,27.280240011184926,0.8278915240974216,10.008098878823205,0.7555947324280867,5.96367382119811,2,0,False,42
permABC-SMC,1846679.775280899,284.8559175984243,657418.0,101.40870666503906,0.5648307965532215,24.446346931061022,33.71912608019443,27.280240011184926,0.8278915240974216,10.008098878823205,0.7555947324280867,5.96367382119811,2,0,False,42
permABC-SMC,1850584.2696629213,284.8957669868898,658808.0,101.42289304733276,0.5648307965532215,24.446346931061022,33.71912608019443,27.280240011184926,0.8278915240974216,10.008098878823205,0.7555947324280867,5.96367382119811,2,0,False,42
permABC-SMC,1854488.7640449437,284.9353873327877,660198.0,101.43699789047241,0.5648307965532215,24.446346931061022,33.71912608019443,27.280240011184926,0.8278915240974216,10.008098878823205,0.7555947324280867,5.96367382119811,2,0,False,42
permABC-SMC,1858393.2584269661,284.9751094753822,661588.0,101.45113897323608,0.5648307965532215,24.446346931061022,33.71912608019443,27.280240011184926,0.8278915240974216,10.008098878823205,0.7555947324280867,5.96367382119811,2,0,False,42
permABC-SMC,1841605.5555555555,281.8480147255791,662978.0,101.4652853012085,0.5648307965532215,24.446346931061022,33.71912608019443,27.280240011184926,0.8278915240974216,10.008098878823205,0.7555947324280867,5.96367382119811,2,0,False,42
permABC-SMC,1845466.6666666667,281.8875127368503,664368.0,101.47950458526611,0.5648307965532215,24.446346931061022,33.71912608019443,27.280240011184926,0.8278915240974216,10.008098878823205,0.7555947324280867,5.96367382119811,2,0,False,42
permABC-SMC,1829005.4945054944,278.82900277336876,665758.0,101.49375700950623,0.5648307965532215,24.446346931061022,33.71912608019443,27.280240011184926,0.8278915240974216,10.008098878823205,0.7555947324280867,5.96367382119811,2,0,False,42
permABC-SMC,1832824.1758241758,278.86780212213705,667148.0,101.50787997245789,0.5648307965532215,24.446346931061022,33.71912608019443,27.280240011184926,0.8278915240974216,10.008098878823205,0.7555947324280867,5.96367382119811,2,0,False,42
permABC-SMC,1826606.5573770492,277.3836557982398,668538.0,101.52241802215576,0.5648307965532215,24.446346931061022,33.71912608019443,27.280240011184926,0.8278915240974216,10.008098878823205,0.7555947324280867,5.96367382119811,2,0,False,42
permABC-SMC,1820456.5217391306,275.9145239125128,669928.0,101.53654479980469,0.5648307965532215,24.446346931061022,33.71912608019443,27.280240011184926,0.8278915240974216,10.008098878823205,0.7555947324280867,5.96367382119811,2,0,False,42
permABC-SMC,1824233.695652174,275.95298640106034,671318.0,101.55069899559021,0.5648307965532215,24.446346931061022,33.71912608019443,27.280240011184926,0.8278915240974216,10.008098878823205,0.7555947324280867,5.96367382119811,2,0,False,42
permABC-SMC,1828010.8695652175,275.99140612975407,672708.0,101.56483745574951,0.5648307965532215,24.446346931061022,33.71912608019443,27.280240011184926,0.8278915240974216,10.008098878823205,0.7555947324280867,5.96367382119811,2,0,False,42
permABC-SMC,1821886.4864864866,274.53808784484863,674098.0,101.579092502594,0.5648307965532215,24.446346931061022,33.71912608019443,27.280240011184926,0.8278915240974216,10.008098878823205,0.7555947324280867,5.96367382119811,2,0,False,42
permABC-SMC,1825643.2432432433,274.5763256743148,675488.0,101.59324049949646,0.5648307965532215,24.446346931061022,33.71912608019443,27.280240011184926,0.8278915240974216,10.008098878823205,0.7555947324280867,5.96367382119811,2,0,False,42
permABC-SMC,1809834.2245989305,271.6775354854563,676878.0,101.60739827156067,0.5648307965532215,24.446346931061022,33.71912608019443,27.280240011184926,0.8278915240974216,10.008098878823205,0.7555947324280867,5.96367382119811,2,0,False,42
permABC-SMC,1813550.8021390373,271.71521709564536,678268.0,101.62149119377136,0.5648307965532215,24.446346931061022,33.71912608019443,27.280240011184926,0.8278915240974216,10.008098878823205,0.7555947324280867,5.96367382119811,2,0,False,42
permABC-SMC,1817267.3796791444,271.75292293018197,679658.0,101.63559317588806,0.5648307965532215,24.446346931061022,33.71912608019443,27.280240011184926,0.8278915240974216,10.008098878823205,0.7555947324280867,5.96367382119811,2,0,False,42
permABC-SMC,1820983.9572192514,271.79065745144607,681048.0,101.64970588684082,0.5648307965532215,24.446346931061022,33.71912608019443,27.280240011184926,0.8278915240974216,10.008098878823205,0.7555947324280867,5.96367382119811,2,0,False,42
permABC-SMC,1814994.6808510637,270.38264020960384,682438.0,101.66387271881104,0.5648307965532215,24.446346931061022,33.71912608019443,27.280240011184926,0.8278915240974216,10.008098878823205,0.7555947324280867,5.96367382119811,2,0,False,42
permABC-SMC,1818691.4893617022,270.4202951268947,683828.0,101.6780309677124,0.5648307965532215,24.446346931061022,33.71912608019443,27.280240011184926,0.8278915240974216,10.008098878823205,0.7555947324280867,5.96367382119811,2,0,False,42
permABC-SMC,1803205.2631578946,267.6110393122623,685218.0,101.69219493865967,0.5648307965532215,24.446346931061022,33.71912608019443,27.280240011184926,0.8278915240974216,10.008098878823205,0.7555947324280867,5.96367382119811,2,0,False,42
permABC-SMC,1806863.1578947369,267.64919695101287,686608.0,101.70669484138489,0.5648307965532215,24.446346931061022,33.71912608019443,27.280240011184926,0.8278915240974216,10.008098878823205,0.7555947324280867,5.96367382119811,2,0,False,42
permABC-SMC,1810521.0526315789,267.68639401385656,687998.0,101.7208297252655,0.5648307965532215,24.446346931061022,33.71912608019443,27.280240011184926,0.8278915240974216,10.008098878823205,0.7555947324280867,5.96367382119811,2,0,False,42
permABC-SMC,1804680.6282722515,266.3218076316474,689388.0,101.7349305152893,0.5648307965532215,24.446346931061022,33.71912608019443,27.280240011184926,0.8278915240974216,10.008098878823205,0.7555947324280867,5.96367382119811,2,0,False,42
permABC-SMC,1798901.0416666667,264.97127674520016,690778.0,101.74897027015686,0.5648307965532215,24.446346931061022,33.71912608019443,27.280240011184926,0.8278915240974216,10.008098878823205,0.7555947324280867,5.96367382119811,2,0,False,42
permABC-SMC,1802520.8333333333,265.0077734142542,692168.0,101.76298499107361,0.5648307965532215,24.446346931061022,33.71912608019443,27.280240011184926,0.8278915240974216,10.008098878823205,0.7555947324280867,5.96367382119811,2,0,False,42
permABC-SMC,1806140.625,265.04432285825413,693558.0,101.77701997756958,0.5648307965532215,24.446346931061022,33.71912608019443,27.280240011184926,0.8278915240974216,10.008098878823205,0.7555947324280867,5.96367382119811,2,0,False,42
permABC-SMC,1800383.419689119,263.7075229012287,694948.0,101.79110383987427,0.5648307965532215,24.446346931061022,33.71912608019443,27.280240011184926,0.8278915240974216,10.008098878823205,0.7555947324280867,5.96367382119811,2,0,False,42
permABC-SMC,1794685.5670103093,262.38436489990073,696338.0,101.8051335811615,0.5648307965532215,24.446346931061022,33.71912608019443,27.280240011184926,0.8278915240974216,10.008098878823205,0.7555947324280867,5.96367382119811,2,0,False,42
permABC-SMC,1789046.1538461538,261.07505651620716,697728.0,101.8192720413208,0.5648307965532215,24.446346931061022,33.71912608019443,27.280240011184926,0.8278915240974216,10.008098878823205,0.7555947324280867,5.96367382119811,2,0,False,42
permABC-SMC,1774411.1675126904,258.4603601300777,699118.0,101.83338189125061,0.5648307965532215,24.446346931061022,33.71912608019443,27.280240011184926,0.8278915240974216,10.008098878823205,0.7555947324280867,5.96367382119811,2,0,False,42
permABC-SMC,1777939.0862944163,258.4961683011902,700508.0,101.84749031066895,0.5648307965532215,24.446346931061022,33.71912608019443,27.280240011184926,0.8278915240974216,10.008098878823205,0.7555947324280867,5.96367382119811,2,0,False,42
permABC-SMC,1781467.0050761423,258.5317779918613,701898.0,101.86152052879333,0.5648307965532215,24.446346931061022,33.71912608019443,27.280240011184926,0.8278915240974216,10.008098878823205,0.7555947324280867,5.96367382119811,2,0,False,42
permABC-SMC,1758220.0,254.94359731674194,703288.0,101.97743892669678,0.5648307965532215,24.446346931061022,33.71912608019443,27.280240011184926,0.8278915240974216,10.008098878823205,0.7555947324280867,5.96367382119811,2,0,False,42
permABC-SMC,1761695.0,254.9800789356232,704678.0,101.99203157424927,0.5648307965532215,24.446346931061022,33.71912608019443,27.280240011184926,0.8278915240974216,10.008098878823205,0.7555947324280867,5.96367382119811,2,0,False,42
permABC-SMC,1756388.0597014925,253.7464277068181,706068.0,102.00606393814087,0.5648307965532215,24.446346931061022,33.71912608019443,27.280240011184926,0.8278915240974216,10.008098878823205,0.7555947324280867,5.96367382119811,2,0,False,42
permABC-SMC,1751133.6633663366,252.52489642341536,707458.0,102.02005815505981,0.5648307965532215,24.446346931061022,33.71912608019443,27.280240011184926,0.8278915240974216,10.008098878823205,0.7555947324280867,5.96367382119811,2,0,False,42
permABC-SMC,1745931.0344827585,251.3157264352432,708848.0,102.03418493270874,0.5648307965532215,24.446346931061022,33.71912608019443,27.280240011184926,0.8278915240974216,10.008098878823205,0.7555947324280867,5.96367382119811,2,0,False,42
permABC-SMC,1749354.6798029556,251.35024427780377,710238.0,102.04819917678833,0.5648307965532215,24.446346931061022,33.71912608019443,27.280240011184926,0.8278915240974216,10.008098878823205,0.7555947324280867,5.96367382119811,2,0,False,42
permABC-SMC,1752778.3251231527,251.3851614421224,711628.0,102.06237554550171,0.5648307965532215,24.446346931061022,33.71912608019443,27.280240011184926,0.8278915240974216,10.008098878823205,0.7555947324280867,5.96367382119811,2,0,False,42
permABC-SMC,1756201.9704433498,251.4195530285389,713018.0,102.07633852958679,0.5648307965532215,24.446346931061022,33.71912608019443,27.280240011184926,0.8278915240974216,10.008098878823205,0.7555947324280867,5.96367382119811,2,0,False,42
permABC-SMC,1759625.615763547,251.45408907547372,714408.0,102.09036016464233,0.5648307965532215,24.446346931061022,33.71912608019443,27.280240011184926,0.8278915240974216,10.008098878823205,0.7555947324280867,5.96367382119811,2,0,False,42
permABC-SMC,1763049.261083744,251.48854584529485,715798.0,102.1043496131897,0.5648307965532215,24.446346931061022,33.71912608019443,27.280240011184926,0.8278915240974216,10.008098878823205,0.7555947324280867,5.96367382119811,2,0,False,42
permABC-SMC,1766472.9064039409,251.52302199396593,717188.0,102.11834692955017,0.5648307965532215,24.446346931061022,33.71912608019443,27.280240011184926,0.8278915240974216,10.008098878823205,0.7555947324280867,5.96367382119811,2,0,False,42
permABC-SMC,1769896.551724138,251.55745879769913,718578.0,102.13232827186584,0.5648307965532215,24.446346931061022,33.71912608019443,27.280240011184926,0.8278915240974216,10.008098878823205,0.7555947324280867,5.96367382119811,2,0,False,42
permABC-SMC,1773320.1970443348,251.5918527330671,719968.0,102.14629220962524,0.5648307965532215,24.446346931061022,33.71912608019443,27.280240011184926,0.8278915240974216,10.008098878823205,0.7555947324280867,5.96367382119811,2,0,False,42
permABC-SMC,1768034.3137254901,250.39348765915514,721358.0,102.1605429649353,0.5648307965532215,24.446346931061022,33.71912608019443,27.280240011184926,0.8278915240974216,10.008098878823205,0.7555947324280867,5.96367382119811,2,0,False,42
permABC-SMC,1762800.0,249.20661972790228,722748.0,102.17471408843994,0.5648307965532215,24.446346931061022,33.71912608019443,27.280240011184926,0.8278915240974216,10.008098878823205,0.7555947324280867,5.96367382119811,2,0,False,42
permABC-SMC,1766190.243902439,249.24081883779385,724138.0,102.18873572349548,0.5648307965532215,24.446346931061022,33.71912608019443,27.280240011184926,0.8278915240974216,10.008098878823205,0.7555947324280867,5.96367382119811,2,0,False,42
permABC-SMC,1769580.487804878,249.2752179866884,725528.0,102.20283937454224,0.5648307965532215,24.446346931061022,33.71912608019443,27.280240011184926,0.8278915240974216,10.008098878823205,0.7555947324280867,5.96367382119811,2,0,False,42
permABC-SMC,1772970.731707317,249.30947292141798,726918.0,102.21688389778137,0.5648307965532215,24.446346931061022,33.71912608019443,27.280240011184926,0.8278915240974216,10.008098878823205,0.7555947324280867,5.96367382119811,2,0,False,42
permABC-SMC,1767737.8640776698,248.1332022009544,728308.0,102.23087930679321,0.5648307965532215,24.446346931061022,33.71912608019443,27.280240011184926,0.8278915240974216,10.008098878823205,0.7555947324280867,5.96367382119811,2,0,False,42
permABC-SMC,1762555.5555555557,246.96831138813553,729698.0,102.24488091468811,0.5648307965532215,24.446346931061022,33.71912608019443,27.280240011184926,0.8278915240974216,10.008098878823205,0.7555947324280867,5.96367382119811,2,0,False,42
permABC-SMC,1765913.0434782607,247.00220771457836,731088.0,102.25891399383545,0.5648307965532215,24.446346931061022,33.71912608019443,27.280240011184926,0.8278915240974216,10.008098878823205,0.7555947324280867,5.96367382119811,2,0,False,42
permABC-SMC,1769270.531400966,247.03603205473527,732478.0,102.2729172706604,0.5648307965532215,24.446346931061022,33.71912608019443,27.280240011184926,0.8278915240974216,10.008098878823205,0.7555947324280867,5.96367382119811,2,0,False,42
permABC-SMC,1772628.0193236715,247.0698396940738,733868.0,102.28691363334656,0.5648307965532215,24.446346931061022,33.71912608019443,27.280240011184926,0.8278915240974216,10.008098878823205,0.7555947324280867,5.96367382119811,2,0,False,42
permABC-SMC,1775985.5072463767,247.10385638158678,735258.0,102.30099654197693,0.5648307965532215,24.446346931061022,33.71912608019443,27.280240011184926,0.8278915240974216,10.008098878823205,0.7555947324280867,5.96367382119811,2,0,False,42
permABC-SMC,1779342.9951690822,247.13778841322747,736648.0,102.31504440307617,0.5648307965532215,24.446346931061022,33.71912608019443,27.280240011184926,0.8278915240974216,10.008098878823205,0.7555947324280867,5.96367382119811,2,0,False,42
permABC-SMC,1765641.148325359,244.80641515631424,738038.0,102.32908153533936,0.5648307965532215,24.446346931061022,33.71912608019443,27.280240011184926,0.8278915240974216,10.008098878823205,0.7555947324280867,5.96367382119811,2,0,False,42
permABC-SMC,1768966.5071770335,244.83988501808858,739428.0,102.34307193756104,0.5648307965532215,24.446346931061022,33.71912608019443,27.280240011184926,0.8278915240974216,10.008098878823205,0.7555947324280867,5.96367382119811,2,0,False,42
permABC-SMC,1772291.8660287082,244.8733166644448,740818.0,102.35704636573792,0.5648307965532215,24.446346931061022,33.71912608019443,27.280240011184926,0.8278915240974216,10.008098878823205,0.7555947324280867,5.96367382119811,2,0,False,42
permABC-SMC,1767161.9047619046,243.740675562904,742208.0,102.37108373641968,0.5648307965532215,24.446346931061022,33.71912608019443,27.280240011184926,0.8278915240974216,10.008098878823205,0.7555947324280867,5.96367382119811,2,0,False,42
permABC-SMC,1770471.4285714286,243.77434083393644,743598.0,102.3852231502533,0.5648307965532215,24.446346931061022,33.71912608019443,27.280240011184926,0.8278915240974216,10.008098878823205,0.7555947324280867,5.96367382119811,2,0,False,42
permABC-SMC,1773780.9523809524,243.8078800837199,744988.0,102.39930963516235,0.5648307965532215,24.446346931061022,33.71912608019443,27.280240011184926,0.8278915240974216,10.008098878823205,0.7555947324280867,5.96367382119811,2,0,False,42
permABC-SMC,1768668.2464454977,242.6861191247877,746378.0,102.4135422706604,0.5648307965532215,24.446346931061022,33.71912608019443,27.280240011184926,0.8278915240974216,10.008098878823205,0.7555947324280867,5.96367382119811,2,0,False,42
permABC-SMC,1771962.0853080568,242.7195660875872,747768.0,102.42765688896179,0.5648307965532215,24.446346931061022,33.71912608019443,27.280240011184926,0.8278915240974216,10.008098878823205,0.7555947324280867,5.96367382119811,2,0,False,42
permABC-SMC,1775255.924170616,242.75282378445303,749158.0,102.44169163703918,0.5648307965532215,24.446346931061022,33.71912608019443,27.280240011184926,0.8278915240974216,10.008098878823205,0.7555947324280867,5.96367382119811,2,0,False,42
permABC-SMC,1778549.7630331754,242.7859893907303,750548.0,102.45568752288818,0.5648307965532215,24.446346931061022,33.71912608019443,27.280240011184926,0.8278915240974216,10.008098878823205,0.7555947324280867,5.96367382119811,2,0,False,42
permABC-SMC,1781843.6018957344,242.81912279355018,751938.0,102.46966981887817,0.5648307965532215,24.446346931061022,33.71912608019443,27.280240011184926,0.8278915240974216,10.008098878823205,0.7555947324280867,5.96367382119811,2,0,False,42
permABC-SMC,1776716.9811320754,241.70717315853767,753328.0,102.48384141921997,0.5648307965532215,24.446346931061022,33.71912608019443,27.280240011184926,0.8278915240974216,10.008098878823205,0.7555947324280867,5.96367382119811,2,0,False,42
permABC-SMC,1779995.283018868,241.74081098358585,754718.0,102.4981038570404,0.5648307965532215,24.446346931061022,33.71912608019443,27.280240011184926,0.8278915240974216,10.008098878823205,0.7555947324280867,5.96367382119811,2,0,False,42
permABC-SMC,1774901.408450704,240.6387983913153,756108.0,102.51212811470032,0.5648307965532215,24.446346931061022,33.71912608019443,27.280240011184926,0.8278915240974216,10.008098878823205,0.7555947324280867,5.96367382119811,2,0,False,42
permABC-SMC,1778164.3192488262,240.67162627905188,757498.0,102.5261127948761,0.5648307965532215,24.446346931061022,33.71912608019443,27.280240011184926,0.8278915240974216,10.008098878823205,0.7555947324280867,5.96367382119811,2,0,False,42
permABC-SMC,1781427.2300469484,240.70485153108694,758888.0,102.54026675224304,0.5648307965532215,24.446346931061022,33.71912608019443,27.280240011184926,0.8278915240974216,10.008098878823205,0.7555947324280867,5.96367382119811,2,0,False,42
permABC-SMC,1776350.4672897195,239.61303835717317,760278.0,102.55438041687012,0.5648307965532215,24.446346931061022,33.71912608019443,27.280240011184926,0.8278915240974216,10.008098878823205,0.7555947324280867,5.96367382119811,2,0,False,42
permABC-SMC,1779598.1308411215,239.64585879138698,761668.0,102.56842756271362,0.5648307965532215,24.446346931061022,33.71912608019443,27.280240011184926,0.8278915240974216,10.008098878823205,0.7555947324280867,5.96367382119811,2,0,False,42
permABC-SMC,1782845.7943925234,239.67867309802045,763058.0,102.58247208595276,0.5648307965532215,24.446346931061022,33.71912608019443,27.280240011184926,0.8278915240974216,10.008098878823205,0.7555947324280867,5.96367382119811,2,0,False,42
permABC-SMC,1786093.4579439252,239.7133696859128,764448.0,102.59732222557068,0.5648307965532215,24.446346931061022,33.71912608019443,27.280240011184926,0.8278915240974216,10.008098878823205,0.7555947324280867,5.96367382119811,2,0,False,42
permABC-SMC,1789341.1214953272,239.74632938331533,765838.0,102.61142897605896,0.5648307965532215,24.446346931061022,33.71912608019443,27.280240011184926,0.8278915240974216,10.008098878823205,0.7555947324280867,5.96367382119811,2,0,False,42
permABC-SMC,1784251.1627906978,238.66435483444567,767228.0,102.62567257881165,0.5648307965532215,24.446346931061022,33.71912608019443,27.280240011184926,0.8278915240974216,10.008098878823205,0.7555947324280867,5.96367382119811,2,0,False,42
permABC-SMC,1779208.3333333333,237.5922578352469,768618.0,102.63985538482666,0.5648307965532215,24.446346931061022,33.71912608019443,27.280240011184926,0.8278915240974216,10.008098878823205,0.7555947324280867,5.96367382119811,2,0,False,42
permABC-SMC,1782425.9259259258,237.62482349519377,770008.0,102.6539237499237,0.5648307965532215,24.446346931061022,33.71912608019443,27.280240011184926,0.8278915240974216,10.008098878823205,0.7555947324280867,5.96367382119811,2,0,False,42
permABC-SMC,1777414.7465437788,236.5623025850217,771398.0,102.66803932189941,0.5648307965532215,24.446346931061022,33.71912608019443,27.280240011184926,0.8278915240974216,10.008098878823205,0.7555947324280867,5.96367382119811,2,0,False,42
permABC-SMC,1780617.5115207373,236.59490165622555,772788.0,102.68218731880188,0.5648307965532215,24.446346931061022,33.71912608019443,27.280240011184926,0.8278915240974216,10.008098878823205,0.7555947324280867,5.96367382119811,2,0,False,42
permABC-SMC,1783820.2764976958,236.62768201344574,774178.0,102.69641399383545,0.5648307965532215,24.446346931061022,33.71912608019443,27.280240011184926,0.8278915240974216,10.008098878823205,0.7555947324280867,5.96367382119811,2,0,False,42
permABC-SMC,1787023.0414746543,236.66037502376713,775568.0,102.71060276031494,0.5648307965532215,24.446346931061022,33.71912608019443,27.280240011184926,0.8278915240974216,10.008098878823205,0.7555947324280867,5.96367382119811,2,0,False,42
permABC-SMC,1790225.8064516129,236.69309440296365,776958.0,102.72480297088623,0.5648307965532215,24.446346931061022,33.71912608019443,27.280240011184926,0.8278915240974216,10.008098878823205,0.7555947324280867,5.96367382119811,2,0,False,42
permABC-SMC,1793428.5714285714,236.7255781103389,778348.0,102.73890089988708,0.5648307965532215,24.446346931061022,33.71912608019443,27.280240011184926,0.8278915240974216,10.008098878823205,0.7555947324280867,5.96367382119811,2,0,False,42
permABC-SMC,1796631.3364055299,236.7580409423547,779738.0,102.75298976898193,0.5648307965532215,24.446346931061022,33.71912608019443,27.280240011184926,0.8278915240974216,10.008098878823205,0.7555947324280867,5.96367382119811,2,0,False,42
permABC-SMC,1799834.1013824884,236.79061309533188,781128.0,102.76712608337402,0.5648307965532215,24.446346931061022,33.71912608019443,27.280240011184926,0.8278915240974216,10.008098878823205,0.7555947324280867,5.96367382119811,2,0,False,42
permABC-SMC,1803036.866359447,236.82316766905896,782518.0,102.78125476837158,0.5648307965532215,24.446346931061022,33.71912608019443,27.280240011184926,0.8278915240974216,10.008098878823205,0.7555947324280867,5.96367382119811,2,0,False,42
permABC-SMC,1797954.128440367,235.76940199650755,783908.0,102.7954592704773,0.5648307965532215,24.446346931061022,33.71912608019443,27.280240011184926,0.8278915240974216,10.008098878823205,0.7555947324280867,5.96367382119811,2,0,False,42
permABC-SMC,1792917.808219178,234.7252733631221,785298.0,102.80966973304749,0.5648307965532215,24.446346931061022,33.71912608019443,27.280240011184926,0.8278915240974216,10.008098878823205,0.7555947324280867,5.96367382119811,2,0,False,42
permABC-SMC,1796091.3242009133,234.75809347683983,786688.0,102.82404494285583,0.5648307965532215,24.446346931061022,33.71912608019443,27.280240011184926,0.8278915240974216,10.008098878823205,0.7555947324280867,5.96367382119811,2,0,False,42
permABC-SMC,1791086.3636363635,233.72351093725723,788078.0,102.83834481239319,0.5648307965532215,24.446346931061022,33.71912608019443,27.280240011184926,0.8278915240974216,10.008098878823205,0.7555947324280867,5.96367382119811,2,0,False,42
permABC-SMC,1794245.4545454546,233.75574133612892,789468.0,102.85252618789673,0.5648307965532215,24.446346931061022,33.71912608019443,27.280240011184926,0.8278915240974216,10.008098878823205,0.7555947324280867,5.96367382119811,2,0,False,42
permABC-SMC,1797404.5454545456,233.78786390477958,790858.0,102.86666011810303,0.5648307965532215,24.446346931061022,33.71912608019443,27.280240011184926,0.8278915240974216,10.008098878823205,0.7555947324280867,5.96367382119811,2,0,False,42
permABC-SMC,1792416.2895927601,232.76212042812847,792248.0,102.88085722923279,0.5648307965532215,24.446346931061022,33.71912608019443,27.280240011184926,0.8278915240974216,10.008098878823205,0.7555947324280867,5.96367382119811,2,0,False,42
permABC-SMC,1795561.0859728507,232.79450058397663,793638.0,102.89516925811768,0.5648307965532215,24.446346931061022,33.71912608019443,27.280240011184926,0.8278915240974216,10.008098878823205,0.7555947324280867,5.96367382119811,2,0,False,42
permABC-SMC,1798705.8823529412,232.82665580645946,795028.0,102.90938186645508,0.5648307965532215,24.446346931061022,33.71912608019443,27.280240011184926,0.8278915240974216,10.008098878823205,0.7555947324280867,5.96367382119811,2,0,False,42
permABC-SMC,1801850.6787330315,232.8586335635293,796418.0,102.92351603507996,0.5648307965532215,24.446346931061022,33.71912608019443,27.280240011184926,0.8278915240974216,10.008098878823205,0.7555947324280867,5.96367382119811,2,0,False,42
permABC-SMC,1804995.4751131223,232.8906614855943,797808.0,102.93767237663269,0.5648307965532215,24.446346931061022,33.71912608019443,27.280240011184926,0.8278915240974216,10.008098878823205,0.7555947324280867,5.96367382119811,2,0,False,42
permABC-SMC,1808140.2714932126,232.92269264411064,799198.0,102.9518301486969,0.5648307965532215,24.446346931061022,33.71912608019443,27.280240011184926,0.8278915240974216,10.008098878823205,0.7555947324280867,5.96367382119811,2,0,False,42
permABC-SMC,1811285.0678733033,232.95479500455554,800588.0,102.96601939201355,0.5648307965532215,24.446346931061022,33.71912608019443,27.280240011184926,0.8278915240974216,10.008098878823205,0.7555947324280867,5.96367382119811,2,0,False,42
permABC-SMC,1814429.8642533936,232.9868687763473,801978.0,102.98019599914551,0.5648307965532215,24.446346931061022,33.71912608019443,27.280240011184926,0.8278915240974216,10.008098878823205,0.7555947324280867,5.96367382119811,2,0,False,42
permABC-SMC,1817574.6606334841,233.01903370818403,803368.0,102.99441289901733,0.5648307965532215,24.446346931061022,33.71912608019443,27.280240011184926,0.8278915240974216,10.008098878823205,0.7555947324280867,5.96367382119811,2,0,False,42
permABC-SMC,1804390.1345291478,230.96092773659882,804758.0,103.00857377052307,0.5648307965532215,24.446346931061022,33.71912608019443,27.280240011184926,0.8278915240974216,10.008098878823205,0.7555947324280867,5.96367382119811,2,0,False,42
permABC-SMC,1807506.726457399,230.99274646006356,806148.0,103.02276492118835,0.5648307965532215,24.446346931061022,33.71912608019443,27.280240011184926,0.8278915240974216,10.008098878823205,0.7555947324280867,5.96367382119811,2,0,False,42
permABC-SMC,1810623.3183856502,231.0243647194764,807538.0,103.03686666488647,0.5648307965532215,24.446346931061022,33.71912608019443,27.280240011184926,0.8278915240974216,10.008098878823205,0.7555947324280867,5.96367382119811,2,0,False,42
permABC-SMC,1805642.857142857,230.0246155687741,808928.0,103.05102777481079,0.5648307965532215,24.446346931061022,33.71912608019443,27.280240011184926,0.8278915240974216,10.008098878823205,0.7555947324280867,5.96367382119811,2,0,False,42
permABC-SMC,1800706.6666666667,229.03376579284668,810318.0,103.065194606781,0.5648307965532215,24.446346931061022,33.71912608019443,27.280240011184926,0.8278915240974216,10.008098878823205,0.7555947324280867,5.96367382119811,2,0,False,42
permABC-SMC,1803795.5555555557,229.06515439351398,811708.0,103.0793194770813,0.5648307965532215,24.446346931061022,33.71912608019443,27.280240011184926,0.8278915240974216,10.008098878823205,0.7555947324280867,5.96367382119811,2,0,False,42
permABC-SMC,1798889.3805309734,228.08318222518517,813098.0,103.09359836578369,0.5648307965532215,24.446346931061022,33.71912608019443,27.280240011184926,0.8278915240974216,10.008098878823205,0.7555947324280867,5.96367382119811,2,0,False,42
permABC-SMC,1786157.894736842,226.11378786856667,814488.0,103.1078872680664,0.5648307965532215,24.446346931061022,33.71912608019443,27.280240011184926,0.8278915240974216,10.008098878823205,0.7555947324280867,5.96367382119811,2,0,False,42
permABC-SMC,1789206.140350877,226.144834568626,815878.0,103.12204456329346,0.5648307965532215,24.446346931061022,33.71912608019443,27.280240011184926,0.8278915240974216,10.008098878823205,0.7555947324280867,5.96367382119811,2,0,False,42
permABC-SMC,1792254.3859649121,226.17590270544352,817268.0,103.13621163368225,0.5648307965532215,24.446346931061022,33.71912608019443,27.280240011184926,0.8278915240974216,10.008098878823205,0.7555947324280867,5.96367382119811,2,0,False,42
permABC-SMC,1795302.6315789472,226.20703462968794,818658.0,103.1504077911377,0.5648307965532215,24.446346931061022,33.71912608019443,27.280240011184926,0.8278915240974216,10.008098878823205,0.7555947324280867,5.96367382119811,2,0,False,42
permABC-SMC,1798350.8771929822,226.2380996294189,820048.0,103.16457343101501,0.5648307965532215,24.446346931061022,33.71912608019443,27.280240011184926,0.8278915240974216,10.008098878823205,0.7555947324280867,5.96367382119811,2,0,False,42
permABC-SMC,1793532.7510917028,225.2810922772603,821438.0,103.17874026298523,0.5648307965532215,24.446346931061022,33.71912608019443,27.280240011184926,0.8278915240974216,10.008098878823205,0.7555947324280867,5.96367382119811,2,0,False,42
permABC-SMC,1788756.5217391304,224.33258035908574,822828.0,103.19298696517944,0.5648307965532215,24.446346931061022,33.71912608019443,27.280240011184926,0.8278915240974216,10.008098878823205,0.7555947324280867,5.96367382119811,2,0,False,42
permABC-SMC,1791778.2608695652,224.36356285344002,824218.0,103.2072389125824,0.5648307965532215,24.446346931061022,33.71912608019443,27.280240011184926,0.8278915240974216,10.008098878823205,0.7555947324280867,5.96367382119811,2,0,False,42
permABC-SMC,1794800.0,224.3943012279013,825608.0,103.2213785648346,0.5648307965532215,24.446346931061022,33.71912608019443,27.280240011184926,0.8278915240974216,10.008098878823205,0.7555947324280867,5.96367382119811,2,0,False,42
permABC-SMC,1797821.7391304348,224.42511942075646,826998.0,103.23555493354797,0.5648307965532215,24.446346931061022,33.71912608019443,27.280240011184926,0.8278915240974216,10.008098878823205,0.7555947324280867,5.96367382119811,2,0,False,42
permABC-SMC,1793047.619047619,223.48425605080342,828388.0,103.24972629547119,0.5648307965532215,24.446346931061022,33.71912608019443,27.280240011184926,0.8278915240974216,10.008098878823205,0.7555947324280867,5.96367382119811,2,0,False,42
permABC-SMC,1796056.2770562773,223.5150079190473,829778.0,103.26393365859985,0.5648307965532215,24.446346931061022,33.71912608019443,27.280240011184926,0.8278915240974216,10.008098878823205,0.7555947324280867,5.96367382119811,2,0,False,42
permABC-SMC,1799064.9350649351,223.54570044067515,831168.0,103.27811360359192,0.5648307965532215,24.446346931061022,33.71912608019443,27.280240011184926,0.8278915240974216,10.008098878823205,0.7555947324280867,5.96367382119811,2,0,False,42
permABC-SMC,1802073.593073593,223.5765823554167,832558.0,103.29238104820251,0.5648307965532215,24.446346931061022,33.71912608019443,27.280240011184926,0.8278915240974216,10.008098878823205,0.7555947324280867,5.96367382119811,2,0,False,42
permABC-SMC,1789587.982832618,221.68788480144713,833948.0,103.30655431747437,0.5648307965532215,24.446346931061022,33.71912608019443,27.280240011184926,0.8278915240974216,10.008098878823205,0.7555947324280867,5.96367382119811,2,0,False,42
permABC-SMC,1792570.8154506437,221.7183430307413,835338.0,103.32074785232544,0.5648307965532215,24.446346931061022,33.71912608019443,27.280240011184926,0.8278915240974216,10.008098878823205,0.7555947324280867,5.96367382119811,2,0,False,42
permABC-SMC,1795553.6480686695,221.7487193995791,836728.0,103.33490324020386,0.5648307965532215,24.446346931061022,33.71912608019443,27.280240011184926,0.8278915240974216,10.008098878823205,0.7555947324280867,5.96367382119811,2,0,False,42
permABC-SMC,1798536.4806866953,221.77908297772058,838118.0,103.3490526676178,0.5648307965532215,24.446346931061022,33.71912608019443,27.280240011184926,0.8278915240974216,10.008098878823205,0.7555947324280867,5.96367382119811,2,0,False,42
permABC-SMC,1801519.313304721,221.80952176515638,839508.0,103.36323714256287,0.5648307965532215,24.446346931061022,33.71912608019443,27.280240011184926,0.8278915240974216,10.008098878823205,0.7555947324280867,5.96367382119811,2,0,False,42
permABC-SMC,1804502.145922747,221.83980552935293,840898.0,103.37734937667847,0.5648307965532215,24.446346931061022,33.71912608019443,27.280240011184926,0.8278915240974216,10.008098878823205,0.7555947324280867,5.96367382119811,2,0,False,42
permABC-SMC,1807484.9785407726,221.87027092143703,842288.0,103.39154624938965,0.5648307965532215,24.446346931061022,33.71912608019443,27.280240011184926,0.8278915240974216,10.008098878823205,0.7555947324280867,5.96367382119811,2,0,False,42
permABC-SMC,1802730.7692307692,220.9524349269704,843678.0,103.40573954582214,0.5648307965532215,24.446346931061022,33.71912608019443,27.280240011184926,0.8278915240974216,10.008098878823205,0.7555947324280867,5.96367382119811,2,0,False,42
permABC-SMC,1805700.8547008547,220.9827079732194,845068.0,103.41990733146667,0.5648307965532215,24.446346931061022,33.71912608019443,27.280240011184926,0.8278915240974216,10.008098878823205,0.7555947324280867,5.96367382119811,2,0,False,42
permABC-SMC,1800974.4680851062,220.07269402767747,846458.0,103.43416619300842,0.5648307965532215,24.446346931061022,33.71912608019443,27.280240011184926,0.8278915240974216,10.008098878823205,0.7555947324280867,5.96367382119811,2,0,False,42
permABC-SMC,1796288.1355932204,219.17025366071925,847848.0,103.4483597278595,0.5648307965532215,24.446346931061022,33.71912608019443,27.280240011184926,0.8278915240974216,10.008098878823205,0.7555947324280867,5.96367382119811,2,0,False,42
permABC-SMC,1791641.3502109703,218.27542228537772,849238.0,103.46255016326904,0.5648307965532215,24.446346931061022,33.71912608019443,27.280240011184926,0.8278915240974216,10.008098878823205,0.7555947324280867,5.96367382119811,2,0,False,42
permABC-SMC,1794573.839662447,218.30522712272935,850628.0,103.4766776561737,0.5648307965532215,24.446346931061022,33.71912608019443,27.280240011184926,0.8278915240974216,10.008098878823205,0.7555947324280867,5.96367382119811,2,0,False,42
permABC-SMC,1797506.329113924,218.335472078766,852018.0,103.49101376533508,0.5648307965532215,24.446346931061022,33.71912608019443,27.280240011184926,0.8278915240974216,10.008098878823205,0.7555947324280867,5.96367382119811,2,0,False,42
permABC-SMC,1800438.8185654008,218.36560889135433,853408.0,103.50529861450195,0.5648307965532215,24.446346931061022,33.71912608019443,27.280240011184926,0.8278915240974216,10.008098878823205,0.7555947324280867,5.96367382119811,2,0,False,42
permABC-SMC,1795794.1176470588,217.4780313708201,854798.0,103.51954293251038,0.5648307965532215,24.446346931061022,33.71912608019443,27.280240011184926,0.8278915240974216,10.008098878823205,0.7555947324280867,5.96367382119811,2,0,False,42
permABC-SMC,1798714.2857142857,217.50781265627435,856188.0,103.5337188243866,0.5648307965532215,24.446346931061022,33.71912608019443,27.280240011184926,0.8278915240974216,10.008098878823205,0.7555947324280867,5.96367382119811,2,0,False,42
permABC-SMC,1786620.8333333335,215.72483976682028,857578.0,103.54792308807373,0.5648307965532215,24.446346931061022,33.71912608019443,27.280240011184926,0.8278915240974216,10.008098878823205,0.7555947324280867,5.96367382119811,2,0,False,42
permABC-SMC,1789516.6666666667,215.75427105029425,858968.0,103.56205010414124,0.5648307965532215,24.446346931061022,33.71912608019443,27.280240011184926,0.8278915240974216,10.008098878823205,0.7555947324280867,5.96367382119811,2,0,False,42
permABC-SMC,1792412.5,215.78386028607684,860358.0,103.5762529373169,0.5648307965532215,24.446346931061022,33.71912608019443,27.280240011184926,0.8278915240974216,10.008098878823205,0.7555947324280867,5.96367382119811,2,0,False,42
permABC-SMC,1795308.3333333335,215.81365863482156,861748.0,103.59055614471436,0.5648307965532215,24.446346931061022,33.71912608019443,27.280240011184926,0.8278915240974216,10.008098878823205,0.7555947324280867,5.96367382119811,2,0,False,42
permABC-SMC,1790742.7385892116,214.94761641094792,863138.0,103.6047511100769,0.5648307965532215,24.446346931061022,33.71912608019443,27.280240011184926,0.8278915240974216,10.008098878823205,0.7555947324280867,5.96367382119811,2,0,False,42
permABC-SMC,1793626.5560165974,214.9769740480605,864528.0,103.61890149116516,0.5648307965532215,24.446346931061022,33.71912608019443,27.280240011184926,0.8278915240974216,10.008098878823205,0.7555947324280867,5.96367382119811,2,0,False,42
permABC-SMC,1796510.3734439833,215.00623720810128,865918.0,103.63300633430481,0.5648307965532215,24.446346931061022,33.71912608019443,27.280240011184926,0.8278915240974216,10.008098878823205,0.7555947324280867,5.96367382119811,2,0,False,42
permABC-SMC,1799394.1908713693,215.0358302959268,867308.0,103.64727020263672,0.5648307965532215,24.446346931061022,33.71912608019443,27.280240011184926,0.8278915240974216,10.008098878823205,0.7555947324280867,5.96367382119811,2,0,False,42
permABC-SMC,1802278.0082987552,215.06523294567566,868698.0,103.66144227981567,0.5648307965532215,24.446346931061022,33.71912608019443,27.280240011184926,0.8278915240974216,10.008098878823205,0.7555947324280867,5.96367382119811,2,0,False,42
permABC-SMC,1805161.8257261412,215.09470534027858,870088.0,103.67564797401428,0.5648307965532215,24.446346931061022,33.71912608019443,27.280240011184926,0.8278915240974216,10.008098878823205,0.7555947324280867,5.96367382119811,2,0,False,42
permABC-SMC,1808045.643153527,215.1243701515356,871478.0,103.68994641304016,0.5648307965532215,24.446346931061022,33.71912608019443,27.280240011184926,0.8278915240974216,10.008098878823205,0.7555947324280867,5.96367382119811,2,0,False,42
permABC-SMC,1796024.6913580247,213.38302166864216,872868.0,103.70414853096008,0.5648307965532215,24.446346931061022,33.71912608019443,27.280240011184926,0.8278915240974216,10.008098878823205,0.7555947324280867,5.96367382119811,2,0,False,42
permABC-SMC,1791512.2950819673,212.5376404308882,874258.0,103.71836853027344,0.5648307965532215,24.446346931061022,33.71912608019443,27.280240011184926,0.8278915240974216,10.008098878823205,0.7555947324280867,5.96367382119811,2,0,False,42
permABC-SMC,1787036.7346938776,211.69924590052392,875648.0,103.73263049125671,0.5648307965532215,24.446346931061022,33.71912608019443,27.280240011184926,0.8278915240974216,10.008098878823205,0.7555947324280867,5.96367382119811,2,0,False,42
permABC-SMC,1775380.5668016193,210.01384422364023,877038.0,103.74683904647827,0.5648307965532215,24.446346931061022,33.71912608019443,27.280240011184926,0.8278915240974216,10.008098878823205,0.7555947324280867,5.96367382119811,2,0,False,42
permABC-SMC,1771024.1935483871,209.19573787719972,878428.0,103.76108598709106,0.5648307965532215,24.446346931061022,33.71912608019443,27.280240011184926,0.8278915240974216,10.008098878823205,0.7555947324280867,5.96367382119811,2,0,False,42
permABC-SMC,1766702.81124498,208.38416532340298,879818.0,103.77531433105469,0.5648307965532215,24.446346931061022,33.71912608019443,27.280240011184926,0.8278915240974216,10.008098878823205,0.7555947324280867,5.96367382119811,2,0,False,42
permABC-SMC,1769493.9759036144,208.41279278797316,881208.0,103.78957080841064,0.5648307965532215,24.446346931061022,33.71912608019443,27.280240011184926,0.8278915240974216,10.008098878823205,0.7555947324280867,5.96367382119811,2,0,False,42
permABC-SMC,1772285.1405622489,208.44153371680693,882598.0,103.80388379096985,0.5648307965532215,24.446346931061022,33.71912608019443,27.280240011184926,0.8278915240974216,10.008098878823205,0.7555947324280867,5.96367382119811,2,0,False,42
permABC-SMC,1775076.3052208836,208.47034837347437,883988.0,103.81823348999023,0.5648307965532215,24.446346931061022,33.71912608019443,27.280240011184926,0.8278915240974216,10.008098878823205,0.7555947324280867,5.96367382119811,2,0,False,42
permABC-SMC,1777867.469879518,208.4989317928452,885378.0,103.83246803283691,0.5648307965532215,24.446346931061022,33.71912608019443,27.280240011184926,0.8278915240974216,10.008098878823205,0.7555947324280867,5.96367382119811,2,0,False,42
permABC-SMC,1780658.6345381527,208.52775985457333,886768.0,103.84682440757751,0.5648307965532215,24.446346931061022,33.71912608019443,27.280240011184926,0.8278915240974216,10.008098878823205,0.7555947324280867,5.96367382119811,2,0,False,42
permABC-SMC,1783449.7991967872,208.55641987429087,888158.0,103.86109709739685,0.5648307965532215,24.446346931061022,33.71912608019443,27.280240011184926,0.8278915240974216,10.008098878823205,0.7555947324280867,5.96367382119811,2,0,False,42
permABC-SMC,1786240.9638554219,208.58487977560267,889548.0,103.87527012825012,0.5648307965532215,24.446346931061022,33.71912608019443,27.280240011184926,0.8278915240974216,10.008098878823205,0.7555947324280867,5.96367382119811,2,0,False,42
permABC-SMC,1789032.1285140563,208.61363267324057,890938.0,103.8895890712738,0.5648307965532215,24.446346931061022,33.71912608019443,27.280240011184926,0.8278915240974216,10.008098878823205,0.7555947324280867,5.96367382119811,2,0,False,42
permABC-SMC,1784656.0,207.80767154693604,892328.0,103.90383577346802,0.5648307965532215,24.446346931061022,33.71912608019443,27.280240011184926,0.8278915240974216,10.008098878823205,0.7555947324280867,5.96367382119811,2,0,False,42
permABC-SMC,1787436.0,207.83615493774414,893718.0,103.91807746887207,0.5648307965532215,24.446346931061022,33.71912608019443,27.280240011184926,0.8278915240974216,10.008098878823205,0.7555947324280867,5.96367382119811,2,0,False,42
permABC-SMC,1790216.0,207.8646945953369,895108.0,103.93234729766846,0.5648307965532215,24.446346931061022,33.71912608019443,27.280240011184926,0.8278915240974216,10.008098878823205,0.7555947324280867,5.96367382119811,2,0,False,42
permABC-SMC,1792996.0,207.8930525779724,896498.0,103.9465262889862,0.5648307965532215,24.446346931061022,33.71912608019443,27.280240011184926,0.8278915240974216,10.008098878823205,0.7555947324280867,5.96367382119811,2,0,False,42
permABC-SMC,1788621.513944223,207.09296906611834,897888.0,103.9606704711914,0.5648307965532215,24.446346931061022,33.71912608019443,27.280240011184926,0.8278915240974216,10.008098878823205,0.7555947324280867,5.96367382119811,2,0,False,42
permABC-SMC,1791390.4382470117,207.12119317149734,899278.0,103.97483897209167,0.5648307965532215,24.446346931061022,33.71912608019443,27.280240011184926,0.8278915240974216,10.008098878823205,0.7555947324280867,5.96367382119811,2,0,False,42
permABC-SMC,1794159.362549801,207.14957115659678,900668.0,103.98908472061157,0.5648307965532215,24.446346931061022,33.71912608019443,27.280240011184926,0.8278915240974216,10.008098878823205,0.7555947324280867,5.96367382119811,2,0,False,42
permABC-SMC,1796928.2868525898,207.177830407344,902058.0,104.0032708644867,0.5648307965532215,24.446346931061022,33.71912608019443,27.280240011184926,0.8278915240974216,10.008098878823205,0.7555947324280867,5.96367382119811,2,0,False,42
permABC-SMC,1799697.2111553785,207.20605593753527,903448.0,104.0174400806427,0.5648307965532215,24.446346931061022,33.71912608019443,27.280240011184926,0.8278915240974216,10.008098878823205,0.7555947324280867,5.96367382119811,2,0,False,42
permABC-SMC,1795313.492063492,206.41204430943444,904838.0,104.03167033195496,0.5648307965532215,24.446346931061022,33.71912608019443,27.280240011184926,0.8278915240974216,10.008098878823205,0.7555947324280867,5.96367382119811,2,0,False,42
permABC-SMC,1798071.4285714286,206.44019236640324,906228.0,104.04585695266724,0.5648307965532215,24.446346931061022,33.71912608019443,27.280240011184926,0.8278915240974216,10.008098878823205,0.7555947324280867,5.96367382119811,2,0,False,42
permABC-SMC,1800829.365079365,206.4683267048427,907618.0,104.06003665924072,0.5648307965532215,24.446346931061022,33.71912608019443,27.280240011184926,0.8278915240974216,10.008098878823205,0.7555947324280867,5.96367382119811,2,0,False,42
permABC-SMC,1796458.4980237156,205.6802035320418,909008.0,104.07418298721313,0.5648307965532215,24.446346931061022,33.71912608019443,27.280240011184926,0.8278915240974216,10.008098878823205,0.7555947324280867,5.96367382119811,2,0,False,42
permABC-SMC,1799205.533596838,205.70830299920246,910398.0,104.08840131759644,0.5648307965532215,24.446346931061022,33.71912608019443,27.280240011184926,0.8278915240974216,10.008098878823205,0.7555947324280867,5.96367382119811,2,0,False,42
permABC-SMC,1787819.607843137,204.12287992589614,911788.0,104.10266876220703,0.5648307965532215,24.446346931061022,33.71912608019443,27.280240011184926,0.8278915240974216,10.008098878823205,0.7555947324280867,5.96367382119811,2,0,False,42
permABC-SMC,1790545.0980392157,204.1508258557787,913178.0,104.11692118644714,0.5648307965532215,24.446346931061022,33.71912608019443,27.280240011184926,0.8278915240974216,10.008098878823205,0.7555947324280867,5.96367382119811,2,0,False,42
permABC-SMC,1786265.625,203.38120171800256,914568.0,104.13117527961731,0.5648307965532215,24.446346931061022,33.71912608019443,27.280240011184926,0.8278915240974216,10.008098878823205,0.7555947324280867,5.96367382119811,2,0,False,42
permABC-SMC,1788980.46875,203.40886153280735,915958.0,104.14533710479736,0.5648307965532215,24.446346931061022,33.71912608019443,27.280240011184926,0.8278915240974216,10.008098878823205,0.7555947324280867,5.96367382119811,2,0,False,42
permABC-SMC,1791695.3125,203.4364389255643,917348.0,104.15945672988892,0.5648307965532215,24.446346931061022,33.71912608019443,27.280240011184926,0.8278915240974216,10.008098878823205,0.7555947324280867,5.96367382119811,2,0,False,42
permABC-SMC,1794410.15625,203.46408616751432,918738.0,104.17361211776733,0.5648307965532215,24.446346931061022,33.71912608019443,27.280240011184926,0.8278915240974216,10.008098878823205,0.7555947324280867,5.96367382119811,2,0,False,42
permABC-SMC,1797125.0,203.49200116470456,920128.0,104.18790459632874,0.5648307965532215,24.446346931061022,33.71912608019443,27.280240011184926,0.8278915240974216,10.008098878823205,0.7555947324280867,5.96367382119811,2,0,False,42
permABC-SMC,1792836.5758754865,202.72804883667467,921518.0,104.20221710205078,0.5648307965532215,24.446346931061022,33.71912608019443,27.280240011184926,0.8278915240974216,10.008098878823205,0.7555947324280867,5.96367382119811,2,0,False,42
permABC-SMC,1788581.3953488374,201.96986799092255,922908.0,104.21645188331604,0.5648307965532215,24.446346931061022,33.71912608019443,27.280240011184926,0.8278915240974216,10.008098878823205,0.7555947324280867,5.96367382119811,2,0,False,42
permABC-SMC,1791275.1937984496,201.9979842873507,924298.0,104.23095989227295,0.5648307965532215,24.446346931061022,33.71912608019443,27.280240011184926,0.8278915240974216,10.008098878823205,0.7555947324280867,5.96367382119811,2,0,False,42
permABC-SMC,1793968.992248062,202.0255022270735,925688.0,104.24515914916992,0.5648307965532215,24.446346931061022,33.71912608019443,27.280240011184926,0.8278915240974216,10.008098878823205,0.7555947324280867,5.96367382119811,2,0,False,42
permABC-SMC,1789725.8687258686,201.2727858937385,927078.0,104.25930309295654,0.5648307965532215,24.446346931061022,33.71912608019443,27.280240011184926,0.8278915240974216,10.008098878823205,0.7555947324280867,5.96367382119811,2,0,False,42
permABC-SMC,1792409.2664092663,201.3000268273372,928468.0,104.27341389656067,0.5648307965532215,24.446346931061022,33.71912608019443,27.280240011184926,0.8278915240974216,10.008098878823205,0.7555947324280867,5.96367382119811,2,0,False,42
permABC-SMC,1795092.6640926641,201.32742517243022,929858.0,104.28760623931885,0.5648307965532215,24.446346931061022,33.71912608019443,27.280240011184926,0.8278915240974216,10.008098878823205,0.7555947324280867,5.96367382119811,2,0,False,42
permABC-SMC,1797776.0617760618,201.354946408953,931248.0,104.30186223983765,0.5648307965532215,24.446346931061022,33.71912608019443,27.280240011184926,0.8278915240974216,10.008098878823205,0.7555947324280867,5.96367382119811,2,0,False,42
permABC-SMC,1800459.4594594594,201.3825104503558,932638.0,104.3161404132843,0.5648307965532215,24.446346931061022,33.71912608019443,27.280240011184926,0.8278915240974216,10.008098878823205,0.7555947324280867,5.96367382119811,2,0,False,42
permABC-SMC,1796207.6923076923,200.6352878533877,934028.0,104.3303496837616,0.5648307965532215,24.446346931061022,33.71912608019443,27.280240011184926,0.8278915240974216,10.008098878823205,0.7555947324280867,5.96367382119811,2,0,False,42
permABC-SMC,1798880.7692307692,200.66263583990244,935418.0,104.34457063674927,0.5648307965532215,24.446346931061022,33.71912608019443,27.280240011184926,0.8278915240974216,10.008098878823205,0.7555947324280867,5.96367382119811,2,0,False,42
permABC-SMC,1801553.846153846,200.68993430871228,936808.0,104.3587658405304,0.5648307965532215,24.446346931061022,33.71912608019443,27.280240011184926,0.8278915240974216,10.008098878823205,0.7555947324280867,5.96367382119811,2,0,False,42
permABC-SMC,1804226.9230769232,200.71720664317792,938198.0,104.37294745445251,0.5648307965532215,24.446346931061022,33.71912608019443,27.280240011184926,0.8278915240974216,10.008098878823205,0.7555947324280867,5.96367382119811,2,0,False,42
permABC-SMC,1806900.0,200.7446376176981,939588.0,104.387211561203,0.5648307965532215,24.446346931061022,33.71912608019443,27.280240011184926,0.8278915240974216,10.008098878823205,0.7555947324280867,5.96367382119811,2,0,False,42
permABC-SMC,1809573.076923077,200.7719342525189,940978.0,104.40140581130981,0.5648307965532215,24.446346931061022,33.71912608019443,27.280240011184926,0.8278915240974216,10.008098878823205,0.7555947324280867,5.96367382119811,2,0,False,42
permABC-SMC,1798412.213740458,199.26664892953772,942368.0,104.41572403907776,0.5648307965532215,24.446346931061022,33.71912608019443,27.280240011184926,0.8278915240974216,10.008098878823205,0.7555947324280867,5.96367382119811,2,0,False,42
permABC-SMC,1794216.7300380229,198.5359391332126,943758.0,104.42990398406982,0.5648307965532215,24.446346931061022,33.71912608019443,27.280240011184926,0.8278915240974216,10.008098878823205,0.7555947324280867,5.96367382119811,2,0,False,42
permABC-SMC,1796859.3155893537,198.56283555919228,945148.0,104.44405150413513,0.5648307965532215,24.446346931061022,33.71912608019443,27.280240011184926,0.8278915240974216,10.008098878823205,0.7555947324280867,5.96367382119811,2,0,False,42
permABC-SMC,1799501.9011406843,198.58964405132338,946538.0,104.4581527709961,0.5648307965532215,24.446346931061022,33.71912608019443,27.280240011184926,0.8278915240974216,10.008098878823205,0.7555947324280867,5.96367382119811,2,0,False,42
permABC-SMC,1802144.486692015,198.61658172462376,947928.0,104.4723219871521,0.5648307965532215,24.446346931061022,33.71912608019443,27.280240011184926,0.8278915240974216,10.008098878823205,0.7555947324280867,5.96367382119811,2,0,False,42
permABC-SMC,1804787.0722433461,198.64358738801323,949318.0,104.48652696609497,0.5648307965532215,24.446346931061022,33.71912608019443,27.280240011184926,0.8278915240974216,10.008098878823205,0.7555947324280867,5.96367382119811,2,0,False,42
permABC-SMC,1807429.6577946767,198.67105175787054,950708.0,104.50097322463989,0.5648307965532215,24.446346931061022,33.71912608019443,27.280240011184926,0.8278915240974216,10.008098878823205,0.7555947324280867,5.96367382119811,2,0,False,42
permABC-SMC,1803215.909090909,197.94564987673905,952098.0,104.51530313491821,0.5648307965532215,24.446346931061022,33.71912608019443,27.280240011184926,0.8278915240974216,10.008098878823205,0.7555947324280867,5.96367382119811,2,0,False,42
permABC-SMC,1805848.4848484849,197.97258033896935,953488.0,104.52952241897583,0.5648307965532215,24.446346931061022,33.71912608019443,27.280240011184926,0.8278915240974216,10.008098878823205,0.7555947324280867,5.96367382119811,2,0,False,42
permABC-SMC,1801656.603773585,197.25247958921037,954878.0,104.5438141822815,0.5648307965532215,24.446346931061022,33.71912608019443,27.280240011184926,0.8278915240974216,10.008098878823205,0.7555947324280867,5.96367382119811,2,0,False,42
permABC-SMC,1804279.2452830188,197.27944473050675,956268.0,104.55810570716858,0.5648307965532215,24.446346931061022,33.71912608019443,27.280240011184926,0.8278915240974216,10.008098878823205,0.7555947324280867,5.96367382119811,2,0,False,42
permABC-SMC,1800109.022556391,196.56451169709513,957658.0,104.57232022285461,0.5648307965532215,24.446346931061022,33.71912608019443,27.280240011184926,0.8278915240974216,10.008098878823205,0.7555947324280867,5.96367382119811,2,0,False,42
permABC-SMC,1789268.6567164178,195.1242169337486,959048.0,104.58658027648926,0.5648307965532215,24.446346931061022,33.71912608019443,27.280240011184926,0.8278915240974216,10.008098878823205,0.7555947324280867,5.96367382119811,2,0,False,42
permABC-SMC,1791861.9402985075,195.15603513859992,960438.0,104.60363483428955,0.5648307965532215,24.446346931061022,33.71912608019443,27.280240011184926,0.8278915240974216,10.008098878823205,0.7555947324280867,5.96367382119811,2,0,False,42
permABC-SMC,1794455.223880597,195.18269398319188,961828.0,104.61792397499084,0.5648307965532215,24.446346931061022,33.71912608019443,27.280240011184926,0.8278915240974216,10.008098878823205,0.7555947324280867,5.96367382119811,2,0,False,42
permABC-SMC,1797048.5074626866,195.20909839601657,963218.0,104.63207674026489,0.5648307965532215,24.446346931061022,33.71912608019443,27.280240011184926,0.8278915240974216,10.008098878823205,0.7555947324280867,5.96367382119811,2,0,False,42
permABC-SMC,1786311.1111111112,193.78951523039075,964608.0,104.64633822441101,0.5648307965532215,24.446346931061022,33.71912608019443,27.280240011184926,0.8278915240974216,10.008098878823205,0.7555947324280867,5.96367382119811,2,0,False,42
permABC-SMC,1782284.1328413284,193.10068204394128,965998.0,104.66056966781616,0.5648307965532215,24.446346931061022,33.71912608019443,27.280240011184926,0.8278915240974216,10.008098878823205,0.7555947324280867,5.96367382119811,2,0,False,42
permABC-SMC,1771772.8937728936,191.71206200079166,967388.0,104.67478585243225,0.5648307965532215,24.446346931061022,33.71912608019443,27.280240011184926,0.8278915240974216,10.008098878823205,0.7555947324280867,5.96367382119811,2,0,False,42
permABC-SMC,1774318.6813186812,191.73829415778974,968778.0,104.6891086101532,0.5648307965532215,24.446346931061022,33.71912608019443,27.280240011184926,0.8278915240974216,10.008098878823205,0.7555947324280867,5.96367382119811,2,0,False,42
permABC-SMC,1770379.5620437956,191.06453657150269,970168.0,104.70336604118347,0.5648307965532215,24.446346931061022,33.71912608019443,27.280240011184926,0.8278915240974216,10.008098878823205,0.7555947324280867,5.96367382119811,2,0,False,42
permABC-SMC,1772916.0583941606,191.0904358773336,971558.0,104.71755886077881,0.5648307965532215,24.446346931061022,33.71912608019443,27.280240011184926,0.8278915240974216,10.008098878823205,0.7555947324280867,5.96367382119811,2,0,False,42
permABC-SMC,1775452.5547445256,191.11625904584454,972948.0,104.7317099571228,0.5648307965532215,24.446346931061022,33.71912608019443,27.280240011184926,0.8278915240974216,10.008098878823205,0.7555947324280867,5.96367382119811,2,0,False,42
permABC-SMC,1777989.0510948906,191.1421918520962,974338.0,104.74592113494873,0.5648307965532215,24.446346931061022,33.71912608019443,27.280240011184926,0.8278915240974216,10.008098878823205,0.7555947324280867,5.96367382119811,2,0,False,42
permABC-SMC,1780525.5474452553,191.1681451066567,975728.0,104.76014351844788,0.5648307965532215,24.446346931061022,33.71912608019443,27.280240011184926,0.8278915240974216,10.008098878823205,0.7555947324280867,5.96367382119811,2,0,False,42
permABC-SMC,1783062.0437956203,191.19392607333887,977118.0,104.7742714881897,0.5648307965532215,24.446346931061022,33.71912608019443,27.280240011184926,0.8278915240974216,10.008098878823205,0.7555947324280867,5.96367382119811,2,0,False,42
permABC-SMC,1785598.5401459855,191.21991500367213,978508.0,104.78851342201233,0.5648307965532215,24.446346931061022,33.71912608019443,27.280240011184926,0.8278915240974216,10.008098878823205,0.7555947324280867,5.96367382119811,2,0,False,42
permABC-SMC,1788135.0364963503,191.24598920780377,979898.0,104.80280208587646,0.5648307965532215,24.446346931061022,33.71912608019443,27.280240011184926,0.8278915240974216,10.008098878823205,0.7555947324280867,5.96367382119811,2,0,False,42
permABC-SMC,1790671.5328467153,191.27208821094817,981288.0,104.81710433959961,0.5648307965532215,24.446346931061022,33.71912608019443,27.280240011184926,0.8278915240974216,10.008098878823205,0.7555947324280867,5.96367382119811,2,0,False,42
permABC-SMC,1793208.0291970803,191.29804712142388,982678.0,104.83132982254028,0.5648307965532215,24.446346931061022,33.71912608019443,27.280240011184926,0.8278915240974216,10.008098878823205,0.7555947324280867,5.96367382119811,2,0,False,42
permABC-SMC,1795744.525547445,191.32433189962902,984068.0,104.8457338809967,0.5648307965532215,24.446346931061022,33.71912608019443,27.280240011184926,0.8278915240974216,10.008098878823205,0.7555947324280867,5.96367382119811,2,0,False,42
permABC-SMC,1791741.8181818181,190.65443862568247,985458.0,104.85994124412537,0.5648307965532215,24.446346931061022,33.71912608019443,27.280240011184926,0.8278915240974216,10.008098878823205,0.7555947324280867,5.96367382119811,2,0,False,42
permABC-SMC,1794269.0909090908,190.68024765361437,986848.0,104.87413620948792,0.5648307965532215,24.446346931061022,33.71912608019443,27.280240011184926,0.8278915240974216,10.008098878823205,0.7555947324280867,5.96367382119811,2,0,False,42
permABC-SMC,1796796.3636363635,190.70623007687655,988238.0,104.8884265422821,0.5648307965532215,24.446346931061022,33.71912608019443,27.280240011184926,0.8278915240974216,10.008098878823205,0.7555947324280867,5.96367382119811,2,0,False,42
permABC-SMC,1799323.6363636362,190.7322393764149,989628.0,104.9027316570282,0.5648307965532215,24.446346931061022,33.71912608019443,27.280240011184926,0.8278915240974216,10.008098878823205,0.7555947324280867,5.96367382119811,2,0,False,42
permABC-SMC,1795322.463768116,190.06706666255343,991018.0,104.91702079772949,0.5648307965532215,24.446346931061022,33.71912608019443,27.280240011184926,0.8278915240974216,10.008098878823205,0.7555947324280867,5.96367382119811,2,0,False,42
permABC-SMC,1797840.579710145,190.09299511494842,992408.0,104.93133330345154,0.5648307965532215,24.446346931061022,33.71912608019443,27.280240011184926,0.8278915240974216,10.008098878823205,0.7555947324280867,5.96367382119811,2,0,False,42
permABC-SMC,1800358.695652174,190.1188557562621,993798.0,104.94560837745667,0.5648307965532215,24.446346931061022,33.71912608019443,27.280240011184926,0.8278915240974216,10.008098878823205,0.7555947324280867,5.96367382119811,2,0,False,42
permABC-SMC,1802876.8115942029,190.14454103898314,995188.0,104.95978665351868,0.5648307965532215,24.446346931061022,33.71912608019443,27.280240011184926,0.8278915240974216,10.008098878823205,0.7555947324280867,5.96367382119811,2,0,False,42
permABC-SMC,1805394.927536232,190.17029456470325,996578.0,104.97400259971619,0.5648307965532215,24.446346931061022,33.71912608019443,27.280240011184926,0.8278915240974216,10.008098878823205,0.7555947324280867,5.96367382119811,2,0,False,42
permABC-SMC,1807913.0434782607,190.19602347111356,997968.0,104.98820495605469,0.5648307965532215,24.446346931061022,33.71912608019443,27.280240011184926,0.8278915240974216,10.008098878823205,0.7555947324280867,5.96367382119811,2,0,False,42
permABC-SMC,1810431.1594202898,190.22183789723164,999358.0,105.00245451927185,0.5648307965532215,24.446346931061022,33.71912608019443,27.280240011184926,0.8278915240974216,10.008098878823205,0.7555947324280867,5.96367382119811,2,0,False,42
permABC-SMC,1812949.2753623188,190.24761345075524,1000748.0,105.0166826248169,0.5648307965532215,24.446346931061022,33.71912608019443,27.280240011184926,0.8278915240974216,10.008098878823205,0.7555947324280867,5.96367382119811,2,0,False,42
permABC-SMC,1815467.3913043477,190.27336654455766,1002138.0,105.03089833259583,0.5648307965532215,24.446346931061022,33.71912608019443,27.280240011184926,0.8278915240974216,10.008098878823205,0.7555947324280867,5.96367382119811,2,0,False,42
permABC-SMC,1817985.5072463767,190.29912266178408,1003528.0,105.04511570930481,0.5648307965532215,24.446346931061022,33.71912608019443,27.280240011184926,0.8278915240974216,10.008098878823205,0.7555947324280867,5.96367382119811,2,0,False,42
permABC-SMC,1820503.6231884058,190.32504420349562,1004918.0,105.05942440032959,0.5648307965532215,24.446346931061022,33.71912608019443,27.280240011184926,0.8278915240974216,10.008098878823205,0.7555947324280867,5.96367382119811,2,0,False,42
permABC-SMC,1823021.7391304348,190.35084869550622,1006308.0,105.07366847991943,0.5648307965532215,24.446346931061022,33.71912608019443,27.280240011184926,0.8278915240974216,10.008098878823205,0.7555947324280867,5.96367382119811,2,0,False,42
permABC-SMC,1818949.4584837547,189.6894580620721,1007698.0,105.08795976638794,0.5648307965532215,24.446346931061022,33.71912608019443,27.280240011184926,0.8278915240974216,10.008098878823205,0.7555947324280867,5.96367382119811,2,0,False,42
permABC-SMC,1821458.4837545126,189.71522060972688,1009088.0,105.1022322177887,0.5648307965532215,24.446346931061022,33.71912608019443,27.280240011184926,0.8278915240974216,10.008098878823205,0.7555947324280867,5.96367382119811,2,0,False,42
permABC-SMC,1823967.5090252708,189.7409599180256,1010478.0,105.11649179458618,0.5648307965532215,24.446346931061022,33.71912608019443,27.280240011184926,0.8278915240974216,10.008098878823205,0.7555947324280867,5.96367382119811,2,0,False,42
permABC-SMC,1826476.5342960288,189.76661444571045,1011868.0,105.13070440292358,0.5648307965532215,24.446346931061022,33.71912608019443,27.280240011184926,0.8278915240974216,10.008098878823205,0.7555947324280867,5.96367382119811,2,0,False,42
permABC-SMC,1822406.4748201438,189.10966416914687,1013258.0,105.14497327804565,0.5648307965532215,24.446346931061022,33.71912608019443,27.280240011184926,0.8278915240974216,10.008098878823205,0.7555947324280867,5.96367382119811,2,0,False,42
permABC-SMC,1818365.5913978494,188.45755182286743,1014648.0,105.15931391716003,0.5648307965532215,24.446346931061022,33.71912608019443,27.280240011184926,0.8278915240974216,10.008098878823205,0.7555947324280867,5.96367382119811,2,0,False,42
permABC-SMC,1820856.6308243729,188.48301902894053,1016038.0,105.1735246181488,0.5648307965532215,24.446346931061022,33.71912608019443,27.280240011184926,0.8278915240974216,10.008098878823205,0.7555947324280867,5.96367382119811,2,0,False,42
permABC-SMC,1816835.714285714,187.83535489014216,1017428.0,105.18779873847961,0.5648307965532215,24.446346931061022,33.71912608019443,27.280240011184926,0.8278915240974216,10.008098878823205,0.7555947324280867,5.96367382119811,2,0,False,42
permABC-SMC,1806414.8936170214,186.52850643117378,1018818.0,105.202077627182,0.5648307965532215,24.446346931061022,33.71912608019443,27.280240011184926,0.8278915240974216,10.008098878823205,0.7555947324280867,5.96367382119811,2,0,False,42
permABC-SMC,1808879.4326241135,186.55381726880447,1020208.0,105.21635293960571,0.5648307965532215,24.446346931061022,33.71912608019443,27.280240011184926,0.8278915240974216,10.008098878823205,0.7555947324280867,5.96367382119811,2,0,False,42
permABC-SMC,1811343.9716312056,186.57901354715335,1021598.0,105.23056364059448,0.5648307965532215,24.446346931061022,33.71912608019443,27.280240011184926,0.8278915240974216,10.008098878823205,0.7555947324280867,5.96367382119811,2,0,False,42
permABC-SMC,1813808.5106382978,186.60420728913434,1022988.0,105.24477291107178,0.5648307965532215,24.446346931061022,33.71912608019443,27.280240011184926,0.8278915240974216,10.008098878823205,0.7555947324280867,5.96367382119811,2,0,False,42
permABC-SMC,1809855.1236749117,185.97001195375154,1024378.0,105.25902676582336,0.5648307965532215,24.446346931061022,33.71912608019443,27.280240011184926,0.8278915240974216,10.008098878823205,0.7555947324280867,5.96367382119811,2,0,False,42
permABC-SMC,1805929.5774647887,185.34059129970174,1025768.0,105.27345585823059,0.5648307965532215,24.446346931061022,33.71912608019443,27.280240011184926,0.8278915240974216,10.008098878823205,0.7555947324280867,5.96367382119811,2,0,False,42
permABC-SMC,1802031.5789473683,184.71533541093794,1027158.0,105.28774118423462,0.5648307965532215,24.446346931061022,33.71912608019443,27.280240011184926,0.8278915240974216,10.008098878823205,0.7555947324280867,5.96367382119811,2,0,False,42
permABC-SMC,1798160.8391608393,184.09442734885047,1028548.0,105.30201244354248,0.5648307965532215,24.446346931061022,33.71912608019443,27.280240011184926,0.8278915240974216,10.008098878823205,0.7555947324280867,5.96367382119811,2,0,False,42
permABC-SMC,1800590.909090909,184.11945546423638,1029938.0,105.31632852554321,0.5648307965532215,24.446346931061022,33.71912608019443,27.280240011184926,0.8278915240974216,10.008098878823205,0.7555947324280867,5.96367382119811,2,0,False,42
permABC-SMC,1803020.979020979,184.144278506299,1031328.0,105.33052730560303,0.5648307965532215,24.446346931061022,33.71912608019443,27.280240011184926,0.8278915240974216,10.008098878823205,0.7555947324280867,5.96367382119811,2,0,False,42
permABC-SMC,1805451.0489510489,184.16909237841625,1032718.0,105.3447208404541,0.5648307965532215,24.446346931061022,33.71912608019443,27.280240011184926,0.8278915240974216,10.008098878823205,0.7555947324280867,5.96367382119811,2,0,False,42
permABC-SMC,1807881.118881119,184.19391708774165,1034108.0,105.35892057418823,0.5648307965532215,24.446346931061022,33.71912608019443,27.280240011184926,0.8278915240974216,10.008098878823205,0.7555947324280867,5.96367382119811,2,0,False,42
permABC-SMC,1797739.5833333333,182.9394350449244,1035498.0,105.37311458587646,0.5648307965532215,24.446346931061022,33.71912608019443,27.280240011184926,0.8278915240974216,10.008098878823205,0.7555947324280867,5.96367382119811,2,0,False,42
permABC-SMC,1787737.9310344828,181.70256368045148,1036888.0,105.38748693466187,0.5648307965532215,24.446346931061022,33.71912608019443,27.280240011184926,0.8278915240974216,10.008098878823205,0.7555947324280867,5.96367382119811,2,0,False,42
permABC-SMC,1783982.8178694157,181.10262077698593,1038278.0,105.40172529220581,0.5648307965532215,24.446346931061022,33.71912608019443,27.280240011184926,0.8278915240974216,10.008098878823205,0.7555947324280867,5.96367382119811,2,0,False,42
permABC-SMC,1780253.424657534,180.50672950809948,1039668.0,105.4159300327301,0.5648307965532215,24.446346931061022,33.71912608019443,27.280240011184926,0.8278915240974216,10.008098878823205,0.7555947324280867,5.96367382119811,2,0,False,42
permABC-SMC,1782633.5616438356,180.53133806137188,1041058.0,105.43030142784119,0.5648307965532215,24.446346931061022,33.71912608019443,27.280240011184926,0.8278915240974216,10.008098878823205,0.7555947324280867,5.96367382119811,2,0,False,42
permABC-SMC,1785013.698630137,180.55569676503742,1042448.0,105.44452691078186,0.5648307965532215,24.446346931061022,33.71912608019443,27.280240011184926,0.8278915240974216,10.008098878823205,0.7555947324280867,5.96367382119811,2,0,False,42
permABC-SMC,1775234.693877551,179.3516647248041,1043838.0,105.45877885818481,0.5648307965532215,24.446346931061022,33.71912608019443,27.280240011184926,0.8278915240974216,10.008098878823205,0.7555947324280867,5.96367382119811,2,0,False,42
permABC-SMC,1771572.8813559322,178.76793125928458,1045228.0,105.4730794429779,0.5648307965532215,24.446346931061022,33.71912608019443,27.280240011184926,0.8278915240974216,10.008098878823205,0.7555947324280867,5.96367382119811,2,0,False,42
permABC-SMC,1773928.813559322,178.79214003934698,1046618.0,105.48736262321472,0.5648307965532215,24.446346931061022,33.71912608019443,27.280240011184926,0.8278915240974216,10.008098878823205,0.7555947324280867,5.96367382119811,2,0,False,42
permABC-SMC,1776284.7457627119,178.8167080636752,1048008.0,105.50185775756836,0.5648307965532215,24.446346931061022,33.71912608019443,27.280240011184926,0.8278915240974216,10.008098878823205,0.7555947324280867,5.96367382119811,2,0,False,42
permABC-SMC,1778640.6779661018,178.8410247382471,1049398.0,105.5162045955658,0.5648307965532215,24.446346931061022,33.71912608019443,27.280240011184926,0.8278915240974216,10.008098878823205,0.7555947324280867,5.96367382119811,2,0,False,42
permABC-SMC,1774979.7297297297,178.2609900912723,1050788.0,105.5305061340332,0.5648307965532215,24.446346931061022,33.71912608019443,27.280240011184926,0.8278915240974216,10.008098878823205,0.7555947324280867,5.96367382119811,2,0,False,42
permABC-SMC,1777327.7027027027,178.28510379469074,1052178.0,105.54478144645691,0.5648307965532215,24.446346931061022,33.71912608019443,27.280240011184926,0.8278915240974216,10.008098878823205,0.7555947324280867,5.96367382119811,2,0,False,42
permABC-SMC,1779675.6756756755,178.30910110795818,1053568.0,105.55898785591125,0.5648307965532215,24.446346931061022,33.71912608019443,27.280240011184926,0.8278915240974216,10.008098878823205,0.7555947324280867,5.96367382119811,2,0,False,42
permABC-SMC,1782023.6486486488,178.3331270153458,1054958.0,105.57321119308472,0.5648307965532215,24.446346931061022,33.71912608019443,27.280240011184926,0.8278915240974216,10.008098878823205,0.7555947324280867,5.96367382119811,2,0,False,42
permABC-SMC,1784371.6216216218,178.35730515621802,1056348.0,105.58752465248108,0.5648307965532215,24.446346931061022,33.71912608019443,27.280240011184926,0.8278915240974216,10.008098878823205,0.7555947324280867,5.96367382119811,2,0,False,42
permABC-SMC,1786719.5945945946,178.38135965772577,1057738.0,105.60176491737366,0.5648307965532215,24.446346931061022,33.71912608019443,27.280240011184926,0.8278915240974216,10.008098878823205,0.7555947324280867,5.96367382119811,2,0,False,42
permABC-SMC,1789067.5675675676,178.40552773024584,1059128.0,105.61607241630554,0.5648307965532215,24.446346931061022,33.71912608019443,27.280240011184926,0.8278915240974216,10.008098878823205,0.7555947324280867,5.96367382119811,2,0,False,42
permABC-SMC,1791415.5405405406,178.42955283216529,1060518.0,105.63029527664185,0.5648307965532215,24.446346931061022,33.71912608019443,27.280240011184926,0.8278915240974216,10.008098878823205,0.7555947324280867,5.96367382119811,2,0,False,42
permABC-SMC,1787723.9057239057,177.85275825346358,1061908.0,105.64453840255737,0.5648307965532215,24.446346931061022,33.71912608019443,27.280240011184926,0.8278915240974216,10.008098878823205,0.7555947324280867,5.96367382119811,2,0,False,42
permABC-SMC,1790063.973063973,177.87670928621134,1063298.0,105.65876531600952,0.5648307965532215,24.446346931061022,33.71912608019443,27.280240011184926,0.8278915240974216,10.008098878823205,0.7555947324280867,5.96367382119811,2,0,False,42
permABC-SMC,1792404.0404040404,177.9007249408298,1064688.0,105.6730306148529,0.5648307965532215,24.446346931061022,33.71912608019443,27.280240011184926,0.8278915240974216,10.008098878823205,0.7555947324280867,5.96367382119811,2,0,False,42
permABC-SMC,1788721.476510067,177.32774091246944,1066078.0,105.68733358383179,0.5648307965532215,24.446346931061022,33.71912608019443,27.280240011184926,0.8278915240974216,10.008098878823205,0.7555947324280867,5.96367382119811,2,0,False,42
permABC-SMC,1791053.6912751677,177.35170958026146,1067468.0,105.70161890983582,0.5648307965532215,24.446346931061022,33.71912608019443,27.280240011184926,0.8278915240974216,10.008098878823205,0.7555947324280867,5.96367382119811,2,0,False,42
permABC-SMC,1793385.9060402685,177.37566024665063,1068858.0,105.71589350700378,0.5648307965532215,24.446346931061022,33.71912608019443,27.280240011184926,0.8278915240974216,10.008098878823205,0.7555947324280867,5.96367382119811,2,0,False,42
permABC-SMC,1795718.1208053692,177.40007574926287,1070248.0,105.73044514656067,0.5648307965532215,24.446346931061022,33.71912608019443,27.280240011184926,0.8278915240974216,10.008098878823205,0.7555947324280867,5.96367382119811,2,0,False,42
permABC-SMC,1798050.3355704697,177.42395881038382,1071638.0,105.74467945098877,0.5648307965532215,24.446346931061022,33.71912608019443,27.280240011184926,0.8278915240974216,10.008098878823205,0.7555947324280867,5.96367382119811,2,0,False,42
permABC-SMC,1800382.5503355705,177.44786107300112,1073028.0,105.75892519950867,0.5648307965532215,24.446346931061022,33.71912608019443,27.280240011184926,0.8278915240974216,10.008098878823205,0.7555947324280867,5.96367382119811,2,0,False,42
permABC-SMC,1796685.618729097,176.8781887647699,1074418.0,105.7731568813324,0.5648307965532215,24.446346931061022,33.71912608019443,27.280240011184926,0.8278915240974216,10.008098878823205,0.7555947324280867,5.96367382119811,2,0,False,42
permABC-SMC,1799010.0334448162,176.90224671443568,1075808.0,105.78754353523254,0.5648307965532215,24.446346931061022,33.71912608019443,27.280240011184926,0.8278915240974216,10.008098878823205,0.7555947324280867,5.96367382119811,2,0,False,42
permABC-SMC,1801334.4481605352,176.9261663175347,1077198.0,105.80184745788574,0.5648307965532215,24.446346931061022,33.71912608019443,27.280240011184926,0.8278915240974216,10.008098878823205,0.7555947324280867,5.96367382119811,2,0,False,42
permABC-SMC,1803658.8628762544,176.95012020825544,1078588.0,105.81617188453674,0.5648307965532215,24.446346931061022,33.71912608019443,27.280240011184926,0.8278915240974216,10.008098878823205,0.7555947324280867,5.96367382119811,2,0,False,42
permABC-SMC,1805983.2775919733,176.97404100743424,1079978.0,105.83047652244568,0.5648307965532215,24.446346931061022,33.71912608019443,27.280240011184926,0.8278915240974216,10.008098878823205,0.7555947324280867,5.96367382119811,2,0,False,42
permABC-SMC,1802280.0,176.40807032585144,1081368.0,105.84484219551086,0.5648307965532215,24.446346931061022,33.71912608019443,27.280240011184926,0.8278915240974216,10.008098878823205,0.7555947324280867,5.96367382119811,2,0,False,42
permABC-SMC,1792645.6953642385,175.26339339894176,1082758.0,105.85908961296082,0.5648307965532215,24.446346931061022,33.71912608019443,27.280240011184926,0.8278915240974216,10.008098878823205,0.7555947324280867,5.96367382119811,2,0,False,42
permABC-SMC,1789023.102310231,174.70866618770185,1084148.0,105.87345170974731,0.5648307965532215,24.446346931061022,33.71912608019443,27.280240011184926,0.8278915240974216,10.008098878823205,0.7555947324280867,5.96367382119811,2,0,False,42
permABC-SMC,1791316.8316831684,174.73228575766282,1085538.0,105.88776516914368,0.5648307965532215,24.446346931061022,33.71912608019443,27.280240011184926,0.8278915240974216,10.008098878823205,0.7555947324280867,5.96367382119811,2,0,False,42
permABC-SMC,1793610.5610561057,174.755854968584,1086928.0,105.90204811096191,0.5648307965532215,24.446346931061022,33.71912608019443,27.280240011184926,0.8278915240974216,10.008098878823205,0.7555947324280867,5.96367382119811,2,0,False,42
permABC-SMC,1795904.290429043,174.77956542087466,1088318.0,105.91641664505005,0.5648307965532215,24.446346931061022,33.71912608019443,27.280240011184926,0.8278915240974216,10.008098878823205,0.7555947324280867,5.96367382119811,2,0,False,42
permABC-SMC,1798198.0198019804,174.8031755485157,1089708.0,105.93072438240051,0.5648307965532215,24.446346931061022,33.71912608019443,27.280240011184926,0.8278915240974216,10.008098878823205,0.7555947324280867,5.96367382119811,2,0,False,42
permABC-SMC,1800491.7491749173,174.8267687586668,1091098.0,105.94502186775208,0.5648307965532215,24.446346931061022,33.71912608019443,27.280240011184926,0.8278915240974216,10.008098878823205,0.7555947324280867,5.96367382119811,2,0,False,42
permABC-SMC,1802785.4785478548,174.8503867549078,1092488.0,105.95933437347412,0.5648307965532215,24.446346931061022,33.71912608019443,27.280240011184926,0.8278915240974216,10.008098878823205,0.7555947324280867,5.96367382119811,2,0,False,42
permABC-SMC,1805079.207920792,174.87393590089906,1093878.0,105.97360515594482,0.5648307965532215,24.446346931061022,33.71912608019443,27.280240011184926,0.8278915240974216,10.008098878823205,0.7555947324280867,5.96367382119811,2,0,False,42
permABC-SMC,1807372.9372937293,174.8975452416801,1095268.0,105.98791241645813,0.5648307965532215,24.446346931061022,33.71912608019443,27.280240011184926,0.8278915240974216,10.008098878823205,0.7555947324280867,5.96367382119811,2,0,False,42
permABC-SMC,1803713.8157894737,174.34582859277725,1096658.0,106.00226378440857,0.5648307965532215,24.446346931061022,33.71912608019443,27.280240011184926,0.8278915240974216,10.008098878823205,0.7555947324280867,5.96367382119811,2,0,False,42
permABC-SMC,1806000.0,174.3693865443531,1098048.0,106.01658701896667,0.5648307965532215,24.446346931061022,33.71912608019443,27.280240011184926,0.8278915240974216,10.008098878823205,0.7555947324280867,5.96367382119811,2,0,False,42
permABC-SMC,1808286.1842105263,174.39292488913787,1099438.0,106.03089833259583,0.5648307965532215,24.446346931061022,33.71912608019443,27.280240011184926,0.8278915240974216,10.008098878823205,0.7555947324280867,5.96367382119811,2,0,False,42
permABC-SMC,1810572.3684210528,174.41648833061518,1100828.0,106.04522490501404,0.5648307965532215,24.446346931061022,33.71912608019443,27.280240011184926,0.8278915240974216,10.008098878823205,0.7555947324280867,5.96367382119811,2,0,False,42
permABC-SMC,1812858.5526315789,174.43998157978058,1102218.0,106.05950880050659,0.5648307965532215,24.446346931061022,33.71912608019443,27.280240011184926,0.8278915240974216,10.008098878823205,0.7555947324280867,5.96367382119811,2,0,False,42
permABC-SMC,1809193.442622951,173.8915189367826,1103608.0,106.07382655143738,0.5648307965532215,24.446346931061022,33.71912608019443,27.280240011184926,0.8278915240974216,10.008098878823205,0.7555947324280867,5.96367382119811,2,0,False,42
permABC-SMC,1811472.1311475409,173.91502270933057,1104998.0,106.08816385269165,0.5648307965532215,24.446346931061022,33.71912608019443,27.280240011184926,0.8278915240974216,10.008098878823205,0.7555947324280867,5.96367382119811,2,0,False,42
permABC-SMC,1807823.5294117646,173.37013537587683,1106388.0,106.10252285003662,0.5648307965532215,24.446346931061022,33.71912608019443,27.280240011184926,0.8278915240974216,10.008098878823205,0.7555947324280867,5.96367382119811,2,0,False,42
permABC-SMC,1804198.6970684037,172.8289030273885,1107778.0,106.11694645881653,0.5648307965532215,24.446346931061022,33.71912608019443,27.280240011184926,0.8278915240974216,10.008098878823205,0.7555947324280867,5.96367382119811,2,0,False,42
permABC-SMC,1800597.4025974027,172.29109228431406,1109168.0,106.13131284713745,0.5648307965532215,24.446346931061022,33.71912608019443,27.280240011184926,0.8278915240974216,10.008098878823205,0.7555947324280867,5.96367382119811,2,0,False,42
permABC-SMC,1802853.8961038962,172.31423552934226,1110558.0,106.14556908607483,0.5648307965532215,24.446346931061022,33.71912608019443,27.280240011184926,0.8278915240974216,10.008098878823205,0.7555947324280867,5.96367382119811,2,0,False,42
permABC-SMC,1805110.3896103895,172.33740857669287,1111948.0,106.1598436832428,0.5648307965532215,24.446346931061022,33.71912608019443,27.280240011184926,0.8278915240974216,10.008098878823205,0.7555947324280867,5.96367382119811,2,0,False,42
permABC-SMC,1807366.8831168832,172.36053092139107,1113338.0,106.1740870475769,0.5648307965532215,24.446346931061022,33.71912608019443,27.280240011184926,0.8278915240974216,10.008098878823205,0.7555947324280867,5.96367382119811,2,0,False,42
permABC-SMC,1809623.3766233765,172.38389594214303,1114728.0,106.18847990036011,0.5648307965532215,24.446346931061022,33.71912608019443,27.280240011184926,0.8278915240974216,10.008098878823205,0.7555947324280867,5.96367382119811,2,0,False,42
permABC-SMC,1811879.8701298703,172.40726405924016,1116118.0,106.20287466049194,0.5648307965532215,24.446346931061022,33.71912608019443,27.280240011184926,0.8278915240974216,10.008098878823205,0.7555947324280867,5.96367382119811,2,0,False,42
permABC-SMC,1808265.3721682848,171.87243140631122,1117508.0,106.21716260910034,0.5648307965532215,24.446346931061022,33.71912608019443,27.280240011184926,0.8278915240974216,10.008098878823205,0.7555947324280867,5.96367382119811,2,0,False,42
permABC-SMC,1810514.563106796,171.89546734769755,1118898.0,106.23139882087708,0.5648307965532215,24.446346931061022,33.71912608019443,27.280240011184926,0.8278915240974216,10.008098878823205,0.7555947324280867,5.96367382119811,2,0,False,42
permABC-SMC,1812763.7540453074,171.91863484367198,1120288.0,106.24571633338928,0.5648307965532215,24.446346931061022,33.71912608019443,27.280240011184926,0.8278915240974216,10.008098878823205,0.7555947324280867,5.96367382119811,2,0,False,42
permABC-SMC,1815012.9449838186,171.94175064370856,1121678.0,106.26000189781189,0.5648307965532215,24.446346931061022,33.71912608019443,27.280240011184926,0.8278915240974216,10.008098878823205,0.7555947324280867,5.96367382119811,2,0,False,42
permABC-SMC,1817262.1359223302,171.96481976308485,1123068.0,106.27425861358643,0.5648307965532215,24.446346931061022,33.71912608019443,27.280240011184926,0.8278915240974216,10.008098878823205,0.7555947324280867,5.96367382119811,2,0,False,42
permABC-SMC,1819511.3268608414,171.9880393407877,1124458.0,106.28860831260681,0.5648307965532215,24.446346931061022,33.71912608019443,27.280240011184926,0.8278915240974216,10.008098878823205,0.7555947324280867,5.96367382119811,2,0,False,42
permABC-SMC,1821760.5177993528,172.01122303996658,1125848.0,106.30293583869934,0.5648307965532215,24.446346931061022,33.71912608019443,27.280240011184926,0.8278915240974216,10.008098878823205,0.7555947324280867,5.96367382119811,2,0,False,42
permABC-SMC,1818125.806451613,171.47954202467395,1127238.0,106.31731605529785,0.5648307965532215,24.446346931061022,33.71912608019443,27.280240011184926,0.8278915240974216,10.008098878823205,0.7555947324280867,5.96367382119811,2,0,False,42
permABC-SMC,1820367.7419354839,171.50270861964074,1128628.0,106.33167934417725,0.5648307965532215,24.446346931061022,33.71912608019443,27.280240011184926,0.8278915240974216,10.008098878823205,0.7555947324280867,5.96367382119811,2,0,False,42
permABC-SMC,1822609.6774193547,171.52567486609183,1130018.0,106.34591841697693,0.5648307965532215,24.446346931061022,33.71912608019443,27.280240011184926,0.8278915240974216,10.008098878823205,0.7555947324280867,5.96367382119811,2,0,False,42
permABC-SMC,1824851.6129032257,171.54873224996751,1131408.0,106.36021399497986,0.5648307965532215,24.446346931061022,33.71912608019443,27.280240011184926,0.8278915240974216,10.008098878823205,0.7555947324280867,5.96367382119811,2,0,False,42
permABC-SMC,1827093.5483870967,171.5717181082695,1132798.0,106.37446522712708,0.5648307965532215,24.446346931061022,33.71912608019443,27.280240011184926,0.8278915240974216,10.008098878823205,0.7555947324280867,5.96367382119811,2,0,False,42
permABC-SMC,1829335.4838709678,171.59475395756382,1134188.0,106.38874745368958,0.5648307965532215,24.446346931061022,33.71912608019443,27.280240011184926,0.8278915240974216,10.008098878823205,0.7555947324280867,5.96367382119811,2,0,False,42
permABC-SMC,1825688.1028938906,171.06601739619705,1135578.0,106.40306282043457,0.5648307965532215,24.446346931061022,33.71912608019443,27.280240011184926,0.8278915240974216,10.008098878823205,0.7555947324280867,5.96367382119811,2,0,False,42
permABC-SMC,1822064.1025641025,170.54094527012262,1136968.0,106.41754984855652,0.5648307965532215,24.446346931061022,33.71912608019443,27.280240011184926,0.8278915240974216,10.008098878823205,0.7555947324280867,5.96367382119811,2,0,False,42
permABC-SMC,1824291.6666666667,170.56392362484564,1138358.0,106.43188834190369,0.5648307965532215,24.446346931061022,33.71912608019443,27.280240011184926,0.8278915240974216,10.008098878823205,0.7555947324280867,5.96367382119811,2,0,False,42
permABC-SMC,1826519.2307692308,170.5868152471689,1139748.0,106.4461727142334,0.5648307965532215,24.446346931061022,33.71912608019443,27.280240011184926,0.8278915240974216,10.008098878823205,0.7555947324280867,5.96367382119811,2,0,False,42
permABC-SMC,1828746.794871795,170.60962816079459,1141138.0,106.46040797233582,0.5648307965532215,24.446346931061022,33.71912608019443,27.280240011184926,0.8278915240974216,10.008098878823205,0.7555947324280867,5.96367382119811,2,0,False,42
permABC-SMC,1830974.358974359,170.63270050745743,1142528.0,106.47480511665344,0.5648307965532215,24.446346931061022,33.71912608019443,27.280240011184926,0.8278915240974216,10.008098878823205,0.7555947324280867,5.96367382119811,2,0,False,42
permABC-SMC,1833201.923076923,170.65583857206198,1143918.0,106.48924326896667,0.5648307965532215,24.446346931061022,33.71912608019443,27.280240011184926,0.8278915240974216,10.008098878823205,0.7555947324280867,5.96367382119811,2,0,False,42
permABC-SMC,1829565.4952076678,170.1337186673198,1145308.0,106.50370788574219,0.5648307965532215,24.446346931061022,33.71912608019443,27.280240011184926,0.8278915240974216,10.008098878823205,0.7555947324280867,5.96367382119811,2,0,False,42
permABC-SMC,1825952.2292993632,169.61484274287133,1146698.0,106.5181212425232,0.5648307965532215,24.446346931061022,33.71912608019443,27.280240011184926,0.8278915240974216,10.008098878823205,0.7555947324280867,5.96367382119811,2,0,False,42
permABC-SMC,1828165.6050955413,169.63771801845283,1148088.0,106.53248691558838,0.5648307965532215,24.446346931061022,33.71912608019443,27.280240011184926,0.8278915240974216,10.008098878823205,0.7555947324280867,5.96367382119811,2,0,False,42
permABC-SMC,1830378.9808917197,169.66045586166868,1149478.0,106.54676628112793,0.5648307965532215,24.446346931061022,33.71912608019443,27.280240011184926,0.8278915240974216,10.008098878823205,0.7555947324280867,5.96367382119811,2,0,False,42
permABC-SMC,1826774.6031746033,169.14459145258343,1150868.0,106.56109261512756,0.5648307965532215,24.446346931061022,33.71912608019443,27.280240011184926,0.8278915240974216,10.008098878823205,0.7555947324280867,5.96367382119811,2,0,False,42
permABC-SMC,1823193.0379746836,168.63203539124018,1152258.0,106.5754463672638,0.5648307965532215,24.446346931061022,33.71912608019443,27.280240011184926,0.8278915240974216,10.008098878823205,0.7555947324280867,5.96367382119811,2,0,False,42
permABC-SMC,1825392.405063291,168.6547175992893,1153648.0,106.58978152275085,0.5648307965532215,24.446346931061022,33.71912608019443,27.280240011184926,0.8278915240974216,10.008098878823205,0.7555947324280867,5.96367382119811,2,0,False,42
permABC-SMC,1827591.7721518988,168.67738811275626,1155038.0,106.60410928726196,0.5648307965532215,24.446346931061022,33.71912608019443,27.280240011184926,0.8278915240974216,10.008098878823205,0.7555947324280867,5.96367382119811,2,0,False,42
permABC-SMC,1818283.0188679246,167.63917904979778,1156428.0,106.61851787567139,0.5648307965532215,24.446346931061022,33.71912608019443,27.280240011184926,0.8278915240974216,10.008098878823205,0.7555947324280867,5.96367382119811,2,0,False,42
permABC-SMC,1820468.5534591195,167.6616170121439,1157818.0,106.63278841972351,0.5648307965532215,24.446346931061022,33.71912608019443,27.280240011184926,0.8278915240974216,10.008098878823205,0.7555947324280867,5.96367382119811,2,0,False,42
permABC-SMC,1822654.0880503145,167.6840471021784,1159208.0,106.64705395698547,0.5648307965532215,24.446346931061022,33.71912608019443,27.280240011184926,0.8278915240974216,10.008098878823205,0.7555947324280867,5.96367382119811,2,0,False,42
permABC-SMC,1824839.6226415094,167.7064487019425,1160598.0,106.66130137443542,0.5648307965532215,24.446346931061022,33.71912608019443,27.280240011184926,0.8278915240974216,10.008098878823205,0.7555947324280867,5.96367382119811,2,0,False,42
permABC-SMC,1821297.8056426332,167.20358406114727,1161988.0,106.67588663101196,0.5648307965532215,24.446346931061022,33.71912608019443,27.280240011184926,0.8278915240974216,10.008098878823205,0.7555947324280867,5.96367382119811,2,0,False,42
permABC-SMC,1823476.489028213,167.2259561694154,1163378.0,106.69016003608704,0.5648307965532215,24.446346931061022,33.71912608019443,27.280240011184926,0.8278915240974216,10.008098878823205,0.7555947324280867,5.96367382119811,2,0,False,42
permABC-SMC,1825655.172413793,167.24835144688714,1164768.0,106.70444822311401,0.5648307965532215,24.446346931061022,33.71912608019443,27.280240011184926,0.8278915240974216,10.008098878823205,0.7555947324280867,5.96367382119811,2,0,False,42
permABC-SMC,1827833.855799373,167.27068244850375,1166158.0,106.71869540214539,0.5648307965532215,24.446346931061022,33.71912608019443,27.280240011184926,0.8278915240974216,10.008098878823205,0.7555947324280867,5.96367382119811,2,0,False,42
permABC-SMC,1830012.539184953,167.2930560515592,1167548.0,106.73296976089478,0.5648307965532215,24.446346931061022,33.71912608019443,27.280240011184926,0.8278915240974216,10.008098878823205,0.7555947324280867,5.96367382119811,2,0,False,42
permABC-SMC,1832191.222570533,167.3153780844518,1168938.0,106.74721121788025,0.5648307965532215,24.446346931061022,33.71912608019443,27.280240011184926,0.8278915240974216,10.008098878823205,0.7555947324280867,5.96367382119811,2,0,False,42
permABC-SMC,1834369.905956113,167.33761753034443,1170328.0,106.76139998435974,0.5648307965532215,24.446346931061022,33.71912608019443,27.280240011184926,0.8278915240974216,10.008098878823205,0.7555947324280867,5.96367382119811,2,0,False,42
permABC-SMC,1836548.5893416929,167.35984539163522,1171718.0,106.77558135986328,0.5648307965532215,24.446346931061022,33.71912608019443,27.280240011184926,0.8278915240974216,10.008098878823205,0.7555947324280867,5.96367382119811,2,0,False,42
permABC-SMC,1838727.2727272727,167.38224739564996,1173108.0,106.78987383842468,0.5648307965532215,24.446346931061022,33.71912608019443,27.280240011184926,0.8278915240974216,10.008098878823205,0.7555947324280867,5.96367382119811,2,0,False,42
permABC-SMC,1840905.9561128526,167.40467742692712,1174498.0,106.80418419837952,0.5648307965532215,24.446346931061022,33.71912608019443,27.280240011184926,0.8278915240974216,10.008098878823205,0.7555947324280867,5.96367382119811,2,0,False,42
permABC-SMC,1843084.6394984326,167.42715417030837,1175888.0,106.81852436065674,0.5648307965532215,24.446346931061022,33.71912608019443,27.280240011184926,0.8278915240974216,10.008098878823205,0.7555947324280867,5.96367382119811,2,0,False,42
permABC-SMC,1845263.3228840125,167.44954608450863,1177278.0,106.8328104019165,0.5648307965532215,24.446346931061022,33.71912608019443,27.280240011184926,0.8278915240974216,10.008098878823205,0.7555947324280867,5.96367382119811,2,0,False,42
permABC-SMC,1841668.75,166.94851107895374,1178668.0,106.8470470905304,0.5648307965532215,24.446346931061022,33.71912608019443,27.280240011184926,0.8278915240974216,10.008098878823205,0.7555947324280867,5.96367382119811,2,0,False,42
permABC-SMC,1832388.198757764,165.93372488614193,1180058.0,106.86131882667542,0.5648307965532215,24.446346931061022,33.71912608019443,27.280240011184926,0.8278915240974216,10.008098878823205,0.7555947324280867,5.96367382119811,2,0,False,42
permABC-SMC,1834546.5838509316,165.95610291321086,1181448.0,106.87573027610779,0.5648307965532215,24.446346931061022,33.71912608019443,27.280240011184926,0.8278915240974216,10.008098878823205,0.7555947324280867,5.96367382119811,2,0,False,42
permABC-SMC,1836704.9689440995,165.9784968595327,1182838.0,106.89015197753906,0.5648307965532215,24.446346931061022,33.71912608019443,27.280240011184926,0.8278915240974216,10.008098878823205,0.7555947324280867,5.96367382119811,2,0,False,42
permABC-SMC,1838863.3540372672,166.0007301324643,1184228.0,106.904470205307,0.5648307965532215,24.446346931061022,33.71912608019443,27.280240011184926,0.8278915240974216,10.008098878823205,0.7555947324280867,5.96367382119811,2,0,False,42
permABC-SMC,1841021.7391304348,166.02294230313032,1185618.0,106.91877484321594,0.5648307965532215,24.446346931061022,33.71912608019443,27.280240011184926,0.8278915240974216,10.008098878823205,0.7555947324280867,5.96367382119811,2,0,False,42
permABC-SMC,1843180.1242236025,166.04536438580624,1187008.0,106.93321466445923,0.5648307965532215,24.446346931061022,33.71912608019443,27.280240011184926,0.8278915240974216,10.008098878823205,0.7555947324280867,5.96367382119811,2,0,False,42
permABC-SMC,1845338.5093167701,166.06753657323233,1188398.0,106.94749355316162,0.5648307965532215,24.446346931061022,33.71912608019443,27.280240011184926,0.8278915240974216,10.008098878823205,0.7555947324280867,5.96367382119811,2,0,False,42
permABC-SMC,1847496.8944099378,166.08968284559546,1189788.0,106.96175575256348,0.5648307965532215,24.446346931061022,33.71912608019443,27.280240011184926,0.8278915240974216,10.008098878823205,0.7555947324280867,5.96367382119811,2,0,False,42
permABC-SMC,1849655.2795031057,166.11184429678116,1191178.0,106.97602772712708,0.5648307965532215,24.446346931061022,33.71912608019443,27.280240011184926,0.8278915240974216,10.008098878823205,0.7555947324280867,5.96367382119811,2,0,False,42
permABC-SMC,1846080.495356037,165.6198265382749,1192568.0,106.99040794372559,0.5648307965532215,24.446346931061022,33.71912608019443,27.280240011184926,0.8278915240974216,10.008098878823205,0.7555947324280867,5.96367382119811,2,0,False,42
permABC-SMC,1848232.198142415,165.6419330337099,1193958.0,107.00468873977661,0.5648307965532215,24.446346931061022,33.71912608019443,27.280240011184926,0.8278915240974216,10.008098878823205,0.7555947324280867,5.96367382119811,2,0,False,42
permABC-SMC,1850383.9009287925,165.66405392283625,1195348.0,107.01897883415222,0.5648307965532215,24.446346931061022,33.71912608019443,27.280240011184926,0.8278915240974216,10.008098878823205,0.7555947324280867,5.96367382119811,2,0,False,42
permABC-SMC,1846817.9012345679,165.17494085394304,1196738.0,107.0333616733551,0.5648307965532215,24.446346931061022,33.71912608019443,27.280240011184926,0.8278915240974216,10.008098878823205,0.7555947324280867,5.96367382119811,2,0,False,42
permABC-SMC,1848962.9629629632,165.19696293053804,1198128.0,107.04763197898865,0.5648307965532215,24.446346931061022,33.71912608019443,27.280240011184926,0.8278915240974216,10.008098878823205,0.7555947324280867,5.96367382119811,2,0,False,42
permABC-SMC,1851108.024691358,165.21897212958632,1199518.0,107.06189393997192,0.5648307965532215,24.446346931061022,33.71912608019443,27.280240011184926,0.8278915240974216,10.008098878823205,0.7555947324280867,5.96367382119811,2,0,False,42
permABC-SMC,1853253.086419753,165.24093938462528,1200908.0,107.07612872123718,0.5648307965532215,24.446346931061022,33.71912608019443,27.280240011184926,0.8278915240974216,10.008098878823205,0.7555947324280867,5.96367382119811,2,0,False,42
permABC-SMC,1855398.148148148,165.2630442454491,1202298.0,107.09045267105103,0.5648307965532215,24.446346931061022,33.71912608019443,27.280240011184926,0.8278915240974216,10.008098878823205,0.7555947324280867,5.96367382119811,2,0,False,42
permABC-SMC,1857543.2098765431,165.2850655861843,1203688.0,107.10472249984741,0.5648307965532215,24.446346931061022,33.71912608019443,27.280240011184926,0.8278915240974216,10.008098878823205,0.7555947324280867,5.96367382119811,2,0,False,42
permABC-SMC,1859688.2716049384,165.30697985931678,1205078.0,107.11892294883728,0.5648307965532215,24.446346931061022,33.71912608019443,27.280240011184926,0.8278915240974216,10.008098878823205,0.7555947324280867,5.96367382119811,2,0,False,42
permABC-SMC,1861833.3333333333,165.32894785021557,1206468.0,107.1331582069397,0.5648307965532215,24.446346931061022,33.71912608019443,27.280240011184926,0.8278915240974216,10.008098878823205,0.7555947324280867,5.96367382119811,2,0,False,42
permABC-SMC,1858243.0769230768,164.84216800102823,1207858.0,107.14740920066833,0.5648307965532215,24.446346931061022,33.71912608019443,27.280240011184926,0.8278915240974216,10.008098878823205,0.7555947324280867,5.96367382119811,2,0,False,42
permABC-SMC,1860381.5384615385,164.86408930558423,1209248.0,107.16165804862976,0.5648307965532215,24.446346931061022,33.71912608019443,27.280240011184926,0.8278915240974216,10.008098878823205,0.7555947324280867,5.96367382119811,2,0,False,42
permABC-SMC,1862520.0,164.8861470589271,1210638.0,107.17599558830261,0.5648307965532215,24.446346931061022,33.71912608019443,27.280240011184926,0.8278915240974216,10.008098878823205,0.7555947324280867,5.96367382119811,2,0,False,42
permABC-SMC,1858938.6503067485,164.40226256481708,1212028.0,107.19027519226074,0.5648307965532215,24.446346931061022,33.71912608019443,27.280240011184926,0.8278915240974216,10.008098878823205,0.7555947324280867,5.96367382119811,2,0,False,42
permABC-SMC,1861070.5521472394,164.4240687229882,1213418.0,107.2044928073883,0.5648307965532215,24.446346931061022,33.71912608019443,27.280240011184926,0.8278915240974216,10.008098878823205,0.7555947324280867,5.96367382119811,2,0,False,42
permABC-SMC,1863202.45398773,164.4458672020333,1214808.0,107.21870541572571,0.5648307965532215,24.446346931061022,33.71912608019443,27.280240011184926,0.8278915240974216,10.008098878823205,0.7555947324280867,5.96367382119811,2,0,False,42
permABC-SMC,1865334.355828221,164.46794542066888,1216198.0,107.23310041427612,0.5648307965532215,24.446346931061022,33.71912608019443,27.280240011184926,0.8278915240974216,10.008098878823205,0.7555947324280867,5.96367382119811,2,0,False,42
permABC-SMC,1861755.351681957,163.9868079340057,1217588.0,107.24737238883972,0.5648307965532215,24.446346931061022,33.71912608019443,27.280240011184926,0.8278915240974216,10.008098878823205,0.7555947324280867,5.96367382119811,2,0,False,42
permABC-SMC,1858198.1707317072,163.50887970226566,1218978.0,107.26182508468628,0.5648307965532215,24.446346931061022,33.71912608019443,27.280240011184926,0.8278915240974216,10.008098878823205,0.7555947324280867,5.96367382119811,2,0,False,42
permABC-SMC,1860317.0731707315,163.53065066221285,1220368.0,107.27610683441162,0.5648307965532215,24.446346931061022,33.71912608019443,27.280240011184926,0.8278915240974216,10.008098878823205,0.7555947324280867,5.96367382119811,2,0,False,42
permABC-SMC,1856775.075987842,163.05525686965524,1221758.0,107.29035902023315,0.5648307965532215,24.446346931061022,33.71912608019443,27.280240011184926,0.8278915240974216,10.008098878823205,0.7555947324280867,5.96367382119811,2,0,False,42
permABC-SMC,1858887.537993921,163.0768652744931,1223148.0,107.30457735061646,0.5648307965532215,24.446346931061022,33.71912608019443,27.280240011184926,0.8278915240974216,10.008098878823205,0.7555947324280867,5.96367382119811,2,0,False,42
permABC-SMC,1861000.0,163.09855520544082,1224538.0,107.31884932518005,0.5648307965532215,24.446346931061022,33.71912608019443,27.280240011184926,0.8278915240974216,10.008098878823205,0.7555947324280867,5.96367382119811,2,0,False,42
permABC-SMC,1857466.6666666667,162.62596520510587,1225928.0,107.33313703536987,0.5648307965532215,24.446346931061022,33.71912608019443,27.280240011184926,0.8278915240974216,10.008098878823205,0.7555947324280867,5.96367382119811,2,0,False,42
permABC-SMC,1859572.7272727273,162.64755220124215,1227318.0,107.34738445281982,0.5648307965532215,24.446346931061022,33.71912608019443,27.280240011184926,0.8278915240974216,10.008098878823205,0.7555947324280867,5.96367382119811,2,0,False,42
permABC-SMC,1856054.3806646527,162.17770389199617,1228708.0,107.36163997650146,0.5648307965532215,24.446346931061022,33.71912608019443,27.280240011184926,0.8278915240974216,10.008098878823205,0.7555947324280867,5.96367382119811,2,0,False,42
permABC-SMC,1858154.0785498489,162.1992624058104,1230098.0,107.37591171264648,0.5648307965532215,24.446346931061022,33.71912608019443,27.280240011184926,0.8278915240974216,10.008098878823205,0.7555947324280867,5.96367382119811,2,0,False,42
permABC-SMC,1860253.7764350453,162.22072331926972,1231488.0,107.39011883735657,0.5648307965532215,24.446346931061022,33.71912608019443,27.280240011184926,0.8278915240974216,10.008098878823205,0.7555947324280867,5.96367382119811,2,0,False,42
permABC-SMC,1856743.9759036144,161.75357009991106,1232878.0,107.40437054634094,0.5648307965532215,24.446346931061022,33.71912608019443,27.280240011184926,0.8278915240974216,10.008098878823205,0.7555947324280867,5.96367382119811,2,0,False,42
permABC-SMC,1847706.5868263473,160.80639355196925,1234268.0,107.41867089271545,0.5648307965532215,24.446346931061022,33.71912608019443,27.280240011184926,0.8278915240974216,10.008098878823205,0.7555947324280867,5.96367382119811,2,0,False,42
permABC-SMC,1849787.4251497006,160.82771274144065,1235658.0,107.43291211128235,0.5648307965532215,24.446346931061022,33.71912608019443,27.280240011184926,0.8278915240974216,10.008098878823205,0.7555947324280867,5.96367382119811,2,0,False,42
permABC-SMC,1851868.263473054,160.84900195013262,1237048.0,107.4471333026886,0.5648307965532215,24.446346931061022,33.71912608019443,27.280240011184926,0.8278915240974216,10.008098878823205,0.7555947324280867,5.96367382119811,2,0,False,42
permABC-SMC,1853949.1017964073,160.87025796581887,1238438.0,107.46133232116699,0.5648307965532215,24.446346931061022,33.71912608019443,27.280240011184926,0.8278915240974216,10.008098878823205,0.7555947324280867,5.96367382119811,2,0,False,42
permABC-SMC,1839507.4183976261,159.45941758085075,1239828.0,107.47564744949341,0.5648307965532215,24.446346931061022,33.71912608019443,27.280240011184926,0.8278915240974216,10.008098878823205,0.7555947324280867,5.96367382119811,2,0,False,42
permABC-SMC,1841569.7329376854,159.48059721587322,1241218.0,107.48992252349854,0.5648307965532215,24.446346931061022,33.71912608019443,27.280240011184926,0.8278915240974216,10.008098878823205,0.7555947324280867,5.96367382119811,2,0,False,42
permABC-SMC,1843632.047477745,159.50219744390833,1242608.0,107.50448107719421,0.5648307965532215,24.446346931061022,33.71912608019443,27.280240011184926,0.8278915240974216,10.008098878823205,0.7555947324280867,5.96367382119811,2,0,False,42
permABC-SMC,1845694.3620178043,159.52341952734247,1243998.0,107.51878476142883,0.5648307965532215,24.446346931061022,33.71912608019443,27.280240011184926,0.8278915240974216,10.008098878823205,0.7555947324280867,5.96367382119811,2,0,False,42
permABC-SMC,1847756.6765578636,159.54479690121616,1245388.0,107.53319311141968,0.5648307965532215,24.446346931061022,33.71912608019443,27.280240011184926,0.8278915240974216,10.008098878823205,0.7555947324280867,5.96367382119811,2,0,False,42
permABC-SMC,1849818.991097923,159.5659892707621,1246778.0,107.54747676849365,0.5648307965532215,24.446346931061022,33.71912608019443,27.280240011184926,0.8278915240974216,10.008098878823205,0.7555947324280867,5.96367382119811,2,0,False,42
permABC-SMC,1851881.3056379822,159.5871625385228,1248168.0,107.56174755096436,0.5648307965532215,24.446346931061022,33.71912608019443,27.280240011184926,0.8278915240974216,10.008098878823205,0.7555947324280867,5.96367382119811,2,0,False,42
permABC-SMC,1848458.5798816567,159.13614260374442,1249558.0,107.57603240013123,0.5648307965532215,24.446346931061022,33.71912608019443,27.280240011184926,0.8278915240974216,10.008098878823205,0.7555947324280867,5.96367382119811,2,0,False,42
permABC-SMC,1850514.7928994084,159.15725675560313,1250948.0,107.59030556678772,0.5648307965532215,24.446346931061022,33.71912608019443,27.280240011184926,0.8278915240974216,10.008098878823205,0.7555947324280867,5.96367382119811,2,0,False,42
permABC-SMC,1852571.0059171596,159.17832576311554,1252338.0,107.60454821586609,0.5648307965532215,24.446346931061022,33.71912608019443,27.280240011184926,0.8278915240974216,10.008098878823205,0.7555947324280867,5.96367382119811,2,0,False,42
permABC-SMC,1854627.2189349113,159.1994882335324,1253728.0,107.61885404586792,0.5648307965532215,24.446346931061022,33.71912608019443,27.280240011184926,0.8278915240974216,10.008098878823205,0.7555947324280867,5.96367382119811,2,0,False,42
permABC-SMC,1856683.4319526628,159.2206291898468,1255118.0,107.63314533233643,0.5648307965532215,24.446346931061022,33.71912608019443,27.280240011184926,0.8278915240974216,10.008098878823205,0.7555947324280867,5.96367382119811,2,0,False,42
permABC-SMC,1858739.6449704142,159.24177861072607,1256508.0,107.64744234085083,0.5648307965532215,24.446346931061022,33.71912608019443,27.280240011184926,0.8278915240974216,10.008098878823205,0.7555947324280867,5.96367382119811,2,0,False,42
permABC-SMC,1855306.7846607668,158.79311498287504,1257898.0,107.66173195838928,0.5648307965532215,24.446346931061022,33.71912608019443,27.280240011184926,0.8278915240974216,10.008098878823205,0.7555947324280867,5.96367382119811,2,0,False,42
permABC-SMC,1857356.9321533924,158.814362016751,1259288.0,107.67613744735718,0.5648307965532215,24.446346931061022,33.71912608019443,27.280240011184926,0.8278915240974216,10.008098878823205,0.7555947324280867,5.96367382119811,2,0,False,42
permABC-SMC,1859407.0796460179,158.8354392037631,1260678.0,107.69042778015137,0.5648307965532215,24.446346931061022,33.71912608019443,27.280240011184926,0.8278915240974216,10.008098878823205,0.7555947324280867,5.96367382119811,2,0,False,42
permABC-SMC,1850539.5894428152,157.9249482001028,1262068.0,107.70481467247009,0.5648307965532215,24.446346931061022,33.71912608019443,27.280240011184926,0.8278915240974216,10.008098878823205,0.7555947324280867,5.96367382119811,2,0,False,42
permABC-SMC,1852577.7126099707,157.94592623836485,1263458.0,107.71912169456482,0.5648307965532215,24.446346931061022,33.71912608019443,27.280240011184926,0.8278915240974216,10.008098878823205,0.7555947324280867,5.96367382119811,2,0,False,42
permABC-SMC,1854615.835777126,157.96688889478307,1264848.0,107.73341822624207,0.5648307965532215,24.446346931061022,33.71912608019443,27.280240011184926,0.8278915240974216,10.008098878823205,0.7555947324280867,5.96367382119811,2,0,False,42
permABC-SMC,1851225.1461988303,157.52590469449584,1266238.0,107.74771881103516,0.5648307965532215,24.446346931061022,33.71912608019443,27.280240011184926,0.8278915240974216,10.008098878823205,0.7555947324280867,5.96367382119811,2,0,False,42
permABC-SMC,1853257.3099415204,157.54670322987073,1267628.0,107.76194500923157,0.5648307965532215,24.446346931061022,33.71912608019443,27.280240011184926,0.8278915240974216,10.008098878823205,0.7555947324280867,5.96367382119811,2,0,False,42
permABC-SMC,1844502.9069767443,156.6515679276267,1269018.0,107.77627873420715,0.5648307965532215,24.446346931061022,33.71912608019443,27.280240011184926,0.8278915240974216,10.008098878823205,0.7555947324280867,5.96367382119811,2,0,False,42
permABC-SMC,1846523.2558139535,156.67243994945704,1270408.0,107.79063868522644,0.5648307965532215,24.446346931061022,33.71912608019443,27.280240011184926,0.8278915240974216,10.008098878823205,0.7555947324280867,5.96367382119811,2,0,False,42
permABC-SMC,1843185.5072463767,156.23904207478398,1271798.0,107.80493903160095,0.5648307965532215,24.446346931061022,33.71912608019443,27.280240011184926,0.8278915240974216,10.008098878823205,0.7555947324280867,5.96367382119811,2,0,False,42
permABC-SMC,1845200.0,156.2598898790885,1273188.0,107.81932401657104,0.5648307965532215,24.446346931061022,33.71912608019443,27.280240011184926,0.8278915240974216,10.008098878823205,0.7555947324280867,5.96367382119811,2,0,False,42
permABC-SMC,1847214.4927536233,156.28091010494506,1274578.0,107.83382797241211,0.5648307965532215,24.446346931061022,33.71912608019443,27.280240011184926,0.8278915240974216,10.008098878823205,0.7555947324280867,5.96367382119811,2,0,False,42
permABC-SMC,1849228.9855072463,156.30169744076935,1275968.0,107.84817123413086,0.5648307965532215,24.446346931061022,33.71912608019443,27.280240011184926,0.8278915240974216,10.008098878823205,0.7555947324280867,5.96367382119811,2,0,False,42
permABC-SMC,1851243.4782608696,156.32245609725732,1277358.0,107.86249470710754,0.5648307965532215,24.446346931061022,33.71912608019443,27.280240011184926,0.8278915240974216,10.008098878823205,0.7555947324280867,5.96367382119811,2,0,False,42
permABC-SMC,1853257.9710144927,156.34317674498627,1278748.0,107.87679195404053,0.5648307965532215,24.446346931061022,33.71912608019443,27.280240011184926,0.8278915240974216,10.008098878823205,0.7555947324280867,5.96367382119811,2,0,False,42
permABC-SMC,1855272.463768116,156.36391985243645,1280138.0,107.89110469818115,0.5648307965532215,24.446346931061022,33.71912608019443,27.280240011184926,0.8278915240974216,10.008098878823205,0.7555947324280867,5.96367382119811,2,0,False,42
permABC-SMC,1857286.956521739,156.38456344604492,1281528.0,107.905348777771,0.5648307965532215,24.446346931061022,33.71912608019443,27.280240011184926,0.8278915240974216,10.008098878823205,0.7555947324280867,5.96367382119811,2,0,False,42
permABC-SMC,1859301.4492753623,156.40524228413898,1282918.0,107.91961717605591,0.5648307965532215,24.446346931061022,33.71912608019443,27.280240011184926,0.8278915240974216,10.008098878823205,0.7555947324280867,5.96367382119811,2,0,False,42
permABC-SMC,1861315.9420289856,156.42594565515932,1284308.0,107.93390250205994,0.5648307965532215,24.446346931061022,33.71912608019443,27.280240011184926,0.8278915240974216,10.008098878823205,0.7555947324280867,5.96367382119811,2,0,False,42
permABC-SMC,1863330.4347826089,156.44662760306096,1285698.0,107.94817304611206,0.5648307965532215,24.446346931061022,33.71912608019443,27.280240011184926,0.8278915240974216,10.008098878823205,0.7555947324280867,5.96367382119811,2,0,False,42
permABC-SMC,1865344.9275362317,156.46734928739244,1287088.0,107.96247100830078,0.5648307965532215,24.446346931061022,33.71912608019443,27.280240011184926,0.8278915240974216,10.008098878823205,0.7555947324280867,5.96367382119811,2,0,False,42
permABC-SMC,1861962.4277456647,156.03598728345307,1288478.0,107.97690320014954,0.5648307965532215,24.446346931061022,33.71912608019443,27.280240011184926,0.8278915240974216,10.008098878823205,0.7555947324280867,5.96367382119811,2,0,False,42
permABC-SMC,1863971.098265896,156.05672728808628,1289868.0,107.99125528335571,0.5648307965532215,24.446346931061022,33.71912608019443,27.280240011184926,0.8278915240974216,10.008098878823205,0.7555947324280867,5.96367382119811,2,0,False,42
permABC-SMC,1860602.3054755044,155.62757738041947,1291258.0,108.00553870201111,0.5648307965532215,24.446346931061022,33.71912608019443,27.280240011184926,0.8278915240974216,10.008098878823205,0.7555947324280867,5.96367382119811,2,0,False,42
permABC-SMC,1862605.1873198845,155.64813771921206,1292648.0,108.01980757713318,0.5648307965532215,24.446346931061022,33.71912608019443,27.280240011184926,0.8278915240974216,10.008098878823205,0.7555947324280867,5.96367382119811,2,0,False,42
permABC-SMC,1859250.0,155.2213824343407,1294038.0,108.03408217430115,0.5648307965532215,24.446346931061022,33.71912608019443,27.280240011184926,0.8278915240974216,10.008098878823205,0.7555947324280867,5.96367382119811,2,0,False,42
permABC-SMC,1861247.1264367816,155.24189773647265,1295428.0,108.04836082458496,0.5648307965532215,24.446346931061022,33.71912608019443,27.280240011184926,0.8278915240974216,10.008098878823205,0.7555947324280867,5.96367382119811,2,0,False,42
permABC-SMC,1863244.2528735632,155.26239351294507,1296818.0,108.06262588500977,0.5648307965532215,24.446346931061022,33.71912608019443,27.280240011184926,0.8278915240974216,10.008098878823205,0.7555947324280867,5.96367382119811,2,0,False,42
permABC-SMC,1865241.3793103448,155.28290744485525,1298208.0,108.07690358161926,0.5648307965532215,24.446346931061022,33.71912608019443,27.280240011184926,0.8278915240974216,10.008098878823205,0.7555947324280867,5.96367382119811,2,0,False,42
permABC-SMC,1867238.5057471264,155.30342171932088,1299598.0,108.09118151664734,0.5648307965532215,24.446346931061022,33.71912608019443,27.280240011184926,0.8278915240974216,10.008098878823205,0.7555947324280867,5.96367382119811,2,0,False,42
permABC-SMC,1869235.6321839083,155.32408363517675,1300988.0,108.10556221008301,0.5648307965532215,24.446346931061022,33.71912608019443,27.280240011184926,0.8278915240974216,10.008098878823205,0.7555947324280867,5.96367382119811,2,0,False,42
permABC-SMC,1871232.7586206899,155.34465032062312,1302378.0,108.11987662315369,0.5648307965532215,24.446346931061022,33.71912608019443,27.280240011184926,0.8278915240974216,10.008098878823205,0.7555947324280867,5.96367382119811,2,0,False,42
permABC-SMC,1873229.8850574712,155.36540541155586,1303768.0,108.13432216644287,0.5648307965532215,24.446346931061022,33.71912608019443,27.280240011184926,0.8278915240974216,10.008098878823205,0.7555947324280867,5.96367382119811,2,0,False,42
permABC-SMC,1875227.0114942528,155.38590221569456,1305158.0,108.14858794212341,0.5648307965532215,24.446346931061022,33.71912608019443,27.280240011184926,0.8278915240974216,10.008098878823205,0.7555947324280867,5.96367382119811,2,0,False,42
permABC-SMC,1877224.1379310344,155.40640758371902,1306548.0,108.16285967826843,0.5648307965532215,24.446346931061022,33.71912608019443,27.280240011184926,0.8278915240974216,10.008098878823205,0.7555947324280867,5.96367382119811,2,0,False,42
permABC-SMC,1879221.264367816,155.42694172639958,1307938.0,108.1771514415741,0.5648307965532215,24.446346931061022,33.71912608019443,27.280240011184926,0.8278915240974216,10.008098878823205,0.7555947324280867,5.96367382119811,2,0,False,42
permABC-SMC,1881218.3908045976,155.44755808238324,1309328.0,108.19150042533875,0.5648307965532215,24.446346931061022,33.71912608019443,27.280240011184926,0.8278915240974216,10.008098878823205,0.7555947324280867,5.96367382119811,2,0,False,42
permABC-SMC,1883215.5172413792,155.46827138155356,1310718.0,108.20591688156128,0.5648307965532215,24.446346931061022,33.71912608019443,27.280240011184926,0.8278915240974216,10.008098878823205,0.7555947324280867,5.96367382119811,2,0,False,42
permABC-SMC,1879810.8882521489,155.04331199350875,1312108.0,108.22023177146912,0.5648307965532215,24.446346931061022,33.71912608019443,27.280240011184926,0.8278915240974216,10.008098878823205,0.7555947324280867,5.96367382119811,2,0,False,42
permABC-SMC,1881802.2922636103,155.0638009620601,1313498.0,108.23453307151794,0.5648307965532215,24.446346931061022,33.71912608019443,27.280240011184926,0.8278915240974216,10.008098878823205,0.7555947324280867,5.96367382119811,2,0,False,42
permABC-SMC,1883793.6962750717,155.08426362942146,1314888.0,108.24881601333618,0.5648307965532215,24.446346931061022,33.71912608019443,27.280240011184926,0.8278915240974216,10.008098878823205,0.7555947324280867,5.96367382119811,2,0,False,42
permABC-SMC,1885785.100286533,155.10476899351977,1316278.0,108.2631287574768,0.5648307965532215,24.446346931061022,33.71912608019443,27.280240011184926,0.8278915240974216,10.008098878823205,0.7555947324280867,5.96367382119811,2,0,False,42
permABC-SMC,1882382.857142857,154.68209913798742,1317668.0,108.27746939659119,0.5648307965532215,24.446346931061022,33.71912608019443,27.280240011184926,0.8278915240974216,10.008098878823205,0.7555947324280867,5.96367382119811,2,0,False,42
permABC-SMC,1884368.5714285714,154.70248665128435,1319058.0,108.29174065589905,0.5648307965532215,24.446346931061022,33.71912608019443,27.280240011184926,0.8278915240974216,10.008098878823205,0.7555947324280867,5.96367382119811,2,0,False,42
permABC-SMC,1870322.9461756372,153.40803263883078,1320448.0,108.30607104301453,0.5648307965532215,24.446346931061022,33.71912608019443,27.280240011184926,0.8278915240974216,10.008098878823205,0.7555947324280867,5.96367382119811,2,0,False,42
permABC-SMC,1872291.7847025497,153.42829517872408,1321838.0,108.3203763961792,0.5648307965532215,24.446346931061022,33.71912608019443,27.280240011184926,0.8278915240974216,10.008098878823205,0.7555947324280867,5.96367382119811,2,0,False,42
permABC-SMC,1874260.6232294617,153.44866848532268,1323228.0,108.33475995063782,0.5648307965532215,24.446346931061022,33.71912608019443,27.280240011184926,0.8278915240974216,10.008098878823205,0.7555947324280867,5.96367382119811,2,0,False,42
permABC-SMC,1876229.461756374,153.4690127494315,1324618.0,108.34912300109863,0.5648307965532215,24.446346931061022,33.71912608019443,27.280240011184926,0.8278915240974216,10.008098878823205,0.7555947324280867,5.96367382119811,2,0,False,42
permABC-SMC,1878198.300283286,153.4893468824392,1326008.0,108.36347889900208,0.5648307965532215,24.446346931061022,33.71912608019443,27.280240011184926,0.8278915240974216,10.008098878823205,0.7555947324280867,5.96367382119811,2,0,False,42
permABC-SMC,1880167.1388101983,153.50962900912796,1327398.0,108.37779808044434,0.5648307965532215,24.446346931061022,33.71912608019443,27.280240011184926,0.8278915240974216,10.008098878823205,0.7555947324280867,5.96367382119811,2,0,False,42
permABC-SMC,1882135.9773371106,153.53012523975318,1328788.0,108.39226841926575,0.5648307965532215,24.446346931061022,33.71912608019443,27.280240011184926,0.8278915240974216,10.008098878823205,0.7555947324280867,5.96367382119811,2,0,False,42
permABC-SMC,1878782.4858757062,153.1168138240017,1330178.0,108.40670418739319,0.5648307965532215,24.446346931061022,33.71912608019443,27.280240011184926,0.8278915240974216,10.008098878823205,0.7555947324280867,5.96367382119811,2,0,False,42
permABC-SMC,1880745.7627118644,153.13706357600327,1331568.0,108.4210410118103,0.5648307965532215,24.446346931061022,33.71912608019443,27.280240011184926,0.8278915240974216,10.008098878823205,0.7555947324280867,5.96367382119811,2,0,False,42
permABC-SMC,1882709.0395480227,153.15733353296915,1332958.0,108.43539214134216,0.5648307965532215,24.446346931061022,33.71912608019443,27.280240011184926,0.8278915240974216,10.008098878823205,0.7555947324280867,5.96367382119811,2,0,False,42
permABC-SMC,1879363.38028169,152.74610922370158,1334348.0,108.44973754882812,0.5648307965532215,24.446346931061022,33.71912608019443,27.280240011184926,0.8278915240974216,10.008098878823205,0.7555947324280867,5.96367382119811,2,0,False,42
permABC-SMC,1881321.1267605633,152.7663761461285,1335738.0,108.46412706375122,0.5648307965532215,24.446346931061022,33.71912608019443,27.280240011184926,0.8278915240974216,10.008098878823205,0.7555947324280867,5.96367382119811,2,0,False,42
permABC-SMC,1883278.8732394364,152.7865772515955,1337128.0,108.47846984863281,0.5648307965532215,24.446346931061022,33.71912608019443,27.280240011184926,0.8278915240974216,10.008098878823205,0.7555947324280867,5.96367382119811,2,0,False,42
permABC-SMC,1885236.6197183097,152.8068119371441,1338518.0,108.49283647537231,0.5648307965532215,24.446346931061022,33.71912608019443,27.280240011184926,0.8278915240974216,10.008098878823205,0.7555947324280867,5.96367382119811,2,0,False,42
permABC-SMC,1887194.3661971833,152.82712721488843,1339908.0,108.5072603225708,0.5648307965532215,24.446346931061022,33.71912608019443,27.280240011184926,0.8278915240974216,10.008098878823205,0.7555947324280867,5.96367382119811,2,0,False,42
permABC-SMC,1889152.1126760563,152.84739044350636,1341298.0,108.52164721488953,0.5648307965532215,24.446346931061022,33.71912608019443,27.280240011184926,0.8278915240974216,10.008098878823205,0.7555947324280867,5.96367382119811,2,0,False,42
permABC-SMC,1891109.8591549296,152.86755427508285,1342688.0,108.53596353530884,0.5648307965532215,24.446346931061022,33.71912608019443,27.280240011184926,0.8278915240974216,10.008098878823205,0.7555947324280867,5.96367382119811,2,0,False,42
permABC-SMC,1893067.6056338027,152.88785880720113,1344078.0,108.5503797531128,0.5648307965532215,24.446346931061022,33.71912608019443,27.280240011184926,0.8278915240974216,10.008098878823205,0.7555947324280867,5.96367382119811,2,0,False,42
permABC-SMC,1895025.352112676,152.9080975223595,1345468.0,108.56474924087524,0.5648307965532215,24.446346931061022,33.71912608019443,27.280240011184926,0.8278915240974216,10.008098878823205,0.7555947324280867,5.96367382119811,2,0,False,42
permABC-SMC,1896983.0985915493,152.92826941315556,1346858.0,108.57907128334045,0.5648307965532215,24.446346931061022,33.71912608019443,27.280240011184926,0.8278915240974216,10.008098878823205,0.7555947324280867,5.96367382119811,2,0,False,42
permABC-SMC,1898940.8450704224,152.9484144398864,1348248.0,108.59337425231934,0.5648307965532215,24.446346931061022,33.71912608019443,27.280240011184926,0.8278915240974216,10.008098878823205,0.7555947324280867,5.96367382119811,2,0,False,42
permABC-SMC,1900898.591549296,152.96867229569125,1349638.0,108.6077573299408,0.5648307965532215,24.446346931061022,33.71912608019443,27.280240011184926,0.8278915240974216,10.008098878823205,0.7555947324280867,5.96367382119811,2,0,False,42
permABC-SMC,1902856.338028169,152.98896305997604,1351028.0,108.62216377258301,0.5648307965532215,24.446346931061022,33.71912608019443,27.280240011184926,0.8278915240974216,10.008098878823205,0.7555947324280867,5.96367382119811,2,0,False,42
permABC-SMC,1904814.0845070423,153.00913058536153,1352418.0,108.63648271560669,0.5648307965532215,24.446346931061022,33.71912608019443,27.280240011184926,0.8278915240974216,10.008098878823205,0.7555947324280867,5.96367382119811,2,0,False,42
permABC-SMC,1906771.8309859156,153.0292571430475,1353808.0,108.65077257156372,0.5648307965532215,24.446346931061022,33.71912608019443,27.280240011184926,0.8278915240974216,10.008098878823205,0.7555947324280867,5.96367382119811,2,0,False,42
permABC-SMC,1908729.5774647887,153.04937496991224,1355198.0,108.6650562286377,0.5648307965532215,24.446346931061022,33.71912608019443,27.280240011184926,0.8278915240974216,10.008098878823205,0.7555947324280867,5.96367382119811,2,0,False,42
permABC-SMC,1910687.323943662,153.06959890983472,1356588.0,108.67941522598267,0.5648307965532215,24.446346931061022,33.71912608019443,27.280240011184926,0.8278915240974216,10.008098878823205,0.7555947324280867,5.96367382119811,2,0,False,42
permABC-SMC,1912645.070422535,153.08978288946017,1357978.0,108.69374585151672,0.5648307965532215,24.446346931061022,33.71912608019443,27.280240011184926,0.8278915240974216,10.008098878823205,0.7555947324280867,5.96367382119811,2,0,False,42
permABC-SMC,1914602.8169014084,153.10998365912639,1359368.0,108.70808839797974,0.5648307965532215,24.446346931061022,33.71912608019443,27.280240011184926,0.8278915240974216,10.008098878823205,0.7555947324280867,5.96367382119811,2,0,False,42
permABC-SMC,1911176.966292135,152.70005216759242,1360758.0,108.7224371433258,0.5648307965532215,24.446346931061022,33.71912608019443,27.280240011184926,0.8278915240974216,10.008098878823205,0.7555947324280867,5.96367382119811,2,0,False,42
permABC-SMC,1907770.3081232493,152.2923614464554,1362148.0,108.73674607276917,0.5648307965532215,24.446346931061022,33.71912608019443,27.280240011184926,0.8278915240974216,10.008098878823205,0.7555947324280867,5.96367382119811,2,0,False,42
permABC-SMC,1909717.0868347338,152.3124750922708,1363538.0,108.75110721588135,0.5648307965532215,24.446346931061022,33.71912608019443,27.280240011184926,0.8278915240974216,10.008098878823205,0.7555947324280867,5.96367382119811,2,0,False,42
permABC-SMC,1906324.0223463688,151.90707172095443,1364928.0,108.76546335220337,0.5648307965532215,24.446346931061022,33.71912608019443,27.280240011184926,0.8278915240974216,10.008098878823205,0.7555947324280867,5.96367382119811,2,0,False,42
permABC-SMC,1908265.3631284917,151.92713118132266,1366318.0,108.77982592582703,0.5648307965532215,24.446346931061022,33.71912608019443,27.280240011184926,0.8278915240974216,10.008098878823205,0.7555947324280867,5.96367382119811,2,0,False,42
permABC-SMC,1904885.7938718663,151.52396830343602,1367708.0,108.79420924186707,0.5648307965532215,24.446346931061022,33.71912608019443,27.280240011184926,0.8278915240974216,10.008098878823205,0.7555947324280867,5.96367382119811,2,0,False,42
permABC-SMC,1906821.7270194986,151.54402269294334,1369098.0,108.80860829353333,0.5648307965532215,24.446346931061022,33.71912608019443,27.280240011184926,0.8278915240974216,10.008098878823205,0.7555947324280867,5.96367382119811,2,0,False,42
permABC-SMC,1908757.660167131,151.5641375172437,1370488.0,108.82305073738098,0.5648307965532215,24.446346931061022,33.71912608019443,27.280240011184926,0.8278915240974216,10.008098878823205,0.7555947324280867,5.96367382119811,2,0,False,42
permABC-SMC,1910693.5933147632,151.58428455129638,1371878.0,108.83751630783081,0.5648307965532215,24.446346931061022,33.71912608019443,27.280240011184926,0.8278915240974216,10.008098878823205,0.7555947324280867,5.96367382119811,2,0,False,42
permABC-SMC,1912629.5264623954,151.60445947833048,1373268.0,108.85200190544128,0.5648307965532215,24.446346931061022,33.71912608019443,27.280240011184926,0.8278915240974216,10.008098878823205,0.7555947324280867,5.96367382119811,2,0,False,42
permABC-SMC,1914565.4596100277,151.62445874599362,1374658.0,108.86636137962341,0.5648307965532215,24.446346931061022,33.71912608019443,27.280240011184926,0.8278915240974216,10.008098878823205,0.7555947324280867,5.96367382119811,2,0,False,42
permABC-SMC,1916501.3927576602,151.64456892146376,1376048.0,108.88080048561096,0.5648307965532215,24.446346931061022,33.71912608019443,27.280240011184926,0.8278915240974216,10.008098878823205,0.7555947324280867,5.96367382119811,2,0,False,42
permABC-SMC,1918437.3259052925,151.66468009311177,1377438.0,108.89524030685425,0.5648307965532215,24.446346931061022,33.71912608019443,27.280240011184926,0.8278915240974216,10.008098878823205,0.7555947324280867,5.96367382119811,2,0,False,42
permABC-SMC,1920373.2590529248,151.68464881131908,1378828.0,108.9095778465271,0.5648307965532215,24.446346931061022,33.71912608019443,27.280240011184926,0.8278915240974216,10.008098878823205,0.7555947324280867,5.96367382119811,2,0,False,42
permABC-SMC,1922309.192200557,151.7047015405299,1380218.0,108.92397570610046,0.5648307965532215,24.446346931061022,33.71912608019443,27.280240011184926,0.8278915240974216,10.008098878823205,0.7555947324280867,5.96367382119811,2,0,False,42
permABC-SMC,1924245.1253481896,151.72494321148375,1381608.0,108.93850922584534,0.5648307965532215,24.446346931061022,33.71912608019443,27.280240011184926,0.8278915240974216,10.008098878823205,0.7555947324280867,5.96367382119811,2,0,False,42
permABC-SMC,1926181.0584958217,151.74496007828992,1382998.0,108.95288133621216,0.5648307965532215,24.446346931061022,33.71912608019443,27.280240011184926,0.8278915240974216,10.008098878823205,0.7555947324280867,5.96367382119811,2,0,False,42
permABC-SMC,1928116.991643454,151.76488994555885,1384388.0,108.96719098091125,0.5648307965532215,24.446346931061022,33.71912608019443,27.280240011184926,0.8278915240974216,10.008098878823205,0.7555947324280867,5.96367382119811,2,0,False,42
permABC-SMC,1930052.9247910862,151.78478793513474,1385778.0,108.98147773742676,0.5648307965532215,24.446346931061022,33.71912608019443,27.280240011184926,0.8278915240974216,10.008098878823205,0.7555947324280867,5.96367382119811,2,0,False,42
permABC-SMC,1926622.2222222222,151.38307842943405,1387168.0,108.9958164691925,0.5648307965532215,24.446346931061022,33.71912608019443,27.280240011184926,0.8278915240974216,10.008098878823205,0.7555947324280867,5.96367382119811,2,0,False,42
permABC-SMC,1928552.7777777778,151.40296353234183,1388558.0,109.01013374328613,0.5648307965532215,24.446346931061022,33.71912608019443,27.280240011184926,0.8278915240974216,10.008098878823205,0.7555947324280867,5.96367382119811,2,0,False,42
permABC-SMC,1925135.7340720221,151.00343901034537,1389948.0,109.02448296546936,0.5648307965532215,24.446346931061022,33.71912608019443,27.280240011184926,0.8278915240974216,10.008098878823205,0.7555947324280867,5.96367382119811,2,0,False,42
permABC-SMC,1921737.5690607734,150.60647317717746,1391338.0,109.03908658027649,0.5648307965532215,24.446346931061022,33.71912608019443,27.280240011184926,0.8278915240974216,10.008098878823205,0.7555947324280867,5.96367382119811,2,0,False,42
permABC-SMC,1923657.458563536,150.62650955843003,1392728.0,109.05359292030334,0.5648307965532215,24.446346931061022,33.71912608019443,27.280240011184926,0.8278915240974216,10.008098878823205,0.7555947324280867,5.96367382119811,2,0,False,42
permABC-SMC,1925577.3480662983,150.6464260717782,1394118.0,109.06801247596741,0.5648307965532215,24.446346931061022,33.71912608019443,27.280240011184926,0.8278915240974216,10.008098878823205,0.7555947324280867,5.96367382119811,2,0,False,42
permABC-SMC,1927497.2375690609,150.66624280497516,1395508.0,109.082359790802,0.5648307965532215,24.446346931061022,33.71912608019443,27.280240011184926,0.8278915240974216,10.008098878823205,0.7555947324280867,5.96367382119811,2,0,False,42
permABC-SMC,1924101.9283746558,150.27205182172708,1396898.0,109.09750962257385,0.5648307965532215,24.446346931061022,33.71912608019443,27.280240011184926,0.8278915240974216,10.008098878823205,0.7555947324280867,5.96367382119811,2,0,False,42
permABC-SMC,1926016.52892562,150.29227208171667,1398288.0,109.1121895313263,0.5648307965532215,24.446346931061022,33.71912608019443,27.280240011184926,0.8278915240974216,10.008098878823205,0.7555947324280867,5.96367382119811,2,0,False,42
permABC-SMC,1922634.6153846155,149.89906975201197,1399678.0,109.12652277946472,0.5648307965532215,24.446346931061022,33.71912608019443,27.280240011184926,0.8278915240974216,10.008098878823205,0.7555947324280867,5.96367382119811,2,0,False,42
permABC-SMC,1924543.956043956,149.9186492228246,1401068.0,109.14077663421631,0.5648307965532215,24.446346931061022,33.71912608019443,27.280240011184926,0.8278915240974216,10.008098878823205,0.7555947324280867,5.96367382119811,2,0,False,42
permABC-SMC,1926453.2967032967,149.9382060962719,1402458.0,109.15501403808594,0.5648307965532215,24.446346931061022,33.71912608019443,27.280240011184926,0.8278915240974216,10.008098878823205,0.7555947324280867,5.96367382119811,2,0,False,42
permABC-SMC,1928362.6373626373,149.95783207180736,1403848.0,109.16930174827576,0.5648307965532215,24.446346931061022,33.71912608019443,27.280240011184926,0.8278915240974216,10.008098878823205,0.7555947324280867,5.96367382119811,2,0,False,42
permABC-SMC,1930271.978021978,149.9774082676395,1405238.0,109.18355321884155,0.5648307965532215,24.446346931061022,33.71912608019443,27.280240011184926,0.8278915240974216,10.008098878823205,0.7555947324280867,5.96367382119811,2,0,False,42
permABC-SMC,1932181.3186813188,149.99702114325302,1406628.0,109.19783139228821,0.5648307965532215,24.446346931061022,33.71912608019443,27.280240011184926,0.8278915240974216,10.008098878823205,0.7555947324280867,5.96367382119811,2,0,False,42
permABC-SMC,1928791.7808219178,149.6057059666882,1408018.0,109.21216535568237,0.5648307965532215,24.446346931061022,33.71912608019443,27.280240011184926,0.8278915240974216,10.008098878823205,0.7555947324280867,5.96367382119811,2,0,False,42
permABC-SMC,1930695.890410959,149.62527915223004,1409408.0,109.22645378112793,0.5648307965532215,24.446346931061022,33.71912608019443,27.280240011184926,0.8278915240974216,10.008098878823205,0.7555947324280867,5.96367382119811,2,0,False,42
permABC-SMC,1932600.0,149.6451345208573,1410798.0,109.24094820022583,0.5648307965532215,24.446346931061022,33.71912608019443,27.280240011184926,0.8278915240974216,10.008098878823205,0.7555947324280867,5.96367382119811,2,0,False,42
permABC-SMC,1923961.8528610354,148.84934698203602,1412188.0,109.25542068481445,0.5648307965532215,24.446346931061022,33.71912608019443,27.280240011184926,0.8278915240974216,10.008098878823205,0.7555947324280867,5.96367382119811,2,0,False,42
permABC-SMC,1915417.3441734416,148.06191643402184,1413578.0,109.2696943283081,0.5648307965532215,24.446346931061022,33.71912608019443,27.280240011184926,0.8278915240974216,10.008098878823205,0.7555947324280867,5.96367382119811,2,0,False,42
permABC-SMC,1917300.81300813,148.08127905941268,1414968.0,109.28398394584656,0.5648307965532215,24.446346931061022,33.71912608019443,27.280240011184926,0.8278915240974216,10.008098878823205,0.7555947324280867,5.96367382119811,2,0,False,42
permABC-SMC,1913997.2972972973,147.70040383210053,1416358.0,109.2982988357544,0.5648307965532215,24.446346931061022,33.71912608019443,27.280240011184926,0.8278915240974216,10.008098878823205,0.7555947324280867,5.96367382119811,2,0,False,42
permABC-SMC,1915875.6756756757,147.71970768232603,1417748.0,109.31258368492126,0.5648307965532215,24.446346931061022,33.71912608019443,27.280240011184926,0.8278915240974216,10.008098878823205,0.7555947324280867,5.96367382119811,2,0,False,42
permABC-SMC,1917754.054054054,147.73895063915768,1419138.0,109.32682347297668,0.5648307965532215,24.446346931061022,33.71912608019443,27.280240011184926,0.8278915240974216,10.008098878823205,0.7555947324280867,5.96367382119811,2,0,False,42
permABC-SMC,1914458.2210242588,147.3599787992287,1420528.0,109.34110426902771,0.5648307965532215,24.446346931061022,33.71912608019443,27.280240011184926,0.8278915240974216,10.008098878823205,0.7555947324280867,5.96367382119811,2,0,False,42
permABC-SMC,1911180.1075268819,146.98307584690792,1421918.0,109.35540843009949,0.5648307965532215,24.446346931061022,33.71912608019443,27.280240011184926,0.8278915240974216,10.008098878823205,0.7555947324280867,5.96367382119811,2,0,False,42
permABC-SMC,1913048.387096774,147.0024037745691,1423308.0,109.36978840827942,0.5648307965532215,24.446346931061022,33.71912608019443,27.280240011184926,0.8278915240974216,10.008098878823205,0.7555947324280867,5.96367382119811,2,0,False,42
permABC-SMC,1914916.6666666667,147.02162402932362,1424698.0,109.38408827781677,0.5648307965532215,24.446346931061022,33.71912608019443,27.280240011184926,0.8278915240974216,10.008098878823205,0.7555947324280867,5.96367382119811,2,0,False,42
permABC-SMC,1916784.9462365592,147.04083178633005,1426088.0,109.39837884902954,0.5648307965532215,24.446346931061022,33.71912608019443,27.280240011184926,0.8278915240974216,10.008098878823205,0.7555947324280867,5.96367382119811,2,0,False,42
permABC-SMC,1913509.383378016,146.66579172374736,1427478.0,109.41268062591553,0.5648307965532215,24.446346931061022,33.71912608019443,27.280240011184926,0.8278915240974216,10.008098878823205,0.7555947324280867,5.96367382119811,2,0,False,42
permABC-SMC,1910251.3368983958,146.29279037210392,1428868.0,109.42700719833374,0.5648307965532215,24.446346931061022,33.71912608019443,27.280240011184926,0.8278915240974216,10.008098878823205,0.7555947324280867,5.96367382119811,2,0,False,42
permABC-SMC,1912109.625668449,146.31192186936974,1430258.0,109.44131755828857,0.5648307965532215,24.446346931061022,33.71912608019443,27.280240011184926,0.8278915240974216,10.008098878823205,0.7555947324280867,5.96367382119811,2,0,False,42
permABC-SMC,1913967.9144385026,146.3309577442108,1431648.0,109.45555639266968,0.5648307965532215,24.446346931061022,33.71912608019443,27.280240011184926,0.8278915240974216,10.008098878823205,0.7555947324280867,5.96367382119811,2,0,False,42
permABC-SMC,1915826.2032085562,146.35000413751857,1433038.0,109.46980309486389,0.5648307965532215,24.446346931061022,33.71912608019443,27.280240011184926,0.8278915240974216,10.008098878823205,0.7555947324280867,5.96367382119811,2,0,False,42
permABC-SMC,1907484.0425531915,145.59053994239645,1434428.0,109.48408603668213,0.5648307965532215,24.446346931061022,33.71912608019443,27.280240011184926,0.8278915240974216,10.008098878823205,0.7555947324280867,5.96367382119811,2,0,False,42
permABC-SMC,1909332.4468085107,145.60954304451636,1435818.0,109.49837636947632,0.5648307965532215,24.446346931061022,33.71912608019443,27.280240011184926,0.8278915240974216,10.008098878823205,0.7555947324280867,5.96367382119811,2,0,False,42
permABC-SMC,1911180.8510638298,145.62849890678487,1437208.0,109.51263117790222,0.5648307965532215,24.446346931061022,33.71912608019443,27.280240011184926,0.8278915240974216,10.008098878823205,0.7555947324280867,5.96367382119811,2,0,False,42
permABC-SMC,1913029.255319149,145.64754417602052,1438598.0,109.52695322036743,0.5648307965532215,24.446346931061022,33.71912608019443,27.280240011184926,0.8278915240974216,10.008098878823205,0.7555947324280867,5.96367382119811,2,0,False,42
permABC-SMC,1909798.4084880636,145.28017524699,1439988.0,109.54125213623047,0.5648307965532215,24.446346931061022,33.71912608019443,27.280240011184926,0.8278915240974216,10.008098878823205,0.7555947324280867,5.96367382119811,2,0,False,42
permABC-SMC,1911641.9098143235,145.29925790326348,1441378.0,109.55564045906067,0.5648307965532215,24.446346931061022,33.71912608019443,27.280240011184926,0.8278915240974216,10.008098878823205,0.7555947324280867,5.96367382119811,2,0,False,42
permABC-SMC,1913485.4111405837,145.31816506575527,1442768.0,109.56989645957947,0.5648307965532215,24.446346931061022,33.71912608019443,27.280240011184926,0.8278915240974216,10.008098878823205,0.7555947324280867,5.96367382119811,2,0,False,42
permABC-SMC,1910261.9047619049,144.95262771687177,1444158.0,109.58418655395508,0.5648307965532215,24.446346931061022,33.71912608019443,27.280240011184926,0.8278915240974216,10.008098878823205,0.7555947324280867,5.96367382119811,2,0,False,42
permABC-SMC,1912100.529100529,144.97164853666195,1445548.0,109.59856629371643,0.5648307965532215,24.446346931061022,33.71912608019443,27.280240011184926,0.8278915240974216,10.008098878823205,0.7555947324280867,5.96367382119811,2,0,False,42
permABC-SMC,1913939.1534391535,144.9904782431466,1446938.0,109.61280155181885,0.5648307965532215,24.446346931061022,33.71912608019443,27.280240011184926,0.8278915240974216,10.008098878823205,0.7555947324280867,5.96367382119811,2,0,False,42
permABC-SMC,1910722.9551451188,144.62685962465633,1448328.0,109.6271595954895,0.5648307965532215,24.446346931061022,33.71912608019443,27.280240011184926,0.8278915240974216,10.008098878823205,0.7555947324280867,5.96367382119811,2,0,False,42
permABC-SMC,1912556.72823219,144.64572237160718,1449718.0,109.64145755767822,0.5648307965532215,24.446346931061022,33.71912608019443,27.280240011184926,0.8278915240974216,10.008098878823205,0.7555947324280867,5.96367382119811,2,0,False,42
permABC-SMC,1914390.501319261,144.66454234160975,1451108.0,109.65572309494019,0.5648307965532215,24.446346931061022,33.71912608019443,27.280240011184926,0.8278915240974216,10.008098878823205,0.7555947324280867,5.96367382119811,2,0,False,42
permABC-SMC,1916224.2744063323,144.68338118379538,1452498.0,109.6700029373169,0.5648307965532215,24.446346931061022,33.71912608019443,27.280240011184926,0.8278915240974216,10.008098878823205,0.7555947324280867,5.96367382119811,2,0,False,42
permABC-SMC,1918058.0474934035,144.7022577703471,1453888.0,109.6843113899231,0.5648307965532215,24.446346931061022,33.71912608019443,27.280240011184926,0.8278915240974216,10.008098878823205,0.7555947324280867,5.96367382119811,2,0,False,42
permABC-SMC,1919891.820580475,144.721315529856,1455278.0,109.69875717163086,0.5648307965532215,24.446346931061022,33.71912608019443,27.280240011184926,0.8278915240974216,10.008098878823205,0.7555947324280867,5.96367382119811,2,0,False,42
permABC-SMC,1921725.5936675463,144.74025030563877,1456668.0,109.7131097316742,0.5648307965532215,24.446346931061022,33.71912608019443,27.280240011184926,0.8278915240974216,10.008098878823205,0.7555947324280867,5.96367382119811,2,0,False,42
permABC-SMC,1923559.3667546175,144.7590815989512,1458058.0,109.727383852005,0.5648307965532215,24.446346931061022,33.71912608019443,27.280240011184926,0.8278915240974216,10.008098878823205,0.7555947324280867,5.96367382119811,2,0,False,42
permABC-SMC,1925393.1398416888,144.7780884035659,1459448.0,109.74179100990295,0.5648307965532215,24.446346931061022,33.71912608019443,27.280240011184926,0.8278915240974216,10.008098878823205,0.7555947324280867,5.96367382119811,2,0,False,42
permABC-SMC,1927226.9129287598,144.79698197508236,1460838.0,109.75611233711243,0.5648307965532215,24.446346931061022,33.71912608019443,27.280240011184926,0.8278915240974216,10.008098878823205,0.7555947324280867,5.96367382119811,2,0,False,42
permABC-SMC,1923984.2105263157,144.4348162726352,1462228.0,109.77046036720276,0.5648307965532215,24.446346931061022,33.71912608019443,27.280240011184926,0.8278915240974216,10.008098878823205,0.7555947324280867,5.96367382119811,2,0,False,42
permABC-SMC,1925813.1578947369,144.4536231066051,1463618.0,109.7847535610199,0.5648307965532215,24.446346931061022,33.71912608019443,27.280240011184926,0.8278915240974216,10.008098878823205,0.7555947324280867,5.96367382119811,2,0,False,42
permABC-SMC,1927642.105263158,144.47247103640908,1465008.0,109.7990779876709,0.5648307965532215,24.446346931061022,33.71912608019443,27.280240011184926,0.8278915240974216,10.008098878823205,0.7555947324280867,5.96367382119811,2,0,False,42
permABC-SMC,1929471.0526315789,144.49151566154077,1466398.0,109.813551902771,0.5648307965532215,24.446346931061022,33.71912608019443,27.280240011184926,0.8278915240974216,10.008098878823205,0.7555947324280867,5.96367382119811,2,0,False,42
permABC-SMC,1931300.0,144.51039025658056,1467788.0,109.82789659500122,0.5648307965532215,24.446346931061022,33.71912608019443,27.280240011184926,0.8278915240974216,10.008098878823205,0.7555947324280867,5.96367382119811,2,0,False,42
permABC-SMC,1933128.947368421,144.52940664793314,1469178.0,109.8423490524292,0.5648307965532215,24.446346931061022,33.71912608019443,27.280240011184926,0.8278915240974216,10.008098878823205,0.7555947324280867,5.96367382119811,2,0,False,42
permABC-SMC,1929879.2650918635,144.16884812783067,1470568.0,109.85666227340698,0.5648307965532215,24.446346931061022,33.71912608019443,27.280240011184926,0.8278915240974216,10.008098878823205,0.7555947324280867,5.96367382119811,2,0,False,42
permABC-SMC,1931703.412073491,144.18761623813097,1471958.0,109.87096357345581,0.5648307965532215,24.446346931061022,33.71912608019443,27.280240011184926,0.8278915240974216,10.008098878823205,0.7555947324280867,5.96367382119811,2,0,False,42
permABC-SMC,1928465.9685863873,143.82893596020043,1473348.0,109.88530707359314,0.5648307965532215,24.446346931061022,33.71912608019443,27.280240011184926,0.8278915240974216,10.008098878823205,0.7555947324280867,5.96367382119811,2,0,False,42
permABC-SMC,1930285.3403141361,143.84772577835002,1474738.0,109.89966249465942,0.5648307965532215,24.446346931061022,33.71912608019443,27.280240011184926,0.8278915240974216,10.008098878823205,0.7555947324280867,5.96367382119811,2,0,False,42
permABC-SMC,1932104.712041885,143.86671719126676,1476128.0,109.91417193412781,0.5648307965532215,24.446346931061022,33.71912608019443,27.280240011184926,0.8278915240974216,10.008098878823205,0.7555947324280867,5.96367382119811,2,0,False,42
permABC-SMC,1933924.0837696334,143.88546550461135,1477518.0,109.92849564552307,0.5648307965532215,24.446346931061022,33.71912608019443,27.280240011184926,0.8278915240974216,10.008098878823205,0.7555947324280867,5.96367382119811,2,0,False,42
permABC-SMC,1935743.4554973822,143.90411458090338,1478908.0,109.94274353981018,0.5648307965532215,24.446346931061022,33.71912608019443,27.280240011184926,0.8278915240974216,10.008098878823205,0.7555947324280867,5.96367382119811,2,0,False,42
permABC-SMC,1937562.8272251307,143.92283948928275,1480298.0,109.95704936981201,0.5648307965532215,24.446346931061022,33.71912608019443,27.280240011184926,0.8278915240974216,10.008098878823205,0.7555947324280867,5.96367382119811,2,0,False,42
permABC-SMC,1939382.1989528798,143.941491998303,1481688.0,109.97129988670349,0.5648307965532215,24.446346931061022,33.71912608019443,27.280240011184926,0.8278915240974216,10.008098878823205,0.7555947324280867,5.96367382119811,2,0,False,42
permABC-SMC,1941201.5706806283,143.96017290534775,1483078.0,109.98557209968567,0.5648307965532215,24.446346931061022,33.71912608019443,27.280240011184926,0.8278915240974216,10.008098878823205,0.7555947324280867,5.96367382119811,2,0,False,42
permABC-SMC,1943020.9424083768,143.97888283454935,1484468.0,109.9998664855957,0.5648307965532215,24.446346931061022,33.71912608019443,27.280240011184926,0.8278915240974216,10.008098878823205,0.7555947324280867,5.96367382119811,2,0,False,42
permABC-SMC,1944840.3141361256,143.99757310358015,1485858.0,110.01414585113525,0.5648307965532215,24.446346931061022,33.71912608019443,27.280240011184926,0.8278915240974216,10.008098878823205,0.7555947324280867,5.96367382119811,2,0,False,42
permABC-SMC,1946659.6858638744,144.01627055013367,1487248.0,110.02843070030212,0.5648307965532215,24.446346931061022,33.71912608019443,27.280240011184926,0.8278915240974216,10.008098878823205,0.7555947324280867,5.96367382119811,2,0,False,42
permABC-SMC,1943391.644908616,143.6588312876131,1488638.0,110.04266476631165,0.5648307965532215,24.446346931061022,33.71912608019443,27.280240011184926,0.8278915240974216,10.008098878823205,0.7555947324280867,5.96367382119811,2,0,False,42
permABC-SMC,1945206.266318538,143.67744941313023,1490028.0,110.05692625045776,0.5648307965532215,24.446346931061022,33.71912608019443,27.280240011184926,0.8278915240974216,10.008098878823205,0.7555947324280867,5.96367382119811,2,0,False,42
permABC-SMC,1947020.8877284594,143.69610955758756,1491418.0,110.07121992111206,0.5648307965532215,24.446346931061022,33.71912608019443,27.280240011184926,0.8278915240974216,10.008098878823205,0.7555947324280867,5.96367382119811,2,0,False,42
permABC-SMC,1948835.509138381,143.71474511318354,1492808.0,110.08549475669861,0.5648307965532215,24.446346931061022,33.71912608019443,27.280240011184926,0.8278915240974216,10.008098878823205,0.7555947324280867,5.96367382119811,2,0,False,42
permABC-SMC,1950650.130548303,143.73334456361616,1494198.0,110.09974193572998,0.5648307965532215,24.446346931061022,33.71912608019443,27.280240011184926,0.8278915240974216,10.008098878823205,0.7555947324280867,5.96367382119811,2,0,False,42
permABC-SMC,1952464.7519582245,143.75188985630362,1495588.0,110.11394762992859,0.5648307965532215,24.446346931061022,33.71912608019443,27.280240011184926,0.8278915240974216,10.008098878823205,0.7555947324280867,5.96367382119811,2,0,False,42
permABC-SMC,1954279.3733681464,143.77050455805525,1496978.0,110.12820649147034,0.5648307965532215,24.446346931061022,33.71912608019443,27.280240011184926,0.8278915240974216,10.008098878823205,0.7555947324280867,5.96367382119811,2,0,False,42
permABC-SMC,1951000.0,143.4146466975411,1498368.0,110.14244866371155,0.5648307965532215,24.446346931061022,33.71912608019443,27.280240011184926,0.8278915240974216,10.008098878823205,0.7555947324280867,5.96367382119811,2,0,False,42
permABC-SMC,1952809.8958333333,143.43332964926958,1499758.0,110.15679717063904,0.5648307965532215,24.446346931061022,33.71912608019443,27.280240011184926,0.8278915240974216,10.008098878823205,0.7555947324280867,5.96367382119811,2,0,False,42
permABC-SMC,1954619.7916666667,143.45188532024622,1501148.0,110.1710479259491,0.5648307965532215,24.446346931061022,33.71912608019443,27.280240011184926,0.8278915240974216,10.008098878823205,0.7555947324280867,5.96367382119811,2,0,False,42
permABC-SMC,1951348.051948052,143.09780566723316,1502538.0,110.18531036376953,0.5648307965532215,24.446346931061022,33.71912608019443,27.280240011184926,0.8278915240974216,10.008098878823205,0.7555947324280867,5.96367382119811,2,0,False,42
permABC-SMC,1948093.2642487045,142.74563227292788,1503928.0,110.19962811470032,0.5648307965532215,24.446346931061022,33.71912608019443,27.280240011184926,0.8278915240974216,10.008098878823205,0.7555947324280867,5.96367382119811,2,0,False,42
permABC-SMC,1944855.2971576229,142.39525671769175,1505318.0,110.21392869949341,0.5648307965532215,24.446346931061022,33.71912608019443,27.280240011184926,0.8278915240974216,10.008098878823205,0.7555947324280867,5.96367382119811,2,0,False,42
permABC-SMC,1946651.1627906978,142.4136429794075,1506708.0,110.2281596660614,0.5648307965532215,24.446346931061022,33.71912608019443,27.280240011184926,0.8278915240974216,10.008098878823205,0.7555947324280867,5.96367382119811,2,0,False,42
permABC-SMC,1948447.0284237724,142.4320467990806,1508098.0,110.2424042224884,0.5648307965532215,24.446346931061022,33.71912608019443,27.280240011184926,0.8278915240974216,10.008098878823205,0.7555947324280867,5.96367382119811,2,0,False,42
permABC-SMC,1945216.4948453608,142.0833477654408,1509488.0,110.25667786598206,0.5648307965532215,24.446346931061022,33.71912608019443,27.280240011184926,0.8278915240974216,10.008098878823205,0.7555947324280867,5.96367382119811,2,0,False,42
permABC-SMC,1942002.5706940873,141.7364050612658,1510878.0,110.2709231376648,0.5648307965532215,24.446346931061022,33.71912608019443,27.280240011184926,0.8278915240974216,10.008098878823205,0.7555947324280867,5.96367382119811,2,0,False,42
permABC-SMC,1943789.203084833,141.75475869509737,1512268.0,110.28520226478577,0.5648307965532215,24.446346931061022,33.71912608019443,27.280240011184926,0.8278915240974216,10.008098878823205,0.7555947324280867,5.96367382119811,2,0,False,42
permABC-SMC,1945575.8354755784,141.77309608704633,1513658.0,110.29946875572205,0.5648307965532215,24.446346931061022,33.71912608019443,27.280240011184926,0.8278915240974216,10.008098878823205,0.7555947324280867,5.96367382119811,2,0,False,42
permABC-SMC,1947362.467866324,141.7914181564645,1515048.0,110.31372332572937,0.5648307965532215,24.446346931061022,33.71912608019443,27.280240011184926,0.8278915240974216,10.008098878823205,0.7555947324280867,5.96367382119811,2,0,False,42
permABC-SMC,1949149.1002570693,141.80986893514128,1516438.0,110.32807803153992,0.5648307965532215,24.446346931061022,33.71912608019443,27.280240011184926,0.8278915240974216,10.008098878823205,0.7555947324280867,5.96367382119811,2,0,False,42
permABC-SMC,1950935.7326478148,141.82818794005328,1517828.0,110.34233021736145,0.5648307965532215,24.446346931061022,33.71912608019443,27.280240011184926,0.8278915240974216,10.008098878823205,0.7555947324280867,5.96367382119811,2,0,False,42
permABC-SMC,1952722.3650385605,141.84650510626156,1519218.0,110.35658097267151,0.5648307965532215,24.446346931061022,33.71912608019443,27.280240011184926,0.8278915240974216,10.008098878823205,0.7555947324280867,5.96367382119811,2,0,False,42
permABC-SMC,1954508.997429306,141.8647953048157,1520608.0,110.3708107471466,0.5648307965532215,24.446346931061022,33.71912608019443,27.280240011184926,0.8278915240974216,10.008098878823205,0.7555947324280867,5.96367382119811,2,0,False,42
permABC-SMC,1956295.6298200514,141.88318693852364,1521998.0,110.38511943817139,0.5648307965532215,24.446346931061022,33.71912608019443,27.280240011184926,0.8278915240974216,10.008098878823205,0.7555947324280867,5.96367382119811,2,0,False,42
permABC-SMC,1958082.2622107968,141.90164047525596,1523388.0,110.39947628974915,0.5648307965532215,24.446346931061022,33.71912608019443,27.280240011184926,0.8278915240974216,10.008098878823205,0.7555947324280867,5.96367382119811,2,0,False,42
permABC-SMC,1959868.8946015425,141.92001004451956,1524778.0,110.41376781463623,0.5648307965532215,24.446346931061022,33.71912608019443,27.280240011184926,0.8278915240974216,10.008098878823205,0.7555947324280867,5.96367382119811,2,0,False,42
permABC-SMC,1961655.5269922877,141.9384399845545,1526168.0,110.4281063079834,0.5648307965532215,24.446346931061022,33.71912608019443,27.280240011184926,0.8278915240974216,10.008098878823205,0.7555947324280867,5.96367382119811,2,0,False,42
permABC-SMC,1963442.1593830334,141.95680127965147,1527558.0,110.44239139556885,0.5648307965532215,24.446346931061022,33.71912608019443,27.280240011184926,0.8278915240974216,10.008098878823205,0.7555947324280867,5.96367382119811,2,0,False,42
permABC-SMC,1965228.791773779,141.97513897805104,1528948.0,110.4566581249237,0.5648307965532215,24.446346931061022,33.71912608019443,27.280240011184926,0.8278915240974216,10.008098878823205,0.7555947324280867,5.96367382119811,2,0,False,42
permABC-SMC,1967015.4241645243,141.99350701506157,1530338.0,110.4709484577179,0.5648307965532215,24.446346931061022,33.71912608019443,27.280240011184926,0.8278915240974216,10.008098878823205,0.7555947324280867,5.96367382119811,2,0,False,42
permABC-SMC,1968802.05655527,142.0118465521648,1531728.0,110.48521661758423,0.5648307965532215,24.446346931061022,33.71912608019443,27.280240011184926,0.8278915240974216,10.008098878823205,0.7555947324280867,5.96367382119811,2,0,False,42
permABC-SMC,1970588.6889460154,142.0302908953787,1533118.0,110.49956631660461,0.5648307965532215,24.446346931061022,33.71912608019443,27.280240011184926,0.8278915240974216,10.008098878823205,0.7555947324280867,5.96367382119811,2,0,False,42
permABC-SMC,1972375.321336761,142.04871041609266,1534508.0,110.51389670372009,0.5648307965532215,24.446346931061022,33.71912608019443,27.280240011184926,0.8278915240974216,10.008098878823205,0.7555947324280867,5.96367382119811,2,0,False,42
permABC-SMC,1974161.9537275063,142.06715475930653,1535898.0,110.52824640274048,0.5648307965532215,24.446346931061022,33.71912608019443,27.280240011184926,0.8278915240974216,10.008098878823205,0.7555947324280867,5.96367382119811,2,0,False,42
permABC-SMC,1970882.0512820513,141.72127766486926,1537288.0,110.54259657859802,0.5648307965532215,24.446346931061022,33.71912608019443,27.280240011184926,0.8278915240974216,10.008098878823205,0.7555947324280867,5.96367382119811,2,0,False,42
permABC-SMC,1972664.1025641027,141.73968785848373,1538678.0,110.55695652961731,0.5648307965532215,24.446346931061022,33.71912608019443,27.280240011184926,0.8278915240974216,10.008098878823205,0.7555947324280867,5.96367382119811,2,0,False,42
permABC-SMC,1974446.153846154,141.75806901393793,1540068.0,110.57129383087158,0.5648307965532215,24.446346931061022,33.71912608019443,27.280240011184926,0.8278915240974216,10.008098878823205,0.7555947324280867,5.96367382119811,2,0,False,42
permABC-SMC,1976228.2051282052,141.7765592917418,1541458.0,110.5857162475586,0.5648307965532215,24.446346931061022,33.71912608019443,27.280240011184926,0.8278915240974216,10.008098878823205,0.7555947324280867,5.96367382119811,2,0,False,42
permABC-SMC,1978010.2564102565,141.79504773555658,1542848.0,110.60013723373413,0.5648307965532215,24.446346931061022,33.71912608019443,27.280240011184926,0.8278915240974216,10.008098878823205,0.7555947324280867,5.96367382119811,2,0,False,42
permABC-SMC,1974728.9002557546,141.45082311557078,1544238.0,110.61454367637634,0.5648307965532215,24.446346931061022,33.71912608019443,27.280240011184926,0.8278915240974216,10.008098878823205,0.7555947324280867,5.96367382119811,2,0,False,42
permABC-SMC,1976506.3938618926,141.46909445447994,1545628.0,110.62883186340332,0.5648307965532215,24.446346931061022,33.71912608019443,27.280240011184926,0.8278915240974216,10.008098878823205,0.7555947324280867,5.96367382119811,2,0,False,42
permABC-SMC,1978283.887468031,141.48744780694128,1547018.0,110.64318418502808,0.5648307965532215,24.446346931061022,33.71912608019443,27.280240011184926,0.8278915240974216,10.008098878823205,0.7555947324280867,5.96367382119811,2,0,False,42
permABC-SMC,1980061.3810741687,141.50578500059865,1548408.0,110.65752387046814,0.5648307965532215,24.446346931061022,33.71912608019443,27.280240011184926,0.8278915240974216,10.008098878823205,0.7555947324280867,5.96367382119811,2,0,False,42
permABC-SMC,1981838.8746803068,141.52410268173804,1549798.0,110.67184829711914,0.5648307965532215,24.446346931061022,33.71912608019443,27.280240011184926,0.8278915240974216,10.008098878823205,0.7555947324280867,5.96367382119811,2,0,False,42
permABC-SMC,1983616.368286445,141.5423889599188,1551188.0,110.6861481666565,0.5648307965532215,24.446346931061022,33.71912608019443,27.280240011184926,0.8278915240974216,10.008098878823205,0.7555947324280867,5.96367382119811,2,0,False,42
permABC-SMC,1985393.861892583,141.5608215819844,1552578.0,110.70056247711182,0.5648307965532215,24.446346931061022,33.71912608019443,27.280240011184926,0.8278915240974216,10.008098878823205,0.7555947324280867,5.96367382119811,2,0,False,42
permABC-SMC,1987171.3554987211,141.57912188478747,1553968.0,110.71487331390381,0.5648307965532215,24.446346931061022,33.71912608019443,27.280240011184926,0.8278915240974216,10.008098878823205,0.7555947324280867,5.96367382119811,2,0,False,42
permABC-SMC,1988948.8491048594,141.59735938167327,1555358.0,110.7291350364685,0.5648307965532215,24.446346931061022,33.71912608019443,27.280240011184926,0.8278915240974216,10.008098878823205,0.7555947324280867,5.96367382119811,2,0,False,42
permABC-SMC,1990726.3427109974,141.6156572454116,1556748.0,110.74344396591187,0.5648307965532215,24.446346931061022,33.71912608019443,27.280240011184926,0.8278915240974216,10.008098878823205,0.7555947324280867,5.96367382119811,2,0,False,42
permABC-SMC,1992503.8363171355,141.63402797620924,1558138.0,110.75780987739563,0.5648307965532215,24.446346931061022,33.71912608019443,27.280240011184926,0.8278915240974216,10.008098878823205,0.7555947324280867,5.96367382119811,2,0,False,42
permABC-SMC,1994281.3299232738,141.65225022894037,1559528.0,110.77205967903137,0.5648307965532215,24.446346931061022,33.71912608019443,27.280240011184926,0.8278915240974216,10.008098878823205,0.7555947324280867,5.96367382119811,2,0,False,42
permABC-SMC,1996058.8235294118,141.67056150753479,1560918.0,110.78637909889221,0.5648307965532215,24.446346931061022,33.71912608019443,27.280240011184926,0.8278915240974216,10.008098878823205,0.7555947324280867,5.96367382119811,2,0,False,42
permABC-SMC,1992739.7959183673,141.3275587315462,1562308.0,110.80080604553223,0.5648307965532215,24.446346931061022,33.71912608019443,27.280240011184926,0.8278915240974216,10.008098878823205,0.7555947324280867,5.96367382119811,2,0,False,42
permABC-SMC,1989437.659033079,140.98653083539193,1563698.0,110.81541323661804,0.5648307965532215,24.446346931061022,33.71912608019443,27.280240011184926,0.8278915240974216,10.008098878823205,0.7555947324280867,5.96367382119811,2,0,False,42
permABC-SMC,1991206.106870229,141.00485509285187,1565088.0,110.82981610298157,0.5648307965532215,24.446346931061022,33.71912608019443,27.280240011184926,0.8278915240974216,10.008098878823205,0.7555947324280867,5.96367382119811,2,0,False,42
permABC-SMC,1992974.554707379,141.02310837073483,1566478.0,110.84416317939758,0.5648307965532215,24.446346931061022,33.71912608019443,27.280240011184926,0.8278915240974216,10.008098878823205,0.7555947324280867,5.96367382119811,2,0,False,42
permABC-SMC,1994743.0025445293,141.0413589186341,1567868.0,110.85850811004639,0.5648307965532215,24.446346931061022,33.71912608019443,27.280240011184926,0.8278915240974216,10.008098878823205,0.7555947324280867,5.96367382119811,2,0,False,42
permABC-SMC,1996511.4503816795,141.05958034670687,1569258.0,110.8728301525116,0.5648307965532215,24.446346931061022,33.71912608019443,27.280240011184926,0.8278915240974216,10.008098878823205,0.7555947324280867,5.96367382119811,2,0,False,42
permABC-SMC,1998279.8982188294,141.07788458428612,1570648.0,110.8872172832489,0.5648307965532215,24.446346931061022,33.71912608019443,27.280240011184926,0.8278915240974216,10.008098878823205,0.7555947324280867,5.96367382119811,2,0,False,42
permABC-SMC,1994972.081218274,140.7381090415916,1572038.0,110.90162992477417,0.5648307965532215,24.446346931061022,33.71912608019443,27.280240011184926,0.8278915240974216,10.008098878823205,0.7555947324280867,5.96367382119811,2,0,False,42
permABC-SMC,1996736.040609137,140.75625033548036,1573428.0,110.91592526435852,0.5648307965532215,24.446346931061022,33.71912608019443,27.280240011184926,0.8278915240974216,10.008098878823205,0.7555947324280867,5.96367382119811,2,0,False,42
permABC-SMC,1998500.0,140.77450266949415,1574818.0,110.9303081035614,0.5648307965532215,24.446346931061022,33.71912608019443,27.280240011184926,0.8278915240974216,10.008098878823205,0.7555947324280867,5.96367382119811,2,0,False,42
permABC-SMC,2000263.959390863,140.792704173151,1576208.0,110.944650888443,0.5648307965532215,24.446346931061022,33.71912608019443,27.280240011184926,0.8278915240974216,10.008098878823205,0.7555947324280867,5.96367382119811,2,0,False,42
permABC-SMC,2002027.918781726,140.8109389585892,1577598.0,110.95901989936829,0.5648307965532215,24.446346931061022,33.71912608019443,27.280240011184926,0.8278915240974216,10.008098878823205,0.7555947324280867,5.96367382119811,2,0,False,42
permABC-SMC,2003791.878172589,140.82927056375493,1578988.0,110.97346520423889,0.5648307965532215,24.446346931061022,33.71912608019443,27.280240011184926,0.8278915240974216,10.008098878823205,0.7555947324280867,5.96367382119811,2,0,False,42
permABC-SMC,2005555.8375634518,140.84747297509674,1580378.0,110.98780870437622,0.5648307965532215,24.446346931061022,33.71912608019443,27.280240011184926,0.8278915240974216,10.008098878823205,0.7555947324280867,5.96367382119811,2,0,False,42
permABC-SMC,2007319.796954315,140.8656372636708,1581768.0,111.00212216377258,0.5648307965532215,24.446346931061022,33.71912608019443,27.280240011184926,0.8278915240974216,10.008098878823205,0.7555947324280867,5.96367382119811,2,0,False,42
permABC-SMC,2009083.7563451775,140.88376494228538,1583158.0,111.01640677452087,0.5648307965532215,24.446346931061022,33.71912608019443,27.280240011184926,0.8278915240974216,10.008098878823205,0.7555947324280867,5.96367382119811,2,0,False,42
permABC-SMC,2010847.7157360406,140.9019482922433,1584548.0,111.03073525428772,0.5648307965532215,24.446346931061022,33.71912608019443,27.280240011184926,0.8278915240974216,10.008098878823205,0.7555947324280867,5.96367382119811,2,0,False,42
permABC-SMC,2007516.4556962023,140.56341798999642,1585938.0,111.04510021209717,0.5648307965532215,24.446346931061022,33.71912608019443,27.280240011184926,0.8278915240974216,10.008098878823205,0.7555947324280867,5.96367382119811,2,0,False,42
permABC-SMC,2009275.9493670885,140.58152090145063,1587328.0,111.059401512146,0.5648307965532215,24.446346931061022,33.71912608019443,27.280240011184926,0.8278915240974216,10.008098878823205,0.7555947324280867,5.96367382119811,2,0,False,42
permABC-SMC,2011035.4430379746,140.5995860884461,1588718.0,111.07367300987244,0.5648307965532215,24.446346931061022,33.71912608019443,27.280240011184926,0.8278915240974216,10.008098878823205,0.7555947324280867,5.96367382119811,2,0,False,42
permABC-SMC,2002654.9118387909,139.90925000957037,1590108.0,111.08794450759888,0.5648307965532215,24.446346931061022,33.71912608019443,27.280240011184926,0.8278915240974216,10.008098878823205,0.7555947324280867,5.96367382119811,2,0,False,42
permABC-SMC,2004405.541561713,139.92724190430917,1591498.0,111.10223007202148,0.5648307965532215,24.446346931061022,33.71912608019443,27.280240011184926,0.8278915240974216,10.008098878823205,0.7555947324280867,5.96367382119811,2,0,False,42
permABC-SMC,2006156.1712846349,139.94522178803643,1592888.0,111.11650609970093,0.5648307965532215,24.446346931061022,33.71912608019443,27.280240011184926,0.8278915240974216,10.008098878823205,0.7555947324280867,5.96367382119811,2,0,False,42
permABC-SMC,2007906.8010075567,139.96326022544494,1594278.0,111.1308286190033,0.5648307965532215,24.446346931061022,33.71912608019443,27.280240011184926,0.8278915240974216,10.008098878823205,0.7555947324280867,5.96367382119811,2,0,False,42
permABC-SMC,2004608.040201005,139.62960752410504,1595668.0,111.14516758918762,0.5648307965532215,24.446346931061022,33.71912608019443,27.280240011184926,0.8278915240974216,10.008098878823205,0.7555947324280867,5.96367382119811,2,0,False,42
permABC-SMC,2006354.271356784,139.64757008768206,1597058.0,111.15946578979492,0.5648307965532215,24.446346931061022,33.71912608019443,27.280240011184926,0.8278915240974216,10.008098878823205,0.7555947324280867,5.96367382119811,2,0,False,42
permABC-SMC,2008100.5025125628,139.66555092202958,1598448.0,111.17377853393555,0.5648307965532215,24.446346931061022,33.71912608019443,27.280240011184926,0.8278915240974216,10.008098878823205,0.7555947324280867,5.96367382119811,2,0,False,42
permABC-SMC,2004809.5238095238,139.3334542898307,1599838.0,111.18809652328491,0.5648307965532215,24.446346931061022,33.71912608019443,27.280240011184926,0.8278915240974216,10.008098878823205,0.7555947324280867,5.96367382119811,2,0,False,42
permABC-SMC,2006551.3784461152,139.35139334590212,1601228.0,111.20241189002991,0.5648307965532215,24.446346931061022,33.71912608019443,27.280240011184926,0.8278915240974216,10.008098878823205,0.7555947324280867,5.96367382119811,2,0,False,42
permABC-SMC,2008293.2330827068,139.36938438797952,1602618.0,111.21676874160767,0.5648307965532215,24.446346931061022,33.71912608019443,27.280240011184926,0.8278915240974216,10.008098878823205,0.7555947324280867,5.96367382119811,2,0,False,42
permABC-SMC,2010035.0877192982,139.38730103628976,1604008.0,111.23106622695923,0.5648307965532215,24.446346931061022,33.71912608019443,27.280240011184926,0.8278915240974216,10.008098878823205,0.7555947324280867,5.96367382119811,2,0,False,42
permABC-SMC,2011776.9423558898,139.40519258790746,1605398.0,111.24534368515015,0.5648307965532215,24.446346931061022,33.71912608019443,27.280240011184926,0.8278915240974216,10.008098878823205,0.7555947324280867,5.96367382119811,2,0,False,42
permABC-SMC,2013518.7969924812,139.42315106403856,1606788.0,111.25967454910278,0.5648307965532215,24.446346931061022,33.71912608019443,27.280240011184926,0.8278915240974216,10.008098878823205,0.7555947324280867,5.96367382119811,2,0,False,42
permABC-SMC,2010222.5,139.09251987934113,1608178.0,111.2740159034729,0.5648307965532215,24.446346931061022,33.71912608019443,27.280240011184926,0.8278915240974216,10.008098878823205,0.7555947324280867,5.96367382119811,2,0,False,42
permABC-SMC,2006942.6433915212,138.76368607071572,1609568.0,111.28847622871399,0.5648307965532215,24.446346931061022,33.71912608019443,27.280240011184926,0.8278915240974216,10.008098878823205,0.7555947324280867,5.96367382119811,2,0,False,42
permABC-SMC,1998707.1960297767,138.09285773237053,1610958.0,111.30284333229065,0.5648307965532215,24.446346931061022,33.71912608019443,27.280240011184926,0.8278915240974216,10.008098878823205,0.7555947324280867,5.96367382119811,2,0,False,42
permABC-SMC,2000431.7617866003,138.11070333343582,1612348.0,111.31722688674927,0.5648307965532215,24.446346931061022,33.71912608019443,27.280240011184926,0.8278915240974216,10.008098878823205,0.7555947324280867,5.96367382119811,2,0,False,42
permABC-SMC,1997200.495049505,137.7865722273836,1613738.0,111.33155035972595,0.5648307965532215,24.446346931061022,33.71912608019443,27.280240011184926,0.8278915240974216,10.008098878823205,0.7555947324280867,5.96367382119811,2,0,False,42
permABC-SMC,1998920.792079208,137.8043527060216,1615128.0,111.34591698646545,0.5648307965532215,24.446346931061022,33.71912608019443,27.280240011184926,0.8278915240974216,10.008098878823205,0.7555947324280867,5.96367382119811,2,0,False,42
permABC-SMC,2000641.0891089109,137.82214941364703,1616518.0,111.3602967262268,0.5648307965532215,24.446346931061022,33.71912608019443,27.280240011184926,0.8278915240974216,10.008098878823205,0.7555947324280867,5.96367382119811,2,0,False,42
permABC-SMC,2002361.3861386138,137.8398844511202,1617908.0,111.37462663650513,0.5648307965532215,24.446346931061022,33.71912608019443,27.280240011184926,0.8278915240974216,10.008098878823205,0.7555947324280867,5.96367382119811,2,0,False,42
permABC-SMC,2004081.683168317,137.85766404454068,1619298.0,111.38899254798889,0.5648307965532215,24.446346931061022,33.71912608019443,27.280240011184926,0.8278915240974216,10.008098878823205,0.7555947324280867,5.96367382119811,2,0,False,42
permABC-SMC,2005801.9801980196,137.8755224223184,1620688.0,111.40342211723328,0.5648307965532215,24.446346931061022,33.71912608019443,27.280240011184926,0.8278915240974216,10.008098878823205,0.7555947324280867,5.96367382119811,2,0,False,42
permABC-SMC,2007522.2772277228,137.89334922733872,1622078.0,111.4178261756897,0.5648307965532215,24.446346931061022,33.71912608019443,27.280240011184926,0.8278915240974216,10.008098878823205,0.7555947324280867,5.96367382119811,2,0,False,42
permABC-SMC,2009242.5742574257,137.91118458946153,1623468.0,111.43223714828491,0.5648307965532215,24.446346931061022,33.71912608019443,27.280240011184926,0.8278915240974216,10.008098878823205,0.7555947324280867,5.96367382119811,2,0,False,42
permABC-SMC,2005997.5308641975,137.58841267338505,1624858.0,111.4466142654419,0.5648307965532215,24.446346931061022,33.71912608019443,27.280240011184926,0.8278915240974216,10.008098878823205,0.7555947324280867,5.96367382119811,2,0,False,42
permABC-SMC,2007713.5802469135,137.60612982290763,1626248.0,111.46096515655518,0.5648307965532215,24.446346931061022,33.71912608019443,27.280240011184926,0.8278915240974216,10.008098878823205,0.7555947324280867,5.96367382119811,2,0,False,42
permABC-SMC,2009429.6296296294,137.62393203782446,1627638.0,111.47538495063782,0.5648307965532215,24.446346931061022,33.71912608019443,27.280240011184926,0.8278915240974216,10.008098878823205,0.7555947324280867,5.96367382119811,2,0,False,42
permABC-SMC,2006192.118226601,137.3026928878183,1629028.0,111.48978662490845,0.5648307965532215,24.446346931061022,33.71912608019443,27.280240011184926,0.8278915240974216,10.008098878823205,0.7555947324280867,5.96367382119811,2,0,False,42
permABC-SMC,2007903.9408866996,137.32042923349465,1630418.0,111.50418853759766,0.5648307965532215,24.446346931061022,33.71912608019443,27.280240011184926,0.8278915240974216,10.008098878823205,0.7555947324280867,5.96367382119811,2,0,False,42
permABC-SMC,2009615.763546798,137.33814854927252,1631808.0,111.51857662200928,0.5648307965532215,24.446346931061022,33.71912608019443,27.280240011184926,0.8278915240974216,10.008098878823205,0.7555947324280867,5.96367382119811,2,0,False,42
permABC-SMC,2011327.5862068965,137.35588460132993,1633198.0,111.53297829627991,0.5648307965532215,24.446346931061022,33.71912608019443,27.280240011184926,0.8278915240974216,10.008098878823205,0.7555947324280867,5.96367382119811,2,0,False,42
permABC-SMC,2013039.408866995,137.37356897645395,1634588.0,111.54733800888062,0.5648307965532215,24.446346931061022,33.71912608019443,27.280240011184926,0.8278915240974216,10.008098878823205,0.7555947324280867,5.96367382119811,2,0,False,42
permABC-SMC,2014751.2315270936,137.3916556095255,1635978.0,111.56202435493469,0.5648307965532215,24.446346931061022,33.71912608019443,27.280240011184926,0.8278915240974216,10.008098878823205,0.7555947324280867,5.96367382119811,2,0,False,42
permABC-SMC,2016463.054187192,137.40930709932826,1637368.0,111.57635736465454,0.5648307965532215,24.446346931061022,33.71912608019443,27.280240011184926,0.8278915240974216,10.008098878823205,0.7555947324280867,5.96367382119811,2,0,False,42
permABC-SMC,2018174.8768472904,137.42679416252474,1638758.0,111.59055685997009,0.5648307965532215,24.446346931061022,33.71912608019443,27.280240011184926,0.8278915240974216,10.008098878823205,0.7555947324280867,5.96367382119811,2,0,False,42
permABC-SMC,2019886.6995073892,137.44438105616078,1640148.0,111.60483741760254,0.5648307965532215,24.446346931061022,33.71912608019443,27.280240011184926,0.8278915240974216,10.008098878823205,0.7555947324280867,5.96367382119811,2,0,False,42
permABC-SMC,2021598.5221674878,137.46197734560286,1641538.0,111.61912560462952,0.5648307965532215,24.446346931061022,33.71912608019443,27.280240011184926,0.8278915240974216,10.008098878823205,0.7555947324280867,5.96367382119811,2,0,False,42
permABC-SMC,2023310.3448275863,137.47974921917094,1642928.0,111.6335563659668,0.5648307965532215,24.446346931061022,33.71912608019443,27.280240011184926,0.8278915240974216,10.008098878823205,0.7555947324280867,5.96367382119811,2,0,False,42
permABC-SMC,2020046.683046683,137.15963662402928,1644318.0,111.64794421195984,0.5648307965532215,24.446346931061022,33.71912608019443,27.280240011184926,0.8278915240974216,10.008098878823205,0.7555947324280867,5.96367382119811,2,0,False,42
permABC-SMC,2021754.2997543,137.17712026263337,1645708.0,111.66217589378357,0.5648307965532215,24.446346931061022,33.71912608019443,27.280240011184926,0.8278915240974216,10.008098878823205,0.7555947324280867,5.96367382119811,2,0,False,42
permABC-SMC,2023461.9164619164,137.1946144455481,1647098.0,111.67641615867615,0.5648307965532215,24.446346931061022,33.71912608019443,27.280240011184926,0.8278915240974216,10.008098878823205,0.7555947324280867,5.96367382119811,2,0,False,42
permABC-SMC,2025169.5331695331,137.21209046881674,1648488.0,111.69064164161682,0.5648307965532215,24.446346931061022,33.71912608019443,27.280240011184926,0.8278915240974216,10.008098878823205,0.7555947324280867,5.96367382119811,2,0,False,42
permABC-SMC,2026877.1498771498,137.22963825197712,1649878.0,111.70492553710938,0.5648307965532215,24.446346931061022,33.71912608019443,27.280240011184926,0.8278915240974216,10.008098878823205,0.7555947324280867,5.96367382119811,2,0,False,42
permABC-SMC,2028584.7665847666,137.24715176612798,1651268.0,111.71918153762817,0.5648307965532215,24.446346931061022,33.71912608019443,27.280240011184926,0.8278915240974216,10.008098878823205,0.7555947324280867,5.96367382119811,2,0,False,42
permABC-SMC,2030292.3832923833,137.264693105543,1652658.0,111.73346018791199,0.5648307965532215,24.446346931061022,33.71912608019443,27.280240011184926,0.8278915240974216,10.008098878823205,0.7555947324280867,5.96367382119811,2,0,False,42
permABC-SMC,2032000.0,137.28224791824377,1654048.0,111.74774980545044,0.5648307965532215,24.446346931061022,33.71912608019443,27.280240011184926,0.8278915240974216,10.008098878823205,0.7555947324280867,5.96367382119811,2,0,False,42
permABC-SMC,2033707.6167076167,137.2998115178701,1655438.0,111.76204657554626,0.5648307965532215,24.446346931061022,33.71912608019443,27.280240011184926,0.8278915240974216,10.008098878823205,0.7555947324280867,5.96367382119811,2,0,False,42
permABC-SMC,2030426.4705882354,136.9806989735248,1656828.0,111.77625036239624,0.5648307965532215,24.446346931061022,33.71912608019443,27.280240011184926,0.8278915240974216,10.008098878823205,0.7555947324280867,5.96367382119811,2,0,False,42
permABC-SMC,2032129.9019607843,136.99815144725875,1658218.0,111.79049158096313,0.5648307965532215,24.446346931061022,33.71912608019443,27.280240011184926,0.8278915240974216,10.008098878823205,0.7555947324280867,5.96367382119811,2,0,False,42
permABC-SMC,2033833.3333333333,137.01569449667835,1659608.0,111.80480670928955,0.5648307965532215,24.446346931061022,33.71912608019443,27.280240011184926,0.8278915240974216,10.008098878823205,0.7555947324280867,5.96367382119811,2,0,False,42
permABC-SMC,2035536.7647058824,137.03319576441072,1660998.0,111.81908774375916,0.5648307965532215,24.446346931061022,33.71912608019443,27.280240011184926,0.8278915240974216,10.008098878823205,0.7555947324280867,5.96367382119811,2,0,False,42
permABC-SMC,2037240.1960784313,137.05079023744545,1662388.0,111.8334448337555,0.5648307965532215,24.446346931061022,33.71912608019443,27.280240011184926,0.8278915240974216,10.008098878823205,0.7555947324280867,5.96367382119811,2,0,False,42
permABC-SMC,2038943.6274509802,137.06835257072075,1663778.0,111.84777569770813,0.5648307965532215,24.446346931061022,33.71912608019443,27.280240011184926,0.8278915240974216,10.008098878823205,0.7555947324280867,5.96367382119811,2,0,False,42
permABC-SMC,2035657.7017114914,136.75068672245465,1665168.0,111.8620617389679,0.5648307965532215,24.446346931061022,33.71912608019443,27.280240011184926,0.8278915240974216,10.008098878823205,0.7555947324280867,5.96367382119811,2,0,False,42
permABC-SMC,2037356.968215159,136.76819358303376,1666558.0,111.87638235092163,0.5648307965532215,24.446346931061022,33.71912608019443,27.280240011184926,0.8278915240974216,10.008098878823205,0.7555947324280867,5.96367382119811,2,0,False,42
permABC-SMC,2039056.2347188264,136.7856861618154,1667948.0,111.89069128036499,0.5648307965532215,24.446346931061022,33.71912608019443,27.280240011184926,0.8278915240974216,10.008098878823205,0.7555947324280867,5.96367382119811,2,0,False,42
permABC-SMC,2040755.5012224938,136.8031597953554,1669338.0,111.90498471260071,0.5648307965532215,24.446346931061022,33.71912608019443,27.280240011184926,0.8278915240974216,10.008098878823205,0.7555947324280867,5.96367382119811,2,0,False,42
permABC-SMC,2037473.1707317072,136.48698824207958,1670728.0,111.91933035850525,0.5648307965532215,24.446346931061022,33.71912608019443,27.280240011184926,0.8278915240974216,10.008098878823205,0.7555947324280867,5.96367382119811,2,0,False,42
permABC-SMC,2039168.2926829269,136.50440326551112,1672118.0,111.93361067771912,0.5648307965532215,24.446346931061022,33.71912608019443,27.280240011184926,0.8278915240974216,10.008098878823205,0.7555947324280867,5.96367382119811,2,0,False,42
permABC-SMC,2035897.810218978,136.1896692981395,1673508.0,111.94790816307068,0.5648307965532215,24.446346931061022,33.71912608019443,27.280240011184926,0.8278915240974216,10.008098878823205,0.7555947324280867,5.96367382119811,2,0,False,42
permABC-SMC,2037588.8077858882,136.20709966859098,1674898.0,111.96223592758179,0.5648307965532215,24.446346931061022,33.71912608019443,27.280240011184926,0.8278915240974216,10.008098878823205,0.7555947324280867,5.96367382119811,2,0,False,42
permABC-SMC,2039279.8053527982,136.22446100787235,1676288.0,111.97650694847107,0.5648307965532215,24.446346931061022,33.71912608019443,27.280240011184926,0.8278915240974216,10.008098878823205,0.7555947324280867,5.96367382119811,2,0,False,42
permABC-SMC,2040970.802919708,136.24180958508867,1677678.0,111.99076747894287,0.5648307965532215,24.446346931061022,33.71912608019443,27.280240011184926,0.8278915240974216,10.008098878823205,0.7555947324280867,5.96367382119811,2,0,False,42
permABC-SMC,2042661.800486618,136.25921762192627,1679068.0,112.00507688522339,0.5648307965532215,24.446346931061022,33.71912608019443,27.280240011184926,0.8278915240974216,10.008098878823205,0.7555947324280867,5.96367382119811,2,0,False,42
permABC-SMC,2039390.7766990291,135.945827347561,1680458.0,112.01936173439026,0.5648307965532215,24.446346931061022,33.71912608019443,27.280240011184926,0.8278915240974216,10.008098878823205,0.7555947324280867,5.96367382119811,2,0,False,42
permABC-SMC,2041077.6699029128,135.96314105015355,1681848.0,112.03362822532654,0.5648307965532215,24.446346931061022,33.71912608019443,27.280240011184926,0.8278915240974216,10.008098878823205,0.7555947324280867,5.96367382119811,2,0,False,42
permABC-SMC,2037818.401937046,135.65122965750336,1683238.0,112.04791569709778,0.5648307965532215,24.446346931061022,33.71912608019443,27.280240011184926,0.8278915240974216,10.008098878823205,0.7555947324280867,5.96367382119811,2,0,False,42
permABC-SMC,2039501.210653753,135.66844111204722,1684628.0,112.06213235855103,0.5648307965532215,24.446346931061022,33.71912608019443,27.280240011184926,0.8278915240974216,10.008098878823205,0.7555947324280867,5.96367382119811,2,0,False,42
permABC-SMC,2041184.01937046,135.68569413108918,1686018.0,112.07638335227966,0.5648307965532215,24.446346931061022,33.71912608019443,27.280240011184926,0.8278915240974216,10.008098878823205,0.7555947324280867,5.96367382119811,2,0,False,42
permABC-SMC,2042866.828087167,135.7030678026324,1687408.0,112.09073400497437,0.5648307965532215,24.446346931061022,33.71912608019443,27.280240011184926,0.8278915240974216,10.008098878823205,0.7555947324280867,5.96367382119811,2,0,False,42
permABC-SMC,2044549.636803874,135.7203655612382,1688798.0,112.10502195358276,0.5648307965532215,24.446346931061022,33.71912608019443,27.280240011184926,0.8278915240974216,10.008098878823205,0.7555947324280867,5.96367382119811,2,0,False,42
permABC-SMC,2046232.4455205812,135.73759115925714,1690188.0,112.11925029754639,0.5648307965532215,24.446346931061022,33.71912608019443,27.280240011184926,0.8278915240974216,10.008098878823205,0.7555947324280867,5.96367382119811,2,0,False,42
permABC-SMC,2047915.2542372881,135.75483147803578,1691578.0,112.13349080085754,0.5648307965532215,24.446346931061022,33.71912608019443,27.280240011184926,0.8278915240974216,10.008098878823205,0.7555947324280867,5.96367382119811,2,0,False,42
permABC-SMC,2049598.0629539948,135.772144534686,1692968.0,112.14779138565063,0.5648307965532215,24.446346931061022,33.71912608019443,27.280240011184926,0.8278915240974216,10.008098878823205,0.7555947324280867,5.96367382119811,2,0,False,42
permABC-SMC,2051280.8716707022,135.78943421130606,1694358.0,112.16207265853882,0.5648307965532215,24.446346931061022,33.71912608019443,27.280240011184926,0.8278915240974216,10.008098878823205,0.7555947324280867,5.96367382119811,2,0,False,42
permABC-SMC,2043069.8795180721,135.15230919941362,1695748.0,112.1764166355133,0.5648307965532215,24.446346931061022,33.71912608019443,27.280240011184926,0.8278915240974216,10.008098878823205,0.7555947324280867,5.96367382119811,2,0,False,42
permABC-SMC,2044744.578313253,135.16949113593043,1697138.0,112.19067764282227,0.5648307965532215,24.446346931061022,33.71912608019443,27.280240011184926,0.8278915240974216,10.008098878823205,0.7555947324280867,5.96367382119811,2,0,False,42
permABC-SMC,2046419.277108434,135.18690287348736,1698528.0,112.2051293849945,0.5648307965532215,24.446346931061022,33.71912608019443,27.280240011184926,0.8278915240974216,10.008098878823205,0.7555947324280867,5.96367382119811,2,0,False,42
permABC-SMC,2048093.9759036147,135.2041060666004,1699918.0,112.21940803527832,0.5648307965532215,24.446346931061022,33.71912608019443,27.280240011184926,0.8278915240974216,10.008098878823205,0.7555947324280867,5.96367382119811,2,0,False,42
permABC-SMC,2049768.6746987952,135.2212285420981,1701308.0,112.2336196899414,0.5648307965532215,24.446346931061022,33.71912608019443,27.280240011184926,0.8278915240974216,10.008098878823205,0.7555947324280867,5.96367382119811,2,0,False,42
permABC-SMC,2051443.3734939757,135.23871553949562,1702698.0,112.24813389778137,0.5648307965532215,24.446346931061022,33.71912608019443,27.280240011184926,0.8278915240974216,10.008098878823205,0.7555947324280867,5.96367382119811,2,0,False,42
permABC-SMC,2053118.0722891567,135.2559968649623,1704088.0,112.2624773979187,0.5648307965532215,24.446346931061022,33.71912608019443,27.280240011184926,0.8278915240974216,10.008098878823205,0.7555947324280867,5.96367382119811,2,0,False,42
permABC-SMC,2044937.6498800959,134.62443346028132,1705478.0,112.27677750587463,0.5648307965532215,24.446346931061022,33.71912608019443,27.280240011184926,0.8278915240974216,10.008098878823205,0.7555947324280867,5.96367382119811,2,0,False,42
permABC-SMC,2046604.3165467626,134.64152841545123,1706868.0,112.29103469848633,0.5648307965532215,24.446346931061022,33.71912608019443,27.280240011184926,0.8278915240974216,10.008098878823205,0.7555947324280867,5.96367382119811,2,0,False,42
permABC-SMC,2048270.983213429,134.65860764757335,1708258.0,112.30527877807617,0.5648307965532215,24.446346931061022,33.71912608019443,27.280240011184926,0.8278915240974216,10.008098878823205,0.7555947324280867,5.96367382119811,2,0,False,42
permABC-SMC,2049937.6498800956,134.67563770943693,1709648.0,112.31948184967041,0.5648307965532215,24.446346931061022,33.71912608019443,27.280240011184926,0.8278915240974216,10.008098878823205,0.7555947324280867,5.96367382119811,2,0,False,42
permABC-SMC,2051604.3165467626,134.692706364236,1711038.0,112.33371710777283,0.5648307965532215,24.446346931061022,33.71912608019443,27.280240011184926,0.8278915240974216,10.008098878823205,0.7555947324280867,5.96367382119811,2,0,False,42
permABC-SMC,2043470.1670644393,134.06694988077749,1712428.0,112.34810400009155,0.5648307965532215,24.446346931061022,33.71912608019443,27.280240011184926,0.8278915240974216,10.008098878823205,0.7555947324280867,5.96367382119811,2,0,False,42
permABC-SMC,2040259.5238095238,133.76476140249343,1713818.0,112.36239957809448,0.5648307965532215,24.446346931061022,33.71912608019443,27.280240011184926,0.8278915240974216,10.008098878823205,0.7555947324280867,5.96367382119811,2,0,False,42
permABC-SMC,2041914.285714286,133.7817535513923,1715208.0,112.37667298316956,0.5648307965532215,24.446346931061022,33.71912608019443,27.280240011184926,0.8278915240974216,10.008098878823205,0.7555947324280867,5.96367382119811,2,0,False,42
permABC-SMC,2043569.0476190476,133.79880842708405,1716598.0,112.39099907875061,0.5648307965532215,24.446346931061022,33.71912608019443,27.280240011184926,0.8278915240974216,10.008098878823205,0.7555947324280867,5.96367382119811,2,0,False,42
permABC-SMC,2045223.8095238095,133.81579688617163,1717988.0,112.40526938438416,0.5648307965532215,24.446346931061022,33.71912608019443,27.280240011184926,0.8278915240974216,10.008098878823205,0.7555947324280867,5.96367382119811,2,0,False,42
permABC-SMC,2046878.5714285714,133.83288014502753,1719378.0,112.41961932182312,0.5648307965532215,24.446346931061022,33.71912608019443,27.280240011184926,0.8278915240974216,10.008098878823205,0.7555947324280867,5.96367382119811,2,0,False,42
permABC-SMC,2038824.644549763,133.21551299208147,1720768.0,112.43389296531677,0.5648307965532215,24.446346931061022,33.71912608019443,27.280240011184926,0.8278915240974216,10.008098878823205,0.7555947324280867,5.96367382119811,2,0,False,42
permABC-SMC,2040471.5639810427,133.23240850774033,1722158.0,112.44815278053284,0.5648307965532215,24.446346931061022,33.71912608019443,27.280240011184926,0.8278915240974216,10.008098878823205,0.7555947324280867,5.96367382119811,2,0,False,42
permABC-SMC,2042118.4834123224,133.24926956005007,1723548.0,112.46238350868225,0.5648307965532215,24.446346931061022,33.71912608019443,27.280240011184926,0.8278915240974216,10.008098878823205,0.7555947324280867,5.96367382119811,2,0,False,42
permABC-SMC,2043765.4028436018,133.2662032113821,1724938.0,112.4766755104065,0.5648307965532215,24.446346931061022,33.71912608019443,27.280240011184926,0.8278915240974216,10.008098878823205,0.7555947324280867,5.96367382119811,2,0,False,42
permABC-SMC,2045412.3222748814,133.28314759719993,1726328.0,112.49097657203674,0.5648307965532215,24.446346931061022,33.71912608019443,27.280240011184926,0.8278915240974216,10.008098878823205,0.7555947324280867,5.96367382119811,2,0,False,42
permABC-SMC,2047059.241706161,133.30020921490205,1727718.0,112.50537657737732,0.5648307965532215,24.446346931061022,33.71912608019443,27.280240011184926,0.8278915240974216,10.008098878823205,0.7555947324280867,5.96367382119811,2,0,False,42
permABC-SMC,2048706.1611374407,133.3172047307706,1729108.0,112.51972079277039,0.5648307965532215,24.446346931061022,33.71912608019443,27.280240011184926,0.8278915240974216,10.008098878823205,0.7555947324280867,5.96367382119811,2,0,False,42
permABC-SMC,2050353.0805687206,133.33414205442674,1730498.0,112.53401589393616,0.5648307965532215,24.446346931061022,33.71912608019443,27.280240011184926,0.8278915240974216,10.008098878823205,0.7555947324280867,5.96367382119811,2,0,False,42
permABC-SMC,2052000.0,133.35102711808625,1731888.0,112.5482668876648,0.5648307965532215,24.446346931061022,33.71912608019443,27.280240011184926,0.8278915240974216,10.008098878823205,0.7555947324280867,5.96367382119811,2,0,False,42
permABC-SMC,2053646.9194312794,133.36794410271668,1733278.0,112.56254482269287,0.5648307965532215,24.446346931061022,33.71912608019443,27.280240011184926,0.8278915240974216,10.008098878823205,0.7555947324280867,5.96367382119811,2,0,False,42
permABC-SMC,2055293.8388625593,133.3850356639844,1734668.0,112.57697010040283,0.5648307965532215,24.446346931061022,33.71912608019443,27.280240011184926,0.8278915240974216,10.008098878823205,0.7555947324280867,5.96367382119811,2,0,False,42
permABC-SMC,2056940.758293839,133.40202072785365,1736058.0,112.59130549430847,0.5648307965532215,24.446346931061022,33.71912608019443,27.280240011184926,0.8278915240974216,10.008098878823205,0.7555947324280867,5.96367382119811,2,0,False,42
permABC-SMC,2058587.6777251184,133.4189100288102,1737448.0,112.6055600643158,0.5648307965532215,24.446346931061022,33.71912608019443,27.280240011184926,0.8278915240974216,10.008098878823205,0.7555947324280867,5.96367382119811,2,0,False,42
permABC-SMC,2060234.5971563982,133.43577701333575,1738838.0,112.61979579925537,0.5648307965532215,24.446346931061022,33.71912608019443,27.280240011184926,0.8278915240974216,10.008098878823205,0.7555947324280867,5.96367382119811,2,0,False,42
permABC-SMC,2061881.5165876776,133.4527044499655,1740228.0,112.63408255577087,0.5648307965532215,24.446346931061022,33.71912608019443,27.280240011184926,0.8278915240974216,10.008098878823205,0.7555947324280867,5.96367382119811,2,0,False,42
permABC-SMC,2063528.4360189575,133.46955166043827,1741618.0,112.64830160140991,0.5648307965532215,24.446346931061022,33.71912608019443,27.280240011184926,0.8278915240974216,10.008098878823205,0.7555947324280867,5.96367382119811,2,0,False,42
permABC-SMC,2065175.355450237,133.48658050971008,1743008.0,112.66267395019531,0.5648307965532215,24.446346931061022,33.71912608019443,27.280240011184926,0.8278915240974216,10.008098878823205,0.7555947324280867,5.96367382119811,2,0,False,42
permABC-SMC,2066822.2748815166,133.50358139282153,1744398.0,112.67702269554138,0.5648307965532215,24.446346931061022,33.71912608019443,27.280240011184926,0.8278915240974216,10.008098878823205,0.7555947324280867,5.96367382119811,2,0,False,42
permABC-SMC,2063579.196217494,133.20491669025827,1745788.0,112.6913595199585,0.5648307965532215,24.446346931061022,33.71912608019443,27.280240011184926,0.8278915240974216,10.008098878823205,0.7555947324280867,5.96367382119811,2,0,False,42
permABC-SMC,2065222.2222222222,133.22186300940547,1747178.0,112.70569610595703,0.5648307965532215,24.446346931061022,33.71912608019443,27.280240011184926,0.8278915240974216,10.008098878823205,0.7555947324280867,5.96367382119811,2,0,False,42
permABC-SMC,2066865.2482269504,133.238779173957,1748568.0,112.7200071811676,0.5648307965532215,24.446346931061022,33.71912608019443,27.280240011184926,0.8278915240974216,10.008098878823205,0.7555947324280867,5.96367382119811,2,0,False,42
permABC-SMC,2068508.2742316786,133.25574888405225,1749958.0,112.7343635559082,0.5648307965532215,24.446346931061022,33.71912608019443,27.280240011184926,0.8278915240974216,10.008098878823205,0.7555947324280867,5.96367382119811,2,0,False,42
permABC-SMC,2065268.8679245284,132.95843044541917,1751348.0,112.74874901771545,0.5648307965532215,24.446346931061022,33.71912608019443,27.280240011184926,0.8278915240974216,10.008098878823205,0.7555947324280867,5.96367382119811,2,0,False,42
permABC-SMC,2062044.705882353,132.66243850483613,1752738.0,112.76307272911072,0.5648307965532215,24.446346931061022,33.71912608019443,27.280240011184926,0.8278915240974216,10.008098878823205,0.7555947324280867,5.96367382119811,2,0,False,42
permABC-SMC,2063679.9999999998,132.6793258330401,1754128.0,112.7774269580841,0.5648307965532215,24.446346931061022,33.71912608019443,27.280240011184926,0.8278915240974216,10.008098878823205,0.7555947324280867,5.96367382119811,2,0,False,42
permABC-SMC,2065315.2941176472,132.6961441601024,1755518.0,112.79172253608704,0.5648307965532215,24.446346931061022,33.71912608019443,27.280240011184926,0.8278915240974216,10.008098878823205,0.7555947324280867,5.96367382119811,2,0,False,42
permABC-SMC,2062098.5915492957,132.4014358677215,1756908.0,112.8060233592987,0.5648307965532215,24.446346931061022,33.71912608019443,27.280240011184926,0.8278915240974216,10.008098878823205,0.7555947324280867,5.96367382119811,2,0,False,42
permABC-SMC,2063730.0469483566,132.41811705307222,1758298.0,112.82023572921753,0.5648307965532215,24.446346931061022,33.71912608019443,27.280240011184926,0.8278915240974216,10.008098878823205,0.7555947324280867,5.96367382119811,2,0,False,42
permABC-SMC,2060524.5901639345,132.12494548645734,1759688.0,112.83470344543457,0.5648307965532215,24.446346931061022,33.71912608019443,27.280240011184926,0.8278915240974216,10.008098878823205,0.7555947324280867,5.96367382119811,2,0,False,42
permABC-SMC,2062152.224824356,132.14173892063613,1761078.0,112.84904503822327,0.5648307965532215,24.446346931061022,33.71912608019443,27.280240011184926,0.8278915240974216,10.008098878823205,0.7555947324280867,5.96367382119811,2,0,False,42
permABC-SMC,2063779.8594847778,132.1584991325539,1762468.0,112.86335825920105,0.5648307965532215,24.446346931061022,33.71912608019443,27.280240011184926,0.8278915240974216,10.008098878823205,0.7555947324280867,5.96367382119811,2,0,False,42
permABC-SMC,2065407.494145199,132.17545560707254,1763858.0,112.87783908843994,0.5648307965532215,24.446346931061022,33.71912608019443,27.280240011184926,0.8278915240974216,10.008098878823205,0.7555947324280867,5.96367382119811,2,0,False,42
permABC-SMC,2067035.1288056204,132.1923121356294,1765248.0,112.89223456382751,0.5648307965532215,24.446346931061022,33.71912608019443,27.280240011184926,0.8278915240974216,10.008098878823205,0.7555947324280867,5.96367382119811,2,0,False,42
permABC-SMC,2068662.7634660422,132.20913544192524,1766638.0,112.90660166740417,0.5648307965532215,24.446346931061022,33.71912608019443,27.280240011184926,0.8278915240974216,10.008098878823205,0.7555947324280867,5.96367382119811,2,0,False,42
permABC-SMC,2070290.3981264634,132.2259263634961,1768028.0,112.92094111442566,0.5648307965532215,24.446346931061022,33.71912608019443,27.280240011184926,0.8278915240974216,10.008098878823205,0.7555947324280867,5.96367382119811,2,0,False,42
permABC-SMC,2067077.1028037383,131.93378047408345,1769418.0,112.93531608581543,0.5648307965532215,24.446346931061022,33.71912608019443,27.280240011184926,0.8278915240974216,10.008098878823205,0.7555947324280867,5.96367382119811,2,0,False,42
permABC-SMC,2068700.934579439,131.95048202978117,1770808.0,112.94961261749268,0.5648307965532215,24.446346931061022,33.71912608019443,27.280240011184926,0.8278915240974216,10.008098878823205,0.7555947324280867,5.96367382119811,2,0,False,42
permABC-SMC,2070324.7663551401,131.9671351218892,1772198.0,112.96386766433716,0.5648307965532215,24.446346931061022,33.71912608019443,27.280240011184926,0.8278915240974216,10.008098878823205,0.7555947324280867,5.96367382119811,2,0,False,42
permABC-SMC,2067118.8811188813,131.6762715230733,1773588.0,112.97824096679688,0.5648307965532215,24.446346931061022,33.71912608019443,27.280240011184926,0.8278915240974216,10.008098878823205,0.7555947324280867,5.96367382119811,2,0,False,42
permABC-SMC,2068738.927738928,131.69303307166467,1774978.0,112.99262237548828,0.5648307965532215,24.446346931061022,33.71912608019443,27.280240011184926,0.8278915240974216,10.008098878823205,0.7555947324280867,5.96367382119811,2,0,False,42
permABC-SMC,2070358.974358974,131.7098482505425,1776368.0,113.00704979896545,0.5648307965532215,24.446346931061022,33.71912608019443,27.280240011184926,0.8278915240974216,10.008098878823205,0.7555947324280867,5.96367382119811,2,0,False,42
permABC-SMC,2071979.0209790207,131.72660229645132,1777758.0,113.02142477035522,0.5648307965532215,24.446346931061022,33.71912608019443,27.280240011184926,0.8278915240974216,10.008098878823205,0.7555947324280867,5.96367382119811,2,0,False,42
permABC-SMC,2068776.7441860465,131.4370166423709,1779148.0,113.03583431243896,0.5648307965532215,24.446346931061022,33.71912608019443,27.280240011184926,0.8278915240974216,10.008098878823205,0.7555947324280867,5.96367382119811,2,0,False,42
permABC-SMC,2070393.023255814,131.45364716995596,1780538.0,113.05013656616211,0.5648307965532215,24.446346931061022,33.71912608019443,27.280240011184926,0.8278915240974216,10.008098878823205,0.7555947324280867,5.96367382119811,2,0,False,42
permABC-SMC,2072009.3023255812,131.47033480710763,1781928.0,113.06448793411255,0.5648307965532215,24.446346931061022,33.71912608019443,27.280240011184926,0.8278915240974216,10.008098878823205,0.7555947324280867,5.96367382119811,2,0,False,42
permABC-SMC,2073625.581395349,131.48697697839071,1783318.0,113.07880020141602,0.5648307965532215,24.446346931061022,33.71912608019443,27.280240011184926,0.8278915240974216,10.008098878823205,0.7555947324280867,5.96367382119811,2,0,False,42
permABC-SMC,2075241.860465116,131.50357590165248,1784708.0,113.09307527542114,0.5648307965532215,24.446346931061022,33.71912608019443,27.280240011184926,0.8278915240974216,10.008098878823205,0.7555947324280867,5.96367382119811,2,0,False,42
permABC-SMC,2076858.1395348837,131.52020532031392,1786098.0,113.10737657546997,0.5648307965532215,24.446346931061022,33.71912608019443,27.280240011184926,0.8278915240974216,10.008098878823205,0.7555947324280867,5.96367382119811,2,0,False,42
permABC-SMC,2078474.418604651,131.53686384822046,1787488.0,113.1217029094696,0.5648307965532215,24.446346931061022,33.71912608019443,27.280240011184926,0.8278915240974216,10.008098878823205,0.7555947324280867,5.96367382119811,2,0,False,42
permABC-SMC,2075264.5011600931,131.2483272530363,1788878.0,113.13605809211731,0.5648307965532215,24.446346931061022,33.71912608019443,27.280240011184926,0.8278915240974216,10.008098878823205,0.7555947324280867,5.96367382119811,2,0,False,42
permABC-SMC,2076877.0301624131,131.26496234238837,1790268.0,113.1503975391388,0.5648307965532215,24.446346931061022,33.71912608019443,27.280240011184926,0.8278915240974216,10.008098878823205,0.7555947324280867,5.96367382119811,2,0,False,42
permABC-SMC,2073678.240740741,130.97770705267234,1791658.0,113.16473889350891,0.5648307965532215,24.446346931061022,33.71912608019443,27.280240011184926,0.8278915240974216,10.008098878823205,0.7555947324280867,5.96367382119811,2,0,False,42
permABC-SMC,2075287.0370370368,130.99436268762307,1793048.0,113.17912936210632,0.5648307965532215,24.446346931061022,33.71912608019443,27.280240011184926,0.8278915240974216,10.008098878823205,0.7555947324280867,5.96367382119811,2,0,False,42
permABC-SMC,2076895.8333333335,131.01100259357028,1794438.0,113.19350624084473,0.5648307965532215,24.446346931061022,33.71912608019443,27.280240011184926,0.8278915240974216,10.008098878823205,0.7555947324280867,5.96367382119811,2,0,False,42
permABC-SMC,2078504.6296296297,131.02763449704204,1795828.0,113.20787620544434,0.5648307965532215,24.446346931061022,33.71912608019443,27.280240011184926,0.8278915240974216,10.008098878823205,0.7555947324280867,5.96367382119811,2,0,False,42
permABC-SMC,2080113.425925926,131.04423383871713,1797218.0,113.22221803665161,0.5648307965532215,24.446346931061022,33.71912608019443,27.280240011184926,0.8278915240974216,10.008098878823205,0.7555947324280867,5.96367382119811,2,0,False,42
permABC-SMC,2081722.2222222222,131.06076998843085,1798608.0,113.23650527000427,0.5648307965532215,24.446346931061022,33.71912608019443,27.280240011184926,0.8278915240974216,10.008098878823205,0.7555947324280867,5.96367382119811,2,0,False,42
permABC-SMC,2083331.0185185187,131.07739140590033,1799998.0,113.25086617469788,0.5648307965532215,24.446346931061022,33.71912608019443,27.280240011184926,0.8278915240974216,10.008098878823205,0.7555947324280867,5.96367382119811,2,0,False,42
permABC-SMC,2084939.8148148148,131.09403351942697,1801388.0,113.26524496078491,0.5648307965532215,24.446346931061022,33.71912608019443,27.280240011184926,0.8278915240974216,10.008098878823205,0.7555947324280867,5.96367382119811,2,0,False,42
permABC-SMC,2086548.6111111112,131.1105939525145,1802778.0,113.27955317497253,0.5648307965532215,24.446346931061022,33.71912608019443,27.280240011184926,0.8278915240974216,10.008098878823205,0.7555947324280867,5.96367382119811,2,0,False,42
permABC-SMC,2088157.4074074074,131.12719191445242,1804168.0,113.29389381408691,0.5648307965532215,24.446346931061022,33.71912608019443,27.280240011184926,0.8278915240974216,10.008098878823205,0.7555947324280867,5.96367382119811,2,0,False,42
permABC-SMC,2089766.2037037038,131.14380201807728,1805558.0,113.30824494361877,0.5648307965532215,24.446346931061022,33.71912608019443,27.280240011184926,0.8278915240974216,10.008098878823205,0.7555947324280867,5.96367382119811,2,0,False,42
permABC-SMC,2091375.0,131.1604800047698,1806948.0,113.3226547241211,0.5648307965532215,24.446346931061022,33.71912608019443,27.280240011184926,0.8278915240974216,10.008098878823205,0.7555947324280867,5.96367382119811,2,0,False,42
permABC-SMC,2092983.7962962962,131.17708928055234,1808338.0,113.33700513839722,0.5648307965532215,24.446346931061022,33.71912608019443,27.280240011184926,0.8278915240974216,10.008098878823205,0.7555947324280867,5.96367382119811,2,0,False,42
permABC-SMC,2094592.5925925926,131.1936624072216,1809728.0,113.35132431983948,0.5648307965532215,24.446346931061022,33.71912608019443,27.280240011184926,0.8278915240974216,10.008098878823205,0.7555947324280867,5.96367382119811,2,0,False,42
permABC-SMC,2096201.3888888888,131.21036219376106,1811118.0,113.36575293540955,0.5648307965532215,24.446346931061022,33.71912608019443,27.280240011184926,0.8278915240974216,10.008098878823205,0.7555947324280867,5.96367382119811,2,0,False,42
permABC-SMC,2097810.185185185,131.22694470264292,1812508.0,113.3800802230835,0.5648307965532215,24.446346931061022,33.71912608019443,27.280240011184926,0.8278915240974216,10.008098878823205,0.7555947324280867,5.96367382119811,2,0,False,42
permABC-SMC,2099418.9814814813,131.24357053527126,1813898.0,113.39444494247437,0.5648307965532215,24.446346931061022,33.71912608019443,27.280240011184926,0.8278915240974216,10.008098878823205,0.7555947324280867,5.96367382119811,2,0,False,42
permABC-SMC,2101027.777777778,131.26020602605962,1815288.0,113.4088180065155,0.5648307965532215,24.446346931061022,33.71912608019443,27.280240011184926,0.8278915240974216,10.008098878823205,0.7555947324280867,5.96367382119811,2,0,False,42
permABC-SMC,2102636.5740740737,131.27683268653024,1816678.0,113.42318344116211,0.5648307965532215,24.446346931061022,33.71912608019443,27.280240011184926,0.8278915240974216,10.008098878823205,0.7555947324280867,5.96367382119811,2,0,False,42
permABC-SMC,2099385.6812933027,130.99024422449548,1818068.0,113.43755149841309,0.5648307965532215,24.446346931061022,33.71912608019443,27.280240011184926,0.8278915240974216,10.008098878823205,0.7555947324280867,5.96367382119811,2,0,False,42
permABC-SMC,2100990.762124711,131.00688396920785,1819458.0,113.45196151733398,0.5648307965532215,24.446346931061022,33.71912608019443,27.280240011184926,0.8278915240974216,10.008098878823205,0.7555947324280867,5.96367382119811,2,0,False,42
permABC-SMC,2102595.84295612,131.0234915026341,1820848.0,113.46634364128113,0.5648307965532215,24.446346931061022,33.71912608019443,27.280240011184926,0.8278915240974216,10.008098878823205,0.7555947324280867,5.96367382119811,2,0,False,42
permABC-SMC,2104200.923787529,131.04012601645385,1822238.0,113.48074913024902,0.5648307965532215,24.446346931061022,33.71912608019443,27.280240011184926,0.8278915240974216,10.008098878823205,0.7555947324280867,5.96367382119811,2,0,False,42
permABC-SMC,2100953.9170506913,130.7548059296498,1823628.0,113.49517154693604,0.5648307965532215,24.446346931061022,33.71912608019443,27.280240011184926,0.8278915240974216,10.008098878823205,0.7555947324280867,5.96367382119811,2,0,False,42
permABC-SMC,2097721.8390804594,130.4707461390002,1825018.0,113.50954914093018,0.5648307965532215,24.446346931061022,33.71912608019443,27.280240011184926,0.8278915240974216,10.008098878823205,0.7555947324280867,5.96367382119811,2,0,False,42
permABC-SMC,2099319.5402298854,130.48732034091293,1826408.0,113.52396869659424,0.5648307965532215,24.446346931061022,33.71912608019443,27.280240011184926,0.8278915240974216,10.008098878823205,0.7555947324280867,5.96367382119811,2,0,False,42
permABC-SMC,2100917.2413793104,130.50387179714508,1827798.0,113.53836846351624,0.5648307965532215,24.446346931061022,33.71912608019443,27.280240011184926,0.8278915240974216,10.008098878823205,0.7555947324280867,5.96367382119811,2,0,False,42
permABC-SMC,2097692.660550459,130.22105136048904,1829188.0,113.55275678634644,0.5648307965532215,24.446346931061022,33.71912608019443,27.280240011184926,0.8278915240974216,10.008098878823205,0.7555947324280867,5.96367382119811,2,0,False,42
permABC-SMC,2099286.6972477064,130.23853274660374,1830578.0,113.56800055503845,0.5648307965532215,24.446346931061022,33.71912608019443,27.280240011184926,0.8278915240974216,10.008098878823205,0.7555947324280867,5.96367382119811,2,0,False,42
permABC-SMC,2100880.733944954,130.2550719418657,1831968.0,113.58242273330688,0.5648307965532215,24.446346931061022,33.71912608019443,27.280240011184926,0.8278915240974216,10.008098878823205,0.7555947324280867,5.96367382119811,2,0,False,42
permABC-SMC,2102474.770642202,130.27151544159705,1833358.0,113.59676146507263,0.5648307965532215,24.446346931061022,33.71912608019443,27.280240011184926,0.8278915240974216,10.008098878823205,0.7555947324280867,5.96367382119811,2,0,False,42
permABC-SMC,2104068.8073394494,130.28804452047436,1834748.0,113.61117482185364,0.5648307965532215,24.446346931061022,33.71912608019443,27.280240011184926,0.8278915240974216,10.008098878823205,0.7555947324280867,5.96367382119811,2,0,False,42
permABC-SMC,2105662.844036697,130.30451372129107,1836138.0,113.62553596496582,0.5648307965532215,24.446346931061022,33.71912608019443,27.280240011184926,0.8278915240974216,10.008098878823205,0.7555947324280867,5.96367382119811,2,0,False,42
permABC-SMC,2107256.880733945,130.32094683122196,1837528.0,113.63986563682556,0.5648307965532215,24.446346931061022,33.71912608019443,27.280240011184926,0.8278915240974216,10.008098878823205,0.7555947324280867,5.96367382119811,2,0,False,42
permABC-SMC,2108850.9174311925,130.3374455609453,1838918.0,113.65425252914429,0.5648307965532215,24.446346931061022,33.71912608019443,27.280240011184926,0.8278915240974216,10.008098878823205,0.7555947324280867,5.96367382119811,2,0,False,42
permABC-SMC,2110444.9541284405,130.3539459311634,1840308.0,113.66864085197449,0.5648307965532215,24.446346931061022,33.71912608019443,27.280240011184926,0.8278915240974216,10.008098878823205,0.7555947324280867,5.96367382119811,2,0,False,42
permABC-SMC,2112038.990825688,130.37036974495703,1841698.0,113.68296241760254,0.5648307965532215,24.446346931061022,33.71912608019443,27.280240011184926,0.8278915240974216,10.008098878823205,0.7555947324280867,5.96367382119811,2,0,False,42
permABC-SMC,2108796.338672769,130.08850362808263,1843088.0,113.69735217094421,0.5648307965532215,24.446346931061022,33.71912608019443,27.280240011184926,0.8278915240974216,10.008098878823205,0.7555947324280867,5.96367382119811,2,0,False,42
permABC-SMC,2105568.493150685,129.80797328905427,1844478.0,113.71178460121155,0.5648307965532215,24.446346931061022,33.71912608019443,27.280240011184926,0.8278915240974216,10.008098878823205,0.7555947324280867,5.96367382119811,2,0,False,42
permABC-SMC,2102355.353075171,129.5286639676279,1845868.0,113.72616696357727,0.5648307965532215,24.446346931061022,33.71912608019443,27.280240011184926,0.8278915240974216,10.008098878823205,0.7555947324280867,5.96367382119811,2,0,False,42
permABC-SMC,2103938.4965831437,129.54501247623244,1847258.0,113.74052095413208,0.5648307965532215,24.446346931061022,33.71912608019443,27.280240011184926,0.8278915240974216,10.008098878823205,0.7555947324280867,5.96367382119811,2,0,False,42
permABC-SMC,2105521.640091116,129.56128549467186,1848648.0,113.7548086643219,0.5648307965532215,24.446346931061022,33.71912608019443,27.280240011184926,0.8278915240974216,10.008098878823205,0.7555947324280867,5.96367382119811,2,0,False,42
permABC-SMC,2107104.783599089,129.57762259828746,1850038.0,113.76915264129639,0.5648307965532215,24.446346931061022,33.71912608019443,27.280240011184926,0.8278915240974216,10.008098878823205,0.7555947324280867,5.96367382119811,2,0,False,42
permABC-SMC,2103895.4545454546,129.29945208809593,1851428.0,113.78351783752441,0.5648307965532215,24.446346931061022,33.71912608019443,27.280240011184926,0.8278915240974216,10.008098878823205,0.7555947324280867,5.96367382119811,2,0,False,42
permABC-SMC,2100700.680272109,129.02273315421036,1852818.0,113.79805064201355,0.5648307965532215,24.446346931061022,33.71912608019443,27.280240011184926,0.8278915240974216,10.008098878823205,0.7555947324280867,5.96367382119811,2,0,False,42
permABC-SMC,2102276.6439909297,129.0391743047978,1854208.0,113.81255173683167,0.5648307965532215,24.446346931061022,33.71912608019443,27.280240011184926,0.8278915240974216,10.008098878823205,0.7555947324280867,5.96367382119811,2,0,False,42
permABC-SMC,2103852.6077097505,129.05542920776506,1855598.0,113.82688856124878,0.5648307965532215,24.446346931061022,33.71912608019443,27.280240011184926,0.8278915240974216,10.008098878823205,0.7555947324280867,5.96367382119811,2,0,False,42
permABC-SMC,2100665.158371041,128.779778113732,1856988.0,113.84132385253906,0.5648307965532215,24.446346931061022,33.71912608019443,27.280240011184926,0.8278915240974216,10.008098878823205,0.7555947324280867,5.96367382119811,2,0,False,42
permABC-SMC,2097492.099322799,128.50544361174778,1858378.0,113.85582304000854,0.5648307965532215,24.446346931061022,33.71912608019443,27.280240011184926,0.8278915240974216,10.008098878823205,0.7555947324280867,5.96367382119811,2,0,False,42
permABC-SMC,2094333.3333333335,128.2322575917115,1859768.0,113.87024474143982,0.5648307965532215,24.446346931061022,33.71912608019443,27.280240011184926,0.8278915240974216,10.008098878823205,0.7555947324280867,5.96367382119811,2,0,False,42
permABC-SMC,2091188.764044944,127.9603470577283,1861158.0,113.88470888137817,0.5648307965532215,24.446346931061022,33.71912608019443,27.280240011184926,0.8278915240974216,10.008098878823205,0.7555947324280867,5.96367382119811,2,0,False,42
permABC-SMC,2092750.5617977527,127.97661122311368,1862548.0,113.89918398857117,0.5648307965532215,24.446346931061022,33.71912608019443,27.280240011184926,0.8278915240974216,10.008098878823205,0.7555947324280867,5.96367382119811,2,0,False,42
permABC-SMC,2094312.3595505618,127.99278243204182,1863938.0,113.91357636451721,0.5648307965532215,24.446346931061022,33.71912608019443,27.280240011184926,0.8278915240974216,10.008098878823205,0.7555947324280867,5.96367382119811,2,0,False,42
permABC-SMC,2095874.1573033708,128.00904311490862,1865328.0,113.92804837226868,0.5648307965532215,24.446346931061022,33.71912608019443,27.280240011184926,0.8278915240974216,10.008098878823205,0.7555947324280867,5.96367382119811,2,0,False,42
permABC-SMC,2097435.95505618,128.0251979827881,1866718.0,113.9424262046814,0.5648307965532215,24.446346931061022,33.71912608019443,27.280240011184926,0.8278915240974216,10.008098878823205,0.7555947324280867,5.96367382119811,2,0,False,42
permABC-SMC,2098997.752808989,128.04158564363973,1868108.0,113.95701122283936,0.5648307965532215,24.446346931061022,33.71912608019443,27.280240011184926,0.8278915240974216,10.008098878823205,0.7555947324280867,5.96367382119811,2,0,False,42
permABC-SMC,2100559.5505617973,128.05798428781918,1869498.0,113.97160601615906,0.5648307965532215,24.446346931061022,33.71912608019443,27.280240011184926,0.8278915240974216,10.008098878823205,0.7555947324280867,5.96367382119811,2,0,False,42
permABC-SMC,2102121.3483146066,128.07416005081004,1870888.0,113.98600244522095,0.5648307965532215,24.446346931061022,33.71912608019443,27.280240011184926,0.8278915240974216,10.008098878823205,0.7555947324280867,5.96367382119811,2,0,False,42
permABC-SMC,2103683.146067416,128.09034679712875,1872278.0,114.00040864944458,0.5648307965532215,24.446346931061022,33.71912608019443,27.280240011184926,0.8278915240974216,10.008098878823205,0.7555947324280867,5.96367382119811,2,0,False,42
permABC-SMC,2105244.9438202246,128.1067968754286,1873668.0,114.01504921913147,0.5648307965532215,24.446346931061022,33.71912608019443,27.280240011184926,0.8278915240974216,10.008098878823205,0.7555947324280867,5.96367382119811,2,0,False,42
permABC-SMC,2106806.741573034,128.12290138073183,1875058.0,114.02938222885132,0.5648307965532215,24.446346931061022,33.71912608019443,27.280240011184926,0.8278915240974216,10.008098878823205,0.7555947324280867,5.96367382119811,2,0,False,42
permABC-SMC,2108368.539325843,128.13897240027953,1876448.0,114.04368543624878,0.5648307965532215,24.446346931061022,33.71912608019443,27.280240011184926,0.8278915240974216,10.008098878823205,0.7555947324280867,5.96367382119811,2,0,False,42
permABC-SMC,2109930.3370786514,128.15496492921636,1877838.0,114.05791878700256,0.5648307965532215,24.446346931061022,33.71912608019443,27.280240011184926,0.8278915240974216,10.008098878823205,0.7555947324280867,5.96367382119811,2,0,False,42
permABC-SMC,2111492.1348314607,128.1710343414478,1879228.0,114.07222056388855,0.5648307965532215,24.446346931061022,33.71912608019443,27.280240011184926,0.8278915240974216,10.008098878823205,0.7555947324280867,5.96367382119811,2,0,False,42
permABC-SMC,2108316.1434977576,127.89972373722917,1880618.0,114.0865535736084,0.5648307965532215,24.446346931061022,33.71912608019443,27.280240011184926,0.8278915240974216,10.008098878823205,0.7555947324280867,5.96367382119811,2,0,False,42
permABC-SMC,2109874.4394618836,127.91572798527945,1882008.0,114.10082936286926,0.5648307965532215,24.446346931061022,33.71912608019443,27.280240011184926,0.8278915240974216,10.008098878823205,0.7555947324280867,5.96367382119811,2,0,False,42
permABC-SMC,2106709.1722595077,127.64560216225235,1883398.0,114.11516833305359,0.5648307965532215,24.446346931061022,33.71912608019443,27.280240011184926,0.8278915240974216,10.008098878823205,0.7555947324280867,5.96367382119811,2,0,False,42
permABC-SMC,2108263.982102908,127.66163914529002,1884788.0,114.12950539588928,0.5648307965532215,24.446346931061022,33.71912608019443,27.280240011184926,0.8278915240974216,10.008098878823205,0.7555947324280867,5.96367382119811,2,0,False,42
permABC-SMC,2109818.7919463087,127.67773106594213,1886178.0,114.14389157295227,0.5648307965532215,24.446346931061022,33.71912608019443,27.280240011184926,0.8278915240974216,10.008098878823205,0.7555947324280867,5.96367382119811,2,0,False,42
permABC-SMC,2111373.601789709,127.69368750937032,1887568.0,114.15815663337708,0.5648307965532215,24.446346931061022,33.71912608019443,27.280240011184926,0.8278915240974216,10.008098878823205,0.7555947324280867,5.96367382119811,2,0,False,42
permABC-SMC,2112928.4116331097,127.70966608785675,1888958.0,114.17244148254395,0.5648307965532215,24.446346931061022,33.71912608019443,27.280240011184926,0.8278915240974216,10.008098878823205,0.7555947324280867,5.96367382119811,2,0,False,42
permABC-SMC,2114483.22147651,127.72562279797239,1890348.0,114.18670678138733,0.5648307965532215,24.446346931061022,33.71912608019443,27.280240011184926,0.8278915240974216,10.008098878823205,0.7555947324280867,5.96367382119811,2,0,False,42
permABC-SMC,2116038.0313199107,127.74166111444735,1891738.0,114.20104503631592,0.5648307965532215,24.446346931061022,33.71912608019443,27.280240011184926,0.8278915240974216,10.008098878823205,0.7555947324280867,5.96367382119811,2,0,False,42
permABC-SMC,2117592.8411633107,127.75775356847436,1893128.0,114.21543169021606,0.5648307965532215,24.446346931061022,33.71912608019443,27.280240011184926,0.8278915240974216,10.008098878823205,0.7555947324280867,5.96367382119811,2,0,False,42
permABC-SMC,2119147.651006711,127.77370014446693,1894518.0,114.22968792915344,0.5648307965532215,24.446346931061022,33.71912608019443,27.280240011184926,0.8278915240974216,10.008098878823205,0.7555947324280867,5.96367382119811,2,0,False,42
permABC-SMC,2120702.460850112,127.78967552270399,1895908.0,114.24396991729736,0.5648307965532215,24.446346931061022,33.71912608019443,27.280240011184926,0.8278915240974216,10.008098878823205,0.7555947324280867,5.96367382119811,2,0,False,42
permABC-SMC,2122257.2706935126,127.80562956594513,1897298.0,114.25823283195496,0.5648307965532215,24.446346931061022,33.71912608019443,27.280240011184926,0.8278915240974216,10.008098878823205,0.7555947324280867,5.96367382119811,2,0,False,42
permABC-SMC,2123812.0805369127,127.82159641018384,1898688.0,114.27250719070435,0.5648307965532215,24.446346931061022,33.71912608019443,27.280240011184926,0.8278915240974216,10.008098878823205,0.7555947324280867,5.96367382119811,2,0,False,42
permABC-SMC,2125366.890380313,127.83760245747747,1900078.0,114.28681659698486,0.5648307965532215,24.446346931061022,33.71912608019443,27.280240011184926,0.8278915240974216,10.008098878823205,0.7555947324280867,5.96367382119811,2,0,False,42
permABC-SMC,2126921.7002237136,127.85365704188678,1901468.0,114.30116939544678,0.5648307965532215,24.446346931061022,33.71912608019443,27.280240011184926,0.8278915240974216,10.008098878823205,0.7555947324280867,5.96367382119811,2,0,False,42
permABC-SMC,2123725.4464285714,127.58435841117586,1902858.0,114.31558513641357,0.5648307965532215,24.446346931061022,33.71912608019443,27.280240011184926,0.8278915240974216,10.008098878823205,0.7555947324280867,5.96367382119811,2,0,False,42
permABC-SMC,2125276.785714286,127.60029200996672,1904248.0,114.32986164093018,0.5648307965532215,24.446346931061022,33.71912608019443,27.280240011184926,0.8278915240974216,10.008098878823205,0.7555947324280867,5.96367382119811,2,0,False,42
permABC-SMC,2126828.125,127.6163953755583,1905638.0,114.34429025650024,0.5648307965532215,24.446346931061022,33.71912608019443,27.280240011184926,0.8278915240974216,10.008098878823205,0.7555947324280867,5.96367382119811,2,0,False,42
permABC-SMC,2123639.1982182628,127.3482475089602,1907028.0,114.35872626304626,0.5648307965532215,24.446346931061022,33.71912608019443,27.280240011184926,0.8278915240974216,10.008098878823205,0.7555947324280867,5.96367382119811,2,0,False,42
permABC-SMC,2125187.0824053455,127.3642223502586,1908418.0,114.37307167053223,0.5648307965532215,24.446346931061022,33.71912608019443,27.280240011184926,0.8278915240974216,10.008098878823205,0.7555947324280867,5.96367382119811,2,0,False,42
permABC-SMC,2126734.9665924273,127.38017064160387,1909808.0,114.38739323616028,0.5648307965532215,24.446346931061022,33.71912608019443,27.280240011184926,0.8278915240974216,10.008098878823205,0.7555947324280867,5.96367382119811,2,0,False,42
permABC-SMC,2128282.85077951,127.39620203430243,1911198.0,114.40178942680359,0.5648307965532215,24.446346931061022,33.71912608019443,27.280240011184926,0.8278915240974216,10.008098878823205,0.7555947324280867,5.96367382119811,2,0,False,42
permABC-SMC,2129830.7349665924,127.41219492956895,1912588.0,114.41615104675293,0.5648307965532215,24.446346931061022,33.71912608019443,27.280240011184926,0.8278915240974216,10.008098878823205,0.7555947324280867,5.96367382119811,2,0,False,42
permABC-SMC,2131378.6191536747,127.42824012824316,1913978.0,114.43055963516235,0.5648307965532215,24.446346931061022,33.71912608019443,27.280240011184926,0.8278915240974216,10.008098878823205,0.7555947324280867,5.96367382119811,2,0,False,42
permABC-SMC,2128186.6666666665,127.16095156139798,1915368.0,114.44485640525818,0.5648307965532215,24.446346931061022,33.71912608019443,27.280240011184926,0.8278915240974216,10.008098878823205,0.7555947324280867,5.96367382119811,2,0,False,42
permABC-SMC,2129731.111111111,127.17691553963556,1916758.0,114.459223985672,0.5648307965532215,24.446346931061022,33.71912608019443,27.280240011184926,0.8278915240974216,10.008098878823205,0.7555947324280867,5.96367382119811,2,0,False,42
permABC-SMC,2131275.5555555555,127.19285911983913,1918148.0,114.47357320785522,0.5648307965532215,24.446346931061022,33.71912608019443,27.280240011184926,0.8278915240974216,10.008098878823205,0.7555947324280867,5.96367382119811,2,0,False,42
permABC-SMC,2132820.0,127.20880084567598,1919538.0,114.4879207611084,0.5648307965532215,24.446346931061022,33.71912608019443,27.280240011184926,0.8278915240974216,10.008098878823205,0.7555947324280867,5.96367382119811,2,0,False,42
permABC-SMC,2134364.4444444445,127.22474283642238,1920928.0,114.50226855278015,0.5648307965532215,24.446346931061022,33.71912608019443,27.280240011184926,0.8278915240974216,10.008098878823205,0.7555947324280867,5.96367382119811,2,0,False,42
permABC-SMC,2131172.949002217,126.95850395574804,1922318.0,114.51657056808472,0.5648307965532215,24.446346931061022,33.71912608019443,27.280240011184926,0.8278915240974216,10.008098878823205,0.7555947324280867,5.96367382119811,2,0,False,42
permABC-SMC,2132713.968957871,126.97431940725795,1923708.0,114.53083610534668,0.5648307965532215,24.446346931061022,33.71912608019443,27.280240011184926,0.8278915240974216,10.008098878823205,0.7555947324280867,5.96367382119811,2,0,False,42
permABC-SMC,2129533.185840708,126.70934912377754,1925098.0,114.5452516078949,0.5648307965532215,24.446346931061022,33.71912608019443,27.280240011184926,0.8278915240974216,10.008098878823205,0.7555947324280867,5.96367382119811,2,0,False,42
permABC-SMC,2131070.796460177,126.72512088201742,1926488.0,114.55950927734375,0.5648307965532215,24.446346931061022,33.71912608019443,27.280240011184926,0.8278915240974216,10.008098878823205,0.7555947324280867,5.96367382119811,2,0,False,42
permABC-SMC,2132608.407079646,126.74100103631483,1927878.0,114.57386493682861,0.5648307965532215,24.446346931061022,33.71912608019443,27.280240011184926,0.8278915240974216,10.008098878823205,0.7555947324280867,5.96367382119811,2,0,False,42
permABC-SMC,2134146.017699115,126.75697745475095,1929268.0,114.58830761909485,0.5648307965532215,24.446346931061022,33.71912608019443,27.280240011184926,0.8278915240974216,10.008098878823205,0.7555947324280867,5.96367382119811,2,0,False,42
permABC-SMC,2126275.3303964757,126.21439527309938,1930658.0,114.60267090797424,0.5648307965532215,24.446346931061022,33.71912608019443,27.280240011184926,0.8278915240974216,10.008098878823205,0.7555947324280867,5.96367382119811,2,0,False,42
permABC-SMC,2127806.1674008807,126.2301936548712,1932048.0,114.61701583862305,0.5648307965532215,24.446346931061022,33.71912608019443,27.280240011184926,0.8278915240974216,10.008098878823205,0.7555947324280867,5.96367382119811,2,0,False,42
permABC-SMC,2129337.004405286,126.24601435556285,1933438.0,114.63138103485107,0.5648307965532215,24.446346931061022,33.71912608019443,27.280240011184926,0.8278915240974216,10.008098878823205,0.7555947324280867,5.96367382119811,2,0,False,42
permABC-SMC,2130867.8414096916,126.26179461962325,1934828.0,114.64570951461792,0.5648307965532215,24.446346931061022,33.71912608019443,27.280240011184926,0.8278915240974216,10.008098878823205,0.7555947324280867,5.96367382119811,2,0,False,42
permABC-SMC,2127712.087912088,126.00007764585725,1936218.0,114.6600706577301,0.5648307965532215,24.446346931061022,33.71912608019443,27.280240011184926,0.8278915240974216,10.008098878823205,0.7555947324280867,5.96367382119811,2,0,False,42
permABC-SMC,2129239.5604395606,126.01581196208578,1937608.0,114.67438888549805,0.5648307965532215,24.446346931061022,33.71912608019443,27.280240011184926,0.8278915240974216,10.008098878823205,0.7555947324280867,5.96367382119811,2,0,False,42
permABC-SMC,2126094.298245614,125.75517673241465,1938998.0,114.68872117996216,0.5648307965532215,24.446346931061022,33.71912608019443,27.280240011184926,0.8278915240974216,10.008098878823205,0.7555947324280867,5.96367382119811,2,0,False,42
permABC-SMC,2127618.4210526315,125.77090320879952,1940388.0,114.70306372642517,0.5648307965532215,24.446346931061022,33.71912608019443,27.280240011184926,0.8278915240974216,10.008098878823205,0.7555947324280867,5.96367382119811,2,0,False,42
permABC-SMC,2129142.5438596494,125.78693868821128,1941778.0,114.71768808364868,0.5648307965532215,24.446346931061022,33.71912608019443,27.280240011184926,0.8278915240974216,10.008098878823205,0.7555947324280867,5.96367382119811,2,0,False,42
permABC-SMC,2130666.6666666665,125.80278358961405,1943168.0,114.73213863372803,0.5648307965532215,24.446346931061022,33.71912608019443,27.280240011184926,0.8278915240974216,10.008098878823205,0.7555947324280867,5.96367382119811,2,0,False,42
permABC-SMC,2132190.789473684,125.81845516698404,1944558.0,114.74643111228943,0.5648307965532215,24.446346931061022,33.71912608019443,27.280240011184926,0.8278915240974216,10.008098878823205,0.7555947324280867,5.96367382119811,2,0,False,42
permABC-SMC,2133714.912280702,125.83413746273308,1945948.0,114.76073336601257,0.5648307965532215,24.446346931061022,33.71912608019443,27.280240011184926,0.8278915240974216,10.008098878823205,0.7555947324280867,5.96367382119811,2,0,False,42
permABC-SMC,2135239.0350877196,125.84989949276573,1947338.0,114.77510833740234,0.5648307965532215,24.446346931061022,33.71912608019443,27.280240011184926,0.8278915240974216,10.008098878823205,0.7555947324280867,5.96367382119811,2,0,False,42
permABC-SMC,2136763.1578947366,125.86561760358644,1948728.0,114.78944325447083,0.5648307965532215,24.446346931061022,33.71912608019443,27.280240011184926,0.8278915240974216,10.008098878823205,0.7555947324280867,5.96367382119811,2,0,False,42
permABC-SMC,2138287.280701754,125.8819356822131,1950118.0,114.80432534217834,0.5648307965532215,24.446346931061022,33.71912608019443,27.280240011184926,0.8278915240974216,10.008098878823205,0.7555947324280867,5.96367382119811,2,0,False,42
permABC-SMC,2139811.403508772,125.89769797366962,1951508.0,114.8187005519867,0.5648307965532215,24.446346931061022,33.71912608019443,27.280240011184926,0.8278915240974216,10.008098878823205,0.7555947324280867,5.96367382119811,2,0,False,42
permABC-SMC,2141335.5263157897,125.91344928532317,1952898.0,114.83306574821472,0.5648307965532215,24.446346931061022,33.71912608019443,27.280240011184926,0.8278915240974216,10.008098878823205,0.7555947324280867,5.96367382119811,2,0,False,42
permABC-SMC,2142859.649122807,125.92920896254087,1954288.0,114.84743857383728,0.5648307965532215,24.446346931061022,33.71912608019443,27.280240011184926,0.8278915240974216,10.008098878823205,0.7555947324280867,5.96367382119811,2,0,False,42
permABC-SMC,2144383.7719298243,125.94483557500338,1955678.0,114.86169004440308,0.5648307965532215,24.446346931061022,33.71912608019443,27.280240011184926,0.8278915240974216,10.008098878823205,0.7555947324280867,5.96367382119811,2,0,False,42
permABC-SMC,2145907.8947368423,125.96059316083006,1957068.0,114.876060962677,0.5648307965532215,24.446346931061022,33.71912608019443,27.280240011184926,0.8278915240974216,10.008098878823205,0.7555947324280867,5.96367382119811,2,0,False,42
permABC-SMC,2147432.01754386,125.97630813456418,1958458.0,114.89039301872253,0.5648307965532215,24.446346931061022,33.71912608019443,27.280240011184926,0.8278915240974216,10.008098878823205,0.7555947324280867,5.96367382119811,2,0,False,42
permABC-SMC,2148956.1403508773,125.99215016030429,1959848.0,114.90484094619751,0.5648307965532215,24.446346931061022,33.71912608019443,27.280240011184926,0.8278915240974216,10.008098878823205,0.7555947324280867,5.96367382119811,2,0,False,42
permABC-SMC,2145774.617067834,125.73220302030869,1961238.0,114.91923356056213,0.5648307965532215,24.446346931061022,33.71912608019443,27.280240011184926,0.8278915240974216,10.008098878823205,0.7555947324280867,5.96367382119811,2,0,False,42
permABC-SMC,2147295.4048140044,125.74794908060285,1962628.0,114.93362545967102,0.5648307965532215,24.446346931061022,33.71912608019443,27.280240011184926,0.8278915240974216,10.008098878823205,0.7555947324280867,5.96367382119811,2,0,False,42
permABC-SMC,2148816.192560175,125.76360462530958,1964018.0,114.94793462753296,0.5648307965532215,24.446346931061022,33.71912608019443,27.280240011184926,0.8278915240974216,10.008098878823205,0.7555947324280867,5.96367382119811,2,0,False,42
permABC-SMC,2150336.9803063455,125.77931286208738,1965408.0,114.96229195594788,0.5648307965532215,24.446346931061022,33.71912608019443,27.280240011184926,0.8278915240974216,10.008098878823205,0.7555947324280867,5.96367382119811,2,0,False,42
permABC-SMC,2147159.3886462883,125.52036104243916,1966798.0,114.97665071487427,0.5648307965532215,24.446346931061022,33.71912608019443,27.280240011184926,0.8278915240974216,10.008098878823205,0.7555947324280867,5.96367382119811,2,0,False,42
permABC-SMC,2139334.782608696,124.99030724815701,1968188.0,114.99108266830444,0.5648307965532215,24.446346931061022,33.71912608019443,27.280240011184926,0.8278915240974216,10.008098878823205,0.7555947324280867,5.96367382119811,2,0,False,42
permABC-SMC,2140845.652173913,125.00587935033053,1969578.0,115.00540900230408,0.5648307965532215,24.446346931061022,33.71912608019443,27.280240011184926,0.8278915240974216,10.008098878823205,0.7555947324280867,5.96367382119811,2,0,False,42
permABC-SMC,2142356.5217391304,125.02142165018165,1970968.0,115.01970791816711,0.5648307965532215,24.446346931061022,33.71912608019443,27.280240011184926,0.8278915240974216,10.008098878823205,0.7555947324280867,5.96367382119811,2,0,False,42
permABC-SMC,2143867.3913043477,125.03704376842664,1972358.0,115.03408026695251,0.5648307965532215,24.446346931061022,33.71912608019443,27.280240011184926,0.8278915240974216,10.008098878823205,0.7555947324280867,5.96367382119811,2,0,False,42
permABC-SMC,2145378.260869565,125.05259539770044,1973748.0,115.0483877658844,0.5648307965532215,24.446346931061022,33.71912608019443,27.280240011184926,0.8278915240974216,10.008098878823205,0.7555947324280867,5.96367382119811,2,0,False,42
permABC-SMC,2142232.104121475,124.79688314450279,1975138.0,115.06272625923157,0.5648307965532215,24.446346931061022,33.71912608019443,27.280240011184926,0.8278915240974216,10.008098878823205,0.7555947324280867,5.96367382119811,2,0,False,42
permABC-SMC,2143739.696312364,124.81237156013604,1976528.0,115.07700657844543,0.5648307965532215,24.446346931061022,33.71912608019443,27.280240011184926,0.8278915240974216,10.008098878823205,0.7555947324280867,5.96367382119811,2,0,False,42
permABC-SMC,2145247.288503254,124.82787678402055,1977918.0,115.09130239486694,0.5648307965532215,24.446346931061022,33.71912608019443,27.280240011184926,0.8278915240974216,10.008098878823205,0.7555947324280867,5.96367382119811,2,0,False,42
permABC-SMC,2146754.880694143,124.8434466550252,1979308.0,115.10565781593323,0.5648307965532215,24.446346931061022,33.71912608019443,27.280240011184926,0.8278915240974216,10.008098878823205,0.7555947324280867,5.96367382119811,2,0,False,42
permABC-SMC,2148262.472885032,124.85896273962588,1980698.0,115.11996364593506,0.5648307965532215,24.446346931061022,33.71912608019443,27.280240011184926,0.8278915240974216,10.008098878823205,0.7555947324280867,5.96367382119811,2,0,False,42
permABC-SMC,2149770.065075922,124.87450106283589,1982088.0,115.13428997993469,0.5648307965532215,24.446346931061022,33.71912608019443,27.280240011184926,0.8278915240974216,10.008098878823205,0.7555947324280867,5.96367382119811,2,0,False,42
permABC-SMC,2151277.6572668115,124.89003162839148,1983478.0,115.14860916137695,0.5648307965532215,24.446346931061022,33.71912608019443,27.280240011184926,0.8278915240974216,10.008098878823205,0.7555947324280867,5.96367382119811,2,0,False,42
permABC-SMC,2152785.2494577006,124.90555547064659,1984868.0,115.16292214393616,0.5648307965532215,24.446346931061022,33.71912608019443,27.280240011184926,0.8278915240974216,10.008098878823205,0.7555947324280867,5.96367382119811,2,0,False,42
permABC-SMC,2149629.8701298703,124.65090952910386,1986258.0,115.17744040489197,0.5648307965532215,24.446346931061022,33.71912608019443,27.280240011184926,0.8278915240974216,10.008098878823205,0.7555947324280867,5.96367382119811,2,0,False,42
permABC-SMC,2151134.1991341994,124.66670269573922,1987648.0,115.19203329086304,0.5648307965532215,24.446346931061022,33.71912608019443,27.280240011184926,0.8278915240974216,10.008098878823205,0.7555947324280867,5.96367382119811,2,0,False,42
permABC-SMC,2152638.528138528,124.68224015586819,1989038.0,115.20638990402222,0.5648307965532215,24.446346931061022,33.71912608019443,27.280240011184926,0.8278915240974216,10.008098878823205,0.7555947324280867,5.96367382119811,2,0,False,42
permABC-SMC,2149490.2807775377,124.42841153937849,1990428.0,115.22070908546448,0.5648307965532215,24.446346931061022,33.71912608019443,27.280240011184926,0.8278915240974216,10.008098878823205,0.7555947324280867,5.96367382119811,2,0,False,42
permABC-SMC,2150991.3606911446,124.44393784129593,1991818.0,115.23508644104004,0.5648307965532215,24.446346931061022,33.71912608019443,27.280240011184926,0.8278915240974216,10.008098878823205,0.7555947324280867,5.96367382119811,2,0,False,42
permABC-SMC,2152492.4406047515,124.45951949957895,1993208.0,115.24951505661011,0.5648307965532215,24.446346931061022,33.71912608019443,27.280240011184926,0.8278915240974216,10.008098878823205,0.7555947324280867,5.96367382119811,2,0,False,42
permABC-SMC,2153993.5205183583,124.47517762688787,1994598.0,115.26401448249817,0.5648307965532215,24.446346931061022,33.71912608019443,27.280240011184926,0.8278915240974216,10.008098878823205,0.7555947324280867,5.96367382119811,2,0,False,42
permABC-SMC,2155494.600431965,124.49065449428352,1995988.0,115.27834606170654,0.5648307965532215,24.446346931061022,33.71912608019443,27.280240011184926,0.8278915240974216,10.008098878823205,0.7555947324280867,5.96367382119811,2,0,False,42
permABC-SMC,2156995.6803455725,124.50611462603378,1997378.0,115.29266214370728,0.5648307965532215,24.446346931061022,33.71912608019443,27.280240011184926,0.8278915240974216,10.008098878823205,0.7555947324280867,5.96367382119811,2,0,False,42
permABC-SMC,2153844.827586207,124.25334340539472,1998768.0,115.3071026802063,0.5648307965532215,24.446346931061022,33.71912608019443,27.280240011184926,0.8278915240974216,10.008098878823205,0.7555947324280867,5.96367382119811,2,0,False,42
permABC-SMC,2150707.5268817204,124.0018460058397,2000158.0,115.32171678543091,0.5648307965532215,24.446346931061022,33.71912608019443,27.280240011184926,0.8278915240974216,10.008098878823205,0.7555947324280867,5.96367382119811,2,0,False,42
permABC-SMC,2366617.0212765955,136.33615581701832,2002158.0,115.34038782119751,0.5648307965532215,24.452682212021347,33.69714930678535,27.28024001118608,0.8317108525528464,10.009338026762714,0.7561898955042607,5.964596442014152,2,0,False,42
